run,mode,inject,inject_offset_ms,publish_delay_ms,injection_window,gateway_released,gate_blocked,stale_publish,potential_stale_publish,post_release_invalidation,injection_version,check_version,version_order,stale_exact,stale_in_open_interval,position_vs_middleware,residual_lo_ms,residual_hi_ms,t_middleware_ms,store_io_lo_ms,store_io_hi_ms,injection_store_lo_ms,injection_store_hi_ms,commit_status,commit_age_ms,outcome,reason,validation_to_gate_ms,validation_to_publish_ms,recheck_to_publish_ms,t_validate_end_ms,t_injection_start_ms,t_injection_end_ms,t_recheck_start_ms,t_recheck_end_ms,t_publish_end_ms
0,xair_atomic,1,0.0,50.0,before_recheck,0,1,0,0,0,2243,2243,before_check,0,0,,,,,58.96326107904315,63.69451014325023,10.04526112228632,10.995935183018446,changed,65.787109375,REVOKE,read_set_version_changed_at_commit,59.733106289058924,,,5.117763765156269,5.221269093453884,15.5751989223063,55.42333796620369,64.85087005421519,
1,xair_atomic,1,0.0,50.0,before_recheck,0,1,0,0,0,2245,2245,before_check,0,0,,,,,57.69378878176212,59.03373286128044,9.681177791208029,10.576918721199036,changed,61.87890625,REVOKE,read_set_version_changed_at_commit,54.900757037103176,,,4.852716811001301,4.945690743625164,15.450263861566782,55.101343896239996,59.75347384810448,
2,xair_atomic,1,0.0,50.0,before_recheck,0,1,0,0,0,2247,2247,before_check,0,0,,,,,58.605949860066175,59.853732120245695,9.918203111737967,11.13111898303032,changed,62.291015625,REVOKE,read_set_version_changed_at_commit,58.244050946086645,,,4.8643178306519985,4.950930830091238,16.07260201126337,55.07101584225893,63.108368776738644,
3,xair_atomic,1,0.0,50.0,before_recheck,0,1,0,0,0,2249,2249,before_check,0,0,,,,,58.239663019776344,59.545252937823534,10.637592058628798,11.693533975630999,changed,61.9580078125,REVOKE,read_set_version_changed_at_commit,55.142650846391916,,,5.365148186683655,5.470214877277613,17.102513927966356,55.636858101934195,60.50779903307557,
4,xair_atomic,1,0.0,50.0,before_recheck,0,1,0,0,0,2251,2251,before_check,0,0,,,,,57.86195443943143,59.350437950342894,9.454702958464622,10.578071232885122,changed,61.625,REVOKE,read_set_version_changed_at_commit,55.60405692085624,,,4.739624913781881,4.976860247552395,15.667662024497986,55.319612845778465,60.34368183463812,
5,xair_atomic,1,0.0,50.0,before_recheck,0,1,0,0,0,2253,2253,before_check,0,0,,,,,58.22999542579055,59.63431019335985,9.955632966011763,11.357303243130445,changed,61.527099609375,REVOKE,read_set_version_changed_at_commit,55.18636293709278,,,5.2864812314510345,5.3937723860144615,16.41950337216258,55.57602411136031,60.472844168543816,
6,xair_atomic,1,0.0,50.0,before_recheck,0,1,0,0,0,2255,2255,before_check,0,0,,,,,58.201470877975225,59.680316131561995,9.93371196091175,11.142449919134378,changed,61.446044921875,REVOKE,read_set_version_changed_at_commit,55.58412941172719,,,5.000914912670851,5.215778015553951,16.305419150739908,55.5076259188354,60.58504432439804,
7,xair_atomic,0,,50.0,control,1,0,0,0,0,,2256,control,0,0,,0.9785760194063187,2.144042868167162,59.37730800360441,57.23326513543725,58.39873198419809,,,committed,60.256103515625,EXECUTE,authorization_committed,54.70386706292629,54.72483718767762,0.020970124751329422,4.666528198868036,,,54.742771200835705,59.37039526179433,59.39136538654566
8,xair_atomic,0,,50.0,control,1,0,0,0,0,,2257,control,0,0,,0.899236649274826,2.360949758440256,59.62838884443045,57.26743908599019,58.72915219515562,,,committed,61.26904296875,EXECUTE,authorization_committed,54.94325701147318,54.97433478012681,0.03107776865363121,4.6738311648368835,,,54.75512379780412,59.61708817631006,59.648165944963694
9,xair_atomic,0,,50.0,control,1,0,0,0,0,,2258,control,0,0,,0.8030771277844906,2.155024092644453,59.03016636148095,56.8751422688365,58.22708923369646,,,committed,60.251953125,EXECUTE,authorization_committed,54.59348997101188,54.612064734101295,0.01857476308941841,4.432779271155596,,,54.50702831149101,59.02626924216747,59.04484400525689
10,xair_atomic,0,,50.0,control,1,0,0,0,0,,2259,control,0,0,,1.1254921555519104,2.7684462256729603,60.74196891859174,57.97352269291878,59.61647676303983,,,committed,61.493896484375,EXECUTE,authorization_committed,55.860558059066534,55.87947415187955,0.018916092813014984,4.877382889389992,,,54.950449615716934,60.737940948456526,60.75685704126954
11,xair_atomic,1,0.0,50.0,before_recheck,0,1,0,0,0,2261,2261,before_check,0,0,,,,,57.87259433418512,59.49574010446668,10.337288957089186,11.311387177556753,changed,61.570068359375,REVOKE,read_set_version_changed_at_commit,55.54371327161789,,,4.856443963944912,5.01331826671958,16.133256256580353,55.19449897110462,60.4001572355628,
12,xair_atomic,1,0.0,50.0,before_recheck,0,1,0,0,0,2263,2263,before_check,0,0,,,,,57.35508305951953,58.71147941797972,8.74373922124505,9.940645191818476,changed,61.617919921875,REVOKE,read_set_version_changed_at_commit,55.07215764373541,,,4.396882373839617,4.521826282143593,14.371199067682028,54.695142433047295,59.469040017575026,
13,xair_atomic,1,0.0,50.0,before_recheck,0,1,0,0,0,2265,2265,before_check,0,0,,,,,57.94260464608669,59.34084905311465,9.864862076938152,10.993159841746092,changed,61.1689453125,REVOKE,read_set_version_changed_at_commit,55.601262021809816,,,4.663360770791769,4.885587841272354,15.873497817665339,55.27980765327811,60.264622792601585,
14,xair_atomic,0,,50.0,control,1,0,0,0,0,,2266,control,0,0,,0.7988489232957363,2.1168324165046215,59.065833222121,56.94900080561638,58.266984298825264,,,committed,60.070068359375,EXECUTE,authorization_committed,54.93908887729049,54.95447805151343,0.015389174222946167,4.1242302395403385,,,54.20030327513814,59.063319116830826,59.07870829105377
15,xair_atomic,1,0.0,50.0,before_recheck,0,1,0,0,0,2268,2268,before_check,0,0,,,,,57.0328482426703,58.32839012145996,8.936120197176933,10.19313931465149,changed,60.741943359375,REVOKE,read_set_version_changed_at_commit,54.831086192280054,,,4.286745097488165,4.427850246429443,14.868052210658789,54.58735907450318,59.11783128976822,
16,xair_atomic,1,0.0,50.0,before_recheck,0,1,0,0,0,2270,2270,before_check,0,0,,,,,57.326037902384996,58.63111699000001,9.708468802273273,10.751496069133282,changed,60.180908203125,REVOKE,read_set_version_changed_at_commit,54.98779006302357,,,4.58183791488409,4.714006092399359,15.676869079470634,54.875880014151335,59.56962797790766,
17,xair_atomic,1,0.0,50.0,before_recheck,0,1,0,0,0,2272,2272,before_check,0,0,,,,,57.12340772151947,57.883734814822674,9.336260613054037,10.703736916184425,changed,60.31201171875,REVOKE,read_set_version_changed_at_commit,54.60256803780794,,,4.398894961923361,4.5196120627224445,15.354754868894815,54.69901906326413,59.0014629997313,
18,xair_atomic,1,0.0,50.0,before_recheck,0,1,0,0,0,2274,2274,before_check,0,0,,,,,56.72694416716695,58.04564896970987,8.809521794319153,9.80684394016862,changed,60.3779296875,REVOKE,read_set_version_changed_at_commit,54.70463912934065,,,4.322651773691177,4.437076859176159,15.130705200135708,54.593310225754976,59.027290903031826,
19,xair_atomic,1,0.0,50.0,before_recheck,0,1,0,0,0,2276,2276,before_check,0,0,,,,,57.320659048855305,58.38354304432869,9.620224125683308,10.666987858712673,changed,59.860107421875,REVOKE,read_set_version_changed_at_commit,54.5369740575552,,,4.585485905408859,4.719326738268137,15.301013831049204,54.88199181854725,59.12245996296406,
20,xair_atomic,0,,50.0,control,1,0,0,0,0,,2277,control,0,0,,0.9158188477158546,2.221448812633753,59.65011985972524,57.428671047091484,58.73430101200938,,,committed,60.971923828125,EXECUTE,authorization_committed,54.8071819357574,54.82618696987629,0.019005034118890762,4.838218912482262,,,54.91395201534033,59.64540084823966,59.66440588235855
21,xair_atomic,1,0.0,50.0,before_recheck,0,1,0,0,0,2279,2279,before_check,0,0,,,,,57.64234205707908,58.7354633025825,9.342112112790346,10.226672049611807,changed,61.197021484375,REVOKE,read_set_version_changed_at_commit,54.83880080282688,,,4.802873358130455,4.9497089348733425,15.399890020489693,55.12208305299282,59.641674160957336,
22,xair_atomic,1,0.0,50.0,before_recheck,0,1,0,0,0,2281,2281,before_check,0,0,,,,,57.99025483429432,59.44462399929762,9.268402587622404,10.27680467814207,changed,61.68505859375,REVOKE,read_set_version_changed_at_commit,55.813119281083345,,,4.602656699717045,4.7331517562270164,15.192108694463968,55.05884299054742,60.41577598080039,
23,xair_atomic,0,,50.0,control,1,0,0,0,0,,2282,control,0,0,,1.1120066046714783,2.553501632064581,60.54709292948246,57.99359129741788,59.43508632481098,,,committed,61.574951171875,EXECUTE,authorization_committed,55.98421115428209,56.01136200129986,0.027150847017765045,4.556260071694851,,,54.655046202242374,60.540471225976944,60.56762207299471
24,xair_atomic,1,0.0,50.0,before_recheck,0,1,0,0,0,2284,2284,before_check,0,0,,,,,57.69457994028926,59.13915112614632,10.093873366713524,11.207422241568565,changed,61.2529296875,REVOKE,read_set_version_changed_at_commit,55.48628605902195,,,4.6061743050813675,4.84235817566514,16.394687350839376,55.23684807121754,60.09246036410332,
25,xair_atomic,1,0.0,50.0,before_recheck,0,1,0,0,0,2286,2286,before_check,0,0,,,,,57.57946381345391,58.946048840880394,9.241463150829077,10.6162428855896,changed,61.010009765625,REVOKE,read_set_version_changed_at_commit,55.50335766747594,,,4.509753081947565,4.634927958250046,15.083645936101675,54.81113912537694,60.013110749423504,
26,xair_atomic,1,0.0,50.0,before_recheck,0,1,0,0,0,2288,2288,before_check,0,0,,,,,57.019994128495455,58.52711200714111,9.152054786682129,10.443699080497026,changed,60.3369140625,REVOKE,read_set_version_changed_at_commit,55.325192864984274,,,4.1037811897695065,4.221431910991669,15.572092030197382,54.391241166740656,59.42897405475378,
27,xair_atomic,1,0.0,50.0,before_recheck,0,1,0,0,0,2290,2290,before_check,0,0,,,,,57.78307607397437,58.941468596458435,9.304450824856758,10.344692971557379,changed,61.3779296875,REVOKE,read_set_version_changed_at_commit,55.28047913685441,,,4.538987763226032,4.703075625002384,14.93410486727953,54.94644166901708,59.81946690008044,
28,xair_atomic,0,,50.0,control,1,0,0,0,0,,2291,control,0,0,,1.0403930209577084,2.6774248108267784,59.4333428889513,56.75591807812452,58.39294986799359,,,committed,60.509033203125,EXECUTE,authorization_committed,54.94087189435959,54.9598578363657,0.018985942006111145,4.489425104111433,,,54.56455610692501,59.43029699847102,59.44928294047713
29,xair_atomic,1,0.0,50.0,before_recheck,0,1,0,0,0,2293,2293,before_check,0,0,,,,,57.81537713482976,59.23316814005375,9.741330984979868,11.227359995245934,changed,61.23388671875,REVOKE,read_set_version_changed_at_commit,55.376880802214146,,,4.7607640735805035,4.9659800715744495,16.100645065307617,55.2620948292315,60.13764487579465,
30,xair_atomic,1,0.0,50.0,before_recheck,0,1,0,0,0,2295,2295,before_check,0,0,,,,,58.25260700657964,61.14543601870537,11.830410920083523,12.804318685084581,changed,62.080078125,REVOKE,read_set_version_changed_at_commit,56.95260688662529,,,5.021743942052126,5.17686503008008,17.953090835362673,55.39543507620692,61.974350828677416,
31,xair_atomic,1,0.0,50.0,before_recheck,0,1,0,0,0,2297,2297,before_check,0,0,,,,,57.780602015554905,58.999618981033564,10.557663161307573,11.576734948903322,changed,61.18798828125,REVOKE,read_set_version_changed_at_commit,54.92937983945012,,,4.891861230134964,5.125218071043491,16.64031809195876,55.51288602873683,59.821241069585085,
32,xair_atomic,0,,50.0,control,1,0,0,0,0,,2298,control,0,0,,0.837801955640316,1.944058109074831,59.73080126568675,57.78674315661192,58.892999310046434,,,committed,60.91796875,EXECUTE,authorization_committed,54.69567188993096,54.71634119749069,0.020669307559728622,5.031342152506113,,,55.11124199256301,59.72701404243708,59.747683349996805
33,xair_atomic,0,,50.0,control,1,0,0,0,0,,2299,control,0,0,,0.9087352082133293,2.449857071042061,59.781276155263186,57.331419084221125,58.872540947049856,,,committed,60.819091796875,EXECUTE,authorization_committed,54.99116703867912,55.007767863571644,0.016600824892520905,4.7853500582277775,,,54.85996091738343,59.7765170969069,59.79311792179942
34,xair_atomic,1,0.0,50.0,before_recheck,0,1,0,0,0,2301,2301,before_check,0,0,,,,,57.47485812753439,58.450980111956596,9.594074916094542,10.646759998053312,changed,60.576904296875,REVOKE,read_set_version_changed_at_commit,54.45281695574522,,,4.835775122046471,4.9394299276173115,14.915531035512686,55.11412816122174,59.28859207779169,
35,xair_atomic,1,0.0,50.0,before_recheck,0,1,0,0,0,2303,2303,before_check,0,0,,,,,57.16501595452428,58.30606771633029,9.428753983229399,10.644976980984211,changed,60.339111328125,REVOKE,read_set_version_changed_at_commit,54.53389883041382,,,4.660164937376976,4.7532301396131516,15.475381165742874,54.93091372773051,59.194063767790794,
36,xair_atomic,1,0.0,50.0,before_recheck,0,1,0,0,0,2305,2305,before_check,0,0,,,,,57.075177785009146,58.497747872024775,8.675671182572842,9.6453707665205,changed,60.27490234375,REVOKE,read_set_version_changed_at_commit,55.0748142413795,,,4.34864079579711,4.436385817825794,13.982781209051609,54.60403114557266,59.42345503717661,
37,xair_atomic,1,0.0,50.0,before_recheck,0,1,0,0,0,2307,2307,before_check,0,0,,,,,57.3097481392324,58.56852000579238,9.323356207460165,10.401299223303795,changed,60.458984375,REVOKE,read_set_version_changed_at_commit,54.9159562215209,,,4.58073616027832,4.663301166146994,14.878261368721724,54.828111082315445,59.49669238179922,
38,xair_atomic,1,0.0,50.0,before_recheck,0,1,0,0,0,2309,2309,before_check,0,0,,,,,56.957046035677195,58.2730146124959,8.774916641414165,9.584595914930105,changed,59.77392578125,REVOKE,read_set_version_changed_at_commit,54.598950780928135,,,4.429501947015524,4.5100427232682705,13.83544271811843,54.66339085251093,59.02845272794366,
39,xair_atomic,1,0.0,50.0,before_recheck,0,1,0,0,0,2311,2311,before_check,0,0,,,,,57.460681069642305,59.59611898288131,8.932453114539385,10.124380234628916,changed,60.617919921875,REVOKE,read_set_version_changed_at_commit,56.40935804694891,,,4.296422936022282,4.377544857561588,14.746393077075481,54.63219294324517,60.70578098297119,
40,xair_atomic,1,30.0,50.0,before_recheck,0,1,0,0,0,2313,2313,before_check,0,0,,,,,57.84523161128163,59.07896673306823,40.276612620800734,41.55551269650459,changed,61.72705078125,REVOKE,read_set_version_changed_at_commit,54.74518472328782,,,5.334159824997187,35.650040954351425,46.53744166716933,55.6741077452898,60.07934454828501,
41,xair_atomic,1,30.0,50.0,before_recheck,0,1,0,0,0,2315,2315,before_check,0,0,,,,,57.322431821376085,58.579830918461084,39.34691892936826,40.42762704193592,changed,60.431884765625,REVOKE,read_set_version_changed_at_commit,54.45188516750932,,,4.860511049628258,35.0191667675972,45.72509787976742,55.038465186953545,59.312396217137575,
42,xair_atomic,1,30.0,50.0,before_recheck,0,1,0,0,0,2317,2317,before_check,0,0,,,,,57.32829216867685,58.70093824341893,39.71704328432679,40.936642326414585,changed,61.0810546875,REVOKE,read_set_version_changed_at_commit,54.7097590751946,,,4.751475993543863,34.901606384664774,45.8912393078208,54.922888055443764,59.46123506873846,
43,xair_atomic,0,,50.0,control,1,0,0,0,0,,2318,control,0,0,,0.7791221141815186,2.030310221016407,59.000160079449415,56.96984985843301,58.2210379652679,,,committed,60.282958984375,EXECUTE,authorization_committed,54.76104514673352,54.78303600102663,0.021990854293107986,4.233354702591896,,,54.31356607005,58.99439984932542,59.01639070361853
44,xair_atomic,0,,50.0,control,1,0,0,0,0,,2319,control,0,0,,1.0180892422795296,2.545696683228016,59.779321774840355,57.23362509161234,58.761232532560825,,,committed,60.115966796875,EXECUTE,authorization_committed,55.16700726002455,55.18442904576659,0.01742178574204445,4.60820784792304,,,54.681024979799986,59.77521510794759,59.79263689368963
45,xair_atomic,0,,50.0,control,1,0,0,0,0,,2320,control,0,0,,0.8598039858043194,2.093107905238867,59.48786484077573,57.39475693553686,58.62806085497141,,,committed,61.177001953125,EXECUTE,authorization_committed,54.494503885507584,54.51656598597765,0.02206210047006607,4.9889120273292065,,,55.06438389420509,59.48341591283679,59.505478013306856
46,xair_atomic,1,30.0,50.0,before_recheck,0,1,0,0,0,2322,2322,before_check,0,0,,,,,57.30887548997998,58.7556310929358,40.143833961337805,41.20789095759392,changed,60.33203125,REVOKE,read_set_version_changed_at_commit,54.635930340737104,,,5.052581895142794,35.23841919377446,46.33235791698098,55.24147627875209,59.6885122358799,
47,xair_atomic,1,30.0,50.0,before_recheck,0,1,0,0,0,2324,2324,before_check,0,0,,,,,56.81684287264943,58.20567859336734,39.41899398341775,40.52975866943598,changed,60.56201171875,REVOKE,read_set_version_changed_at_commit,54.39600022509694,,,4.575696773827076,34.72525579854846,45.136733911931515,54.74390275776386,58.97169699892402,
48,xair_atomic,1,30.0,50.0,before_recheck,0,1,0,0,0,2326,2326,before_check,0,0,,,,,57.21938796341419,58.74300701543689,39.94657378643751,40.8892328850925,changed,60.35400390625,REVOKE,read_set_version_changed_at_commit,54.970608092844486,,,4.698456730693579,34.92920799180865,45.48749187961221,54.93613285943866,59.669064823538065,
49,xair_atomic,1,30.0,50.0,before_recheck,0,1,0,0,0,2328,2328,before_check,0,0,,,,,57.655966840684414,58.739671017974615,39.59697810932994,40.619706735014915,changed,61.407958984375,REVOKE,read_set_version_changed_at_commit,55.06121926009655,,,4.625188652426004,34.85282510519028,45.22292502224445,54.88164070993662,59.686407912522554,
50,xair_atomic,0,,50.0,control,1,0,0,0,0,,2329,control,0,0,,0.8716350421309471,2.2218190133571625,59.436868876218796,57.21504986286163,58.56523383408785,,,committed,60.158935546875,EXECUTE,authorization_committed,54.85196504741907,54.86567132174969,0.013706274330615997,4.581988789141178,,,54.65759104117751,59.43395383656025,59.447660110890865
51,xair_atomic,1,30.0,50.0,before_recheck,0,1,0,0,0,2331,2331,before_check,0,0,,,,,57.86859570071101,59.00665186345577,40.20114103332162,41.36292077600956,changed,61.77392578125,REVOKE,read_set_version_changed_at_commit,55.053364019840956,,,4.891588818281889,35.10696068406105,46.34800599887967,55.10123306885362,59.944952838122845,
52,xair_atomic,0,,50.0,control,1,0,0,0,0,,2332,control,0,0,,1.0324567556381226,2.442712429910898,59.37425186857581,56.93153943866491,58.34179511293769,,,committed,60.81298828125,EXECUTE,authorization_committed,54.86882710829377,54.887522011995316,0.018694903701543808,4.501898773014545,,,54.577881935983896,59.37072588130832,59.38942078500986
53,xair_atomic,1,30.0,50.0,before_recheck,0,1,0,0,0,2334,2334,before_check,0,0,,,,,57.85411922261119,59.09476708620787,39.88823387771845,41.11462505534291,changed,61.39208984375,REVOKE,read_set_version_changed_at_commit,55.289747193455696,,,4.90743899717927,35.152186173945665,46.332627069205046,55.1715949550271,60.197186190634966,
54,xair_atomic,1,30.0,50.0,before_recheck,0,1,0,0,0,2336,2336,before_check,0,0,,,,,57.78894666582346,59.13219787180424,41.722085792571306,42.89163090288639,changed,61.50390625,REVOKE,read_set_version_changed_at_commit,55.05982507020235,,,5.044496618211269,35.278534051030874,48.39460784569383,55.30673870816827,60.10432168841362,
55,xair_atomic,1,30.0,50.0,before_recheck,0,1,0,0,0,2338,2338,before_check,0,0,,,,,57.425414212048054,58.92609106376767,39.288138039410114,40.346784982830286,changed,61.0009765625,REVOKE,read_set_version_changed_at_commit,55.05517730489373,,,4.843499045819044,35.04769038408995,45.03494221717119,55.05402432754636,59.898676350712776,
56,xair_atomic,1,30.0,50.0,before_recheck,0,1,0,0,0,2340,2340,before_check,0,0,,,,,57.73966386914253,59.118923265486956,39.96553923934698,41.05657711625099,changed,60.952880859375,REVOKE,read_set_version_changed_at_commit,54.83312997967005,,,5.042172037065029,35.222158301621675,46.165193896740675,55.2286421880126,59.87530201673508,
57,xair_atomic,1,30.0,50.0,before_recheck,0,1,0,0,0,2342,2342,before_check,0,0,,,,,58.01895819604397,59.384812135249376,39.33521592989564,41.89442889764905,changed,61.493896484375,REVOKE,read_set_version_changed_at_commit,55.75278587639332,,,4.4802469201385975,34.66705605387688,47.230662778019905,54.678098764270544,60.233032796531916,
58,xair_atomic,0,,50.0,control,1,0,0,0,0,,2343,control,0,0,,0.8762837387621403,2.2558029741048813,60.84690475836396,58.59110178425908,59.97062101960182,,,committed,62.31298828125,EXECUTE,authorization_committed,55.66280661150813,55.68037973716855,0.017573125660419464,5.1807621493935585,,,55.26947882026434,60.84356876090169,60.86114188656211
59,xair_atomic,1,30.0,50.0,before_recheck,0,1,0,0,0,2345,2345,before_check,0,0,,,,,57.45508009567857,58.89181699603796,39.57870276644826,40.85179278627038,changed,61.194091796875,REVOKE,read_set_version_changed_at_commit,55.17023243010044,,,4.71903569996357,34.9044818431139,46.053703874349594,54.91206794977188,59.88926813006401,
60,xair_atomic,1,30.0,50.0,before_recheck,0,1,0,0,0,2347,2347,before_check,0,0,,,,,57.43646575137973,58.89195716008544,39.80474825948477,40.983840357512236,changed,60.805908203125,REVOKE,read_set_version_changed_at_commit,55.71100814267993,,,4.303335212171078,34.611452370882034,45.94282619655132,54.64940518140793,60.01434335485101,
61,xair_atomic,1,30.0,50.0,before_recheck,0,1,0,0,0,2349,2349,before_check,0,0,,,,,58.09251731261611,59.84069732949138,40.59839714318514,42.07712225615978,changed,62.068115234375,REVOKE,read_set_version_changed_at_commit,55.90957961976528,,,5.097957327961922,35.32478120177984,47.53073723986745,55.33717619255185,61.0075369477272,
62,xair_atomic,1,30.0,50.0,before_recheck,0,1,0,0,0,2351,2351,before_check,0,0,,,,,57.24295321851969,58.73953131958842,40.17894994467497,41.367972269654274,changed,61.14794921875,REVOKE,read_set_version_changed_at_commit,54.79492899030447,,,4.933318123221397,35.18764395266771,46.542232390493155,55.19732413813472,59.72824711352587,
63,xair_atomic,0,,50.0,control,1,0,0,0,0,,2352,control,0,0,,1.1497479863464832,2.641316968947649,60.893282759934664,58.251965790987015,59.74353477358818,,,committed,61.714111328125,EXECUTE,authorization_committed,55.79998390749097,55.82091398537159,0.020930077880620956,5.087216850370169,,,55.17630372196436,60.88720075786114,60.90813083574176
64,xair_atomic,1,30.0,50.0,before_recheck,0,1,0,0,0,2354,2354,before_check,0,0,,,,,57.701692916452885,59.046676848083735,40.72546446695924,41.986781638115644,changed,60.450927734375,REVOKE,read_set_version_changed_at_commit,54.92941103875637,,,5.165462847799063,35.33270489424467,47.25644085556269,55.33074261620641,60.09487388655543,
65,xair_atomic,1,30.0,50.0,before_recheck,0,1,0,0,0,2356,2356,before_check,0,0,,,,,58.1191573292017,59.79959014803171,41.319641284644604,42.72692231461406,changed,61.903076171875,REVOKE,read_set_version_changed_at_commit,55.5630000308156,,,5.239282269030809,35.49666330218315,48.097741324454546,55.50042213872075,60.80228229984641,
66,xair_atomic,1,30.0,50.0,before_recheck,0,1,0,0,0,2358,2358,before_check,0,0,,,,,57.599131017923355,58.8046726770699,40.64973397180438,41.89261607825756,changed,61.6640625,REVOKE,read_set_version_changed_at_commit,54.923519026488066,,,4.862125031650066,35.051407758146524,47.759335953742266,55.052341893315315,59.78564405813813,
67,xair_atomic,1,30.0,50.0,before_recheck,0,1,0,0,0,2360,2360,before_check,0,0,,,,,57.8837851062417,59.181620832532644,40.068102069199085,41.15879908204079,changed,60.998046875,REVOKE,read_set_version_changed_at_commit,55.03793386742473,,,5.083971191197634,35.24130396544933,46.63498606532812,55.242628790438175,60.12190505862236,
68,xair_atomic,1,30.0,50.0,before_recheck,0,1,0,0,0,2362,2362,before_check,0,0,,,,,57.401981204748154,58.4808848798275,39.84822891652584,40.948274079710245,changed,61.198974609375,REVOKE,read_set_version_changed_at_commit,54.500045254826546,,,4.953755997121334,35.09587096050382,46.28022015094757,55.10247498750687,59.45380125194788,
69,xair_atomic,1,30.0,50.0,before_recheck,0,1,0,0,0,2364,2364,before_check,0,0,,,,,57.217725086957216,59.10797230899334,39.597769267857075,40.77638126909733,changed,61.027099609375,REVOKE,read_set_version_changed_at_commit,55.27863744646311,,,4.888963885605335,35.03679996356368,46.08437232673168,55.02078216522932,60.16760133206844,
70,xair_atomic,0,,50.0,control,1,0,0,0,0,,2365,control,0,0,,1.1367439292371273,2.7371272444725037,60.143436305224895,57.40630906075239,59.00669237598777,,,committed,60.488037109375,EXECUTE,authorization_committed,55.20631093531847,55.219365283846855,0.013054348528385162,4.933969117701054,,,55.005524307489395,60.140280053019524,60.15333440154791
71,xair_atomic,0,,50.0,control,1,0,0,0,0,,2366,control,0,0,,1.0665920563042164,2.4860547855496407,60.44507212936878,57.95901734381914,59.378480073064566,,,committed,61.925048828125,EXECUTE,authorization_committed,55.50833698362112,55.5271920748055,0.01885509118437767,4.9330382607877254,,,55.00633595511317,60.441375244408846,60.460230335593224
72,xair_atomic,1,30.0,50.0,before_recheck,0,1,0,0,0,2368,2368,before_check,0,0,,,,,57.964426930993795,59.43402415141463,40.12498911470175,41.21515527367592,changed,61.344970703125,REVOKE,read_set_version_changed_at_commit,55.241556372493505,,,5.155795719474554,35.31558392569423,46.29292385652661,55.31911179423332,60.39735209196806,
73,xair_atomic,0,,50.0,control,1,0,0,0,0,,2369,control,0,0,,0.9268899448215961,2.4762768298387527,60.48483680933714,58.008559979498386,59.55794686451554,,,committed,61.05810546875,EXECUTE,authorization_committed,54.93107391521335,54.948956705629826,0.01788279041647911,5.549584981054068,,,55.62985595315695,60.480658896267414,60.49854168668389
74,xair_atomic,1,30.0,50.0,before_recheck,0,1,0,0,0,2371,2371,before_check,0,0,,,,,57.40163987502456,58.766931761056185,39.8416668176651,41.080000810325146,changed,61.48388671875,REVOKE,read_set_version_changed_at_commit,55.011054035276175,,,4.7429408878088,34.982949029654264,46.11225472763181,54.98775094747543,59.753994923084974,
75,xair_atomic,1,30.0,50.0,before_recheck,0,1,0,0,0,2373,2373,before_check,0,0,,,,,58.303853031247854,59.620724990963936,40.498380083590746,41.54851986095309,changed,62.18603515625,REVOKE,read_set_version_changed_at_commit,55.4276960901916,,,5.148130934685469,35.422694869339466,46.530289109796286,55.44942710548639,60.57582702487707,
76,xair_atomic,1,30.0,50.0,before_recheck,0,1,0,0,0,2375,2375,before_check,0,0,,,,,58.05186089128256,59.40684303641319,40.28798500075936,41.7521120980382,changed,61.428955078125,REVOKE,read_set_version_changed_at_commit,55.42404903098941,,,5.187504924833775,35.454303957521915,46.8477550894022,55.47872232273221,60.61155395582318,
77,xair_atomic,1,30.0,50.0,before_recheck,0,1,0,0,0,2377,2377,before_check,0,0,,,,,58.83149290457368,60.16185972839594,39.97925482690334,41.01930698379874,changed,62.472900390625,REVOKE,read_set_version_changed_at_commit,56.13044463098049,,,4.861683119088411,35.133170895278454,46.63104796782136,55.15905097126961,60.9921277500689,
78,xair_atomic,1,30.0,50.0,before_recheck,0,1,0,0,0,2379,2379,before_check,0,0,,,,,57.95357609167695,59.45560522377491,44.061567168682814,45.27988284826279,changed,61.47412109375,REVOKE,read_set_version_changed_at_commit,55.51085202023387,,,5.090482998639345,35.25819629430771,50.63240695744753,55.25583401322365,60.601335018873215,
79,xair_atomic,1,30.0,50.0,before_recheck,0,1,0,0,0,2381,2381,before_check,0,0,,,,,58.56348108500242,60.07497711107135,41.31497209891677,42.638957034796476,changed,62.31396484375,REVOKE,read_set_version_changed_at_commit,55.6123829446733,,,5.607493221759796,35.757833160459995,50.388318952172995,55.76254427433014,61.219876166433096,
80,xair_atomic,1,40.0,50.0,concurrent,0,1,0,0,0,2383,2383,before_check,0,0,,,,,58.04198095574975,59.32692298665643,51.08950473368168,52.26182425394654,changed,61.8798828125,REVOKE,read_set_version_changed_at_commit,54.85717486590147,,,5.465666763484478,45.715038664638996,57.44583299383521,55.71772996336222,60.32284162938595,
81,xair_atomic,1,40.0,50.0,concurrent,0,1,0,0,0,2385,2385,before_check,0,0,,,,,57.90736898779869,59.17648132890463,50.746141001582146,51.84286925941706,changed,61.12109375,REVOKE,read_set_version_changed_at_commit,55.084751918911934,,,5.0236680544912815,45.348551124334335,57.639457285404205,55.36647140979767,60.108419973403215,
82,xair_atomic,0,,50.0,control,1,0,0,0,0,,2386,control,0,0,,1.076939981430769,2.392769791185856,60.12594187632203,57.733172085136175,59.04900189489126,,,committed,61.346923828125,EXECUTE,authorization_committed,55.07792020216584,55.09455129504204,0.016631092876195908,5.0439247861504555,,,55.12598995119333,60.1218449883163,60.13847608119249
83,xair_atomic,1,40.0,50.0,concurrent,0,1,0,0,0,2388,2388,before_check,0,0,,,,,57.56397498771548,58.86134970933199,49.992425832897425,51.099343691021204,changed,61.863037109375,REVOKE,read_set_version_changed_at_commit,54.960199166089296,,,4.814815707504749,45.04093388095498,56.33014999330044,55.0553179346025,59.775014873594046,
84,xair_atomic,1,40.0,50.0,concurrent,0,1,0,0,0,2390,2390,before_check,0,0,,,,,58.085111901164055,59.7673486918211,50.46528298407793,51.499954890459776,changed,62.01708984375,REVOKE,read_set_version_changed_at_commit,56.09337519854307,,,4.728192929178476,44.992443174123764,57.40956496447325,55.02219498157501,60.82156812772155,
85,xair_atomic,0,,50.0,control,1,0,0,0,0,,2391,control,0,0,,0.8054920472204685,1.8928321078419685,59.60179911926389,57.70896701142192,58.79630707204342,,,committed,60.926025390625,EXECUTE,authorization_committed,54.807811975479126,54.82438299804926,0.01657102257013321,4.790389910340309,,,54.86992886289954,59.598201885819435,59.61477290838957
86,xair_atomic,1,40.0,50.0,concurrent,0,1,0,0,0,2393,2393,before_check,0,0,,,,,57.59115610271692,58.86041792109609,50.29479321092367,51.57842207700014,changed,61.43603515625,REVOKE,read_set_version_changed_at_commit,54.56269206479192,,,4.975867923349142,45.15482811257243,55.99174415692687,55.155305191874504,59.53855998814106,
87,xair_atomic,0,,50.0,control,1,0,0,0,0,,2394,control,0,0,,1.0625743307173252,2.626508940011263,60.306000988930464,57.6794920489192,59.24342665821314,,,committed,60.4560546875,EXECUTE,authorization_committed,55.78539799898863,55.807038210332394,0.02164021134376526,4.513599909842014,,,54.59386110305786,60.29899790883064,60.32063812017441
88,xair_atomic,1,40.0,50.0,concurrent,0,1,0,0,0,2396,2396,before_check,0,0,,,,,57.61189479380846,59.6134508959949,50.12400262057781,51.03454180061817,changed,61.319091796875,REVOKE,read_set_version_changed_at_commit,56.277831085026264,,,4.417118616402149,44.67820283025503,56.314469780772924,54.704347625374794,60.69494970142841,
89,xair_atomic,0,,50.0,control,1,0,0,0,0,,2397,control,0,0,,1.0841647163033485,2.515870612114668,60.16413401812315,57.64826340600848,59.0799693018198,,,committed,61.22607421875,EXECUTE,authorization_committed,55.20043894648552,55.22634834051132,0.025909394025802612,4.957443103194237,,,55.04867434501648,60.157882049679756,60.18379144370556
90,xair_atomic,0,,50.0,control,1,0,0,0,0,,2398,control,0,0,,0.9393631480634212,2.263568341732025,59.43289212882519,57.16932378709316,58.493528980761766,,,committed,60.501953125,EXECUTE,authorization_committed,54.825155064463615,54.845322854816914,0.020167790353298187,4.602957982569933,,,54.68335887417197,59.42811304703355,59.44828083738685
91,xair_atomic,1,40.0,50.0,concurrent,0,1,0,0,0,2400,2400,before_check,0,0,,,,,57.838850654661655,58.90578264370561,49.742287024855614,51.03703681379557,changed,61.5029296875,REVOKE,read_set_version_changed_at_commit,55.46474503353238,,,4.632413852959871,44.86256977543235,56.19261180981994,54.88831363618374,60.09715888649225,
92,xair_atomic,1,40.0,50.0,concurrent,0,1,0,0,0,2402,2402,before_check,0,0,,,,,58.398781809955835,59.83439600095153,50.522962119430304,51.63737293332815,changed,62.4169921875,REVOKE,read_set_version_changed_at_commit,55.61151076108217,,,5.317108239978552,45.56991718709469,56.682972237467766,55.59843685477972,60.928619001060724,
93,xair_atomic,1,40.0,50.0,concurrent,0,1,0,0,0,2404,2404,before_check,0,0,,,,,58.09703469276428,59.208020102232695,50.461535807698965,51.85072310268879,changed,61.304931640625,REVOKE,read_set_version_changed_at_commit,54.837157018482685,,,5.1641808822751045,45.33674893900752,57.531953789293766,55.59965781867504,60.00133790075779,
94,xair_atomic,1,40.0,50.0,concurrent,0,1,0,0,0,2406,2406,before_check,0,0,,,,,57.650426868349314,59.065792709589005,50.37473374977708,51.60346906632185,changed,61.903076171875,REVOKE,read_set_version_changed_at_commit,54.66833058744669,,,5.075274035334587,45.286163687705994,56.37369072064757,55.29626877978444,59.74360462278128,
95,xair_atomic,0,,50.0,control,1,0,0,0,0,,2407,control,0,0,,1.1699949391186237,2.765660174190998,60.863285791128874,58.097625616937876,59.69329085201025,,,committed,61.3349609375,EXECUTE,authorization_committed,56.18038820102811,56.212457828223705,0.032069627195596695,4.67308983206749,,,54.748171009123325,60.8534780330956,60.885547660291195
96,xair_atomic,1,40.0,50.0,concurrent,0,1,0,0,0,2409,2409,before_check,0,0,,,,,57.11844889447093,58.40090615674853,50.04494497552514,51.39722302556038,changed,60.9541015625,REVOKE,read_set_version_changed_at_commit,54.786983877420425,,,4.426526837050915,44.63338013738394,56.247774977236986,54.64677093550563,59.21351071447134,
97,xair_atomic,1,40.0,50.0,concurrent,0,1,0,0,0,2411,2411,before_check,0,0,,,,,57.63838393613696,59.01072872802615,49.845709931105375,50.87737599387765,changed,60.827880859375,REVOKE,read_set_version_changed_at_commit,55.19818561151624,,,4.769700113683939,44.93872169405222,56.76005594432354,54.946161806583405,59.967885725200176,
98,xair_atomic,1,40.0,50.0,concurrent,0,1,0,0,0,2413,2413,before_check,0,0,,,,,57.084484957158566,58.309865184128284,49.59507007151842,50.71597406640649,changed,60.501953125,REVOKE,read_set_version_changed_at_commit,54.52159605920315,,,4.612325225025415,44.86340098083019,55.933816358447075,54.88386517390609,59.13392128422856,
99,xair_atomic,1,40.0,50.0,concurrent,0,1,0,0,0,2415,2415,before_check,0,0,,,,,57.17184767127037,58.65674465894699,50.01569865271449,51.208226941525936,changed,60.8779296875,REVOKE,read_set_version_changed_at_commit,54.94214501231909,,,4.693546798080206,44.906080700457096,56.653976906090975,54.92941988632083,59.635691810399294,
100,xair_atomic,1,40.0,50.0,concurrent,0,1,0,0,0,2417,2417,before_check,0,0,,,,,57.60214710608125,58.801047038286924,49.5596039108932,51.00350407883525,changed,60.715087890625,REVOKE,read_set_version_changed_at_commit,55.15075568109751,,,4.812381230294704,45.040633995085955,56.19042692705989,55.04246288910508,59.96313691139221,
101,xair_atomic,0,,50.0,control,1,0,0,0,0,,2418,control,0,0,,0.974749680608511,2.2502830252051353,59.1510939411819,56.90081091597676,58.17634426057339,,,committed,59.77392578125,EXECUTE,authorization_committed,54.695100989192724,54.714887868613005,0.019786879420280457,4.450432024896145,,,54.528438951820135,59.14553301408887,59.16531989350915
102,xair_atomic,1,40.0,50.0,concurrent,0,1,0,0,0,2420,2420,before_check,0,0,,,,,57.70097207278013,59.038301929831505,50.63545284792781,51.77136370912194,changed,61.5439453125,REVOKE,read_set_version_changed_at_commit,54.919220972806215,,,5.022004712373018,45.22765474393964,56.878878735005856,55.23444293066859,59.94122568517923,
103,xair_atomic,1,40.0,50.0,concurrent,0,1,0,0,0,2422,2422,before_check,0,0,,,,,57.16912401840091,58.47314093261957,49.93986710906029,51.354832015931606,changed,60.885009765625,REVOKE,read_set_version_changed_at_commit,54.97982492670417,,,4.537153989076614,44.7704759426415,56.008856277912855,54.76410035043955,59.51697891578078,
104,xair_atomic,1,40.0,50.0,concurrent,0,1,0,0,0,2424,2424,before_check,0,0,,,,,57.37118190154433,58.499449864029884,49.69346383586526,51.14096077159047,changed,61.06494140625,REVOKE,read_set_version_changed_at_commit,55.01676490530372,,,4.468023777008057,44.72312703728676,56.28715781494975,54.744322784245014,59.48478868231177,
105,xair_atomic,1,40.0,50.0,concurrent,0,1,0,0,0,2426,2426,before_check,0,0,,,,,57.035321835428476,58.1297860480845,49.54839218407869,50.68160919472575,changed,60.1201171875,REVOKE,read_set_version_changed_at_commit,54.688517935574055,,,4.433028865605593,44.685276225209236,55.48906093463302,54.71349507570267,59.12154680117965,
106,xair_atomic,1,40.0,50.0,concurrent,0,1,0,0,0,2428,2428,before_check,0,0,,,,,57.57815157994628,59.22341858968139,50.249828957021236,51.3134659267962,changed,61.16796875,REVOKE,read_set_version_changed_at_commit,55.078952107578516,,,5.03127183765173,45.27524393051863,56.45245872437954,55.24309957399964,60.110223945230246,
107,xair_atomic,1,40.0,50.0,concurrent,0,1,0,0,0,2430,2430,before_check,0,0,,,,,56.82229297235608,57.95922689139843,49.68535993248224,51.07075022533536,changed,60.4189453125,REVOKE,read_set_version_changed_at_commit,54.33115782216191,,,4.547544289380312,44.74300518631935,55.67303625866771,54.729375056922436,58.878702111542225,
108,xair_atomic,1,40.0,50.0,concurrent,0,1,0,0,0,2432,2432,before_check,0,0,,,,,57.75106605142355,59.04976325109601,49.80880208313465,50.8637810125947,changed,61.580078125,REVOKE,read_set_version_changed_at_commit,55.41954096406698,,,4.58661699667573,44.80740614235401,55.85165228694677,54.842588026076555,60.00615796074271,
109,xair_atomic,1,40.0,50.0,concurrent,0,1,0,0,0,2434,2434,before_check,0,0,,,,,57.11987195536494,58.279197197407484,49.36715308576822,50.45107705518603,changed,60.35009765625,REVOKE,read_set_version_changed_at_commit,54.2524098418653,,,4.760995041579008,44.94795994833112,55.18647423014045,54.95269503444433,59.01340488344431,
110,xair_atomic,0,,50.0,control,1,0,0,0,0,,2435,control,0,0,,0.9801187552511692,2.7418946847319603,60.44501066207886,57.7031159773469,59.46489190682769,,,committed,61.571044921875,EXECUTE,authorization_committed,55.90514186769724,55.9219135902822,0.016771722584962845,4.53704409301281,,,54.60527306422591,60.44218596071005,60.45895768329501
111,xair_atomic,1,40.0,50.0,concurrent,0,1,0,0,0,2437,2437,before_check,0,0,,,,,57.82761937007308,59.41272433847189,50.616457127034664,51.83208826929331,changed,62.116943359375,REVOKE,read_set_version_changed_at_commit,54.98229991644621,,,5.0514694303274155,45.35286920145154,56.537649128586054,55.40769826620817,60.033769346773624,
112,xair_atomic,1,40.0,50.0,concurrent,0,1,0,0,0,2439,2439,before_check,0,0,,,,,58.24436200782657,59.57415699958801,51.3907503336668,52.67181433737278,changed,62.0849609375,REVOKE,read_set_version_changed_at_commit,55.90727599337697,,,4.6501969918608665,44.883369002491236,58.364848140627146,54.90381317213178,60.55747298523784,
113,xair_atomic,1,40.0,50.0,concurrent,0,1,0,0,0,2441,2441,before_check,0,0,,,,,58.26812610030174,59.706435073167086,50.162003841251135,51.421117037534714,changed,61.550048828125,REVOKE,read_set_version_changed_at_commit,55.75842596590519,,,5.002637859433889,45.16934510320425,57.24258115515113,55.21995574235916,60.76106382533908,
114,xair_atomic,0,,50.0,control,1,0,0,0,0,,2442,control,0,0,,1.1964458972215652,2.6075737550854683,60.28765579685569,57.68008204177022,59.09120989963412,,,committed,61.221923828125,EXECUTE,authorization_committed,55.07867084816098,55.098248180001974,0.019577331840991974,5.204285960644484,,,55.28381606563926,60.282956808805466,60.30253414064646
115,xair_atomic,1,40.0,50.0,concurrent,0,1,0,0,0,2444,2444,before_check,0,0,,,,,56.82090111076832,58.18638298660517,49.55459479242563,50.779914017766714,changed,60.48193359375,REVOKE,read_set_version_changed_at_commit,55.09817786514759,,,4.215952008962631,44.48109399527311,55.8613701723516,54.48882421478629,59.31412987411022,
116,xair_atomic,1,40.0,50.0,concurrent,0,1,0,0,0,2446,2446,before_check,0,0,,,,,57.03842919319868,58.33999207243323,49.42723596468568,50.54131615906954,changed,60.68310546875,REVOKE,read_set_version_changed_at_commit,54.40392531454563,,,4.8732147552073,45.03814876079559,55.34547194838524,55.039788130670786,59.27714006975293,
117,xair_atomic,1,40.0,50.0,concurrent,0,1,0,0,0,2448,2448,before_check,0,0,,,,,58.54678899049759,59.942567721009254,51.081249024719,52.329891826957464,changed,62.5439453125,REVOKE,read_set_version_changed_at_commit,55.54698873311281,,,5.39804995059967,45.70608166977763,57.700981851667166,55.75199378654361,60.94503868371248,
118,xair_atomic,0,,50.0,control,1,0,0,0,0,,2449,control,0,0,,1.262177713215351,2.7782837860286236,61.24070379883051,58.462420012801886,59.97852608561516,,,committed,62.27587890625,EXECUTE,authorization_committed,56.172383949160576,56.202009320259094,0.02962537109851837,5.062198732048273,,,55.1779568195343,61.23458268120885,61.26420805230737
119,xair_atomic,1,40.0,50.0,concurrent,0,1,0,0,0,2451,2451,before_check,0,0,,,,,58.29041823744774,59.50768291950226,51.20492214336991,52.44429828599095,changed,62.053955078125,REVOKE,read_set_version_changed_at_commit,55.65219698473811,,,4.906819202005863,45.22529989480972,57.621432933956385,55.22791109979153,60.559016186743975,
120,xair_atomic,1,45.0,50.0,concurrent,0,1,0,0,0,2453,2453,before_check,0,0,,,,,58.3154852502048,60.34940201789141,55.094500072300434,56.46454123780131,changed,62.486083984375,REVOKE,read_set_version_changed_at_commit,57.056472171097994,,,5.270130001008511,50.50656013190746,63.924110028892756,55.54256122559309,62.326602172106504,
121,xair_atomic,1,45.0,50.0,concurrent,0,1,0,0,0,2455,2455,before_check,0,0,,,,,58.63150814548135,60.165617149323225,55.48614589497447,56.650660932064056,changed,62.06201171875,REVOKE,read_set_version_changed_at_commit,56.25841487199068,,,5.079451948404312,50.32540112733841,62.14715586975217,55.360248778015375,61.33786682039499,
122,xair_atomic,1,45.0,50.0,concurrent,0,1,0,0,0,2457,2457,before_check,0,0,,,,,59.058369137346745,60.4331293143332,55.95305236056447,57.726710103452206,changed,62.537109375,REVOKE,read_set_version_changed_at_commit,56.07727495953441,,,5.318881012499332,50.60712015256286,63.1986390799284,55.6109300814569,61.39615597203374,
123,xair_atomic,1,45.0,50.0,concurrent,0,1,0,0,0,2459,2459,before_check,0,0,,,,,58.23602573946118,59.61435288190842,54.87847467884421,55.98834762349725,changed,62.302978515625,REVOKE,read_set_version_changed_at_commit,56.495940778404474,,,4.595703911036253,49.932092893868685,62.00373684987426,54.96695078909397,61.09164468944073,
124,xair_atomic,1,45.0,50.0,concurrent,0,1,0,0,0,2461,2461,before_check,0,0,,,,,58.83003072813153,60.263199266046286,56.135613936930895,57.484214659780264,changed,63.06591796875,REVOKE,read_set_version_changed_at_commit,56.053760927170515,,,5.37538668140769,50.61053577810526,62.76097800582647,55.605769623070955,61.429147608578205,
125,xair_atomic,1,45.0,50.0,concurrent,0,1,0,0,0,2463,2463,before_check,0,0,,,,,58.652516920119524,59.97620103880763,56.11487524583936,57.21595184877515,changed,62.68798828125,REVOKE,read_set_version_changed_at_commit,55.8652370236814,,,5.346313118934631,50.616998225450516,62.841248232871294,55.6482900865376,61.211550142616034,
126,xair_atomic,0,,50.0,control,1,0,0,0,0,,2464,control,0,0,,1.3005207292735577,2.486045006662607,61.242938973009586,58.75689396634698,59.94241824373603,,,committed,62.02197265625,EXECUTE,authorization_committed,56.39548320323229,56.41607102006674,0.020587816834449768,4.841825924813747,,,54.95310481637716,61.237309128046036,61.257896944880486
127,xair_atomic,1,45.0,50.0,concurrent,0,1,0,0,0,2466,2466,before_check,0,0,,,,,58.95227985456586,60.26583490893245,55.73991080746055,57.09310108795762,changed,62.287109375,REVOKE,read_set_version_changed_at_commit,55.971145164221525,,,5.396466702222824,50.71132490411401,62.37242789939046,55.747505743056536,61.36761186644435,
128,xair_atomic,1,45.0,50.0,concurrent,0,1,0,0,0,2468,2468,before_check,0,0,,,,,58.188597206026316,59.523281175643206,55.27153331786394,56.452678982168436,changed,61.597900390625,REVOKE,read_set_version_changed_at_commit,55.80217903479934,,,4.8996140249073505,50.19080825150013,62.079168390482664,55.21014705300331,60.70179305970669,
129,xair_atomic,1,45.0,50.0,concurrent,0,1,0,0,0,2470,2470,before_check,0,0,,,,,58.92118206247687,60.02221768721938,55.531580932438374,56.706835981458426,changed,61.946044921875,REVOKE,read_set_version_changed_at_commit,56.56136339530349,,,4.815636668354273,50.124413799494505,63.21072205901146,55.15134707093239,61.37700006365776,
130,xair_atomic,1,45.0,50.0,concurrent,0,1,0,0,0,2472,2472,before_check,0,0,,,,,59.37886005267501,61.029608361423016,56.85520498082042,58.1399155780673,changed,63.197998046875,REVOKE,read_set_version_changed_at_commit,57.07386462017894,,,5.007527302950621,50.27172015979886,63.63268289715052,55.30017614364624,62.08139192312956,
131,xair_atomic,1,45.0,50.0,concurrent,0,1,0,0,0,2474,2474,before_check,0,0,,,,,58.48799925297499,59.73273515701294,56.21813936159015,57.23589891567826,changed,62.60888671875,REVOKE,read_set_version_changed_at_commit,55.33230723813176,,,5.41426008567214,51.23901506885886,62.480551190674305,55.62763102352619,60.7465673238039,
132,xair_atomic,0,,50.0,control,1,0,0,0,0,,2475,control,0,0,,0.8357977494597435,1.9148727878928185,58.934166096150875,57.01929330825806,58.09836834669113,,,committed,60.654052734375,EXECUTE,authorization_committed,54.20584278181195,54.219227749854326,0.013384968042373657,4.72521735355258,,,54.79535926133394,58.93106013536453,58.944445103406906
133,xair_atomic,0,,50.0,control,1,0,0,0,0,,2476,control,0,0,,0.9554428979754448,2.1429709158837795,59.41574880853295,57.272777892649174,58.46030591055751,,,committed,59.9150390625,EXECUTE,authorization_committed,54.45167422294617,54.46404730901122,0.01237308606505394,4.9612997099757195,,,55.03488797694445,59.412973932921886,59.42534701898694
134,xair_atomic,1,45.0,50.0,concurrent,0,1,0,0,0,2478,2478,before_check,0,0,,,,,58.48297895863652,59.97103173285723,56.04283977299929,57.205821853131056,changed,62.156005859375,REVOKE,read_set_version_changed_at_commit,56.20331224054098,,,4.879866726696491,50.17618089914322,62.59767059236765,55.19502889364958,61.08317896723747,
135,xair_atomic,1,45.0,50.0,concurrent,0,1,0,0,0,2480,2480,before_check,0,0,,,,,57.72471567615867,59.28310984745622,54.76985080167651,56.193772703409195,changed,61.197021484375,REVOKE,read_set_version_changed_at_commit,55.37357414141297,,,4.868475720286369,50.08714273571968,61.41997082158923,55.098657961934805,60.24204986169934,
136,xair_atomic,0,,50.0,control,1,0,0,0,0,,2481,control,0,0,,0.9951270185410976,2.2842073813080788,59.77761931717396,57.49341193586588,58.78249229863286,,,committed,60.7451171875,EXECUTE,authorization_committed,55.019349325448275,55.03821512684226,0.01886580139398575,4.755123984068632,,,54.82809105888009,59.77447330951691,59.79333911091089
137,xair_atomic,1,45.0,50.0,concurrent,0,1,0,0,0,2483,2483,before_check,0,0,,,,,58.41023288667202,59.9519656971097,55.586653761565685,56.725721806287766,changed,61.923095703125,REVOKE,read_set_version_changed_at_commit,55.59243494644761,,,5.371991079300642,50.60327285900712,63.23989573866129,55.602884851396084,60.96442602574825,
138,xair_atomic,0,,50.0,control,1,0,0,0,0,,2484,control,0,0,,1.0280190035700798,2.4834508076310158,60.27715699747205,57.79370618984103,59.24913799390197,,,committed,61.212890625,EXECUTE,authorization_committed,55.279117077589035,55.3002362139523,0.0211191363632679,4.9938419833779335,,,55.074253119528294,60.27295906096697,60.294078197330236
139,xair_atomic,1,45.0,50.0,concurrent,0,1,0,0,0,2486,2486,before_check,0,0,,,,,60.59879995882511,62.138769775629044,57.356785982847214,58.59649274498224,changed,64.544921875,REVOKE,read_set_version_changed_at_commit,59.02402522042394,,,4.473324865102768,49.703954719007015,65.37384074181318,54.70917792990804,63.497350085526705,
140,xair_atomic,1,45.0,50.0,concurrent,0,1,0,0,0,2488,2488,before_check,0,0,,,,,61.34893698617816,62.69029388204217,58.51151188835502,59.7554468549788,changed,64.741943359375,REVOKE,read_set_version_changed_at_commit,55.79455429688096,,,8.244821801781654,53.46496216952801,65.32847508788109,58.489501010626554,64.03937609866261,
141,xair_atomic,1,45.0,50.0,concurrent,0,1,0,0,0,2490,2490,before_check,0,0,,,,,57.932035997509956,59.33451792225242,55.129466112703085,55.98424095660448,changed,61.85595703125,REVOKE,read_set_version_changed_at_commit,56.263303849846125,,,4.738523159176111,49.9724387191236,61.58510083332658,55.01278676092625,61.001827009022236,
142,xair_atomic,1,45.0,50.0,concurrent,0,1,0,0,0,2492,2492,before_check,0,0,,,,,57.73953394964337,59.10273315384984,55.14620803296566,56.33521918207407,changed,61.14990234375,REVOKE,read_set_version_changed_at_commit,54.95414696633816,,,5.074263084679842,50.29561510309577,61.305786948651075,55.280910804867744,60.028410051018,
143,xair_atomic,1,45.0,50.0,concurrent,0,1,0,0,0,2494,2494,before_check,0,0,,,,,57.51043418422341,58.58327727764845,54.64068939909339,55.98694505169988,changed,61.033935546875,REVOKE,read_set_version_changed_at_commit,54.96043898165226,,,4.6159024350345135,49.77513803169131,60.886490158736706,54.78078220039606,59.57634141668677,
144,xair_atomic,1,45.0,50.0,concurrent,0,1,0,0,0,2496,2496,before_check,0,0,,,,,57.53691401332617,58.773654978722334,55.06568681448698,56.30049388855696,changed,60.949951171875,REVOKE,read_set_version_changed_at_commit,55.134546011686325,,,4.731699824333191,49.96102675795555,61.24604493379593,54.98665804043412,59.866245836019516,
145,xair_atomic,0,,50.0,control,1,0,0,0,0,,2497,control,0,0,,0.9054788388311863,2.2761509753763676,59.138929937034845,56.86277896165848,58.23345109820366,,,committed,60.297119140625,EXECUTE,authorization_committed,54.72606932744384,54.74159820005298,0.015528872609138489,4.409494809806347,,,54.48345374315977,59.135564137250185,59.15109300985932
146,xair_atomic,1,45.0,50.0,concurrent,0,1,0,0,0,2499,2499,before_check,0,0,,,,,58.092756662517786,59.54438075423241,55.10499980300665,56.14558281376958,changed,61.4541015625,REVOKE,read_set_version_changed_at_commit,55.75982900336385,,,4.767105914652348,50.01079989597201,62.043961603194475,55.03462767228484,60.526934918016195,
147,xair_atomic,0,,50.0,control,1,0,0,0,0,,2500,control,0,0,,0.9616650640964508,2.4687228724360466,59.692298993468285,57.22357612103224,58.730633929371834,,,committed,61.22607421875,EXECUTE,authorization_committed,55.128755047917366,55.14492513611913,0.016170088201761246,4.5594871044158936,,,54.63659204542637,59.68824215233326,59.70441224053502
148,xair_atomic,0,,50.0,control,1,0,0,0,0,,2501,control,0,0,,0.9967302903532982,2.3648878559470177,59.408617205917835,57.04372934997082,58.41188691556454,,,committed,60.635009765625,EXECUTE,authorization_committed,54.962493013590574,54.97182114049792,0.009328126907348633,4.4430880807340145,,,54.51005417853594,59.40558109432459,59.41490922123194
149,xair_atomic,1,45.0,50.0,concurrent,0,1,0,0,0,2503,2503,before_check,0,0,,,,,57.804476004093885,59.378260280936956,55.154683999717236,56.21932214125991,changed,62.0458984375,REVOKE,read_set_version_changed_at_commit,55.59846572577953,,,4.801892209798098,50.011802930384874,61.34563218802214,55.038887076079845,60.40035793557763,
150,xair_atomic,1,45.0,50.0,concurrent,0,1,0,0,0,2505,2505,before_check,0,0,,,,,58.07782895863056,59.43713989108801,55.57469092309475,56.821480859071016,changed,61.73388671875,REVOKE,read_set_version_changed_at_commit,55.454486049711704,,,4.967432003468275,50.25719292461872,62.00829520821571,55.2669339813292,60.42191805317998,
151,xair_atomic,1,45.0,50.0,concurrent,0,1,0,0,0,2507,2507,before_check,0,0,,,,,57.595683727413416,58.818097691982985,55.2591891027987,56.33959686383605,changed,60.863037109375,REVOKE,read_set_version_changed_at_commit,55.38202077150345,,,4.457965027540922,49.719543661922216,61.75796501338482,54.731409065425396,59.83998579904437,
152,xair_atomic,1,45.0,50.0,concurrent,0,1,0,0,0,2509,2509,before_check,0,0,,,,,57.490817271173,58.929778169840574,54.78207394480705,55.809000972658396,changed,61.248046875,REVOKE,read_set_version_changed_at_commit,55.31043512746692,,,4.6508279629051685,49.914610106498,61.51126231998205,54.9255833029747,59.961263090372086,
153,xair_atomic,1,45.0,50.0,concurrent,0,1,0,0,0,2511,2511,before_check,0,0,,,,,57.731740176677704,59.00795524939895,55.1539221778512,56.26907525584102,changed,60.928955078125,REVOKE,read_set_version_changed_at_commit,54.87790424376726,,,5.0560589879751205,50.24586198851466,61.55730923637748,55.255042389035225,59.93396323174238,
154,xair_atomic,1,45.0,50.0,concurrent,0,1,0,0,0,2513,2513,before_check,0,0,,,,,57.986568193882704,59.211607091128826,54.85645402222872,55.83471991121769,changed,61.4990234375,REVOKE,read_set_version_changed_at_commit,55.02364784479141,,,5.089411046355963,50.326392985880375,60.573231894522905,55.3512629121542,60.113058891147375,
155,xair_atomic,1,45.0,50.0,concurrent,0,1,0,0,0,2515,2515,before_check,0,0,,,,,57.42342071607709,58.89827897772193,54.84025366604328,55.60982786118984,changed,60.679931640625,REVOKE,read_set_version_changed_at_commit,55.01035274937749,,,4.85908892005682,50.076534040272236,60.98652770742774,55.08268903940916,59.86944166943431,
156,xair_atomic,1,45.0,50.0,concurrent,0,1,0,0,0,2517,2517,before_check,0,0,,,,,57.747107930481434,59.09213190898299,55.30795082449913,56.399078108370304,changed,61.1201171875,REVOKE,read_set_version_changed_at_commit,55.167869199067354,,,4.83950087800622,50.08829478174448,61.50479009374976,55.10904686525464,60.007370077073574,
157,xair_atomic,0,,50.0,control,1,0,0,0,0,,2518,control,0,0,,0.8497950620949268,2.64991307631135,59.83004719018936,57.18013411387801,58.980252128094435,,,committed,61.243896484375,EXECUTE,authorization_committed,55.19129196181893,55.21028768271208,0.018995720893144608,4.634647164493799,,,54.71761291846633,59.82593912631273,59.84493484720588
158,xair_atomic,0,,50.0,control,1,0,0,0,0,,2519,control,0,0,,1.1086896993219852,2.505321055650711,60.241338796913624,57.73601774126291,59.13264909759164,,,committed,61.306884765625,EXECUTE,authorization_committed,54.97642932459712,54.988302290439606,0.011872965842485428,5.26185380294919,,,55.33520178869367,60.23828312754631,60.250156093388796
159,xair_atomic,1,45.0,50.0,concurrent,0,1,0,0,0,2521,2521,before_check,0,0,,,,,58.33582393825054,59.84034761786461,55.72395212948322,56.84108892455697,changed,62.446044921875,REVOKE,read_set_version_changed_at_commit,56.25139130279422,,,4.473655950278044,49.70712121576071,62.02124012634158,54.722453001886606,60.72504725307226,
160,xair_atomic,0,,50.0,control,1,0,0,0,0,,2522,control,0,0,,1.255716197192669,2.643741201609373,59.930415358394384,57.28667415678501,58.674699161201715,,,committed,60.949951171875,EXECUTE,authorization_committed,55.89364981278777,55.91440899297595,0.020759180188179016,4.033108241856098,,,54.155558347702026,59.92675805464387,59.94751723483205
161,xair_atomic,1,50.0,50.0,concurrent,0,1,0,0,0,2524,2524,before_check,0,0,,,,,62.70154565572739,64.10574074834585,60.375120025128126,61.2779650837183,changed,66.27001953125,REVOKE,read_set_version_changed_at_commit,59.770384803414345,,,5.320223979651928,55.55769009515643,66.71103974804282,55.723650846630335,65.09060878306627,
162,xair_atomic,1,50.0,50.0,concurrent,1,0,0,0,1,2526,2525,after_check,0,0,after_middleware,0.9361971169710159,2.3751980625092983,58.97465301677585,56.59945495426655,58.03845589980483,60.64822291955352,61.81421084329486,committed,59.5791015625,EXECUTE,authorization_committed,54.79286378249526,54.81017706915736,0.017313286662101746,4.176788963377476,54.457124788314104,67.09688482806087,54.33366307988763,58.969652745872736,58.98696603253484
163,xair_atomic,0,,50.0,control,1,0,0,0,0,,2527,control,0,0,,0.9728958830237389,2.509390003979206,60.48684008419514,57.97745008021593,59.5139442011714,,,committed,62.137939453125,EXECUTE,authorization_committed,55.4743530228734,55.48406206071377,0.009709037840366364,5.009731277823448,,,55.079993326216936,60.48408430069685,60.493793338537216
164,xair_atomic,1,50.0,50.0,concurrent,1,0,0,0,1,2529,2528,after_check,0,0,after_middleware,1.1272062547504902,2.533375285565853,60.98314234986901,58.44976706430316,59.85593609511852,62.51959502696991,63.660165295004845,committed,62.43896484375,EXECUTE,authorization_committed,55.74705498293042,55.76796503737569,0.020910054445266724,5.2317483350634575,55.44951697811484,68.80668317899108,55.604358203709126,60.97880331799388,60.999713372439146
165,xair_atomic,1,50.0,50.0,concurrent,1,0,0,0,1,2531,2530,after_check,0,0,after_middleware,1.3350853696465492,2.8316243551671505,62.30453122407198,59.47290686890483,60.96944585442543,63.207294791936874,64.19743318110704,committed,63.193115234375,EXECUTE,authorization_committed,57.17981420457363,57.20259714871645,0.02278294414281845,5.119326990097761,55.60084106400609,69.52609308063984,55.38796121254563,62.29914119467139,62.32192413881421
166,xair_atomic,1,50.0,50.0,concurrent,0,1,0,0,0,2533,2533,before_check,0,0,,,,,63.69582191109657,65.07803592830896,61.10103288665414,62.256951816380024,changed,67.718994140625,REVOKE,read_set_version_changed_at_commit,61.03595020249486,,,5.173538811504841,55.465316865593195,67.42877699434757,55.3498100489378,66.2094890139997,
167,xair_atomic,1,50.0,50.0,concurrent,1,0,0,0,1,2535,2534,after_check,0,0,after_middleware,1.1349902488291264,2.4981782771646976,60.91974209994078,58.42156382277608,59.78475185111165,61.936229933053255,63.063635025173426,committed,62.089111328125,EXECUTE,authorization_committed,56.015199050307274,56.03571701794863,0.020517967641353607,4.899914842098951,55.16656581312418,68.5286009684205,55.44689204543829,60.915113892406225,60.93563186004758
168,xair_atomic,1,50.0,50.0,concurrent,1,0,0,0,1,2537,2536,after_check,0,0,after_middleware,1.0123499669134617,2.3692958056926727,59.7585029900074,57.38920718431473,58.74615302309394,60.9858762472868,62.20976309850812,committed,61.06396484375,EXECUTE,authorization_committed,54.86590089276433,54.883704986423254,0.017804093658924103,4.888514056801796,55.045589338988066,66.74484303221107,55.14643806964159,59.754414949566126,59.77221904322505
169,xair_atomic,1,50.0,50.0,concurrent,0,1,0,0,0,2539,2539,before_check,0,0,,,,,62.767420429736376,64.22853237017989,60.2857731282711,61.16421101614833,changed,65.634033203125,REVOKE,read_set_version_changed_at_commit,60.12584175914526,,,5.101504269987345,55.264299269765615,66.2555661983788,55.38366315886378,65.2273460291326,
170,xair_atomic,0,,50.0,control,1,0,0,0,0,,2540,control,0,0,,0.9100278839468956,2.105371095240116,60.10254891589284,57.99717782065272,59.192521031945944,,,committed,61.375,EXECUTE,authorization_committed,55.137560702860355,55.15958275645971,0.022022053599357605,4.959356971085072,,,55.05856312811375,60.09691767394543,60.118939727544785
171,xair_atomic,0,,50.0,control,1,0,0,0,0,,2541,control,0,0,,0.8675078861415386,2.349137794226408,59.599313884973526,57.25017609074712,58.73180599883199,,,committed,60.60595703125,EXECUTE,authorization_committed,54.732420947402716,54.751817137002945,0.019396189600229263,4.862836096435785,,,54.94465911760926,59.5952570438385,59.61465323343873
172,xair_atomic,1,50.0,50.0,concurrent,1,0,0,0,1,2543,2542,after_check,0,0,after_middleware,1.0037240572273731,2.2333813831210136,59.79723623022437,57.56385484710336,58.793512172997,61.496465001255274,62.71068286150694,committed,61.194091796875,EXECUTE,authorization_committed,54.85159484669566,54.87013002857566,0.018535181879997253,4.940531216561794,55.182135198265314,67.63976300135255,55.324612185359,59.792126063257456,59.81066124513745
173,xair_atomic,0,,50.0,control,1,0,0,0,0,,2544,control,0,0,,1.0090330615639687,2.481897361576557,59.87559212371707,57.39369476214051,58.8665590621531,,,committed,60.69091796875,EXECUTE,authorization_committed,55.441010277718306,55.45972613617778,0.018715858459472656,4.430283792316914,,,54.51253801584244,59.87129407003522,59.89000992849469
174,xair_atomic,1,50.0,50.0,concurrent,0,1,0,0,0,2546,2546,before_check,0,0,,,,,62.961633782833815,64.2360458150506,60.4859278537333,61.43410783261061,changed,65.85693359375,REVOKE,read_set_version_changed_at_commit,60.187047347426414,,,4.976448602974415,55.20194163545966,66.70317566022277,55.453323759138584,65.16349595040083,
175,xair_atomic,0,,50.0,control,1,0,0,0,0,,2547,control,0,0,,0.9686979465186596,2.122633159160614,59.75240096449852,57.629767805337906,58.78370301797986,,,committed,61.618896484375,EXECUTE,authorization_committed,54.766996297985315,54.79026027023792,0.023263972252607346,4.980525933206081,,,55.05614820867777,59.7475222311914,59.770786203444004
176,xair_atomic,1,50.0,50.0,concurrent,0,1,0,0,0,2549,2549,before_check,0,0,,,,,63.31572821363807,65.42193097993731,61.30618695169687,62.04293016344309,changed,67.43896484375,REVOKE,read_set_version_changed_at_commit,61.70212011784315,,,5.035770125687122,55.22603681311011,68.03201884031296,55.61550799757242,66.73789024353027,
177,xair_atomic,1,50.0,50.0,concurrent,0,1,0,0,0,2551,2551,before_check,0,0,,,,,63.3970620110631,64.68175211921334,60.92987069860101,62.00805492699146,changed,67.489990234375,REVOKE,read_set_version_changed_at_commit,61.64591480046511,,,4.487982019782066,54.84821880236268,67.2445921227336,55.323501117527485,66.13389682024717,
178,xair_atomic,1,50.0,50.0,concurrent,1,0,0,0,1,2553,2552,after_check,0,0,after_middleware,1.073203980922699,2.466178499162197,61.45191099494696,58.98573249578476,60.37870701402426,62.85317987203598,63.94137209281325,committed,62.802001953125,EXECUTE,authorization_committed,56.437000166624784,56.456456892192364,0.01945672556757927,5.009971093386412,55.82493124529719,69.20999009162188,55.96398236230016,61.446971260011196,61.466427985578775
179,xair_atomic,1,50.0,50.0,concurrent,1,0,0,0,1,2555,2554,after_check,0,0,after_middleware,1.2700743973255157,2.9474319890141487,60.78466912731528,57.837237138301134,59.51459472998977,62.182250898331404,63.49320197477937,committed,61.076904296875,EXECUTE,authorization_committed,56.17578001692891,56.18495726957917,0.009177252650260925,4.6063438057899475,54.774560034275055,68.71530087664723,54.86638192087412,60.78212382271886,60.79130107536912
180,xair_atomic,0,,50.0,control,1,0,0,0,0,,2556,control,0,0,,1.3999268412590027,3.1683859415352345,62.50642007216811,59.33803413063288,61.10649323090911,,,committed,63.26708984375,EXECUTE,authorization_committed,57.138475589454174,57.160908821970224,0.02243323251605034,5.363064352422953,,,55.45587930828333,62.50153994187713,62.52397317439318
181,xair_atomic,0,,50.0,control,1,0,0,0,0,,2557,control,0,0,,1.1670095846056938,2.6965499855577946,61.32702575996518,58.63047577440739,60.16001617535949,,,committed,62.19189453125,EXECUTE,authorization_committed,55.82594312727451,55.85332401096821,0.02738088369369507,5.487557966262102,,,55.5647830478847,61.313501093536615,61.34088197723031
182,xair_atomic,0,,50.0,control,1,0,0,0,0,,2558,control,0,0,,1.255837269127369,2.3212763480842113,60.462264344096184,58.14098799601197,59.206427074968815,,,committed,61.89208984375,EXECUTE,authorization_committed,55.39674777537584,55.41591392830014,0.01916615292429924,5.059715360403061,,,55.149614345282316,60.456463135778904,60.4756292887032
183,xair_atomic,1,50.0,50.0,concurrent,0,1,0,0,0,2560,2560,before_check,0,0,,,,,63.41738998889923,65.03601698204875,60.663080774247646,62.048510648310184,changed,67.47802734375,REVOKE,read_set_version_changed_at_commit,61.39667797833681,,,5.061267875134945,55.27448887005448,67.00690602883697,55.491205770522356,66.45794585347176,
184,xair_atomic,0,,50.0,control,1,0,0,0,0,,2561,control,0,0,,0.9765229187905788,2.310466021299362,58.954544831067324,56.64407880976796,57.978021912276745,,,committed,59.614990234375,EXECUTE,authorization_committed,54.562412202358246,54.57707028836012,0.014658086001873016,4.388204775750637,,,54.46275603026152,58.95061697810888,58.965275064110756
185,xair_atomic,1,50.0,50.0,concurrent,0,1,0,0,0,2563,2563,before_check,0,0,,,,,61.881807167083025,63.48061701282859,59.126527048647404,60.04769494757056,changed,65.1669921875,REVOKE,read_set_version_changed_at_commit,59.98706165701151,,,4.484325181692839,54.64639887213707,66.37292494997382,54.78423787280917,64.47138683870435,
186,xair_atomic,1,50.0,50.0,concurrent,1,0,0,0,1,2565,2564,after_check,0,0,after_middleware,1.015366055071354,2.0363819785416126,59.30846882984042,57.27208685129881,58.29310277476907,60.58489391580224,61.80404173210263,committed,60.60009765625,EXECUTE,authorization_committed,54.887332022190094,54.90611819550395,0.018786173313856125,4.416236653923988,54.65325200930238,66.83536292985082,54.83552487567067,59.30356867611408,59.32235484942794
187,xair_atomic,1,50.0,50.0,concurrent,0,1,0,0,0,2567,2567,before_check,0,0,,,,,62.156633008271456,63.4698779322207,59.25685213878751,60.72242185473442,changed,66.304931640625,REVOKE,read_set_version_changed_at_commit,60.21055206656456,,,4.579553846269846,54.772295989096165,66.30605971440673,54.98225009068847,64.7901059128344,
188,xair_atomic,1,50.0,50.0,concurrent,0,1,0,0,0,2569,2569,before_check,0,0,,,,,62.320610973984,63.416948076337576,60.8597700484097,62.26962525397539,changed,66.445068359375,REVOKE,read_set_version_changed_at_commit,59.36357192695141,,,5.101623944938183,55.33977085724473,69.10421093925834,55.593707133084536,64.46519587188959,
189,xair_atomic,1,50.0,50.0,concurrent,0,1,0,0,0,2571,2571,before_check,0,0,,,,,64.12862427532673,65.57618035003543,60.97681913524866,62.487062998116016,changed,67.634033203125,REVOKE,read_set_version_changed_at_commit,61.970665119588375,,,4.718865267932415,55.03131216391921,68.45368025824428,55.33730611205101,66.68953038752079,
190,xair_atomic,1,50.0,50.0,concurrent,0,1,0,0,0,2573,2573,before_check,0,0,,,,,62.55217595025897,63.99954203516245,60.18723826855421,61.28767319023609,changed,66.39599609375,REVOKE,read_set_version_changed_at_commit,60.21195417270064,,,4.950399976223707,55.21304300054908,66.6899411007762,55.45964604243636,65.16235414892435,
191,xair_atomic,1,50.0,50.0,concurrent,1,0,0,0,1,2575,2574,after_check,0,0,after_middleware,1.3761529698967934,2.6037259958684444,60.83444179967046,58.23071580380201,59.458288829773664,61.57638365402818,62.44355207309127,committed,61.73291015625,EXECUTE,authorization_committed,56.0559737496078,56.07751477509737,0.02154102548956871,4.772936925292015,54.9871688708663,67.41959974169731,55.3503199480474,60.82891067489982,60.850451700389385
192,xair_atomic,1,50.0,50.0,concurrent,1,0,0,0,1,2577,2576,after_check,0,0,after_middleware,1.2930366210639477,2.615849021822214,61.07918079942465,58.463331777602434,59.7861441783607,62.158937100321054,63.265252858400345,committed,61.465087890625,EXECUTE,authorization_committed,56.44932296127081,56.473218370229006,0.02389540895819664,4.624657798558474,54.87480806186795,68.19808017462492,55.21789193153381,61.07398075982928,61.09787616878748
193,xair_atomic,1,50.0,50.0,concurrent,0,1,0,0,0,2579,2579,before_check,0,0,,,,,67.21645826473832,68.59405431896448,64.26980905234814,65.68269990384579,changed,70.720947265625,REVOKE,read_set_version_changed_at_commit,64.61782194674015,,,5.127222277224064,55.44402590021491,71.60368235781789,55.80291012302041,69.74504422396421,
194,xair_atomic,1,50.0,50.0,concurrent,1,0,0,0,1,2581,2580,after_check,0,0,after_middleware,1.0955659672617912,2.5846599601209164,61.69936480000615,59.114704839885235,60.60379883274436,63.12039168551564,64.37496561557055,committed,63.1689453125,EXECUTE,authorization_committed,56.01124092936516,56.034063920378685,0.022822991013526917,5.682243034243584,55.938854813575745,69.31087886914611,56.29162676632404,61.69348396360874,61.71630695462227
195,xair_atomic,1,50.0,50.0,concurrent,1,0,0,0,1,2583,2582,after_check,0,0,after_middleware,1.0437378659844398,2.6374291628599167,60.03682501614094,57.39939585328102,58.9930871501565,61.548272147774696,62.84936284646392,committed,60.552978515625,EXECUTE,authorization_committed,55.222220718860626,55.24494266137481,0.022721942514181137,4.809465259313583,55.01536186784506,67.6608020439744,55.13536697253585,60.03168597817421,60.05440792068839
196,xair_atomic,1,50.0,50.0,concurrent,1,0,0,0,1,2585,2584,after_check,0,0,after_middleware,1.0113678872585297,2.2384808398783207,59.56152267754078,57.32304183766246,58.55015479028225,61.30019575357437,62.28970270603895,committed,60.26806640625,EXECUTE,authorization_committed,54.81702974066138,54.82987407594919,0.012844335287809372,4.741637967526913,54.920332971960306,67.55390064790845,55.021814070641994,59.558667708188295,59.571512043476105
197,xair_atomic,1,50.0,50.0,concurrent,1,0,0,0,1,2587,2586,after_check,0,0,after_middleware,1.1997520923614502,2.4118470028042793,60.20955042913556,57.79770342633128,59.00979833677411,62.01098021119833,62.988254241645336,committed,61.18310546875,EXECUTE,authorization_committed,55.48581527546048,55.496585089713335,0.010769814252853394,4.720929078757763,54.92139607667923,67.83092208206654,55.086576379835606,60.206744354218245,60.2175141684711
198,xair_atomic,1,50.0,50.0,concurrent,0,1,0,0,0,2589,2589,before_check,0,0,,,,,63.3374797180295,64.78434428572655,60.33593602478504,61.7679744027555,changed,67.157958984375,REVOKE,read_set_version_changed_at_commit,61.32087484002113,,,4.454970359802246,54.734394419938326,67.23218830302358,55.114508140832186,65.77584519982338,
199,xair_atomic,1,50.0,50.0,concurrent,0,1,0,0,0,2591,2591,before_check,0,0,,,,,62.309419736266136,63.71799297630787,59.75327268242836,60.80661993473768,changed,66.43896484375,REVOKE,read_set_version_changed_at_commit,59.810040052980185,,,4.774388857185841,54.97531592845917,65.72072068229318,55.12106977403164,64.58442891016603,
200,xair_atomic,1,55.0,50.0,after_release,1,0,0,0,1,2593,2592,after_check,0,0,after_middleware,0.8387439884245396,2.1035969257354736,59.61023410782218,57.506637182086706,58.77149011939764,65.59725990518928,66.97446387261152,committed,61.23193359375,EXECUTE,authorization_committed,54.666558280587196,54.680193308740854,0.013635028153657913,4.941241815686226,60.23468589410186,72.14835425838828,55.255542043596506,59.60780009627342,59.62143512442708
201,xair_atomic,1,55.0,50.0,after_release,1,0,0,0,1,2595,2594,after_check,0,0,after_middleware,0.8536321111023426,1.9271168857812881,59.360235929489136,57.43311904370785,58.50660381838679,65.05316914990544,66.24181009829044,committed,60.6650390625,EXECUTE,authorization_committed,54.673800710588694,54.687917698174715,0.014116987586021423,4.6839602291584015,59.92146907374263,71.3456179946661,54.941343143582344,59.357760939747095,59.37187792733312
202,xair_atomic,1,55.0,50.0,after_release,1,0,0,0,1,2597,2596,after_check,0,0,after_middleware,0.8175238035619259,2.137560863047838,59.790622908622026,57.65306204557419,58.9730991050601,65.23801572620869,66.1423928104341,committed,61.071044921875,EXECUTE,authorization_committed,54.930883925408125,54.946823976933956,0.015940051525831223,4.856192972511053,60.129699762910604,71.43386313691735,55.13909412547946,59.78707689791918,59.80301694944501
203,xair_atomic,1,55.0,50.0,concurrent,1,0,0,0,1,2599,2598,after_check,0,0,after_middleware,1.1370428837835789,2.425040118396282,60.381040908396244,57.95600078999996,59.243998024612665,65.34489709883928,66.59766798838973,committed,61.76611328125,EXECUTE,authorization_committed,55.70376385003328,55.729671847075224,0.02590799704194069,4.670634865760803,59.87977096810937,71.89462799578905,54.89063775166869,60.37439871579409,60.40030671283603
204,xair_atomic,1,55.0,50.0,after_release,1,0,0,0,1,2601,2600,after_check,0,0,after_middleware,0.7734708487987518,1.9488469697535038,59.24788489937782,57.29903792962432,58.47441405057907,65.29511278495193,66.74056593328714,committed,60.554931640625,EXECUTE,authorization_committed,54.46300469338894,54.482731968164444,0.019727274775505066,4.780291114002466,60.066862031817436,72.43952015414834,55.080854799598455,59.243295807391405,59.26302308216691
205,xair_atomic,1,55.0,50.0,concurrent,1,0,0,0,1,2603,2602,after_check,0,0,after_middleware,1.2370310723781586,2.862021327018738,61.638621147722006,58.77659982070327,60.40159007534385,65.18208095803857,66.34457223117352,committed,62.093994140625,EXECUTE,authorization_committed,56.382297072559595,56.40386696904898,0.02156989648938179,5.250363145023584,60.43891003355384,71.72509888187051,55.449315812438726,61.63266021758318,61.65423011407256
206,xair_atomic,1,55.0,50.0,after_release,1,0,0,0,1,2605,2604,after_check,0,0,after_middleware,1.0593277402222157,2.185320947319269,59.97193371877074,57.78661277145147,58.91260597854853,65.3408789075911,66.83202693238854,committed,61.196044921875,EXECUTE,authorization_committed,54.93380920961499,54.95066102594137,0.016851816326379776,5.034567788243294,60.36781705915928,72.0529449172318,55.374535731971264,59.968376997858286,59.985228814184666
207,xair_atomic,0,,50.0,control,1,0,0,0,0,,2606,control,0,0,,0.8323518559336662,2.3117479868233204,59.58581902086735,57.27407103404403,58.75346716493368,,,committed,60.52490234375,EXECUTE,authorization_committed,54.77617308497429,54.78902719914913,0.012854114174842834,4.805638920515776,,,54.88070007413626,59.581812005490065,59.59466611966491
208,xair_atomic,1,55.0,50.0,concurrent,1,0,0,0,1,2608,2607,after_check,0,0,after_middleware,1.3849693350493908,2.9785591177642345,64.5843492820859,61.60579016432166,63.199379947036505,66.20995001867414,67.34158424660563,committed,65.591064453125,EXECUTE,authorization_committed,59.806753881275654,59.83382510021329,0.027071218937635422,4.7704922035336494,60.009052976965904,72.881821077317,55.049195885658264,64.5772460848093,64.60431730374694
209,xair_atomic,1,55.0,50.0,concurrent,1,0,0,0,1,2610,2609,after_check,0,0,after_middleware,1.174114178866148,2.6137763634324074,60.076550114899874,57.462773751467466,58.902435936033726,64.25187503919005,65.41973678395152,committed,61.241943359375,EXECUTE,authorization_committed,55.42609328404069,55.44672207906842,0.02062879502773285,4.645426757633686,59.89203276112676,70.5134249292314,54.8443510197103,60.071520041674376,60.09214883670211
210,xair_atomic,1,55.0,50.0,concurrent,1,0,0,0,1,2612,2611,after_check,0,0,after_middleware,1.3053091242909431,2.665662206709385,61.35366624221206,58.68800403550267,60.048357117921114,65.86241722106934,66.96339417248964,committed,63.258056640625,EXECUTE,authorization_committed,55.896725971251726,55.91947864741087,0.022752676159143448,5.451400298625231,60.71726232767105,72.48741015791893,55.749339051544666,61.34812626987696,61.3708789460361
211,xair_atomic,1,55.0,50.0,concurrent,1,0,0,0,1,2614,2613,after_check,0,0,after_middleware,1.227082684636116,2.691340632736683,61.375537887215614,58.68419725447893,60.1484552025795,65.98496809601784,67.21870321780443,committed,63.62890625,EXECUTE,authorization_committed,55.98023300990462,56.000330951064825,0.020097941160202026,5.390656180679798,60.62911683693528,72.93538097292185,55.65585382282734,61.37088919058442,61.39098713174462
212,xair_atomic,0,,50.0,control,1,0,0,0,0,,2615,control,0,0,,1.102989073842764,2.6919706724584103,59.74542768672109,57.053457014262676,58.64243861287832,,,committed,60.718017578125,EXECUTE,authorization_committed,55.222279857844114,55.246144998818636,0.023865140974521637,4.51618479564786,,,54.59051486104727,59.738464653491974,59.762329794466496
213,xair_atomic,1,55.0,50.0,after_release,1,0,0,0,1,2617,2616,after_check,0,0,after_middleware,1.1167959310114384,2.3806379176676273,59.83069911599159,57.450061198323965,58.713903184980154,64.9599339812994,65.93974307179451,committed,61.0859375,EXECUTE,authorization_committed,55.07127707824111,55.093247909098864,0.021970830857753754,4.754242021590471,59.953459072858095,71.50828326120973,54.96415589004755,59.82551909983158,59.847489930689335
214,xair_atomic,1,55.0,50.0,after_release,1,0,0,0,1,2619,2618,after_check,0,0,after_middleware,0.9485511109232903,2.3480174131691456,60.09493535384536,57.74691794067621,59.14638424292207,65.35198027268052,66.3839471526444,committed,62.22705078125,EXECUTE,authorization_committed,55.067981127649546,55.08738709613681,0.019405968487262726,5.0226859748363495,60.184021946042776,71.21871039271355,55.23668834939599,60.090667102485895,60.11007307097316
215,xair_atomic,1,55.0,50.0,concurrent,1,0,0,0,1,2621,2620,after_check,0,0,after_middleware,1.2759948149323463,2.9493849724531174,64.67661261558533,61.72722764313221,63.40061780065298,66.6751628741622,67.8276657126844,committed,66.196044921875,EXECUTE,authorization_committed,60.09512534365058,60.11101510375738,0.015889760106801987,4.5769186690449715,59.81799494475126,74.68617707490921,54.82498463243246,64.67204401269555,64.68793377280235
216,xair_atomic,0,,50.0,control,1,0,0,0,0,,2622,control,0,0,,1.1417721398174763,2.566796261817217,60.820464976131916,58.2536687143147,59.67869283631444,,,committed,61.638916015625,EXECUTE,authorization_committed,55.152649991214275,55.16628501936793,0.013635028153657913,5.664218682795763,,,55.73525279760361,60.81686867401004,60.830503702163696
217,xair_atomic,1,55.0,50.0,after_release,1,0,0,0,1,2624,2623,after_check,0,0,after_middleware,0.9755007922649384,2.3098946548998356,59.53124677762389,57.221352122724056,58.55574598535895,64.31054603308439,65.4051499441266,committed,60.43310546875,EXECUTE,authorization_committed,54.69928914681077,54.72529819235206,0.02600904554128647,4.827729891985655,60.028620064258575,70.34276612102985,55.04539888352156,59.527019038796425,59.55302808433771
218,xair_atomic,1,55.0,50.0,after_release,1,0,0,0,1,2626,2625,after_check,0,0,after_middleware,0.8488730527460575,2.141317818313837,59.433543123304844,57.29222530499101,58.584670070558786,64.45522699505091,65.66549791023135,committed,59.740966796875,EXECUTE,authorization_committed,54.867513943463564,54.88643981516361,0.018925871700048447,4.560739267617464,59.78578422218561,70.95297984778881,54.78613218292594,59.42825321108103,59.447179082781076
219,xair_atomic,1,55.0,50.0,after_release,1,0,0,0,1,2628,2627,after_check,0,0,after_middleware,0.9046681225299835,2.3173289373517036,59.48128318414092,57.16395424678922,58.57661506161094,63.97908413782716,65.17226295545697,committed,60.781005859375,EXECUTE,authorization_committed,55.148241110146046,55.16335926949978,0.015118159353733063,4.328764043748379,59.52380318194628,70.0272242538631,54.5333381742239,59.477005153894424,59.49212331324816
220,xair_atomic,1,55.0,50.0,concurrent,1,0,0,0,1,2630,2629,after_check,0,0,after_middleware,1.4905976131558418,3.2356525771319866,61.756602954119444,58.52095037698746,60.2660053409636,65.75561733916402,67.16530304402113,committed,62.450927734375,EXECUTE,authorization_committed,57.255346328020096,57.28368926793337,0.028342939913272858,4.493040964007378,59.739848133176565,74.30826732888818,55.25845801457763,61.74838729202747,61.776730231940746
221,xair_atomic,1,55.0,50.0,after_release,1,0,0,0,1,2632,2631,after_check,0,0,after_middleware,1.0376968421041965,2.3688352666795254,59.345999266952276,56.97716400027275,58.30830242484808,63.861172180622816,64.93708118796349,committed,60.447998046875,EXECUTE,authorization_committed,55.055808275938034,55.0779290497303,0.022120773792266846,4.284671042114496,59.44679817184806,69.523218087852,54.45611337199807,59.34047931805253,59.3626000918448
222,xair_atomic,1,55.0,50.0,after_release,1,0,0,0,1,2634,2633,after_check,0,0,after_middleware,0.8421600796282291,2.2667436860501766,59.23807621002197,56.971332523971796,58.39591613039374,63.70988814160228,64.81317896395922,committed,60.326904296875,EXECUTE,authorization_committed,54.98991394415498,55.00451195985079,0.014598015695810318,4.2444150894880295,59.43804234266281,69.74173802882433,54.44828839972615,59.23432903364301,59.24892704933882
223,xair_atomic,1,55.0,50.0,after_release,1,0,0,0,1,2636,2635,after_check,0,0,after_middleware,0.8265208452939987,2.199426759034395,59.30727580562234,57.107849046587944,58.48075496032834,63.94734280183911,65.3259209357202,committed,60.965087890625,EXECUTE,authorization_committed,54.873436223715544,54.88706100732088,0.013624783605337143,4.430473782122135,59.636092744767666,70.01415872946382,54.643935058265924,59.30391000583768,59.317534789443016
224,xair_atomic,1,55.0,50.0,concurrent,1,0,0,0,1,2638,2637,after_check,0,0,after_middleware,0.9776451624929905,2.6776152662932873,60.87049003690481,58.192874770611525,59.89284487441182,65.02272188663483,66.10037386417389,committed,61.677978515625,EXECUTE,authorization_committed,56.16563092917204,56.1878327280283,0.022201798856258392,4.699659068137407,59.949391055852175,71.67251082137227,55.105119943618774,60.865289997309446,60.887491796165705
225,xair_atomic,0,,50.0,control,1,0,0,0,0,,2639,control,0,0,,0.9372890926897526,2.4267537519335747,60.59254799038172,58.16579423844814,59.655258897691965,,,committed,62.114013671875,EXECUTE,authorization_committed,55.81226805225015,55.83251640200615,0.020248349756002426,4.775951616466045,,,54.87797362729907,60.58821966871619,60.608468018472195
226,xair_atomic,0,,50.0,control,1,0,0,0,0,,2640,control,0,0,,0.795912928879261,2.415842842310667,59.969267807900906,57.55342496559024,59.173354879021645,,,committed,61.762939453125,EXECUTE,authorization_committed,55.17455004155636,55.189799051731825,0.015249010175466537,4.790960811078548,,,54.861933924257755,59.96551085263491,59.98075986281037
227,xair_atomic,1,55.0,50.0,concurrent,1,0,0,0,1,2642,2641,after_check,0,0,after_middleware,1.0154959745705128,2.549002878367901,60.34292979165912,57.793926913291216,59.327433817088604,64.8898626677692,66.0162060521543,committed,61.429931640625,EXECUTE,authorization_committed,55.95969408750534,55.970925372093916,0.011231284588575363,4.3798997066915035,59.57144172862172,71.52853067964315,54.579924792051315,60.339593794196844,60.35082507878542
228,xair_atomic,0,,50.0,control,1,0,0,0,0,,2643,control,0,0,,0.9289029985666275,2.522704191505909,59.927530121058226,57.40482592955232,58.9986271224916,,,committed,60.8349609375,EXECUTE,authorization_committed,55.2815911360085,55.2974808961153,0.015889760106801987,4.642372019588947,,,54.713294841349125,59.92396315559745,59.93985291570425
229,xair_atomic,0,,50.0,control,1,0,0,0,0,,2644,control,0,0,,0.9936150163412094,2.320094034075737,59.54546295106411,57.22536891698837,58.5518479347229,,,committed,60.906005859375,EXECUTE,authorization_committed,54.847356863319874,54.859580006450415,0.012223143130540848,4.694940056651831,,,54.77292696014047,59.542296919971704,59.554520063102245
230,xair_atomic,0,,50.0,control,1,0,0,0,0,,2645,control,0,0,,1.1062147095799446,2.5479309260845184,60.643563978374004,58.095633052289486,59.53734926879406,,,committed,61.508056640625,EXECUTE,authorization_committed,55.192184168845415,55.21309422329068,0.020910054445266724,5.447152070701122,,,55.53853418678045,60.63933623954654,60.660246293991804
231,xair_atomic,0,,50.0,control,1,0,0,0,0,,2646,control,0,0,,1.2711151503026485,2.8048832900822163,60.98023522645235,58.175351936370134,59.7091200761497,,,committed,61.927001953125,EXECUTE,authorization_committed,55.782332085072994,55.80723797902465,0.024905893951654434,5.19330520182848,,,55.27998832985759,60.975637286901474,61.00054318085313
232,xair_atomic,1,55.0,50.0,after_release,1,0,0,0,1,2648,2647,after_check,0,0,after_middleware,0.9044473990797997,2.277454361319542,60.319426003843546,58.041971642524004,59.414978604763746,65.17917569726706,66.38994766399264,committed,61.319091796875,EXECUTE,authorization_committed,54.99561503529549,55.016144178807735,0.020529143512248993,5.318890791386366,60.59221783652902,71.69457199051976,55.53387477993965,60.31450582668185,60.3350349701941
233,xair_atomic,1,55.0,50.0,concurrent,1,0,0,0,1,2650,2649,after_check,0,0,after_middleware,1.480707898736,2.8586536645889282,61.038925778120756,58.18027211353183,59.558217879384756,65.64233498647809,66.7372397147119,committed,61.6630859375,EXECUTE,authorization_committed,55.88084599003196,55.89244794100523,0.011601950973272324,5.155295133590698,60.47541880980134,72.15069886296988,55.47407269477844,61.036141123622656,61.04774307459593
234,xair_atomic,1,55.0,50.0,concurrent,1,0,0,0,1,2652,2651,after_check,0,0,after_middleware,1.303396187722683,3.075852058827877,63.77059314399958,60.6947410851717,62.467196956276894,65.36586582660675,66.34894106537104,committed,64.300048828125,EXECUTE,authorization_committed,58.39968426153064,58.41723596677184,0.017551705241203308,5.367091856896877,60.588181018829346,71.64021115750074,55.61109120026231,63.766776118427515,63.78432782366872
235,xair_atomic,1,55.0,50.0,after_release,1,0,0,0,1,2654,2653,after_check,0,0,after_middleware,0.9289528243243694,2.4424828588962555,60.410276055336,57.96779319643974,59.48132323101163,65.6755669042468,67.00417120009661,committed,61.2451171875,EXECUTE,authorization_committed,55.1188257522881,55.12923467904329,0.010408926755189896,5.2884952165186405,60.46292511746287,71.80712418630719,55.469525046646595,60.407320968806744,60.41772989556193
236,xair_atomic,1,55.0,50.0,concurrent,1,0,0,0,1,2656,2655,after_check,0,0,after_middleware,0.9933547116816044,2.3493189364671707,60.42068591341376,58.07136697694659,59.42733120173216,64.62186994031072,65.73610100895166,committed,61.909912109375,EXECUTE,authorization_committed,55.41576398536563,55.43431779369712,0.018553808331489563,5.0012352876365185,60.253472067415714,70.97333902493119,55.189138278365135,60.41699927300215,60.43555308133364
237,xair_atomic,1,55.0,50.0,concurrent,1,0,0,0,1,2658,2657,after_check,0,0,after_middleware,1.0357033461332321,3.124633338302374,60.61594234779477,57.4913090094924,59.58023900166154,64.80401195585728,66.0323272459209,committed,60.7939453125,EXECUTE,authorization_committed,55.95057690516114,56.00651167333126,0.05593476817011833,4.661949351429939,59.83884399756789,71.03238999843597,54.84948121011257,60.61252625659108,60.6684610247612
238,xair_atomic,0,,50.0,control,1,0,0,0,0,,2659,control,0,0,,1.0150247253477573,2.466989681124687,60.057684779167175,57.59069509804249,59.04266005381942,,,committed,61.6279296875,EXECUTE,authorization_committed,54.96067879721522,54.98112691566348,0.020448118448257446,5.092237144708633,,,55.16783893108368,60.05291594192386,60.073364060372114
239,xair_atomic,1,55.0,50.0,concurrent,1,0,0,0,1,2661,2660,after_check,0,0,after_middleware,1.1440669186413288,2.4946420453488827,60.18818961456418,57.6935475692153,59.04412269592285,64.50883764773607,65.66754169762135,committed,60.929931640625,EXECUTE,authorization_committed,55.36797409877181,55.387691128998995,0.019717030227184296,4.815506748855114,60.043197590857744,70.5468188971281,55.050658993422985,60.183480847626925,60.20319787785411
240,xair_atomic,1,60.0,50.0,after_release,1,0,0,0,1,2663,2662,after_check,0,0,after_middleware,1.0012490674853325,2.415332943201065,60.23057922720909,57.815246284008026,59.22933015972376,71.02554710581899,72.3450337536633,committed,61.466064453125,EXECUTE,authorization_committed,55.21849263459444,55.2389919757843,0.020499341189861298,5.008028354495764,65.2152830734849,77.57968595251441,55.22017739713192,60.226520989090204,60.247020330280066
241,xair_atomic,1,60.0,50.0,after_release,1,0,0,0,1,2665,2664,after_check,0,0,after_middleware,1.024662982672453,2.508997917175293,61.30396295338869,58.7949650362134,60.27929997071624,71.39598205685616,72.36001081764698,committed,62.166015625,EXECUTE,authorization_committed,55.84132298827171,55.859846994280815,0.018524006009101868,5.458592902868986,65.77189778909087,77.78577320277691,55.78189995139837,61.2999158911407,61.3184398971498
242,xair_atomic,1,60.0,50.0,after_release,1,0,0,0,1,2667,2666,after_check,0,0,after_middleware,0.9721540845930576,2.577416133135557,60.67375000566244,58.096333872526884,59.701595921069384,69.74129704758525,70.94602705910802,committed,62.072021484375,EXECUTE,authorization_committed,55.6833459995687,55.69299403578043,0.00964803621172905,4.987949971109629,65.1950347237289,76.21333189308643,55.19766407087445,60.67129597067833,60.68094400689006
243,xair_atomic,1,60.0,50.0,after_release,1,0,0,0,1,2669,2668,after_check,0,0,after_middleware,1.0191332548856735,2.3080920800566673,59.48486039415002,57.17676831409335,58.465727139264345,69.1659371368587,70.33677538856864,committed,60.73193359375,EXECUTE,authorization_committed,55.07510434836149,55.08518312126398,0.010078772902488708,4.407131113111973,64.60154242813587,75.85596200078726,54.61713531985879,59.482235461473465,59.492314234375954
244,xair_atomic,1,60.0,50.0,after_release,1,0,0,0,1,2671,2670,after_check,0,0,after_middleware,0.9819320403039455,2.5855223648250103,60.41233008727431,57.8268077224493,59.43039804697037,69.89491498097777,70.9533616900444,committed,61.2099609375,EXECUTE,authorization_committed,55.43787498027086,55.46503607183695,0.027161091566085815,4.967391956597567,65.21389074623585,76.26907713711262,55.22130895406008,60.40526693686843,60.432428028434515
245,xair_atomic,0,,50.0,control,1,0,0,0,0,,2672,control,0,0,,1.0515041649341583,2.048374153673649,60.048758052289486,58.00038389861584,58.99725388735533,,,committed,61.50390625,EXECUTE,authorization_committed,55.08721712976694,55.10743474587798,0.020217616111040115,4.956541117280722,,,55.04157114773989,60.04375824704766,60.0639758631587
246,xair_atomic,1,60.0,50.0,after_release,1,0,0,0,1,2674,2673,after_check,0,0,after_middleware,0.9539597667753696,2.494099549949169,60.06412673741579,57.57002718746662,59.11016697064042,69.62321605533361,70.77562808990479,committed,60.626953125,EXECUTE,authorization_committed,55.39250001311302,55.41956005617976,0.027060043066740036,4.664974752813578,64.88443305715919,75.94160316511989,54.895557928830385,60.0574747659266,60.08453480899334
247,xair_atomic,1,60.0,50.0,after_release,1,0,0,0,1,2676,2675,after_check,0,0,after_middleware,0.9686769917607307,2.0790412090718746,60.090816114097834,58.01177490502596,59.1221391223371,70.12620894238353,71.62566296756268,committed,61.531005859375,EXECUTE,authorization_committed,55.198836140334606,55.21986586973071,0.021029729396104813,4.8871710896492,65.20280009135604,76.5771851874888,55.20752212032676,60.08600722998381,60.10703695937991
248,xair_atomic,0,,50.0,control,1,0,0,0,0,,2677,control,0,0,,0.9148865938186646,2.3950450122356415,60.24452485144138,57.84947983920574,59.32963825762272,,,committed,61.840087890625,EXECUTE,authorization_committed,55.56632624939084,55.589308962225914,0.02298271283507347,4.67399088665843,,,54.75959228351712,60.24031713604927,60.263299848884344
249,xair_atomic,1,60.0,50.0,after_release,1,0,0,0,1,2679,2678,after_check,0,0,after_middleware,1.0510319843888283,2.3344303481280804,59.6137810498476,57.27935070171952,58.562749065458775,69.23147989436984,70.13226067647338,committed,61.216064453125,EXECUTE,authorization_committed,54.925502743572,54.937916807830334,0.012414064258337021,4.6855430118739605,64.94056805968285,75.0768599100411,54.94926776736975,59.61104575544596,59.623459819704294
250,xair_atomic,1,60.0,50.0,after_release,1,0,0,0,1,2681,2680,after_check,0,0,after_middleware,1.1371825821697712,2.7858070097863674,60.17387192696333,57.38806491717696,59.03668934479356,69.95359482243657,71.05909986421466,committed,61.118896484375,EXECUTE,authorization_committed,55.69461593404412,55.720374919474125,0.025758985430002213,4.476521164178848,64.74925903603435,76.33937895298004,54.76204678416252,60.17113709822297,60.19689608365297
251,xair_atomic,1,60.0,50.0,after_release,1,0,0,0,1,2683,2682,after_check,0,0,after_middleware,0.963146798312664,2.206259872764349,59.82149066403508,57.61523079127073,58.85834386572242,69.60711488500237,70.88250759989023,committed,61.81005859375,EXECUTE,authorization_committed,54.85808663070202,54.86762477084994,0.009538140147924423,4.9604689702391624,65.14875777065754,76.00555196404457,55.1641508936882,59.81855560094118,59.828093741089106
252,xair_atomic,0,,50.0,control,1,0,0,0,0,,2684,control,0,0,,0.8331937715411186,2.2930740378797054,59.73263503983617,57.43956100195646,58.89944126829505,,,committed,60.85791015625,EXECUTE,authorization_committed,55.307148955762386,55.326434783637524,0.01928582787513733,4.420997109264135,,,54.566380102187395,59.72814606502652,59.74743189290166
253,xair_atomic,1,60.0,50.0,after_release,1,0,0,0,1,2686,2685,after_check,0,0,after_middleware,1.3372092507779598,2.7148453518748283,62.74438602849841,60.02954067662358,61.40717677772045,71.45223673433065,72.73956295102835,committed,63.325927734375,EXECUTE,authorization_committed,56.09903484582901,56.10988615080714,0.010851304978132248,6.642805878072977,66.8191029690206,77.57772179320455,56.86370003968477,62.74184072390199,62.75269202888012
254,xair_atomic,1,60.0,50.0,after_release,1,0,0,0,1,2688,2687,after_check,0,0,after_middleware,0.9723040275275707,2.1857311949133873,59.33583900332451,57.15010780841112,58.36353497579694,69.52203484252095,70.68547792732716,committed,61.074951171875,EXECUTE,authorization_committed,55.004853289574385,55.018218234181404,0.013364944607019424,4.327850881963968,64.54409286379814,76.50006003677845,54.555539041757584,59.33270417153835,59.34606911614537
255,xair_atomic,1,60.0,50.0,after_release,1,0,0,0,1,2690,2689,after_check,0,0,after_middleware,0.8727670647203922,2.358986996114254,60.70387735962868,58.34489036351442,59.831110294908285,70.17522118985653,71.22914912179112,committed,61.80908203125,EXECUTE,authorization_committed,55.393761955201626,55.40479300543666,0.011031050235033035,5.307130049914122,65.49522932618856,75.97169931977987,55.50356907770038,60.70089200511575,60.71192305535078
256,xair_atomic,1,60.0,50.0,after_release,1,0,0,0,1,2692,2691,after_check,0,0,after_middleware,0.8826670236885548,2.3530558682978153,60.06919592618942,57.71614005789161,59.18652890250087,69.73023619502783,71.12506311386824,committed,61.410888671875,EXECUTE,authorization_committed,55.37882400676608,55.39517477154732,0.01635076478123665,4.68634394928813,64.84155170619488,76.29119791090488,54.84022293239832,60.06516795605421,60.08151872083545
257,xair_atomic,0,,50.0,control,1,0,0,0,0,,2693,control,0,0,,1.088803168386221,2.667696215212345,60.949327889829874,58.28163167461753,59.86052472144365,,,committed,61.7490234375,EXECUTE,authorization_committed,56.076864246279,56.09753308817744,0.020668841898441315,4.868135787546635,,,54.954617749899626,60.945000033825636,60.96566887572408
258,xair_atomic,1,60.0,50.0,after_release,1,0,0,0,1,2695,2694,after_check,0,0,after_middleware,1.145439688116312,2.687843982130289,62.414577696472406,59.72673371434212,61.269138008356094,71.1636459454894,72.33407301828265,committed,63.452880859375,EXECUTE,authorization_committed,56.77354196086526,56.792777962982655,0.0192360021173954,5.635805893689394,66.74607610329986,77.96030072495341,56.756088975816965,62.40934785455465,62.42858385667205
259,xair_atomic,1,60.0,50.0,after_release,1,0,0,0,1,2697,2696,after_check,0,0,after_middleware,1.0196641087532043,2.374206203967333,59.56365820020437,57.18945199623704,58.54399409145117,69.93469037115574,71.046176366508,committed,60.5,EXECUTE,authorization_committed,55.03559997305274,55.05565833300352,0.02005835995078087,4.523538984358311,64.78635920211673,76.24617405235767,54.79217413812876,59.55913895741105,59.57919731736183
260,xair_atomic,1,60.0,50.0,after_release,1,0,0,0,1,2699,2698,after_check,0,0,after_middleware,0.9125522337853909,2.4010250344872475,59.40769426524639,57.006669230759144,58.495142031461,69.48654819279909,70.59056032449007,committed,60.18798828125,EXECUTE,authorization_committed,54.87698223441839,54.89317327737808,0.016191042959690094,4.527356009930372,64.68994729220867,75.7887652143836,54.71972702071071,59.404338244348764,59.420529287308455
261,xair_atomic,0,,50.0,control,1,0,0,0,0,,2700,control,0,0,,0.8794297464191914,2.1917629055678844,59.44675765931606,57.25499475374818,58.56732791289687,,,committed,60.98095703125,EXECUTE,authorization_committed,54.848207626491785,54.874186869710684,0.025979243218898773,4.591627046465874,,,54.672779981046915,59.43983467295766,59.46581391617656
262,xair_atomic,0,,50.0,control,1,0,0,0,0,,2701,control,0,0,,1.0125497356057167,2.4422327987849712,60.133656952530146,57.691424153745174,59.12110721692443,,,committed,60.989990234375,EXECUTE,authorization_committed,54.665806237608194,54.68190601095557,0.016099773347377777,5.4640439338982105,,,55.54194003343582,60.129850171506405,60.14594994485378
263,xair_atomic,1,60.0,50.0,after_release,1,0,0,0,1,2703,2702,after_check,0,0,after_middleware,0.9459350258111954,2.229713834822178,60.0080918520689,57.77837801724672,59.062156826257706,71.26931473612785,72.35776679590344,committed,61.7900390625,EXECUTE,authorization_committed,54.98357303440571,55.004190653562546,0.020617619156837463,5.019009113311768,65.21560391411185,77.75534596294165,55.224223993718624,60.002582147717476,60.02319976687431
264,xair_atomic,1,60.0,50.0,after_release,1,0,0,0,1,2705,2704,after_check,0,0,after_middleware,1.0462943464517593,5.062551237642765,64.43349597975612,59.37094474211335,63.38720163330436,71.22668391093612,72.69314583390951,committed,63.10693359375,EXECUTE,authorization_committed,58.95489500835538,58.974141255021095,0.01924624666571617,5.474121775478125,65.7313410192728,78.7778040394187,55.72204804047942,64.4290167838335,64.44826303049922
265,xair_atomic,1,60.0,50.0,after_release,1,0,0,0,1,2707,2706,after_check,0,0,after_middleware,1.175255049020052,2.636638004332781,60.93223625794053,58.29559825360775,59.75698120892048,70.36735210567713,71.69372122734785,committed,62.68896484375,EXECUTE,authorization_committed,55.83841586485505,55.849977768957615,0.011561904102563858,5.0908043049275875,65.2633742429316,77.9305249452591,55.26756588369608,60.92922016978264,60.9407820738852
266,xair_atomic,1,60.0,50.0,after_release,1,0,0,0,1,2709,2708,after_check,0,0,after_middleware,1.0677939280867577,2.4675708264112473,60.36521168425679,57.897640857845545,59.297417756170034,69.97932260856032,71.00087963044643,committed,62.1689453125,EXECUTE,authorization_committed,55.45599898323417,55.470956955105066,0.0149579718708992,4.905515816062689,65.04349084571004,75.82736760377884,55.05944462493062,60.361514799296856,60.376472771167755
267,xair_atomic,1,60.0,50.0,after_release,1,0,0,0,1,2711,2710,after_check,0,0,after_middleware,1.0710288770496845,2.3645167239010334,60.106916818767786,57.74240009486675,59.0358879417181,70.31829003244638,71.64120301604271,committed,61.22509765625,EXECUTE,authorization_committed,54.96493773534894,54.98131876811385,0.01638103276491165,5.138032138347626,65.34168077632785,76.3347907923162,55.373604875057936,60.102969873696566,60.11935090646148
268,xair_atomic,1,60.0,50.0,after_release,1,0,0,0,1,2713,2712,after_check,0,0,after_middleware,0.9899069555103779,2.3621427826583385,60.36509107798338,58.00294829532504,59.375184122473,70.35201322287321,71.57621998339891,committed,61.337890625,EXECUTE,authorization_committed,55.15874084085226,55.17446110025048,0.01572025939822197,5.20325405523181,65.35742012783885,76.9045390188694,55.364266969263554,60.36199489608407,60.37771515548229
269,xair_atomic,0,,50.0,control,1,0,0,0,0,,2714,control,0,0,,1.0715704411268234,2.3662401363253593,60.389597434550524,58.023357298225164,59.3180269934237,,,committed,61.6630859375,EXECUTE,authorization_committed,55.5529510602355,55.57267786934972,0.019726809114217758,4.832098260521889,,,54.90845208987594,60.38504932075739,60.40477612987161
270,xair_atomic,1,60.0,50.0,after_release,1,0,0,0,1,2716,2715,after_check,0,0,after_middleware,0.9530689567327499,2.1633803844451904,59.78863034397364,57.625249959528446,58.83556138724089,70.61176002025604,71.6983093880117,committed,61.176025390625,EXECUTE,authorization_committed,54.953817278146744,54.972552228718996,0.018734950572252274,4.830094054341316,65.06293825805187,76.81046333163977,55.067891255021095,59.78391133248806,59.80264628306031
271,xair_atomic,1,60.0,50.0,after_release,1,0,0,0,1,2718,2717,after_check,0,0,after_middleware,0.833283644169569,2.231406979262829,60.368597973138094,58.137190993875265,59.535314328968525,70.49673516303301,71.75903301686049,committed,62.114013671875,EXECUTE,authorization_committed,55.0700849853456,55.09556271135807,0.025477726012468338,5.2922312170267105,65.49949711188674,76.88511302694678,55.515270214527845,60.36231620237231,60.38779392838478
272,xair_atomic,1,60.0,50.0,after_release,1,0,0,0,1,2720,2719,after_check,0,0,after_middleware,0.9835148230195045,2.1564168855547905,59.44843078032136,57.29201389476657,58.464915957301855,69.46533871814609,70.61563758179545,committed,60.363037109375,EXECUTE,authorization_committed,54.72421599552035,54.739885963499546,0.015669967979192734,4.720437806099653,64.8873676545918,75.25704801082611,54.89376373589039,59.44465380162001,59.4603237695992
273,xair_atomic,1,60.0,50.0,after_release,1,0,0,0,1,2722,2721,after_check,0,0,after_middleware,1.1203819885849953,2.7086730115115643,60.037876944988966,57.3292039334774,58.91749495640397,69.53348685055971,70.82293694838881,committed,61.260009765625,EXECUTE,authorization_committed,55.35058071836829,55.372301023453474,0.02172030508518219,4.6816859394311905,64.84382599592209,76.13633805885911,54.848698899149895,60.03226665779948,60.053986962884665
274,xair_atomic,0,,50.0,control,1,0,0,0,0,,2723,control,0,0,,1.2620291672647,2.7247141115367413,61.04678101837635,58.32206690683961,59.78475185111165,,,committed,62.39111328125,EXECUTE,authorization_committed,56.18639010936022,56.208861991763115,0.02247188240289688,4.854720085859299,,,54.959266912192106,61.04111019521952,61.063582077622414
275,xair_atomic,1,60.0,50.0,after_release,1,0,0,0,1,2725,2724,after_check,0,0,after_middleware,0.9361370466649532,2.59874714538455,60.647180769592524,58.04843362420797,59.71104372292757,73.80108488723636,74.98865388333797,committed,61.966064453125,EXECUTE,authorization_committed,55.53189106285572,55.549433920532465,0.01754285767674446,5.110820755362511,65.28507405892015,79.70935292541981,55.2875529974699,60.64271181821823,60.660254675894976
276,xair_atomic,1,60.0,50.0,after_release,1,0,0,0,1,2727,2726,after_check,0,0,after_middleware,0.9971912950277328,2.367292996495962,59.69188828021288,57.32459528371692,58.694696985185146,69.41484427079558,70.72575390338898,committed,60.610107421875,EXECUTE,authorization_committed,55.28585007414222,55.30728027224541,0.02143019810318947,4.40164003521204,64.56067506223917,75.60847699642181,54.64468616992235,59.68749010935426,59.70892030745745
277,xair_atomic,1,60.0,50.0,after_release,1,0,0,0,1,2729,2728,after_check,0,0,after_middleware,1.2615169398486614,2.737948205322027,60.781102161854506,58.04315395653248,59.519585222005844,69.64555708691478,70.96384093165398,committed,61.699951171875,EXECUTE,authorization_committed,56.26294296234846,56.28357222303748,0.020629260689020157,4.513951018452644,64.82651410624385,76.5648721717298,54.83232904225588,60.776893980801105,60.797523241490126
278,xair_atomic,0,,50.0,control,1,0,0,0,0,,2730,control,0,0,,1.0485081002116203,2.7003376744687557,61.12802308052778,58.42768540605903,60.07951498031616,,,committed,62.5849609375,EXECUTE,authorization_committed,55.7303037494421,55.74765568599105,0.017351936548948288,5.393441300839186,,,55.48289930447936,61.123745050281286,61.141096986830235
279,xair_atomic,0,,50.0,control,1,0,0,0,0,,2731,control,0,0,,1.1787819676101208,2.9409490525722504,60.715287923812866,57.774338871240616,59.536505956202745,,,committed,61.720947265625,EXECUTE,authorization_committed,56.0742593370378,56.09735194593668,0.023092608898878098,4.636059980839491,,,54.71722222864628,60.71031931787729,60.73341192677617
280,xair_atomic,1,100.0,50.0,after_release,1,0,0,0,1,2733,2732,after_check,0,0,after_middleware,1.0189316235482693,2.401275560259819,60.23103976622224,57.82976420596242,59.21210814267397,109.47204614058137,110.50211917608976,committed,61.66796875,EXECUTE,authorization_committed,55.242187809199095,55.261543951928616,0.019356142729520798,4.983432125300169,105.18348775804043,115.6749869696796,55.18928915262222,60.225619934499264,60.244976077228785
281,xair_atomic,1,100.0,50.0,after_release,1,0,0,0,1,2735,2734,after_check,0,0,after_middleware,0.9503238834440708,2.0307409577071667,59.748555067926645,57.71781411021948,58.798231184482574,110.21535098552704,111.23777041211724,committed,60.757080078125,EXECUTE,authorization_committed,55.06427399814129,55.08160591125488,0.017331913113594055,4.6798731200397015,105.01206712797284,116.76967144012451,55.025792215019464,59.74414711818099,59.761479031294584
282,xair_atomic,1,100.0,50.0,after_release,1,0,0,0,1,2737,2736,after_check,0,0,after_middleware,1.0545291006565094,2.341584302484989,60.22830493748188,57.88672063499689,59.17377583682537,110.59974180534482,111.96217872202396,committed,61.549072265625,EXECUTE,authorization_committed,55.215466767549515,55.23721780627966,0.0217510387301445,5.008189007639885,105.25938076898456,117.12313396856189,55.28407683596015,60.2236557751894,60.245406813919544
283,xair_atomic,1,100.0,50.0,after_release,1,0,0,0,1,2739,2738,after_check,0,0,after_middleware,0.8647218346595764,2.4107638746500015,59.32073062285781,56.90996674820781,58.45600878819823,109.53180771321058,110.45947903767228,committed,60.56591796875,EXECUTE,authorization_committed,54.967852775007486,54.986617993563414,0.018765218555927277,4.348199814558029,104.51199766248465,115.40988786146045,54.518498945981264,59.316052589565516,59.33481780812144
284,xair_atomic,1,100.0,50.0,after_release,1,0,0,0,1,2741,2740,after_check,0,0,after_middleware,0.91523677110672,2.5150496512651443,61.361340805888176,58.84629115462303,60.446104034781456,112.7504981122911,113.88730211183429,committed,63.052978515625,EXECUTE,authorization_committed,55.82392029464245,55.84456818178296,0.020647887140512466,5.53287286311388,105.86417512968183,119.44745574146509,55.87386293336749,61.35679315775633,61.37744104489684
285,xair_atomic,0,,50.0,control,1,0,0,0,0,,2742,control,0,0,,1.0650991462171078,2.5727679021656513,60.66129729151726,58.088529389351606,59.59619814530015,,,committed,61.9130859375,EXECUTE,authorization_committed,55.65871996805072,55.680571123957634,0.021851155906915665,4.997909069061279,,,55.0462300889194,60.656629037112,60.67848019301891
286,xair_atomic,1,100.0,50.0,after_release,1,0,0,0,1,2744,2743,after_check,0,0,after_middleware,1.1232877150177956,2.730242908000946,62.17483663931489,59.444593731313944,61.051548924297094,111.40604456886649,112.66611889004707,committed,63.239990234375,EXECUTE,authorization_committed,56.6233298741281,56.646402925252914,0.023073051124811172,5.54699869826436,105.93848396092653,119.40656788647175,55.91961881145835,62.170328572392464,62.193401623517275
287,xair_atomic,1,100.0,50.0,after_release,1,0,0,0,1,2746,2745,after_check,0,0,after_middleware,1.118829008191824,2.530318219214678,60.19955035299063,57.66923213377595,59.0807213447988,110.02797912806273,110.86300620809197,committed,61.740966796875,EXECUTE,authorization_committed,55.33725582063198,55.35476887598634,0.017513055354356766,4.857836291193962,105.05192121490836,116.21403833851218,55.060957092791796,60.19509211182594,60.2126051671803
288,xair_atomic,1,100.0,50.0,after_release,1,0,0,0,1,2748,2747,after_check,0,0,after_middleware,1.152512151747942,2.5005419738590717,60.3259177878499,57.82537581399083,59.17340563610196,111.02584190666676,112.0563056319952,committed,61.425048828125,EXECUTE,authorization_committed,54.922136943787336,54.93559315800667,0.013456214219331741,5.400614812970161,105.59257585555315,117.40268906578422,55.57117471471429,60.3227517567575,60.33620797097683
289,xair_atomic,1,100.0,50.0,after_release,1,0,0,0,1,2750,2749,after_check,0,0,after_middleware,1.1346898972988129,2.663128077983856,60.239485930651426,57.57635785266757,59.10479603335261,110.520183108747,111.79020581766963,committed,60.9140625,EXECUTE,authorization_committed,55.627701338380575,55.64416199922562,0.016460660845041275,4.608397837728262,104.91715790703893,117.2281508333981,54.90396311506629,60.23609917610884,60.25255983695388
290,xair_atomic,1,100.0,50.0,after_release,1,0,0,0,1,2752,2751,after_check,0,0,after_middleware,1.0773423127830029,2.5058030150830746,60.94072200357914,58.434918988496065,59.86337969079614,110.6505780480802,112.06579301506281,committed,62.31494140625,EXECUTE,authorization_committed,55.70611823350191,55.72663713246584,0.020518898963928223,5.229463800787926,105.46912392601371,118.76864172518253,55.480204988271,60.93558203428984,60.956100933253765
291,xair_atomic,1,100.0,50.0,after_release,1,0,0,0,1,2754,2753,after_check,0,0,after_middleware,0.9229122661054134,2.167728263884783,59.36643714085221,57.19870887696743,58.4435248747468,109.60919316858053,110.67784810438752,committed,60.304931640625,EXECUTE,authorization_committed,55.04555907100439,55.06057711318135,0.015018042176961899,4.317752085626125,104.51645590364933,115.78850913792849,54.519201163202524,59.363311156630516,59.37832919880748
292,xair_atomic,1,100.0,50.0,after_release,1,0,0,0,1,2756,2755,after_check,0,0,after_middleware,0.7510590367019176,2.408689819276333,60.60862774029374,58.19993792101741,59.857568703591824,109.95404981076717,111.31888069212437,committed,62.2939453125,EXECUTE,authorization_committed,55.63835194334388,55.654502008110285,0.016150064766407013,4.966669715940952,105.15873087570071,116.58381158486009,55.165132973343134,60.60502165928483,60.62117172405124
293,xair_atomic,1,100.0,50.0,after_release,1,0,0,0,1,2758,2757,after_check,0,0,after_middleware,0.9804503060877323,2.2720638662576675,60.361816082149744,58.08975221589208,59.38136577606201,110.16878392547369,111.57354013994336,committed,61.243896484375,EXECUTE,authorization_committed,55.6169911287725,55.633320938795805,0.0163298100233078,4.740647040307522,105.04698194563389,116.74191895872355,55.052471812814474,60.35763816908002,60.37396797910333
294,xair_atomic,1,100.0,50.0,after_release,1,0,0,0,1,2760,2759,after_check,0,0,after_middleware,0.7002339698374271,1.9458220340311527,59.55908913165331,57.613267097622156,58.85885516181588,110.10014405474067,111.08116526156664,committed,60.56494140625,EXECUTE,authorization_committed,54.59831980988383,54.61017182096839,0.01185201108455658,4.957523196935654,105.13820312917233,115.57595990598202,55.13496603816748,59.55584300681949,59.56769501790404
295,xair_atomic,1,100.0,50.0,after_release,1,0,0,0,1,2762,2761,after_check,0,0,after_middleware,0.8568475022912025,2.4387058801949024,59.39213605597615,56.95343017578125,58.53528855368495,109.53024495393038,110.84682634100318,committed,61.155029296875,EXECUTE,authorization_committed,54.97748078778386,54.989483673125505,0.012002885341644287,4.411549307405949,104.60859909653664,115.56244594976306,54.60765725001693,59.38903009518981,59.401032980531454
296,xair_atomic,1,100.0,50.0,after_release,1,0,0,0,1,2764,2763,after_check,0,0,after_middleware,0.8697621524333954,2.2479980252683163,59.567433781921864,57.31943575665355,58.69767162948847,109.7176056355238,110.91772885993123,committed,60.385009765625,EXECUTE,authorization_committed,55.09557295590639,55.109058041125536,0.013485085219144821,4.468214698135853,104.74988399073482,116.11666483804584,54.768187925219536,59.563787654042244,59.57727273926139
297,xair_atomic,0,,50.0,control,1,0,0,0,0,,2765,control,0,0,,0.7397579029202461,1.7982651479542255,58.58372803777456,56.78546288982034,57.84397013485432,,,committed,60.322021484375,EXECUTE,authorization_committed,54.00478560477495,54.01712888851762,0.012343283742666245,4.576017148792744,,,54.64958492666483,58.580802753567696,58.59314603731036
298,xair_atomic,0,,50.0,control,1,0,0,0,0,,2766,control,0,0,,0.9924620389938354,2.3404420353472233,59.57408715039492,57.23364511504769,58.58162511140108,,,committed,60.154052734375,EXECUTE,authorization_committed,54.97853271663189,54.98891184106469,0.0103791244328022,4.592649172991514,,,54.665655829012394,59.5711818896234,59.581561014056206
299,xair_atomic,1,100.0,50.0,after_release,1,0,0,0,1,2768,2767,after_check,0,0,after_middleware,0.9520570747554302,2.0945207215845585,59.10276295617223,57.00824223458767,58.1507058814168,109.35715027153492,110.77625304460526,committed,60.447021484375,EXECUTE,authorization_committed,54.75067486986518,54.7642707824707,0.013595912605524063,4.3491520918905735,104.56689121201634,115.84011605009437,54.57507586106658,59.09982696175575,59.11342287436128
300,xair_atomic,1,100.0,50.0,after_release,1,0,0,0,1,2770,2769,after_check,0,0,after_middleware,1.2319507077336311,2.6883138343691826,61.113334726542234,58.42502089217305,59.8813840188086,109.86615484580398,111.06891185045242,committed,62.44189453125,EXECUTE,authorization_committed,56.05666618794203,56.08507990837097,0.028413720428943634,5.049104802310467,105.23117706179619,116.33788980543613,55.249230936169624,61.105770990252495,61.13418471068144
301,xair_atomic,0,,50.0,control,1,0,0,0,0,,2771,control,0,0,,0.911761075258255,2.2104280069470406,60.88231178000569,58.67188377305865,59.97055070474744,,,committed,61.883056640625,EXECUTE,authorization_committed,55.61371520161629,55.638630874454975,0.024915672838687897,5.263236816972494,,,55.32338982447982,60.87695201858878,60.90186769142747
302,xair_atomic,1,100.0,50.0,after_release,1,0,0,0,1,2773,2772,after_check,0,0,after_middleware,0.8447850123047829,2.5218119844794273,61.30608730018139,58.78427531570196,60.461302287876606,111.14886216819286,112.74792300537229,committed,62.845947265625,EXECUTE,authorization_committed,55.9002929367125,55.91451982036233,0.01422688364982605,5.402358248829842,105.59230530634522,118.42740094289184,55.59741426259279,61.302651185542345,61.31687806919217
303,xair_atomic,1,100.0,50.0,after_release,1,0,0,0,1,2775,2774,after_check,0,0,after_middleware,1.0454119183123112,2.570203971117735,62.99101002514362,60.42080605402589,61.94559810683131,111.05586774647236,112.18573898077011,committed,64.48291015625,EXECUTE,authorization_committed,57.21248500049114,57.233203668147326,0.020718667656183243,5.773215088993311,106.06445092707872,117.11566988378763,56.15106364712119,62.98570008948445,63.006418757140636
304,xair_atomic,0,,50.0,control,1,0,0,0,0,,2776,control,0,0,,0.9608729742467403,2.1991077810525894,59.377157129347324,57.178049348294735,58.416284155100584,,,committed,60.110107421875,EXECUTE,authorization_committed,54.72518829628825,54.74430322647095,0.01911493018269539,4.647270776331425,,,54.73250104114413,59.37245907261968,59.39157400280237
305,xair_atomic,1,100.0,50.0,after_release,1,0,0,0,1,2778,2777,after_check,0,0,after_middleware,0.7811659015715122,2.2504841908812523,59.10991597920656,56.85943178832531,58.32875007763505,108.99874707683921,110.11976096779108,committed,60.587890625,EXECUTE,authorization_committed,54.651358630508184,54.66498481109738,0.013626180589199066,4.4556111097335815,104.68727583065629,115.14741601422429,54.68765692785382,59.106969740241766,59.120595920830965
306,xair_atomic,1,100.0,50.0,after_release,1,0,0,0,1,2780,2779,after_check,0,0,after_middleware,1.1353213340044022,2.258408349007368,64.5532812923193,62.29487294331193,63.417959958314896,113.73756034299731,114.70949416980147,committed,66.39111328125,EXECUTE,authorization_committed,55.76204415410757,55.7861290872097,0.02408493310213089,8.786248043179512,109.02081895619631,120.26298604905605,59.04233921319246,64.54829219728708,64.57237713038921
307,xair_atomic,0,,50.0,control,1,0,0,0,0,,2781,control,0,0,,0.9492412209510803,2.710136119276285,60.07214216515422,57.36200604587793,59.12290094420314,,,committed,62.35400390625,EXECUTE,authorization_committed,55.41134485974908,55.42825721204281,0.016912352293729782,4.657010082155466,,,54.74642803892493,60.068354941904545,60.085267294198275
308,xair_atomic,1,100.0,50.0,after_release,1,0,0,0,1,2783,2782,after_check,0,0,after_middleware,0.8954009972512722,2.653731033205986,60.260004829615355,57.60627379640937,59.36460383236408,110.51786877214909,111.94276297464967,committed,61.881103515625,EXECUTE,authorization_committed,55.25068286806345,55.26358773931861,0.012904871255159378,5.005544051527977,105.22494604811072,117.81904008239508,55.220507085323334,60.25622691959143,60.269131790846586
309,xair_atomic,1,100.0,50.0,after_release,1,0,0,0,1,2785,2784,after_check,0,0,after_middleware,0.9298953227698803,2.4969661608338356,60.70618238300085,58.209216222167015,59.77628706023097,110.82070739939809,112.22819844260812,committed,61.64892578125,EXECUTE,authorization_committed,55.48091512173414,55.49569334834814,0.014778226613998413,5.222300998866558,105.52325611934066,117.40290932357311,55.51315704360604,60.7032161206007,60.7179943472147
310,xair_atomic,0,,50.0,control,1,0,0,0,0,,2786,control,0,0,,1.0095038451254368,2.4722889065742493,59.876924846321344,57.404635939747095,58.86742100119591,,,committed,61.1650390625,EXECUTE,authorization_committed,55.1916528493166,55.205268785357475,0.013615936040878296,4.6819960698485374,,,54.75561507046223,59.873648919165134,59.88726485520601
311,xair_atomic,1,100.0,50.0,after_release,1,0,0,0,1,2788,2787,after_check,0,0,after_middleware,0.8801422081887722,2.318301238119602,60.776844155043364,58.45854291692376,59.89670194685459,111.2080030143261,112.4129849486053,committed,62.197998046875,EXECUTE,authorization_committed,55.360961239784956,55.376539938151836,0.015578698366880417,5.412125959992409,105.80158792436123,117.80557408928871,55.80566497519612,60.773087199777365,60.788665898144245
312,xair_atomic,0,,50.0,control,1,0,0,0,0,,2789,control,0,0,,0.8460679091513157,2.0151520147919655,59.53234899789095,57.517196983098984,58.686281088739634,,,committed,60.7490234375,EXECUTE,authorization_committed,54.9105959944427,54.92622498422861,0.015628989785909653,4.618025850504637,,,54.69004204496741,59.52862184494734,59.54425083473325
313,xair_atomic,0,,50.0,control,1,0,0,0,0,,2790,control,0,0,,1.0493788868188858,2.4848729372024536,59.23071224242449,56.745839305222034,58.1813333556056,,,committed,60.162109375,EXECUTE,authorization_committed,54.80078002437949,54.88369474187493,0.08291471749544144,4.413612186908722,,,54.535411298274994,59.214392211288214,59.297306928783655
314,xair_atomic,0,,50.0,control,1,0,0,0,0,,2791,control,0,0,,1.0284301824867725,2.50955019146204,59.638649225234985,57.129099033772945,58.61021904274821,,,committed,60.93701171875,EXECUTE,authorization_committed,55.02811586484313,55.04065891727805,0.012543052434921265,4.608018323779106,,,54.681075271219015,59.636134188622236,59.64867724105716
315,xair_atomic,1,100.0,50.0,after_release,1,0,0,0,1,2793,2792,after_check,0,0,after_middleware,0.8904607966542244,1.9750059582293034,59.03019616380334,57.055190205574036,58.139735367149115,109.58892526105046,110.98256008699536,committed,60.30908203125,EXECUTE,authorization_committed,54.63623022660613,54.6475020237267,0.011271797120571136,4.3915011920034885,104.63987709954381,115.82096014171839,54.63642114773393,59.02773141860962,59.03900321573019
316,xair_atomic,1,100.0,50.0,after_release,1,0,0,0,1,2795,2794,after_check,0,0,after_middleware,1.2102508917450905,2.412577159702778,60.78037014231086,58.36779298260808,59.57011925056577,109.9379500374198,110.87479814887047,committed,61.785888671875,EXECUTE,authorization_committed,55.414681788533926,55.436111986637115,0.02143019810318947,5.360980052500963,105.59631185606122,115.85306003689766,55.5866239592433,60.77566184103489,60.79709203913808
317,xair_atomic,1,100.0,50.0,after_release,1,0,0,0,1,2797,2796,after_check,0,0,after_middleware,0.9202668443322182,2.08861893042922,59.39392885193229,57.30530992150307,58.47366200760007,109.62832858785987,110.91074580326676,committed,61.284912109375,EXECUTE,authorization_committed,55.26952911168337,55.28444703668356,0.014917925000190735,4.121003672480583,104.36064377427101,116.2046305835247,54.36828779056668,59.39053278416395,59.40545070916414
318,xair_atomic,1,100.0,50.0,after_release,1,0,0,0,1,2799,2798,after_check,0,0,after_middleware,0.887775793671608,2.372472081333399,59.779421892017126,57.40694981068373,58.89164609834552,109.55683374777436,110.59821909293532,committed,61.39892578125,EXECUTE,authorization_committed,54.768458008766174,54.7792580910027,0.010800082236528397,5.008508916944265,105.18097272142768,114.92790374904871,55.18813617527485,59.77696692571044,59.78776700794697
319,xair_atomic,1,100.0,50.0,after_release,1,0,0,0,1,2801,2800,after_check,0,0,after_middleware,0.8583711460232735,2.164140809327364,58.653709944337606,56.48956913501024,57.79533879831433,109.0986761264503,110.28820788487792,committed,60.162109375,EXECUTE,authorization_committed,54.49514603242278,54.505966138094664,0.01082010567188263,4.156109876930714,104.34463387355208,114.88291015848517,54.33095805346966,58.651255909353495,58.66207601502538
