mode,actuator,inject,event,aba_gap_ms,mirrored,start_version,witness_version,version_at_effect,history_violation,inject_offset_ms,run,gateway_released,reason,cell_result,executed,state_at_effect,stale_effect,refused_by_controller,e2e_latency_ms,pause_after_submit_ms
xair,plc_plain,1,pause,,1,0,,,0,6,0,0,read_set_version_changed_at_gate,,0,,0,0,25.67107416689396,6.331882905215025
xair,plc_plain,1,pause,,1,2,2,3,0,4,1,1,published_after_gate_recheck,executed:PAUSED:3,1,PAUSED,1,0,368.7571007758379,4.221061710268259
xair_atomic,plc_conditional,1,pause,,1,4,,,0,0,2,0,precondition_failed: line.state == 'RUN',,0,,0,0,14.717347919940948,0.4764148034155369
xair_atomic,plc_predicate,1,pause,,1,6,6,7,0,14,3,1,authorization_committed,refused:predicate_false:7,0,,0,1,24.108811747282743,14.257434755563736
xair_atomic,plc_conditional,1,pause,,1,8,,,0,4,4,0,read_set_version_changed_at_commit,,0,,0,0,15.86435129866004,4.279531072825193
xair_atomic,plc_predicate,1,pause,,1,10,10,10,0,20,5,1,authorization_committed,executed:RUN:10,1,RUN,0,0,15.446978155523539,20.28431510552764
xair_atomic,plc_plain,0,,,1,12,12,12,0,,6,1,authorization_committed,executed:RUN:12,1,RUN,0,0,23.09092227369547,
xair,plc_plain,1,pause,,1,12,12,12,0,20,7,1,published_after_gate_recheck,executed:RUN:12,1,RUN,0,0,25.411437265574932,20.264428108930588
xair,plc_predicate,1,pause,,1,14,14,14,0,20,8,1,published_after_gate_recheck,executed:RUN:14,1,RUN,0,0,27.050373144447803,20.370637997984886
xair_atomic,plc_conditional,1,pause,,1,16,16,16,0,20,9,1,authorization_committed,executed:RUN:16,1,RUN,0,0,19.386751111596823,20.274396985769272
xair_atomic,plc_conditional,1,pause,,1,18,,,0,4,10,0,read_set_version_changed_at_commit,,0,,0,0,17.358274199068546,4.275835119187832
xair,plc_plain,1,pause,,1,20,20,20,0,12,11,1,published_after_gate_recheck,executed:RUN:20,1,RUN,0,0,17.987676430493593,12.212547939270735
xair_atomic,plc_plain,1,pause,,1,22,22,23,0,4,12,1,authorization_committed,executed:PAUSED:23,1,PAUSED,1,0,19.629275891929865,4.2288461700081825
xair,plc_predicate,1,pause,,1,24,,,0,4,13,0,read_set_version_changed_at_gate,,0,,0,0,19.511835649609566,4.206283949315548
xair,plc_plain,1,pause,,1,26,26,26,0,16,14,1,published_after_gate_recheck,executed:RUN:26,1,RUN,0,0,21.276919171214104,16.203236766159534
xair_atomic,plc_plain,1,pause,,1,28,28,29,0,8,15,1,authorization_committed,executed:PAUSED:29,1,PAUSED,1,0,18.145672045648098,8.225686848163605
xair,plc_plain,1,pause,,1,30,,,0,2,16,0,read_set_version_changed_at_gate,,0,,0,0,18.881783820688725,2.207603305578232
xair_atomic,plc_predicate,1,pause,,1,32,,,0,2,17,0,read_set_version_changed_at_commit,,0,,0,0,15.646422281861305,2.3080711252987385
xair_atomic,plc_predicate,1,pause,,1,34,34,35,0,10,18,1,authorization_committed,refused:predicate_false:35,0,,0,1,17.85624912008643,10.30654227361083
xair,plc_conditional,1,pause,,1,36,36,36,0,20,19,1,published_after_gate_recheck,executed:RUN:36,1,RUN,0,0,24.77399120107293,20.29220061376691
xair,plc_predicate,1,pause,,1,38,38,38,0,30,20,1,published_after_gate_recheck,executed:RUN:38,1,RUN,0,0,22.91822899132967,30.2221248857677
xair_atomic,plc_conditional,1,pause,,1,40,40,41,0,20,21,1,authorization_committed,refused:version_changed:41,0,,0,1,24.883827194571495,20.31890070065856
xair,plc_conditional,1,pause,,1,42,42,43,0,8,22,1,published_after_gate_recheck,refused:version_changed:43,0,,0,1,24.361856747418642,8.275941014289856
xair,plc_conditional,1,pause,,1,44,44,45,0,6,23,1,published_after_gate_recheck,refused:version_changed:45,0,,0,1,27.528060134500265,6.2661790288984776
xair_atomic,plc_plain,1,pause,,1,46,46,47,0,4,24,1,authorization_committed,executed:PAUSED:47,1,PAUSED,1,0,24.160028900951147,4.256347194314003
xair_atomic,plc_predicate,1,pause,,1,48,48,49,0,12,25,1,authorization_committed,refused:predicate_false:49,0,,0,1,17.575984355062246,12.231372762471437
xair,plc_predicate,1,pause,,1,50,50,51,0,4,26,1,published_after_gate_recheck,refused:predicate_false:51,0,,0,1,25.982148014009,4.239816218614578
xair,plc_plain,1,pause,,1,52,52,53,0,6,27,1,published_after_gate_recheck,executed:PAUSED:53,1,PAUSED,1,0,29.45903316140175,6.6627939231693745
xair,plc_predicate,1,pause,,1,54,54,55,0,8,28,1,published_after_gate_recheck,refused:predicate_false:55,0,,0,1,25.554755702614784,8.261223323643208
xair,plc_conditional,1,pause,,1,56,56,57,0,16,29,1,published_after_gate_recheck,refused:version_changed:57,0,,0,1,27.724638115614653,16.263370402157307
xair,plc_predicate,1,pause,,1,58,58,59,0,6,30,1,published_after_gate_recheck,refused:predicate_false:59,0,,0,1,27.06942893564701,6.242194212973118
xair,plc_predicate,1,pause,,1,60,60,61,0,16,31,1,published_after_gate_recheck,refused:predicate_false:61,0,,0,1,27.334115002304316,16.34818920865655
xair,plc_conditional,1,pause,,1,62,,,0,2,32,0,read_set_version_changed_at_gate,,0,,0,0,18.69796821847558,2.2631161846220493
xair_atomic,plc_plain,1,pause,,1,64,64,65,0,10,33,1,authorization_committed,executed:PAUSED:65,1,PAUSED,1,0,21.268713288009167,10.227562859654427
xair,plc_conditional,1,pause,,1,66,,,0,0,34,0,precondition_failed: line.state == 'RUN',,0,,0,0,13.227763120085001,0.3236168995499611
xair_atomic,plc_conditional,1,pause,,1,68,68,69,0,10,35,1,authorization_committed,refused:version_changed:69,0,,0,1,22.29119185358286,10.286884848028421
xair_atomic,plc_conditional,1,pause,,1,70,70,70,0,20,36,1,authorization_committed,executed:RUN:70,1,RUN,0,0,16.392934136092663,20.31552419066429
xair_atomic,plc_predicate,1,pause,,1,72,,,0,0,37,0,read_set_version_changed_at_commit,,0,,0,0,13.803453650325537,0.38347020745277405
xair,plc_plain,1,pause,,1,74,,,0,0,38,0,read_set_version_changed_at_gate,,0,,0,0,17.20668002963066,0.24481909349560738
xair_atomic,plc_conditional,1,pause,,1,76,76,77,0,8,39,1,authorization_committed,refused:version_changed:77,0,,0,1,17.63774873688817,8.193755988031626
xair,plc_plain,1,pause,,1,78,78,79,0,10,40,1,published_after_gate_recheck,executed:PAUSED:79,1,PAUSED,1,0,24.918923154473305,10.207966435700655
xair_atomic,plc_plain,1,pause,,1,80,,,0,4,41,0,read_set_version_changed_at_commit,,0,,0,0,17.343597020953894,4.32177959010005
xair_atomic,plc_predicate,0,,,1,82,82,82,0,,42,1,authorization_committed,executed:RUN:82,1,RUN,0,0,23.739840369671583,
xair,plc_conditional,1,pause,,1,82,82,83,0,10,43,1,published_after_gate_recheck,refused:version_changed:83,0,,0,1,24.570949841290712,10.334764141589403
xair_atomic,plc_predicate,1,pause,,1,84,,,0,2,44,0,precondition_failed: line.state == 'RUN',,0,,0,0,14.283505268394947,2.3969081230461597
xair_atomic,plc_predicate,1,pause,,1,86,86,87,0,8,45,1,authorization_committed,refused:predicate_false:87,0,,0,1,25.58728726580739,8.392498828470707
xair,plc_conditional,1,pause,,1,88,,,0,2,46,0,read_set_version_changed_at_gate,,0,,0,0,18.688410986214876,2.293342724442482
xair,plc_conditional,1,pause,,1,90,90,91,0,14,47,1,published_after_gate_recheck,refused:version_changed:91,0,,0,1,28.797762002795935,14.372591860592365
xair_atomic,plc_predicate,1,pause,,1,92,,,0,0,48,0,read_set_version_changed_at_commit,,0,,0,0,14.92914604023099,0.5983230657875538
xair,plc_conditional,1,pause,,1,94,94,95,0,20,49,1,published_after_gate_recheck,refused:version_changed:95,0,,0,1,27.53628510981798,20.22285107523203
xair,plc_plain,0,,,1,96,96,96,0,,50,1,published_after_gate_recheck,executed:RUN:96,1,RUN,0,0,22.96918397769332,
xair_atomic,plc_conditional,1,pause,,1,96,96,96,0,30,51,1,authorization_committed,executed:RUN:96,1,RUN,0,0,19.080827943980694,30.242122244089842
xair,plc_plain,1,pause,,1,98,98,99,0,16,52,1,published_after_gate_recheck,executed:PAUSED:99,1,PAUSED,1,0,27.4118110537529,16.59927098080516
xair,plc_conditional,1,pause,,1,100,,,0,0,53,0,read_set_version_changed_at_gate,,0,,0,0,18.237244803458452,0.5913497880101204
xair,plc_plain,1,pause,,1,102,102,103,0,12,54,1,published_after_gate_recheck,executed:PAUSED:103,1,PAUSED,1,0,20.956195890903473,12.237775139510632
xair,plc_conditional,1,pause,,1,104,104,105,0,12,55,1,published_after_gate_recheck,refused:version_changed:105,0,,0,1,22.9816772043705,12.24921690300107
xair,plc_predicate,1,pause,,1,106,,,0,0,56,0,read_set_version_changed_at_gate,,0,,0,0,20.06623614579439,0.7591941393911839
xair,plc_conditional,1,pause,,1,108,108,109,0,20,57,1,published_after_gate_recheck,refused:version_changed:109,0,,0,1,26.799752842634916,20.20285278558731
xair_atomic,plc_plain,1,pause,,1,110,110,111,0,12,58,1,authorization_committed,executed:PAUSED:111,1,PAUSED,1,0,20.035188179463148,12.16946728527546
xair,plc_plain,1,pause,,1,112,112,112,0,30,59,1,published_after_gate_recheck,executed:RUN:112,1,RUN,0,0,24.791273288428783,30.307996086776257
xair_atomic,plc_predicate,1,pause,,1,114,114,115,0,12,60,1,authorization_committed,refused:predicate_false:115,0,,0,1,18.003275152295828,12.28265929967165
xair,plc_plain,1,pause,,1,116,116,117,0,16,61,1,published_after_gate_recheck,executed:PAUSED:117,1,PAUSED,1,0,24.24979768693447,16.237982083112
xair,plc_conditional,1,pause,,1,118,118,119,0,10,62,1,published_after_gate_recheck,refused:version_changed:119,0,,0,1,22.833459079265594,10.215451009571552
xair,plc_plain,1,pause,,1,120,120,121,0,6,63,1,published_after_gate_recheck,executed:PAUSED:121,1,PAUSED,1,0,27.983583975583315,6.223439238965511
xair,plc_predicate,1,pause,,1,122,122,123,0,12,64,1,published_after_gate_recheck,refused:predicate_false:123,0,,0,1,28.403783217072487,12.297577690333128
xair_atomic,plc_predicate,1,pause,,1,124,124,125,0,16,65,1,authorization_committed,refused:predicate_false:125,0,,0,1,21.879198029637337,16.30023866891861
xair_atomic,plc_predicate,1,pause,,1,126,126,126,0,30,66,1,authorization_committed,executed:RUN:126,1,RUN,0,0,23.395324125885963,30.285402666777372
xair,plc_predicate,1,pause,,1,128,128,128,0,20,67,1,published_after_gate_recheck,executed:RUN:128,1,RUN,0,0,20.794142968952656,20.34432766959071
xair,plc_predicate,1,pause,,1,130,130,131,0,14,68,1,published_after_gate_recheck,refused:predicate_false:131,0,,0,1,25.347817689180374,14.3579738214612
xair,plc_plain,1,pause,,1,132,132,133,0,6,69,1,published_after_gate_recheck,executed:PAUSED:133,1,PAUSED,1,0,24.82019830495119,6.3101910054683685
xair,plc_predicate,1,pause,,1,134,134,135,0,6,70,1,published_after_gate_recheck,refused:predicate_false:135,0,,0,1,26.305113919079304,6.225834134966135
xair_atomic,plc_predicate,1,pause,,1,136,136,136,0,12,71,1,authorization_committed,executed:RUN:136,1,RUN,0,0,15.868638642132282,12.21960224211216
xair,plc_plain,1,pause,,1,138,138,138,0,20,72,1,published_after_gate_recheck,executed:RUN:138,1,RUN,0,0,24.336751084774733,20.190900191664696
xair_atomic,plc_plain,1,pause,,1,140,140,141,0,20,73,1,authorization_committed,executed:PAUSED:141,1,PAUSED,1,0,26.646995916962624,20.3013070859015
xair,plc_plain,1,pause,,1,142,142,143,0,8,74,1,published_after_gate_recheck,executed:PAUSED:143,1,PAUSED,1,0,26.12905390560627,8.207662031054497
xair,plc_plain,1,pause,,1,144,,,0,0,75,0,read_set_version_changed_at_gate,,0,,0,0,16.960218083113432,0.27815205976366997
xair_atomic,plc_plain,1,pause,,1,146,,,0,0,76,0,precondition_failed: line.state == 'RUN',,0,,0,0,13.185404241085052,0.374392606317997
xair,plc_plain,1,pause,,1,148,148,149,0,8,77,1,published_after_gate_recheck,executed:PAUSED:149,1,PAUSED,1,0,23.35985703393817,8.209054823964834
xair,plc_predicate,1,pause,,1,150,150,151,0,12,78,1,published_after_gate_recheck,refused:predicate_false:151,0,,0,1,25.862112641334534,12.254596687853336
xair_atomic,plc_plain,1,pause,,1,152,152,153,0,6,79,1,authorization_committed,executed:PAUSED:153,1,PAUSED,1,0,24.305311031639576,6.254076026380062
xair,plc_plain,1,pause,,1,154,154,154,0,30,80,1,published_after_gate_recheck,executed:RUN:154,1,RUN,0,0,20.604416728019714,30.228436924517155
xair_atomic,plc_conditional,1,pause,,1,156,,,0,0,81,0,read_set_version_changed_at_commit,,0,,0,0,15.371696092188358,0.30413083732128143
xair,plc_plain,1,pause,,1,158,158,159,0,10,82,1,published_after_gate_recheck,executed:PAUSED:159,1,PAUSED,1,0,18.173794727772474,10.200351942330599
xair,plc_predicate,1,pause,,1,160,160,161,0,12,83,1,published_after_gate_recheck,refused:predicate_false:161,0,,0,1,24.098323192447424,12.212888803333044
xair,plc_plain,1,pause,,1,162,162,163,0,16,84,1,published_after_gate_recheck,executed:PAUSED:163,1,PAUSED,1,0,27.52123586833477,16.217444092035294
xair,plc_plain,1,pause,,1,164,164,165,0,8,85,1,published_after_gate_recheck,executed:PAUSED:165,1,PAUSED,1,0,28.016997035592794,8.232488762587309
xair_atomic,plc_conditional,1,pause,,1,166,,,0,2,86,0,read_set_version_changed_at_commit,,0,,0,0,15.805459581315517,2.1925149485468864
xair,plc_plain,1,pause,,1,168,168,168,0,14,87,1,published_after_gate_recheck,executed:RUN:168,1,RUN,0,0,19.61272582411766,14.212240930646658
xair,plc_plain,1,pause,,1,170,,,0,2,88,0,read_set_version_changed_at_gate,,0,,0,0,17.88965193554759,2.220387104898691
xair,plc_predicate,1,pause,,1,172,172,173,0,10,89,1,published_after_gate_recheck,refused:predicate_false:173,0,,0,1,27.351749129593372,10.384478140622377
xair_atomic,plc_predicate,1,pause,,1,174,174,175,0,16,90,1,authorization_committed,refused:predicate_false:175,0,,0,1,23.06498307734728,16.224677208811045
xair_atomic,plc_plain,1,pause,,1,176,176,176,0,30,91,1,authorization_committed,executed:RUN:176,1,RUN,0,0,22.356605157256126,30.284070875495672
xair,plc_conditional,1,pause,,1,178,,,0,4,92,0,read_set_version_changed_at_gate,,0,,0,0,20.46441286802292,4.296163097023964
xair_atomic,plc_predicate,1,pause,,1,180,180,181,0,14,93,1,authorization_committed,refused:predicate_false:181,0,,0,1,24.421358946710825,14.317518100142479
xair,plc_conditional,1,pause,,1,182,182,182,0,14,94,1,published_after_gate_recheck,executed:RUN:182,1,RUN,0,0,19.727149978280067,14.280809089541435
xair_atomic,plc_plain,1,pause,,1,184,184,185,0,12,95,1,authorization_committed,executed:PAUSED:185,1,PAUSED,1,0,19.334923941642046,12.239809148013592
xair,plc_conditional,1,pause,,1,186,186,187,0,16,96,1,published_after_gate_recheck,refused:version_changed:187,0,,0,1,26.16198593750596,16.255475115031004
xair_atomic,plc_conditional,1,pause,,1,188,188,189,0,12,97,1,authorization_committed,refused:version_changed:189,0,,0,1,19.695970695465803,12.265427969396114
xair_atomic,plc_predicate,1,pause,,1,190,190,190,0,30,98,1,authorization_committed,executed:RUN:190,1,RUN,0,0,24.330708663910627,30.211223755031824
xair_atomic,plc_conditional,1,pause,,1,192,192,193,0,6,99,1,authorization_committed,refused:version_changed:193,0,,0,1,18.587390892207623,6.188933737576008
xair_atomic,plc_conditional,1,pause,,1,194,194,195,0,10,100,1,authorization_committed,refused:version_changed:195,0,,0,1,18.695503938943148,10.167771019041538
xair_atomic,plc_plain,1,pause,,1,196,196,197,0,6,101,1,authorization_committed,executed:PAUSED:197,1,PAUSED,1,0,15.941685996949673,6.3009741716086864
xair,plc_plain,1,pause,,1,198,198,199,0,14,102,1,published_after_gate_recheck,executed:PAUSED:199,1,PAUSED,1,0,21.131175104528666,14.259849674999714
xair,plc_plain,1,pause,,1,200,,,0,4,103,0,read_set_version_changed_at_gate,,0,,0,0,19.497198052704334,4.266665782779455
xair_atomic,plc_conditional,1,pause,,1,202,202,203,0,10,104,1,authorization_committed,refused:version_changed:203,0,,0,1,16.75784820690751,10.26653591543436
xair_atomic,plc_predicate,1,pause,,1,204,204,205,0,6,105,1,authorization_committed,refused:predicate_false:205,0,,0,1,23.26690312474966,6.2384470365941525
xair,plc_predicate,1,pause,,1,206,206,207,0,8,106,1,published_after_gate_recheck,refused:predicate_false:207,0,,0,1,19.944678992033005,8.19833530113101
xair_atomic,plc_conditional,1,pause,,1,208,208,208,0,30,107,1,authorization_committed,executed:RUN:208,1,RUN,0,0,25.536992121487856,30.337441246956587
xair_atomic,plc_predicate,1,pause,,1,210,210,211,0,6,108,1,authorization_committed,refused:predicate_false:211,0,,0,1,22.422949317842722,6.259226240217686
xair_atomic,plc_predicate,1,pause,,1,212,212,213,0,6,109,1,authorization_committed,refused:predicate_false:213,0,,0,1,16.40785112977028,6.2640151008963585
xair,plc_plain,1,pause,,1,214,214,215,0,6,110,1,published_after_gate_recheck,executed:PAUSED:215,1,PAUSED,1,0,23.571003694087267,6.33892510086298
xair,plc_predicate,1,pause,,1,216,216,216,0,30,111,1,published_after_gate_recheck,executed:RUN:216,1,RUN,0,0,28.170124161988497,30.28942085802555
xair,plc_conditional,1,pause,,1,218,218,219,0,6,112,1,published_after_gate_recheck,refused:version_changed:219,0,,0,1,21.741511300206184,6.30562286823988
xair_atomic,plc_plain,1,pause,,1,220,220,221,0,16,113,1,authorization_committed,executed:PAUSED:221,1,PAUSED,1,0,23.24710600078106,16.254182439297438
xair,plc_plain,1,pause,,1,222,222,223,0,6,114,1,published_after_gate_recheck,executed:PAUSED:223,1,PAUSED,1,0,25.36707418039441,6.315470673143864
xair_atomic,plc_conditional,0,,,1,224,224,224,0,,115,1,authorization_committed,executed:RUN:224,1,RUN,0,0,23.761220276355743,
xair_atomic,plc_predicate,1,pause,,1,224,,,0,4,116,0,read_set_version_changed_at_commit,,0,,0,0,17.721407115459442,4.279000218957663
xair_atomic,plc_predicate,1,pause,,1,226,226,227,0,14,117,1,authorization_committed,refused:predicate_false:227,0,,0,1,21.55669406056404,14.41914914175868
xair_atomic,plc_plain,1,pause,,1,228,228,229,0,6,118,1,authorization_committed,executed:PAUSED:229,1,PAUSED,1,0,21.942887920886278,6.219140719622374
xair,plc_conditional,1,pause,,1,230,230,231,0,6,119,1,published_after_gate_recheck,refused:version_changed:231,0,,0,1,20.398530177772045,6.186459679156542
xair_atomic,plc_predicate,1,pause,,1,232,232,233,0,16,120,1,authorization_committed,refused:predicate_false:233,0,,0,1,24.570869747549295,16.24378375709057
xair,plc_conditional,1,pause,,1,234,234,235,0,8,121,1,published_after_gate_recheck,refused:version_changed:235,0,,0,1,24.855785071849823,8.239232003688812
xair_atomic,plc_conditional,1,pause,,1,236,236,237,0,12,122,1,authorization_committed,refused:version_changed:237,0,,0,1,24.509894661605358,12.221294920891523
xair,plc_plain,1,pause,,1,238,238,238,0,20,123,1,published_after_gate_recheck,executed:RUN:238,1,RUN,0,0,21.829965990036726,20.264659076929092
xair_atomic,plc_predicate,1,pause,,1,240,240,241,0,4,124,1,authorization_committed,refused:predicate_false:241,0,,0,1,24.924904108047485,4.2349169962108135
xair,plc_plain,1,pause,,1,242,242,242,0,14,125,1,published_after_gate_recheck,executed:RUN:242,1,RUN,0,0,19.593670032918453,14.23187693580985
xair,plc_plain,1,pause,,1,244,,,0,2,126,0,read_set_version_changed_at_gate,,0,,0,0,19.954295828938484,2.2065709345042706
xair_atomic,plc_conditional,1,pause,,1,246,,,0,2,127,0,read_set_version_changed_at_commit,,0,,0,0,15.57675190269947,2.243559807538986
xair_atomic,plc_predicate,1,pause,,1,248,,,0,2,128,0,read_set_version_changed_at_commit,,0,,0,0,15.787907876074314,2.272524870932102
xair,plc_plain,1,pause,,1,250,,,0,0,129,0,precondition_failed: line.state == 'RUN',,0,,0,0,13.345594983547926,0.29589515179395676
xair_atomic,plc_plain,0,,,1,252,252,252,0,,130,1,authorization_committed,executed:RUN:252,1,RUN,0,0,20.630905870348215,
xair_atomic,plc_plain,1,pause,,1,252,252,253,0,16,131,1,authorization_committed,executed:PAUSED:253,1,PAUSED,1,0,20.974990911781788,16.26168703660369
xair,plc_predicate,1,pause,,1,254,254,255,0,8,132,1,published_after_gate_recheck,refused:predicate_false:255,0,,0,1,22.499583195894957,8.289586286991835
xair,plc_conditional,1,pause,,1,256,256,256,0,30,133,1,published_after_gate_recheck,executed:RUN:256,1,RUN,0,0,26.91055042669177,30.267780646681786
xair_atomic,plc_conditional,1,pause,,1,258,258,259,0,14,134,1,authorization_committed,refused:version_changed:259,0,,0,1,20.838024094700813,14.339128974825144
xair,plc_plain,1,pause,,1,260,260,261,0,14,135,1,published_after_gate_recheck,executed:PAUSED:261,1,PAUSED,1,0,25.347016286104918,14.244071207940578
xair,plc_plain,1,pause,,1,262,,,0,0,136,0,read_set_version_changed_at_gate,,0,,0,0,17.735622823238373,0.3199703060090542
xair_atomic,plc_plain,1,pause,,1,264,264,265,0,12,137,1,authorization_committed,executed:PAUSED:265,1,PAUSED,1,0,23.806455079466105,12.239858973771334
xair_atomic,plc_predicate,1,pause,,1,266,266,266,0,20,138,1,authorization_committed,executed:RUN:266,1,RUN,0,0,17.678454983979464,20.23021411150694
xair,plc_predicate,1,pause,,1,268,,,0,4,139,0,read_set_version_changed_at_gate,,0,,0,0,21.056785248219967,4.229957703500986
xair_atomic,plc_plain,1,pause,,1,270,270,271,0,12,140,1,authorization_committed,executed:PAUSED:271,1,PAUSED,1,0,18.996980041265488,12.2344889678061
xair_atomic,plc_plain,1,pause,,1,272,,,0,0,141,0,precondition_failed: line.state == 'RUN',,0,,0,0,13.759180903434753,0.5380697548389435
xair,plc_conditional,1,pause,,1,274,274,274,0,20,142,1,published_after_gate_recheck,executed:RUN:274,1,RUN,0,0,26.860566344112158,20.327416714280844
xair,plc_plain,1,pause,,1,276,276,277,0,20,143,1,published_after_gate_recheck,executed:PAUSED:277,1,PAUSED,1,0,29.643368907272816,20.237778779119253
xair,plc_predicate,1,pause,,1,278,,,0,2,144,0,read_set_version_changed_at_gate,,0,,0,0,17.761530820280313,2.25593289360404
xair_atomic,plc_plain,1,pause,,1,280,280,281,0,8,145,1,authorization_committed,executed:PAUSED:281,1,PAUSED,1,0,22.845531813800335,8.245453238487244
xair_atomic,plc_plain,1,pause,,1,282,,,0,2,146,0,read_set_version_changed_at_commit,,0,,0,0,16.070337034761906,2.2956482134759426
xair_atomic,plc_plain,1,pause,,1,284,284,285,0,10,147,1,authorization_committed,executed:PAUSED:285,1,PAUSED,1,0,17.50301569700241,10.371281765401363
xair,plc_predicate,1,pause,,1,286,286,287,0,14,148,1,published_after_gate_recheck,refused:predicate_false:287,0,,0,1,24.260086938738823,14.228662010282278
xair,plc_conditional,1,pause,,1,288,288,289,0,4,149,1,published_after_gate_recheck,refused:version_changed:289,0,,0,1,21.93306013941765,4.29574167355895
xair_atomic,plc_predicate,1,pause,,1,290,,,0,4,150,0,read_set_version_changed_at_commit,,0,,0,0,16.80473517626524,4.241881426423788
xair,plc_plain,1,pause,,1,292,292,293,0,6,151,1,published_after_gate_recheck,executed:PAUSED:293,1,PAUSED,1,0,28.74726802110672,6.393047049641609
xair_atomic,plc_conditional,0,,,1,294,294,294,0,,152,1,authorization_committed,executed:RUN:294,1,RUN,0,0,23.80780689418316,
xair,plc_predicate,0,,,1,294,294,294,0,,153,1,published_after_gate_recheck,executed:RUN:294,1,RUN,0,0,25.527223944664,
xair,plc_predicate,1,pause,,1,294,294,295,0,12,154,1,published_after_gate_recheck,refused:predicate_false:295,0,,0,1,22.890946827828884,12.333754915744066
xair_atomic,plc_conditional,1,pause,,1,296,296,296,0,30,155,1,authorization_committed,executed:RUN:296,1,RUN,0,0,18.881754018366337,30.31287621706724
xair_atomic,plc_conditional,1,pause,,1,298,298,299,0,10,156,1,authorization_committed,refused:version_changed:299,0,,0,1,24.730720091611147,10.22486761212349
xair,plc_plain,0,,,1,300,300,300,0,,157,1,published_after_gate_recheck,executed:RUN:300,1,RUN,0,0,20.161094143986702,
xair,plc_predicate,1,pause,,1,300,300,300,0,14,158,1,published_after_gate_recheck,executed:RUN:300,1,RUN,0,0,21.877855993807316,14.346161857247353
xair_atomic,plc_predicate,0,,,1,302,302,302,0,,159,1,authorization_committed,executed:RUN:302,1,RUN,0,0,18.462817184627056,
xair_atomic,plc_conditional,1,pause,,1,302,302,302,0,20,160,1,authorization_committed,executed:RUN:302,1,RUN,0,0,22.869517095386982,20.31022496521473
xair,plc_conditional,1,pause,,1,304,304,304,0,20,161,1,published_after_gate_recheck,executed:RUN:304,1,RUN,0,0,20.72415081784129,20.241435151547194
xair_atomic,plc_predicate,1,pause,,1,306,306,306,0,20,162,1,authorization_committed,executed:RUN:306,1,RUN,0,0,23.55564385652542,20.211649127304554
xair_atomic,plc_predicate,1,pause,,1,308,308,308,0,20,163,1,authorization_committed,executed:RUN:308,1,RUN,0,0,21.750647109001875,20.36495693027973
xair,plc_conditional,1,pause,,1,310,,,0,2,164,0,read_set_version_changed_at_gate,,0,,0,0,18.637775909155607,2.251726109534502
xair,plc_conditional,1,pause,,1,312,312,313,0,8,165,1,published_after_gate_recheck,refused:version_changed:313,0,,0,1,18.918763380497694,8.253237698227167
xair,plc_plain,0,,,1,314,314,314,0,,166,1,published_after_gate_recheck,executed:RUN:314,1,RUN,0,0,21.765253972262144,
xair_atomic,plc_plain,1,pause,,1,314,314,315,0,8,167,1,authorization_committed,executed:PAUSED:315,1,PAUSED,1,0,28.37752318009734,8.312027901411057
xair,plc_plain,1,pause,,1,316,316,316,0,30,168,1,published_after_gate_recheck,executed:RUN:316,1,RUN,0,0,20.076294895261526,30.295772943645716
xair,plc_predicate,1,pause,,1,318,,,0,0,169,0,read_set_version_changed_at_gate,,0,,0,0,22.91281893849373,0.8340049535036087
xair_atomic,plc_plain,1,pause,,1,320,320,320,0,30,170,1,authorization_committed,executed:RUN:320,1,RUN,0,0,23.027282673865557,30.32705094665289
xair,plc_conditional,1,pause,,1,322,322,322,0,14,171,1,published_after_gate_recheck,executed:RUN:322,1,RUN,0,0,20.23379085585475,14.342956244945526
xair,plc_conditional,1,pause,,1,324,324,324,0,16,172,1,published_after_gate_recheck,executed:RUN:324,1,RUN,0,0,21.453409921377897,16.326128039509058
xair_atomic,plc_conditional,1,pause,,1,326,,,0,0,173,0,read_set_version_changed_at_commit,,0,,0,0,14.245572965592146,0.39440998807549477
xair_atomic,plc_plain,1,pause,,1,328,,,0,2,174,0,read_set_version_changed_at_commit,,0,,0,0,14.939595945179462,2.236506901681423
xair,plc_predicate,1,pause,,1,330,330,331,0,8,175,1,published_after_gate_recheck,refused:predicate_false:331,0,,0,1,18.29591393470764,8.249121252447367
xair,plc_plain,1,pause,,1,332,,,0,2,176,0,read_set_version_changed_at_gate,,0,,0,0,17.90139265358448,2.19200411811471
xair,plc_plain,1,pause,,1,334,,,0,2,177,0,read_set_version_changed_at_gate,,0,,0,0,17.501643858850002,2.2015408612787724
xair,plc_predicate,1,pause,,1,336,336,337,0,14,178,1,published_after_gate_recheck,refused:predicate_false:337,0,,0,1,25.883262045681477,14.187184162437916
xair_atomic,plc_plain,1,pause,,1,338,338,339,0,4,179,1,authorization_committed,executed:PAUSED:339,1,PAUSED,1,0,24.864711798727512,4.184262361377478
xair_atomic,plc_predicate,1,pause,,1,340,340,341,0,4,180,1,authorization_committed,refused:predicate_false:341,0,,0,1,17.70538603886962,4.268529824912548
xair,plc_plain,1,pause,,1,342,342,343,0,10,181,1,published_after_gate_recheck,executed:PAUSED:343,1,PAUSED,1,0,20.598243921995163,10.225649923086166
xair_atomic,plc_predicate,1,pause,,1,344,,,0,2,182,0,read_set_version_changed_at_commit,,0,,0,0,14.675640035420656,2.2392417304217815
xair_atomic,plc_predicate,1,pause,,1,346,346,346,0,20,183,1,authorization_committed,executed:RUN:346,1,RUN,0,0,17.96591468155384,20.33782610669732
xair,plc_conditional,1,pause,,1,348,348,349,0,10,184,1,published_after_gate_recheck,refused:version_changed:349,0,,0,1,27.852387633174658,10.253372136503458
xair_atomic,plc_predicate,0,,,1,350,350,350,0,,185,1,authorization_committed,executed:RUN:350,1,RUN,0,0,14.924908056855202,
xair_atomic,plc_plain,1,pause,,1,350,350,350,0,30,186,1,authorization_committed,executed:RUN:350,1,RUN,0,0,25.379788130521774,30.202327761799097
xair_atomic,plc_conditional,1,pause,,1,352,352,353,0,8,187,1,authorization_committed,refused:version_changed:353,0,,0,1,20.13469487428665,8.419209159910679
xair_atomic,plc_plain,1,pause,,1,354,354,355,0,4,188,1,authorization_committed,executed:PAUSED:355,1,PAUSED,1,0,19.18861921876669,4.208558239042759
xair_atomic,plc_plain,0,,,1,356,356,356,0,,189,1,authorization_committed,executed:RUN:356,1,RUN,0,0,17.580080777406693,
xair_atomic,plc_predicate,1,pause,,1,356,,,0,0,190,0,precondition_failed: line.state == 'RUN',,0,,0,0,12.677229940891266,0.3296881914138794
xair_atomic,plc_conditional,1,pause,,1,358,358,359,0,12,191,1,authorization_committed,refused:version_changed:359,0,,0,1,17.85132009536028,12.254728004336357
xair_atomic,plc_plain,1,pause,,1,360,360,360,0,30,192,1,authorization_committed,executed:RUN:360,1,RUN,0,0,21.8097479082644,30.23918718099594
xair_atomic,plc_conditional,1,pause,,1,362,362,363,0,10,193,1,authorization_committed,refused:version_changed:363,0,,0,1,19.417057745158672,10.23815292865038
xair,plc_conditional,1,pause,,1,364,364,365,0,14,194,1,published_after_gate_recheck,refused:version_changed:365,0,,0,1,25.36082174628973,14.31761821731925
xair,plc_conditional,1,pause,,1,366,366,367,0,4,195,1,published_after_gate_recheck,refused:version_changed:367,0,,0,1,26.079450733959675,4.235407803207636
xair,plc_plain,0,,,1,368,368,368,0,,196,1,published_after_gate_recheck,executed:RUN:368,1,RUN,0,0,17.796528059989214,
xair_atomic,plc_predicate,1,pause,,1,368,,,0,0,197,0,read_set_version_changed_at_commit,,0,,0,0,13.505985029041767,0.35531679168343544
xair_atomic,plc_plain,1,pause,,1,370,370,371,0,6,198,1,authorization_committed,executed:PAUSED:371,1,PAUSED,1,0,23.88000302016735,6.255277898162603
xair_atomic,plc_predicate,1,pause,,1,372,372,373,0,10,199,1,authorization_committed,refused:predicate_false:373,0,,0,1,17.13779103010893,10.174233000725508
xair_atomic,plc_plain,1,pause,,1,374,374,374,0,30,200,1,authorization_committed,executed:RUN:374,1,RUN,0,0,24.366517085582018,30.17516667023301
xair_atomic,plc_predicate,1,pause,,1,376,,,0,2,201,0,read_set_version_changed_at_commit,,0,,0,0,15.43640810996294,2.2529177367687225
xair_atomic,plc_predicate,1,pause,,1,378,,,0,4,202,0,read_set_version_changed_at_commit,,0,,0,0,16.047755256295204,4.193129017949104
xair,plc_predicate,1,pause,,1,380,380,381,0,4,203,1,published_after_gate_recheck,refused:predicate_false:381,0,,0,1,29.01790477335453,4.216673318296671
xair_atomic,plc_plain,1,pause,,1,382,382,382,0,12,204,1,authorization_committed,executed:RUN:382,1,RUN,0,0,14.6389021538198,12.221826240420341
xair_atomic,plc_conditional,1,pause,,1,384,,,0,4,205,0,read_set_version_changed_at_commit,,0,,0,0,18.185187131166458,4.289449192583561
xair,plc_predicate,1,pause,,1,386,386,387,0,6,206,1,published_after_gate_recheck,refused:predicate_false:387,0,,0,1,22.924509830772877,6.2063769437372684
xair_atomic,plc_conditional,1,pause,,1,388,,,0,0,207,0,read_set_version_changed_at_commit,,0,,0,0,13.823390938341618,0.3350391052663326
xair,plc_plain,1,pause,,1,390,,,0,2,208,0,read_set_version_changed_at_gate,,0,,0,0,17.216698732227087,2.2131730802357197
xair_atomic,plc_plain,1,pause,,1,392,392,393,0,8,209,1,authorization_committed,executed:PAUSED:393,1,PAUSED,1,0,19.514770712703466,8.287541568279266
xair,plc_conditional,1,pause,,1,394,394,394,0,30,210,1,published_after_gate_recheck,executed:RUN:394,1,RUN,0,0,20.835579838603735,30.26029607281089
xair,plc_conditional,1,pause,,1,396,396,396,0,16,211,1,published_after_gate_recheck,executed:RUN:396,1,RUN,0,0,18.31667311489582,16.24333206564188
xair,plc_conditional,1,pause,,1,398,398,399,0,14,212,1,published_after_gate_recheck,refused:version_changed:399,0,,0,1,29.347213450819254,14.272394124418497
xair,plc_predicate,1,pause,,1,400,400,400,0,30,213,1,published_after_gate_recheck,executed:RUN:400,1,RUN,0,0,25.760813150554895,30.272169038653374
xair_atomic,plc_plain,1,pause,,1,402,402,402,0,14,214,1,authorization_committed,executed:RUN:402,1,RUN,0,0,18.307496327906847,14.289315789937973
xair,plc_conditional,1,pause,,1,404,404,404,0,30,215,1,published_after_gate_recheck,executed:RUN:404,1,RUN,0,0,24.231032002717257,30.274271965026855
xair_atomic,plc_plain,1,pause,,1,406,,,0,2,216,0,read_set_version_changed_at_commit,,0,,0,0,15.867997892200947,2.359086647629738
xair,plc_conditional,1,pause,,1,408,408,408,0,14,217,1,published_after_gate_recheck,executed:RUN:408,1,RUN,0,0,19.90868104621768,14.267203863710165
xair,plc_predicate,1,pause,,1,410,410,410,0,16,218,1,published_after_gate_recheck,executed:RUN:410,1,RUN,0,0,19.894313998520374,16.256486997008324
xair_atomic,plc_conditional,1,pause,,1,412,412,413,0,6,219,1,authorization_committed,refused:version_changed:413,0,,0,1,18.08600965887308,6.309459917247295
xair,plc_predicate,1,pause,,1,414,414,414,0,16,220,1,published_after_gate_recheck,executed:RUN:414,1,RUN,0,0,20.475223660469055,16.28218498080969
xair,plc_predicate,1,pause,,1,416,416,417,0,16,221,1,published_after_gate_recheck,refused:predicate_false:417,0,,0,1,29.46483436971903,16.243631951510906
xair,plc_predicate,1,pause,,1,418,418,419,0,16,222,1,published_after_gate_recheck,refused:predicate_false:419,0,,0,1,28.921703808009624,16.271104104816914
xair,plc_conditional,1,pause,,1,420,420,421,0,12,223,1,published_after_gate_recheck,refused:version_changed:421,0,,0,1,27.576350141316652,12.317224871367216
xair,plc_plain,1,pause,,1,422,422,423,0,8,224,1,published_after_gate_recheck,executed:PAUSED:423,1,PAUSED,1,0,28.826565947383642,8.250232320278883
xair,plc_plain,1,pause,,1,424,424,425,0,10,225,1,published_after_gate_recheck,executed:PAUSED:425,1,PAUSED,1,0,25.78752301633358,10.255996137857437
xair,plc_conditional,1,pause,,1,426,426,426,0,30,226,1,published_after_gate_recheck,executed:RUN:426,1,RUN,0,0,29.132669791579247,30.343403108417988
xair_atomic,plc_plain,1,pause,,1,428,428,429,0,20,227,1,authorization_committed,executed:PAUSED:429,1,PAUSED,1,0,25.688306894153357,20.328267943114042
xair,plc_plain,1,pause,,1,430,430,430,0,20,228,1,published_after_gate_recheck,executed:RUN:430,1,RUN,0,0,24.086511228233576,20.252494607120752
xair_atomic,plc_plain,1,pause,,1,432,432,432,0,14,229,1,authorization_committed,executed:RUN:432,1,RUN,0,0,17.88795879110694,14.23624623566866
xair,plc_plain,0,,,1,434,434,434,0,,230,1,published_after_gate_recheck,executed:RUN:434,1,RUN,0,0,24.270877242088318,
xair_atomic,plc_plain,1,pause,,1,434,434,434,0,20,231,1,authorization_committed,executed:RUN:434,1,RUN,0,0,20.993676036596298,20.372069906443357
xair,plc_predicate,1,pause,,1,436,,,0,4,232,0,read_set_version_changed_at_gate,,0,,0,0,19.223405048251152,4.257138818502426
xair_atomic,plc_predicate,1,pause,,1,438,438,438,0,20,233,1,authorization_committed,executed:RUN:438,1,RUN,0,0,14.663849025964737,20.239421166479588
xair,plc_conditional,0,,,1,440,440,440,0,,234,1,published_after_gate_recheck,executed:RUN:440,1,RUN,0,0,25.24165902286768,
xair_atomic,plc_predicate,1,pause,,1,440,440,441,0,8,235,1,authorization_committed,refused:predicate_false:441,0,,0,1,18.982792738825083,8.251774590462446
xair,plc_conditional,1,pause,,1,442,442,442,0,16,236,1,published_after_gate_recheck,executed:RUN:442,1,RUN,0,0,20.740591920912266,16.32029702886939
xair_atomic,plc_predicate,1,pause,,1,444,444,444,0,30,237,1,authorization_committed,executed:RUN:444,1,RUN,0,0,24.673973210155964,30.377696733921766
xair,plc_plain,1,pause,,1,446,446,447,0,6,238,1,published_after_gate_recheck,executed:PAUSED:447,1,PAUSED,1,0,21.67142927646637,6.274706218391657
xair_atomic,plc_conditional,1,pause,,1,448,448,448,0,14,239,1,authorization_committed,executed:RUN:448,1,RUN,0,0,14.756010845303535,14.28634999319911
xair,plc_conditional,0,,,1,450,450,450,0,,240,1,published_after_gate_recheck,executed:RUN:450,1,RUN,0,0,20.492656156420708,
xair,plc_plain,1,pause,,1,450,450,450,0,20,241,1,published_after_gate_recheck,executed:RUN:450,1,RUN,0,0,21.72346692532301,20.29426535591483
xair,plc_predicate,1,pause,,1,452,452,453,0,6,242,1,published_after_gate_recheck,refused:predicate_false:453,0,,0,1,26.169260032474995,6.349876057356596
xair_atomic,plc_conditional,1,pause,,1,454,454,455,0,8,243,1,authorization_committed,refused:version_changed:455,0,,0,1,24.272249545902014,8.244981989264488
xair,plc_predicate,1,pause,,1,456,456,456,0,20,244,1,published_after_gate_recheck,executed:RUN:456,1,RUN,0,0,21.4887959882617,20.194176118820906
xair_atomic,plc_predicate,1,pause,,1,458,458,458,0,30,245,1,authorization_committed,executed:RUN:458,1,RUN,0,0,26.77073795348406,30.203870963305235
xair_atomic,plc_predicate,1,pause,,1,460,460,461,0,14,246,1,authorization_committed,refused:predicate_false:461,0,,0,1,19.35579301789403,14.199547003954649
xair,plc_plain,1,pause,,1,462,462,463,0,6,247,1,published_after_gate_recheck,executed:PAUSED:463,1,PAUSED,1,0,25.821316055953503,6.144911982119083
xair,plc_plain,1,pause,,1,464,464,465,0,10,248,1,published_after_gate_recheck,executed:PAUSED:465,1,PAUSED,1,0,19.545518793165684,10.181297082453966
xair,plc_plain,1,pause,,1,466,,,0,0,249,0,precondition_failed: line.state == 'RUN',,0,,0,0,13.178530614823103,0.4072152078151703
xair,plc_conditional,1,pause,,1,468,,,0,4,250,0,read_set_version_changed_at_gate,,0,,0,0,19.529188983142376,4.207134712487459
xair_atomic,plc_predicate,1,pause,,1,470,470,470,0,20,251,1,authorization_committed,executed:RUN:470,1,RUN,0,0,21.547806914895773,20.194537937641144
xair_atomic,plc_predicate,1,pause,,1,472,472,473,0,6,252,1,authorization_committed,refused:predicate_false:473,0,,0,1,18.160710111260414,6.273411680012941
xair_atomic,plc_plain,1,pause,,1,474,474,474,0,30,253,1,authorization_committed,executed:RUN:474,1,RUN,0,0,18.447339069098234,30.195716302841902
xair,plc_conditional,1,pause,,1,476,476,477,0,14,254,1,published_after_gate_recheck,refused:version_changed:477,0,,0,1,28.42295914888382,14.314912725239992
xair,plc_conditional,1,pause,,1,478,,,0,2,255,0,read_set_version_changed_at_gate,,0,,0,0,19.221791066229343,2.242407761514187
xair_atomic,plc_predicate,0,,,1,480,480,480,0,,256,1,authorization_committed,executed:RUN:480,1,RUN,0,0,22.866701241582632,
xair_atomic,plc_plain,1,pause,,1,480,480,480,0,30,257,1,authorization_committed,executed:RUN:480,1,RUN,0,0,22.84844685345888,30.29491100460291
xair_atomic,plc_predicate,1,pause,,1,482,,,0,0,258,0,read_set_version_changed_at_commit,,0,,0,0,14.182524755597115,0.4064030945301056
xair_atomic,plc_plain,1,pause,,1,484,,,0,0,259,0,read_set_version_changed_at_commit,,0,,0,0,14.344168826937675,0.3435453400015831
xair_atomic,plc_conditional,1,pause,,1,486,486,487,0,8,260,1,authorization_committed,refused:version_changed:487,0,,0,1,24.02766002342105,8.25480092316866
xair,plc_plain,1,pause,,1,488,488,488,0,16,261,1,published_after_gate_recheck,executed:RUN:488,1,RUN,0,0,20.615097135305405,16.22734311968088
xair,plc_plain,1,pause,,1,490,,,0,4,262,0,read_set_version_changed_at_gate,,0,,0,0,18.786915577948093,4.226721823215485
xair,plc_conditional,0,,,1,492,492,492,0,,263,1,published_after_gate_recheck,executed:RUN:492,1,RUN,0,0,20.649940706789494,
xair,plc_plain,1,pause,,1,492,492,492,0,20,264,1,published_after_gate_recheck,executed:RUN:492,1,RUN,0,0,22.54053996875882,20.28960594907403
xair,plc_conditional,0,,,1,494,494,494,0,,265,1,published_after_gate_recheck,executed:RUN:494,1,RUN,0,0,29.9844890832901,
xair_atomic,plc_plain,1,pause,,1,494,494,495,0,10,266,1,authorization_committed,executed:PAUSED:495,1,PAUSED,1,0,18.35761032998562,10.30172174796462
xair_atomic,plc_predicate,1,pause,,1,496,496,496,0,20,267,1,authorization_committed,executed:RUN:496,1,RUN,0,0,23.472038097679615,20.29365301132202
xair_atomic,plc_plain,1,pause,,1,498,498,499,0,4,268,1,authorization_committed,executed:PAUSED:499,1,PAUSED,1,0,23.16513191908598,4.377204924821854
xair_atomic,plc_predicate,1,pause,,1,500,500,501,0,6,269,1,authorization_committed,refused:predicate_false:501,0,,0,1,17.904099076986313,6.169318221509457
xair,plc_plain,1,pause,,1,502,502,503,0,12,270,1,published_after_gate_recheck,executed:PAUSED:503,1,PAUSED,1,0,21.35822083801031,12.146634981036186
xair_atomic,plc_plain,1,pause,,1,504,,,0,2,271,0,read_set_version_changed_at_commit,,0,,0,0,14.819238800555468,2.2043860517442226
xair,plc_conditional,1,pause,,1,506,506,506,0,20,272,1,published_after_gate_recheck,executed:RUN:506,1,RUN,0,0,26.07898972928524,20.156856160610914
xair_atomic,plc_predicate,1,pause,,1,508,508,509,0,8,273,1,authorization_committed,refused:predicate_false:509,0,,0,1,20.307880360633135,8.147309068590403
xair,plc_conditional,1,pause,,1,510,,,0,2,274,0,read_set_version_changed_at_gate,,0,,0,0,16.902700066566467,2.163030207157135
xair_atomic,plc_plain,1,pause,,1,512,,,0,4,275,0,read_set_version_changed_at_commit,,0,,0,0,16.719245817512274,4.136763047426939
xair_atomic,plc_conditional,1,pause,,1,514,514,514,0,20,276,1,authorization_committed,executed:RUN:514,1,RUN,0,0,20.8880677819252,20.142708905041218
xair_atomic,plc_predicate,1,pause,,1,516,516,517,0,10,277,1,authorization_committed,refused:predicate_false:517,0,,0,1,18.343544099479914,10.148514993488789
xair_atomic,plc_conditional,1,pause,,1,518,518,519,0,16,278,1,authorization_committed,refused:version_changed:519,0,,0,1,22.332448977977037,16.334754414856434
xair,plc_predicate,1,pause,,1,520,520,520,0,30,279,1,published_after_gate_recheck,executed:RUN:520,1,RUN,0,0,23.963500279933214,30.292848125100136
xair_atomic,plc_plain,1,pause,,1,522,522,523,0,16,280,1,authorization_committed,executed:PAUSED:523,1,PAUSED,1,0,26.304854080080986,16.213526017963886
xair,plc_predicate,1,pause,,1,524,524,525,0,6,281,1,published_after_gate_recheck,refused:predicate_false:525,0,,0,1,23.285076022148132,6.287910044193268
xair,plc_conditional,1,pause,,1,526,,,0,8,282,0,read_set_version_changed_at_gate,,0,,0,0,24.761236738413572,8.211389649659395
xair,plc_plain,1,pause,,1,528,528,529,0,6,283,1,published_after_gate_recheck,executed:PAUSED:529,1,PAUSED,1,0,28.154334984719753,6.176671013236046
xair,plc_plain,1,pause,,1,530,530,531,0,16,284,1,published_after_gate_recheck,executed:PAUSED:531,1,PAUSED,1,0,28.848968911916018,16.168992966413498
xair,plc_plain,1,pause,,1,532,532,532,0,20,285,1,published_after_gate_recheck,executed:RUN:532,1,RUN,0,0,24.68765899538994,20.273545756936073
xair_atomic,plc_conditional,1,pause,,1,534,534,534,0,20,286,1,authorization_committed,executed:RUN:534,1,RUN,0,0,18.837982323020697,20.25130344554782
xair_atomic,plc_conditional,1,pause,,1,536,536,537,0,10,287,1,authorization_committed,refused:version_changed:537,0,,0,1,25.851462967693806,10.250636842101812
xair_atomic,plc_plain,1,pause,,1,538,,,0,0,288,0,read_set_version_changed_at_commit,,0,,0,0,14.415972866117954,0.433923676609993
xair,plc_predicate,1,pause,,1,540,540,541,0,4,289,1,published_after_gate_recheck,refused:predicate_false:541,0,,0,1,19.807782024145126,6.03417307138443
xair_atomic,plc_conditional,1,pause,,1,542,542,543,0,10,290,1,authorization_committed,refused:version_changed:543,0,,0,1,26.51224285364151,10.240497998893261
xair,plc_plain,1,pause,,1,544,544,545,0,6,291,1,published_after_gate_recheck,executed:PAUSED:545,1,PAUSED,1,0,18.824907019734383,6.266789976507425
xair_atomic,plc_plain,1,pause,,1,546,546,547,0,14,292,1,authorization_committed,executed:PAUSED:547,1,PAUSED,1,0,23.914187215268612,14.322868082672358
xair_atomic,plc_predicate,1,pause,,1,548,548,549,0,10,293,1,authorization_committed,refused:predicate_false:549,0,,0,1,18.390092067420483,10.254153050482273
xair,plc_predicate,1,pause,,1,550,,,0,4,294,0,read_set_version_changed_at_gate,,0,,0,0,21.145240869373083,4.26078587770462
xair_atomic,plc_plain,1,pause,,1,552,552,552,0,30,295,1,authorization_committed,executed:RUN:552,1,RUN,0,0,17.396805807948112,30.370794236660004
xair,plc_predicate,1,pause,,1,554,,,0,0,296,0,read_set_version_changed_at_gate,,0,,0,0,18.36274890229106,0.39588287472724915
xair,plc_conditional,1,pause,,1,556,556,557,0,16,297,1,published_after_gate_recheck,refused:version_changed:557,0,,0,1,23.529985919594765,16.2144280038774
xair_atomic,plc_conditional,1,pause,,1,558,558,559,0,6,298,1,authorization_committed,refused:version_changed:559,0,,0,1,17.420131247490644,6.258264183998108
xair,plc_predicate,0,,,1,560,560,560,0,,299,1,published_after_gate_recheck,executed:RUN:560,1,RUN,0,0,21.144270431250334,
xair_atomic,plc_predicate,1,pause,,1,560,560,561,0,12,300,1,authorization_committed,refused:predicate_false:561,0,,0,1,18.69543408975005,12.326702941209078
xair_atomic,plc_plain,1,pause,,1,562,562,563,0,14,301,1,authorization_committed,executed:PAUSED:563,1,PAUSED,1,0,21.296484861522913,14.243268873542547
xair_atomic,plc_predicate,1,pause,,1,564,564,565,0,6,302,1,authorization_committed,refused:predicate_false:565,0,,0,1,23.166683968156576,6.267280783504248
xair,plc_plain,1,pause,,1,566,,,0,0,303,0,read_set_version_changed_at_gate,,0,,0,0,16.18495211005211,0.4387139342725277
xair,plc_predicate,1,pause,,1,568,,,0,2,304,0,read_set_version_changed_at_gate,,0,,0,0,17.798470798879862,2.296609804034233
xair_atomic,plc_plain,1,pause,,1,570,,,0,4,305,0,read_set_version_changed_at_commit,,0,,0,0,17.06277998164296,4.359921906143427
xair_atomic,plc_plain,1,pause,,1,572,572,573,0,8,306,1,authorization_committed,executed:PAUSED:573,1,PAUSED,1,0,18.118251115083694,8.162898011505604
xair,plc_predicate,1,pause,,1,574,574,575,0,12,307,1,published_after_gate_recheck,refused:predicate_false:575,0,,0,1,26.509917806833982,12.239187955856323
xair_atomic,plc_conditional,1,pause,,1,576,576,576,0,20,308,1,authorization_committed,executed:RUN:576,1,RUN,0,0,15.309158712625504,20.16664482653141
xair_atomic,plc_conditional,1,pause,,1,578,,,0,4,309,0,read_set_version_changed_at_commit,,0,,0,0,17.058982979506254,4.315007012337446
xair_atomic,plc_plain,1,pause,,1,580,580,581,0,12,310,1,authorization_committed,executed:PAUSED:581,1,PAUSED,1,0,22.773266304284334,12.374260928481817
xair,plc_conditional,1,pause,,1,582,582,583,0,4,311,1,published_after_gate_recheck,refused:version_changed:583,0,,0,1,19.430884160101414,4.326519090682268
xair_atomic,plc_predicate,1,pause,,1,584,584,585,0,16,312,1,authorization_committed,refused:predicate_false:585,0,,0,1,25.53973812609911,16.34397078305483
xair,plc_plain,1,pause,,1,586,586,587,0,4,313,1,published_after_gate_recheck,executed:PAUSED:587,1,PAUSED,1,0,28.267325833439827,4.3465071357786655
xair_atomic,plc_plain,1,pause,,1,588,588,588,0,30,314,1,authorization_committed,executed:RUN:588,1,RUN,0,0,24.234819691628218,30.31683200970292
xair,plc_plain,1,pause,,1,590,590,591,0,10,315,1,published_after_gate_recheck,executed:PAUSED:591,1,PAUSED,1,0,22.539268247783184,10.182208381593227
xair,plc_conditional,1,pause,,1,592,592,593,0,14,316,1,published_after_gate_recheck,refused:version_changed:593,0,,0,1,27.179064229130745,14.145726338028908
xair_atomic,plc_predicate,1,pause,,1,594,594,595,0,16,317,1,authorization_committed,refused:predicate_false:595,0,,0,1,24.801532737910748,16.176857985556126
xair,plc_predicate,1,pause,,1,596,596,597,0,8,318,1,published_after_gate_recheck,refused:predicate_false:597,0,,0,1,25.311670266091824,8.318430744111538
xair_atomic,plc_predicate,1,pause,,1,598,598,599,0,20,319,1,authorization_committed,refused:predicate_false:599,0,,0,1,25.50406102091074,20.241444930434227
xair_atomic,plc_conditional,1,pause,,1,600,600,601,0,14,320,1,authorization_committed,refused:version_changed:601,0,,0,1,19.654342904686928,14.298912603408098
xair_atomic,plc_conditional,1,pause,,1,602,,,0,0,321,0,read_set_version_changed_at_commit,,0,,0,0,19.911887124180794,3.2523730769753456
xair_atomic,plc_plain,1,pause,,1,604,604,604,0,20,322,1,authorization_committed,executed:RUN:604,1,RUN,0,0,16.65053702890873,20.224773790687323
xair,plc_predicate,1,pause,,1,606,606,606,0,20,323,1,published_after_gate_recheck,executed:RUN:606,1,RUN,0,0,27.145761996507645,20.254059229046106
xair,plc_plain,1,pause,,1,608,608,609,0,12,324,1,published_after_gate_recheck,executed:PAUSED:609,1,PAUSED,1,0,21.86056273058057,12.3175960034132
xair,plc_predicate,1,pause,,1,610,610,610,0,16,325,1,published_after_gate_recheck,executed:RUN:610,1,RUN,0,0,23.06874142959714,16.23025769367814
xair,plc_plain,1,pause,,1,612,,,0,2,326,0,read_set_version_changed_at_gate,,0,,0,0,17.65949884429574,2.341022714972496
xair,plc_predicate,1,pause,,1,614,614,615,0,10,327,1,published_after_gate_recheck,refused:predicate_false:615,0,,0,1,22.153622936457396,10.279421228915453
xair_atomic,plc_predicate,1,pause,,1,616,,,0,0,328,0,read_set_version_changed_at_commit,,0,,0,0,15.140212140977383,0.3297380171716213
xair_atomic,plc_conditional,1,pause,,1,618,618,619,0,10,329,1,authorization_committed,refused:version_changed:619,0,,0,1,18.146404065191746,10.394084732979536
xair,plc_predicate,1,pause,,1,620,620,621,0,16,330,1,published_after_gate_recheck,refused:predicate_false:621,0,,0,1,26.21057676151395,16.243182122707367
xair_atomic,plc_conditional,1,pause,,1,622,,,0,4,331,0,read_set_version_changed_at_commit,,0,,0,0,16.222764272242785,4.228736273944378
xair,plc_predicate,1,pause,,1,624,,,0,0,332,0,precondition_failed: line.state == 'RUN',,0,,0,0,13.575646094977856,0.35504624247550964
xair_atomic,plc_predicate,1,pause,,1,626,626,627,0,12,333,1,authorization_committed,refused:predicate_false:627,0,,0,1,19.185903947800398,12.252063024789095
xair,plc_conditional,1,pause,,1,628,628,628,0,20,334,1,published_after_gate_recheck,executed:RUN:628,1,RUN,0,0,24.0554828196764,20.246585365384817
xair_atomic,plc_predicate,1,pause,,1,630,630,631,0,4,335,1,authorization_committed,refused:predicate_false:631,0,,0,1,17.484881915152073,4.276124760508537
xair_atomic,plc_conditional,1,pause,,1,632,632,632,0,14,336,1,authorization_committed,executed:RUN:632,1,RUN,0,0,17.81590422615409,14.224644750356674
xair_atomic,plc_plain,1,pause,,1,634,634,634,0,20,337,1,authorization_committed,executed:RUN:634,1,RUN,0,0,20.025149919092655,20.261884201318026
xair,plc_plain,1,pause,,1,636,,,0,0,338,0,read_set_version_changed_at_gate,,0,,0,0,18.21397105231881,0.4450250416994095
xair_atomic,plc_predicate,1,pause,,1,638,,,0,4,339,0,read_set_version_changed_at_commit,,0,,0,0,18.336120061576366,4.159244708716869
xair_atomic,plc_plain,1,pause,,1,640,640,641,0,12,340,1,authorization_committed,executed:PAUSED:641,1,PAUSED,1,0,26.256071869283915,12.144450098276138
xair,plc_conditional,1,pause,,1,642,,,0,2,341,0,read_set_version_changed_at_gate,,0,,0,0,18.213539849966764,2.69948597997427
xair_atomic,plc_predicate,1,pause,,1,644,644,645,0,10,342,1,authorization_committed,refused:predicate_false:645,0,,0,1,16.96478622034192,10.295781306922436
xair_atomic,plc_plain,1,pause,,1,646,646,646,0,30,343,1,authorization_committed,executed:RUN:646,1,RUN,0,0,20.900731906294823,30.38440877571702
xair,plc_predicate,1,pause,,1,648,,,0,0,344,0,read_set_version_changed_at_gate,,0,,0,0,17.11263321340084,0.36153802648186684
xair,plc_plain,0,,,1,650,650,650,0,,345,1,published_after_gate_recheck,executed:RUN:650,1,RUN,0,0,20.953190978616476,
xair,plc_plain,1,pause,,1,650,650,650,0,30,346,1,published_after_gate_recheck,executed:RUN:650,1,RUN,0,0,21.487994119524956,30.295501928776503
xair_atomic,plc_predicate,1,pause,,1,652,652,653,0,6,347,1,authorization_committed,refused:predicate_false:653,0,,0,1,24.080990348011255,6.357009988278151
xair,plc_predicate,1,pause,,1,654,654,655,0,20,348,1,published_after_gate_recheck,refused:predicate_false:655,0,,0,1,31.126461923122406,20.376448053866625
xair,plc_plain,1,pause,,1,656,656,657,0,12,349,1,published_after_gate_recheck,executed:PAUSED:657,1,PAUSED,1,0,22.25509425625205,12.210815213620663
xair_atomic,plc_plain,1,pause,,1,658,658,659,0,10,350,1,authorization_committed,executed:PAUSED:659,1,PAUSED,1,0,19.511705730110407,10.155227035284042
xair_atomic,plc_conditional,1,pause,,1,660,660,661,0,8,351,1,authorization_committed,refused:version_changed:661,0,,0,1,22.113478276878595,8.268326986581087
xair,plc_conditional,0,,,1,662,662,662,0,,352,1,published_after_gate_recheck,executed:RUN:662,1,RUN,0,0,21.89087076112628,
xair,plc_conditional,1,pause,,1,662,662,663,0,6,353,1,published_after_gate_recheck,refused:version_changed:663,0,,0,1,22.751003969460726,6.245088763535023
xair,plc_predicate,1,pause,,1,664,664,665,0,10,354,1,published_after_gate_recheck,refused:predicate_false:665,0,,0,1,18.84411182254553,10.223465971648693
xair_atomic,plc_predicate,1,pause,,1,666,666,667,0,4,355,1,authorization_committed,refused:predicate_false:667,0,,0,1,18.556774128228426,4.26055584102869
xair,plc_predicate,1,pause,,1,668,668,668,0,30,356,1,published_after_gate_recheck,executed:RUN:668,1,RUN,0,0,20.331373903900385,30.27640702202916
xair,plc_predicate,1,pause,,1,670,670,671,0,14,357,1,published_after_gate_recheck,refused:predicate_false:671,0,,0,1,27.000409085303545,14.257225207984447
xair,plc_conditional,1,pause,,1,672,,,0,2,358,0,read_set_version_changed_at_gate,,0,,0,0,18.554348964244127,2.269118092954159
xair_atomic,plc_conditional,1,pause,,1,674,674,675,0,14,359,1,authorization_committed,refused:version_changed:675,0,,0,1,22.521974984556437,14.244901947677135
xair_atomic,plc_conditional,1,pause,,1,676,676,677,0,8,360,1,authorization_committed,refused:version_changed:677,0,,0,1,23.333036806434393,8.286539930850267
xair,plc_predicate,1,pause,,1,678,,,0,2,361,0,read_set_version_changed_at_gate,,0,,0,0,17.919457983225584,2.228712197393179
xair_atomic,plc_conditional,1,pause,,1,680,,,0,0,362,0,read_set_version_changed_at_commit,,0,,0,0,13.493582140654325,0.32561132684350014
xair_atomic,plc_predicate,0,,,1,682,682,682,0,,363,1,authorization_committed,executed:RUN:682,1,RUN,0,0,22.004322614520788,
xair_atomic,plc_plain,0,,,1,682,682,682,0,,364,1,authorization_committed,executed:RUN:682,1,RUN,0,0,21.098964381963015,
xair,plc_predicate,1,pause,,1,682,682,683,0,8,365,1,published_after_gate_recheck,refused:predicate_false:683,0,,0,1,25.399986188858747,8.3098947070539
xair,plc_conditional,1,pause,,1,684,684,685,0,6,366,1,published_after_gate_recheck,refused:version_changed:685,0,,0,1,27.01072907075286,6.245770957320929
xair_atomic,plc_conditional,1,pause,,1,686,686,687,0,16,367,1,authorization_committed,refused:version_changed:687,0,,0,1,24.57377500832081,16.364891082048416
xair_atomic,plc_conditional,1,pause,,1,688,688,689,0,16,368,1,authorization_committed,refused:version_changed:689,0,,0,1,22.879266180098057,16.214358154684305
xair,plc_predicate,1,pause,,1,690,690,691,0,10,369,1,published_after_gate_recheck,refused:predicate_false:691,0,,0,1,24.98154016211629,10.262167546898127
xair,plc_predicate,1,pause,,1,692,692,693,0,14,370,1,published_after_gate_recheck,refused:predicate_false:693,0,,0,1,27.858089189976454,14.197352807968855
xair_atomic,plc_plain,1,pause,,1,694,694,695,0,8,371,1,authorization_committed,executed:PAUSED:695,1,PAUSED,1,0,24.7301091440022,8.28277412801981
xair,plc_predicate,1,pause,,1,696,696,696,0,14,372,1,published_after_gate_recheck,executed:RUN:696,1,RUN,0,0,20.35742299631238,14.298062305897474
xair_atomic,plc_plain,1,pause,,1,698,,,0,2,373,0,read_set_version_changed_at_commit,,0,,0,0,15.61514288187027,2.321456093341112
xair_atomic,plc_conditional,1,pause,,1,700,,,0,2,374,0,read_set_version_changed_at_commit,,0,,0,0,15.147675760090351,2.3409929126501083
xair_atomic,plc_conditional,1,pause,,1,702,,,0,0,375,0,read_set_version_changed_at_commit,,0,,0,0,14.55643679946661,0.28788018971681595
xair,plc_conditional,1,pause,,1,704,704,705,0,6,376,1,published_after_gate_recheck,refused:version_changed:705,0,,0,1,21.103503182530403,6.170128937810659
xair_atomic,plc_conditional,1,pause,,1,706,706,706,0,16,377,1,authorization_committed,executed:RUN:706,1,RUN,0,0,15.07313596084714,16.196954995393753
xair,plc_conditional,1,pause,,1,708,708,709,0,6,378,1,published_after_gate_recheck,refused:version_changed:709,0,,0,1,19.322050269693136,6.250089034438133
xair,plc_conditional,0,,,1,710,710,710,0,,379,1,published_after_gate_recheck,executed:RUN:710,1,RUN,0,0,25.39778221398592,
xair,plc_predicate,1,pause,,1,710,710,710,0,30,380,1,published_after_gate_recheck,executed:RUN:710,1,RUN,0,0,21.58698020502925,30.26271192356944
xair,plc_plain,1,pause,,1,712,712,713,0,8,381,1,published_after_gate_recheck,executed:PAUSED:713,1,PAUSED,1,0,27.129029855132103,8.254831191152334
xair_atomic,plc_predicate,1,pause,,1,714,714,715,0,14,382,1,authorization_committed,refused:predicate_false:715,0,,0,1,24.45262810215354,14.187665190547705
xair,plc_plain,1,pause,,1,716,716,717,0,10,383,1,published_after_gate_recheck,executed:PAUSED:717,1,PAUSED,1,0,20.59740386903286,10.164665058255196
xair_atomic,plc_plain,1,pause,,1,718,718,718,0,30,384,1,authorization_committed,executed:RUN:718,1,RUN,0,0,17.68608996644616,30.15746409073472
xair_atomic,plc_conditional,1,pause,,1,720,,,0,2,385,0,read_set_version_changed_at_commit,,0,,0,0,17.108526080846786,2.1363990381360054
xair_atomic,plc_conditional,1,pause,,1,722,722,722,0,30,386,1,authorization_committed,executed:RUN:722,1,RUN,0,0,21.580176893621683,30.14934901148081
xair,plc_conditional,1,pause,,1,724,,,0,0,387,0,read_set_version_changed_at_gate,,0,,0,0,18.00969708710909,0.29909098520874977
xair_atomic,plc_predicate,1,pause,,1,726,,,0,2,388,0,read_set_version_changed_at_commit,,0,,0,0,14.8812560364604,2.1486524492502213
xair_atomic,plc_plain,1,pause,,1,728,728,728,0,20,389,1,authorization_committed,executed:RUN:728,1,RUN,0,0,22.71263161674142,20.148450043052435
xair_atomic,plc_plain,1,pause,,1,730,,,0,2,390,0,read_set_version_changed_at_commit,,0,,0,0,15.824486967176199,2.2246050648391247
xair,plc_predicate,1,pause,,1,732,732,733,0,10,391,1,published_after_gate_recheck,refused:predicate_false:733,0,,0,1,23.216237779706717,10.259353090077639
xair_atomic,plc_predicate,1,pause,,1,734,734,735,0,8,392,1,authorization_committed,refused:predicate_false:735,0,,0,1,22.968363016843796,8.174980990588665
xair_atomic,plc_conditional,1,pause,,1,736,,,0,2,393,0,read_set_version_changed_at_commit,,0,,0,0,14.609466306865215,2.1579889580607414
xair,plc_conditional,1,pause,,1,738,,,0,0,394,0,precondition_failed: line.state == 'RUN',,0,,0,0,12.454451993107796,0.29611634090542793
xair_atomic,plc_conditional,0,,,1,740,740,740,0,,395,1,authorization_committed,executed:RUN:740,1,RUN,0,0,18.182411789894104,
xair,plc_conditional,1,pause,,1,740,740,741,0,10,396,1,published_after_gate_recheck,refused:version_changed:741,0,,0,1,24.298388976603746,10.257599875330925
xair_atomic,plc_plain,1,pause,,1,742,742,743,0,12,397,1,authorization_committed,executed:PAUSED:743,1,PAUSED,1,0,24.812062736600637,12.595696840435266
xair_atomic,plc_conditional,0,,,1,744,744,744,0,,398,1,authorization_committed,executed:RUN:744,1,RUN,0,0,25.929971132427454,
xair,plc_predicate,1,pause,,1,744,744,745,0,6,399,1,published_after_gate_recheck,refused:predicate_false:745,0,,0,1,25.049017276614904,6.264195311814547
xair_atomic,plc_plain,0,,,1,746,746,746,0,,400,1,authorization_committed,executed:RUN:746,1,RUN,0,0,23.14268983900547,
xair_atomic,plc_plain,1,pause,,1,746,,,0,2,401,0,read_set_version_changed_at_commit,,0,,0,0,16.173851676285267,2.3587667383253574
xair_atomic,plc_plain,1,pause,,1,748,748,749,0,6,402,1,authorization_committed,executed:PAUSED:749,1,PAUSED,1,0,24.955873377621174,6.218188907951117
xair,plc_predicate,1,pause,,1,750,750,750,0,16,403,1,published_after_gate_recheck,executed:RUN:750,1,RUN,0,0,19.56711011007428,16.311501152813435
xair_atomic,plc_plain,1,pause,,1,752,752,752,0,20,404,1,authorization_committed,executed:RUN:752,1,RUN,0,0,17.98180490732193,20.275690127164125
xair,plc_predicate,1,pause,,1,754,754,754,0,10,405,1,published_after_gate_recheck,executed:RUN:754,1,RUN,0,0,17.467480152845383,10.245477315038443
xair_atomic,plc_predicate,1,pause,,1,756,756,756,0,16,406,1,authorization_committed,executed:RUN:756,1,RUN,0,0,18.777939025312662,16.29688311368227
xair_atomic,plc_plain,1,pause,,1,758,,,0,2,407,0,read_set_version_changed_at_commit,,0,,0,0,14.324480667710304,2.270831260830164
xair_atomic,plc_conditional,1,pause,,1,760,760,761,0,6,408,1,authorization_committed,refused:version_changed:761,0,,0,1,22.768717724829912,6.36241864413023
xair_atomic,plc_conditional,1,pause,,1,762,762,763,0,8,409,1,authorization_committed,refused:version_changed:763,0,,0,1,17.697210889309645,8.344659116119146
xair,plc_plain,1,pause,,1,764,764,765,0,12,410,1,published_after_gate_recheck,executed:PAUSED:765,1,PAUSED,1,0,24.905748199671507,12.266609817743301
xair,plc_plain,1,pause,,1,766,766,767,0,10,411,1,published_after_gate_recheck,executed:PAUSED:767,1,PAUSED,1,0,28.55492616072297,10.252660140395164
xair_atomic,plc_plain,1,pause,,1,768,768,769,0,10,412,1,authorization_committed,executed:PAUSED:769,1,PAUSED,1,0,25.09506279602647,10.250866878777742
xair_atomic,plc_predicate,0,,,1,770,770,770,0,,413,1,authorization_committed,executed:RUN:770,1,RUN,0,0,18.027810845524073,
xair,plc_conditional,1,pause,,1,770,770,771,0,4,414,1,published_after_gate_recheck,refused:version_changed:771,0,,0,1,25.04178322851658,4.28836839273572
xair_atomic,plc_plain,1,pause,,1,772,,,0,4,415,0,read_set_version_changed_at_commit,,0,,0,0,16.226951964199543,4.2627789080142975
xair_atomic,plc_plain,0,,,1,774,774,774,0,,416,1,authorization_committed,executed:RUN:774,1,RUN,0,0,16.260634642094374,
xair,plc_conditional,1,pause,,1,774,,,0,2,417,0,read_set_version_changed_at_gate,,0,,0,0,19.225528929382563,2.2311671636998653
xair,plc_predicate,1,pause,,1,776,776,777,0,16,418,1,published_after_gate_recheck,refused:predicate_false:777,0,,0,1,24.55279603600502,16.260353848338127
xair,plc_conditional,1,pause,,1,778,778,778,0,16,419,1,published_after_gate_recheck,executed:RUN:778,1,RUN,0,0,22.348579950630665,16.29470894113183
xair_atomic,plc_plain,1,pause,,1,780,,,0,4,420,0,read_set_version_changed_at_commit,,0,,0,0,17.624092753976583,4.224136937409639
xair,plc_plain,1,pause,,1,782,782,782,0,30,421,1,published_after_gate_recheck,executed:RUN:782,1,RUN,0,0,29.18681176379323,30.524893663823605
xair_atomic,plc_plain,0,,,1,784,784,784,0,,422,1,authorization_committed,executed:RUN:784,1,RUN,0,0,20.087446086108685,
xair_atomic,plc_conditional,1,pause,,1,784,784,785,0,10,423,1,authorization_committed,refused:version_changed:785,0,,0,1,22.095424123108387,10.222794022411108
xair,plc_conditional,1,pause,,1,786,,,0,0,424,0,read_set_version_changed_at_gate,,0,,0,0,17.89647527039051,0.3078468143939972
xair,plc_predicate,1,pause,,1,788,788,788,0,20,425,1,published_after_gate_recheck,executed:RUN:788,1,RUN,0,0,19.80795105919242,20.1867432333529
xair,plc_conditional,1,pause,,1,790,790,791,0,14,426,1,published_after_gate_recheck,refused:version_changed:791,0,,0,1,26.026561856269836,14.10966832190752
xair_atomic,plc_conditional,1,pause,,1,792,792,793,0,12,427,1,authorization_committed,refused:version_changed:793,0,,0,1,23.98225525394082,12.345627881586552
xair,plc_conditional,1,pause,,1,794,,,0,0,428,0,read_set_version_changed_at_gate,,0,,0,0,17.732507083564997,0.3521912731230259
xair_atomic,plc_predicate,1,pause,,1,796,,,0,2,429,0,read_set_version_changed_at_commit,,0,,0,0,15.225321985781193,2.2598598152399063
xair,plc_predicate,1,pause,,1,798,,,0,0,430,0,precondition_failed: line.state == 'RUN',,0,,0,0,13.107268139719963,0.3474322147667408
xair_atomic,plc_predicate,1,pause,,1,800,,,0,2,431,0,read_set_version_changed_at_commit,,0,,0,0,15.713999047875404,2.3178202100098133
xair,plc_plain,1,pause,,1,802,802,803,0,14,432,1,published_after_gate_recheck,executed:PAUSED:803,1,PAUSED,1,0,29.325302224606276,14.320033136755228
xair,plc_plain,1,pause,,1,804,804,805,0,10,433,1,published_after_gate_recheck,executed:PAUSED:805,1,PAUSED,1,0,26.137168984860182,10.343249887228012
xair_atomic,plc_plain,1,pause,,1,806,806,807,0,16,434,1,authorization_committed,executed:PAUSED:807,1,PAUSED,1,0,24.61536368355155,16.286333091557026
xair,plc_plain,0,,,1,808,808,808,0,,435,1,published_after_gate_recheck,executed:RUN:808,1,RUN,0,0,25.30297264456749,
xair_atomic,plc_conditional,0,,,1,808,808,808,0,,436,1,authorization_committed,executed:RUN:808,1,RUN,0,0,19.40941298380494,
xair_atomic,plc_plain,1,pause,,1,808,808,809,0,6,437,1,authorization_committed,executed:PAUSED:809,1,PAUSED,1,0,22.961449809372425,6.254107225686312
xair_atomic,plc_conditional,1,pause,,1,810,810,810,0,30,438,1,authorization_committed,executed:RUN:810,1,RUN,0,0,17.009099014103413,30.329667031764984
xair_atomic,plc_conditional,1,pause,,1,812,812,813,0,10,439,1,authorization_committed,refused:version_changed:813,0,,0,1,23.39717699214816,10.229646693915129
xair,plc_predicate,1,pause,,1,814,814,814,0,30,440,1,published_after_gate_recheck,executed:RUN:814,1,RUN,0,0,19.794275984168053,30.192780308425426
xair_atomic,plc_predicate,1,pause,,1,816,816,817,0,4,441,1,authorization_committed,refused:predicate_false:817,0,,0,1,23.69227074086666,4.271264653652906
xair,plc_predicate,1,pause,,1,818,,,0,0,442,0,precondition_failed: line.state == 'RUN',,0,,0,0,13.23784189298749,0.3703250549733639
xair_atomic,plc_predicate,1,pause,,1,820,820,820,0,30,443,1,authorization_committed,executed:RUN:820,1,RUN,0,0,23.013947997242212,30.194233171641827
xair,plc_conditional,1,pause,,1,822,822,823,0,6,444,1,published_after_gate_recheck,refused:version_changed:823,0,,0,1,23.070103954523802,6.17791386321187
xair_atomic,plc_predicate,1,pause,,1,824,824,825,0,4,445,1,authorization_committed,refused:predicate_false:825,0,,0,1,23.88489292934537,4.303745925426483
xair_atomic,plc_plain,1,pause,,1,826,826,827,0,8,446,1,authorization_committed,executed:PAUSED:827,1,PAUSED,1,0,16.679170075803995,8.2490099593997
xair,plc_conditional,1,pause,,1,828,828,829,0,6,447,1,published_after_gate_recheck,refused:version_changed:829,0,,0,1,25.33184690400958,6.371407303959131
xair_atomic,plc_predicate,1,pause,,1,830,,,0,4,448,0,read_set_version_changed_at_commit,,0,,0,0,17.73611269891262,4.288407042622566
xair_atomic,plc_plain,1,pause,,1,832,832,833,0,6,449,1,authorization_committed,executed:PAUSED:833,1,PAUSED,1,0,23.824970237910748,6.269575096666813
xair,plc_plain,1,pause,,1,834,,,0,4,450,0,read_set_version_changed_at_gate,,0,,0,0,21.295111626386642,4.27032308652997
xair_atomic,plc_plain,1,pause,,1,836,,,0,0,451,0,read_set_version_changed_at_commit,,0,,0,0,15.3746223077178,0.3351587802171707
xair,plc_predicate,1,pause,,1,838,,,0,0,452,0,precondition_failed: line.state == 'RUN',,0,,0,0,12.900287751108408,0.2766191028058529
xair_atomic,plc_conditional,1,pause,,1,840,840,841,0,6,453,1,authorization_committed,refused:version_changed:841,0,,0,1,21.155961323529482,6.20970269665122
xair_atomic,plc_predicate,1,pause,,1,842,842,843,0,10,454,1,authorization_committed,refused:predicate_false:843,0,,0,1,17.067208886146545,10.27006283402443
xair_atomic,plc_plain,1,pause,,1,844,844,845,0,10,455,1,authorization_committed,executed:PAUSED:845,1,PAUSED,1,0,17.84397615119815,10.469266213476658
xair,plc_plain,1,pause,,1,846,,,0,0,456,0,precondition_failed: line.state == 'RUN',,0,,0,0,13.353237882256508,0.33323513343930244
xair,plc_conditional,1,pause,,1,848,848,849,0,12,457,1,published_after_gate_recheck,refused:version_changed:849,0,,0,1,26.587294414639473,12.2703667730093
xair,plc_predicate,1,pause,,1,850,,,0,2,458,0,read_set_version_changed_at_gate,,0,,0,0,16.83985209092498,2.2900179028511047
xair,plc_conditional,1,pause,,1,852,,,0,0,459,0,precondition_failed: line.state == 'RUN',,0,,0,0,14.06998373568058,0.39286818355321884
xair_atomic,plc_plain,1,pause,,1,854,854,855,0,4,460,1,authorization_committed,executed:PAUSED:855,1,PAUSED,1,0,18.79735477268696,4.211162682622671
xair_atomic,plc_predicate,1,pause,,1,856,856,857,0,8,461,1,authorization_committed,refused:predicate_false:857,0,,0,1,19.145428203046322,8.195349015295506
xair,plc_conditional,1,pause,,1,858,858,858,0,30,462,1,published_after_gate_recheck,executed:RUN:858,1,RUN,0,0,22.586846724152565,30.206855852156878
xair_atomic,plc_plain,1,pause,,1,860,860,861,0,16,463,1,authorization_committed,executed:PAUSED:861,1,PAUSED,1,0,24.688169825822115,16.283046919852495
xair_atomic,plc_plain,1,pause,,1,862,862,863,0,14,464,1,authorization_committed,executed:PAUSED:863,1,PAUSED,1,0,22.496857680380344,14.251723885536194
xair,plc_predicate,1,pause,,1,864,864,865,0,12,465,1,published_after_gate_recheck,refused:predicate_false:865,0,,0,1,26.042822282761335,12.273132335394621
xair,plc_conditional,1,pause,,1,866,866,867,0,8,466,1,published_after_gate_recheck,refused:version_changed:867,0,,0,1,26.84181137010455,8.218854200094938
xair,plc_predicate,1,pause,,1,868,868,869,0,4,467,1,published_after_gate_recheck,refused:predicate_false:869,0,,0,1,26.027423329651356,4.188830032944679
xair_atomic,plc_conditional,1,pause,,1,870,870,871,0,4,468,1,authorization_committed,refused:version_changed:871,0,,0,1,26.362472213804722,4.297895357012749
xair,plc_predicate,1,pause,,1,872,,,0,2,469,0,read_set_version_changed_at_gate,,0,,0,0,18.56388710439205,2.2259680554270744
xair_atomic,plc_plain,1,pause,,1,874,874,875,0,6,470,1,authorization_committed,executed:PAUSED:875,1,PAUSED,1,0,25.143814738839865,6.648336071521044
xair_atomic,plc_plain,1,pause,,1,876,876,876,0,20,471,1,authorization_committed,executed:RUN:876,1,RUN,0,0,16.291643027216196,20.272773690521717
xair_atomic,plc_conditional,1,pause,,1,878,878,879,0,12,472,1,authorization_committed,refused:version_changed:879,0,,0,1,22.298475727438927,12.259006034582853
xair,plc_predicate,1,pause,,1,880,880,881,0,12,473,1,published_after_gate_recheck,refused:predicate_false:881,0,,0,1,20.39111591875553,12.268071994185448
xair,plc_predicate,1,pause,,1,882,,,0,2,474,0,read_set_version_changed_at_gate,,0,,0,0,19.28356708958745,2.2652209736406803
xair,plc_predicate,1,pause,,1,884,884,885,0,4,475,1,published_after_gate_recheck,refused:predicate_false:885,0,,0,1,20.750639960169792,4.26385086029768
xair_atomic,plc_conditional,1,pause,,1,886,886,887,0,16,476,1,authorization_committed,refused:version_changed:887,0,,0,1,23.68825301527977,16.256687231361866
xair_atomic,plc_plain,1,pause,,1,888,888,889,0,14,477,1,authorization_committed,executed:PAUSED:889,1,PAUSED,1,0,21.90997591242194,14.995571225881577
xair,plc_predicate,1,pause,,1,890,890,890,0,20,478,1,published_after_gate_recheck,executed:RUN:890,1,RUN,0,0,22.768877912312746,20.310234744101763
xair,plc_predicate,1,pause,,1,892,892,892,0,12,479,1,published_after_gate_recheck,executed:RUN:892,1,RUN,0,0,19.865279085934162,12.226223014295101
xair,plc_predicate,1,pause,,1,894,894,895,0,14,480,1,published_after_gate_recheck,refused:predicate_false:895,0,,0,1,22.64527603983879,14.159291051328182
xair_atomic,plc_conditional,1,pause,,1,896,896,897,0,6,481,1,authorization_committed,refused:version_changed:897,0,,0,1,19.238463137298822,6.246240809559822
xair,plc_predicate,1,pause,,1,898,898,898,0,14,482,1,published_after_gate_recheck,executed:RUN:898,1,RUN,0,0,20.80984180793166,14.206570107489824
xair,plc_conditional,1,pause,,1,900,900,901,0,6,483,1,published_after_gate_recheck,refused:version_changed:901,0,,0,1,21.657161880284548,6.197710987180471
xair_atomic,plc_predicate,1,pause,,1,902,902,903,0,14,484,1,authorization_committed,refused:predicate_false:903,0,,0,1,25.293766986578703,14.230605214834213
xair_atomic,plc_predicate,1,pause,,1,904,,,0,4,485,0,read_set_version_changed_at_commit,,0,,0,0,16.77899807691574,4.194862209260464
xair_atomic,plc_conditional,1,pause,,1,906,,,0,2,486,0,read_set_version_changed_at_commit,,0,,0,0,15.255648642778397,2.28337524458766
xair_atomic,plc_plain,1,pause,,1,908,908,909,0,14,487,1,authorization_committed,executed:PAUSED:909,1,PAUSED,1,0,22.840602789074183,14.222749974578619
xair,plc_plain,1,pause,,1,910,910,911,0,8,488,1,published_after_gate_recheck,executed:PAUSED:911,1,PAUSED,1,0,25.58767795562744,8.232580032199621
xair_atomic,plc_predicate,1,pause,,1,912,912,913,0,6,489,1,authorization_committed,refused:predicate_false:913,0,,0,1,24.567503947764635,6.197068840265274
xair,plc_predicate,1,pause,,1,914,914,915,0,10,490,1,published_after_gate_recheck,refused:predicate_false:915,0,,0,1,22.914471104741096,10.189701803028584
xair,plc_predicate,1,pause,,1,916,,,0,2,491,0,read_set_version_changed_at_gate,,0,,0,0,17.775016371160746,2.1876851096749306
xair_atomic,plc_conditional,1,pause,,1,918,,,0,0,492,0,read_set_version_changed_at_commit,,0,,0,0,15.50164120271802,0.5903979763388634
xair_atomic,plc_plain,1,pause,,1,920,920,921,0,14,493,1,authorization_committed,executed:PAUSED:921,1,PAUSED,1,0,24.928571190685034,14.18982818722725
xair_atomic,plc_plain,1,pause,,1,922,,,0,0,494,0,read_set_version_changed_at_commit,,0,,0,0,14.779325108975172,0.26278290897607803
xair,plc_conditional,1,pause,,1,924,924,925,0,8,495,1,published_after_gate_recheck,refused:version_changed:925,0,,0,1,23.43294396996498,8.19438835605979
xair,plc_predicate,1,pause,,1,926,,,0,2,496,0,read_set_version_changed_at_gate,,0,,0,0,22.507828194648027,2.256084233522415
xair,plc_conditional,1,pause,,1,928,928,928,0,20,497,1,published_after_gate_recheck,executed:RUN:928,1,RUN,0,0,22.499853279441595,20.245944149792194
xair_atomic,plc_conditional,1,pause,,1,930,930,930,0,30,498,1,authorization_committed,executed:RUN:930,1,RUN,0,0,17.821865156292915,30.242884065955877
xair_atomic,plc_plain,1,pause,,1,932,932,933,0,8,499,1,authorization_committed,executed:PAUSED:933,1,PAUSED,1,0,21.218308247625828,8.341153152287006
xair_atomic,plc_predicate,1,pause,,1,934,934,935,0,10,500,1,authorization_committed,refused:predicate_false:935,0,,0,1,17.20865396782756,10.35247789695859
xair,plc_conditional,1,pause,,1,936,936,937,0,12,501,1,published_after_gate_recheck,refused:version_changed:937,0,,0,1,26.230353862047195,12.244167272001505
xair,plc_plain,1,pause,,1,938,938,939,0,8,502,1,published_after_gate_recheck,executed:PAUSED:939,1,PAUSED,1,0,26.80965093895793,8.237218018621206
xair,plc_predicate,1,pause,,1,940,,,0,0,503,0,read_set_version_changed_at_gate,,0,,0,0,16.543836798518896,0.2757278271019459
xair_atomic,plc_plain,1,pause,,1,942,942,942,0,16,504,1,authorization_committed,executed:RUN:942,1,RUN,0,0,20.20534686744213,16.286723781377077
xair,plc_predicate,1,pause,,1,944,944,945,0,8,505,1,published_after_gate_recheck,refused:predicate_false:945,0,,0,1,27.04216679558158,8.271802682429552
xair_atomic,plc_plain,1,pause,,1,946,946,946,0,30,506,1,authorization_committed,executed:RUN:946,1,RUN,0,0,20.552990026772022,30.339995864778757
xair_atomic,plc_predicate,1,pause,,1,948,948,949,0,6,507,1,authorization_committed,refused:predicate_false:949,0,,0,1,16.55666995793581,6.2616001814603806
xair_atomic,plc_conditional,1,pause,,1,950,950,951,0,12,508,1,authorization_committed,refused:version_changed:951,0,,0,1,16.910533886402845,12.221305165439844
xair_atomic,plc_predicate,1,pause,,1,952,952,952,0,30,509,1,authorization_committed,executed:RUN:952,1,RUN,0,0,21.788098383694887,30.22610303014517
xair,plc_conditional,1,pause,,1,954,954,954,0,30,510,1,published_after_gate_recheck,executed:RUN:954,1,RUN,0,0,29.69852229580283,30.243284069001675
xair_atomic,plc_plain,1,pause,,1,956,,,0,2,511,0,read_set_version_changed_at_commit,,0,,0,0,16.397501807659864,2.235155086964369
xair,plc_plain,1,pause,,1,958,,,0,4,512,0,read_set_version_changed_at_gate,,0,,0,0,18.892353866249323,4.190815147012472
xair,plc_conditional,1,pause,,1,960,960,961,0,12,513,1,published_after_gate_recheck,refused:version_changed:961,0,,0,1,22.216251119971275,12.271348387002945
xair_atomic,plc_plain,1,pause,,1,962,962,962,0,16,514,1,authorization_committed,executed:RUN:962,1,RUN,0,0,20.350018050521612,16.246989369392395
xair_atomic,plc_plain,1,pause,,1,964,964,964,0,20,515,1,authorization_committed,executed:RUN:964,1,RUN,0,0,19.830094184726477,20.319221075624228
xair_atomic,plc_conditional,1,pause,,1,966,,,0,2,516,0,read_set_version_changed_at_commit,,0,,0,0,13.460990972816944,2.211671322584152
xair_atomic,plc_predicate,1,pause,,1,968,968,968,0,30,517,1,authorization_committed,executed:RUN:968,1,RUN,0,0,20.3956151381135,30.20581416785717
xair_atomic,plc_plain,1,pause,,1,970,,,0,2,518,0,read_set_version_changed_at_commit,,0,,0,0,14.869184233248234,2.2884849458932877
xair,plc_conditional,1,pause,,1,972,972,973,0,10,519,1,published_after_gate_recheck,refused:version_changed:973,0,,0,1,21.656201221048832,10.345874819904566
xair_atomic,plc_predicate,1,pause,,1,974,,,0,0,520,0,read_set_version_changed_at_commit,,0,,0,0,13.595995027571917,0.4038778133690357
xair,plc_predicate,1,pause,,1,976,976,977,0,8,521,1,published_after_gate_recheck,refused:predicate_false:977,0,,0,1,21.205123979598284,8.283644914627075
xair_atomic,plc_conditional,1,pause,,1,978,978,979,0,6,522,1,authorization_committed,refused:version_changed:979,0,,0,1,24.42145999521017,6.247254088521004
xair,plc_predicate,1,pause,,1,980,980,980,0,30,523,1,published_after_gate_recheck,executed:RUN:980,1,RUN,0,0,20.162688102573156,30.25970607995987
xair,plc_plain,1,pause,,1,982,982,983,0,16,524,1,published_after_gate_recheck,executed:PAUSED:983,1,PAUSED,1,0,27.180847711861134,16.224738210439682
xair_atomic,plc_plain,1,pause,,1,984,984,985,0,10,525,1,authorization_committed,executed:PAUSED:985,1,PAUSED,1,0,24.205464869737625,10.214969050139189
xair,plc_plain,1,pause,,1,986,986,987,0,12,526,1,published_after_gate_recheck,executed:PAUSED:987,1,PAUSED,1,0,20.9951288998127,12.216575909405947
xair_atomic,plc_predicate,1,pause,,1,988,,,0,2,527,0,read_set_version_changed_at_commit,,0,,0,0,14.892448205500841,2.262155059725046
xair,plc_predicate,0,,,1,990,990,990,0,,528,1,published_after_gate_recheck,executed:RUN:990,1,RUN,0,0,25.02711582928896,
xair,plc_conditional,1,pause,,1,990,990,991,0,8,529,1,published_after_gate_recheck,refused:version_changed:991,0,,0,1,22.24736986681819,8.283784613013268
xair,plc_plain,0,,,1,992,992,992,0,,530,1,published_after_gate_recheck,executed:RUN:992,1,RUN,0,0,29.709062073379755,
xair,plc_plain,1,pause,,1,992,,,0,4,531,0,read_set_version_changed_at_gate,,0,,0,0,19.489313941448927,4.216894041746855
xair,plc_predicate,0,,,1,994,994,994,0,,532,1,published_after_gate_recheck,executed:RUN:994,1,RUN,0,0,19.8387592099607,
xair_atomic,plc_conditional,1,pause,,1,994,994,994,0,20,533,1,authorization_committed,executed:RUN:994,1,RUN,0,0,19.398353062570095,20.30182909220457
xair,plc_plain,1,pause,,1,996,996,996,0,30,534,1,published_after_gate_recheck,executed:RUN:996,1,RUN,0,0,28.585303109139204,30.261068139225245
xair,plc_plain,0,,,1,998,998,998,0,,535,1,published_after_gate_recheck,executed:RUN:998,1,RUN,0,0,26.164610870182514,
xair,plc_predicate,1,pause,,1,998,998,999,0,14,536,1,published_after_gate_recheck,refused:predicate_false:999,0,,0,1,22.15348370373249,14.260571915656328
xair,plc_plain,1,pause,,1,1000,1000,1001,0,4,537,1,published_after_gate_recheck,executed:PAUSED:1001,1,PAUSED,1,0,21.397464908659458,5.553991999477148
xair_atomic,plc_plain,0,,,1,1002,1002,1002,0,,538,1,authorization_committed,executed:RUN:1002,1,RUN,0,0,23.512694984674454,
xair_atomic,plc_predicate,1,pause,,1,1002,1002,1002,0,30,539,1,authorization_committed,executed:RUN:1002,1,RUN,0,0,21.720570977777243,30.193993356078863
xair,plc_conditional,1,pause,,1,1004,1004,1005,0,8,540,1,published_after_gate_recheck,refused:version_changed:1005,0,,0,1,21.508774254471064,8.173187728971243
xair,plc_conditional,0,,,1,1006,1006,1006,0,,541,1,published_after_gate_recheck,executed:RUN:1006,1,RUN,0,0,22.83354988321662,
xair,plc_plain,1,pause,,1,1006,1006,1007,0,8,542,1,published_after_gate_recheck,executed:PAUSED:1007,1,PAUSED,1,0,22.154114674776793,8.265191223472357
xair,plc_conditional,1,pause,,1,1008,,,0,2,543,0,read_set_version_changed_at_gate,,0,,0,0,17.95130781829357,2.2940048947930336
xair,plc_plain,1,pause,,1,1010,1010,1010,0,30,544,1,published_after_gate_recheck,executed:RUN:1010,1,RUN,0,0,27.02583698555827,30.232444871217012
xair_atomic,plc_conditional,1,pause,,1,1012,,,0,2,545,0,read_set_version_changed_at_commit,,0,,0,0,16.03591302409768,2.272294368594885
xair,plc_conditional,1,pause,,1,1014,,,0,0,546,0,read_set_version_changed_at_gate,,0,,0,0,17.121049109846354,0.32237498089671135
xair,plc_predicate,1,pause,,1,1016,1016,1017,0,10,547,1,published_after_gate_recheck,refused:predicate_false:1017,0,,0,1,22.308203857392073,10.20464999601245
xair,plc_conditional,1,pause,,1,1018,1018,1019,0,16,548,1,published_after_gate_recheck,refused:version_changed:1019,0,,0,1,27.386263012886047,16.23256178572774
xair,plc_predicate,1,pause,,1,1020,1020,1021,0,10,549,1,published_after_gate_recheck,refused:predicate_false:1021,0,,0,1,26.91025985404849,10.210440959781408
xair_atomic,plc_predicate,1,pause,,1,1022,1022,1023,0,14,550,1,authorization_committed,refused:predicate_false:1023,0,,0,1,26.951245963573456,14.241536147892475
xair_atomic,plc_plain,1,pause,,1,1024,1024,1025,0,10,551,1,authorization_committed,executed:PAUSED:1025,1,PAUSED,1,0,16.770571935921907,10.218054987490177
xair,plc_predicate,1,pause,,1,1026,,,0,2,552,0,read_set_version_changed_at_gate,,0,,0,0,17.964904196560383,2.2384412586688995
xair_atomic,plc_predicate,1,pause,,1,1028,,,0,2,553,0,read_set_version_changed_at_commit,,0,,0,0,14.53416422009468,2.24436167627573
xair_atomic,plc_plain,1,pause,,1,1030,1030,1031,0,20,554,1,authorization_committed,executed:PAUSED:1031,1,PAUSED,1,0,24.58306262269616,20.21915279328823
xair_atomic,plc_plain,0,,,1,1032,1032,1032,0,,555,1,authorization_committed,executed:RUN:1032,1,RUN,0,0,20.513095427304506,
xair_atomic,plc_conditional,1,pause,,1,1032,,,0,0,556,0,read_set_version_changed_at_commit,,0,,0,0,14.47853073477745,0.22812793031334877
xair_atomic,plc_conditional,1,pause,,1,1034,1034,1034,0,16,557,1,authorization_committed,executed:RUN:1034,1,RUN,0,0,15.495559200644493,16.222473233938217
xair_atomic,plc_predicate,1,pause,,1,1036,,,0,0,558,0,read_set_version_changed_at_commit,,0,,0,0,14.032662846148014,0.4412578418850899
xair_atomic,plc_plain,1,pause,,1,1038,1038,1038,0,20,559,1,authorization_committed,executed:RUN:1038,1,RUN,0,0,16.225168015807867,20.323149394243956
xair,plc_predicate,0,,,1,1040,1040,1040,0,,560,1,published_after_gate_recheck,executed:RUN:1040,1,RUN,0,0,24.509074166417122,
xair_atomic,plc_plain,1,pause,,1,1040,1040,1041,0,6,561,1,authorization_committed,executed:PAUSED:1041,1,PAUSED,1,0,17.825611401349306,6.320019718259573
xair,plc_predicate,1,pause,,1,1042,,,0,0,562,0,read_set_version_changed_at_gate,,0,,0,0,17.036770936101675,0.4030158743262291
xair,plc_conditional,1,pause,,1,1044,1044,1044,0,30,563,1,published_after_gate_recheck,executed:RUN:1044,1,RUN,0,0,23.731415160000324,30.252160970121622
xair,plc_predicate,1,pause,,1,1046,1046,1047,0,8,564,1,published_after_gate_recheck,refused:predicate_false:1047,0,,0,1,19.901607185602188,8.22815066203475
xair,plc_plain,1,pause,,1,1048,1048,1048,0,20,565,1,published_after_gate_recheck,executed:RUN:1048,1,RUN,0,0,26.97339840233326,20.19554888829589
xair,plc_predicate,1,pause,,1,1050,1050,1051,0,12,566,1,published_after_gate_recheck,refused:predicate_false:1051,0,,0,1,20.872920285910368,12.170108035206795
xair,plc_predicate,1,pause,,1,1052,1052,1052,0,16,567,1,published_after_gate_recheck,executed:RUN:1052,1,RUN,0,0,23.461557924747467,16.31920412182808
xair,plc_conditional,1,pause,,1,1054,1054,1054,0,16,568,1,published_after_gate_recheck,executed:RUN:1054,1,RUN,0,0,21.977002266794443,16.156008932739496
xair,plc_predicate,1,pause,,1,1056,1056,1057,0,12,569,1,published_after_gate_recheck,refused:predicate_false:1057,0,,0,1,22.51836797222495,13.022628147155046
xair_atomic,plc_predicate,1,pause,,1,1058,1058,1059,0,16,570,1,authorization_committed,refused:predicate_false:1059,0,,0,1,21.87194488942623,16.189060173928738
xair,plc_plain,1,pause,,1,1060,1060,1061,0,10,571,1,published_after_gate_recheck,executed:PAUSED:1061,1,PAUSED,1,0,25.03331797197461,10.179413016885519
xair_atomic,plc_conditional,1,pause,,1,1062,,,0,0,572,0,precondition_failed: line.state == 'RUN',,0,,0,0,12.680165935307741,0.2792840823531151
xair,plc_plain,0,,,1,1064,1064,1064,0,,573,1,published_after_gate_recheck,executed:RUN:1064,1,RUN,0,0,23.32582278177142,
xair_atomic,plc_conditional,1,pause,,1,1064,1064,1065,0,12,574,1,authorization_committed,refused:version_changed:1065,0,,0,1,19.405987113714218,12.2301010414958
xair,plc_plain,1,pause,,1,1066,,,0,0,575,0,read_set_version_changed_at_gate,,0,,0,0,18.91563693061471,0.42588915675878525
xair,plc_plain,1,pause,,1,1068,1068,1069,0,14,576,1,published_after_gate_recheck,executed:PAUSED:1069,1,PAUSED,1,0,21.82188117876649,14.264900237321854
xair,plc_conditional,1,pause,,1,1070,1070,1070,0,16,577,1,published_after_gate_recheck,executed:RUN:1070,1,RUN,0,0,22.970115300267935,16.264111269265413
xair_atomic,plc_plain,1,pause,,1,1072,1072,1072,0,16,578,1,authorization_committed,executed:RUN:1072,1,RUN,0,0,20.019408781081438,16.23854273930192
xair,plc_predicate,1,pause,,1,1074,1074,1075,0,8,579,1,published_after_gate_recheck,refused:predicate_false:1075,0,,0,1,21.552124992012978,8.212260901927948
xair,plc_plain,1,pause,,1,1076,1076,1077,0,12,580,1,published_after_gate_recheck,executed:PAUSED:1077,1,PAUSED,1,0,21.810438949614763,12.189184781163931
xair_atomic,plc_plain,1,pause,,1,1078,1078,1079,0,8,581,1,authorization_committed,executed:PAUSED:1079,1,PAUSED,1,0,19.280041102319956,8.983548730611801
xair,plc_conditional,1,pause,,1,1080,1080,1080,0,30,582,1,published_after_gate_recheck,executed:RUN:1080,1,RUN,0,0,19.918739330023527,30.285724438726902
xair_atomic,plc_conditional,0,,,1,1082,1082,1082,0,,583,1,authorization_committed,executed:RUN:1082,1,RUN,0,0,23.36337324231863,
xair_atomic,plc_predicate,1,pause,,1,1082,1082,1083,0,6,584,1,authorization_committed,refused:predicate_false:1083,0,,0,1,26.31682576611638,6.515276152640581
xair_atomic,plc_conditional,1,pause,,1,1084,1084,1084,0,20,585,1,authorization_committed,executed:RUN:1084,1,RUN,0,0,23.213381879031658,22.902709431946278
xair_atomic,plc_predicate,1,pause,,1,1086,1086,1087,0,10,586,1,authorization_committed,refused:predicate_false:1087,0,,0,1,18.296184949576855,10.268670041114092
xair_atomic,plc_predicate,1,pause,,1,1088,1088,1088,0,20,587,1,authorization_committed,executed:RUN:1088,1,RUN,0,0,23.72879907488823,20.263726823031902
xair,plc_conditional,1,pause,,1,1090,1090,1091,0,10,588,1,published_after_gate_recheck,refused:version_changed:1091,0,,0,1,21.095878910273314,10.245736688375473
xair_atomic,plc_conditional,1,pause,,1,1092,,,0,2,589,0,read_set_version_changed_at_commit,,0,,0,0,16.00593701004982,2.345412038266659
xair,plc_conditional,1,pause,,1,1094,1094,1095,0,10,590,1,published_after_gate_recheck,refused:version_changed:1095,0,,0,1,25.51799826323986,10.292695369571447
xair,plc_plain,1,pause,,1,1096,,,0,2,591,0,read_set_version_changed_at_gate,,0,,0,0,17.972266767174006,2.2338819690048695
xair,plc_plain,1,pause,,1,1098,1098,1099,0,12,592,1,published_after_gate_recheck,executed:PAUSED:1099,1,PAUSED,1,0,25.270984042435884,12.270346283912659
xair,plc_predicate,1,pause,,1,1100,1100,1101,0,20,593,1,published_after_gate_recheck,refused:predicate_false:1101,0,,0,1,27.031737845391035,20.251965150237083
xair,plc_plain,1,pause,,1,1102,1102,1102,0,30,594,1,published_after_gate_recheck,executed:RUN:1102,1,RUN,0,0,20.800483878701925,30.22116282954812
xair_atomic,plc_conditional,1,pause,,1,1104,1104,1105,0,16,595,1,authorization_committed,refused:version_changed:1105,0,,0,1,26.1346148326993,16.244905069470406
xair_atomic,plc_plain,1,pause,,1,1106,1106,1107,0,4,596,1,authorization_committed,executed:PAUSED:1107,1,PAUSED,1,0,18.216374795883894,4.235037136822939
xair,plc_predicate,1,pause,,1,1108,1108,1108,0,14,597,1,published_after_gate_recheck,executed:RUN:1108,1,RUN,0,0,19.754762295633554,14.265229925513268
xair_atomic,plc_conditional,0,,,1,1110,1110,1110,0,,598,1,authorization_committed,executed:RUN:1110,1,RUN,0,0,19.744262099266052,
xair_atomic,plc_predicate,0,,,1,1110,1110,1110,0,,599,1,authorization_committed,executed:RUN:1110,1,RUN,0,0,22.630278021097183,
xair,plc_plain,1,pause,,1,1110,1110,1110,0,16,600,1,published_after_gate_recheck,executed:RUN:1110,1,RUN,0,0,24.751067627221346,16.298505011945963
xair_atomic,plc_conditional,1,pause,,1,1112,1112,1113,0,8,601,1,authorization_committed,refused:version_changed:1113,0,,0,1,17.635123804211617,8.412827271968126
xair,plc_predicate,1,pause,,1,1114,1114,1115,0,12,602,1,published_after_gate_recheck,refused:predicate_false:1115,0,,0,1,21.168215200304985,12.209362350404263
xair_atomic,plc_plain,1,pause,,1,1116,1116,1117,0,10,603,1,authorization_committed,executed:PAUSED:1117,1,PAUSED,1,0,25.60586202889681,10.257740039378405
xair_atomic,plc_predicate,0,,,1,1118,1118,1118,0,,604,1,authorization_committed,executed:RUN:1118,1,RUN,0,0,16.74322970211506,
xair_atomic,plc_plain,1,pause,,1,1118,,,0,2,605,0,read_set_version_changed_at_commit,,0,,0,0,15.225291717797518,2.2264476865530014
xair,plc_conditional,1,pause,,1,1120,1120,1121,0,6,606,1,published_after_gate_recheck,refused:version_changed:1121,0,,0,1,27.71107293665409,6.180629134178162
xair,plc_conditional,1,pause,,1,1122,1122,1122,0,30,607,1,published_after_gate_recheck,executed:RUN:1122,1,RUN,0,0,28.039318043738604,30.201165936887264
xair_atomic,plc_predicate,1,pause,,1,1124,,,0,0,608,0,read_set_version_changed_at_commit,,0,,0,0,14.559331815689802,0.3016563132405281
xair_atomic,plc_predicate,0,,,1,1126,1126,1126,0,,609,1,authorization_committed,executed:RUN:1126,1,RUN,0,0,25.888101663440466,
xair_atomic,plc_conditional,1,pause,,1,1126,1126,1127,0,12,610,1,authorization_committed,refused:version_changed:1127,0,,0,1,21.04054531082511,12.233678251504898
xair_atomic,plc_predicate,1,pause,,1,1128,1128,1129,0,8,611,1,authorization_committed,refused:predicate_false:1129,0,,0,1,22.59729616343975,8.208875078707933
xair_atomic,plc_conditional,1,pause,,1,1130,,,0,2,612,0,read_set_version_changed_at_commit,,0,,0,0,14.44495702162385,2.176604699343443
xair,plc_conditional,1,pause,,1,1132,1132,1132,0,30,613,1,published_after_gate_recheck,executed:RUN:1132,1,RUN,0,0,25.133326184004545,30.285723973065615
xair_atomic,plc_predicate,1,pause,,1,1134,1134,1135,0,12,614,1,authorization_committed,refused:predicate_false:1135,0,,0,1,26.610456872731447,13.351246248930693
xair_atomic,plc_conditional,1,pause,,1,1136,,,0,4,615,0,read_set_version_changed_at_commit,,0,,0,0,16.947172582149506,4.278117790818214
xair_atomic,plc_predicate,1,pause,,1,1138,1138,1139,0,12,616,1,authorization_committed,refused:predicate_false:1139,0,,0,1,22.62109098955989,12.238375842571259
xair,plc_conditional,1,pause,,1,1140,1140,1141,0,12,617,1,published_after_gate_recheck,refused:version_changed:1141,0,,0,1,19.64567694813013,12.226514983922243
xair_atomic,plc_conditional,1,pause,,1,1142,1142,1143,0,14,618,1,authorization_committed,refused:version_changed:1143,0,,0,1,19.560518208891153,14.269018080085516
xair,plc_conditional,1,pause,,1,1144,1144,1144,0,20,619,1,published_after_gate_recheck,executed:RUN:1144,1,RUN,0,0,24.1566919721663,20.265209954231977
xair_atomic,plc_conditional,1,pause,,1,1146,1146,1146,0,16,620,1,authorization_committed,executed:RUN:1146,1,RUN,0,0,18.246070947498083,16.222984064370394
xair_atomic,plc_plain,1,pause,,1,1148,1148,1148,0,14,621,1,authorization_committed,executed:RUN:1148,1,RUN,0,0,17.85448519513011,14.226516708731651
xair_atomic,plc_predicate,1,pause,,1,1150,1150,1151,0,16,622,1,authorization_committed,refused:predicate_false:1151,0,,0,1,21.295392885804176,16.191905830055475
xair_atomic,plc_conditional,1,pause,,1,1152,1152,1152,0,30,623,1,authorization_committed,executed:RUN:1152,1,RUN,0,0,21.35104825720191,30.273782089352608
xair_atomic,plc_plain,1,pause,,1,1154,,,0,0,624,0,read_set_version_changed_at_commit,,0,,0,0,15.62579395249486,0.38035307079553604
xair_atomic,plc_predicate,1,pause,,1,1156,1156,1157,0,8,625,1,authorization_committed,refused:predicate_false:1157,0,,0,1,18.020476680248976,8.193285670131445
xair,plc_conditional,1,pause,,1,1158,,,0,0,626,0,read_set_version_changed_at_gate,,0,,0,0,16.120570711791515,0.4514171741902828
xair_atomic,plc_predicate,1,pause,,1,1160,1160,1161,0,8,627,1,authorization_committed,refused:predicate_false:1161,0,,0,1,15.36596566438675,8.210076950490475
xair,plc_plain,1,pause,,1,1162,1162,1162,0,30,628,1,published_after_gate_recheck,executed:RUN:1162,1,RUN,0,0,24.77128617465496,30.278882011771202
xair,plc_conditional,1,pause,,1,1164,1164,1165,0,12,629,1,published_after_gate_recheck,refused:version_changed:1165,0,,0,1,25.424181018024683,12.270266190171242
xair_atomic,plc_conditional,1,pause,,1,1166,,,0,0,630,0,read_set_version_changed_at_commit,,0,,0,0,14.509387779980898,0.3440752625465393
xair,plc_plain,1,pause,,1,1168,1168,1168,0,16,631,1,published_after_gate_recheck,executed:RUN:1168,1,RUN,0,0,22.889534942805767,16.157361213117838
xair,plc_plain,1,pause,,1,1170,1170,1170,0,30,632,1,published_after_gate_recheck,executed:RUN:1170,1,RUN,0,0,23.28766230493784,30.243576038628817
xair,plc_predicate,1,pause,,1,1172,1172,1173,0,6,633,1,published_after_gate_recheck,refused:predicate_false:1173,0,,0,1,20.822846796363592,6.178615149110556
xair_atomic,plc_plain,0,,,1,1174,1174,1174,0,,634,1,authorization_committed,executed:RUN:1174,1,RUN,0,0,14.337725937366486,
xair,plc_conditional,1,pause,,1,1174,1174,1174,0,20,635,1,published_after_gate_recheck,executed:RUN:1174,1,RUN,0,0,25.955738965421915,20.23132611066103
xair_atomic,plc_predicate,1,pause,,1,1176,1176,1176,0,20,636,1,authorization_committed,executed:RUN:1176,1,RUN,0,0,18.718878272920847,20.218332298099995
xair,plc_predicate,1,pause,,1,1178,,,0,0,637,0,read_set_version_changed_at_gate,,0,,0,0,17.184828873723745,0.26421621441841125
xair_atomic,plc_plain,1,pause,,1,1180,1180,1181,0,10,638,1,authorization_committed,executed:PAUSED:1181,1,PAUSED,1,0,15.819527208805084,10.18300885334611
xair_atomic,plc_plain,0,,,1,1182,1182,1182,0,,639,1,authorization_committed,executed:RUN:1182,1,RUN,0,0,22.902057971805334,
xair,plc_conditional,1,pause,,1,1182,1182,1182,0,20,640,1,published_after_gate_recheck,executed:RUN:1182,1,RUN,0,0,25.096997153013945,20.3518932685256
xair,plc_predicate,1,pause,,1,1184,1184,1184,0,30,641,1,published_after_gate_recheck,executed:RUN:1184,1,RUN,0,0,24.17026786133647,30.32587980851531
xair,plc_conditional,1,pause,,1,1186,,,0,2,642,0,read_set_version_changed_at_gate,,0,,0,0,18.577823881059885,2.2403341718018055
xair_atomic,plc_predicate,1,pause,,1,1188,,,0,2,643,0,read_set_version_changed_at_commit,,0,,0,0,14.81097424402833,2.150195185095072
xair_atomic,plc_conditional,1,pause,,1,1190,1190,1191,0,16,644,1,authorization_committed,refused:version_changed:1191,0,,0,1,23.25476985424757,16.149285715073347
xair_atomic,plc_plain,1,pause,,1,1192,1192,1193,0,14,645,1,authorization_committed,executed:PAUSED:1193,1,PAUSED,1,0,23.417594842612743,14.171053189784288
xair,plc_predicate,1,pause,,1,1194,1194,1195,0,12,646,1,published_after_gate_recheck,refused:predicate_false:1195,0,,0,1,20.019880030304193,12.244578916579485
xair_atomic,plc_predicate,1,pause,,1,1196,1196,1197,0,14,647,1,authorization_committed,refused:predicate_false:1197,0,,0,1,19.66763800010085,14.251324348151684
xair_atomic,plc_conditional,1,pause,,1,1198,1198,1199,0,6,648,1,authorization_committed,refused:version_changed:1199,0,,0,1,22.329302970319986,6.329799070954323
xair,plc_plain,0,,,1,1200,1200,1200,0,,649,1,published_after_gate_recheck,executed:RUN:1200,1,RUN,0,0,21.909956820309162,
xair,plc_plain,1,pause,,1,1200,1200,1201,0,10,650,1,published_after_gate_recheck,executed:PAUSED:1201,1,PAUSED,1,0,24.24466796219349,10.239356197416782
xair,plc_predicate,1,pause,,1,1202,1202,1203,0,8,651,1,published_after_gate_recheck,refused:predicate_false:1203,0,,0,1,27.46674371883273,8.223522920161486
xair_atomic,plc_plain,1,pause,,1,1204,1204,1204,0,30,652,1,authorization_committed,executed:RUN:1204,1,RUN,0,0,26.335261296480894,30.219790060073137
xair,plc_predicate,0,,,1,1206,1206,1206,0,,653,1,published_after_gate_recheck,executed:RUN:1206,1,RUN,0,0,24.76929174736142,
xair,plc_plain,1,pause,,1,1206,1206,1207,0,4,654,1,published_after_gate_recheck,executed:PAUSED:1207,1,PAUSED,1,0,22.220708895474672,4.241048824042082
xair,plc_conditional,0,,,1,1208,1208,1208,0,,655,1,published_after_gate_recheck,executed:RUN:1208,1,RUN,0,0,28.615169692784548,
xair,plc_predicate,1,pause,,1,1208,,,0,0,656,0,read_set_version_changed_at_gate,,0,,0,0,17.399821896106005,0.30455179512500763
xair,plc_conditional,1,pause,,1,1210,1210,1210,0,30,657,1,published_after_gate_recheck,executed:RUN:1210,1,RUN,0,0,26.685288175940514,30.142896808683872
xair_atomic,plc_plain,0,,,1,1212,1212,1212,0,,658,1,authorization_committed,executed:RUN:1212,1,RUN,0,0,21.643385756760836,
xair,plc_conditional,1,pause,,1,1212,1212,1213,0,10,659,1,published_after_gate_recheck,refused:version_changed:1213,0,,0,1,25.83337901160121,10.15087915584445
xair,plc_conditional,1,pause,,1,1214,1214,1215,0,20,660,1,published_after_gate_recheck,refused:version_changed:1215,0,,0,1,27.910646982491016,20.14167793095112
xair_atomic,plc_conditional,1,pause,,1,1216,1216,1217,0,10,661,1,authorization_committed,refused:version_changed:1217,0,,0,1,18.65151198580861,10.150689166039228
xair_atomic,plc_predicate,0,,,1,1218,1218,1218,0,,662,1,authorization_committed,executed:RUN:1218,1,RUN,0,0,24.05739715322852,
xair_atomic,plc_conditional,1,pause,,1,1218,1218,1218,0,30,663,1,authorization_committed,executed:RUN:1218,1,RUN,0,0,21.216996014118195,30.38654290139675
xair_atomic,plc_conditional,1,pause,,1,1220,1220,1220,0,30,664,1,authorization_committed,executed:RUN:1220,1,RUN,0,0,23.77485716715455,30.27785988524556
xair,plc_predicate,1,pause,,1,1222,,,0,4,665,0,read_set_version_changed_at_gate,,0,,0,0,19.530280027538538,4.171228036284447
xair,plc_plain,1,pause,,1,1224,1224,1225,0,8,666,1,published_after_gate_recheck,executed:PAUSED:1225,1,PAUSED,1,0,20.919617731124163,8.237779140472412
xair,plc_predicate,1,pause,,1,1226,1226,1227,0,14,667,1,published_after_gate_recheck,refused:predicate_false:1227,0,,0,1,28.83900934830308,14.19680193066597
xair_atomic,plc_plain,1,pause,,1,1228,1228,1229,0,6,668,1,authorization_committed,executed:PAUSED:1229,1,PAUSED,1,0,22.93987898156047,6.262731738388538
xair_atomic,plc_predicate,1,pause,,1,1230,1230,1231,0,6,669,1,authorization_committed,refused:predicate_false:1231,0,,0,1,17.59271416813135,6.258253939449787
xair,plc_predicate,0,,,1,1232,1232,1232,0,,670,1,published_after_gate_recheck,executed:RUN:1232,1,RUN,0,0,19.888351671397686,
xair_atomic,plc_plain,1,pause,,1,1232,1232,1233,0,8,671,1,authorization_committed,executed:PAUSED:1233,1,PAUSED,1,0,20.386467222124338,8.211188949644566
xair_atomic,plc_predicate,1,pause,,1,1234,1234,1234,0,20,672,1,authorization_committed,executed:RUN:1234,1,RUN,0,0,17.321215011179447,20.191111136227846
xair_atomic,plc_plain,1,pause,,1,1236,,,0,4,673,0,read_set_version_changed_at_commit,,0,,0,0,17.514667939394712,4.263812210410833
xair_atomic,plc_predicate,1,pause,,1,1238,1238,1239,0,16,674,1,authorization_committed,refused:predicate_false:1239,0,,0,1,25.093080010265112,16.27718610689044
xair_atomic,plc_conditional,1,pause,,1,1240,1240,1241,0,4,675,1,authorization_committed,refused:version_changed:1241,0,,0,1,21.044773049652576,4.246850032359362
xair_atomic,plc_conditional,0,,,1,1242,1242,1242,0,,676,1,authorization_committed,executed:RUN:1242,1,RUN,0,0,19.09866090863943,
xair_atomic,plc_conditional,1,pause,,1,1242,1242,1242,0,30,677,1,authorization_committed,executed:RUN:1242,1,RUN,0,0,20.616388879716396,30.245769303292036
xair,plc_conditional,0,,,1,1244,1244,1244,0,,678,1,published_after_gate_recheck,executed:RUN:1244,1,RUN,0,0,21.91553683951497,
xair_atomic,plc_conditional,1,pause,,1,1244,1244,1245,0,12,679,1,authorization_committed,refused:version_changed:1245,0,,0,1,19.110893830657005,12.241761665791273
xair,plc_predicate,1,pause,,1,1246,1246,1247,0,10,680,1,published_after_gate_recheck,refused:predicate_false:1247,0,,0,1,25.232871994376183,10.226279962807894
xair_atomic,plc_conditional,1,pause,,1,1248,1248,1249,0,20,681,1,authorization_committed,refused:version_changed:1249,0,,0,1,24.193170946091413,20.183656830340624
xair_atomic,plc_conditional,0,,,1,1250,1250,1250,0,,682,1,authorization_committed,executed:RUN:1250,1,RUN,0,0,21.410238929092884,
xair_atomic,plc_plain,1,pause,,1,1250,,,0,4,683,0,read_set_version_changed_at_commit,,0,,0,0,19.860370084643364,4.216612782329321
xair,plc_plain,1,pause,,1,1252,1252,1253,0,8,684,1,published_after_gate_recheck,executed:PAUSED:1253,1,PAUSED,1,0,19.858696963638067,8.39621713384986
xair,plc_predicate,1,pause,,1,1254,1254,1254,0,30,685,1,published_after_gate_recheck,executed:RUN:1254,1,RUN,0,0,27.313075959682465,30.237293802201748
xair,plc_conditional,1,pause,,1,1256,1256,1256,0,30,686,1,published_after_gate_recheck,executed:RUN:1256,1,RUN,0,0,23.682862985879183,30.184284318238497
xair,plc_conditional,1,pause,,1,1258,1258,1259,0,8,687,1,published_after_gate_recheck,refused:version_changed:1259,0,,0,1,19.07118922099471,8.273485582321882
xair,plc_predicate,1,pause,,1,1260,,,0,4,688,0,read_set_version_changed_at_gate,,0,,0,0,19.93926800787449,4.248693119734526
xair_atomic,plc_conditional,1,pause,,1,1262,1262,1262,0,30,689,1,authorization_committed,executed:RUN:1262,1,RUN,0,0,20.26255428791046,30.26273101568222
xair_atomic,plc_conditional,1,pause,,1,1264,1264,1265,0,4,690,1,authorization_committed,refused:version_changed:1265,0,,0,1,16.61151275038719,4.229858051985502
xair,plc_conditional,0,,,1,1266,1266,1266,0,,691,1,published_after_gate_recheck,executed:RUN:1266,1,RUN,0,0,21.187180187553167,
xair,plc_predicate,1,pause,,1,1266,1266,1267,0,6,692,1,published_after_gate_recheck,refused:predicate_false:1267,0,,0,1,23.048121947795153,6.150251720100641
xair_atomic,plc_predicate,1,pause,,1,1268,,,0,4,693,0,read_set_version_changed_at_commit,,0,,0,0,17.06007495522499,4.159626085311174
xair,plc_plain,1,pause,,1,1270,,,0,2,694,0,read_set_version_changed_at_gate,,0,,0,0,18.965961411595345,2.2778050042688847
xair_atomic,plc_predicate,0,,,1,1272,1272,1272,0,,695,1,authorization_committed,executed:RUN:1272,1,RUN,0,0,18.84974306449294,
xair_atomic,plc_plain,1,pause,,1,1272,1272,1273,0,14,696,1,authorization_committed,executed:PAUSED:1273,1,PAUSED,1,0,22.18374004587531,14.217771124094725
xair_atomic,plc_plain,0,,,1,1274,1274,1274,0,,697,1,authorization_committed,executed:RUN:1274,1,RUN,0,0,24.489115923643112,
xair_atomic,plc_conditional,0,,,1,1274,1274,1274,0,,698,1,authorization_committed,executed:RUN:1274,1,RUN,0,0,21.997801028192043,
xair_atomic,plc_conditional,1,pause,,1,1274,,,0,0,699,0,read_set_version_changed_at_commit,,0,,0,0,13.735175132751465,0.34591928124427795
xair_atomic,plc_predicate,1,pause,,1,1276,1276,1276,0,12,700,1,authorization_committed,executed:RUN:1276,1,RUN,0,0,16.085155308246613,12.22706539556384
xair_atomic,plc_predicate,1,pause,,1,1278,,,0,0,701,0,read_set_version_changed_at_commit,,0,,0,0,13.847155962139368,0.345117412507534
xair,plc_predicate,1,pause,,1,1280,1280,1281,0,8,702,1,published_after_gate_recheck,refused:predicate_false:1281,0,,0,1,19.219486974179745,8.151265792548656
xair_atomic,plc_predicate,1,pause,,1,1282,1282,1282,0,30,703,1,authorization_committed,executed:RUN:1282,1,RUN,0,0,19.42458190023899,30.193320009857416
xair,plc_conditional,1,pause,,1,1284,1284,1285,0,4,704,1,published_after_gate_recheck,refused:version_changed:1285,0,,0,1,28.515190817415714,4.198078066110611
xair_atomic,plc_predicate,1,pause,,1,1286,1286,1287,0,4,705,1,authorization_committed,refused:predicate_false:1287,0,,0,1,23.905370850116014,4.2369007132947445
xair_atomic,plc_predicate,0,,,1,1288,1288,1288,0,,706,1,authorization_committed,executed:RUN:1288,1,RUN,0,0,29.39880033954978,
xair,plc_plain,1,pause,,1,1288,1288,1289,0,8,707,1,published_after_gate_recheck,executed:PAUSED:1289,1,PAUSED,1,0,24.3355892598629,8.1642409786582
xair,plc_predicate,1,pause,,1,1290,1290,1290,0,14,708,1,published_after_gate_recheck,executed:RUN:1290,1,RUN,0,0,18.4835372492671,14.260741882026196
xair,plc_conditional,1,pause,,1,1292,1292,1293,0,6,709,1,published_after_gate_recheck,refused:version_changed:1293,0,,0,1,21.021148189902306,6.207889877259731
xair,plc_conditional,1,pause,,1,1294,,,0,0,710,0,read_set_version_changed_at_gate,,0,,0,0,17.154301982373,0.2980288118124008
xair_atomic,plc_plain,1,pause,,1,1296,,,0,2,711,0,read_set_version_changed_at_commit,,0,,0,0,14.961577020585537,2.1917028352618217
xair,plc_plain,1,pause,,1,1298,1298,1299,0,8,712,1,published_after_gate_recheck,executed:PAUSED:1299,1,PAUSED,1,0,20.606650970876217,8.200027979910374
xair_atomic,plc_conditional,1,pause,,1,1300,,,0,2,713,0,read_set_version_changed_at_commit,,0,,0,0,15.594575088471174,2.1628481335937977
xair,plc_predicate,1,pause,,1,1302,1302,1303,0,10,714,1,published_after_gate_recheck,refused:predicate_false:1303,0,,0,1,21.44785923883319,10.142173152416945
xair_atomic,plc_conditional,1,pause,,1,1304,1304,1304,0,30,715,1,authorization_committed,executed:RUN:1304,1,RUN,0,0,26.787148788571358,30.14957904815674
xair_atomic,plc_predicate,1,pause,,1,1306,,,0,4,716,0,read_set_version_changed_at_commit,,0,,0,0,17.17196498066187,4.204530268907547
xair,plc_plain,1,pause,,1,1308,1308,1308,0,30,717,1,published_after_gate_recheck,executed:RUN:1308,1,RUN,0,0,25.2027646638453,30.182139948010445
xair,plc_conditional,1,pause,,1,1310,,,0,0,718,0,read_set_version_changed_at_gate,,0,,0,0,17.174439039081335,0.29312027618288994
xair,plc_conditional,1,pause,,1,1312,1312,1312,0,30,719,1,published_after_gate_recheck,executed:RUN:1312,1,RUN,0,0,22.204368375241756,30.223889276385307
xair_atomic,plc_plain,1,pause,,1,1314,1314,1314,0,20,720,1,authorization_committed,executed:RUN:1314,1,RUN,0,0,16.81020576506853,20.24947013705969
xair_atomic,plc_predicate,1,pause,,1,1316,1316,1316,0,20,721,1,authorization_committed,executed:RUN:1316,1,RUN,0,0,22.209248039871454,20.204606000334024
xair,plc_plain,1,pause,,1,1318,1318,1319,0,10,722,1,published_after_gate_recheck,executed:PAUSED:1319,1,PAUSED,1,0,19.90505401045084,10.242962278425694
xair,plc_conditional,1,pause,,1,1320,1320,1321,0,12,723,1,published_after_gate_recheck,refused:version_changed:1321,0,,0,1,22.098169662058353,12.214150745421648
xair,plc_predicate,1,pause,,1,1322,1322,1323,0,10,724,1,published_after_gate_recheck,refused:predicate_false:1323,0,,0,1,17.97786680981517,10.326327756047249
xair,plc_plain,1,pause,,1,1324,1324,1324,0,16,725,1,published_after_gate_recheck,executed:RUN:1324,1,RUN,0,0,22.498049773275852,16.2241761572659
xair_atomic,plc_conditional,1,pause,,1,1326,1326,1326,0,20,726,1,authorization_committed,executed:RUN:1326,1,RUN,0,0,16.5244797244668,20.27552993968129
xair_atomic,plc_conditional,1,pause,,1,1328,1328,1329,0,6,727,1,authorization_committed,refused:version_changed:1329,0,,0,1,23.393289651721716,6.194493733346462
xair_atomic,plc_predicate,1,pause,,1,1330,1330,1331,0,8,728,1,authorization_committed,refused:predicate_false:1331,0,,0,1,17.78211025521159,8.256194181740284
xair,plc_plain,1,pause,,1,1332,1332,1333,0,14,729,1,published_after_gate_recheck,executed:PAUSED:1333,1,PAUSED,1,0,25.700229685753584,14.210196677595377
xair,plc_plain,1,pause,,1,1334,1334,1334,0,16,730,1,published_after_gate_recheck,executed:RUN:1334,1,RUN,0,0,18.24262412264943,16.179122030735016
xair,plc_predicate,1,pause,,1,1336,1336,1337,0,20,731,1,published_after_gate_recheck,refused:predicate_false:1337,0,,0,1,29.662826098501682,20.144782960414886
xair,plc_plain,1,pause,,1,1338,,,0,0,732,0,read_set_version_changed_at_gate,,0,,0,0,17.88000389933586,0.28030620887875557
xair_atomic,plc_conditional,1,pause,,1,1340,1340,1341,0,8,733,1,authorization_committed,refused:version_changed:1341,0,,0,1,20.041319075971842,8.15969193354249
xair,plc_plain,1,pause,,1,1342,1342,1342,0,30,734,1,published_after_gate_recheck,executed:RUN:1342,1,RUN,0,0,21.283269859850407,30.25303315371275
xair,plc_predicate,0,,,1,1344,1344,1344,0,,735,1,published_after_gate_recheck,executed:RUN:1344,1,RUN,0,0,27.227796148508787,
xair_atomic,plc_predicate,1,pause,,1,1344,1344,1345,0,10,736,1,authorization_committed,refused:predicate_false:1345,0,,0,1,19.550027791410685,10.198729112744331
xair,plc_plain,1,pause,,1,1346,1346,1347,0,4,737,1,published_after_gate_recheck,executed:PAUSED:1347,1,PAUSED,1,0,26.008627843111753,4.24520717933774
xair_atomic,plc_conditional,1,pause,,1,1348,1348,1349,0,8,738,1,authorization_committed,refused:version_changed:1349,0,,0,1,25.165986735373735,8.192033972591162
xair_atomic,plc_plain,1,pause,,1,1350,1350,1351,0,8,739,1,authorization_committed,executed:PAUSED:1351,1,PAUSED,1,0,18.291707150638103,8.296468760818243
xair_atomic,plc_plain,1,pause,,1,1352,1352,1353,0,10,740,1,authorization_committed,executed:PAUSED:1353,1,PAUSED,1,0,18.204391933977604,10.215310379862785
xair_atomic,plc_predicate,1,pause,,1,1354,,,0,4,741,0,read_set_version_changed_at_commit,,0,,0,0,16.428410075604916,4.219067748636007
xair,plc_plain,0,,,1,1356,1356,1356,0,,742,1,published_after_gate_recheck,executed:RUN:1356,1,RUN,0,0,26.834096759557724,
xair_atomic,plc_plain,1,pause,,1,1356,1356,1357,0,4,743,1,authorization_committed,executed:PAUSED:1357,1,PAUSED,1,0,19.145147874951363,4.242410883307457
xair_atomic,plc_conditional,1,pause,,1,1358,1358,1359,0,4,744,1,authorization_committed,refused:version_changed:1359,0,,0,1,16.925523057579994,4.179774317890406
xair,plc_plain,1,pause,,1,1360,1360,1360,0,16,745,1,published_after_gate_recheck,executed:RUN:1360,1,RUN,0,0,21.675927098840475,16.188118141144514
xair,plc_plain,1,pause,,1,1362,1362,1363,0,14,746,1,published_after_gate_recheck,executed:PAUSED:1363,1,PAUSED,1,0,21.84467436745763,14.17131396010518
xair,plc_conditional,1,pause,,1,1364,,,0,2,747,0,read_set_version_changed_at_gate,,0,,0,0,17.798440996557474,2.1738391369581223
xair_atomic,plc_conditional,1,pause,,1,1366,1366,1367,0,6,748,1,authorization_committed,refused:version_changed:1367,0,,0,1,21.862277295440435,6.165801081806421
xair,plc_plain,1,pause,,1,1368,1368,1369,0,8,749,1,published_after_gate_recheck,executed:PAUSED:1369,1,PAUSED,1,0,22.259993012994528,8.165081962943077
xair_atomic,plc_conditional,1,pause,,1,1370,1370,1371,0,16,750,1,authorization_committed,refused:version_changed:1371,0,,0,1,24.45240691304207,16.184331849217415
xair,plc_conditional,1,pause,,1,1372,,,0,4,751,0,read_set_version_changed_at_gate,,0,,0,0,18.648135010153055,4.189992789179087
xair_atomic,plc_plain,1,pause,,1,1374,,,0,0,752,0,precondition_failed: line.state == 'RUN',,0,,0,0,13.514129910618067,0.329368282109499
xair,plc_predicate,1,pause,,1,1376,,,0,2,753,0,read_set_version_changed_at_gate,,0,,0,0,18.011630047112703,2.221147995442152
xair,plc_plain,0,,,1,1378,1378,1378,0,,754,1,published_after_gate_recheck,executed:RUN:1378,1,RUN,0,0,28.997307177633047,
xair_atomic,plc_conditional,1,pause,,1,1378,1378,1378,0,16,755,1,authorization_committed,executed:RUN:1378,1,RUN,0,0,18.832250963896513,16.24315232038498
xair_atomic,plc_conditional,1,pause,,1,1380,1380,1381,0,4,756,1,authorization_committed,refused:version_changed:1381,0,,0,1,18.98629032075405,4.197647795081139
xair_atomic,plc_conditional,1,pause,,1,1382,1382,1382,0,14,757,1,authorization_committed,executed:RUN:1382,1,RUN,0,0,17.866448033601046,14.213623013347387
xair_atomic,plc_plain,1,pause,,1,1384,,,0,0,758,0,read_set_version_changed_at_commit,,0,,0,0,14.479591976851225,0.3214930184185505
xair_atomic,plc_conditional,1,pause,,1,1386,1386,1387,0,6,759,1,authorization_committed,refused:version_changed:1387,0,,0,1,24.47274513542652,6.245891097933054
xair,plc_conditional,1,pause,,1,1388,1388,1389,0,10,760,1,published_after_gate_recheck,refused:version_changed:1389,0,,0,1,20.513244904577732,10.195272974669933
xair_atomic,plc_predicate,1,pause,,1,1390,1390,1391,0,6,761,1,authorization_committed,refused:predicate_false:1391,0,,0,1,25.159704964607954,6.275977939367294
xair,plc_predicate,1,pause,,1,1392,,,0,2,762,0,precondition_failed: line.state == 'RUN',,0,,0,0,10.660996194928885,2.2307271137833595
xair,plc_conditional,1,pause,,1,1394,1394,1395,0,10,763,1,published_after_gate_recheck,refused:version_changed:1395,0,,0,1,25.49520507454872,10.191404726356268
xair_atomic,plc_predicate,1,pause,,1,1396,1396,1397,0,10,764,1,authorization_committed,refused:predicate_false:1397,0,,0,1,25.707272812724113,10.3352558799088
xair_atomic,plc_predicate,1,pause,,1,1398,1398,1399,0,10,765,1,authorization_committed,refused:predicate_false:1399,0,,0,1,26.15772793069482,10.228664614260197
xair,plc_predicate,0,,,1,1400,1400,1400,0,,766,1,published_after_gate_recheck,executed:RUN:1400,1,RUN,0,0,20.26893710717559,
xair_atomic,plc_plain,1,pause,,1,1400,1400,1401,0,12,767,1,authorization_committed,executed:PAUSED:1401,1,PAUSED,1,0,19.551690202206373,12.266870122402906
xair,plc_plain,1,pause,,1,1402,1402,1403,0,14,768,1,published_after_gate_recheck,executed:PAUSED:1403,1,PAUSED,1,0,24.67234106734395,14.239141251891851
xair_atomic,plc_plain,1,pause,,1,1404,1404,1405,0,14,769,1,authorization_committed,executed:PAUSED:1405,1,PAUSED,1,0,24.156703148037195,14.178477693349123
xair,plc_predicate,1,pause,,1,1406,1406,1406,0,30,770,1,published_after_gate_recheck,executed:RUN:1406,1,RUN,0,0,21.268431562930346,30.161642003804445
xair_atomic,plc_predicate,1,pause,,1,1408,1408,1408,0,12,771,1,authorization_committed,executed:RUN:1408,1,RUN,0,0,15.300893690437078,12.239449191838503
xair_atomic,plc_conditional,1,pause,,1,1410,1410,1411,0,16,772,1,authorization_committed,refused:version_changed:1411,0,,0,1,20.271190907806158,16.15455513820052
xair_atomic,plc_conditional,1,pause,,1,1412,1412,1413,0,4,773,1,authorization_committed,refused:version_changed:1413,0,,0,1,21.353903226554394,4.249875899404287
xair_atomic,plc_conditional,1,pause,,1,1414,1414,1415,0,14,774,1,authorization_committed,refused:version_changed:1415,0,,0,1,17.804031260311604,14.114426914602518
xair,plc_predicate,1,pause,,1,1416,1416,1417,0,12,775,1,published_after_gate_recheck,refused:predicate_false:1417,0,,0,1,24.543327745050192,12.20510434359312
xair,plc_conditional,1,pause,,1,1418,,,0,0,776,0,precondition_failed: line.state == 'RUN',,0,,0,0,12.189525179564953,0.28910208493471146
xair,plc_conditional,1,pause,,1,1420,1420,1421,0,8,777,1,published_after_gate_recheck,refused:version_changed:1421,0,,0,1,25.198928080499172,8.291158825159073
xair,plc_predicate,1,pause,,1,1422,,,0,4,778,0,read_set_version_changed_at_gate,,0,,0,0,18.732422962784767,4.151790868490934
xair_atomic,plc_plain,0,,,1,1424,1424,1424,0,,779,1,authorization_committed,executed:RUN:1424,1,RUN,0,0,15.422931872308254,
xair,plc_conditional,1,pause,,1,1424,1424,1425,0,14,780,1,published_after_gate_recheck,refused:version_changed:1425,0,,0,1,25.06124973297119,14.147097710520029
xair,plc_predicate,1,pause,,1,1426,1426,1426,0,16,781,1,published_after_gate_recheck,executed:RUN:1426,1,RUN,0,0,17.63982279226184,16.258229967206717
xair_atomic,plc_plain,1,pause,,1,1428,,,0,0,782,0,read_set_version_changed_at_commit,,0,,0,0,18.172302283346653,0.6943130865693092
xair_atomic,plc_predicate,1,pause,,1,1430,1430,1431,0,8,783,1,authorization_committed,refused:predicate_false:1431,0,,0,1,27.300912886857986,8.263676892966032
xair,plc_conditional,1,pause,,1,1432,1432,1433,0,12,784,1,published_after_gate_recheck,refused:version_changed:1433,0,,0,1,19.74323019385338,12.176790740340948
xair,plc_predicate,1,pause,,1,1434,1434,1435,0,8,785,1,published_after_gate_recheck,refused:predicate_false:1435,0,,0,1,22.52685371786356,8.14077677205205
xair_atomic,plc_conditional,1,pause,,1,1436,1436,1437,0,6,786,1,authorization_committed,refused:version_changed:1437,0,,0,1,24.090277962386608,6.258213892579079
xair,plc_predicate,1,pause,,1,1438,1438,1438,0,16,787,1,published_after_gate_recheck,executed:RUN:1438,1,RUN,0,0,18.43121787533164,16.21308596804738
xair_atomic,plc_predicate,1,pause,,1,1440,1440,1441,0,10,788,1,authorization_committed,refused:predicate_false:1441,0,,0,1,16.60075318068266,10.380880907177925
xair,plc_plain,1,pause,,1,1442,1442,1443,0,12,789,1,published_after_gate_recheck,executed:PAUSED:1443,1,PAUSED,1,0,24.08207207918167,12.30068365111947
xair,plc_plain,1,pause,,1,1444,1444,1445,0,6,790,1,published_after_gate_recheck,executed:PAUSED:1445,1,PAUSED,1,0,27.237843722105026,6.315793376415968
xair_atomic,plc_plain,1,pause,,1,1446,1446,1446,0,30,791,1,authorization_committed,executed:RUN:1446,1,RUN,0,0,22.94716192409396,30.324275605380535
xair_atomic,plc_conditional,1,pause,,1,1448,1448,1449,0,4,792,1,authorization_committed,refused:version_changed:1449,0,,0,1,21.509674843400717,4.316039849072695
xair_atomic,plc_plain,1,pause,,1,1450,1450,1451,0,4,793,1,authorization_committed,executed:PAUSED:1451,1,PAUSED,1,0,27.436787728220224,4.647131077945232
xair,plc_plain,1,pause,,1,1452,1452,1453,0,4,794,1,published_after_gate_recheck,executed:PAUSED:1453,1,PAUSED,1,0,30.478667002171278,6.132589187473059
xair_atomic,plc_conditional,1,pause,,1,1454,1454,1455,0,14,795,1,authorization_committed,refused:version_changed:1455,0,,0,1,22.153683938086033,14.340401161462069
xair_atomic,plc_conditional,1,pause,,1,1456,1456,1457,0,8,796,1,authorization_committed,refused:version_changed:1457,0,,0,1,21.957394666969776,8.236716967076063
xair,plc_plain,1,pause,,1,1458,1458,1458,0,20,797,1,published_after_gate_recheck,executed:RUN:1458,1,RUN,0,0,20.904088858515024,20.254939794540405
xair,plc_plain,1,pause,,1,1460,,,0,0,798,0,read_set_version_changed_at_gate,,0,,0,0,17.173257656395435,0.5503729917109013
xair,plc_conditional,1,pause,,1,1462,1462,1463,0,12,799,1,published_after_gate_recheck,refused:version_changed:1463,0,,0,1,23.20884307846427,12.34722975641489
xair,plc_conditional,1,pause,,1,1464,1464,1465,0,4,800,1,published_after_gate_recheck,refused:version_changed:1465,0,,0,1,18.46371917054057,4.243283066898584
xair,plc_conditional,1,pause,,1,1466,1466,1467,0,14,801,1,published_after_gate_recheck,refused:version_changed:1467,0,,0,1,28.420693706721067,14.304554089903831
xair_atomic,plc_plain,1,pause,,1,1468,1468,1469,0,12,802,1,authorization_committed,executed:PAUSED:1469,1,PAUSED,1,0,17.81516196206212,12.280795723199844
xair_atomic,plc_predicate,0,,,1,1470,1470,1470,0,,803,1,authorization_committed,executed:RUN:1470,1,RUN,0,0,21.810839883983135,
xair,plc_plain,1,pause,,1,1470,,,0,2,804,0,read_set_version_changed_at_gate,,0,,0,0,19.30480683222413,2.2328700870275497
xair_atomic,plc_predicate,1,pause,,1,1472,1472,1473,0,14,805,1,authorization_committed,refused:predicate_false:1473,0,,0,1,19.285050686448812,14.235685113817453
xair,plc_predicate,1,pause,,1,1474,1474,1475,0,6,806,1,published_after_gate_recheck,refused:predicate_false:1475,0,,0,1,26.08715509995818,6.209583021700382
xair_atomic,plc_predicate,1,pause,,1,1476,1476,1477,0,6,807,1,authorization_committed,refused:predicate_false:1477,0,,0,1,24.59380216896534,6.192860659211874
xair,plc_conditional,1,pause,,1,1478,,,0,2,808,0,read_set_version_changed_at_gate,,0,,0,0,18.16133176907897,2.1914327517151833
xair_atomic,plc_conditional,1,pause,,1,1480,1480,1480,0,30,809,1,authorization_committed,executed:RUN:1480,1,RUN,0,0,17.006583977490664,30.350625980645418
xair,plc_plain,1,pause,,1,1482,1482,1483,0,12,810,1,published_after_gate_recheck,executed:PAUSED:1483,1,PAUSED,1,0,26.86923323199153,12.232274748384953
xair,plc_conditional,1,pause,,1,1484,1484,1485,0,8,811,1,published_after_gate_recheck,refused:version_changed:1485,0,,0,1,26.681219693273306,8.186392020434141
xair,plc_conditional,1,pause,,1,1486,,,0,4,812,0,read_set_version_changed_at_gate,,0,,0,0,20.832063164561987,4.383346065878868
xair_atomic,plc_plain,1,pause,,1,1488,,,0,0,813,0,read_set_version_changed_at_commit,,0,,0,0,14.83706384897232,0.3979867324233055
xair_atomic,plc_predicate,1,pause,,1,1490,,,0,0,814,0,read_set_version_changed_at_commit,,0,,0,0,14.182725921273232,0.2830107696354389
xair,plc_conditional,1,pause,,1,1492,1492,1492,0,30,815,1,published_after_gate_recheck,executed:RUN:1492,1,RUN,0,0,22.35934929922223,30.195423867553473
xair,plc_predicate,1,pause,,1,1494,1494,1495,0,20,816,1,published_after_gate_recheck,refused:predicate_false:1495,0,,0,1,27.18767011538148,20.177775993943214
xair,plc_predicate,0,,,1,1496,1496,1496,0,,817,1,published_after_gate_recheck,executed:RUN:1496,1,RUN,0,0,23.388851899653673,
xair_atomic,plc_conditional,1,pause,,1,1496,1496,1496,0,30,818,1,authorization_committed,executed:RUN:1496,1,RUN,0,0,29.10803398117423,30.353382229804993
xair,plc_conditional,1,pause,,1,1498,,,0,0,819,0,precondition_failed: line.state == 'RUN',,0,,0,0,14.1986352391541,0.5005998536944389
xair_atomic,plc_predicate,1,pause,,1,1500,1500,1500,0,20,820,1,authorization_committed,executed:RUN:1500,1,RUN,0,0,17.918576020747423,20.191611256450415
xair,plc_conditional,1,pause,,1,1502,1502,1502,0,20,821,1,published_after_gate_recheck,executed:RUN:1502,1,RUN,0,0,27.395019307732582,20.294685382395983
xair_atomic,plc_conditional,1,pause,,1,1504,1504,1505,0,8,822,1,authorization_committed,refused:version_changed:1505,0,,0,1,18.52864120155573,8.25320789590478
xair,plc_conditional,1,pause,,1,1506,1506,1506,0,14,823,1,published_after_gate_recheck,executed:RUN:1506,1,RUN,0,0,20.368503872305155,14.29652888327837
xair_atomic,plc_plain,1,pause,,1,1508,,,0,2,824,0,read_set_version_changed_at_commit,,0,,0,0,13.721099123358727,2.255331724882126
xair_atomic,plc_conditional,1,pause,,1,1510,1510,1510,0,20,825,1,authorization_committed,executed:RUN:1510,1,RUN,0,0,21.188652142882347,20.201810635626316
xair_atomic,plc_conditional,1,pause,,1,1512,1512,1513,0,6,826,1,authorization_committed,refused:version_changed:1513,0,,0,1,19.70366621389985,6.294732913374901
xair,plc_plain,1,pause,,1,1514,1514,1515,0,6,827,1,published_after_gate_recheck,executed:PAUSED:1515,1,PAUSED,1,0,21.3804729282856,6.277140229940414
xair_atomic,plc_predicate,1,pause,,1,1516,1516,1516,0,30,828,1,authorization_committed,executed:RUN:1516,1,RUN,0,0,23.278695065528154,30.21331876516342
xair,plc_predicate,1,pause,,1,1518,1518,1518,0,16,829,1,published_after_gate_recheck,executed:RUN:1518,1,RUN,0,0,22.412729915231466,16.283487901091576
xair,plc_plain,1,pause,,1,1520,1520,1520,0,30,830,1,published_after_gate_recheck,executed:RUN:1520,1,RUN,0,0,21.649497095495462,30.239116866141558
xair,plc_plain,1,pause,,1,1522,1522,1523,0,12,831,1,published_after_gate_recheck,executed:PAUSED:1523,1,PAUSED,1,0,19.318793900310993,12.236182112246752
xair_atomic,plc_conditional,1,pause,,1,1524,1524,1525,0,14,832,1,authorization_committed,refused:version_changed:1525,0,,0,1,20.24379000067711,14.216547831892967
xair_atomic,plc_conditional,1,pause,,1,1526,,,0,0,833,0,read_set_version_changed_at_commit,,0,,0,0,14.137831050902605,0.27394434437155724
xair_atomic,plc_predicate,1,pause,,1,1528,1528,1529,0,14,834,1,authorization_committed,refused:predicate_false:1529,0,,0,1,26.30215883255005,14.196190051734447
xair_atomic,plc_predicate,1,pause,,1,1530,1530,1530,0,30,835,1,authorization_committed,executed:RUN:1530,1,RUN,0,0,17.0365609228611,30.202748719602823
xair_atomic,plc_plain,1,pause,,1,1532,,,0,2,836,0,read_set_version_changed_at_commit,,0,,0,0,18.914716318249702,2.155114896595478
xair_atomic,plc_predicate,1,pause,,1,1534,,,0,0,837,0,read_set_version_changed_at_commit,,0,,0,0,15.241783112287521,0.2935510128736496
xair_atomic,plc_plain,1,pause,,1,1536,1536,1536,0,16,838,1,authorization_committed,executed:RUN:1536,1,RUN,0,0,16.293355729430914,16.144677065312862
xair,plc_plain,1,pause,,1,1538,1538,1539,0,10,839,1,published_after_gate_recheck,executed:PAUSED:1539,1,PAUSED,1,0,18.79020221531391,10.283599141985178
xair,plc_conditional,1,pause,,1,1540,,,0,2,840,0,read_set_version_changed_at_gate,,0,,0,0,18.250939901918173,2.2241738624870777
xair_atomic,plc_plain,1,pause,,1,1542,1542,1543,0,4,841,1,authorization_committed,executed:PAUSED:1543,1,PAUSED,1,0,18.599032890051603,4.204879980534315
xair,plc_plain,1,pause,,1,1544,1544,1545,0,6,842,1,published_after_gate_recheck,executed:PAUSED:1545,1,PAUSED,1,0,20.62808070331812,6.190246902406216
xair,plc_plain,0,,,1,1546,1546,1546,0,,843,1,published_after_gate_recheck,executed:RUN:1546,1,RUN,0,0,17.719341907650232,
xair_atomic,plc_predicate,1,pause,,1,1546,1546,1547,0,6,844,1,authorization_committed,refused:predicate_false:1547,0,,0,1,20.562296733260155,6.1804987490177155
xair,plc_predicate,1,pause,,1,1548,1548,1548,0,16,845,1,published_after_gate_recheck,executed:RUN:1548,1,RUN,0,0,20.528103224933147,16.248822677880526
xair,plc_predicate,1,pause,,1,1550,,,0,0,846,0,precondition_failed: line.state == 'RUN',,0,,0,0,12.962454929947853,0.33826520666480064
xair,plc_conditional,1,pause,,1,1552,1552,1553,0,12,847,1,published_after_gate_recheck,refused:version_changed:1553,0,,0,1,25.515323039144278,12.216045055538416
xair_atomic,plc_conditional,1,pause,,1,1554,1554,1554,0,14,848,1,authorization_committed,executed:RUN:1554,1,RUN,0,0,14.769657049328089,14.19692113995552
xair_atomic,plc_plain,1,pause,,1,1556,1556,1556,0,16,849,1,authorization_committed,executed:RUN:1556,1,RUN,0,0,15.817803796380758,16.216220799833536
xair_atomic,plc_plain,1,pause,,1,1558,1558,1558,0,14,850,1,authorization_committed,executed:RUN:1558,1,RUN,0,0,17.740521114319563,14.212021138519049
xair,plc_predicate,1,pause,,1,1560,,,0,2,851,0,read_set_version_changed_at_gate,,0,,0,0,18.71419884264469,2.1887472830712795
xair_atomic,plc_plain,1,pause,,1,1562,1562,1563,0,12,852,1,authorization_committed,executed:PAUSED:1563,1,PAUSED,1,0,20.42147284373641,12.200725730508566
xair_atomic,plc_conditional,1,pause,,1,1564,1564,1565,0,16,853,1,authorization_committed,refused:version_changed:1565,0,,0,1,22.862093057483435,16.217372845858335
xair,plc_plain,1,pause,,1,1566,1566,1567,0,12,854,1,published_after_gate_recheck,executed:PAUSED:1567,1,PAUSED,1,0,24.646712001413107,12.199082877486944
xair,plc_conditional,1,pause,,1,1568,1568,1569,0,6,855,1,published_after_gate_recheck,refused:version_changed:1569,0,,0,1,28.33101572468877,6.197059992700815
xair,plc_conditional,1,pause,,1,1570,1570,1571,0,10,856,1,published_after_gate_recheck,refused:version_changed:1571,0,,0,1,27.55951788276434,10.231530293822289
xair,plc_conditional,1,pause,,1,1572,,,0,4,857,0,read_set_version_changed_at_gate,,0,,0,0,20.657135173678398,4.283959046006203
xair,plc_conditional,1,pause,,1,1574,1574,1575,0,12,858,1,published_after_gate_recheck,refused:version_changed:1575,0,,0,1,25.690510869026184,12.1813896112144
xair_atomic,plc_predicate,1,pause,,1,1576,,,0,2,859,0,read_set_version_changed_at_commit,,0,,0,0,14.215766917914152,2.185060176998377
xair,plc_plain,0,,,1,1578,1578,1578,0,,860,1,published_after_gate_recheck,executed:RUN:1578,1,RUN,0,0,24.67154897749424,
xair_atomic,plc_conditional,1,pause,,1,1578,1578,1578,0,16,861,1,authorization_committed,executed:RUN:1578,1,RUN,0,0,18.308538012206554,16.206483356654644
xair_atomic,plc_predicate,1,pause,,1,1580,1580,1580,0,16,862,1,authorization_committed,executed:RUN:1580,1,RUN,0,0,18.971963319927454,16.19098475202918
xair,plc_predicate,1,pause,,1,1582,1582,1583,0,12,863,1,published_after_gate_recheck,refused:predicate_false:1583,0,,0,1,21.98405610397458,12.213610112667084
xair_atomic,plc_predicate,1,pause,,1,1584,1584,1585,0,8,864,1,authorization_committed,refused:predicate_false:1585,0,,0,1,22.535601165145636,8.256433997303247
xair_atomic,plc_plain,1,pause,,1,1586,,,0,0,865,0,read_set_version_changed_at_commit,,0,,0,0,15.044683124870062,0.39955880492925644
xair,plc_predicate,1,pause,,1,1588,1588,1589,0,4,866,1,published_after_gate_recheck,refused:predicate_false:1589,0,,0,1,23.720885161310434,4.237001296132803
xair_atomic,plc_conditional,0,,,1,1590,1590,1590,0,,867,1,authorization_committed,executed:RUN:1590,1,RUN,0,0,25.75435070320964,
xair,plc_predicate,1,pause,,1,1590,,,0,2,868,0,read_set_version_changed_at_gate,,0,,0,0,18.110605888068676,2.224443946033716
xair_atomic,plc_predicate,1,pause,,1,1592,1592,1592,0,20,869,1,authorization_committed,executed:RUN:1592,1,RUN,0,0,23.497625719755888,20.285567734390497
xair,plc_predicate,1,pause,,1,1594,1594,1594,0,14,870,1,published_after_gate_recheck,executed:RUN:1594,1,RUN,0,0,20.70215018466115,14.220497105270624
xair_atomic,plc_conditional,1,pause,,1,1596,1596,1597,0,4,871,1,authorization_committed,refused:version_changed:1597,0,,0,1,18.537077121436596,4.205701872706413
xair,plc_predicate,1,pause,,1,1598,1598,1598,0,14,872,1,published_after_gate_recheck,executed:RUN:1598,1,RUN,0,0,19.604509696364403,14.175992924720049
xair_atomic,plc_plain,0,,,1,1600,1600,1600,0,,873,1,authorization_committed,executed:RUN:1600,1,RUN,0,0,21.161051001399755,
xair,plc_conditional,1,pause,,1,1600,1600,1601,0,10,874,1,published_after_gate_recheck,refused:version_changed:1601,0,,0,1,24.692277889698744,10.175636038184166
xair,plc_plain,1,pause,,1,1602,,,0,0,875,0,read_set_version_changed_at_gate,,0,,0,0,16.01355103775859,0.22996077314019203
xair,plc_plain,1,pause,,1,1604,,,0,2,876,0,read_set_version_changed_at_gate,,0,,0,0,18.03080691024661,2.1684193052351475
xair_atomic,plc_plain,1,pause,,1,1606,1606,1606,0,20,877,1,authorization_committed,executed:RUN:1606,1,RUN,0,0,15.801602974534035,20.17395803704858
xair,plc_conditional,1,pause,,1,1608,1608,1609,0,16,878,1,published_after_gate_recheck,refused:version_changed:1609,0,,0,1,25.516964960843325,16.177529003471136
xair,plc_conditional,1,pause,,1,1610,1610,1611,0,8,879,1,published_after_gate_recheck,refused:version_changed:1611,0,,0,1,21.76751894876361,8.181273005902767
xair_atomic,plc_predicate,0,,,1,1612,1612,1612,0,,880,1,authorization_committed,executed:RUN:1612,1,RUN,0,0,15.700122807174921,
xair_atomic,plc_plain,1,pause,,1,1612,,,0,0,881,0,read_set_version_changed_at_commit,,0,,0,0,13.950149063020945,0.2695862203836441
xair_atomic,plc_predicate,1,pause,,1,1614,1614,1615,0,8,882,1,authorization_committed,refused:predicate_false:1615,0,,0,1,17.023556865751743,8.219825103878975
xair_atomic,plc_conditional,1,pause,,1,1616,1616,1616,0,20,883,1,authorization_committed,executed:RUN:1616,1,RUN,0,0,23.2671732082963,20.201639737933874
xair,plc_conditional,0,,,1,1618,1618,1618,0,,884,1,published_after_gate_recheck,executed:RUN:1618,1,RUN,0,0,23.694525007158518,
xair_atomic,plc_conditional,1,pause,,1,1618,1618,1618,0,20,885,1,authorization_committed,executed:RUN:1618,1,RUN,0,0,18.95741606131196,20.22796031087637
xair_atomic,plc_conditional,1,pause,,1,1620,,,0,0,886,0,precondition_failed: line.state == 'RUN',,0,,0,0,13.737590052187443,0.550463330000639
xair,plc_predicate,1,pause,,1,1622,,,0,0,887,0,read_set_version_changed_at_gate,,0,,0,0,17.590359784662724,0.30060485005378723
xair,plc_predicate,1,pause,,1,1624,1624,1624,0,16,888,1,published_after_gate_recheck,executed:RUN:1624,1,RUN,0,0,20.322476979345083,16.236689873039722
xair_atomic,plc_plain,1,pause,,1,1626,1626,1627,0,12,889,1,authorization_committed,executed:PAUSED:1627,1,PAUSED,1,0,20.001805387437344,12.259907089173794
xair_atomic,plc_predicate,1,pause,,1,1628,1628,1628,0,20,890,1,authorization_committed,executed:RUN:1628,1,RUN,0,0,22.773516830056906,20.481595769524574
xair_atomic,plc_predicate,1,pause,,1,1630,1630,1630,0,14,891,1,authorization_committed,executed:RUN:1630,1,RUN,0,0,18.208990804851055,14.324140269309282
xair,plc_conditional,1,pause,,1,1632,1632,1632,0,20,892,1,published_after_gate_recheck,executed:RUN:1632,1,RUN,0,0,23.063400760293007,20.304083358496428
xair,plc_plain,1,pause,,1,1634,1634,1634,0,30,893,1,published_after_gate_recheck,executed:RUN:1634,1,RUN,0,0,18.460853025317192,30.294160824269056
xair,plc_predicate,1,pause,,1,1636,,,0,2,894,0,read_set_version_changed_at_gate,,0,,0,0,18.385342322289944,2.350000198930502
xair_atomic,plc_predicate,1,pause,,1,1638,1638,1638,0,30,895,1,authorization_committed,executed:RUN:1638,1,RUN,0,0,21.714198868721724,31.351263634860516
xair,plc_predicate,1,pause,,1,1640,1640,1641,0,10,896,1,published_after_gate_recheck,refused:predicate_false:1641,0,,0,1,20.48051403835416,10.261897929012775
xair,plc_plain,1,pause,,1,1642,,,0,4,897,0,read_set_version_changed_at_gate,,0,,0,0,19.701300654560328,4.204479977488518
xair,plc_conditional,1,pause,,1,1644,1644,1645,0,8,898,1,published_after_gate_recheck,refused:version_changed:1645,0,,0,1,26.64945088326931,8.20894492790103
xair_atomic,plc_conditional,1,pause,,1,1646,,,0,0,899,0,read_set_version_changed_at_commit,,0,,0,0,14.389432966709137,0.2712290734052658
xair_atomic,plc_conditional,1,pause,,1,1648,1648,1649,0,12,900,1,authorization_committed,refused:version_changed:1649,0,,0,1,18.59883312135935,12.195726856589317
xair_atomic,plc_plain,1,pause,,1,1650,,,0,0,901,0,read_set_version_changed_at_commit,,0,,0,0,13.614068273454905,0.26286300271749496
xair_atomic,plc_plain,1,pause,,1,1652,1652,1652,0,16,902,1,authorization_committed,executed:RUN:1652,1,RUN,0,0,17.38785021007061,16.178390942513943
xair_atomic,plc_predicate,1,pause,,1,1654,1654,1654,0,20,903,1,authorization_committed,executed:RUN:1654,1,RUN,0,0,17.975463066250086,20.189146976917982
xair_atomic,plc_conditional,1,pause,,1,1656,1656,1656,0,14,904,1,authorization_committed,executed:RUN:1656,1,RUN,0,0,16.183279920369387,14.167997986078262
xair,plc_plain,1,pause,,1,1658,1658,1658,0,20,905,1,published_after_gate_recheck,executed:RUN:1658,1,RUN,0,0,23.131438065320253,20.195299293845892
xair_atomic,plc_conditional,1,pause,,1,1660,1660,1660,0,14,906,1,authorization_committed,executed:RUN:1660,1,RUN,0,0,18.03310075774789,14.30309098213911
xair,plc_conditional,1,pause,,1,1662,1662,1663,0,4,907,1,published_after_gate_recheck,refused:version_changed:1663,0,,0,1,25.16373200342059,4.231941886246204
xair_atomic,plc_predicate,1,pause,,1,1664,,,0,0,908,0,read_set_version_changed_at_commit,,0,,0,0,13.58857098966837,0.3990586847066879
xair,plc_plain,1,pause,,1,1666,1666,1666,0,20,909,1,published_after_gate_recheck,executed:RUN:1666,1,RUN,0,0,21.571831312030554,20.193275064229965
xair_atomic,plc_conditional,1,pause,,1,1668,1668,1668,0,30,910,1,authorization_committed,executed:RUN:1668,1,RUN,0,0,25.431535206735134,30.221063178032637
xair_atomic,plc_conditional,1,pause,,1,1670,1670,1670,0,30,911,1,authorization_committed,executed:RUN:1670,1,RUN,0,0,20.160723011940718,30.419415328651667
xair_atomic,plc_conditional,1,pause,,1,1672,1672,1673,0,6,912,1,authorization_committed,refused:version_changed:1673,0,,0,1,16.420794650912285,6.230611819773912
xair,plc_conditional,1,pause,,1,1674,1674,1675,0,10,913,1,published_after_gate_recheck,refused:version_changed:1675,0,,0,1,21.92820981144905,10.197637137025595
xair,plc_predicate,1,pause,,1,1676,1676,1676,0,30,914,1,published_after_gate_recheck,executed:RUN:1676,1,RUN,0,0,22.46564906090498,30.325207859277725
xair,plc_conditional,1,pause,,1,1678,1678,1679,0,8,915,1,published_after_gate_recheck,refused:version_changed:1679,0,,0,1,23.95391184836626,8.310605771839619
xair_atomic,plc_conditional,1,pause,,1,1680,1680,1680,0,20,916,1,authorization_committed,executed:RUN:1680,1,RUN,0,0,22.90481375530362,20.223551895469427
xair_atomic,plc_predicate,1,pause,,1,1682,,,0,0,917,0,read_set_version_changed_at_commit,,0,,0,0,14.761681202799082,0.32868608832359314
xair_atomic,plc_conditional,1,pause,,1,1684,1684,1685,0,12,918,1,authorization_committed,refused:version_changed:1685,0,,0,1,22.39300264045596,12.194113805890083
xair_atomic,plc_conditional,1,pause,,1,1686,,,0,2,919,0,read_set_version_changed_at_commit,,0,,0,0,18.28952180221677,2.3266361095011234
xair,plc_plain,1,pause,,1,1688,1688,1689,0,12,920,1,published_after_gate_recheck,executed:PAUSED:1689,1,PAUSED,1,0,29.03096005320549,12.39750487729907
xair_atomic,plc_plain,1,pause,,1,1690,1690,1691,0,8,921,1,authorization_committed,executed:PAUSED:1691,1,PAUSED,1,0,23.035308811813593,8.283295203000307
xair_atomic,plc_conditional,1,pause,,1,1692,1692,1692,0,16,922,1,authorization_committed,executed:RUN:1692,1,RUN,0,0,19.086158368736506,16.188950277864933
xair,plc_conditional,1,pause,,1,1694,,,0,2,923,0,read_set_version_changed_at_gate,,0,,0,0,17.59670302271843,2.1654642187058926
xair_atomic,plc_plain,1,pause,,1,1696,1696,1696,0,14,924,1,authorization_committed,executed:RUN:1696,1,RUN,0,0,17.880354076623917,14.181893784552813
xair,plc_predicate,1,pause,,1,1698,1698,1699,0,8,925,1,published_after_gate_recheck,refused:predicate_false:1699,0,,0,1,23.904759902507067,8.189287967979908
xair_atomic,plc_conditional,1,pause,,1,1700,1700,1701,0,4,926,1,authorization_committed,refused:version_changed:1701,0,,0,1,23.739490192383528,4.1860961355268955
xair,plc_plain,1,pause,,1,1702,1702,1702,0,30,927,1,published_after_gate_recheck,executed:RUN:1702,1,RUN,0,0,20.001736003905535,30.193821992725134
xair,plc_plain,1,pause,,1,1704,1704,1705,0,10,928,1,published_after_gate_recheck,executed:PAUSED:1705,1,PAUSED,1,0,26.976133231073618,10.371762793511152
xair_atomic,plc_conditional,0,,,1,1706,1706,1706,0,,929,1,authorization_committed,executed:RUN:1706,1,RUN,0,0,26.74423810094595,
xair_atomic,plc_conditional,1,pause,,1,1706,1706,1706,0,30,930,1,authorization_committed,executed:RUN:1706,1,RUN,0,0,20.909458864480257,30.220311135053635
xair_atomic,plc_conditional,1,pause,,1,1708,,,0,0,931,0,read_set_version_changed_at_commit,,0,,0,0,15.199884306639433,0.37306034937500954
xair_atomic,plc_predicate,1,pause,,1,1710,,,0,2,932,0,read_set_version_changed_at_commit,,0,,0,0,15.657532960176468,2.175132278352976
xair,plc_plain,1,pause,,1,1712,,,0,2,933,0,read_set_version_changed_at_gate,,0,,0,0,17.478200141340494,2.1966323256492615
xair,plc_conditional,1,pause,,1,1714,1714,1715,0,8,934,1,published_after_gate_recheck,refused:version_changed:1715,0,,0,1,26.152197271585464,8.202664088457823
xair,plc_predicate,1,pause,,1,1716,1716,1717,0,14,935,1,published_after_gate_recheck,refused:predicate_false:1717,0,,0,1,28.002139180898666,14.208745211362839
xair_atomic,plc_plain,1,pause,,1,1718,1718,1718,0,30,936,1,authorization_committed,executed:RUN:1718,1,RUN,0,0,25.192686822265387,30.224790330976248
xair_atomic,plc_conditional,1,pause,,1,1720,1720,1721,0,6,937,1,authorization_committed,refused:version_changed:1721,0,,0,1,20.653618033975363,6.370524875819683
xair,plc_plain,1,pause,,1,1722,,,0,2,938,0,read_set_version_changed_at_gate,,0,,0,0,17.674859147518873,2.2364770993590355
xair,plc_plain,0,,,1,1724,1724,1724,0,,939,1,published_after_gate_recheck,executed:RUN:1724,1,RUN,0,0,21.88902720808983,
xair,plc_predicate,1,pause,,1,1724,1724,1725,0,14,940,1,published_after_gate_recheck,refused:predicate_false:1725,0,,0,1,22.518679033964872,14.226397033780813
xair_atomic,plc_plain,0,,,1,1726,1726,1726,0,,941,1,authorization_committed,executed:RUN:1726,1,RUN,0,0,17.91078085079789,
xair_atomic,plc_conditional,1,pause,,1,1726,,,0,2,942,0,read_set_version_changed_at_commit,,0,,0,0,15.379452146589756,2.1822559647262096
xair_atomic,plc_conditional,1,pause,,1,1728,1728,1728,0,30,943,1,authorization_committed,executed:RUN:1728,1,RUN,0,0,15.31623164191842,30.154929030686617
xair_atomic,plc_predicate,1,pause,,1,1730,,,0,2,944,0,read_set_version_changed_at_commit,,0,,0,0,15.193040948361158,2.1407981403172016
xair,plc_conditional,1,pause,,1,1732,1732,1733,0,16,945,1,published_after_gate_recheck,refused:version_changed:1733,0,,0,1,28.754700906574726,16.146099660545588
xair_atomic,plc_conditional,1,pause,,1,1734,1734,1734,0,20,946,1,authorization_committed,executed:RUN:1734,1,RUN,0,0,26.06040518730879,20.96782810986042
xair,plc_plain,1,pause,,1,1736,1736,1736,0,20,947,1,published_after_gate_recheck,executed:RUN:1736,1,RUN,0,0,22.831947077065706,20.250010769814253
xair,plc_predicate,1,pause,,1,1738,1738,1738,0,16,948,1,published_after_gate_recheck,executed:RUN:1738,1,RUN,0,0,19.904022105038166,16.173131298273802
xair_atomic,plc_plain,1,pause,,1,1740,1740,1740,0,20,949,1,authorization_committed,executed:RUN:1740,1,RUN,0,0,18.12618598341942,20.223651081323624
xair_atomic,plc_plain,1,pause,,1,1742,,,0,2,950,0,read_set_version_changed_at_commit,,0,,0,0,15.661781188100576,2.281040884554386
xair,plc_plain,1,pause,,1,1744,1744,1745,0,8,951,1,published_after_gate_recheck,executed:PAUSED:1745,1,PAUSED,1,0,20.250622183084488,8.212140761315823
xair,plc_conditional,1,pause,,1,1746,1746,1747,0,4,952,1,published_after_gate_recheck,refused:version_changed:1747,0,,0,1,23.065343964844942,4.14962787181139
xair_atomic,plc_conditional,1,pause,,1,1748,1748,1748,0,14,953,1,authorization_committed,executed:RUN:1748,1,RUN,0,0,16.211492009460926,14.141729101538658
xair_atomic,plc_conditional,1,pause,,1,1750,1750,1750,0,16,954,1,authorization_committed,executed:RUN:1750,1,RUN,0,0,18.921378068625927,16.77439920604229
xair_atomic,plc_predicate,1,pause,,1,1752,1752,1753,0,12,955,1,authorization_committed,refused:predicate_false:1753,0,,0,1,18.997441045939922,12.15030113235116
xair,plc_conditional,1,pause,,1,1754,1754,1754,0,30,956,1,published_after_gate_recheck,executed:RUN:1754,1,RUN,0,0,26.221878826618195,30.15153296291828
xair,plc_predicate,1,pause,,1,1756,,,0,2,957,0,read_set_version_changed_at_gate,,0,,0,0,16.73765992745757,2.14855233207345
xair,plc_predicate,0,,,1,1758,1758,1758,0,,958,1,published_after_gate_recheck,executed:RUN:1758,1,RUN,0,0,26.396756060421467,
xair_atomic,plc_plain,1,pause,,1,1758,1758,1759,0,6,959,1,authorization_committed,executed:PAUSED:1759,1,PAUSED,1,0,20.17435012385249,6.277680862694979
xair_atomic,plc_conditional,1,pause,,1,1760,1760,1761,0,10,960,1,authorization_committed,refused:version_changed:1761,0,,0,1,25.954535696655512,10.374568868428469
xair,plc_predicate,1,pause,,1,1762,1762,1763,0,8,961,1,published_after_gate_recheck,refused:predicate_false:1763,0,,0,1,21.588102914392948,8.32305895164609
xair_atomic,plc_plain,1,pause,,1,1764,,,0,0,962,0,read_set_version_changed_at_commit,,0,,0,0,14.724080916494131,0.3087790682911873
xair,plc_plain,0,,,1,1766,1766,1766,0,,963,1,published_after_gate_recheck,executed:RUN:1766,1,RUN,0,0,19.562150817364454,
xair_atomic,plc_plain,1,pause,,1,1766,1766,1766,0,30,964,1,authorization_committed,executed:RUN:1766,1,RUN,0,0,19.529028329998255,30.291244853287935
xair,plc_conditional,1,pause,,1,1768,,,0,2,965,0,read_set_version_changed_at_gate,,0,,0,0,18.28152732923627,2.2238329984247684
xair_atomic,plc_conditional,1,pause,,1,1770,1770,1771,0,12,966,1,authorization_committed,refused:version_changed:1771,0,,0,1,16.61664294078946,12.248004786670208
xair,plc_predicate,1,pause,,1,1772,1772,1773,0,10,967,1,published_after_gate_recheck,refused:predicate_false:1773,0,,0,1,23.137139156460762,10.18433179706335
xair,plc_conditional,1,pause,,1,1774,1774,1775,0,6,968,1,published_after_gate_recheck,refused:version_changed:1775,0,,0,1,27.812823187559843,6.202530115842819
xair,plc_plain,1,pause,,1,1776,1776,1776,0,20,969,1,published_after_gate_recheck,executed:RUN:1776,1,RUN,0,0,27.951233088970184,20.362331997603178
xair_atomic,plc_conditional,1,pause,,1,1778,1778,1778,0,14,970,1,authorization_committed,executed:RUN:1778,1,RUN,0,0,18.06161506101489,14.316736720502377
xair_atomic,plc_predicate,1,pause,,1,1780,1780,1781,0,10,971,1,authorization_committed,refused:predicate_false:1781,0,,0,1,21.248395089060068,10.189642198383808
xair_atomic,plc_predicate,1,pause,,1,1782,,,0,0,972,0,precondition_failed: line.state == 'RUN',,0,,0,0,13.307672925293446,0.5320683121681213
xair,plc_conditional,1,pause,,1,1784,1784,1784,0,20,973,1,published_after_gate_recheck,executed:RUN:1784,1,RUN,0,0,23.400654084980488,20.425811409950256
xair_atomic,plc_conditional,1,pause,,1,1786,1786,1787,0,12,974,1,authorization_committed,refused:version_changed:1787,0,,0,1,24.831427726894617,12.269865721464157
xair,plc_plain,1,pause,,1,1788,,,0,2,975,0,read_set_version_changed_at_gate,,0,,0,0,18.10069801285863,2.2001489996910095
xair,plc_conditional,1,pause,,1,1790,1790,1790,0,14,976,1,published_after_gate_recheck,executed:RUN:1790,1,RUN,0,0,17.605488188564777,14.13794094696641
xair_atomic,plc_plain,1,pause,,1,1792,,,0,4,977,0,read_set_version_changed_at_commit,,0,,0,0,16.688717994838953,4.257500171661377
xair,plc_predicate,1,pause,,1,1794,1794,1794,0,20,978,1,published_after_gate_recheck,executed:RUN:1794,1,RUN,0,0,23.353124037384987,20.273405127227306
xair,plc_plain,1,pause,,1,1796,1796,1796,0,16,979,1,published_after_gate_recheck,executed:RUN:1796,1,RUN,0,0,20.439766813069582,16.2087669596076
xair_atomic,plc_plain,1,pause,,1,1798,1798,1798,0,14,980,1,authorization_committed,executed:RUN:1798,1,RUN,0,0,17.978227231651545,14.179530087858438
xair,plc_conditional,1,pause,,1,1800,1800,1801,0,4,981,1,published_after_gate_recheck,refused:version_changed:1801,0,,0,1,25.16230009496212,7.010716013610363
xair,plc_plain,1,pause,,1,1802,,,0,0,982,0,read_set_version_changed_at_gate,,0,,0,0,17.499620094895363,0.31262682750821114
xair_atomic,plc_conditional,0,,,1,1804,1804,1804,0,,983,1,authorization_committed,executed:RUN:1804,1,RUN,0,0,25.81636793911457,
xair_atomic,plc_conditional,1,pause,,1,1804,1804,1805,0,14,984,1,authorization_committed,refused:version_changed:1805,0,,0,1,22.372413892298937,16.490195877850056
xair_atomic,plc_plain,0,,,1,1806,1806,1806,0,,985,1,authorization_committed,executed:RUN:1806,1,RUN,0,0,22.3294529132545,
xair,plc_conditional,1,pause,,1,1806,1806,1807,0,6,986,1,published_after_gate_recheck,refused:version_changed:1807,0,,0,1,26.381708681583405,6.225112359970808
xair,plc_conditional,0,,,1,1808,1808,1808,0,,987,1,published_after_gate_recheck,executed:RUN:1808,1,RUN,0,0,28.125391341745853,
xair,plc_conditional,1,pause,,1,1808,1808,1808,0,20,988,1,published_after_gate_recheck,executed:RUN:1808,1,RUN,0,0,22.059957962483168,20.24804800748825
xair,plc_plain,1,pause,,1,1810,1810,1810,0,30,989,1,published_after_gate_recheck,executed:RUN:1810,1,RUN,0,0,28.945178724825382,30.231202021241188
xair_atomic,plc_plain,1,pause,,1,1812,1812,1813,0,16,990,1,authorization_committed,executed:PAUSED:1813,1,PAUSED,1,0,21.5302431024611,16.186915803700686
xair,plc_conditional,0,,,1,1814,1814,1814,0,,991,1,published_after_gate_recheck,executed:RUN:1814,1,RUN,0,0,24.689582642167807,
xair,plc_plain,1,pause,,1,1814,1814,1815,0,10,992,1,published_after_gate_recheck,executed:PAUSED:1815,1,PAUSED,1,0,23.240502923727036,10.227102786302567
xair,plc_conditional,1,pause,,1,1816,1816,1816,0,30,993,1,published_after_gate_recheck,executed:RUN:1816,1,RUN,0,0,28.63670000806451,30.214190017431974
xair,plc_predicate,1,pause,,1,1818,1818,1819,0,16,994,1,published_after_gate_recheck,refused:predicate_false:1819,0,,0,1,23.325032088905573,16.232813242822886
xair,plc_predicate,1,pause,,1,1820,1820,1821,0,10,995,1,published_after_gate_recheck,refused:predicate_false:1821,0,,0,1,22.506386041641235,10.21147333085537
xair_atomic,plc_conditional,1,pause,,1,1822,1822,1823,0,16,996,1,authorization_committed,refused:version_changed:1823,0,,0,1,25.001598056405783,16.18669554591179
xair,plc_predicate,0,,,1,1824,1824,1824,0,,997,1,published_after_gate_recheck,executed:RUN:1824,1,RUN,0,0,26.72418113797903,
xair_atomic,plc_conditional,1,pause,,1,1824,1824,1825,0,10,998,1,authorization_committed,refused:version_changed:1825,0,,0,1,18.13195738941431,10.263290256261826
xair_atomic,plc_conditional,1,pause,,1,1826,1826,1827,0,12,999,1,authorization_committed,refused:version_changed:1827,0,,0,1,21.88826585188508,12.210784945636988
xair_atomic,plc_predicate,1,pause,,1,1828,,,0,2,1000,0,read_set_version_changed_at_commit,,0,,0,0,12.997370213270187,2.1656141616404057
xair_atomic,plc_plain,1,pause,,1,1830,,,0,0,1001,0,read_set_version_changed_at_commit,,0,,0,0,17.932611983269453,0.4160711541771889
xair,plc_plain,1,pause,,1,1832,,,0,4,1002,0,read_set_version_changed_at_gate,,0,,0,0,20.203453954309225,4.304077010601759
xair_atomic,plc_predicate,1,pause,,1,1834,,,0,2,1003,0,read_set_version_changed_at_commit,,0,,0,0,14.507594984024763,2.190419938415289
xair_atomic,plc_plain,1,pause,,1,1836,1836,1837,0,6,1004,1,authorization_committed,executed:PAUSED:1837,1,PAUSED,1,0,23.163247853517532,6.168426014482975
xair_atomic,plc_predicate,0,,,1,1838,1838,1838,0,,1005,1,authorization_committed,executed:RUN:1838,1,RUN,0,0,18.4413967654109,
xair,plc_plain,1,pause,,1,1838,,,0,0,1006,0,precondition_failed: line.state == 'RUN',,0,,0,0,13.184561859816313,0.25188177824020386
xair_atomic,plc_predicate,1,pause,,1,1840,1840,1840,0,16,1007,1,authorization_committed,executed:RUN:1840,1,RUN,0,0,17.280117608606815,16.179392114281654
xair,plc_predicate,1,pause,,1,1842,,,0,0,1008,0,precondition_failed: line.state == 'RUN',,0,,0,0,13.565237168222666,0.2652779221534729
xair_atomic,plc_predicate,1,pause,,1,1844,1844,1844,0,30,1009,1,authorization_committed,executed:RUN:1844,1,RUN,0,0,21.280063781887293,30.16636986285448
xair,plc_conditional,1,pause,,1,1846,,,0,0,1010,0,read_set_version_changed_at_gate,,0,,0,0,17.36132986843586,0.4491223953664303
xair,plc_plain,1,pause,,1,1848,1848,1848,0,16,1011,1,published_after_gate_recheck,executed:RUN:1848,1,RUN,0,0,21.752670872956514,16.271343920379877
xair,plc_predicate,1,pause,,1,1850,,,0,4,1012,0,read_set_version_changed_at_gate,,0,,0,0,20.00682521611452,4.2846109718084335
xair_atomic,plc_conditional,1,pause,,1,1852,1852,1853,0,6,1013,1,authorization_committed,refused:version_changed:1853,0,,0,1,16.30542892962694,6.302496884018183
xair_atomic,plc_plain,1,pause,,1,1854,1854,1855,0,14,1014,1,authorization_committed,executed:PAUSED:1855,1,PAUSED,1,0,22.583761252462864,17.55561539903283
xair_atomic,plc_predicate,1,pause,,1,1856,1856,1857,0,6,1015,1,authorization_committed,refused:predicate_false:1857,0,,0,1,22.194060031324625,6.205706391483545
xair,plc_plain,1,pause,,1,1858,,,0,2,1016,0,precondition_failed: line.state == 'RUN',,0,,0,0,16.18768787011504,2.941661048680544
xair,plc_plain,1,pause,,1,1860,1860,1861,0,16,1017,1,published_after_gate_recheck,executed:PAUSED:1861,1,PAUSED,1,0,37.55772113800049,16.216341871768236
xair,plc_predicate,1,pause,,1,1862,1862,1862,0,30,1018,1,published_after_gate_recheck,executed:RUN:1862,1,RUN,0,0,26.30297001451254,30.246992129832506
xair,plc_predicate,1,pause,,1,1864,1864,1864,0,30,1019,1,published_after_gate_recheck,executed:RUN:1864,1,RUN,0,0,27.677860110998154,30.28244897723198
xair,plc_predicate,1,pause,,1,1866,1866,1866,0,30,1020,1,published_after_gate_recheck,executed:RUN:1866,1,RUN,0,0,23.122861981391907,30.255287420004606
xair,plc_predicate,1,pause,,1,1868,1868,1869,0,10,1021,1,published_after_gate_recheck,refused:predicate_false:1869,0,,0,1,20.76982706785202,10.247008875012398
xair,plc_predicate,1,pause,,1,1870,1870,1870,0,20,1022,1,published_after_gate_recheck,executed:RUN:1870,1,RUN,0,0,26.786877773702145,20.212320145219564
xair,plc_conditional,1,pause,,1,1872,1872,1872,0,16,1023,1,published_after_gate_recheck,executed:RUN:1872,1,RUN,0,0,23.18745432421565,16.231540124863386
xair,plc_plain,1,pause,,1,1874,1874,1875,0,8,1024,1,published_after_gate_recheck,executed:PAUSED:1875,1,PAUSED,1,0,23.362222127616405,8.22127889841795
xair_atomic,plc_plain,1,pause,,1,1876,1876,1876,0,30,1025,1,authorization_committed,executed:RUN:1876,1,RUN,0,0,23.553580977022648,30.22507019340992
xair,plc_predicate,1,pause,,1,1878,,,0,0,1026,0,read_set_version_changed_at_gate,,0,,0,0,17.35575031489134,0.3706752322614193
xair_atomic,plc_conditional,1,pause,,1,1880,1880,1881,0,14,1027,1,authorization_committed,refused:version_changed:1881,0,,0,1,20.688163116574287,14.200478792190552
xair,plc_plain,1,pause,,1,1882,1882,1883,0,16,1028,1,published_after_gate_recheck,executed:PAUSED:1883,1,PAUSED,1,0,26.20388427749276,16.24806085601449
xair_atomic,plc_predicate,1,pause,,1,1884,1884,1884,0,30,1029,1,authorization_committed,executed:RUN:1884,1,RUN,0,0,27.00104983523488,30.20490286871791
xair_atomic,plc_plain,1,pause,,1,1886,1886,1887,0,16,1030,1,authorization_committed,executed:PAUSED:1887,1,PAUSED,1,0,24.17433587834239,16.31285296753049
xair_atomic,plc_plain,1,pause,,1,1888,1888,1888,0,20,1031,1,authorization_committed,executed:RUN:1888,1,RUN,0,0,21.036897785961628,20.30518464744091
xair_atomic,plc_predicate,1,pause,,1,1890,1890,1890,0,16,1032,1,authorization_committed,executed:RUN:1890,1,RUN,0,0,17.153581138700247,16.31674962118268
xair,plc_predicate,1,pause,,1,1892,1892,1893,0,6,1033,1,published_after_gate_recheck,refused:predicate_false:1893,0,,0,1,20.069121848791838,6.310261785984039
xair_atomic,plc_predicate,1,pause,,1,1894,,,0,6,1034,0,read_set_version_changed_at_commit,,0,,0,0,18.836749251931906,6.2512606382369995
xair,plc_conditional,0,,,1,1896,1896,1896,0,,1035,1,published_after_gate_recheck,executed:RUN:1896,1,RUN,0,0,24.811851792037487,
xair,plc_plain,1,pause,,1,1896,1896,1896,0,30,1036,1,published_after_gate_recheck,executed:RUN:1896,1,RUN,0,0,22.605721838772297,30.2583328448236
xair,plc_plain,1,pause,,1,1898,1898,1899,0,6,1037,1,published_after_gate_recheck,executed:PAUSED:1899,1,PAUSED,1,0,20.07675589993596,6.151463836431503
xair_atomic,plc_plain,1,pause,,1,1900,1900,1901,0,10,1038,1,authorization_committed,executed:PAUSED:1901,1,PAUSED,1,0,24.876594077795744,10.24184888228774
xair_atomic,plc_predicate,1,pause,,1,1902,1902,1902,0,14,1039,1,authorization_committed,executed:RUN:1902,1,RUN,0,0,16.56353287398815,14.207512140274048
xair,plc_predicate,1,pause,,1,1904,1904,1905,0,12,1040,1,published_after_gate_recheck,refused:predicate_false:1905,0,,0,1,23.74702412635088,12.334647122770548
xair,plc_conditional,1,pause,,1,1906,1906,1907,0,12,1041,1,published_after_gate_recheck,refused:version_changed:1907,0,,0,1,26.979530230164528,12.245911173522472
xair_atomic,plc_conditional,1,pause,,1,1908,1908,1909,0,6,1042,1,authorization_committed,refused:version_changed:1909,0,,0,1,15.011390205472708,6.190357264131308
xair_atomic,plc_conditional,1,pause,,1,1910,1910,1911,0,10,1043,1,authorization_committed,refused:version_changed:1911,0,,0,1,21.565118804574013,10.209768544882536
xair,plc_plain,1,pause,,1,1912,1912,1913,0,12,1044,1,published_after_gate_recheck,executed:PAUSED:1913,1,PAUSED,1,0,26.93831268697977,12.183464132249355
xair_atomic,plc_predicate,1,pause,,1,1914,1914,1915,0,6,1045,1,authorization_committed,refused:predicate_false:1915,0,,0,1,23.798991926014423,6.207618862390518
xair_atomic,plc_conditional,1,pause,,1,1916,1916,1917,0,8,1046,1,authorization_committed,refused:version_changed:1917,0,,0,1,17.8016759455204,8.196110837161541
xair_atomic,plc_predicate,1,pause,,1,1918,1918,1919,0,6,1047,1,authorization_committed,refused:predicate_false:1919,0,,0,1,22.883622907102108,6.189975887537003
xair_atomic,plc_conditional,1,pause,,1,1920,1920,1921,0,10,1048,1,authorization_committed,refused:version_changed:1921,0,,0,1,18.110315781086683,10.211882647126913
xair_atomic,plc_conditional,1,pause,,1,1922,1922,1923,0,10,1049,1,authorization_committed,refused:version_changed:1923,0,,0,1,24.09786218777299,10.213326662778854
xair,plc_conditional,1,pause,,1,1924,1924,1924,0,16,1050,1,published_after_gate_recheck,executed:RUN:1924,1,RUN,0,0,21.796083077788353,16.153182834386826
xair_atomic,plc_plain,1,pause,,1,1926,1926,1926,0,16,1051,1,authorization_committed,executed:RUN:1926,1,RUN,0,0,19.37794405966997,16.29113219678402
xair,plc_plain,1,pause,,1,1928,1928,1929,0,12,1052,1,published_after_gate_recheck,executed:PAUSED:1929,1,PAUSED,1,0,23.25243502855301,12.152655981481075
xair_atomic,plc_predicate,0,,,1,1930,1930,1930,0,,1053,1,authorization_committed,executed:RUN:1930,1,RUN,0,0,16.175735741853714,
xair,plc_plain,1,pause,,1,1930,,,0,0,1054,0,read_set_version_changed_at_gate,,0,,0,0,17.059553880244493,0.2903849817812443
xair,plc_predicate,1,pause,,1,1932,1932,1933,0,16,1055,1,published_after_gate_recheck,refused:predicate_false:1933,0,,0,1,26.348436251282692,16.301582101732492
xair_atomic,plc_conditional,1,pause,,1,1934,1934,1934,0,30,1056,1,authorization_committed,executed:RUN:1934,1,RUN,0,0,28.37435808032751,30.440695118159056
xair_atomic,plc_predicate,1,pause,,1,1936,1936,1937,0,6,1057,1,authorization_committed,refused:predicate_false:1937,0,,0,1,23.57082301750779,6.231565028429031
xair_atomic,plc_conditional,1,pause,,1,1938,,,0,2,1058,0,read_set_version_changed_at_commit,,0,,0,0,14.787090010941029,2.2360258735716343
xair,plc_predicate,1,pause,,1,1940,1940,1941,0,10,1059,1,published_after_gate_recheck,refused:predicate_false:1941,0,,0,1,22.113629151135683,11.8227768689394
xair_atomic,plc_plain,1,pause,,1,1942,1942,1943,0,8,1060,1,authorization_committed,executed:PAUSED:1943,1,PAUSED,1,0,26.461096946150064,8.20576911792159
xair_atomic,plc_conditional,1,pause,,1,1944,1944,1944,0,20,1061,1,authorization_committed,executed:RUN:1944,1,RUN,0,0,17.271380871534348,20.21825173869729
xair_atomic,plc_conditional,1,pause,,1,1946,1946,1947,0,8,1062,1,authorization_committed,refused:version_changed:1947,0,,0,1,26.22966282069683,8.15569469705224
xair_atomic,plc_plain,0,,,1,1948,1948,1948,0,,1063,1,authorization_committed,executed:RUN:1948,1,RUN,0,0,15.505758114159107,
xair,plc_conditional,0,,,1,1948,1948,1948,0,,1064,1,published_after_gate_recheck,executed:RUN:1948,1,RUN,0,0,26.1310669593513,
xair_atomic,plc_conditional,1,pause,,1,1948,1948,1949,0,10,1065,1,authorization_committed,refused:version_changed:1949,0,,0,1,18.634839914739132,10.16543572768569
xair_atomic,plc_plain,1,pause,,1,1950,1950,1951,0,8,1066,1,authorization_committed,executed:PAUSED:1951,1,PAUSED,1,0,22.553344257175922,8.146287873387337
xair_atomic,plc_conditional,1,pause,,1,1952,,,0,0,1067,0,precondition_failed: line.state == 'RUN',,0,,0,0,13.901057187467813,0.38173608481884
xair,plc_conditional,1,pause,,1,1954,,,0,0,1068,0,read_set_version_changed_at_gate,,0,,0,0,17.609715927392244,0.27130870148539543
xair,plc_plain,1,pause,,1,1956,1956,1957,0,16,1069,1,published_after_gate_recheck,executed:PAUSED:1957,1,PAUSED,1,0,25.348359253257513,16.188569832593203
xair,plc_plain,1,pause,,1,1958,1958,1959,0,14,1070,1,published_after_gate_recheck,executed:PAUSED:1959,1,PAUSED,1,0,27.38426998257637,14.191191177815199
xair,plc_plain,1,pause,,1,1960,,,0,2,1071,0,read_set_version_changed_at_gate,,0,,0,0,17.124776262789965,2.200158778578043
xair,plc_conditional,1,pause,,1,1962,1962,1963,0,6,1072,1,published_after_gate_recheck,refused:version_changed:1963,0,,0,1,18.797815777361393,6.193171720951796
xair_atomic,plc_conditional,1,pause,,1,1964,1964,1965,0,8,1073,1,authorization_committed,refused:version_changed:1965,0,,0,1,25.44093318283558,8.193496149033308
xair,plc_predicate,1,pause,,1,1966,1966,1967,0,6,1074,1,published_after_gate_recheck,refused:predicate_false:1967,0,,0,1,20.576223265379667,6.177091971039772
xair_atomic,plc_predicate,1,pause,,1,1968,1968,1969,0,16,1075,1,authorization_committed,refused:predicate_false:1969,0,,0,1,23.211427964270115,16.14143094047904
xair_atomic,plc_predicate,1,pause,,1,1970,1970,1970,0,20,1076,1,authorization_committed,executed:RUN:1970,1,RUN,0,0,22.337468806654215,20.30966291204095
xair_atomic,plc_plain,1,pause,,1,1972,1972,1972,0,16,1077,1,authorization_committed,executed:RUN:1972,1,RUN,0,0,17.888528760522604,16.16001594811678
xair,plc_conditional,1,pause,,1,1974,1974,1974,0,30,1078,1,published_after_gate_recheck,executed:RUN:1974,1,RUN,0,0,23.86103803291917,30.258784070611
xair,plc_plain,1,pause,,1,1976,1976,1977,0,10,1079,1,published_after_gate_recheck,executed:PAUSED:1977,1,PAUSED,1,0,28.947191778570414,10.28884807601571
xair,plc_conditional,1,pause,,1,1978,,,0,0,1080,0,read_set_version_changed_at_gate,,0,,0,0,17.640565056353807,0.37269899621605873
xair_atomic,plc_plain,1,pause,,1,1980,,,0,4,1081,0,read_set_version_changed_at_commit,,0,,0,0,18.04119674488902,4.241710063070059
xair_atomic,plc_conditional,1,pause,,1,1982,,,0,4,1082,0,read_set_version_changed_at_commit,,0,,0,0,17.383691854774952,4.267558921128511
xair_atomic,plc_predicate,1,pause,,1,1984,1984,1985,0,8,1083,1,authorization_committed,refused:predicate_false:1985,0,,0,1,24.17183108627796,9.326572064310312
xair_atomic,plc_conditional,0,,,1,1986,1986,1986,0,,1084,1,authorization_committed,executed:RUN:1986,1,RUN,0,0,22.091106045991182,
xair_atomic,plc_predicate,1,pause,,1,1986,1986,1987,0,8,1085,1,authorization_committed,refused:predicate_false:1987,0,,0,1,20.723559893667698,8.276140782982111
xair,plc_conditional,1,pause,,1,1988,1988,1989,0,4,1086,1,published_after_gate_recheck,refused:version_changed:1989,0,,0,1,19.728001672774553,4.2080869898200035
xair_atomic,plc_plain,1,pause,,1,1990,1990,1991,0,16,1087,1,authorization_committed,executed:PAUSED:1991,1,PAUSED,1,0,24.854392278939486,19.35428101569414
xair,plc_predicate,1,pause,,1,1992,1992,1992,0,20,1088,1,published_after_gate_recheck,executed:RUN:1992,1,RUN,0,0,25.626080110669136,20.29016613960266
xair,plc_plain,1,pause,,1,1994,1994,1994,0,20,1089,1,published_after_gate_recheck,executed:RUN:1994,1,RUN,0,0,23.61710974946618,20.332145038992167
xair_atomic,plc_plain,1,pause,,1,1996,1996,1997,0,8,1090,1,authorization_committed,executed:PAUSED:1997,1,PAUSED,1,0,16.36424893513322,8.280098903924227
xair,plc_plain,1,pause,,1,1998,,,0,0,1091,0,precondition_failed: line.state == 'RUN',,0,,0,0,13.261897023767233,0.3034798428416252
xair,plc_predicate,1,pause,,1,2000,,,0,4,1092,0,read_set_version_changed_at_gate,,0,,0,0,22.402971051633358,4.199369810521603
xair,plc_conditional,1,pause,,1,2002,,,0,4,1093,0,read_set_version_changed_at_gate,,0,,0,0,19.05116206035018,4.170567262917757
xair,plc_conditional,1,pause,,1,2004,,,0,2,1094,0,read_set_version_changed_at_gate,,0,,0,0,18.227735999971628,2.2581079974770546
xair_atomic,plc_predicate,1,pause,,1,2006,2006,2007,0,14,1095,1,authorization_committed,refused:predicate_false:2007,0,,0,1,22.627622820436954,14.279346913099289
xair,plc_plain,1,pause,,1,2008,2008,2009,0,8,1096,1,published_after_gate_recheck,executed:PAUSED:2009,1,PAUSED,1,0,24.336589965969324,8.192654233425856
xair,plc_predicate,0,,,1,2010,2010,2010,0,,1097,1,published_after_gate_recheck,executed:RUN:2010,1,RUN,0,0,27.59665809571743,
xair,plc_plain,1,pause,,1,2010,2010,2010,0,14,1098,1,published_after_gate_recheck,executed:RUN:2010,1,RUN,0,0,21.511819679290056,14.307418838143349
xair,plc_plain,1,pause,,1,2012,,,0,2,1099,0,read_set_version_changed_at_gate,,0,,0,0,18.900569062680006,2.263618167489767
xair_atomic,plc_predicate,1,pause,,1,2014,2014,2015,0,8,1100,1,authorization_committed,refused:predicate_false:2015,0,,0,1,17.12244190275669,8.231086190789938
xair_atomic,plc_predicate,1,pause,,1,2016,,,0,4,1101,0,read_set_version_changed_at_commit,,0,,0,0,16.790248919278383,4.193449858576059
xair,plc_plain,1,pause,,1,2018,2018,2019,0,6,1102,1,published_after_gate_recheck,executed:PAUSED:2019,1,PAUSED,1,0,26.932531967759132,6.28627697005868
xair,plc_predicate,1,pause,,1,2020,,,0,0,1103,0,precondition_failed: line.state == 'RUN',,0,,0,0,13.794175814837217,0.8565173484385014
xair_atomic,plc_plain,1,pause,,1,2022,2022,2022,0,16,1104,1,authorization_committed,executed:RUN:2022,1,RUN,0,0,17.33425911515951,16.193279065191746
xair,plc_plain,1,pause,,1,2024,2024,2024,0,30,1105,1,published_after_gate_recheck,executed:RUN:2024,1,RUN,0,0,20.364696625620127,30.63621185719967
xair,plc_predicate,1,pause,,1,2026,2026,2027,0,10,1106,1,published_after_gate_recheck,refused:predicate_false:2027,0,,0,1,26.544542983174324,10.364850051701069
xair_atomic,plc_predicate,1,pause,,1,2028,2028,2029,0,12,1107,1,authorization_committed,refused:predicate_false:2029,0,,0,1,25.17291996628046,12.21039379015565
xair_atomic,plc_plain,1,pause,,1,2030,2030,2031,0,12,1108,1,authorization_committed,executed:PAUSED:2031,1,PAUSED,1,0,17.139995004981756,12.314760126173496
xair,plc_predicate,1,pause,,1,2032,2032,2033,0,12,1109,1,published_after_gate_recheck,refused:predicate_false:2033,0,,0,1,24.917951319366693,12.418193742632866
xair,plc_conditional,1,pause,,1,2034,2034,2035,0,6,1110,1,published_after_gate_recheck,refused:version_changed:2035,0,,0,1,27.75812102481723,6.288912147283554
xair,plc_conditional,0,,,1,2036,2036,2036,0,,1111,1,published_after_gate_recheck,executed:RUN:2036,1,RUN,0,0,29.50649196282029,
xair_atomic,plc_conditional,1,pause,,1,2036,2036,2037,0,8,1112,1,authorization_committed,refused:version_changed:2037,0,,0,1,16.903260722756386,8.324992842972279
xair,plc_conditional,1,pause,,1,2038,2038,2039,0,6,1113,1,published_after_gate_recheck,refused:version_changed:2039,0,,0,1,23.579981178045273,6.200756411999464
xair_atomic,plc_predicate,1,pause,,1,2040,2040,2041,0,14,1114,1,authorization_committed,refused:predicate_false:2041,0,,0,1,25.717161130160093,14.204476028680801
xair_atomic,plc_plain,1,pause,,1,2042,2042,2043,0,10,1115,1,authorization_committed,executed:PAUSED:2043,1,PAUSED,1,0,18.208620138466358,10.269723366945982
xair_atomic,plc_predicate,1,pause,,1,2044,2044,2045,0,10,1116,1,authorization_committed,refused:predicate_false:2045,0,,0,1,21.80334599688649,10.238954797387123
xair,plc_predicate,1,pause,,1,2046,2046,2047,0,12,1117,1,published_after_gate_recheck,refused:predicate_false:2047,0,,0,1,21.653214003890753,12.19659810885787
xair,plc_predicate,1,pause,,1,2048,2048,2049,0,4,1118,1,published_after_gate_recheck,refused:predicate_false:2049,0,,0,1,23.5160905867815,4.1691940277814865
xair_atomic,plc_plain,1,pause,,1,2050,2050,2050,0,20,1119,1,authorization_committed,executed:RUN:2050,1,RUN,0,0,20.37713024765253,20.14346094802022
xair,plc_conditional,1,pause,,1,2052,2052,2052,0,14,1120,1,published_after_gate_recheck,executed:RUN:2052,1,RUN,0,0,20.810073241591454,14.148260932415724
xair_atomic,plc_plain,1,pause,,1,2054,2054,2055,0,8,1121,1,authorization_committed,executed:PAUSED:2055,1,PAUSED,1,0,18.321743234992027,8.141438942402601
xair,plc_predicate,1,pause,,1,2056,2056,2057,0,8,1122,1,published_after_gate_recheck,refused:predicate_false:2057,0,,0,1,25.835653766989708,8.300016168504953
xair,plc_conditional,1,pause,,1,2058,2058,2059,0,16,1123,1,published_after_gate_recheck,refused:version_changed:2059,0,,0,1,29.82779499143362,16.357956919819117
xair,plc_predicate,1,pause,,1,2060,2060,2060,0,30,1124,1,published_after_gate_recheck,executed:RUN:2060,1,RUN,0,0,26.66831621900201,30.232784803956747
xair,plc_plain,1,pause,,1,2062,2062,2063,0,4,1125,1,published_after_gate_recheck,executed:PAUSED:2063,1,PAUSED,1,0,23.035609163343906,4.193699918687344
xair,plc_plain,1,pause,,1,2064,2064,2065,0,16,1126,1,published_after_gate_recheck,executed:PAUSED:2065,1,PAUSED,1,0,28.88541715219617,16.1947812885046
xair,plc_predicate,1,pause,,1,2066,2066,2067,0,8,1127,1,published_after_gate_recheck,refused:predicate_false:2067,0,,0,1,19.512868020683527,8.189128246158361
xair_atomic,plc_plain,1,pause,,1,2068,2068,2069,0,16,1128,1,authorization_committed,executed:PAUSED:2069,1,PAUSED,1,0,25.55840276181698,16.3182127289474
xair_atomic,plc_predicate,1,pause,,1,2070,2070,2071,0,10,1129,1,authorization_committed,refused:predicate_false:2071,0,,0,1,18.030085135251284,10.432327166199684
xair_atomic,plc_predicate,1,pause,,1,2072,,,0,2,1130,0,read_set_version_changed_at_commit,,0,,0,0,15.005960129201412,2.167928032577038
xair_atomic,plc_plain,1,pause,,1,2074,2074,2074,0,30,1131,1,authorization_committed,executed:RUN:2074,1,RUN,0,0,15.658003743737936,30.144269112497568
xair,plc_conditional,1,pause,,1,2076,,,0,0,1132,0,read_set_version_changed_at_gate,,0,,0,0,17.17484975233674,0.3003133460879326
xair_atomic,plc_conditional,1,pause,,1,2078,2078,2079,0,14,1133,1,authorization_committed,refused:version_changed:2079,0,,0,1,23.078789934515953,14.182915911078453
xair_atomic,plc_plain,1,pause,,1,2080,,,0,0,1134,0,read_set_version_changed_at_commit,,0,,0,0,13.345965184271336,0.357150100171566
xair,plc_conditional,1,pause,,1,2082,2082,2083,0,6,1135,1,published_after_gate_recheck,refused:version_changed:2083,0,,0,1,23.94434390589595,6.2043028883636
xair_atomic,plc_predicate,1,pause,,1,2084,2084,2085,0,10,1136,1,authorization_committed,refused:predicate_false:2085,0,,0,1,24.249046109616756,10.237762238830328
xair,plc_predicate,1,pause,,1,2086,2086,2086,0,16,1137,1,published_after_gate_recheck,executed:RUN:2086,1,RUN,0,0,21.596739068627357,16.207185108214617
xair_atomic,plc_plain,0,,,1,2088,2088,2088,0,,1138,1,authorization_committed,executed:RUN:2088,1,RUN,0,0,18.33772286772728,
xair,plc_plain,1,pause,,1,2088,2088,2089,0,16,1139,1,published_after_gate_recheck,executed:PAUSED:2089,1,PAUSED,1,0,26.172455865889788,16.25827979296446
xair_atomic,plc_conditional,1,pause,,1,2090,2090,2091,0,12,1140,1,authorization_committed,refused:version_changed:2091,0,,0,1,19.133476074784994,12.21264898777008
xair_atomic,plc_conditional,1,pause,,1,2092,,,0,2,1141,0,read_set_version_changed_at_commit,,0,,0,0,15.22331777960062,2.2247550077736378
xair,plc_plain,1,pause,,1,2094,2094,2094,0,20,1142,1,published_after_gate_recheck,executed:RUN:2094,1,RUN,0,0,18.83390313014388,20.199586637318134
xair_atomic,plc_plain,1,pause,,1,2096,2096,2097,0,6,1143,1,authorization_committed,executed:PAUSED:2097,1,PAUSED,1,0,22.648312151432037,6.170961074531078
xair_atomic,plc_predicate,1,pause,,1,2098,2098,2098,0,14,1144,1,authorization_committed,executed:RUN:2098,1,RUN,0,0,18.6033109202981,14.289957005530596
xair,plc_predicate,1,pause,,1,2100,2100,2100,0,20,1145,1,published_after_gate_recheck,executed:RUN:2100,1,RUN,0,0,25.408982764929533,20.213081035763025
xair_atomic,plc_plain,1,pause,,1,2102,2102,2103,0,20,1146,1,authorization_committed,executed:PAUSED:2103,1,PAUSED,1,0,25.26993164792657,20.16611397266388
xair,plc_predicate,1,pause,,1,2104,2104,2104,0,30,1147,1,published_after_gate_recheck,executed:RUN:2104,1,RUN,0,0,25.327470153570175,30.18982382491231
xair_atomic,plc_plain,1,pause,,1,2106,2106,2107,0,10,1148,1,authorization_committed,executed:PAUSED:2107,1,PAUSED,1,0,18.59626779332757,10.158994235098362
xair,plc_plain,1,pause,,1,2108,,,0,0,1149,0,read_set_version_changed_at_gate,,0,,0,0,17.06090709194541,0.2898639068007469
xair,plc_conditional,1,pause,,1,2110,2110,2110,0,20,1150,1,published_after_gate_recheck,executed:RUN:2110,1,RUN,0,0,26.75838489085436,20.140516106039286
xair_atomic,plc_predicate,1,pause,,1,2112,2112,2113,0,12,1151,1,authorization_committed,refused:predicate_false:2113,0,,0,1,19.92692518979311,12.266640085726976
xair,plc_predicate,1,pause,,1,2114,2114,2114,0,20,1152,1,published_after_gate_recheck,executed:RUN:2114,1,RUN,0,0,26.1733983643353,20.16244735568762
xair,plc_predicate,0,,,1,2116,2116,2116,0,,1153,1,published_after_gate_recheck,executed:RUN:2116,1,RUN,0,0,21.688400767743587,
xair,plc_conditional,1,pause,,1,2116,2116,2117,0,14,1154,1,published_after_gate_recheck,refused:version_changed:2117,0,,0,1,23.091884795576334,14.188065193593502
xair,plc_conditional,1,pause,,1,2118,2118,2119,0,10,1155,1,published_after_gate_recheck,refused:version_changed:2119,0,,0,1,23.20599788799882,10.169825050979853
xair,plc_predicate,1,pause,,1,2120,2120,2121,0,6,1156,1,published_after_gate_recheck,refused:predicate_false:2121,0,,0,1,27.125344146043062,6.739247124642134
xair,plc_predicate,1,pause,,1,2122,2122,2123,0,8,1157,1,published_after_gate_recheck,refused:predicate_false:2123,0,,0,1,19.203146919608116,8.158651180565357
xair,plc_conditional,1,pause,,1,2124,,,0,4,1158,0,read_set_version_changed_at_gate,,0,,0,0,19.998368807137012,4.13285568356514
xair_atomic,plc_conditional,0,,,1,2126,2126,2126,0,,1159,1,authorization_committed,executed:RUN:2126,1,RUN,0,0,26.05669805780053,
xair_atomic,plc_predicate,1,pause,,1,2126,2126,2127,0,10,1160,1,authorization_committed,refused:predicate_false:2127,0,,0,1,20.434456877410412,10.205341037362814
xair,plc_conditional,1,pause,,1,2128,2128,2129,0,12,1161,1,published_after_gate_recheck,refused:version_changed:2129,0,,0,1,20.821142941713333,12.26262329146266
xair_atomic,plc_plain,1,pause,,1,2130,2130,2131,0,12,1162,1,authorization_committed,executed:PAUSED:2131,1,PAUSED,1,0,19.369288813322783,12.412894051522017
xair,plc_conditional,1,pause,,1,2132,2132,2133,0,10,1163,1,published_after_gate_recheck,refused:version_changed:2133,0,,0,1,24.8844176530838,10.267048142850399
xair_atomic,plc_predicate,0,,,1,2134,2134,2134,0,,1164,1,authorization_committed,executed:RUN:2134,1,RUN,0,0,25.307923089712858,
xair,plc_plain,1,pause,,1,2134,2134,2135,0,16,1165,1,published_after_gate_recheck,executed:PAUSED:2135,1,PAUSED,1,0,25.044407695531845,16.159935854375362
xair,plc_predicate,1,pause,,1,2136,,,0,2,1166,0,read_set_version_changed_at_gate,,0,,0,0,18.515727017074823,2.2482392378151417
xair,plc_conditional,1,pause,,1,2138,2138,2139,0,10,1167,1,published_after_gate_recheck,refused:version_changed:2139,0,,0,1,21.575008053332567,10.164714884012938
xair_atomic,plc_predicate,1,pause,,1,2140,,,0,0,1168,0,read_set_version_changed_at_commit,,0,,0,0,13.71716195717454,0.32076193019747734
xair_atomic,plc_predicate,1,pause,,1,2142,2142,2143,0,12,1169,1,authorization_committed,refused:predicate_false:2143,0,,0,1,19.26005305722356,12.18641921877861
xair_atomic,plc_predicate,1,pause,,1,2144,2144,2145,0,14,1170,1,authorization_committed,refused:predicate_false:2145,0,,0,1,22.172959055751562,14.259119052439928
xair,plc_predicate,1,pause,,1,2146,,,0,4,1171,0,read_set_version_changed_at_gate,,0,,0,0,19.28631216287613,4.208107013255358
xair,plc_conditional,1,pause,,1,2148,2148,2149,0,4,1172,1,published_after_gate_recheck,refused:version_changed:2149,0,,0,1,22.82368205487728,4.202095791697502
xair_atomic,plc_predicate,1,pause,,1,2150,2150,2150,0,30,1173,1,authorization_committed,executed:RUN:2150,1,RUN,0,0,25.364969857037067,30.210963916033506
xair_atomic,plc_predicate,1,pause,,1,2152,2152,2153,0,16,1174,1,authorization_committed,refused:predicate_false:2153,0,,0,1,21.5545492246747,16.418981831520796
xair,plc_predicate,1,pause,,1,2154,2154,2155,0,12,1175,1,published_after_gate_recheck,refused:predicate_false:2155,0,,0,1,23.862420115619898,12.247984297573566
xair,plc_predicate,1,pause,,1,2156,2156,2157,0,6,1176,1,published_after_gate_recheck,refused:predicate_false:2157,0,,0,1,19.164053723216057,6.201358046382666
xair,plc_conditional,0,,,1,2158,2158,2158,0,,1177,1,published_after_gate_recheck,executed:RUN:2158,1,RUN,0,0,17.411614768207073,
xair,plc_conditional,1,pause,,1,2158,,,0,0,1178,0,read_set_version_changed_at_gate,,0,,0,0,16.592588275671005,0.27397507801651955
xair,plc_plain,1,pause,,1,2160,2160,2161,0,8,1179,1,published_after_gate_recheck,executed:PAUSED:2161,1,PAUSED,1,0,25.830994825810194,8.187704719603062
xair_atomic,plc_conditional,1,pause,,1,2162,2162,2163,0,14,1180,1,authorization_committed,refused:version_changed:2163,0,,0,1,23.380024824291468,14.475995674729347
xair,plc_predicate,1,pause,,1,2164,,,0,2,1181,0,read_set_version_changed_at_gate,,0,,0,0,19.057784229516983,2.243340015411377
xair,plc_plain,1,pause,,1,2166,2166,2166,0,14,1182,1,published_after_gate_recheck,executed:RUN:2166,1,RUN,0,0,24.45334941148758,17.284154891967773
xair_atomic,plc_predicate,1,pause,,1,2168,2168,2168,0,16,1183,1,authorization_committed,executed:RUN:2168,1,RUN,0,0,20.039825700223446,16.227382235229015
xair_atomic,plc_predicate,1,pause,,1,2170,2170,2171,0,12,1184,1,authorization_committed,refused:predicate_false:2171,0,,0,1,21.551151759922504,12.166111264377832
xair,plc_conditional,1,pause,,1,2172,2172,2172,0,16,1185,1,published_after_gate_recheck,executed:RUN:2172,1,RUN,0,0,21.149499341845512,16.16774033755064
xair,plc_conditional,1,pause,,1,2174,2174,2174,0,16,1186,1,published_after_gate_recheck,executed:RUN:2174,1,RUN,0,0,22.21626089885831,16.41170820221305
xair,plc_conditional,1,pause,,1,2176,2176,2177,0,8,1187,1,published_after_gate_recheck,refused:version_changed:2177,0,,0,1,20.50091326236725,8.245413657277822
xair,plc_conditional,1,pause,,1,2178,,,0,2,1188,0,read_set_version_changed_at_gate,,0,,0,0,18.116788007318974,2.2153379395604134
xair,plc_conditional,0,,,1,2180,2180,2180,0,,1189,1,published_after_gate_recheck,executed:RUN:2180,1,RUN,0,0,28.61007023602724,
xair_atomic,plc_conditional,0,,,1,2180,2180,2180,0,,1190,1,authorization_committed,executed:RUN:2180,1,RUN,0,0,16.886058263480663,
xair,plc_conditional,1,pause,,1,2180,,,0,2,1191,0,read_set_version_changed_at_gate,,0,,0,0,19.042625091969967,2.2354042157530785
xair,plc_plain,1,pause,,1,2182,2182,2183,0,14,1192,1,published_after_gate_recheck,executed:PAUSED:2183,1,PAUSED,1,0,24.30350799113512,14.189377892762423
xair,plc_plain,1,pause,,1,2184,2184,2185,0,14,1193,1,published_after_gate_recheck,executed:PAUSED:2185,1,PAUSED,1,0,21.391131915152073,14.201750978827477
xair_atomic,plc_plain,1,pause,,1,2186,,,0,0,1194,0,read_set_version_changed_at_commit,,0,,0,0,13.836134690791368,0.26367511600255966
xair_atomic,plc_predicate,1,pause,,1,2188,2188,2188,0,30,1195,1,authorization_committed,executed:RUN:2188,1,RUN,0,0,23.4591132029891,30.181217938661575
xair,plc_predicate,0,,,1,2190,2190,2190,0,,1196,1,published_after_gate_recheck,executed:RUN:2190,1,RUN,0,0,24.87057214602828,
xair,plc_plain,1,pause,,1,2190,2190,2191,0,12,1197,1,published_after_gate_recheck,executed:PAUSED:2191,1,PAUSED,1,0,20.664960145950317,12.251991778612137
xair_atomic,plc_predicate,1,pause,,1,2192,2192,2193,0,6,1198,1,authorization_committed,refused:predicate_false:2193,0,,0,1,18.477914854884148,6.220502778887749
xair_atomic,plc_conditional,1,pause,,1,2194,2194,2195,0,12,1199,1,authorization_committed,refused:version_changed:2195,0,,0,1,18.447227776050568,12.236954178661108
xair_atomic,plc_conditional,1,pause,,1,2196,2196,2197,0,16,1200,1,authorization_committed,refused:version_changed:2197,0,,0,1,21.613890305161476,16.239624936133623
xair_atomic,plc_conditional,1,pause,,1,2198,2198,2199,0,12,1201,1,authorization_committed,refused:version_changed:2199,0,,0,1,22.7620848454535,12.218348681926727
xair_atomic,plc_plain,1,pause,,1,2200,2200,2200,0,16,1202,1,authorization_committed,executed:RUN:2200,1,RUN,0,0,18.033853266388178,16.20198506861925
xair_atomic,plc_conditional,1,pause,,1,2202,,,0,4,1203,0,read_set_version_changed_at_commit,,0,,0,0,17.18703331425786,4.215161316096783
xair_atomic,plc_conditional,1,pause,,1,2204,2204,2204,0,20,1204,1,authorization_committed,executed:RUN:2204,1,RUN,0,0,17.50722387805581,20.387128926813602
xair,plc_predicate,0,,,1,2206,2206,2206,0,,1205,1,published_after_gate_recheck,executed:RUN:2206,1,RUN,0,0,28.809573967009783,
xair,plc_predicate,1,pause,,1,2206,2206,2206,0,20,1206,1,published_after_gate_recheck,executed:RUN:2206,1,RUN,0,0,21.51925303041935,20.348495803773403
xair,plc_conditional,1,pause,,1,2208,2208,2209,0,16,1207,1,published_after_gate_recheck,refused:version_changed:2209,0,,0,1,28.227953240275383,16.27760659903288
xair_atomic,plc_predicate,1,pause,,1,2210,,,0,0,1208,0,read_set_version_changed_at_commit,,0,,0,0,16.111215110868216,0.33096084371209145
xair,plc_conditional,1,pause,,1,2212,2212,2212,0,16,1209,1,published_after_gate_recheck,executed:RUN:2212,1,RUN,0,0,22.36507087945938,17.844597343355417
xair,plc_plain,1,pause,,1,2214,2214,2215,0,12,1210,1,published_after_gate_recheck,executed:PAUSED:2215,1,PAUSED,1,0,22.081377916038036,12.296295259147882
xair_atomic,plc_conditional,1,pause,,1,2216,,,0,0,1211,0,read_set_version_changed_at_commit,,0,,0,0,15.612308401614428,0.3912337124347687
xair,plc_plain,1,pause,,1,2218,2218,2218,0,30,1212,1,published_after_gate_recheck,executed:RUN:2218,1,RUN,0,0,23.401425685733557,30.23275500163436
xair_atomic,plc_conditional,1,pause,,1,2220,2220,2221,0,6,1213,1,authorization_committed,refused:version_changed:2221,0,,0,1,25.83424001932144,6.221675779670477
xair,plc_conditional,1,pause,,1,2222,2222,2223,0,12,1214,1,published_after_gate_recheck,refused:version_changed:2223,0,,0,1,22.16484397649765,12.179366312921047
xair_atomic,plc_conditional,1,pause,,1,2224,,,0,2,1215,0,read_set_version_changed_at_commit,,0,,0,0,14.074140693992376,2.202192787081003
xair,plc_conditional,1,pause,,1,2226,2226,2227,0,14,1216,1,published_after_gate_recheck,refused:version_changed:2227,0,,0,1,20.85132012143731,14.192784205079079
xair,plc_predicate,1,pause,,1,2228,2228,2229,0,16,1217,1,published_after_gate_recheck,refused:predicate_false:2229,0,,0,1,24.297817144542933,16.19414985179901
xair,plc_predicate,1,pause,,1,2230,2230,2230,0,20,1218,1,published_after_gate_recheck,executed:RUN:2230,1,RUN,0,0,22.2337837330997,20.21703915670514
xair_atomic,plc_plain,1,pause,,1,2232,2232,2233,0,8,1219,1,authorization_committed,executed:PAUSED:2233,1,PAUSED,1,0,26.54101699590683,8.188527077436447
xair_atomic,plc_predicate,1,pause,,1,2234,2234,2235,0,12,1220,1,authorization_committed,refused:predicate_false:2235,0,,0,1,16.724695917218924,12.337252032011747
xair,plc_predicate,1,pause,,1,2236,2236,2237,0,6,1221,1,published_after_gate_recheck,refused:predicate_false:2237,0,,0,1,23.987474851310253,6.222176365554333
xair,plc_plain,1,pause,,1,2238,2238,2239,0,8,1222,1,published_after_gate_recheck,executed:PAUSED:2239,1,PAUSED,1,0,28.362304903566837,9.41278412938118
xair,plc_predicate,1,pause,,1,2240,2240,2240,0,30,1223,1,published_after_gate_recheck,executed:RUN:2240,1,RUN,0,0,26.893488597124815,30.349083244800568
xair,plc_predicate,1,pause,,1,2242,2242,2243,0,6,1224,1,published_after_gate_recheck,refused:predicate_false:2243,0,,0,1,22.003591991961002,6.265167146921158
xair,plc_predicate,1,pause,,1,2244,,,0,2,1225,0,read_set_version_changed_at_gate,,0,,0,0,18.64492893218994,2.2581969387829304
xair_atomic,plc_plain,1,pause,,1,2246,2246,2247,0,12,1226,1,authorization_committed,executed:PAUSED:2247,1,PAUSED,1,0,21.092873066663742,12.209491804242134
xair_atomic,plc_conditional,1,pause,,1,2248,2248,2249,0,6,1227,1,authorization_committed,refused:version_changed:2249,0,,0,1,22.821628022938967,6.2742638401687145
xair_atomic,plc_predicate,1,pause,,1,2250,2250,2250,0,14,1228,1,authorization_committed,executed:RUN:2250,1,RUN,0,0,18.450584262609482,14.354147017002106
xair,plc_plain,1,pause,,1,2252,2252,2253,0,12,1229,1,published_after_gate_recheck,executed:PAUSED:2253,1,PAUSED,1,0,22.968281991779804,12.23833579570055
xair,plc_conditional,1,pause,,1,2254,2254,2255,0,6,1230,1,published_after_gate_recheck,refused:version_changed:2255,0,,0,1,27.00515789911151,6.251261103898287
xair_atomic,plc_predicate,1,pause,,1,2256,2256,2257,0,12,1231,1,authorization_committed,refused:predicate_false:2257,0,,0,1,24.950792081654072,12.23756605759263
xair,plc_plain,1,pause,,1,2258,,,0,0,1232,0,read_set_version_changed_at_gate,,0,,0,0,16.58889139071107,0.3575109876692295
xair,plc_plain,1,pause,,1,2260,2260,2261,0,10,1233,1,published_after_gate_recheck,executed:PAUSED:2261,1,PAUSED,1,0,22.728512063622475,10.247391182929277
xair,plc_conditional,1,pause,,1,2262,2262,2263,0,14,1234,1,published_after_gate_recheck,refused:version_changed:2263,0,,0,1,27.956342790275812,14.286169782280922
xair,plc_plain,1,pause,,1,2264,2264,2265,0,8,1235,1,published_after_gate_recheck,executed:PAUSED:2265,1,PAUSED,1,0,18.642254173755646,8.204296231269836
xair_atomic,plc_conditional,1,pause,,1,2266,,,0,2,1236,0,read_set_version_changed_at_commit,,0,,0,0,15.097732190042734,2.175753004848957
xair_atomic,plc_plain,1,pause,,1,2268,2268,2268,0,20,1237,1,authorization_committed,executed:RUN:2268,1,RUN,0,0,22.331617772579193,20.243437960743904
xair_atomic,plc_predicate,1,pause,,1,2270,2270,2271,0,10,1238,1,authorization_committed,refused:predicate_false:2271,0,,0,1,17.766911070793867,10.24405425414443
xair_atomic,plc_plain,1,pause,,1,2272,2272,2273,0,14,1239,1,authorization_committed,executed:PAUSED:2273,1,PAUSED,1,0,22.641048301011324,14.172155875712633
xair_atomic,plc_plain,1,pause,,1,2274,2274,2275,0,14,1240,1,authorization_committed,executed:PAUSED:2275,1,PAUSED,1,0,22.31160970404744,14.185159932821989
xair_atomic,plc_plain,1,pause,,1,2276,2276,2277,0,12,1241,1,authorization_committed,executed:PAUSED:2277,1,PAUSED,1,0,21.363510750234127,12.185247149318457
xair,plc_predicate,1,pause,,1,2278,,,0,0,1242,0,read_set_version_changed_at_gate,,0,,0,0,18.298859242349863,0.5154977552592754
xair,plc_conditional,1,pause,,1,2280,2280,2281,0,12,1243,1,published_after_gate_recheck,refused:version_changed:2281,0,,0,1,24.621153715997934,12.225363403558731
xair_atomic,plc_predicate,1,pause,,1,2282,2282,2283,0,14,1244,1,authorization_committed,refused:predicate_false:2283,0,,0,1,23.9200578071177,14.577797148376703
xair_atomic,plc_predicate,1,pause,,1,2284,,,0,0,1245,0,precondition_failed: line.state == 'RUN',,0,,0,0,12.639318592846394,0.26137102395296097
xair_atomic,plc_conditional,1,pause,,1,2286,,,0,0,1246,0,read_set_version_changed_at_commit,,0,,0,0,13.802402187138796,0.2338089980185032
xair,plc_predicate,1,pause,,1,2288,2288,2288,0,20,1247,1,published_after_gate_recheck,executed:RUN:2288,1,RUN,0,0,27.174755930900574,20.300445146858692
xair_atomic,plc_plain,1,pause,,1,2290,,,0,2,1248,0,read_set_version_changed_at_commit,,0,,0,0,15.943069010972977,2.247478347271681
xair_atomic,plc_conditional,0,,,1,2292,2292,2292,0,,1249,1,authorization_committed,executed:RUN:2292,1,RUN,0,0,19.675843883305788,
xair_atomic,plc_plain,1,pause,,1,2292,,,0,2,1250,0,read_set_version_changed_at_commit,,0,,0,0,16.562360804527998,2.219224814325571
xair,plc_plain,1,pause,,1,2294,2294,2295,0,14,1251,1,published_after_gate_recheck,executed:PAUSED:2295,1,PAUSED,1,0,26.736503932625055,14.3426563590765
xair_atomic,plc_plain,1,pause,,1,2296,2296,2297,0,6,1252,1,authorization_committed,executed:PAUSED:2297,1,PAUSED,1,0,24.898734875023365,6.385602988302708
xair,plc_conditional,1,pause,,1,2298,,,0,2,1253,0,read_set_version_changed_at_gate,,0,,0,0,20.411865320056677,2.261172980070114
xair,plc_plain,1,pause,,1,2300,,,0,4,1254,0,read_set_version_changed_at_gate,,0,,0,0,21.5888237580657,4.282586742192507
xair_atomic,plc_predicate,0,,,1,2302,2302,2302,0,,1255,1,authorization_committed,executed:RUN:2302,1,RUN,0,0,25.325076188892126,
xair,plc_plain,1,pause,,1,2302,2302,2302,0,20,1256,1,published_after_gate_recheck,executed:RUN:2302,1,RUN,0,0,25.123116094619036,20.24522190913558
xair_atomic,plc_predicate,1,pause,,1,2304,2304,2304,0,14,1257,1,authorization_committed,executed:RUN:2304,1,RUN,0,0,16.51958003640175,14.219795353710651
xair,plc_plain,1,pause,,1,2306,2306,2306,0,20,1258,1,published_after_gate_recheck,executed:RUN:2306,1,RUN,0,0,21.015607751905918,20.2309750020504
xair_atomic,plc_plain,1,pause,,1,2308,2308,2309,0,6,1259,1,authorization_committed,executed:PAUSED:2309,1,PAUSED,1,0,25.465488899499178,6.2170070596039295
xair_atomic,plc_plain,1,pause,,1,2310,,,0,4,1260,0,read_set_version_changed_at_commit,,0,,0,0,17.09255576133728,4.204470198601484
xair_atomic,plc_plain,1,pause,,1,2312,2312,2313,0,6,1261,1,authorization_committed,executed:PAUSED:2313,1,PAUSED,1,0,18.266839906573296,6.369342096149921
xair_atomic,plc_predicate,1,pause,,1,2314,2314,2315,0,16,1262,1,authorization_committed,refused:predicate_false:2315,0,,0,1,24.968145415186882,16.30629086866975
xair,plc_predicate,1,pause,,1,2316,2316,2317,0,8,1263,1,published_after_gate_recheck,refused:predicate_false:2317,0,,0,1,24.867416359484196,8.177025243639946
xair_atomic,plc_predicate,1,pause,,1,2318,2318,2318,0,30,1264,1,authorization_committed,executed:RUN:2318,1,RUN,0,0,22.87370478734374,30.213328078389168
xair_atomic,plc_conditional,1,pause,,1,2320,2320,2321,0,8,1265,1,authorization_committed,refused:version_changed:2321,0,,0,1,18.740668892860413,8.242398034781218
xair,plc_predicate,1,pause,,1,2322,2322,2323,0,6,1266,1,published_after_gate_recheck,refused:predicate_false:2323,0,,0,1,25.650196243077517,6.179336458444595
xair_atomic,plc_predicate,1,pause,,1,2324,,,0,0,1267,0,precondition_failed: line.state == 'RUN',,0,,0,0,13.696503359824419,0.3015650436282158
xair_atomic,plc_conditional,1,pause,,1,2326,2326,2327,0,10,1268,1,authorization_committed,refused:version_changed:2327,0,,0,1,20.097244065254927,10.097770020365715
xair,plc_predicate,1,pause,,1,2328,2328,2329,0,10,1269,1,published_after_gate_recheck,refused:predicate_false:2329,0,,0,1,20.527932792901993,10.131243150681257
xair,plc_plain,1,pause,,1,2330,2330,2331,0,4,1270,1,published_after_gate_recheck,executed:PAUSED:2331,1,PAUSED,1,0,26.607352308928967,4.428079817444086
xair_atomic,plc_plain,1,pause,,1,2332,,,0,2,1271,0,precondition_failed: line.state == 'RUN',,0,,0,0,13.780339621007442,2.301077824085951
xair_atomic,plc_predicate,1,pause,,1,2334,2334,2335,0,12,1272,1,authorization_committed,refused:predicate_false:2335,0,,0,1,24.224890861660242,12.261699885129929
xair,plc_plain,1,pause,,1,2336,,,0,2,1273,0,read_set_version_changed_at_gate,,0,,0,0,17.815672792494297,2.1706540137529373
xair_atomic,plc_conditional,1,pause,,1,2338,2338,2338,0,20,1274,1,authorization_committed,executed:RUN:2338,1,RUN,0,0,17.401495948433876,20.15861961990595
xair,plc_predicate,1,pause,,1,2340,2340,2341,0,12,1275,1,published_after_gate_recheck,refused:predicate_false:2341,0,,0,1,26.764175854623318,12.192409951239824
xair_atomic,plc_conditional,1,pause,,1,2342,2342,2343,0,10,1276,1,authorization_committed,refused:version_changed:2343,0,,0,1,15.23798517882824,10.165405925363302
xair,plc_conditional,1,pause,,1,2344,2344,2344,0,30,1277,1,published_after_gate_recheck,executed:RUN:2344,1,RUN,0,0,24.039001669734716,30.175989028066397
xair_atomic,plc_plain,1,pause,,1,2346,2346,2347,0,6,1278,1,authorization_committed,executed:PAUSED:2347,1,PAUSED,1,0,17.764597199857235,6.171881686896086
xair,plc_predicate,1,pause,,1,2348,2348,2348,0,20,1279,1,published_after_gate_recheck,executed:RUN:2348,1,RUN,0,0,22.06134982407093,20.179699175059795
xair,plc_conditional,1,pause,,1,2350,2350,2351,0,8,1280,1,published_after_gate_recheck,refused:version_changed:2351,0,,0,1,26.831071358174086,8.167237043380737
xair_atomic,plc_conditional,1,pause,,1,2352,2352,2353,0,8,1281,1,authorization_committed,refused:version_changed:2353,0,,0,1,24.967663921415806,8.168709930032492
xair,plc_predicate,0,,,1,2354,2354,2354,0,,1282,1,published_after_gate_recheck,executed:RUN:2354,1,RUN,0,0,19.793524406850338,
xair_atomic,plc_predicate,1,pause,,1,2354,2354,2354,0,30,1283,1,authorization_committed,executed:RUN:2354,1,RUN,0,0,19.782323855906725,30.35341203212738
xair_atomic,plc_conditional,1,pause,,1,2356,2356,2357,0,12,1284,1,authorization_committed,refused:version_changed:2357,0,,0,1,26.410802267491817,12.18548696488142
xair_atomic,plc_predicate,1,pause,,1,2358,2358,2359,0,8,1285,1,authorization_committed,refused:predicate_false:2359,0,,0,1,17.756471876055002,8.234061766415834
xair_atomic,plc_plain,1,pause,,1,2360,2360,2361,0,8,1286,1,authorization_committed,executed:PAUSED:2361,1,PAUSED,1,0,22.78823498636484,8.190590888261795
xair_atomic,plc_predicate,1,pause,,1,2362,2362,2363,0,8,1287,1,authorization_committed,refused:predicate_false:2363,0,,0,1,17.592444084584713,8.473060093820095
xair_atomic,plc_plain,1,pause,,1,2364,2364,2364,0,30,1288,1,authorization_committed,executed:RUN:2364,1,RUN,0,0,22.977178916335106,30.152614694088697
xair,plc_plain,1,pause,,1,2366,2366,2367,0,4,1289,1,published_after_gate_recheck,executed:PAUSED:2367,1,PAUSED,1,0,23.64694606512785,4.282637033611536
xair_atomic,plc_conditional,0,,,1,2368,2368,2368,0,,1290,1,authorization_committed,executed:RUN:2368,1,RUN,0,0,24.774260818958282,
xair,plc_conditional,1,pause,,1,2368,2368,2368,0,20,1291,1,published_after_gate_recheck,executed:RUN:2368,1,RUN,0,0,25.102697778493166,20.21331200376153
xair_atomic,plc_plain,1,pause,,1,2370,2370,2371,0,6,1292,1,authorization_committed,executed:PAUSED:2371,1,PAUSED,1,0,18.52881070226431,6.166902836412191
xair,plc_predicate,1,pause,,1,2372,2372,2373,0,6,1293,1,published_after_gate_recheck,refused:predicate_false:2373,0,,0,1,21.076662000268698,6.160481367260218
xair,plc_plain,1,pause,,1,2374,2374,2375,0,10,1294,1,published_after_gate_recheck,executed:PAUSED:2375,1,PAUSED,1,0,28.117054607719183,10.167491156607866
xair,plc_conditional,1,pause,,1,2376,2376,2377,0,10,1295,1,published_after_gate_recheck,refused:version_changed:2377,0,,0,1,26.800003368407488,10.15865383669734
xair_atomic,plc_predicate,0,,,1,2378,2378,2378,0,,1296,1,authorization_committed,executed:RUN:2378,1,RUN,0,0,25.955157820135355,
xair,plc_predicate,0,,,1,2378,2378,2378,0,,1297,1,published_after_gate_recheck,executed:RUN:2378,1,RUN,0,0,25.082118809223175,
xair_atomic,plc_predicate,1,pause,,1,2378,,,0,2,1298,0,read_set_version_changed_at_commit,,0,,0,0,15.795441810041666,2.1847402676939964
xair,plc_plain,1,pause,,1,2380,2380,2381,0,14,1299,1,published_after_gate_recheck,executed:PAUSED:2381,1,PAUSED,1,0,25.035602040588856,14.31567408144474
xair_atomic,plc_predicate,1,pause,,1,2382,2382,2383,0,14,1300,1,authorization_committed,refused:predicate_false:2383,0,,0,1,18.85215798392892,14.223532285541296
xair_atomic,plc_plain,1,pause,,1,2384,2384,2385,0,12,1301,1,authorization_committed,executed:PAUSED:2385,1,PAUSED,1,0,19.490094855427742,12.214352376759052
xair,plc_predicate,1,pause,,1,2386,2386,2387,0,6,1302,1,published_after_gate_recheck,refused:predicate_false:2387,0,,0,1,25.302923750132322,6.186941172927618
xair_atomic,plc_predicate,1,pause,,1,2388,2388,2388,0,20,1303,1,authorization_committed,executed:RUN:2388,1,RUN,0,0,14.526340179145336,20.172705873847008
xair,plc_plain,1,pause,,1,2390,2390,2391,0,6,1304,1,published_after_gate_recheck,executed:PAUSED:2391,1,PAUSED,1,0,25.14217095449567,6.131365895271301
xair,plc_predicate,1,pause,,1,2392,2392,2393,0,14,1305,1,published_after_gate_recheck,refused:predicate_false:2393,0,,0,1,26.8694837577641,14.15798906236887
xair,plc_predicate,1,pause,,1,2394,2394,2395,0,8,1306,1,published_after_gate_recheck,refused:predicate_false:2395,0,,0,1,26.721815578639507,8.144854102283716
xair,plc_plain,1,pause,,1,2396,2396,2397,0,10,1307,1,published_after_gate_recheck,executed:PAUSED:2397,1,PAUSED,1,0,28.150707948952913,10.27348916977644
xair,plc_predicate,1,pause,,1,2398,2398,2399,0,14,1308,1,published_after_gate_recheck,refused:predicate_false:2399,0,,0,1,27.74089900776744,14.180360827594995
xair,plc_plain,1,pause,,1,2400,2400,2401,0,10,1309,1,published_after_gate_recheck,executed:PAUSED:2401,1,PAUSED,1,0,28.89278018847108,10.163933970034122
xair,plc_conditional,1,pause,,1,2402,2402,2403,0,10,1310,1,published_after_gate_recheck,refused:version_changed:2403,0,,0,1,25.678778998553753,10.171357076615095
xair_atomic,plc_predicate,1,pause,,1,2404,2404,2404,0,16,1311,1,authorization_committed,executed:RUN:2404,1,RUN,0,0,15.656201168894768,16.162640415132046
xair,plc_conditional,1,pause,,1,2406,,,0,0,1312,0,read_set_version_changed_at_gate,,0,,0,0,16.625879798084497,0.20614685490727425
xair_atomic,plc_conditional,0,,,1,2408,2408,2408,0,,1313,1,authorization_committed,executed:RUN:2408,1,RUN,0,0,16.866702120751143,
xair_atomic,plc_conditional,1,pause,,1,2408,,,0,4,1314,0,read_set_version_changed_at_commit,,0,,0,0,17.143812030553818,4.195222165435553
xair_atomic,plc_plain,1,pause,,1,2410,2410,2411,0,10,1315,1,authorization_committed,executed:PAUSED:2411,1,PAUSED,1,0,23.612902034074068,10.164093691855669
xair,plc_plain,0,,,1,2412,2412,2412,0,,1316,1,published_after_gate_recheck,executed:RUN:2412,1,RUN,0,0,20.0605858117342,
xair,plc_predicate,1,pause,,1,2412,2412,2413,0,6,1317,1,published_after_gate_recheck,refused:predicate_false:2413,0,,0,1,24.006960913538933,6.186420097947121
xair_atomic,plc_predicate,1,pause,,1,2414,2414,2415,0,10,1318,1,authorization_committed,refused:predicate_false:2415,0,,0,1,23.979749996215105,10.183430276811123
xair,plc_conditional,1,pause,,1,2416,2416,2416,0,14,1319,1,published_after_gate_recheck,executed:RUN:2416,1,RUN,0,0,23.2228497043252,14.17667418718338
xair,plc_conditional,1,pause,,1,2418,2418,2419,0,12,1320,1,published_after_gate_recheck,refused:version_changed:2419,0,,0,1,29.47260905057192,12.196749448776245
xair,plc_plain,0,,,1,2420,2420,2420,0,,1321,1,published_after_gate_recheck,executed:RUN:2420,1,RUN,0,0,20.9174039773643,
xair,plc_plain,1,pause,,1,2420,,,0,2,1322,0,read_set_version_changed_at_gate,,0,,0,0,17.46243005618453,2.1927347406744957
xair_atomic,plc_conditional,1,pause,,1,2422,2422,2423,0,10,1323,1,authorization_committed,refused:version_changed:2423,0,,0,1,20.449325907975435,10.17758995294571
xair_atomic,plc_plain,1,pause,,1,2424,2424,2425,0,10,1324,1,authorization_committed,executed:PAUSED:2425,1,PAUSED,1,0,22.695109713822603,10.164224077016115
xair,plc_conditional,0,,,1,2426,2426,2426,0,,1325,1,published_after_gate_recheck,executed:RUN:2426,1,RUN,0,0,20.349909085780382,
xair,plc_predicate,1,pause,,1,2426,,,0,4,1326,0,read_set_version_changed_at_gate,,0,,0,0,19.302483182400465,4.1664293967187405
xair,plc_conditional,1,pause,,1,2428,2428,2428,0,20,1327,1,published_after_gate_recheck,executed:RUN:2428,1,RUN,0,0,22.466040216386318,20.180581137537956
xair,plc_plain,1,pause,,1,2430,2430,2431,0,6,1328,1,published_after_gate_recheck,executed:PAUSED:2431,1,PAUSED,1,0,21.11004525795579,6.171370856463909
xair_atomic,plc_plain,1,pause,,1,2432,2432,2433,0,10,1329,1,authorization_committed,executed:PAUSED:2433,1,PAUSED,1,0,15.039083082228899,10.17678715288639
xair_atomic,plc_predicate,1,pause,,1,2434,2434,2435,0,10,1330,1,authorization_committed,refused:predicate_false:2435,0,,0,1,23.42888666316867,10.168642271310091
xair_atomic,plc_predicate,1,pause,,1,2436,2436,2436,0,30,1331,1,authorization_committed,executed:RUN:2436,1,RUN,0,0,16.745323780924082,30.178682878613472
xair_atomic,plc_plain,1,pause,,1,2438,2438,2439,0,12,1332,1,authorization_committed,executed:PAUSED:2439,1,PAUSED,1,0,23.318239022046328,13.39184120297432
xair,plc_plain,1,pause,,1,2440,2440,2441,0,12,1333,1,published_after_gate_recheck,executed:PAUSED:2441,1,PAUSED,1,0,21.447779145091772,12.22032168880105
xair_atomic,plc_plain,1,pause,,1,2442,2442,2443,0,12,1334,1,authorization_committed,executed:PAUSED:2443,1,PAUSED,1,0,19.399235025048256,12.315250933170319
xair,plc_plain,1,pause,,1,2444,2444,2444,0,30,1335,1,published_after_gate_recheck,executed:RUN:2444,1,RUN,0,0,22.73785974830389,30.319137033075094
xair,plc_predicate,1,pause,,1,2446,2446,2447,0,6,1336,1,published_after_gate_recheck,refused:predicate_false:2447,0,,0,1,28.142301831394434,6.220984272658825
xair,plc_predicate,1,pause,,1,2448,2448,2448,0,20,1337,1,published_after_gate_recheck,executed:RUN:2448,1,RUN,0,0,27.719067875295877,20.222339779138565
xair_atomic,plc_conditional,1,pause,,1,2450,2450,2451,0,12,1338,1,authorization_committed,refused:version_changed:2451,0,,0,1,19.28138267248869,12.351299170404673
xair_atomic,plc_predicate,1,pause,,1,2452,2452,2453,0,4,1339,1,authorization_committed,refused:predicate_false:2453,0,,0,1,21.375283133238554,4.21245489269495
xair_atomic,plc_predicate,1,pause,,1,2454,,,0,2,1340,0,read_set_version_changed_at_commit,,0,,0,0,16.13430818542838,2.3844349198043346
xair_atomic,plc_predicate,1,pause,,1,2456,2456,2457,0,4,1341,1,authorization_committed,refused:predicate_false:2457,0,,0,1,19.98942205682397,4.211824387311935
xair_atomic,plc_conditional,1,pause,,1,2458,2458,2458,0,20,1342,1,authorization_committed,executed:RUN:2458,1,RUN,0,0,17.13400287553668,20.176673773676157
xair_atomic,plc_plain,1,pause,,1,2460,2460,2461,0,12,1343,1,authorization_committed,executed:PAUSED:2461,1,PAUSED,1,0,23.934595752507448,12.174957897514105
xair_atomic,plc_plain,1,pause,,1,2462,2462,2462,0,14,1344,1,authorization_committed,executed:RUN:2462,1,RUN,0,0,18.18651892244816,14.19407594949007
xair_atomic,plc_plain,1,pause,,1,2464,,,0,0,1345,0,read_set_version_changed_at_commit,,0,,0,0,12.608040124177933,0.23119430989027023
xair_atomic,plc_conditional,1,pause,,1,2466,2466,2467,0,16,1346,1,authorization_committed,refused:version_changed:2467,0,,0,1,23.07918993756175,16.160937026143074
xair_atomic,plc_conditional,1,pause,,1,2468,,,0,2,1347,0,read_set_version_changed_at_commit,,0,,0,0,15.897013247013092,2.2019618190824986
xair,plc_predicate,1,pause,,1,2470,2470,2470,0,30,1348,1,published_after_gate_recheck,executed:RUN:2470,1,RUN,0,0,25.819943752139807,30.16681130975485
xair_atomic,plc_conditional,1,pause,,1,2472,2472,2473,0,14,1349,1,authorization_committed,refused:version_changed:2473,0,,0,1,19.37570096924901,14.175201300531626
xair_atomic,plc_conditional,1,pause,,1,2474,2474,2475,0,6,1350,1,authorization_committed,refused:version_changed:2475,0,,0,1,20.890584215521812,6.163165904581547
xair,plc_predicate,1,pause,,1,2476,,,0,0,1351,0,read_set_version_changed_at_gate,,0,,0,0,17.392588779330254,0.20750006660819054
xair,plc_conditional,1,pause,,1,2478,2478,2478,0,20,1352,1,published_after_gate_recheck,executed:RUN:2478,1,RUN,0,0,23.599186912178993,20.17271611839533
xair_atomic,plc_conditional,1,pause,,1,2480,2480,2481,0,12,1353,1,authorization_committed,refused:version_changed:2481,0,,0,1,26.2045762501657,12.314069084823132
xair_atomic,plc_conditional,1,pause,,1,2482,,,0,2,1354,0,read_set_version_changed_at_commit,,0,,0,0,15.320781152695417,2.216560300439596
xair,plc_plain,1,pause,,1,2484,2484,2485,0,14,1355,1,published_after_gate_recheck,executed:PAUSED:2485,1,PAUSED,1,0,23.01633171737194,14.155174139887094
xair,plc_conditional,1,pause,,1,2486,2486,2487,0,12,1356,1,published_after_gate_recheck,refused:version_changed:2487,0,,0,1,22.33222872018814,12.19230005517602
xair,plc_plain,1,pause,,1,2488,,,0,0,1357,0,read_set_version_changed_at_gate,,0,,0,0,18.0690991692245,0.512292142957449
xair,plc_conditional,1,pause,,1,2490,2490,2491,0,12,1358,1,published_after_gate_recheck,refused:version_changed:2491,0,,0,1,24.099815636873245,12.175348587334156
xair_atomic,plc_plain,1,pause,,1,2492,2492,2493,0,10,1359,1,authorization_committed,executed:PAUSED:2493,1,PAUSED,1,0,14.815141912549734,10.185523889958858
xair,plc_plain,1,pause,,1,2494,2494,2494,0,20,1360,1,published_after_gate_recheck,executed:RUN:2494,1,RUN,0,0,23.40756729245186,20.165702793747187
xair,plc_plain,1,pause,,1,2496,,,0,4,1361,0,read_set_version_changed_at_gate,,0,,0,0,20.610186737030745,4.142633639276028
xair,plc_predicate,1,pause,,1,2498,2498,2499,0,10,1362,1,published_after_gate_recheck,refused:predicate_false:2499,0,,0,1,19.8968593031168,10.289999656379223
xair_atomic,plc_predicate,1,pause,,1,2500,2500,2501,0,12,1363,1,authorization_committed,refused:predicate_false:2501,0,,0,1,18.820709083229303,12.250709813088179
xair_atomic,plc_predicate,0,,,1,2502,2502,2502,0,,1364,1,authorization_committed,executed:RUN:2502,1,RUN,0,0,21.59686805680394,
xair,plc_predicate,1,pause,,1,2502,2502,2502,0,30,1365,1,published_after_gate_recheck,executed:RUN:2502,1,RUN,0,0,25.85843624547124,30.222826171666384
xair_atomic,plc_predicate,1,pause,,1,2504,2504,2505,0,12,1366,1,authorization_committed,refused:predicate_false:2505,0,,0,1,20.57971991598606,12.211576104164124
xair,plc_conditional,1,pause,,1,2506,2506,2507,0,14,1367,1,published_after_gate_recheck,refused:version_changed:2507,0,,0,1,25.869166012853384,14.199156779795885
xair,plc_conditional,1,pause,,1,2508,,,0,4,1368,0,read_set_version_changed_at_gate,,0,,0,0,19.886097870767117,4.215800669044256
xair_atomic,plc_predicate,1,pause,,1,2510,2510,2511,0,8,1369,1,authorization_committed,refused:predicate_false:2511,0,,0,1,16.640387941151857,8.378413040190935
xair,plc_predicate,1,pause,,1,2512,2512,2513,0,14,1370,1,published_after_gate_recheck,refused:predicate_false:2513,0,,0,1,25.11803712695837,14.376229140907526
xair_atomic,plc_predicate,1,pause,,1,2514,2514,2515,0,16,1371,1,authorization_committed,refused:predicate_false:2515,0,,0,1,24.96175281703472,16.293105203658342
xair,plc_conditional,1,pause,,1,2516,2516,2516,0,30,1372,1,published_after_gate_recheck,executed:RUN:2516,1,RUN,0,0,23.77531724050641,30.30889807268977
xair_atomic,plc_plain,1,pause,,1,2518,2518,2519,0,6,1373,1,authorization_committed,executed:PAUSED:2519,1,PAUSED,1,0,25.439971126616,6.274504121392965
xair_atomic,plc_predicate,1,pause,,1,2520,,,0,2,1374,0,read_set_version_changed_at_commit,,0,,0,0,14.816654846072197,2.329912967979908
xair_atomic,plc_plain,1,pause,,1,2522,2522,2522,0,20,1375,1,authorization_committed,executed:RUN:2522,1,RUN,0,0,16.850681975483894,20.269627682864666
xair_atomic,plc_predicate,1,pause,,1,2524,2524,2525,0,12,1376,1,authorization_committed,refused:predicate_false:2525,0,,0,1,22.987497970461845,12.318457011133432
xair_atomic,plc_conditional,1,pause,,1,2526,2526,2527,0,4,1377,1,authorization_committed,refused:version_changed:2527,0,,0,1,17.849937081336975,4.237172193825245
xair,plc_conditional,1,pause,,1,2528,2528,2529,0,8,1378,1,published_after_gate_recheck,refused:version_changed:2529,0,,0,1,21.051235031336546,8.194917812943459
xair_atomic,plc_conditional,1,pause,,1,2530,,,0,4,1379,0,read_set_version_changed_at_commit,,0,,0,0,17.43533881381154,4.205332137644291
xair_atomic,plc_plain,1,pause,,1,2532,,,0,2,1380,0,read_set_version_changed_at_commit,,0,,0,0,14.633961953222752,2.177966758608818
xair,plc_plain,1,pause,,1,2534,2534,2535,0,14,1381,1,published_after_gate_recheck,executed:PAUSED:2535,1,PAUSED,1,0,26.570423040539026,14.172646217048168
xair_atomic,plc_conditional,1,pause,,1,2536,2536,2537,0,8,1382,1,authorization_committed,refused:version_changed:2537,0,,0,1,24.73517833277583,8.890673983842134
xair_atomic,plc_plain,0,,,1,2538,2538,2538,0,,1383,1,authorization_committed,executed:RUN:2538,1,RUN,0,0,18.327693920582533,
xair,plc_predicate,0,,,1,2538,2538,2538,0,,1384,1,published_after_gate_recheck,executed:RUN:2538,1,RUN,0,0,25.28694411739707,
xair_atomic,plc_plain,1,pause,,1,2538,2538,2538,0,30,1385,1,authorization_committed,executed:RUN:2538,1,RUN,0,0,18.35104776546359,30.26468539610505
xair_atomic,plc_plain,1,pause,,1,2540,2540,2540,0,20,1386,1,authorization_committed,executed:RUN:2540,1,RUN,0,0,23.001454304903746,20.232859067618847
xair,plc_plain,1,pause,,1,2542,2542,2542,0,14,1387,1,published_after_gate_recheck,executed:RUN:2542,1,RUN,0,0,21.222707349807024,14.188756234943867
xair,plc_predicate,1,pause,,1,2544,2544,2545,0,4,1388,1,published_after_gate_recheck,refused:predicate_false:2545,0,,0,1,22.027947939932346,4.241429269313812
xair,plc_conditional,1,pause,,1,2546,2546,2547,0,8,1389,1,published_after_gate_recheck,refused:version_changed:2547,0,,0,1,23.405874148011208,8.254390209913254
xair,plc_plain,1,pause,,1,2548,2548,2549,0,6,1390,1,published_after_gate_recheck,executed:PAUSED:2549,1,PAUSED,1,0,25.459627155214548,6.183394230902195
xair,plc_predicate,0,,,1,2550,2550,2550,0,,1391,1,published_after_gate_recheck,executed:RUN:2550,1,RUN,0,0,18.14001239836216,
xair_atomic,plc_plain,1,pause,,1,2550,2550,2550,0,16,1392,1,authorization_committed,executed:RUN:2550,1,RUN,0,0,19.787203054875135,16.191435046494007
xair_atomic,plc_plain,1,pause,,1,2552,2552,2553,0,8,1393,1,authorization_committed,executed:PAUSED:2553,1,PAUSED,1,0,19.58490302786231,8.177576120942831
xair,plc_conditional,1,pause,,1,2554,2554,2555,0,10,1394,1,published_after_gate_recheck,refused:version_changed:2555,0,,0,1,20.502694882452488,10.171256959438324
xair_atomic,plc_predicate,1,pause,,1,2556,2556,2556,0,16,1395,1,authorization_committed,executed:RUN:2556,1,RUN,0,0,20.032161846756935,16.1662669852376
xair_atomic,plc_predicate,1,pause,,1,2558,,,0,4,1396,0,read_set_version_changed_at_commit,,0,,0,0,18.332262989133596,4.209308885037899
xair_atomic,plc_conditional,1,pause,,1,2560,,,0,2,1397,0,read_set_version_changed_at_commit,,0,,0,0,15.320280101150274,2.1933563984930515
xair_atomic,plc_plain,1,pause,,1,2562,2562,2563,0,10,1398,1,authorization_committed,executed:PAUSED:2563,1,PAUSED,1,0,23.42108217999339,10.286754928529263
xair,plc_conditional,1,pause,,1,2564,2564,2565,0,4,1399,1,published_after_gate_recheck,refused:version_changed:2565,0,,0,1,21.829464938491583,4.207986872643232
xair,plc_plain,1,pause,,1,2566,2566,2567,0,4,1400,1,published_after_gate_recheck,executed:PAUSED:2567,1,PAUSED,1,0,28.59294693917036,4.283338785171509
xair_atomic,plc_plain,1,pause,,1,2568,,,0,2,1401,0,read_set_version_changed_at_commit,,0,,0,0,12.886241544038057,2.2011310793459415
xair,plc_plain,1,pause,,1,2570,2570,2570,0,20,1402,1,published_after_gate_recheck,executed:RUN:2570,1,RUN,0,0,18.55417899787426,20.168688613921404
xair_atomic,plc_plain,1,pause,,1,2572,2572,2573,0,8,1403,1,authorization_committed,executed:PAUSED:2573,1,PAUSED,1,0,21.456605289131403,8.167737163603306
xair,plc_plain,1,pause,,1,2574,,,0,4,1404,0,read_set_version_changed_at_gate,,0,,0,0,20.659509114921093,4.217755049467087
xair_atomic,plc_predicate,1,pause,,1,2576,2576,2577,0,8,1405,1,authorization_committed,refused:predicate_false:2577,0,,0,1,14.830019790679216,8.176172617822886
xair,plc_plain,0,,,1,2578,2578,2578,0,,1406,1,published_after_gate_recheck,executed:RUN:2578,1,RUN,0,0,25.213575921952724,
xair_atomic,plc_plain,1,pause,,1,2578,,,0,0,1407,0,read_set_version_changed_at_commit,,0,,0,0,14.189517591148615,0.251151155680418
xair,plc_conditional,1,pause,,1,2580,2580,2581,0,12,1408,1,published_after_gate_recheck,refused:version_changed:2581,0,,0,1,25.732889771461487,12.193822767585516
xair_atomic,plc_conditional,1,pause,,1,2582,,,0,0,1409,0,read_set_version_changed_at_commit,,0,,0,0,13.771483208984137,0.2466617152094841
xair_atomic,plc_predicate,1,pause,,1,2584,,,0,0,1410,0,read_set_version_changed_at_commit,,0,,0,0,13.398854993283749,0.27677882462739944
xair,plc_plain,1,pause,,1,2586,2586,2587,0,6,1411,1,published_after_gate_recheck,executed:PAUSED:2587,1,PAUSED,1,0,28.29499775543809,6.188192870467901
xair,plc_conditional,1,pause,,1,2588,,,0,2,1412,0,read_set_version_changed_at_gate,,0,,0,0,16.92191604524851,2.1862019784748554
xair_atomic,plc_conditional,1,pause,,1,2590,2590,2590,0,16,1413,1,authorization_committed,executed:RUN:2590,1,RUN,0,0,15.221153851598501,16.259372234344482
xair_atomic,plc_predicate,1,pause,,1,2592,2592,2592,0,16,1414,1,authorization_committed,executed:RUN:2592,1,RUN,0,0,15.619812067598104,16.174964141100645
xair,plc_conditional,1,pause,,1,2594,,,0,0,1415,0,read_set_version_changed_at_gate,,0,,0,0,16.655094921588898,0.22981176152825356
xair,plc_plain,1,pause,,1,2596,2596,2597,0,8,1416,1,published_after_gate_recheck,executed:PAUSED:2597,1,PAUSED,1,0,22.5141909904778,8.16773809492588
xair,plc_predicate,1,pause,,1,2598,,,0,2,1417,0,read_set_version_changed_at_gate,,0,,0,0,17.223181203007698,2.163840923458338
xair,plc_predicate,1,pause,,1,2600,,,0,2,1418,0,read_set_version_changed_at_gate,,0,,0,0,17.98271620646119,2.1856119856238365
xair_atomic,plc_plain,1,pause,,1,2602,2602,2603,0,6,1419,1,authorization_committed,executed:PAUSED:2603,1,PAUSED,1,0,16.840001568198204,6.130895111709833
xair,plc_plain,1,pause,,1,2604,2604,2605,0,14,1420,1,published_after_gate_recheck,executed:PAUSED:2605,1,PAUSED,1,0,22.219026926904917,14.176914002746344
xair_atomic,plc_predicate,1,pause,,1,2606,2606,2606,0,30,1421,1,authorization_committed,executed:RUN:2606,1,RUN,0,0,20.538652781397104,30.173493083566427
xair_atomic,plc_conditional,1,pause,,1,2608,2608,2609,0,8,1422,1,authorization_committed,refused:version_changed:2609,0,,0,1,17.03492784872651,8.180422242730856
xair_atomic,plc_predicate,1,pause,,1,2610,2610,2611,0,8,1423,1,authorization_committed,refused:predicate_false:2611,0,,0,1,23.29418482258916,8.158721029758453
xair,plc_plain,1,pause,,1,2612,,,0,2,1424,0,read_set_version_changed_at_gate,,0,,0,0,18.19068705663085,2.2135041654109955
xair,plc_plain,1,pause,,1,2614,,,0,0,1425,0,precondition_failed: line.state == 'RUN',,0,,0,0,13.578641694039106,0.3280160017311573
xair,plc_predicate,1,pause,,1,2616,2616,2617,0,4,1426,1,published_after_gate_recheck,refused:predicate_false:2617,0,,0,1,24.094726890325546,4.3950676918029785
xair,plc_conditional,1,pause,,1,2618,2618,2618,0,30,1427,1,published_after_gate_recheck,executed:RUN:2618,1,RUN,0,0,17.88692595437169,30.215431936085224
xair,plc_conditional,1,pause,,1,2620,2620,2621,0,14,1428,1,published_after_gate_recheck,refused:version_changed:2621,0,,0,1,25.919520296156406,14.251944608986378
xair_atomic,plc_plain,1,pause,,1,2622,2622,2623,0,14,1429,1,authorization_committed,executed:PAUSED:2623,1,PAUSED,1,0,24.419967085123062,15.029443893581629
xair,plc_conditional,1,pause,,1,2624,2624,2625,0,16,1430,1,published_after_gate_recheck,refused:version_changed:2625,0,,0,1,24.625041987746954,16.20526099577546
xair,plc_conditional,1,pause,,1,2626,2626,2627,0,8,1431,1,published_after_gate_recheck,refused:version_changed:2627,0,,0,1,22.393264342099428,8.198886178433895
xair,plc_predicate,1,pause,,1,2628,,,0,0,1432,0,read_set_version_changed_at_gate,,0,,0,0,17.52039836719632,0.23583276197314262
xair,plc_conditional,1,pause,,1,2630,2630,2631,0,10,1433,1,published_after_gate_recheck,refused:version_changed:2631,0,,0,1,17.5283825956285,10.170266032218933
xair,plc_predicate,1,pause,,1,2632,2632,2633,0,12,1434,1,published_after_gate_recheck,refused:predicate_false:2633,0,,0,1,23.108927067369223,12.190375942736864
xair_atomic,plc_conditional,1,pause,,1,2634,2634,2634,0,30,1435,1,authorization_committed,executed:RUN:2634,1,RUN,0,0,25.736728217452765,30.17065767198801
xair_atomic,plc_conditional,0,,,1,2636,2636,2636,0,,1436,1,authorization_committed,executed:RUN:2636,1,RUN,0,0,22.874186281114817,
xair,plc_conditional,0,,,1,2636,2636,2636,0,,1437,1,published_after_gate_recheck,executed:RUN:2636,1,RUN,0,0,23.61989486962557,
xair_atomic,plc_predicate,1,pause,,1,2636,2636,2636,0,20,1438,1,authorization_committed,executed:RUN:2636,1,RUN,0,0,19.17957328259945,20.288954954594374
xair_atomic,plc_plain,1,pause,,1,2638,2638,2639,0,10,1439,1,authorization_committed,executed:PAUSED:2639,1,PAUSED,1,0,16.43198588863015,10.21267520263791
