mode,deadline_ms,induced_delay_ms,gateway_released,reason,age_at_check_ms,age_at_middleware_ms,late_at_check,late_at_middleware
optimistic,100,77.0,1,published_after_gate_recheck,90.05322265625,90.11181640625,0,0
atomic_guard,100,89.5,0,age_bound_exceeded_at_commit,100.74389648438,,0,0
optimistic,100,97.5,0,deadline exceeded: elapsed 110.3ms > 100ms at release_at_publish,110.318115234375,,0,0
atomic,100,99.5,0,age_bound_exceeded_at_commit,110.41674804688,,0,0
atomic_guard,100,102.0,0,age_bound_exceeded_at_commit,114.4130859375,,0,0
atomic_guard,100,103.0,0,age_bound_exceeded_at_commit,114.6171875,,0,0
atomic_guard,100,76.5,1,authorization_committed,88.48583984375,90.57177734375,0,0
atomic_margin3,100,82.5,1,authorization_committed,93.681884765625,95.275390625,0,0
atomic,100,101.0,0,age_bound_exceeded_at_commit,111.572265625,,0,0
atomic,100,84.0,1,authorization_committed,94.538818359375,96.18994140625,0,0
atomic_guard,100,103.5,0,age_bound_exceeded_at_commit,114.89208984375,,0,0
atomic,100,102.0,0,age_bound_exceeded_at_commit,112.6689453125,,0,0
atomic_margin3,100,92.0,0,age_bound_exceeded_at_commit,103.06079101562,,0,0
optimistic,100,96.5,0,deadline exceeded: elapsed 109.4ms > 100ms at release_at_publish,109.349365234375,,0,0
optimistic,100,95.0,0,deadline exceeded: elapsed 107.2ms > 100ms at release_at_publish,107.20068359375,,0,0
atomic_margin3,100,95.0,0,age_bound_exceeded_at_commit,106.046875,,0,0
atomic_guard,100,86.5,1,authorization_committed,96.70703125,98.7890625,0,0
atomic_margin3,100,87.0,0,age_bound_exceeded_at_commit,97.937255859375,,0,0
atomic_guard,100,104.5,0,age_bound_exceeded_at_commit,115.80590820312,,0,0
atomic_margin3,100,78.5,1,authorization_committed,90.742919921875,92.337890625,0,0
atomic_guard,100,83.0,1,authorization_committed,93.790771484375,95.489013671875,0,0
optimistic,100,98.0,0,deadline exceeded: elapsed 109.8ms > 100ms at release_at_publish,109.7578125,,0,0
atomic_margin3,100,88.0,0,age_bound_exceeded_at_commit,98.9580078125,,0,0
atomic_margin3,100,94.5,0,age_bound_exceeded_at_commit,105.07397460938,,0,0
optimistic,100,84.5,1,published_after_gate_recheck,96.577392578125,96.6171875,0,0
optimistic,100,88.5,0,deadline exceeded: elapsed 101.3ms > 100ms at release_at_publish,101.313720703125,,0,0
atomic,100,97.5,0,age_bound_exceeded_at_commit,108.28002929688,,0,0
atomic,100,90.0,0,age_bound_exceeded_at_commit,101.34521484375,,0,0
optimistic,100,82.0,1,published_after_gate_recheck,96.134521484375,96.205322265625,0,0
atomic_margin3,100,93.5,0,age_bound_exceeded_at_commit,105.42407226562,,0,0
atomic_margin3,100,83.5,1,authorization_committed,95.69189453125,97.60302734375,0,0
atomic,100,92.0,0,age_bound_exceeded_at_commit,103.5078125,,0,0
atomic_margin3,100,100.0,0,age_bound_exceeded_at_commit,111.88598632812,,0,0
atomic_guard,100,87.0,0,withheld_by_release_guard:deadline exceeded: elapsed 100.7ms > 100ms at release,98.85693359375,,0,0
optimistic,100,105.0,0,deadline exceeded: elapsed 118.3ms > 100ms at release_at_publish,118.318603515625,,0,0
atomic,100,104.0,0,age_bound_exceeded_at_commit,115.44311523438,,0,0
atomic,100,84.0,1,authorization_committed,96.02490234375,97.962158203125,0,0
atomic_margin3,100,86.5,0,age_bound_exceeded_at_commit,98.030029296875,,0,0
atomic,100,90.5,0,age_bound_exceeded_at_commit,102.30102539062,,0,0
atomic_margin3,100,79.5,1,authorization_committed,89.3310546875,90.986328125,0,0
optimistic,100,76.5,1,published_after_gate_recheck,91.25537109375,91.3134765625,0,0
atomic_margin3,100,88.0,0,age_bound_exceeded_at_commit,98.674072265625,,0,0
optimistic,100,91.5,0,deadline exceeded: elapsed 105.9ms > 100ms at release_at_publish,105.855224609375,,0,0
optimistic,100,101.5,0,deadline exceeded: elapsed 115.0ms > 100ms at release_at_publish,114.9443359375,,0,0
atomic_margin3,100,104.5,0,age_bound_exceeded_at_commit,116.06909179688,,0,0
atomic,100,76.5,1,authorization_committed,87.953125,89.5703125,0,0
atomic,100,95.5,0,age_bound_exceeded_at_commit,105.89697265625,,0,0
atomic,100,88.5,1,authorization_committed,99.317138671875,100.934326171875,0,1
atomic,100,99.0,0,age_bound_exceeded_at_commit,109.27880859375,,0,0
atomic_guard,100,82.5,1,authorization_committed,93.31201171875,95.31494140625,0,0
atomic_margin3,100,83.5,1,authorization_committed,94.214111328125,95.74755859375,0,0
optimistic,100,99.0,0,deadline exceeded: elapsed 112.2ms > 100ms at release_at_publish,112.1748046875,,0,0
atomic_margin3,100,95.5,0,age_bound_exceeded_at_commit,106.2978515625,,0,0
optimistic,100,81.0,1,published_after_gate_recheck,93.180908203125,93.224609375,0,0
atomic,100,77.0,1,authorization_committed,87.680908203125,89.56640625,0,0
optimistic,100,90.5,0,deadline exceeded: elapsed 102.1ms > 100ms at release_at_publish,102.12060546875,,0,0
atomic_margin3,100,101.0,0,age_bound_exceeded_at_commit,112.162109375,,0,0
atomic,100,77.0,1,authorization_committed,88.3740234375,90.1259765625,0,0
atomic_margin3,100,86.5,1,authorization_committed,96.612060546875,98.192138671875,0,0
atomic,100,96.0,0,age_bound_exceeded_at_commit,107.42895507812,,0,0
atomic,100,75.5,1,authorization_committed,86.94970703125,88.551025390625,0,0
atomic_margin3,100,92.0,0,age_bound_exceeded_at_commit,103.2919921875,,0,0
atomic_margin3,100,97.0,0,age_bound_exceeded_at_commit,111.42309570312,,0,0
atomic_margin3,100,84.0,1,authorization_committed,94.369873046875,96.13427734375,0,0
atomic,100,92.0,0,age_bound_exceeded_at_commit,102.26416015625,,0,0
atomic,100,88.0,1,authorization_committed,99.31201171875,101.019287109375,0,1
optimistic,100,99.5,0,deadline exceeded: elapsed 111.4ms > 100ms at release_at_publish,111.37646484375,,0,0
optimistic,100,91.0,0,deadline exceeded: elapsed 102.8ms > 100ms at release_at_publish,102.774658203125,,0,0
atomic_guard,100,97.0,0,age_bound_exceeded_at_commit,107.85595703125,,0,0
atomic_margin3,100,93.5,0,age_bound_exceeded_at_commit,105.56591796875,,0,0
atomic_guard,100,100.0,0,age_bound_exceeded_at_commit,111.42822265625,,0,0
atomic_margin3,100,88.0,0,age_bound_exceeded_at_commit,99.68798828125,,0,0
atomic,100,78.5,1,authorization_committed,90.551025390625,92.336181640625,0,0
atomic_margin3,100,85.0,1,authorization_committed,95.872802734375,97.548583984375,0,0
atomic,100,87.0,1,authorization_committed,98.578125,100.296142578125,0,1
atomic_guard,100,101.5,0,age_bound_exceeded_at_commit,113.00122070312,,0,0
optimistic,100,82.5,1,published_after_gate_recheck,94.907958984375,94.945556640625,0,0
atomic_margin3,100,81.5,1,authorization_committed,93.387939453125,95.07568359375,0,0
atomic_guard,100,88.5,0,age_bound_exceeded_at_commit,101.09790039062,,0,0
atomic_margin3,100,77.0,1,authorization_committed,87.883056640625,89.94873046875,0,0
atomic_guard,100,92.5,0,age_bound_exceeded_at_commit,104.77294921875,,0,0
atomic_guard,100,82.5,1,authorization_committed,94.2978515625,96.243896484375,0,0
atomic_guard,100,79.5,1,authorization_committed,90.635009765625,92.39013671875,0,0
atomic_margin3,100,100.0,0,age_bound_exceeded_at_commit,112.17114257812,,0,0
atomic_margin3,100,101.0,0,age_bound_exceeded_at_commit,111.78393554688,,0,0
atomic_margin3,100,98.5,0,age_bound_exceeded_at_commit,109.99072265625,,0,0
atomic_guard,100,103.5,0,age_bound_exceeded_at_commit,114.51904296875,,0,0
atomic_margin3,100,83.0,1,authorization_committed,93.783935546875,95.185791015625,0,0
atomic_margin3,100,101.0,0,age_bound_exceeded_at_commit,112.36206054688,,0,0
optimistic,100,81.0,1,published_after_gate_recheck,93.904541015625,93.943603515625,0,0
atomic_guard,100,85.5,1,authorization_committed,96.486083984375,98.139892578125,0,0
atomic,100,82.5,1,authorization_committed,94.337890625,96.264404296875,0,0
optimistic,100,80.0,1,published_after_gate_recheck,91.767333984375,91.794921875,0,0
atomic_margin3,100,84.5,1,authorization_committed,96.0,97.550537109375,0,0
atomic_margin3,100,90.0,0,age_bound_exceeded_at_commit,101.05590820312,,0,0
atomic_guard,100,90.5,0,age_bound_exceeded_at_commit,101.60107421875,,0,0
atomic_margin3,100,75.5,1,authorization_committed,86.276123046875,88.0634765625,0,0
atomic_margin3,100,94.5,0,age_bound_exceeded_at_commit,105.07885742188,,0,0
atomic_guard,100,102.5,0,age_bound_exceeded_at_commit,113.48388671875,,0,0
optimistic,100,91.0,0,deadline exceeded: elapsed 104.0ms > 100ms at release_at_publish,103.9462890625,,0,0
atomic_guard,100,78.0,1,authorization_committed,88.6220703125,90.49169921875,0,0
atomic,100,75.0,1,authorization_committed,87.153076171875,88.793701171875,0,0
optimistic,100,75.5,1,published_after_gate_recheck,87.535400390625,87.56689453125,0,0
optimistic,100,86.5,1,published_after_gate_recheck,99.828369140625,99.87646484375,0,0
atomic_guard,100,89.0,0,withheld_by_release_guard:deadline exceeded: elapsed 101.2ms > 100ms at release,99.35498046875,,0,0
atomic_margin3,100,81.0,1,authorization_committed,92.4541015625,94.315673828125,0,0
atomic_guard,100,75.0,1,authorization_committed,85.051025390625,86.757080078125,0,0
atomic,100,92.0,0,age_bound_exceeded_at_commit,102.89526367188,,0,0
optimistic,100,83.5,1,published_after_gate_recheck,96.087158203125,96.135009765625,0,0
optimistic,100,93.5,0,deadline exceeded: elapsed 105.3ms > 100ms at release_at_publish,105.283203125,,0,0
atomic_margin3,100,99.0,0,age_bound_exceeded_at_commit,110.55200195312,,0,0
optimistic,100,97.5,0,deadline exceeded: elapsed 112.1ms > 100ms at release_at_publish,112.134765625,,0,0
atomic,100,76.5,1,authorization_committed,88.68896484375,90.576904296875,0,0
atomic,100,92.5,0,age_bound_exceeded_at_commit,103.21215820312,,0,0
atomic,100,92.0,0,age_bound_exceeded_at_commit,101.94091796875,,0,0
atomic_guard,100,80.0,1,authorization_committed,90.844970703125,92.521484375,0,0
atomic_guard,100,96.5,0,age_bound_exceeded_at_commit,108.46508789062,,0,0
optimistic,100,97.0,0,deadline exceeded: elapsed 109.5ms > 100ms at release_at_publish,109.524169921875,,0,0
optimistic,100,104.5,0,deadline exceeded: elapsed 117.0ms > 100ms at release_at_publish,116.982177734375,,0,0
optimistic,100,101.5,0,deadline exceeded: elapsed 114.5ms > 100ms at release_at_publish,114.489013671875,,0,0
optimistic,100,87.0,1,published_after_gate_recheck,99.969482421875,100.000244140625,0,1
atomic_guard,100,93.0,0,age_bound_exceeded_at_commit,103.927734375,,0,0
atomic_margin3,100,89.5,0,age_bound_exceeded_at_commit,100.2041015625,,0,0
optimistic,100,101.5,0,deadline exceeded: elapsed 113.7ms > 100ms at release_at_publish,113.64697265625,,0,0
atomic,100,94.0,0,age_bound_exceeded_at_commit,105.1279296875,,0,0
atomic,100,82.5,1,authorization_committed,93.464111328125,94.958251953125,0,0
atomic_guard,100,96.0,0,age_bound_exceeded_at_commit,106.67822265625,,0,0
optimistic,100,105.0,0,deadline exceeded: elapsed 117.7ms > 100ms at release_at_publish,117.72021484375,,0,0
optimistic,100,94.0,0,deadline exceeded: elapsed 106.6ms > 100ms at release_at_publish,106.57861328125,,0,0
optimistic,100,91.0,0,deadline exceeded: elapsed 104.2ms > 100ms at release_at_publish,104.185791015625,,0,0
atomic_guard,100,96.0,0,age_bound_exceeded_at_commit,105.96997070312,,0,0
optimistic,100,104.5,0,deadline exceeded: elapsed 118.3ms > 100ms at release_at_publish,118.28564453125,,0,0
atomic,100,80.0,1,authorization_committed,92.044921875,93.84033203125,0,0
atomic_guard,100,81.5,1,authorization_committed,92.365966796875,94.1787109375,0,0
atomic_guard,100,95.5,0,age_bound_exceeded_at_commit,106.25805664062,,0,0
atomic_guard,100,86.5,1,authorization_committed,97.458984375,99.37451171875,0,0
atomic_guard,100,105.0,0,age_bound_exceeded_at_commit,116.39599609375,,0,0
atomic_margin3,100,100.5,0,age_bound_exceeded_at_commit,112.96704101562,,0,0
atomic_margin3,100,83.0,0,age_bound_exceeded_at_commit,97.3662109375,,0,0
atomic_margin3,100,97.5,0,age_bound_exceeded_at_commit,109.61596679688,,0,0
atomic_guard,100,84.5,1,authorization_committed,96.701904296875,98.819091796875,0,0
optimistic,100,85.0,1,published_after_gate_recheck,96.548583984375,96.5732421875,0,0
atomic_margin3,100,103.0,0,age_bound_exceeded_at_commit,112.86010742188,,0,0
optimistic,100,88.0,1,published_after_gate_recheck,99.850341796875,99.883056640625,0,0
optimistic,100,93.0,0,deadline exceeded: elapsed 104.3ms > 100ms at release_at_publish,104.26171875,,0,0
atomic_guard,100,81.5,1,authorization_committed,91.696044921875,93.472412109375,0,0
atomic,100,79.0,1,authorization_committed,89.365966796875,90.684814453125,0,0
optimistic,100,102.0,0,deadline exceeded: elapsed 114.1ms > 100ms at release_at_publish,114.097412109375,,0,0
optimistic,100,99.0,0,deadline exceeded: elapsed 111.0ms > 100ms at release_at_publish,110.968994140625,,0,0
atomic_margin3,100,75.5,1,authorization_committed,85.8310546875,87.43505859375,0,0
atomic_margin3,100,85.5,1,authorization_committed,95.81103515625,97.33349609375,0,0
optimistic,100,84.5,1,published_after_gate_recheck,96.478759765625,96.511474609375,0,0
atomic,100,83.0,1,authorization_committed,94.001953125,95.53076171875,0,0
atomic_guard,100,99.5,0,age_bound_exceeded_at_commit,110.998046875,,0,0
atomic_margin3,100,103.5,0,age_bound_exceeded_at_commit,115.64111328125,,0,0
atomic,100,78.5,1,authorization_committed,88.826904296875,90.5126953125,0,0
atomic,100,104.5,0,age_bound_exceeded_at_commit,114.59790039062,,0,0
optimistic,100,79.5,1,published_after_gate_recheck,90.824462890625,90.850341796875,0,0
atomic,100,86.0,1,authorization_committed,97.8720703125,99.61181640625,0,0
atomic_margin3,100,100.0,0,age_bound_exceeded_at_commit,113.88110351562,,0,0
optimistic,100,99.5,0,deadline exceeded: elapsed 112.3ms > 100ms at release_at_publish,112.342529296875,,0,0
atomic_guard,100,98.0,0,age_bound_exceeded_at_commit,108.94482421875,,0,0
atomic_guard,100,94.0,0,age_bound_exceeded_at_commit,105.5068359375,,0,0
optimistic,100,95.0,0,deadline exceeded: elapsed 106.2ms > 100ms at release_at_publish,106.21142578125,,0,0
atomic_guard,100,101.5,0,age_bound_exceeded_at_commit,112.15112304688,,0,0
atomic_guard,100,93.5,0,age_bound_exceeded_at_commit,103.9970703125,,0,0
atomic,100,93.5,0,age_bound_exceeded_at_commit,103.60205078125,,0,0
atomic_margin3,100,77.0,1,authorization_committed,87.804931640625,89.614501953125,0,0
atomic,100,91.0,0,age_bound_exceeded_at_commit,101.98999023438,,0,0
optimistic,100,88.5,0,deadline exceeded: elapsed 101.7ms > 100ms at release_at_publish,101.653564453125,,0,0
atomic,100,101.5,0,age_bound_exceeded_at_commit,111.39697265625,,0,0
atomic_margin3,100,93.5,0,age_bound_exceeded_at_commit,103.26904296875,,0,0
atomic_guard,100,99.0,0,age_bound_exceeded_at_commit,109.82885742188,,0,0
atomic_guard,100,95.0,0,age_bound_exceeded_at_commit,104.67602539062,,0,0
atomic_guard,100,103.0,0,age_bound_exceeded_at_commit,114.2568359375,,0,0
atomic,100,103.5,0,age_bound_exceeded_at_commit,114.20092773438,,0,0
optimistic,100,86.5,1,published_after_gate_recheck,98.2783203125,98.3154296875,0,0
optimistic,100,88.0,0,deadline exceeded: elapsed 100.2ms > 100ms at release_at_publish,100.14697265625,,0,0
atomic,100,78.5,1,authorization_committed,89.30712890625,91.10498046875,0,0
optimistic,100,78.0,1,published_after_gate_recheck,93.17626953125,93.218994140625,0,0
atomic_guard,100,102.0,0,age_bound_exceeded_at_commit,114.6640625,,0,0
atomic_margin3,100,99.5,0,age_bound_exceeded_at_commit,110.56591796875,,0,0
optimistic,100,82.5,1,published_after_gate_recheck,95.472900390625,95.503662109375,0,0
atomic,100,103.0,0,age_bound_exceeded_at_commit,114.48999023438,,0,0
atomic_margin3,100,85.5,1,authorization_committed,96.137939453125,97.61962890625,0,0
optimistic,100,87.0,1,published_after_gate_recheck,99.87939453125,99.915771484375,0,0
atomic_guard,100,101.0,0,age_bound_exceeded_at_commit,111.88500976562,,0,0
atomic,100,102.0,0,age_bound_exceeded_at_commit,112.35791015625,,0,0
optimistic,100,79.0,1,published_after_gate_recheck,91.793212890625,91.834716796875,0,0
atomic_margin3,100,99.5,0,age_bound_exceeded_at_commit,110.5830078125,,0,0
atomic_guard,100,89.5,0,age_bound_exceeded_at_commit,100.08081054688,,0,0
atomic_margin3,100,86.5,0,age_bound_exceeded_at_commit,97.23291015625,,0,0
atomic_guard,100,104.0,0,age_bound_exceeded_at_commit,114.22705078125,,0,0
optimistic,100,78.0,1,published_after_gate_recheck,90.483154296875,90.527099609375,0,0
atomic_margin3,100,89.5,0,age_bound_exceeded_at_commit,99.49169921875,,0,0
atomic,100,79.5,1,authorization_committed,89.55517578125,91.162353515625,0,0
atomic_margin3,100,99.0,0,age_bound_exceeded_at_commit,111.30493164062,,0,0
atomic_margin3,100,100.5,0,age_bound_exceeded_at_commit,111.44311523438,,0,0
optimistic,100,83.5,1,published_after_gate_recheck,96.298828125,96.3505859375,0,0
atomic,100,82.0,1,authorization_committed,93.215087890625,94.89599609375,0,0
atomic_guard,100,93.0,0,age_bound_exceeded_at_commit,104.16796875,,0,0
atomic_guard,100,89.5,0,age_bound_exceeded_at_commit,100.52221679688,,0,0
atomic,100,97.0,0,age_bound_exceeded_at_commit,108.501953125,,0,0
optimistic,100,94.5,0,deadline exceeded: elapsed 106.7ms > 100ms at release_at_publish,106.675048828125,,0,0
atomic,100,92.5,0,age_bound_exceeded_at_commit,104.11499023438,,0,0
optimistic,100,97.0,0,deadline exceeded: elapsed 111.1ms > 100ms at release_at_publish,111.128173828125,,0,0
optimistic,100,88.0,0,deadline exceeded: elapsed 100.5ms > 100ms at release_at_publish,100.461669921875,,0,0
atomic,100,81.0,1,authorization_committed,92.787841796875,94.605712890625,0,0
atomic_guard,100,82.5,1,authorization_committed,93.190185546875,94.822509765625,0,0
atomic_guard,100,94.0,0,age_bound_exceeded_at_commit,104.51391601562,,0,0
atomic_guard,100,103.0,0,age_bound_exceeded_at_commit,115.18115234375,,0,0
atomic,100,83.0,1,authorization_committed,93.873779296875,95.744140625,0,0
atomic_margin3,100,103.0,0,age_bound_exceeded_at_commit,115.99389648438,,0,0
atomic_margin3,100,102.5,0,age_bound_exceeded_at_commit,114.06909179688,,0,0
atomic,100,93.0,0,age_bound_exceeded_at_commit,106.1201171875,,0,0
atomic_guard,100,93.0,0,age_bound_exceeded_at_commit,104.86108398438,,0,0
atomic_guard,100,98.0,0,age_bound_exceeded_at_commit,108.74487304688,,0,0
atomic_guard,100,77.0,1,authorization_committed,88.89892578125,90.735595703125,0,0
atomic_guard,100,87.0,0,withheld_by_release_guard:deadline exceeded: elapsed 101.3ms > 100ms at release,99.343017578125,,0,0
atomic_margin3,100,98.0,0,age_bound_exceeded_at_commit,111.69409179688,,0,0
optimistic,100,82.5,1,published_after_gate_recheck,95.406005859375,95.4462890625,0,0
atomic,100,80.0,1,authorization_committed,90.666015625,92.65283203125,0,0
atomic,100,77.0,1,authorization_committed,88.64599609375,90.364990234375,0,0
atomic_margin3,100,86.5,0,age_bound_exceeded_at_commit,98.492919921875,,0,0
optimistic,100,86.0,1,published_after_gate_recheck,99.603515625,99.658935546875,0,0
optimistic,100,94.0,0,deadline exceeded: elapsed 107.0ms > 100ms at release_at_publish,107.013427734375,,0,0
atomic_margin3,100,78.5,1,authorization_committed,90.515869140625,92.897216796875,0,0
atomic_margin3,100,84.5,1,authorization_committed,96.4208984375,98.53515625,0,0
atomic,100,93.5,0,age_bound_exceeded_at_commit,105.61083984375,,0,0
atomic_guard,100,85.5,0,age_bound_exceeded_at_commit,100.0419921875,,0,0
atomic,100,97.0,0,age_bound_exceeded_at_commit,110.37182617188,,0,0
atomic_guard,100,93.5,0,age_bound_exceeded_at_commit,107.02514648438,,0,0
optimistic,100,77.0,1,published_after_gate_recheck,90.723388671875,90.77294921875,0,0
atomic,100,102.0,0,age_bound_exceeded_at_commit,113.07299804688,,0,0
atomic,100,85.5,1,authorization_committed,97.10693359375,98.862060546875,0,0
optimistic,100,99.0,0,deadline exceeded: elapsed 112.0ms > 100ms at release_at_publish,111.98486328125,,0,0
atomic,100,78.0,1,authorization_committed,90.7890625,92.4140625,0,0
atomic_margin3,100,99.5,0,age_bound_exceeded_at_commit,111.4208984375,,0,0
atomic_guard,100,88.5,0,withheld_by_release_guard:deadline exceeded: elapsed 101.9ms > 100ms at release,99.85791015625,,0,0
atomic_margin3,100,104.0,0,age_bound_exceeded_at_commit,118.32104492188,,0,0
atomic,100,91.5,0,age_bound_exceeded_at_commit,102.96704101562,,0,0
atomic,100,94.0,0,age_bound_exceeded_at_commit,105.56103515625,,0,0
optimistic,100,98.5,0,deadline exceeded: elapsed 110.0ms > 100ms at release_at_publish,109.966064453125,,0,0
atomic_guard,100,86.0,1,authorization_committed,95.96484375,97.66748046875,0,0
atomic_margin3,100,98.5,0,age_bound_exceeded_at_commit,109.78002929688,,0,0
atomic,100,103.5,0,age_bound_exceeded_at_commit,114.72802734375,,0,0
optimistic,100,85.5,1,published_after_gate_recheck,98.54931640625,98.58984375,0,0
atomic,100,105.0,0,age_bound_exceeded_at_commit,115.81884765625,,0,0
atomic_margin3,100,104.5,0,age_bound_exceeded_at_commit,114.15087890625,,0,0
atomic,100,102.5,0,age_bound_exceeded_at_commit,113.80126953125,,0,0
atomic_guard,100,87.5,1,authorization_committed,97.43212890625,99.528076171875,0,0
atomic,100,78.0,1,authorization_committed,88.30029296875,90.10302734375,0,0
atomic_margin3,100,88.5,0,age_bound_exceeded_at_commit,101.59594726562,,0,0
atomic,100,83.0,1,authorization_committed,94.2109375,95.799072265625,0,0
atomic_guard,100,88.5,0,withheld_by_release_guard:deadline exceeded: elapsed 100.9ms > 100ms at release,99.18994140625,,0,0
atomic,100,87.5,1,authorization_committed,99.699951171875,102.016357421875,0,1
atomic_margin3,100,98.0,0,age_bound_exceeded_at_commit,110.42407226562,,0,0
atomic_margin3,100,93.0,0,age_bound_exceeded_at_commit,103.5791015625,,0,0
atomic_margin3,100,93.0,0,age_bound_exceeded_at_commit,104.64501953125,,0,0
atomic_guard,100,78.5,1,authorization_committed,91.052978515625,93.16943359375,0,0
optimistic,100,105.0,0,deadline exceeded: elapsed 117.7ms > 100ms at release_at_publish,117.69677734375,,0,0
atomic,100,86.0,1,authorization_committed,98.14501953125,99.9619140625,0,0
atomic,100,90.0,1,authorization_committed,99.94384765625,101.6572265625,0,1
optimistic,100,79.5,1,published_after_gate_recheck,91.101806640625,91.129638671875,0,0
atomic_margin3,100,86.5,1,authorization_committed,96.43994140625,98.288818359375,0,0
atomic_margin3,100,102.0,0,age_bound_exceeded_at_commit,114.81811523438,,0,0
optimistic,100,90.5,0,deadline exceeded: elapsed 103.5ms > 100ms at release_at_publish,103.52197265625,,0,0
optimistic,100,80.5,1,published_after_gate_recheck,93.130615234375,93.185302734375,0,0
atomic_margin3,100,103.5,0,age_bound_exceeded_at_commit,114.15209960938,,0,0
atomic_margin3,100,97.0,0,age_bound_exceeded_at_commit,108.44311523438,,0,0
atomic_guard,100,81.0,1,authorization_committed,91.68603515625,93.240234375,0,0
atomic_margin3,100,92.5,0,age_bound_exceeded_at_commit,103.2021484375,,0,0
atomic_margin3,100,89.5,0,age_bound_exceeded_at_commit,100.12133789062,,0,0
optimistic,100,102.5,0,deadline exceeded: elapsed 115.3ms > 100ms at release_at_publish,115.322509765625,,0,0
atomic,100,103.5,0,age_bound_exceeded_at_commit,114.6708984375,,0,0
atomic,100,100.0,0,age_bound_exceeded_at_commit,114.583984375,,0,0
atomic,100,98.0,0,age_bound_exceeded_at_commit,109.26000976562,,0,0
atomic_guard,100,76.0,1,authorization_committed,85.617919921875,87.19775390625,0,0
atomic_margin3,100,84.5,1,authorization_committed,95.64404296875,98.137939453125,0,0
atomic,100,84.5,1,authorization_committed,99.64208984375,101.23681640625,0,1
atomic_guard,100,103.5,0,age_bound_exceeded_at_commit,114.75708007812,,0,0
atomic_guard,100,92.5,0,age_bound_exceeded_at_commit,104.93896484375,,0,0
optimistic,100,89.0,0,deadline exceeded: elapsed 102.6ms > 100ms at release_at_publish,102.57470703125,,0,0
atomic_guard,100,94.5,0,age_bound_exceeded_at_commit,105.93701171875,,0,0
optimistic,100,87.0,1,published_after_gate_recheck,99.8115234375,99.852783203125,0,0
atomic,100,79.0,1,authorization_committed,90.310791015625,92.231689453125,0,0
atomic_guard,100,100.0,0,age_bound_exceeded_at_commit,112.61694335938,,0,0
atomic_margin3,100,91.5,0,age_bound_exceeded_at_commit,104.10913085938,,0,0
atomic_margin3,100,79.5,1,authorization_committed,92.080810546875,93.923095703125,0,0
atomic_guard,100,87.5,1,authorization_committed,98.237060546875,100.01220703125,0,1
atomic_guard,100,94.5,0,age_bound_exceeded_at_commit,104.80419921875,,0,0
atomic_guard,100,97.0,0,age_bound_exceeded_at_commit,108.67016601562,,0,0
atomic,100,104.0,0,age_bound_exceeded_at_commit,114.47705078125,,0,0
atomic_guard,100,77.0,1,authorization_committed,87.9560546875,89.593017578125,0,0
atomic_margin3,100,76.5,1,authorization_committed,86.950927734375,88.757080078125,0,0
optimistic,100,99.0,0,deadline exceeded: elapsed 112.0ms > 100ms at release_at_publish,112.036865234375,,0,0
atomic,100,93.0,0,age_bound_exceeded_at_commit,103.68115234375,,0,0
atomic_margin3,100,81.5,1,authorization_committed,91.761962890625,93.342529296875,0,0
optimistic,100,101.0,0,deadline exceeded: elapsed 115.0ms > 100ms at release_at_publish,114.949462890625,,0,0
atomic_margin3,100,104.0,0,age_bound_exceeded_at_commit,120.57104492188,,0,0
atomic,100,93.0,0,age_bound_exceeded_at_commit,108.23583984375,,0,0
atomic_margin3,100,87.5,0,age_bound_exceeded_at_commit,101.56005859375,,0,0
atomic_guard,100,96.0,0,age_bound_exceeded_at_commit,109.4208984375,,0,0
atomic_guard,100,80.0,1,authorization_committed,93.7861328125,95.432861328125,0,0
atomic_guard,100,94.0,0,age_bound_exceeded_at_commit,105.94409179688,,0,0
optimistic,100,79.5,1,published_after_gate_recheck,91.462646484375,91.4931640625,0,0
atomic_guard,100,93.0,0,age_bound_exceeded_at_commit,103.9619140625,,0,0
atomic_guard,100,98.0,0,age_bound_exceeded_at_commit,108.70483398438,,0,0
atomic,100,90.5,0,age_bound_exceeded_at_commit,102.41918945312,,0,0
atomic_guard,100,76.0,1,authorization_committed,86.260009765625,87.904541015625,0,0
atomic_guard,100,78.5,1,authorization_committed,88.947998046875,90.807373046875,0,0
optimistic,100,97.0,0,deadline exceeded: elapsed 110.1ms > 100ms at release_at_publish,110.071533203125,,0,0
atomic,100,103.5,0,age_bound_exceeded_at_commit,115.669921875,,0,0
atomic_margin3,100,94.0,0,age_bound_exceeded_at_commit,105.67700195312,,0,0
optimistic,100,77.5,1,published_after_gate_recheck,89.8818359375,89.928955078125,0,0
atomic_guard,100,86.0,1,authorization_committed,97.093017578125,98.895263671875,0,0
atomic_margin3,100,90.5,0,age_bound_exceeded_at_commit,102.14208984375,,0,0
atomic_guard,100,103.0,0,age_bound_exceeded_at_commit,114.41186523438,,0,0
atomic,100,97.5,0,age_bound_exceeded_at_commit,109.24926757812,,0,0
optimistic,100,79.5,1,published_after_gate_recheck,92.084228515625,92.15673828125,0,0
atomic,100,99.5,0,age_bound_exceeded_at_commit,111.58325195312,,0,0
optimistic,100,89.5,0,deadline exceeded: elapsed 103.1ms > 100ms at release_at_publish,103.089599609375,,0,0
atomic_margin3,100,101.0,0,age_bound_exceeded_at_commit,111.68896484375,,0,0
atomic,100,91.5,0,age_bound_exceeded_at_commit,104.375,,0,0
atomic_guard,100,90.0,0,age_bound_exceeded_at_commit,101.287109375,,0,0
atomic_margin3,100,99.0,0,age_bound_exceeded_at_commit,111.70092773438,,0,0
optimistic,100,78.5,1,published_after_gate_recheck,91.794677734375,91.84033203125,0,0
atomic_margin3,100,95.5,0,age_bound_exceeded_at_commit,107.04516601562,,0,0
atomic_margin3,100,102.0,0,age_bound_exceeded_at_commit,113.2392578125,,0,0
atomic,100,93.0,0,age_bound_exceeded_at_commit,103.873046875,,0,0
atomic_guard,100,75.5,1,authorization_committed,86.408935546875,88.218994140625,0,0
atomic_guard,100,97.5,0,age_bound_exceeded_at_commit,109.07397460938,,0,0
atomic,100,80.0,1,authorization_committed,92.39892578125,94.309814453125,0,0
atomic_guard,100,82.0,1,authorization_committed,92.716064453125,94.2861328125,0,0
atomic_guard,100,81.0,1,authorization_committed,92.08203125,93.876708984375,0,0
atomic_margin3,100,103.0,0,age_bound_exceeded_at_commit,114.994140625,,0,0
atomic,100,83.5,1,authorization_committed,94.61083984375,96.257080078125,0,0
optimistic,100,97.0,0,deadline exceeded: elapsed 109.2ms > 100ms at release_at_publish,109.1826171875,,0,0
optimistic,100,104.0,0,deadline exceeded: elapsed 117.0ms > 100ms at release_at_publish,116.989990234375,,0,0
atomic_margin3,100,98.5,0,age_bound_exceeded_at_commit,110.08471679688,,0,0
atomic_margin3,100,86.0,0,age_bound_exceeded_at_commit,97.81591796875,,0,0
atomic_guard,100,102.0,0,age_bound_exceeded_at_commit,114.44409179688,,0,0
atomic_margin3,100,102.5,0,age_bound_exceeded_at_commit,115.251953125,,0,0
optimistic,100,104.0,0,deadline exceeded: elapsed 118.7ms > 100ms at release_at_publish,118.71826171875,,0,0
atomic_guard,100,89.5,0,age_bound_exceeded_at_commit,101.18994140625,,0,0
atomic,100,81.5,1,authorization_committed,92.9130859375,94.651123046875,0,0
atomic_guard,100,88.5,0,age_bound_exceeded_at_commit,101.34399414062,,0,0
atomic_margin3,100,100.5,0,age_bound_exceeded_at_commit,113.31616210938,,0,0
atomic,100,80.0,1,authorization_committed,91.223876953125,93.369384765625,0,0
atomic_guard,100,88.0,0,withheld_by_release_guard:deadline exceeded: elapsed 101.5ms > 100ms at release,99.559814453125,,0,0
optimistic,100,100.0,0,deadline exceeded: elapsed 112.5ms > 100ms at release_at_publish,112.540283203125,,0,0
optimistic,100,100.5,0,deadline exceeded: elapsed 113.6ms > 100ms at release_at_publish,113.54248046875,,0,0
optimistic,100,98.5,0,deadline exceeded: elapsed 112.8ms > 100ms at release_at_publish,112.763671875,,0,0
atomic_guard,100,78.5,1,authorization_committed,91.808837890625,94.094970703125,0,0
atomic,100,88.0,0,age_bound_exceeded_at_commit,100.1630859375,,0,0
atomic,100,81.5,1,authorization_committed,93.970947265625,95.697509765625,0,0
atomic_guard,100,75.5,1,authorization_committed,87.25390625,89.1845703125,0,0
atomic_margin3,100,78.0,1,authorization_committed,88.666015625,90.572265625,0,0
optimistic,100,86.0,0,deadline exceeded: elapsed 100.8ms > 100ms at release_at_publish,100.747314453125,,0,0
optimistic,100,92.0,0,deadline exceeded: elapsed 107.2ms > 100ms at release_at_publish,107.213134765625,,0,0
atomic_margin3,100,100.0,0,age_bound_exceeded_at_commit,113.51098632812,,0,0
atomic_margin3,100,101.5,0,age_bound_exceeded_at_commit,114.14013671875,,0,0
atomic_guard,100,100.0,0,age_bound_exceeded_at_commit,111.53784179688,,0,0
optimistic,100,96.0,0,deadline exceeded: elapsed 109.8ms > 100ms at release_at_publish,109.763916015625,,0,0
optimistic,100,97.5,0,deadline exceeded: elapsed 110.3ms > 100ms at release_at_publish,110.33642578125,,0,0
atomic_margin3,100,79.5,1,authorization_committed,90.169921875,92.100341796875,0,0
atomic_margin3,100,104.0,0,age_bound_exceeded_at_commit,115.40380859375,,0,0
optimistic,100,76.0,1,published_after_gate_recheck,88.54541015625,88.58544921875,0,0
atomic_guard,100,88.0,0,age_bound_exceeded_at_commit,100.64892578125,,0,0
atomic_margin3,100,93.0,0,age_bound_exceeded_at_commit,104.51000976562,,0,0
atomic_margin3,100,78.5,1,authorization_committed,89.958984375,92.13232421875,0,0
atomic,100,88.0,0,age_bound_exceeded_at_commit,101.36987304688,,0,0
atomic_guard,100,81.0,1,authorization_committed,93.85009765625,95.531494140625,0,0
atomic_margin3,100,85.0,1,authorization_committed,96.266845703125,97.654296875,0,0
atomic_guard,100,95.5,0,age_bound_exceeded_at_commit,106.48608398438,,0,0
optimistic,100,101.5,0,deadline exceeded: elapsed 116.1ms > 100ms at release_at_publish,116.045166015625,,0,0
optimistic,100,83.5,1,published_after_gate_recheck,96.060546875,96.089599609375,0,0
atomic_margin3,100,83.0,1,authorization_committed,94.27294921875,96.038330078125,0,0
atomic,100,83.5,1,authorization_committed,94.77197265625,96.6015625,0,0
atomic_guard,100,82.0,1,authorization_committed,94.7548828125,96.748291015625,0,0
atomic_margin3,100,86.0,0,age_bound_exceeded_at_commit,98.508056640625,,0,0
optimistic,100,99.5,0,deadline exceeded: elapsed 112.8ms > 100ms at release_at_publish,112.767333984375,,0,0
atomic_guard,100,78.5,1,authorization_committed,90.802001953125,92.521728515625,0,0
atomic_margin3,100,84.0,1,authorization_committed,95.822021484375,97.466796875,0,0
atomic_guard,100,78.5,1,authorization_committed,90.703125,92.337646484375,0,0
atomic_margin3,100,99.5,0,age_bound_exceeded_at_commit,110.669921875,,0,0
atomic_margin3,100,99.5,0,age_bound_exceeded_at_commit,112.44921875,,0,0
atomic,100,82.5,1,authorization_committed,94.22802734375,96.123779296875,0,0
atomic,100,88.5,0,age_bound_exceeded_at_commit,100.005859375,,0,0
atomic,100,79.5,1,authorization_committed,91.389892578125,93.230712890625,0,0
atomic_margin3,100,91.0,0,age_bound_exceeded_at_commit,102.90185546875,,0,0
optimistic,100,96.0,0,deadline exceeded: elapsed 108.1ms > 100ms at release_at_publish,108.115234375,,0,0
optimistic,100,81.0,1,published_after_gate_recheck,94.00830078125,94.046630859375,0,0
atomic_margin3,100,96.5,0,age_bound_exceeded_at_commit,106.9638671875,,0,0
optimistic,100,75.5,1,published_after_gate_recheck,87.87060546875,87.900634765625,0,0
atomic_margin3,100,79.5,1,authorization_committed,89.56005859375,91.19775390625,0,0
atomic_margin3,100,83.0,1,authorization_committed,95.22021484375,97.15087890625,0,0
atomic,100,81.5,1,authorization_committed,93.919921875,95.957275390625,0,0
atomic,100,83.5,1,authorization_committed,95.853759765625,97.488525390625,0,0
optimistic,100,84.5,1,published_after_gate_recheck,97.56005859375,97.59716796875,0,0
atomic_margin3,100,91.0,0,age_bound_exceeded_at_commit,104.0029296875,,0,0
atomic_guard,100,87.0,1,authorization_committed,97.988037109375,99.76806640625,0,0
atomic_guard,100,75.5,1,authorization_committed,87.4208984375,89.45947265625,0,0
atomic,100,101.0,0,age_bound_exceeded_at_commit,114.15502929688,,0,0
atomic,100,90.5,0,age_bound_exceeded_at_commit,103.21508789062,,0,0
optimistic,100,81.5,1,published_after_gate_recheck,94.45703125,94.48779296875,0,0
atomic_guard,100,89.5,0,age_bound_exceeded_at_commit,101.47680664062,,0,0
atomic_guard,100,79.5,1,authorization_committed,91.01513671875,93.0693359375,0,0
atomic,100,100.0,0,age_bound_exceeded_at_commit,110.86303710938,,0,0
optimistic,100,85.5,1,published_after_gate_recheck,99.794921875,99.838134765625,0,0
atomic_guard,100,98.0,0,age_bound_exceeded_at_commit,109.51904296875,,0,0
atomic_margin3,100,78.0,1,authorization_committed,88.948974609375,90.485107421875,0,0
optimistic,100,104.5,0,deadline exceeded: elapsed 118.4ms > 100ms at release_at_publish,118.438720703125,,0,0
atomic_guard,100,75.5,1,authorization_committed,86.860107421875,88.44482421875,0,0
atomic,100,92.5,0,age_bound_exceeded_at_commit,103.73510742188,,0,0
atomic,100,100.0,0,age_bound_exceeded_at_commit,112.11108398438,,0,0
optimistic,100,85.0,1,published_after_gate_recheck,98.15478515625,98.209716796875,0,0
atomic_guard,100,91.0,0,age_bound_exceeded_at_commit,102.9912109375,,0,0
optimistic,100,93.5,0,deadline exceeded: elapsed 109.1ms > 100ms at release_at_publish,109.12890625,,0,0
atomic_guard,100,105.0,0,age_bound_exceeded_at_commit,117.244140625,,0,0
optimistic,100,94.5,0,deadline exceeded: elapsed 106.5ms > 100ms at release_at_publish,106.537841796875,,0,0
atomic_guard,100,102.0,0,age_bound_exceeded_at_commit,114.8779296875,,0,0
atomic_margin3,100,99.5,0,age_bound_exceeded_at_commit,111.5,,0,0
optimistic,100,86.5,0,deadline exceeded: elapsed 100.0ms > 100ms at release_at_publish,99.997314453125,,0,0
atomic_guard,100,82.0,1,authorization_committed,91.802001953125,93.3896484375,0,0
atomic_margin3,100,89.5,0,age_bound_exceeded_at_commit,100.71899414062,,0,0
atomic_margin3,100,93.5,0,age_bound_exceeded_at_commit,104.72900390625,,0,0
atomic,100,98.5,0,age_bound_exceeded_at_commit,109.9990234375,,0,0
optimistic,100,93.0,0,deadline exceeded: elapsed 106.1ms > 100ms at release_at_publish,106.094970703125,,0,0
atomic,100,98.0,0,age_bound_exceeded_at_commit,109.72387695312,,0,0
atomic_guard,100,102.0,0,age_bound_exceeded_at_commit,113.13305664062,,0,0
optimistic,100,99.0,0,deadline exceeded: elapsed 111.2ms > 100ms at release_at_publish,111.2021484375,,0,0
atomic,100,86.5,1,authorization_committed,96.91015625,98.724853515625,0,0
atomic,100,75.5,1,authorization_committed,86.597900390625,88.183349609375,0,0
optimistic,100,86.0,0,deadline exceeded: elapsed 100.4ms > 100ms at release_at_publish,100.403076171875,,0,0
optimistic,100,93.0,0,deadline exceeded: elapsed 107.7ms > 100ms at release_at_publish,107.7021484375,,0,0
atomic,100,104.5,0,age_bound_exceeded_at_commit,115.4208984375,,0,0
atomic_guard,100,83.5,1,authorization_committed,95.322998046875,97.15966796875,0,0
optimistic,100,81.5,1,published_after_gate_recheck,93.64501953125,93.6767578125,0,0
atomic,100,92.0,0,age_bound_exceeded_at_commit,105.03881835938,,0,0
atomic_guard,100,97.0,0,age_bound_exceeded_at_commit,109.61181640625,,0,0
atomic_margin3,100,80.0,1,authorization_committed,91.783935546875,93.5029296875,0,0
atomic_margin3,100,76.0,1,authorization_committed,86.652099609375,88.375244140625,0,0
atomic_guard,100,102.5,0,age_bound_exceeded_at_commit,113.97485351562,,0,0
optimistic,100,85.5,1,published_after_gate_recheck,99.14208984375,99.18408203125,0,0
atomic_guard,100,100.5,0,age_bound_exceeded_at_commit,112.10302734375,,0,0
atomic_guard,100,86.5,1,authorization_committed,97.480224609375,98.975341796875,0,0
atomic,100,96.0,0,age_bound_exceeded_at_commit,107.09106445312,,0,0
atomic_guard,100,93.0,0,age_bound_exceeded_at_commit,103.94921875,,0,0
atomic_guard,100,76.5,1,authorization_committed,86.902099609375,88.515380859375,0,0
optimistic,100,95.5,0,deadline exceeded: elapsed 107.7ms > 100ms at release_at_publish,107.6611328125,,0,0
atomic_guard,100,85.0,1,authorization_committed,95.907958984375,97.49169921875,0,0
optimistic,100,95.5,0,deadline exceeded: elapsed 106.8ms > 100ms at release_at_publish,106.815185546875,,0,0
atomic,100,103.0,0,age_bound_exceeded_at_commit,113.63403320312,,0,0
atomic_guard,100,101.5,0,age_bound_exceeded_at_commit,111.85302734375,,0,0
atomic_margin3,100,99.0,0,age_bound_exceeded_at_commit,115.046875,,0,0
atomic_guard,100,76.5,1,authorization_committed,89.06591796875,90.98291015625,0,0
optimistic,100,76.5,1,published_after_gate_recheck,89.64111328125,89.6748046875,0,0
atomic,100,94.0,0,age_bound_exceeded_at_commit,104.94018554688,,0,0
atomic_margin3,100,102.5,0,age_bound_exceeded_at_commit,113.95092773438,,0,0
atomic,100,90.5,0,age_bound_exceeded_at_commit,103.6728515625,,0,0
atomic_guard,100,94.0,0,age_bound_exceeded_at_commit,105.70190429688,,0,0
atomic_margin3,100,75.0,1,authorization_committed,86.31005859375,87.995361328125,0,0
atomic_margin3,100,101.5,0,age_bound_exceeded_at_commit,112.72216796875,,0,0
optimistic,100,82.5,1,published_after_gate_recheck,95.846435546875,95.87939453125,0,0
optimistic,100,78.5,1,published_after_gate_recheck,91.61572265625,91.672607421875,0,0
atomic,100,77.0,1,authorization_committed,88.300048828125,90.02783203125,0,0
atomic_margin3,100,87.0,0,age_bound_exceeded_at_commit,97.2158203125,,0,0
optimistic,100,75.0,1,published_after_gate_recheck,87.073486328125,87.1064453125,0,0
optimistic,100,82.0,1,published_after_gate_recheck,94.7421875,94.781005859375,0,0
optimistic,100,100.0,0,deadline exceeded: elapsed 111.9ms > 100ms at release_at_publish,111.895751953125,,0,0
atomic,100,83.5,1,authorization_committed,94.505859375,95.9794921875,0,0
atomic_guard,100,93.5,0,age_bound_exceeded_at_commit,104.67504882812,,0,0
atomic_margin3,100,78.5,1,authorization_committed,88.64892578125,90.2841796875,0,0
atomic,100,82.0,1,authorization_committed,93.7470703125,95.598388671875,0,0
optimistic,100,80.0,1,published_after_gate_recheck,92.516357421875,92.586181640625,0,0
atomic_margin3,100,97.0,0,age_bound_exceeded_at_commit,108.77685546875,,0,0
atomic_margin3,100,91.5,0,age_bound_exceeded_at_commit,103.32592773438,,0,0
optimistic,100,84.5,1,published_after_gate_recheck,98.364990234375,98.439208984375,0,0
atomic,100,84.5,1,authorization_committed,96.359130859375,98.05908203125,0,0
atomic_margin3,100,98.5,0,age_bound_exceeded_at_commit,110.00708007812,,0,0
atomic_guard,100,95.5,0,age_bound_exceeded_at_commit,107.31689453125,,0,0
atomic_margin3,100,97.5,0,age_bound_exceeded_at_commit,109.38623046875,,0,0
optimistic,100,80.0,1,published_after_gate_recheck,92.55859375,92.59033203125,0,0
atomic,100,104.0,0,age_bound_exceeded_at_commit,115.17602539062,,0,0
atomic,100,96.0,0,age_bound_exceeded_at_commit,107.06689453125,,0,0
atomic_margin3,100,97.0,0,age_bound_exceeded_at_commit,109.35009765625,,0,0
atomic,100,99.5,0,age_bound_exceeded_at_commit,111.72094726562,,0,0
atomic,100,80.0,1,authorization_committed,91.6259765625,93.416259765625,0,0
atomic,100,102.5,0,age_bound_exceeded_at_commit,113.8330078125,,0,0
atomic,100,105.0,0,age_bound_exceeded_at_commit,116.97680664062,,0,0
optimistic,100,83.5,1,published_after_gate_recheck,96.959716796875,97.011474609375,0,0
atomic_margin3,100,98.0,0,age_bound_exceeded_at_commit,109.6591796875,,0,0
optimistic,100,78.5,1,published_after_gate_recheck,92.1259765625,92.18115234375,0,0
atomic,100,75.0,1,authorization_committed,85.663818359375,87.35791015625,0,0
atomic_guard,100,94.5,0,age_bound_exceeded_at_commit,105.89892578125,,0,0
optimistic,100,82.5,1,published_after_gate_recheck,95.475830078125,95.50927734375,0,0
atomic_margin3,100,78.0,1,authorization_committed,88.603271484375,90.675048828125,0,0
optimistic,100,105.0,0,deadline exceeded: elapsed 117.3ms > 100ms at release_at_publish,117.246826171875,,0,0
atomic,100,104.0,0,age_bound_exceeded_at_commit,115.4208984375,,0,0
atomic,100,89.5,0,age_bound_exceeded_at_commit,101.80102539062,,0,0
atomic,100,80.0,1,authorization_committed,91.2001953125,92.84130859375,0,0
optimistic,100,99.5,0,deadline exceeded: elapsed 112.1ms > 100ms at release_at_publish,112.07958984375,,0,0
atomic_margin3,100,93.5,0,age_bound_exceeded_at_commit,105.38793945312,,0,0
optimistic,100,97.5,0,deadline exceeded: elapsed 109.8ms > 100ms at release_at_publish,109.791015625,,0,0
atomic,100,104.5,0,age_bound_exceeded_at_commit,115.59423828125,,0,0
atomic,100,91.0,0,age_bound_exceeded_at_commit,103.93310546875,,0,0
optimistic,100,75.0,1,published_after_gate_recheck,88.96630859375,89.01220703125,0,0
optimistic,100,95.5,0,deadline exceeded: elapsed 107.8ms > 100ms at release_at_publish,107.783935546875,,0,0
atomic,100,77.5,1,authorization_committed,87.6279296875,88.998779296875,0,0
optimistic,100,94.5,0,deadline exceeded: elapsed 105.7ms > 100ms at release_at_publish,105.660888671875,,0,0
optimistic,100,76.5,1,published_after_gate_recheck,89.43603515625,89.47802734375,0,0
optimistic,100,75.0,1,published_after_gate_recheck,87.80322265625,87.845947265625,0,0
atomic_margin3,100,85.5,1,authorization_committed,96.052978515625,97.575439453125,0,0
atomic,100,104.0,0,age_bound_exceeded_at_commit,115.60717773438,,0,0
optimistic,100,81.5,1,published_after_gate_recheck,94.527099609375,94.5810546875,0,0
atomic_margin3,100,81.5,1,authorization_committed,93.438232421875,95.163818359375,0,0
atomic_margin3,100,85.0,1,authorization_committed,96.43505859375,98.34619140625,0,0
atomic,100,98.5,0,age_bound_exceeded_at_commit,110.47314453125,,0,0
atomic_guard,100,79.0,1,authorization_committed,91.515869140625,93.277099609375,0,0
optimistic,100,104.5,0,deadline exceeded: elapsed 117.7ms > 100ms at release_at_publish,117.6826171875,,0,0
atomic,100,84.0,1,authorization_committed,95.0791015625,96.818115234375,0,0
atomic,100,102.5,0,age_bound_exceeded_at_commit,114.0400390625,,0,0
atomic,100,83.0,1,authorization_committed,94.833740234375,96.811767578125,0,0
atomic_guard,100,88.0,0,age_bound_exceeded_at_commit,105.71704101562,,0,0
optimistic,100,103.5,0,deadline exceeded: elapsed 118.8ms > 100ms at release_at_publish,118.81396484375,,0,0
optimistic,100,96.5,0,deadline exceeded: elapsed 109.8ms > 100ms at release_at_publish,109.841552734375,,0,0
atomic_margin3,100,82.5,1,authorization_committed,93.111083984375,94.925048828125,0,0
atomic_margin3,100,88.5,0,age_bound_exceeded_at_commit,99.2451171875,,0,0
atomic_margin3,100,98.0,0,age_bound_exceeded_at_commit,108.29321289062,,0,0
atomic_margin3,100,75.5,1,authorization_committed,85.346923828125,86.628662109375,0,0
atomic_margin3,100,97.0,0,age_bound_exceeded_at_commit,106.59375,,0,0
atomic_guard,100,99.5,0,age_bound_exceeded_at_commit,111.52294921875,,0,0
atomic_margin3,100,84.5,1,authorization_committed,95.987060546875,97.583984375,0,0
atomic_guard,100,97.5,0,age_bound_exceeded_at_commit,108.00512695312,,0,0
optimistic,100,93.5,0,deadline exceeded: elapsed 105.9ms > 100ms at release_at_publish,105.9140625,,0,0
atomic_margin3,100,86.5,1,authorization_committed,96.974853515625,99.177490234375,0,0
atomic_margin3,100,103.0,0,age_bound_exceeded_at_commit,115.52880859375,,0,0
atomic_guard,100,84.5,1,authorization_committed,95.52197265625,97.459228515625,0,0
atomic_guard,100,82.0,1,authorization_committed,92.89990234375,94.607421875,0,0
atomic_margin3,100,83.0,0,age_bound_exceeded_at_commit,98.863037109375,,0,0
optimistic,100,79.0,1,published_after_gate_recheck,92.104736328125,92.142822265625,0,0
optimistic,100,99.5,0,deadline exceeded: elapsed 111.8ms > 100ms at release_at_publish,111.825439453125,,0,0
optimistic,100,90.5,0,deadline exceeded: elapsed 103.6ms > 100ms at release_at_publish,103.5927734375,,0,0
atomic_margin3,100,105.0,0,age_bound_exceeded_at_commit,116.55590820312,,0,0
atomic_guard,100,95.0,0,age_bound_exceeded_at_commit,105.59204101562,,0,0
atomic_guard,100,85.0,1,authorization_committed,95.795166015625,97.679443359375,0,0
optimistic,100,77.0,1,published_after_gate_recheck,90.6220703125,90.6689453125,0,0
optimistic,100,88.0,0,deadline exceeded: elapsed 100.2ms > 100ms at release_at_publish,100.21923828125,,0,0
atomic_guard,100,105.0,0,age_bound_exceeded_at_commit,115.22998046875,,0,0
atomic,100,81.0,1,authorization_committed,92.217041015625,93.808837890625,0,0
atomic_guard,100,92.0,0,age_bound_exceeded_at_commit,101.990234375,,0,0
atomic,100,103.0,0,age_bound_exceeded_at_commit,113.63403320312,,0,0
atomic_margin3,100,90.0,0,age_bound_exceeded_at_commit,100.11499023438,,0,0
atomic_margin3,100,96.0,0,age_bound_exceeded_at_commit,106.23510742188,,0,0
atomic_margin3,100,93.0,0,age_bound_exceeded_at_commit,104.98193359375,,0,0
optimistic,100,75.0,1,published_after_gate_recheck,87.942626953125,87.97314453125,0,0
optimistic,100,76.5,1,published_after_gate_recheck,88.8251953125,88.848876953125,0,0
optimistic,100,84.0,1,published_after_gate_recheck,97.345458984375,97.4013671875,0,0
atomic_margin3,100,88.5,0,age_bound_exceeded_at_commit,99.474853515625,,0,0
atomic_guard,100,95.0,0,age_bound_exceeded_at_commit,106.42895507812,,0,0
optimistic,100,96.5,0,deadline exceeded: elapsed 109.8ms > 100ms at release_at_publish,109.783447265625,,0,0
atomic,100,100.0,0,age_bound_exceeded_at_commit,111.49389648438,,0,0
atomic_margin3,100,88.0,0,age_bound_exceeded_at_commit,99.764892578125,,0,0
atomic,100,76.0,1,authorization_committed,87.15673828125,88.7294921875,0,0
atomic,100,81.0,1,authorization_committed,92.711181640625,94.386474609375,0,0
atomic_guard,100,84.5,1,authorization_committed,95.72998046875,97.433837890625,0,0
atomic_margin3,100,103.5,0,age_bound_exceeded_at_commit,115.50805664062,,0,0
optimistic,100,105.0,0,deadline exceeded: elapsed 117.9ms > 100ms at release_at_publish,117.923828125,,0,0
atomic,100,95.5,0,age_bound_exceeded_at_commit,106.5341796875,,0,0
atomic,100,77.0,1,authorization_committed,88.57470703125,90.353271484375,0,0
atomic,100,78.0,1,authorization_committed,89.021240234375,90.55859375,0,0
atomic_margin3,100,75.5,1,authorization_committed,86.10205078125,87.7158203125,0,0
atomic_guard,100,103.0,0,age_bound_exceeded_at_commit,113.55102539062,,0,0
atomic_margin3,100,90.5,0,age_bound_exceeded_at_commit,102.33813476562,,0,0
atomic,100,103.0,0,age_bound_exceeded_at_commit,114.03125,,0,0
optimistic,100,98.5,0,deadline exceeded: elapsed 111.1ms > 100ms at release_at_publish,111.125244140625,,0,0
atomic_guard,100,80.5,1,authorization_committed,90.83203125,92.564697265625,0,0
atomic_margin3,100,87.5,0,age_bound_exceeded_at_commit,98.48486328125,,0,0
atomic_margin3,100,97.5,0,age_bound_exceeded_at_commit,108.166015625,,0,0
atomic_guard,100,104.0,0,age_bound_exceeded_at_commit,114.71899414062,,0,0
atomic_guard,100,104.5,0,age_bound_exceeded_at_commit,116.80517578125,,0,0
atomic_margin3,100,81.5,1,authorization_committed,92.173095703125,93.797119140625,0,0
atomic,100,103.0,0,age_bound_exceeded_at_commit,114.70288085938,,0,0
optimistic,100,78.0,1,published_after_gate_recheck,90.823974609375,90.85888671875,0,0
atomic,100,86.0,1,authorization_committed,97.02099609375,98.926513671875,0,0
atomic,100,95.5,0,age_bound_exceeded_at_commit,105.96118164062,,0,0
optimistic,100,91.5,0,deadline exceeded: elapsed 103.6ms > 100ms at release_at_publish,103.55615234375,,0,0
atomic_margin3,100,80.0,1,authorization_committed,90.533935546875,92.291748046875,0,0
atomic_guard,100,105.0,0,age_bound_exceeded_at_commit,114.783203125,,0,0
optimistic,100,101.0,0,deadline exceeded: elapsed 112.7ms > 100ms at release_at_publish,112.70458984375,,0,0
atomic_margin3,100,92.0,0,age_bound_exceeded_at_commit,102.08081054688,,0,0
atomic,100,100.5,0,age_bound_exceeded_at_commit,111.57788085938,,0,0
atomic_margin3,100,95.0,0,age_bound_exceeded_at_commit,105.7587890625,,0,0
atomic,100,103.0,0,age_bound_exceeded_at_commit,113.17797851562,,0,0
optimistic,100,89.0,0,deadline exceeded: elapsed 103.2ms > 100ms at release_at_publish,103.217529296875,,0,0
atomic_margin3,100,75.0,1,authorization_committed,85.94091796875,87.505126953125,0,0
atomic,100,104.0,0,age_bound_exceeded_at_commit,115.47509765625,,0,0
atomic_guard,100,86.0,1,authorization_committed,97.4580078125,99.072021484375,0,0
atomic,100,103.5,0,age_bound_exceeded_at_commit,116.05493164062,,0,0
atomic_margin3,100,101.0,0,age_bound_exceeded_at_commit,113.8671875,,0,0
atomic_guard,100,86.5,0,withheld_by_release_guard:deadline exceeded: elapsed 100.0ms > 100ms at release,98.258056640625,,0,0
atomic,100,81.5,1,authorization_committed,93.3798828125,95.06591796875,0,0
atomic_margin3,100,86.0,1,authorization_committed,96.415283203125,97.850341796875,0,0
atomic_margin3,100,75.0,1,authorization_committed,86.011962890625,87.90185546875,0,0
atomic_margin3,100,102.0,0,age_bound_exceeded_at_commit,118.10498046875,,0,0
atomic_guard,100,102.5,0,age_bound_exceeded_at_commit,114.19897460938,,0,0
atomic_guard,100,91.5,0,age_bound_exceeded_at_commit,104.3369140625,,0,0
optimistic,100,102.0,0,deadline exceeded: elapsed 114.4ms > 100ms at release_at_publish,114.3544921875,,0,0
optimistic,100,78.5,1,published_after_gate_recheck,92.04345703125,92.083251953125,0,0
optimistic,100,76.0,1,published_after_gate_recheck,87.8984375,87.921630859375,0,0
atomic_margin3,100,85.5,0,age_bound_exceeded_at_commit,97.427001953125,,0,0
optimistic,100,92.0,0,deadline exceeded: elapsed 106.5ms > 100ms at release_at_publish,106.47314453125,,0,0
atomic_margin3,100,94.0,0,age_bound_exceeded_at_commit,105.8671875,,0,0
atomic,100,96.0,0,age_bound_exceeded_at_commit,106.07104492188,,0,0
atomic,100,75.0,1,authorization_committed,85.691162109375,87.163330078125,0,0
atomic,100,85.5,1,authorization_committed,97.090087890625,98.74560546875,0,0
optimistic,100,94.0,0,deadline exceeded: elapsed 108.8ms > 100ms at release_at_publish,108.81787109375,,0,0
atomic_margin3,100,93.0,0,age_bound_exceeded_at_commit,104.27026367188,,0,0
optimistic,100,102.5,0,deadline exceeded: elapsed 115.8ms > 100ms at release_at_publish,115.814697265625,,0,0
atomic_guard,100,92.0,0,age_bound_exceeded_at_commit,107.08715820312,,0,0
optimistic,100,85.0,1,published_after_gate_recheck,99.114501953125,99.14990234375,0,0
atomic_guard,100,75.0,1,authorization_committed,86.073974609375,87.53076171875,0,0
atomic_guard,100,92.5,0,age_bound_exceeded_at_commit,104.73706054688,,0,0
atomic,100,85.5,1,authorization_committed,97.173095703125,99.122802734375,0,0
optimistic,100,81.0,1,published_after_gate_recheck,94.001708984375,94.0537109375,0,0
atomic_guard,100,101.5,0,age_bound_exceeded_at_commit,113.4130859375,,0,0
atomic_margin3,100,79.0,1,authorization_committed,90.981201171875,92.688232421875,0,0
optimistic,100,83.0,1,published_after_gate_recheck,96.759765625,96.808837890625,0,0
atomic_guard,100,98.5,0,age_bound_exceeded_at_commit,110.39306640625,,0,0
atomic,100,89.5,0,age_bound_exceeded_at_commit,101.078125,,0,0
atomic_guard,100,78.0,1,authorization_committed,89.391845703125,91.18701171875,0,0
optimistic,100,83.0,1,published_after_gate_recheck,98.846435546875,98.900634765625,0,0
optimistic,100,94.5,0,deadline exceeded: elapsed 107.5ms > 100ms at release_at_publish,107.475341796875,,0,0
atomic_margin3,100,102.0,0,age_bound_exceeded_at_commit,112.8330078125,,0,0
atomic_guard,100,84.0,1,authorization_committed,94.190185546875,96.2314453125,0,0
atomic_margin3,100,93.5,0,age_bound_exceeded_at_commit,105.06884765625,,0,0
optimistic,100,88.0,0,deadline exceeded: elapsed 101.1ms > 100ms at release_at_publish,101.0654296875,,0,0
atomic_guard,100,98.0,0,age_bound_exceeded_at_commit,110.12719726562,,0,0
atomic_margin3,100,87.0,0,age_bound_exceeded_at_commit,98.8759765625,,0,0
atomic_margin3,100,102.5,0,age_bound_exceeded_at_commit,114.64208984375,,0,0
atomic_margin3,100,75.5,1,authorization_committed,87.310791015625,89.291259765625,0,0
atomic_margin3,100,103.0,0,age_bound_exceeded_at_commit,114.40185546875,,0,0
optimistic,100,93.5,0,deadline exceeded: elapsed 106.8ms > 100ms at release_at_publish,106.7978515625,,0,0
atomic,100,93.0,0,age_bound_exceeded_at_commit,104.80615234375,,0,0
atomic_margin3,100,89.0,0,age_bound_exceeded_at_commit,100.705078125,,0,0
optimistic,100,84.5,1,published_after_gate_recheck,98.071533203125,98.107177734375,0,0
atomic,100,101.5,0,age_bound_exceeded_at_commit,113.7509765625,,0,0
atomic_margin3,100,90.5,0,age_bound_exceeded_at_commit,101.47509765625,,0,0
atomic_guard,100,83.5,1,authorization_committed,95.695068359375,97.9453125,0,0
atomic,100,96.5,0,age_bound_exceeded_at_commit,109.26611328125,,0,0
atomic_margin3,100,103.0,0,age_bound_exceeded_at_commit,114.34887695312,,0,0
atomic,100,88.0,1,authorization_committed,97.962890625,99.4482421875,0,0
atomic_guard,100,85.0,1,authorization_committed,95.790771484375,97.37451171875,0,0
atomic,100,89.0,0,age_bound_exceeded_at_commit,100.26196289062,,0,0
atomic_margin3,100,100.0,0,age_bound_exceeded_at_commit,111.77099609375,,0,0
optimistic,100,90.5,0,deadline exceeded: elapsed 104.5ms > 100ms at release_at_publish,104.444580078125,,0,0
atomic,100,104.5,0,age_bound_exceeded_at_commit,118.52197265625,,0,0
atomic_margin3,100,84.5,1,authorization_committed,96.234130859375,97.789306640625,0,0
atomic,100,82.0,1,authorization_committed,92.76123046875,94.3359375,0,0
atomic_margin3,100,84.0,1,authorization_committed,96.954833984375,99.17431640625,0,0
atomic,100,94.5,0,age_bound_exceeded_at_commit,107.26904296875,,0,0
atomic,100,97.0,0,age_bound_exceeded_at_commit,108.67919921875,,0,0
atomic,100,82.0,1,authorization_committed,92.655029296875,94.494873046875,0,0
atomic,100,84.0,1,authorization_committed,94.2490234375,95.693603515625,0,0
atomic,100,102.5,0,age_bound_exceeded_at_commit,114.64404296875,,0,0
optimistic,100,104.0,0,deadline exceeded: elapsed 119.0ms > 100ms at release_at_publish,118.9462890625,,0,0
atomic,100,82.5,1,authorization_committed,93.555908203125,95.48681640625,0,0
atomic_guard,100,79.0,1,authorization_committed,89.724853515625,91.330322265625,0,0
atomic_margin3,100,103.5,0,age_bound_exceeded_at_commit,113.708984375,,0,0
atomic_guard,100,103.5,0,age_bound_exceeded_at_commit,114.28198242188,,0,0
atomic_guard,100,91.0,0,age_bound_exceeded_at_commit,101.50903320312,,0,0
atomic_guard,100,75.5,1,authorization_committed,86.014892578125,87.753173828125,0,0
atomic_margin3,100,75.0,1,authorization_committed,85.62890625,87.36083984375,0,0
atomic_margin3,100,96.5,0,age_bound_exceeded_at_commit,106.67797851562,,0,0
atomic_guard,100,81.0,1,authorization_committed,91.84423828125,93.47900390625,0,0
atomic,100,98.5,0,age_bound_exceeded_at_commit,110.87622070312,,0,0
atomic_margin3,100,96.0,0,age_bound_exceeded_at_commit,107.748046875,,0,0
optimistic,100,101.0,0,deadline exceeded: elapsed 112.5ms > 100ms at release_at_publish,112.46337890625,,0,0
atomic_margin3,100,79.0,1,authorization_committed,89.614013671875,91.114501953125,0,0
atomic,100,85.5,1,authorization_committed,96.657958984375,98.669921875,0,0
optimistic,100,83.0,1,published_after_gate_recheck,95.021728515625,95.06494140625,0,0
optimistic,100,97.5,0,deadline exceeded: elapsed 111.0ms > 100ms at release_at_publish,111.025634765625,,0,0
optimistic,100,95.5,0,deadline exceeded: elapsed 108.8ms > 100ms at release_at_publish,108.793701171875,,0,0
atomic_guard,100,102.5,0,age_bound_exceeded_at_commit,114.92602539062,,0,0
atomic,100,96.5,0,age_bound_exceeded_at_commit,109.5419921875,,0,0
atomic,100,95.0,0,age_bound_exceeded_at_commit,105.64306640625,,0,0
atomic,100,76.5,1,authorization_committed,87.884033203125,89.70703125,0,0
atomic_guard,100,103.0,0,age_bound_exceeded_at_commit,114.12084960938,,0,0
atomic,100,82.0,1,authorization_committed,92.827880859375,94.513427734375,0,0
atomic_margin3,100,90.5,0,age_bound_exceeded_at_commit,100.953125,,0,0
optimistic,100,76.0,1,published_after_gate_recheck,89.36767578125,89.423095703125,0,0
atomic_margin3,100,95.0,0,age_bound_exceeded_at_commit,105.80297851562,,0,0
atomic_margin3,100,95.0,0,age_bound_exceeded_at_commit,105.67797851562,,0,0
optimistic,100,82.0,1,published_after_gate_recheck,93.695556640625,93.727294921875,0,0
optimistic,100,99.5,0,deadline exceeded: elapsed 110.9ms > 100ms at release_at_publish,110.8544921875,,0,0
atomic_guard,100,83.0,1,authorization_committed,94.1259765625,96.06640625,0,0
optimistic,100,95.0,0,deadline exceeded: elapsed 108.5ms > 100ms at release_at_publish,108.4833984375,,0,0
optimistic,100,98.0,0,deadline exceeded: elapsed 110.6ms > 100ms at release_at_publish,110.596923828125,,0,0
optimistic,100,94.5,0,deadline exceeded: elapsed 106.8ms > 100ms at release_at_publish,106.83251953125,,0,0
atomic,100,92.0,0,age_bound_exceeded_at_commit,102.19018554688,,0,0
atomic,100,101.0,0,age_bound_exceeded_at_commit,112.0517578125,,0,0
atomic_guard,100,80.5,1,authorization_committed,92.570068359375,94.391845703125,0,0
optimistic,100,101.0,0,deadline exceeded: elapsed 113.7ms > 100ms at release_at_publish,113.643310546875,,0,0
atomic,100,99.5,0,age_bound_exceeded_at_commit,110.5771484375,,0,0
optimistic,100,96.0,0,deadline exceeded: elapsed 108.2ms > 100ms at release_at_publish,108.202392578125,,0,0
atomic_margin3,100,76.5,1,authorization_committed,87.876953125,89.6044921875,0,0
atomic_guard,100,104.0,0,age_bound_exceeded_at_commit,115.49389648438,,0,0
atomic_margin3,100,80.5,1,authorization_committed,92.050048828125,93.733154296875,0,0
optimistic,100,90.5,0,deadline exceeded: elapsed 103.6ms > 100ms at release_at_publish,103.59765625,,0,0
optimistic,100,97.0,0,deadline exceeded: elapsed 109.8ms > 100ms at release_at_publish,109.83984375,,0,0
optimistic,100,83.0,1,published_after_gate_recheck,95.71044921875,95.75341796875,0,0
atomic,100,85.0,1,authorization_committed,95.839111328125,97.510986328125,0,0
atomic,100,99.0,0,age_bound_exceeded_at_commit,111.23999023438,,0,0
atomic_margin3,100,82.0,1,authorization_committed,94.35302734375,96.28759765625,0,0
atomic_guard,100,85.0,1,authorization_committed,96.823974609375,98.707763671875,0,0
atomic_margin3,100,78.5,1,authorization_committed,89.758056640625,91.632568359375,0,0
atomic_guard,100,85.5,1,authorization_committed,96.068115234375,97.708251953125,0,0
atomic,100,76.0,1,authorization_committed,87.0419921875,88.8525390625,0,0
optimistic,100,90.0,0,deadline exceeded: elapsed 102.5ms > 100ms at release_at_publish,102.471435546875,,0,0
atomic,100,105.0,0,age_bound_exceeded_at_commit,116.51489257812,,0,0
atomic_margin3,100,103.0,0,age_bound_exceeded_at_commit,116.05590820312,,0,0
atomic_margin3,100,92.5,0,age_bound_exceeded_at_commit,105.35473632812,,0,0
atomic_margin3,100,104.5,0,age_bound_exceeded_at_commit,116.56103515625,,0,0
atomic,100,85.0,1,authorization_committed,98.603271484375,100.521484375,0,1
atomic_margin3,100,100.0,0,age_bound_exceeded_at_commit,113.4228515625,,0,0
atomic,100,84.5,1,authorization_committed,96.51806640625,98.269775390625,0,0
atomic_guard,100,80.5,1,authorization_committed,91.72802734375,93.62646484375,0,0
optimistic,100,80.5,1,published_after_gate_recheck,94.427978515625,94.457275390625,0,0
atomic,100,89.5,0,age_bound_exceeded_at_commit,100.4560546875,,0,0
optimistic,100,99.0,0,deadline exceeded: elapsed 114.0ms > 100ms at release_at_publish,113.990234375,,0,0
atomic_margin3,100,76.0,1,authorization_committed,87.89404296875,89.87841796875,0,0
atomic_guard,100,77.0,1,authorization_committed,88.142822265625,89.72607421875,0,0
atomic,100,80.5,1,authorization_committed,91.60302734375,93.184326171875,0,0
atomic_margin3,100,91.0,0,age_bound_exceeded_at_commit,102.31689453125,,0,0
atomic_margin3,100,97.5,0,age_bound_exceeded_at_commit,108.47607421875,,0,0
atomic_guard,100,80.0,1,authorization_committed,90.68408203125,92.51708984375,0,0
optimistic,100,80.0,1,published_after_gate_recheck,92.28662109375,92.330810546875,0,0
atomic_margin3,100,83.5,1,authorization_committed,93.90087890625,95.609375,0,0
atomic_guard,100,97.5,0,age_bound_exceeded_at_commit,108.38598632812,,0,0
atomic,100,87.5,1,authorization_committed,97.93310546875,99.638916015625,0,0
atomic,100,80.0,1,authorization_committed,91.56494140625,93.382080078125,0,0
atomic_guard,100,93.0,0,age_bound_exceeded_at_commit,104.755859375,,0,0
atomic,100,80.0,1,authorization_committed,91.887939453125,93.668212890625,0,0
optimistic,100,104.5,0,deadline exceeded: elapsed 115.9ms > 100ms at release_at_publish,115.925048828125,,0,0
atomic_margin3,100,88.0,0,age_bound_exceeded_at_commit,100.39379882812,,0,0
atomic_margin3,100,92.0,0,age_bound_exceeded_at_commit,102.708984375,,0,0
atomic_margin3,100,80.5,1,authorization_committed,93.273193359375,95.355224609375,0,0
atomic,100,86.0,1,authorization_committed,98.810791015625,100.685302734375,0,1
atomic_guard,100,75.5,1,authorization_committed,85.79296875,87.720458984375,0,0
atomic_guard,100,101.0,0,age_bound_exceeded_at_commit,114.4130859375,,0,0
optimistic,100,82.0,1,published_after_gate_recheck,97.107666015625,97.13671875,0,0
optimistic,100,82.0,1,published_after_gate_recheck,94.920166015625,94.947998046875,0,0
atomic_guard,100,82.0,1,authorization_committed,93.56396484375,95.5146484375,0,0
atomic_margin3,100,98.5,0,age_bound_exceeded_at_commit,109.96704101562,,0,0
atomic_guard,100,82.0,1,authorization_committed,92.104736328125,93.7001953125,0,0
atomic_guard,100,84.5,1,authorization_committed,95.592041015625,97.490478515625,0,0
atomic_margin3,100,76.5,1,authorization_committed,87.363037109375,89.129150390625,0,0
optimistic,100,100.0,0,deadline exceeded: elapsed 112.1ms > 100ms at release_at_publish,112.0830078125,,0,0
atomic_margin3,100,88.0,0,age_bound_exceeded_at_commit,102.56616210938,,0,0
atomic,100,75.5,1,authorization_committed,91.4228515625,93.443603515625,0,0
optimistic,100,105.0,0,deadline exceeded: elapsed 118.6ms > 100ms at release_at_publish,118.58203125,,0,0
atomic,100,103.5,0,age_bound_exceeded_at_commit,115.33911132812,,0,0
optimistic,100,94.5,0,deadline exceeded: elapsed 107.9ms > 100ms at release_at_publish,107.9267578125,,0,0
atomic_margin3,100,92.5,0,age_bound_exceeded_at_commit,103.59204101562,,0,0
optimistic,100,96.5,0,deadline exceeded: elapsed 108.7ms > 100ms at release_at_publish,108.6875,,0,0
atomic,100,89.0,1,authorization_committed,99.2451171875,100.913330078125,0,1
atomic_margin3,100,95.5,0,age_bound_exceeded_at_commit,106.83911132812,,0,0
optimistic,100,91.0,0,deadline exceeded: elapsed 102.6ms > 100ms at release_at_publish,102.554931640625,,0,0
atomic_margin3,100,87.5,0,age_bound_exceeded_at_commit,98.85009765625,,0,0
optimistic,100,84.5,1,published_after_gate_recheck,96.687744140625,96.735595703125,0,0
atomic_margin3,100,76.0,1,authorization_committed,86.518798828125,88.487060546875,0,0
optimistic,100,85.5,1,published_after_gate_recheck,97.8349609375,97.89501953125,0,0
atomic_guard,100,76.0,1,authorization_committed,86.01904296875,87.609130859375,0,0
atomic_margin3,100,102.5,0,age_bound_exceeded_at_commit,112.43798828125,,0,0
atomic_guard,100,95.0,0,age_bound_exceeded_at_commit,108.28393554688,,0,0
atomic_guard,100,76.0,1,authorization_committed,88.19580078125,90.251953125,0,0
atomic_margin3,100,98.5,0,age_bound_exceeded_at_commit,111.13989257812,,0,0
atomic_margin3,100,88.5,0,age_bound_exceeded_at_commit,100.36694335938,,0,0
atomic_margin3,100,91.0,0,age_bound_exceeded_at_commit,103.27490234375,,0,0
atomic_margin3,100,82.0,1,authorization_committed,94.51416015625,96.52294921875,0,0
atomic,100,96.5,0,age_bound_exceeded_at_commit,109.26904296875,,0,0
atomic_margin3,100,78.0,1,authorization_committed,91.47412109375,93.32177734375,0,0
optimistic,100,91.5,0,deadline exceeded: elapsed 105.0ms > 100ms at release_at_publish,104.96142578125,,0,0
optimistic,100,103.5,0,deadline exceeded: elapsed 117.6ms > 100ms at release_at_publish,117.604248046875,,0,0
optimistic,100,87.5,0,deadline exceeded: elapsed 100.2ms > 100ms at release_at_publish,100.161865234375,,0,0
atomic_margin3,100,79.0,1,authorization_committed,89.1630859375,90.974365234375,0,0
optimistic,100,101.0,0,deadline exceeded: elapsed 113.0ms > 100ms at release_at_publish,112.999755859375,,0,0
atomic_guard,100,98.5,0,age_bound_exceeded_at_commit,108.09985351562,,0,0
optimistic,100,82.5,1,published_after_gate_recheck,94.998046875,95.051025390625,0,0
atomic_guard,100,90.0,0,age_bound_exceeded_at_commit,100.79711914062,,0,0
atomic_guard,100,87.5,1,authorization_committed,97.5478515625,99.238525390625,0,0
atomic_guard,100,79.0,1,authorization_committed,90.402099609375,91.999267578125,0,0
atomic_guard,100,84.0,1,authorization_committed,95.40771484375,97.009765625,0,0
atomic,100,97.5,0,age_bound_exceeded_at_commit,107.58374023438,,0,0
atomic_margin3,100,87.0,0,age_bound_exceeded_at_commit,97.4658203125,,0,0
optimistic,100,96.0,0,deadline exceeded: elapsed 108.8ms > 100ms at release_at_publish,108.773193359375,,0,0
atomic_margin3,100,90.0,0,age_bound_exceeded_at_commit,103.17578125,,0,0
atomic,100,86.0,1,authorization_committed,99.505859375,101.66455078125,0,1
atomic_margin3,100,91.5,0,age_bound_exceeded_at_commit,105.59912109375,,0,0
atomic,100,95.5,0,age_bound_exceeded_at_commit,108.5380859375,,0,0
optimistic,100,86.0,1,published_after_gate_recheck,98.889404296875,98.935791015625,0,0
atomic_guard,100,78.0,1,authorization_committed,89.27099609375,91.19677734375,0,0
atomic,100,101.0,0,age_bound_exceeded_at_commit,114.43090820312,,0,0
atomic_guard,100,83.5,1,authorization_committed,94.973876953125,96.822998046875,0,0
atomic_margin3,100,82.5,1,authorization_committed,93.68603515625,95.3505859375,0,0
optimistic,100,82.0,1,published_after_gate_recheck,95.3759765625,95.406982421875,0,0
atomic_guard,100,86.5,0,withheld_by_release_guard:deadline exceeded: elapsed 100.3ms > 100ms at release,98.420166015625,,0,0
atomic_margin3,100,85.0,1,authorization_committed,96.10205078125,98.12646484375,0,0
atomic_guard,100,104.5,0,age_bound_exceeded_at_commit,116.4638671875,,0,0
atomic,100,101.0,0,age_bound_exceeded_at_commit,111.9560546875,,0,0
atomic,100,91.5,0,age_bound_exceeded_at_commit,103.80981445312,,0,0
atomic_guard,100,76.5,1,authorization_committed,88.0810546875,90.121337890625,0,0
atomic,100,87.0,0,age_bound_exceeded_at_commit,101.02270507812,,0,0
atomic_margin3,100,75.5,1,authorization_committed,88.89697265625,90.676513671875,0,0
atomic,100,105.0,0,age_bound_exceeded_at_commit,115.83203125,,0,0
atomic_guard,100,83.0,1,authorization_committed,93.924072265625,95.397705078125,0,0
atomic_guard,100,90.5,0,age_bound_exceeded_at_commit,101.92895507812,,0,0
atomic_guard,100,87.5,1,authorization_committed,98.3740234375,99.959228515625,0,0
atomic,100,89.5,1,authorization_committed,99.783935546875,101.197265625,0,1
atomic_guard,100,95.5,0,age_bound_exceeded_at_commit,105.76416015625,,0,0
atomic_guard,100,104.5,0,age_bound_exceeded_at_commit,115.6982421875,,0,0
atomic_guard,100,96.5,0,age_bound_exceeded_at_commit,108.72314453125,,0,0
atomic,100,85.5,1,authorization_committed,96.274169921875,97.82373046875,0,0
atomic,100,94.5,0,age_bound_exceeded_at_commit,106.92993164062,,0,0
atomic_margin3,100,96.5,0,age_bound_exceeded_at_commit,108.65600585938,,0,0
atomic_margin3,100,76.0,1,authorization_committed,88.15478515625,90.06298828125,0,0
atomic_margin3,100,94.0,0,age_bound_exceeded_at_commit,105.71411132812,,0,0
atomic,100,84.5,1,authorization_committed,97.0029296875,98.73388671875,0,0
atomic_margin3,100,94.0,0,age_bound_exceeded_at_commit,105.50512695312,,0,0
atomic_margin3,100,78.0,1,authorization_committed,90.636962890625,92.666015625,0,0
atomic_margin3,100,105.0,0,age_bound_exceeded_at_commit,116.67578125,,0,0
atomic,100,96.5,0,age_bound_exceeded_at_commit,107.43286132812,,0,0
optimistic,100,90.5,0,deadline exceeded: elapsed 103.5ms > 100ms at release_at_publish,103.455078125,,0,0
optimistic,100,79.5,1,published_after_gate_recheck,93.568603515625,93.6123046875,0,0
atomic_guard,100,79.0,1,authorization_committed,90.31298828125,91.747802734375,0,0
atomic,100,105.0,0,age_bound_exceeded_at_commit,115.99291992188,,0,0
atomic_guard,100,97.0,0,age_bound_exceeded_at_commit,107.6240234375,,0,0
optimistic,100,93.0,0,deadline exceeded: elapsed 105.7ms > 100ms at release_at_publish,105.708740234375,,0,0
optimistic,100,78.5,1,published_after_gate_recheck,91.643310546875,91.685546875,0,0
optimistic,100,86.5,0,deadline exceeded: elapsed 100.3ms > 100ms at release_at_publish,100.281494140625,,0,0
optimistic,100,80.5,1,published_after_gate_recheck,93.64794921875,93.6904296875,0,0
atomic,100,89.5,0,age_bound_exceeded_at_commit,100.60913085938,,0,0
atomic,100,75.5,1,authorization_committed,87.60400390625,89.6904296875,0,0
atomic,100,98.5,0,age_bound_exceeded_at_commit,109.93798828125,,0,0
atomic_margin3,100,87.0,0,age_bound_exceeded_at_commit,99.0419921875,,0,0
optimistic,100,76.0,1,published_after_gate_recheck,88.4453125,88.47607421875,0,0
optimistic,100,97.0,0,deadline exceeded: elapsed 110.9ms > 100ms at release_at_publish,110.845947265625,,0,0
optimistic,100,83.5,1,published_after_gate_recheck,98.587646484375,98.659423828125,0,0
atomic,100,87.5,0,age_bound_exceeded_at_commit,101.59790039062,,0,0
atomic_guard,100,91.5,0,age_bound_exceeded_at_commit,103.1181640625,,0,0
optimistic,100,94.0,0,deadline exceeded: elapsed 107.1ms > 100ms at release_at_publish,107.058349609375,,0,0
atomic_guard,100,88.5,0,withheld_by_release_guard:deadline exceeded: elapsed 100.7ms > 100ms at release,99.009765625,,0,0
optimistic,100,99.0,0,deadline exceeded: elapsed 110.7ms > 100ms at release_at_publish,110.69921875,,0,0
atomic,100,88.0,1,authorization_committed,99.200927734375,100.901611328125,0,1
optimistic,100,98.0,0,deadline exceeded: elapsed 110.7ms > 100ms at release_at_publish,110.70458984375,,0,0
optimistic,100,83.0,1,published_after_gate_recheck,98.110107421875,98.164794921875,0,0
optimistic,100,99.0,0,deadline exceeded: elapsed 113.2ms > 100ms at release_at_publish,113.145263671875,,0,0
optimistic,100,81.0,1,published_after_gate_recheck,93.96240234375,94.001220703125,0,0
atomic,100,82.5,1,authorization_committed,94.242919921875,95.95947265625,0,0
atomic_guard,100,81.5,1,authorization_committed,92.75390625,94.470947265625,0,0
atomic_guard,100,103.5,0,age_bound_exceeded_at_commit,114.2900390625,,0,0
atomic_margin3,100,102.5,0,age_bound_exceeded_at_commit,112.77416992188,,0,0
optimistic,100,84.5,1,published_after_gate_recheck,96.21533203125,96.255859375,0,0
atomic_guard,100,99.0,0,age_bound_exceeded_at_commit,109.92504882812,,0,0
atomic,100,77.0,1,authorization_committed,88.121826171875,89.68359375,0,0
atomic_guard,100,77.0,1,authorization_committed,88.469970703125,90.0986328125,0,0
atomic_guard,100,90.0,0,age_bound_exceeded_at_commit,101.43579101562,,0,0
optimistic,100,75.0,1,published_after_gate_recheck,87.318603515625,87.362060546875,0,0
atomic_margin3,100,80.0,1,authorization_committed,91.41796875,93.303955078125,0,0
atomic_guard,100,81.0,1,authorization_committed,92.218994140625,93.80078125,0,0
optimistic,100,100.5,0,deadline exceeded: elapsed 113.1ms > 100ms at release_at_publish,113.12060546875,,0,0
optimistic,100,78.0,1,published_after_gate_recheck,91.3720703125,91.423095703125,0,0
atomic_margin3,100,99.0,0,age_bound_exceeded_at_commit,110.25903320312,,0,0
atomic,100,85.0,1,authorization_committed,96.2880859375,98.453125,0,0
atomic,100,94.5,0,age_bound_exceeded_at_commit,106.81176757812,,0,0
atomic_margin3,100,100.5,0,age_bound_exceeded_at_commit,112.48901367188,,0,0
optimistic,100,98.5,0,deadline exceeded: elapsed 112.1ms > 100ms at release_at_publish,112.12109375,,0,0
atomic_margin3,100,82.0,1,authorization_committed,93.51708984375,95.391845703125,0,0
optimistic,100,75.0,1,published_after_gate_recheck,87.26123046875,87.309814453125,0,0
atomic_guard,100,76.5,1,authorization_committed,86.552978515625,88.22314453125,0,0
atomic,100,80.5,1,authorization_committed,90.5322265625,92.224365234375,0,0
atomic,100,103.0,0,age_bound_exceeded_at_commit,113.84497070312,,0,0
optimistic,100,100.0,0,deadline exceeded: elapsed 117.3ms > 100ms at release_at_publish,117.260009765625,,0,0
optimistic,100,101.5,0,deadline exceeded: elapsed 116.6ms > 100ms at release_at_publish,116.5693359375,,0,0
atomic_guard,100,105.0,0,age_bound_exceeded_at_commit,115.4091796875,,0,0
optimistic,100,79.0,1,published_after_gate_recheck,90.772216796875,90.813232421875,0,0
optimistic,100,88.0,1,published_after_gate_recheck,99.80419921875,99.8427734375,0,0
atomic_margin3,100,78.0,1,authorization_committed,88.360107421875,90.063720703125,0,0
atomic_margin3,100,84.0,1,authorization_committed,95.2509765625,97.054931640625,0,0
atomic,100,95.0,0,age_bound_exceeded_at_commit,106.05297851562,,0,0
optimistic,100,89.0,0,deadline exceeded: elapsed 101.8ms > 100ms at release_at_publish,101.80419921875,,0,0
atomic,100,103.0,0,age_bound_exceeded_at_commit,114.865234375,,0,0
atomic_margin3,100,95.0,0,age_bound_exceeded_at_commit,107.82495117188,,0,0
atomic_guard,100,95.5,0,age_bound_exceeded_at_commit,106.99829101562,,0,0
optimistic,100,79.5,1,published_after_gate_recheck,92.03271484375,92.078369140625,0,0
optimistic,100,96.0,0,deadline exceeded: elapsed 108.6ms > 100ms at release_at_publish,108.580078125,,0,0
atomic_margin3,100,84.0,1,authorization_committed,96.2490234375,98.115234375,0,0
atomic_guard,100,86.5,0,withheld_by_release_guard:deadline exceeded: elapsed 100.5ms > 100ms at release,98.745849609375,,0,0
atomic_guard,100,90.5,0,age_bound_exceeded_at_commit,103.40307617188,,0,0
atomic_guard,100,84.5,1,authorization_committed,96.958984375,98.748291015625,0,0
optimistic,100,103.5,0,deadline exceeded: elapsed 116.4ms > 100ms at release_at_publish,116.388427734375,,0,0
atomic_guard,100,84.0,1,authorization_committed,95.8759765625,97.6513671875,0,0
atomic,100,78.0,1,authorization_committed,89.286865234375,91.3408203125,0,0
atomic_margin3,100,87.5,0,age_bound_exceeded_at_commit,99.384765625,,0,0
atomic_guard,100,102.5,0,age_bound_exceeded_at_commit,113.8701171875,,0,0
atomic_margin3,100,94.5,0,age_bound_exceeded_at_commit,107.36499023438,,0,0
atomic_guard,100,76.5,1,authorization_committed,88.473876953125,90.1396484375,0,0
optimistic,100,88.0,1,published_after_gate_recheck,99.30859375,99.35400390625,0,0
atomic_guard,100,97.5,0,age_bound_exceeded_at_commit,108.88793945312,,0,0
optimistic,100,90.5,0,deadline exceeded: elapsed 103.2ms > 100ms at release_at_publish,103.23095703125,,0,0
atomic_margin3,100,78.5,1,authorization_committed,88.87890625,90.638671875,0,0
atomic,100,86.5,1,authorization_committed,96.715087890625,98.249755859375,0,0
atomic,100,92.5,0,age_bound_exceeded_at_commit,102.17700195312,,0,0
optimistic,100,80.0,1,published_after_gate_recheck,92.92333984375,92.96044921875,0,0
optimistic,100,103.5,0,deadline exceeded: elapsed 116.5ms > 100ms at release_at_publish,116.456298828125,,0,0
atomic_margin3,100,94.0,0,age_bound_exceeded_at_commit,104.0751953125,,0,0
optimistic,100,75.5,1,published_after_gate_recheck,87.553955078125,87.59814453125,0,0
atomic_margin3,100,87.5,0,age_bound_exceeded_at_commit,97.739990234375,,0,0
atomic_margin3,100,81.0,1,authorization_committed,91.635986328125,93.517333984375,0,0
optimistic,100,90.0,0,deadline exceeded: elapsed 102.9ms > 100ms at release_at_publish,102.881591796875,,0,0
atomic_margin3,100,80.5,1,authorization_committed,90.919189453125,92.63037109375,0,0
optimistic,100,102.0,0,deadline exceeded: elapsed 113.9ms > 100ms at release_at_publish,113.857421875,,0,0
optimistic,100,97.0,0,deadline exceeded: elapsed 110.7ms > 100ms at release_at_publish,110.697021484375,,0,0
atomic_margin3,100,97.0,0,age_bound_exceeded_at_commit,107.93188476562,,0,0
atomic_guard,100,76.0,1,authorization_committed,88.053955078125,89.81982421875,0,0
optimistic,100,76.5,1,published_after_gate_recheck,89.79833984375,89.83349609375,0,0
atomic,100,80.5,1,authorization_committed,92.25390625,93.86865234375,0,0
atomic,100,79.0,1,authorization_committed,89.657958984375,91.53564453125,0,0
atomic_guard,100,84.0,1,authorization_committed,95.802001953125,97.65771484375,0,0
atomic,100,87.0,1,authorization_committed,98.491943359375,100.510986328125,0,1
atomic,100,83.5,1,authorization_committed,95.2041015625,96.9599609375,0,0
atomic_guard,100,75.5,1,authorization_committed,86.756103515625,88.66357421875,0,0
atomic,100,84.0,1,authorization_committed,94.452880859375,96.3173828125,0,0
atomic_margin3,100,96.0,0,age_bound_exceeded_at_commit,108.44897460938,,0,0
atomic_guard,100,91.0,0,age_bound_exceeded_at_commit,102.61401367188,,0,0
atomic_margin3,100,98.5,0,age_bound_exceeded_at_commit,109.59521484375,,0,0
atomic,100,100.0,0,age_bound_exceeded_at_commit,111.29296875,,0,0
atomic,100,91.0,0,age_bound_exceeded_at_commit,101.91088867188,,0,0
atomic_guard,100,95.0,0,age_bound_exceeded_at_commit,105.89819335938,,0,0
optimistic,100,103.5,0,deadline exceeded: elapsed 119.2ms > 100ms at release_at_publish,119.14501953125,,0,0
optimistic,100,103.0,0,deadline exceeded: elapsed 116.8ms > 100ms at release_at_publish,116.767333984375,,0,0
atomic_margin3,100,103.5,0,age_bound_exceeded_at_commit,115.44921875,,0,0
optimistic,100,96.5,0,deadline exceeded: elapsed 110.5ms > 100ms at release_at_publish,110.5283203125,,0,0
atomic,100,76.0,1,authorization_committed,90.480224609375,92.2705078125,0,0
optimistic,100,100.5,0,deadline exceeded: elapsed 114.9ms > 100ms at release_at_publish,114.85205078125,,0,0
optimistic,100,78.5,1,published_after_gate_recheck,91.86767578125,91.89794921875,0,0
atomic_guard,100,89.0,0,age_bound_exceeded_at_commit,101.06005859375,,0,0
optimistic,100,101.0,0,deadline exceeded: elapsed 113.7ms > 100ms at release_at_publish,113.726806640625,,0,0
atomic,100,76.5,1,authorization_committed,88.22802734375,90.156494140625,0,0
atomic_margin3,100,83.5,1,authorization_committed,94.433837890625,96.091552734375,0,0
atomic_margin3,100,99.0,0,age_bound_exceeded_at_commit,110.73486328125,,0,0
optimistic,100,102.0,0,deadline exceeded: elapsed 114.4ms > 100ms at release_at_publish,114.4375,,0,0
atomic_guard,100,104.0,0,age_bound_exceeded_at_commit,116.12915039062,,0,0
atomic,100,81.0,1,authorization_committed,92.559814453125,94.392578125,0,0
atomic,100,93.0,0,age_bound_exceeded_at_commit,104.68286132812,,0,0
optimistic,100,86.0,1,published_after_gate_recheck,98.379150390625,98.417236328125,0,0
optimistic,100,101.0,0,deadline exceeded: elapsed 113.8ms > 100ms at release_at_publish,113.744873046875,,0,0
atomic_guard,100,83.5,1,authorization_committed,93.85595703125,95.364990234375,0,0
optimistic,100,79.5,1,published_after_gate_recheck,91.514892578125,91.545166015625,0,0
atomic_margin3,100,92.5,0,age_bound_exceeded_at_commit,104.54296875,,0,0
atomic_guard,100,81.0,1,authorization_committed,91.44384765625,92.86572265625,0,0
atomic_guard,100,101.5,0,age_bound_exceeded_at_commit,111.92114257812,,0,0
atomic_guard,100,91.0,0,age_bound_exceeded_at_commit,100.2099609375,,0,0
atomic_margin3,100,104.5,0,age_bound_exceeded_at_commit,115.46118164062,,0,0
atomic,100,78.5,1,authorization_committed,90.66796875,92.46533203125,0,0
atomic,100,81.0,1,authorization_committed,91.8349609375,93.401123046875,0,0
atomic_margin3,100,80.0,1,authorization_committed,90.862060546875,92.65625,0,0
atomic_guard,100,101.0,0,age_bound_exceeded_at_commit,111.65014648438,,0,0
optimistic,100,78.5,1,published_after_gate_recheck,90.919921875,90.96240234375,0,0
atomic,100,96.0,0,age_bound_exceeded_at_commit,107.00903320312,,0,0
optimistic,100,94.0,0,deadline exceeded: elapsed 106.5ms > 100ms at release_at_publish,106.52734375,,0,0
atomic_guard,100,92.5,0,age_bound_exceeded_at_commit,103.44189453125,,0,0
atomic_guard,100,82.5,1,authorization_committed,92.570068359375,94.292236328125,0,0
atomic_margin3,100,84.5,1,authorization_committed,95.794921875,97.253173828125,0,0
atomic_guard,100,85.5,1,authorization_committed,95.1630859375,96.82470703125,0,0
atomic_guard,100,90.5,0,age_bound_exceeded_at_commit,100.59497070312,,0,0
atomic,100,83.5,1,authorization_committed,94.43701171875,96.07373046875,0,0
atomic_margin3,100,89.0,0,age_bound_exceeded_at_commit,99.281982421875,,0,0
atomic_guard,100,80.5,1,authorization_committed,91.898193359375,93.753662109375,0,0
atomic_guard,100,101.0,0,age_bound_exceeded_at_commit,111.9140625,,0,0
atomic_margin3,100,80.0,1,authorization_committed,89.30712890625,91.003173828125,0,0
optimistic,100,89.0,0,deadline exceeded: elapsed 100.3ms > 100ms at release_at_publish,100.28955078125,,0,0
atomic,100,75.5,1,authorization_committed,85.06103515625,86.546142578125,0,0
optimistic,100,80.5,1,published_after_gate_recheck,92.575439453125,92.61767578125,0,0
optimistic,100,86.0,0,deadline exceeded: elapsed 103.2ms > 100ms at release_at_publish,103.23046875,,0,0
optimistic,100,90.0,0,deadline exceeded: elapsed 103.8ms > 100ms at release_at_publish,103.804443359375,,0,0
atomic_margin3,100,97.5,0,age_bound_exceeded_at_commit,108.86181640625,,0,0
atomic_guard,100,93.0,0,age_bound_exceeded_at_commit,104.02392578125,,0,0
optimistic,100,77.5,1,published_after_gate_recheck,88.8994140625,88.92626953125,0,0
atomic_guard,100,91.0,0,age_bound_exceeded_at_commit,101.30590820312,,0,0
optimistic,100,103.5,0,deadline exceeded: elapsed 116.6ms > 100ms at release_at_publish,116.57861328125,,0,0
atomic_margin3,100,80.5,1,authorization_committed,91.007080078125,92.953369140625,0,0
atomic_guard,100,87.5,0,withheld_by_release_guard:deadline exceeded: elapsed 100.1ms > 100ms at release,98.344970703125,,0,0
atomic_guard,100,80.0,1,authorization_committed,90.108154296875,91.721435546875,0,0
atomic_guard,100,79.0,1,authorization_committed,91.110107421875,93.062255859375,0,0
atomic_margin3,100,85.0,0,age_bound_exceeded_at_commit,97.4580078125,,0,0
optimistic,100,105.0,0,deadline exceeded: elapsed 117.2ms > 100ms at release_at_publish,117.1953125,,0,0
atomic,100,99.0,0,age_bound_exceeded_at_commit,109.85620117188,,0,0
atomic_margin3,100,95.5,0,age_bound_exceeded_at_commit,105.31079101562,,0,0
atomic,100,77.5,1,authorization_committed,87.800048828125,89.167236328125,0,0
atomic,100,98.5,0,age_bound_exceeded_at_commit,109.3408203125,,0,0
atomic_margin3,100,87.0,1,authorization_committed,96.97705078125,98.5615234375,0,0
atomic_margin3,100,93.0,0,age_bound_exceeded_at_commit,103.91088867188,,0,0
atomic_guard,100,75.0,1,authorization_committed,84.821044921875,86.54248046875,0,0
optimistic,100,93.5,0,deadline exceeded: elapsed 107.3ms > 100ms at release_at_publish,107.2568359375,,0,0
atomic,100,86.5,1,authorization_committed,97.34521484375,99.0390625,0,0
atomic,100,90.5,0,age_bound_exceeded_at_commit,102.17895507812,,0,0
atomic_margin3,100,91.5,0,age_bound_exceeded_at_commit,103.23413085938,,0,0
atomic_guard,100,88.0,0,withheld_by_release_guard:deadline exceeded: elapsed 101.0ms > 100ms at release,99.15380859375,,0,0
atomic,100,79.0,1,authorization_committed,91.223876953125,93.220458984375,0,0
atomic_guard,100,99.0,0,age_bound_exceeded_at_commit,111.0751953125,,0,0
atomic_guard,100,93.5,0,age_bound_exceeded_at_commit,104.51904296875,,0,0
optimistic,100,100.5,0,deadline exceeded: elapsed 113.6ms > 100ms at release_at_publish,113.59228515625,,0,0
atomic_guard,100,87.5,0,withheld_by_release_guard:deadline exceeded: elapsed 101.5ms > 100ms at release,99.7470703125,,0,0
atomic_guard,100,90.0,0,age_bound_exceeded_at_commit,102.38110351562,,0,0
atomic_margin3,100,105.0,0,age_bound_exceeded_at_commit,117.1767578125,,0,0
optimistic,100,94.0,0,deadline exceeded: elapsed 107.1ms > 100ms at release_at_publish,107.080810546875,,0,0
atomic,100,76.5,1,authorization_committed,88.093994140625,89.791259765625,0,0
optimistic,100,102.5,0,deadline exceeded: elapsed 115.4ms > 100ms at release_at_publish,115.346923828125,,0,0
atomic_margin3,100,77.5,1,authorization_committed,88.2138671875,90.06005859375,0,0
atomic_guard,100,98.0,0,age_bound_exceeded_at_commit,109.28881835938,,0,0
optimistic,100,101.5,0,deadline exceeded: elapsed 115.3ms > 100ms at release_at_publish,115.283203125,,0,0
optimistic,100,78.0,1,published_after_gate_recheck,91.24755859375,91.297119140625,0,0
atomic_guard,100,91.0,0,age_bound_exceeded_at_commit,102.38793945312,,0,0
atomic,100,83.5,1,authorization_committed,98.280029296875,100.349365234375,0,1
atomic_guard,100,101.5,0,age_bound_exceeded_at_commit,115.80493164062,,0,0
atomic,100,103.0,0,age_bound_exceeded_at_commit,116.087890625,,0,0
atomic,100,102.5,0,age_bound_exceeded_at_commit,114.17407226562,,0,0
optimistic,100,77.0,1,published_after_gate_recheck,91.554443359375,91.615966796875,0,0
atomic_margin3,100,94.5,0,age_bound_exceeded_at_commit,105.85205078125,,0,0
atomic_guard,100,79.5,1,authorization_committed,90.98193359375,92.735107421875,0,0
atomic,100,87.0,1,authorization_committed,97.45703125,99.222900390625,0,0
atomic,100,79.5,1,authorization_committed,90.090087890625,91.593505859375,0,0
atomic_margin3,100,85.0,1,authorization_committed,95.56591796875,97.558349609375,0,0
atomic_guard,100,98.5,0,age_bound_exceeded_at_commit,109.21411132812,,0,0
atomic,100,76.5,1,authorization_committed,86.904052734375,88.474853515625,0,0
atomic,100,79.0,1,authorization_committed,92.212158203125,94.07763671875,0,0
atomic,100,101.5,0,age_bound_exceeded_at_commit,113.30590820312,,0,0
atomic_guard,100,96.0,0,age_bound_exceeded_at_commit,108.26879882812,,0,0
atomic,100,81.0,1,authorization_committed,93.22607421875,95.38818359375,0,0
atomic,100,88.0,1,authorization_committed,99.802001953125,101.420654296875,0,1
atomic_guard,100,89.0,0,withheld_by_release_guard:deadline exceeded: elapsed 103.8ms > 100ms at release,99.7529296875,,0,0
optimistic,100,102.5,0,deadline exceeded: elapsed 114.9ms > 100ms at release_at_publish,114.944091796875,,0,0
optimistic,100,77.0,1,published_after_gate_recheck,88.635986328125,88.6708984375,0,0
optimistic,100,103.5,0,deadline exceeded: elapsed 115.6ms > 100ms at release_at_publish,115.554443359375,,0,0
atomic,100,97.5,0,age_bound_exceeded_at_commit,108.37280273438,,0,0
atomic_margin3,100,81.0,1,authorization_committed,93.302978515625,95.233154296875,0,0
optimistic,100,79.0,1,published_after_gate_recheck,93.29150390625,93.3271484375,0,0
optimistic,100,85.0,1,published_after_gate_recheck,98.929443359375,98.98291015625,0,0
atomic,100,96.5,0,age_bound_exceeded_at_commit,107.98706054688,,0,0
atomic,100,103.5,0,age_bound_exceeded_at_commit,115.93579101562,,0,0
atomic_margin3,100,95.5,0,age_bound_exceeded_at_commit,107.47998046875,,0,0
atomic_guard,100,91.5,0,age_bound_exceeded_at_commit,102.70385742188,,0,0
atomic_margin3,100,78.5,1,authorization_committed,94.322998046875,96.493408203125,0,0
atomic_guard,100,92.0,0,age_bound_exceeded_at_commit,105.251953125,,0,0
atomic_guard,100,91.0,0,age_bound_exceeded_at_commit,103.10888671875,,0,0
atomic_guard,100,86.0,0,withheld_by_release_guard:deadline exceeded: elapsed 100.1ms > 100ms at release,98.197998046875,,0,0
atomic_guard,100,79.0,1,authorization_committed,90.3330078125,91.9482421875,0,0
atomic,100,79.0,1,authorization_committed,92.077880859375,93.89794921875,0,0
atomic_margin3,100,86.0,0,age_bound_exceeded_at_commit,97.579833984375,,0,0
atomic_guard,100,82.0,1,authorization_committed,92.908935546875,94.498291015625,0,0
atomic_margin3,100,104.0,0,age_bound_exceeded_at_commit,116.04125976562,,0,0
atomic_margin3,100,99.5,0,age_bound_exceeded_at_commit,114.05200195312,,0,0
optimistic,100,102.0,0,deadline exceeded: elapsed 114.3ms > 100ms at release_at_publish,114.26318359375,,0,0
atomic_margin3,100,81.0,1,authorization_committed,92.7451171875,94.892822265625,0,0
atomic,100,104.0,0,age_bound_exceeded_at_commit,115.59399414062,,0,0
atomic,100,92.0,0,age_bound_exceeded_at_commit,105.25708007812,,0,0
atomic_guard,100,85.5,1,authorization_committed,97.220947265625,99.283447265625,0,0
optimistic,100,99.5,0,deadline exceeded: elapsed 112.4ms > 100ms at release_at_publish,112.429443359375,,0,0
optimistic,100,98.0,0,deadline exceeded: elapsed 111.4ms > 100ms at release_at_publish,111.42578125,,0,0
atomic_margin3,100,92.0,0,age_bound_exceeded_at_commit,103.2099609375,,0,0
atomic_guard,100,86.0,1,authorization_committed,97.3388671875,98.796142578125,0,0
atomic,100,95.0,0,age_bound_exceeded_at_commit,105.83422851562,,0,0
atomic_guard,100,96.0,0,age_bound_exceeded_at_commit,107.53295898438,,0,0
optimistic,100,88.5,0,deadline exceeded: elapsed 101.3ms > 100ms at release_at_publish,101.3154296875,,0,0
atomic_margin3,100,77.5,1,authorization_committed,89.3759765625,90.980712890625,0,0
optimistic,100,78.0,1,published_after_gate_recheck,90.716552734375,90.7802734375,0,0
atomic,100,93.0,0,age_bound_exceeded_at_commit,103.43017578125,,0,0
atomic,100,88.5,1,authorization_committed,99.340087890625,100.9560546875,0,1
optimistic,100,87.0,1,published_after_gate_recheck,99.95556640625,100.016845703125,0,1
atomic_guard,100,97.5,0,age_bound_exceeded_at_commit,108.7099609375,,0,0
optimistic,100,91.0,0,deadline exceeded: elapsed 103.9ms > 100ms at release_at_publish,103.86279296875,,0,0
atomic_margin3,100,104.5,0,age_bound_exceeded_at_commit,115.31225585938,,0,0
atomic,100,77.5,1,authorization_committed,88.764892578125,90.846923828125,0,0
optimistic,100,85.5,1,published_after_gate_recheck,98.067626953125,98.11669921875,0,0
atomic,100,97.5,0,age_bound_exceeded_at_commit,109.40991210938,,0,0
atomic_guard,100,104.0,0,age_bound_exceeded_at_commit,119.162109375,,0,0
atomic_margin3,100,84.5,1,authorization_committed,96.614013671875,98.573486328125,0,0
atomic_margin3,100,101.5,0,age_bound_exceeded_at_commit,112.98901367188,,0,0
atomic_guard,100,78.0,1,authorization_committed,88.948974609375,90.503662109375,0,0
atomic_margin3,100,81.0,1,authorization_committed,91.690185546875,93.14501953125,0,0
atomic_margin3,100,103.5,0,age_bound_exceeded_at_commit,114.24194335938,,0,0
atomic_margin3,100,96.5,0,age_bound_exceeded_at_commit,107.39721679688,,0,0
atomic_guard,100,92.0,0,age_bound_exceeded_at_commit,104.09912109375,,0,0
optimistic,100,101.0,0,deadline exceeded: elapsed 116.1ms > 100ms at release_at_publish,116.10693359375,,0,0
atomic_margin3,100,102.0,0,age_bound_exceeded_at_commit,113.06616210938,,0,0
atomic_guard,100,93.0,0,age_bound_exceeded_at_commit,103.89916992188,,0,0
optimistic,100,97.5,0,deadline exceeded: elapsed 110.3ms > 100ms at release_at_publish,110.288818359375,,0,0
atomic_guard,100,75.5,1,authorization_committed,86.350830078125,88.066650390625,0,0
atomic_guard,100,82.0,1,authorization_committed,93.10888671875,94.58154296875,0,0
atomic,100,86.0,1,authorization_committed,95.324951171875,96.85009765625,0,0
atomic,100,96.5,0,age_bound_exceeded_at_commit,107.19799804688,,0,0
atomic_margin3,100,97.5,0,age_bound_exceeded_at_commit,109.54711914062,,0,0
atomic_guard,100,100.0,0,age_bound_exceeded_at_commit,110.27709960938,,0,0
atomic_guard,100,94.5,0,age_bound_exceeded_at_commit,105.84594726562,,0,0
atomic_guard,100,98.5,0,age_bound_exceeded_at_commit,110.42504882812,,0,0
atomic,100,88.5,0,age_bound_exceeded_at_commit,100.53491210938,,0,0
atomic,100,96.0,0,age_bound_exceeded_at_commit,107.24389648438,,0,0
optimistic,100,84.0,1,published_after_gate_recheck,97.708984375,97.73828125,0,0
atomic_margin3,100,92.5,0,age_bound_exceeded_at_commit,103.79418945312,,0,0
atomic_guard,100,95.0,0,age_bound_exceeded_at_commit,105.01684570312,,0,0
optimistic,100,91.5,0,deadline exceeded: elapsed 105.3ms > 100ms at release_at_publish,105.27490234375,,0,0
atomic,100,82.0,1,authorization_committed,93.337158203125,95.12060546875,0,0
atomic_guard,100,94.0,0,age_bound_exceeded_at_commit,105.06005859375,,0,0
atomic,100,87.0,1,authorization_committed,97.613037109375,99.178466796875,0,0
optimistic,100,88.0,0,deadline exceeded: elapsed 100.4ms > 100ms at release_at_publish,100.399658203125,,0,0
atomic,100,97.0,0,age_bound_exceeded_at_commit,107.47412109375,,0,0
atomic,100,99.0,0,age_bound_exceeded_at_commit,110.12377929688,,0,0
atomic,100,79.5,1,authorization_committed,91.281005859375,93.077880859375,0,0
optimistic,100,77.5,1,published_after_gate_recheck,92.54736328125,92.607421875,0,0
atomic_margin3,100,102.0,0,age_bound_exceeded_at_commit,113.044921875,,0,0
atomic_margin3,100,80.0,1,authorization_committed,91.406005859375,93.14208984375,0,0
atomic_margin3,100,87.0,0,age_bound_exceeded_at_commit,98.427001953125,,0,0
atomic,100,92.0,0,age_bound_exceeded_at_commit,104.77709960938,,0,0
atomic_guard,100,83.5,1,authorization_committed,95.437255859375,97.34326171875,0,0
atomic_guard,100,79.5,1,authorization_committed,92.234130859375,95.95703125,0,0
atomic,100,80.0,1,authorization_committed,91.376953125,92.961181640625,0,0
atomic,100,76.0,1,authorization_committed,86.489990234375,88.287841796875,0,0
atomic,100,91.5,0,age_bound_exceeded_at_commit,102.39819335938,,0,0
atomic_margin3,100,77.0,1,authorization_committed,87.677001953125,89.51171875,0,0
atomic,100,102.0,0,age_bound_exceeded_at_commit,112.39379882812,,0,0
atomic_guard,100,85.0,1,authorization_committed,95.537841796875,97.314208984375,0,0
atomic,100,94.0,0,age_bound_exceeded_at_commit,105.40405273438,,0,0
atomic_guard,100,86.0,1,authorization_committed,96.750244140625,98.2060546875,0,0
atomic_guard,100,91.0,0,age_bound_exceeded_at_commit,100.5107421875,,0,0
atomic,100,88.0,1,authorization_committed,98.77392578125,100.58447265625,0,1
atomic_guard,100,98.0,0,age_bound_exceeded_at_commit,108.79296875,,0,0
optimistic,100,89.0,0,deadline exceeded: elapsed 101.5ms > 100ms at release_at_publish,101.446044921875,,0,0
atomic,100,100.0,0,age_bound_exceeded_at_commit,110.59594726562,,0,0
atomic_guard,100,84.0,1,authorization_committed,95.35107421875,97.3779296875,0,0
atomic_guard,100,89.0,0,age_bound_exceeded_at_commit,101.27392578125,,0,0
atomic_guard,100,84.0,1,authorization_committed,95.86669921875,97.45654296875,0,0
atomic,100,82.5,1,authorization_committed,95.73291015625,97.636962890625,0,0
atomic_guard,100,87.5,0,withheld_by_release_guard:deadline exceeded: elapsed 101.6ms > 100ms at release,99.6669921875,,0,0
atomic,100,91.0,0,age_bound_exceeded_at_commit,102.2646484375,,0,0
atomic_margin3,100,91.0,0,age_bound_exceeded_at_commit,102.80102539062,,0,0
atomic_guard,100,79.5,1,authorization_committed,89.97705078125,91.870361328125,0,0
atomic,100,96.0,0,age_bound_exceeded_at_commit,105.89111328125,,0,0
optimistic,100,76.0,1,published_after_gate_recheck,87.28564453125,87.30810546875,0,0
atomic_guard,100,99.5,0,age_bound_exceeded_at_commit,109.88305664062,,0,0
atomic_guard,100,95.0,0,age_bound_exceeded_at_commit,106.65502929688,,0,0
optimistic,100,95.0,0,deadline exceeded: elapsed 107.0ms > 100ms at release_at_publish,106.948486328125,,0,0
atomic_guard,100,89.5,0,withheld_by_release_guard:deadline exceeded: elapsed 101.4ms > 100ms at release,99.675048828125,,0,0
atomic,100,97.5,0,age_bound_exceeded_at_commit,108.88525390625,,0,0
optimistic,100,95.0,0,deadline exceeded: elapsed 107.1ms > 100ms at release_at_publish,107.080078125,,0,0
atomic_margin3,100,91.5,0,age_bound_exceeded_at_commit,105.1650390625,,0,0
optimistic,100,90.0,0,deadline exceeded: elapsed 103.3ms > 100ms at release_at_publish,103.267578125,,0,0
optimistic,100,102.5,0,deadline exceeded: elapsed 115.2ms > 100ms at release_at_publish,115.21923828125,,0,0
optimistic,100,87.5,0,deadline exceeded: elapsed 100.2ms > 100ms at release_at_publish,100.1923828125,,0,0
atomic_margin3,100,99.5,0,age_bound_exceeded_at_commit,111.19775390625,,0,0
atomic_guard,100,80.0,1,authorization_committed,92.448974609375,94.65673828125,0,0
atomic_margin3,100,99.0,0,age_bound_exceeded_at_commit,110.52099609375,,0,0
optimistic,100,104.5,0,deadline exceeded: elapsed 116.6ms > 100ms at release_at_publish,116.5595703125,,0,0
atomic_guard,100,76.5,1,authorization_committed,90.299072265625,92.435546875,0,0
optimistic,100,102.0,0,deadline exceeded: elapsed 115.1ms > 100ms at release_at_publish,115.1337890625,,0,0
atomic_margin3,100,86.5,0,age_bound_exceeded_at_commit,98.757080078125,,0,0
atomic,100,100.0,0,age_bound_exceeded_at_commit,112.9111328125,,0,0
optimistic,100,94.0,0,deadline exceeded: elapsed 107.4ms > 100ms at release_at_publish,107.39404296875,,0,0
optimistic,100,92.5,0,deadline exceeded: elapsed 104.9ms > 100ms at release_at_publish,104.9443359375,,0,0
atomic_guard,100,79.5,1,authorization_committed,89.769775390625,91.565673828125,0,0
atomic_guard,100,97.5,0,age_bound_exceeded_at_commit,108.09814453125,,0,0
atomic,100,87.0,1,authorization_committed,97.055908203125,98.97021484375,0,0
atomic,100,77.5,1,authorization_committed,90.287841796875,92.325439453125,0,0
optimistic,100,100.0,0,deadline exceeded: elapsed 112.0ms > 100ms at release_at_publish,112.042724609375,,0,0
atomic,100,104.0,0,age_bound_exceeded_at_commit,114.62377929688,,0,0
atomic,100,101.0,0,age_bound_exceeded_at_commit,111.54223632812,,0,0
atomic_margin3,100,89.0,0,age_bound_exceeded_at_commit,100.0439453125,,0,0
atomic_guard,100,98.5,0,age_bound_exceeded_at_commit,110.01684570312,,0,0
optimistic,100,102.0,0,deadline exceeded: elapsed 115.6ms > 100ms at release_at_publish,115.609130859375,,0,0
atomic_guard,100,90.0,0,age_bound_exceeded_at_commit,101.1640625,,0,0
optimistic,100,86.0,0,deadline exceeded: elapsed 100.1ms > 100ms at release_at_publish,100.12939453125,,0,0
atomic_guard,100,104.0,0,age_bound_exceeded_at_commit,115.41796875,,0,0
optimistic,100,87.5,0,deadline exceeded: elapsed 100.8ms > 100ms at release_at_publish,100.791259765625,,0,0
atomic_margin3,100,85.5,0,age_bound_exceeded_at_commit,97.56201171875,,0,0
optimistic,100,89.5,0,deadline exceeded: elapsed 101.8ms > 100ms at release_at_publish,101.836181640625,,0,0
atomic_margin3,100,76.5,1,authorization_committed,89.7119140625,91.8876953125,0,0
optimistic,100,81.5,1,published_after_gate_recheck,95.772216796875,95.830078125,0,0
atomic_margin3,100,77.0,1,authorization_committed,91.189208984375,92.938232421875,0,0
optimistic,100,81.5,1,published_after_gate_recheck,94.50830078125,94.540283203125,0,0
atomic_margin3,100,94.5,0,age_bound_exceeded_at_commit,106.30688476562,,0,0
atomic,100,75.0,1,authorization_committed,85.43994140625,86.94677734375,0,0
atomic,100,85.0,1,authorization_committed,95.485107421875,97.08154296875,0,0
atomic_margin3,100,90.5,0,age_bound_exceeded_at_commit,103.79223632812,,0,0
atomic,100,92.5,0,age_bound_exceeded_at_commit,104.44506835938,,0,0
atomic_margin3,100,83.5,1,authorization_committed,96.239990234375,97.9423828125,0,0
atomic_guard,100,76.0,1,authorization_committed,87.301025390625,89.192138671875,0,0
atomic_margin3,100,78.0,1,authorization_committed,89.759033203125,91.385498046875,0,0
atomic,100,104.5,0,age_bound_exceeded_at_commit,116.90502929688,,0,0
atomic,100,87.0,1,authorization_committed,98.56884765625,100.5654296875,0,1
atomic,100,102.5,0,age_bound_exceeded_at_commit,114.07495117188,,0,0
optimistic,100,97.5,0,deadline exceeded: elapsed 110.9ms > 100ms at release_at_publish,110.865966796875,,0,0
atomic,100,85.0,1,authorization_committed,97.822998046875,99.801513671875,0,0
atomic_margin3,100,78.5,1,authorization_committed,90.590087890625,92.3359375,0,0
atomic,100,81.5,1,authorization_committed,92.589111328125,94.110107421875,0,0
atomic_guard,100,77.0,1,authorization_committed,91.038818359375,92.8291015625,0,0
atomic_guard,100,84.5,1,authorization_committed,95.56884765625,97.32275390625,0,0
optimistic,100,78.5,1,published_after_gate_recheck,91.45849609375,91.501220703125,0,0
atomic,100,102.0,0,age_bound_exceeded_at_commit,113.2568359375,,0,0
atomic_margin3,100,92.0,0,age_bound_exceeded_at_commit,102.49780273438,,0,0
atomic_margin3,100,75.5,1,authorization_committed,88.5390625,90.39990234375,0,0
optimistic,100,88.5,0,deadline exceeded: elapsed 101.1ms > 100ms at release_at_publish,101.14208984375,,0,0
atomic_guard,100,80.5,1,authorization_committed,91.681884765625,93.370849609375,0,0
atomic_margin3,100,104.5,0,age_bound_exceeded_at_commit,115.52978515625,,0,0
atomic,100,105.0,0,age_bound_exceeded_at_commit,116.5029296875,,0,0
optimistic,100,103.0,0,deadline exceeded: elapsed 116.8ms > 100ms at release_at_publish,116.75048828125,,0,0
optimistic,100,92.5,0,deadline exceeded: elapsed 104.2ms > 100ms at release_at_publish,104.177490234375,,0,0
atomic_guard,100,91.0,0,age_bound_exceeded_at_commit,101.30590820312,,0,0
optimistic,100,85.0,1,published_after_gate_recheck,95.864013671875,95.88720703125,0,0
atomic,100,79.5,1,authorization_committed,89.916015625,91.775634765625,0,0
atomic_guard,100,75.0,1,authorization_committed,86.59814453125,88.12158203125,0,0
atomic_margin3,100,89.5,0,age_bound_exceeded_at_commit,100.25805664062,,0,0
atomic,100,90.0,0,age_bound_exceeded_at_commit,102.45776367188,,0,0
atomic_guard,100,86.0,1,authorization_committed,97.93994140625,99.771728515625,0,0
optimistic,100,79.0,1,published_after_gate_recheck,92.119873046875,92.15234375,0,0
atomic_guard,100,94.0,0,age_bound_exceeded_at_commit,105.10986328125,,0,0
optimistic,100,98.5,0,deadline exceeded: elapsed 110.7ms > 100ms at release_at_publish,110.733154296875,,0,0
atomic,100,75.5,1,authorization_committed,88.923095703125,90.871337890625,0,0
atomic_guard,100,89.5,0,age_bound_exceeded_at_commit,103.0087890625,,0,0
atomic_margin3,100,92.0,0,age_bound_exceeded_at_commit,103.29296875,,0,0
optimistic,100,77.5,1,published_after_gate_recheck,89.528076171875,89.559326171875,0,0
atomic,100,86.0,1,authorization_committed,96.4931640625,97.978759765625,0,0
atomic_margin3,100,104.0,0,age_bound_exceeded_at_commit,116.044921875,,0,0
optimistic,100,83.5,1,published_after_gate_recheck,96.01708984375,96.05029296875,0,0
optimistic,100,87.5,0,deadline exceeded: elapsed 100.0ms > 100ms at release_at_publish,100.028076171875,,0,0
atomic,100,87.5,1,authorization_committed,98.8359375,100.599853515625,0,1
atomic_margin3,100,80.0,1,authorization_committed,91.7421875,93.443359375,0,0
optimistic,100,99.5,0,deadline exceeded: elapsed 111.6ms > 100ms at release_at_publish,111.60888671875,,0,0
atomic_margin3,100,84.0,1,authorization_committed,94.69287109375,96.00048828125,0,0
optimistic,100,75.0,1,published_after_gate_recheck,85.982666015625,86.006103515625,0,0
optimistic,100,104.0,0,deadline exceeded: elapsed 115.0ms > 100ms at release_at_publish,115.040283203125,,0,0
atomic,100,78.0,1,authorization_committed,88.02099609375,89.6904296875,0,0
atomic_guard,100,90.5,0,age_bound_exceeded_at_commit,101.36791992188,,0,0
atomic_guard,100,96.5,0,age_bound_exceeded_at_commit,108.046875,,0,0
atomic,100,94.0,0,age_bound_exceeded_at_commit,104.58227539062,,0,0
atomic_guard,100,90.5,0,age_bound_exceeded_at_commit,101.41918945312,,0,0
atomic_margin3,100,81.5,1,authorization_committed,92.276123046875,94.054931640625,0,0
optimistic,100,97.5,0,deadline exceeded: elapsed 109.3ms > 100ms at release_at_publish,109.2763671875,,0,0
atomic_margin3,100,89.0,0,age_bound_exceeded_at_commit,100.13916015625,,0,0
atomic,100,88.5,0,age_bound_exceeded_at_commit,100.12182617188,,0,0
atomic_guard,100,76.0,1,authorization_committed,86.76220703125,88.24755859375,0,0
atomic_guard,100,80.5,1,authorization_committed,90.73193359375,92.27294921875,0,0
atomic_guard,100,80.5,1,authorization_committed,90.36474609375,91.880615234375,0,0
atomic_guard,100,75.0,1,authorization_committed,84.176025390625,85.9033203125,0,0
atomic_margin3,100,102.5,0,age_bound_exceeded_at_commit,114.00903320312,,0,0
atomic_margin3,100,102.0,0,age_bound_exceeded_at_commit,117.39282226562,,0,0
atomic_guard,100,92.0,0,age_bound_exceeded_at_commit,102.14697265625,,0,0
atomic_margin3,100,101.5,0,age_bound_exceeded_at_commit,112.06518554688,,0,0
atomic,100,83.0,1,authorization_committed,93.361083984375,95.10986328125,0,0
atomic,100,88.5,0,age_bound_exceeded_at_commit,100.01196289062,,0,0
atomic_margin3,100,98.0,0,age_bound_exceeded_at_commit,110.78393554688,,0,0
atomic_guard,100,93.0,0,age_bound_exceeded_at_commit,103.787109375,,0,0
optimistic,100,84.0,1,published_after_gate_recheck,95.584228515625,95.626708984375,0,0
atomic_margin3,100,95.0,0,age_bound_exceeded_at_commit,106.97094726562,,0,0
atomic,100,99.5,0,age_bound_exceeded_at_commit,110.791015625,,0,0
optimistic,100,86.5,1,published_after_gate_recheck,99.900146484375,99.93115234375,0,0
optimistic,100,91.0,0,deadline exceeded: elapsed 103.5ms > 100ms at release_at_publish,103.495361328125,,0,0
atomic_margin3,100,100.5,0,age_bound_exceeded_at_commit,110.86401367188,,0,0
atomic_margin3,100,75.0,1,authorization_committed,87.833251953125,90.219970703125,0,0
atomic_guard,100,102.5,0,age_bound_exceeded_at_commit,114.39697265625,,0,0
atomic,100,94.5,0,age_bound_exceeded_at_commit,106.91479492188,,0,0
atomic_margin3,100,80.5,1,authorization_committed,92.7998046875,94.6044921875,0,0
atomic_guard,100,88.0,0,withheld_by_release_guard:deadline exceeded: elapsed 100.6ms > 100ms at release,99.109130859375,,0,0
atomic_guard,100,85.5,1,authorization_committed,96.067138671875,97.657470703125,0,0
atomic_margin3,100,87.0,0,age_bound_exceeded_at_commit,99.248046875,,0,0
atomic,100,77.0,1,authorization_committed,88.044189453125,89.651123046875,0,0
atomic_guard,100,91.5,0,age_bound_exceeded_at_commit,101.51196289062,,0,0
atomic_margin3,100,91.0,0,age_bound_exceeded_at_commit,101.88793945312,,0,0
atomic_margin3,100,81.5,1,authorization_committed,93.1728515625,94.814453125,0,0
atomic_margin3,100,92.5,0,age_bound_exceeded_at_commit,103.05102539062,,0,0
atomic_margin3,100,96.0,0,age_bound_exceeded_at_commit,107.36181640625,,0,0
atomic_guard,100,90.0,0,age_bound_exceeded_at_commit,101.18188476562,,0,0
atomic,100,100.5,0,age_bound_exceeded_at_commit,111.453125,,0,0
optimistic,100,102.5,0,deadline exceeded: elapsed 115.3ms > 100ms at release_at_publish,115.2470703125,,0,0
atomic_margin3,100,100.5,0,age_bound_exceeded_at_commit,110.99194335938,,0,0
atomic_margin3,100,79.5,1,authorization_committed,90.92919921875,93.178955078125,0,0
optimistic,100,95.0,0,deadline exceeded: elapsed 107.9ms > 100ms at release_at_publish,107.94091796875,,0,0
atomic_guard,100,83.0,1,authorization_committed,94.434814453125,96.449951171875,0,0
atomic_margin3,100,83.5,1,authorization_committed,93.85009765625,95.723388671875,0,0
atomic_guard,100,96.0,0,age_bound_exceeded_at_commit,107.22705078125,,0,0
atomic_margin3,100,83.5,1,authorization_committed,94.77001953125,96.395263671875,0,0
atomic_guard,100,78.5,1,authorization_committed,89.044921875,90.50927734375,0,0
atomic,100,90.0,0,age_bound_exceeded_at_commit,100.75805664062,,0,0
atomic_margin3,100,84.0,1,authorization_committed,94.18017578125,96.232421875,0,0
optimistic,100,78.0,1,published_after_gate_recheck,90.32958984375,90.35498046875,0,0
atomic_margin3,100,80.0,1,authorization_committed,93.344970703125,95.453125,0,0
atomic_guard,100,104.5,0,age_bound_exceeded_at_commit,115.5458984375,,0,0
atomic_margin3,100,98.5,0,age_bound_exceeded_at_commit,109.69116210938,,0,0
atomic_guard,100,101.0,0,age_bound_exceeded_at_commit,114.0791015625,,0,0
optimistic,100,87.5,1,published_after_gate_recheck,99.69921875,99.748779296875,0,0
optimistic,100,77.5,1,published_after_gate_recheck,90.833251953125,90.876220703125,0,0
atomic_guard,100,92.0,0,age_bound_exceeded_at_commit,104.17504882812,,0,0
atomic,100,99.0,0,age_bound_exceeded_at_commit,111.34814453125,,0,0
optimistic,100,95.0,0,deadline exceeded: elapsed 108.8ms > 100ms at release_at_publish,108.79736328125,,0,0
atomic_guard,100,102.0,0,age_bound_exceeded_at_commit,113.11596679688,,0,0
optimistic,100,78.0,1,published_after_gate_recheck,90.225341796875,90.250732421875,0,0
atomic_guard,100,95.0,0,age_bound_exceeded_at_commit,106.52978515625,,0,0
atomic,100,95.5,0,age_bound_exceeded_at_commit,105.78393554688,,0,0
atomic_guard,100,91.5,0,age_bound_exceeded_at_commit,101.86010742188,,0,0
optimistic,100,87.0,1,published_after_gate_recheck,98.97216796875,99.001708984375,0,0
atomic,100,98.0,0,age_bound_exceeded_at_commit,108.6279296875,,0,0
atomic_guard,100,79.0,1,authorization_committed,89.090087890625,90.77587890625,0,0
atomic_guard,100,99.0,0,age_bound_exceeded_at_commit,109.25805664062,,0,0
optimistic,100,75.5,1,published_after_gate_recheck,87.507568359375,87.532470703125,0,0
atomic_guard,100,99.5,0,age_bound_exceeded_at_commit,109.92993164062,,0,0
atomic_guard,100,96.5,0,age_bound_exceeded_at_commit,106.27294921875,,0,0
atomic_guard,100,95.5,0,age_bound_exceeded_at_commit,106.22583007812,,0,0
atomic,100,91.0,0,age_bound_exceeded_at_commit,102.02392578125,,0,0
atomic_guard,100,78.0,1,authorization_committed,88.761962890625,90.60986328125,0,0
atomic_guard,100,97.0,0,age_bound_exceeded_at_commit,107.53100585938,,0,0
atomic,100,90.5,0,age_bound_exceeded_at_commit,100.94116210938,,0,0
optimistic,100,104.0,0,deadline exceeded: elapsed 116.6ms > 100ms at release_at_publish,116.578369140625,,0,0
atomic,100,102.0,0,age_bound_exceeded_at_commit,112.97607421875,,0,0
atomic,100,86.5,1,authorization_committed,99.68212890625,101.579345703125,0,1
atomic_guard,100,89.5,0,age_bound_exceeded_at_commit,101.22192382812,,0,0
atomic_margin3,100,102.0,0,age_bound_exceeded_at_commit,114.60400390625,,0,0
optimistic,100,100.0,0,deadline exceeded: elapsed 113.6ms > 100ms at release_at_publish,113.56884765625,,0,0
optimistic,100,85.5,1,published_after_gate_recheck,99.386474609375,99.474853515625,0,0
atomic,100,99.5,0,age_bound_exceeded_at_commit,111.48706054688,,0,0
optimistic,100,77.0,1,published_after_gate_recheck,89.404052734375,89.432861328125,0,0
atomic_margin3,100,91.5,0,age_bound_exceeded_at_commit,102.06689453125,,0,0
atomic,100,89.0,1,authorization_committed,99.15185546875,100.67138671875,0,1
atomic_guard,100,85.0,1,authorization_committed,96.735107421875,98.405517578125,0,0
atomic_guard,100,87.0,1,authorization_committed,97.780029296875,99.473876953125,0,0
atomic,100,95.0,0,age_bound_exceeded_at_commit,105.40209960938,,0,0
atomic,100,100.5,0,age_bound_exceeded_at_commit,111.14697265625,,0,0
atomic,100,79.5,1,authorization_committed,90.355224609375,92.11767578125,0,0
optimistic,100,93.0,0,deadline exceeded: elapsed 106.5ms > 100ms at release_at_publish,106.464599609375,,0,0
atomic_guard,100,97.5,0,age_bound_exceeded_at_commit,108.68798828125,,0,0
atomic,100,89.0,1,authorization_committed,99.541015625,101.252685546875,0,1
atomic_guard,100,96.5,0,age_bound_exceeded_at_commit,107.46606445312,,0,0
atomic_guard,100,75.0,1,authorization_committed,85.362060546875,87.366943359375,0,0
atomic_guard,100,102.0,0,age_bound_exceeded_at_commit,112.4970703125,,0,0
atomic_guard,100,84.5,1,authorization_committed,96.073974609375,97.80078125,0,0
atomic_guard,100,80.0,1,authorization_committed,91.89501953125,93.68115234375,0,0
atomic_margin3,100,80.0,1,authorization_committed,91.117919921875,92.8583984375,0,0
atomic,100,94.5,0,age_bound_exceeded_at_commit,104.85595703125,,0,0
optimistic,100,92.0,0,deadline exceeded: elapsed 104.7ms > 100ms at release_at_publish,104.71826171875,,0,0
optimistic,100,77.0,1,published_after_gate_recheck,88.985107421875,89.0244140625,0,0
atomic_margin3,100,102.0,0,age_bound_exceeded_at_commit,114.11694335938,,0,0
atomic_guard,100,92.5,0,age_bound_exceeded_at_commit,105.9931640625,,0,0
optimistic,100,90.0,0,deadline exceeded: elapsed 104.3ms > 100ms at release_at_publish,104.25390625,,0,0
atomic_margin3,100,76.5,1,authorization_committed,90.85498046875,92.813720703125,0,0
atomic_guard,100,83.0,1,authorization_committed,94.9150390625,96.70703125,0,0
atomic_guard,100,93.5,0,age_bound_exceeded_at_commit,104.57006835938,,0,0
atomic_margin3,100,80.5,1,authorization_committed,91.882080078125,93.143798828125,0,0
optimistic,100,103.5,0,deadline exceeded: elapsed 116.5ms > 100ms at release_at_publish,116.483154296875,,0,0
atomic_guard,100,82.5,1,authorization_committed,93.553955078125,95.185546875,0,0
optimistic,100,98.5,0,deadline exceeded: elapsed 111.9ms > 100ms at release_at_publish,111.906005859375,,0,0
optimistic,100,92.5,0,deadline exceeded: elapsed 104.4ms > 100ms at release_at_publish,104.38134765625,,0,0
atomic,100,78.0,1,authorization_committed,88.220947265625,89.99658203125,0,0
atomic_margin3,100,100.0,0,age_bound_exceeded_at_commit,109.80786132812,,0,0
atomic_margin3,100,97.5,0,age_bound_exceeded_at_commit,109.91796875,,0,0
atomic_margin3,100,85.0,1,authorization_committed,96.33984375,97.809326171875,0,0
atomic_margin3,100,105.0,0,age_bound_exceeded_at_commit,116.97998046875,,0,0
atomic_guard,100,78.0,1,authorization_committed,89.403076171875,91.17626953125,0,0
optimistic,100,88.5,0,deadline exceeded: elapsed 100.1ms > 100ms at release_at_publish,100.07421875,,0,0
atomic,100,85.5,1,authorization_committed,98.4580078125,100.0478515625,0,1
atomic,100,93.0,0,age_bound_exceeded_at_commit,104.19384765625,,0,0
atomic_margin3,100,101.0,0,age_bound_exceeded_at_commit,112.56616210938,,0,0
optimistic,100,99.5,0,deadline exceeded: elapsed 112.9ms > 100ms at release_at_publish,112.875732421875,,0,0
atomic,100,103.5,0,age_bound_exceeded_at_commit,114.07592773438,,0,0
atomic_margin3,100,98.0,0,age_bound_exceeded_at_commit,109.755859375,,0,0
atomic,100,95.0,0,age_bound_exceeded_at_commit,107.18212890625,,0,0
atomic,100,93.5,0,age_bound_exceeded_at_commit,105.25317382812,,0,0
atomic_margin3,100,77.0,1,authorization_committed,87.951904296875,89.5927734375,0,0
atomic_guard,100,80.0,1,authorization_committed,90.7548828125,92.3955078125,0,0
atomic_guard,100,86.5,1,authorization_committed,95.908935546875,97.5078125,0,0
atomic,100,103.5,0,age_bound_exceeded_at_commit,113.65209960938,,0,0
atomic,100,87.5,1,authorization_committed,98.577880859375,100.1298828125,0,1
atomic_guard,100,79.5,1,authorization_committed,90.2529296875,91.849853515625,0,0
atomic_guard,100,105.0,0,age_bound_exceeded_at_commit,116.50805664062,,0,0
atomic_guard,100,86.0,1,authorization_committed,97.70703125,99.728515625,0,0
optimistic,100,85.0,1,published_after_gate_recheck,98.79443359375,98.8349609375,0,0
atomic_guard,100,83.0,1,authorization_committed,93.9677734375,95.717041015625,0,0
atomic,100,94.0,0,age_bound_exceeded_at_commit,104.55297851562,,0,0
optimistic,100,79.0,1,published_after_gate_recheck,91.32373046875,91.374755859375,0,0
optimistic,100,87.5,0,deadline exceeded: elapsed 101.1ms > 100ms at release_at_publish,101.06298828125,,0,0
atomic_margin3,100,83.0,1,authorization_committed,95.4599609375,97.95751953125,0,0
atomic_guard,100,104.5,0,age_bound_exceeded_at_commit,118.74682617188,,0,0
atomic_guard,100,100.5,0,age_bound_exceeded_at_commit,112.451171875,,0,0
atomic_guard,100,78.0,1,authorization_committed,90.268310546875,92.116455078125,0,0
atomic,100,87.5,1,authorization_committed,99.792236328125,101.612060546875,0,1
atomic_margin3,100,75.0,1,authorization_committed,87.848876953125,89.6357421875,0,0
optimistic,100,91.5,0,deadline exceeded: elapsed 107.0ms > 100ms at release_at_publish,107.00048828125,,0,0
atomic,100,76.0,1,authorization_committed,87.09521484375,88.91552734375,0,0
optimistic,100,76.0,1,published_after_gate_recheck,88.434326171875,88.46240234375,0,0
atomic_guard,100,98.5,0,age_bound_exceeded_at_commit,108.94091796875,,0,0
optimistic,100,99.5,0,deadline exceeded: elapsed 111.6ms > 100ms at release_at_publish,111.5537109375,,0,0
atomic,100,97.0,0,age_bound_exceeded_at_commit,108.10327148438,,0,0
optimistic,100,80.0,1,published_after_gate_recheck,94.001953125,94.0439453125,0,0
atomic_margin3,100,79.0,1,authorization_committed,90.14599609375,91.638427734375,0,0
atomic,100,92.5,0,age_bound_exceeded_at_commit,103.25610351562,,0,0
optimistic,100,77.5,1,published_after_gate_recheck,89.412841796875,89.435546875,0,0
atomic_margin3,100,88.0,0,age_bound_exceeded_at_commit,97.377197265625,,0,0
atomic_margin3,100,94.5,0,age_bound_exceeded_at_commit,106.80590820312,,0,0
atomic,100,90.0,0,age_bound_exceeded_at_commit,101.376953125,,0,0
atomic,100,75.5,1,authorization_committed,86.15087890625,87.640869140625,0,0
optimistic,100,90.0,0,deadline exceeded: elapsed 101.7ms > 100ms at release_at_publish,101.6865234375,,0,0
atomic_margin3,100,103.0,0,age_bound_exceeded_at_commit,113.43188476562,,0,0
optimistic,100,85.0,1,published_after_gate_recheck,98.856201171875,98.918212890625,0,0
atomic,100,88.0,0,age_bound_exceeded_at_commit,100.37817382812,,0,0
atomic_guard,100,98.5,0,age_bound_exceeded_at_commit,109.56884765625,,0,0
atomic,100,95.0,0,age_bound_exceeded_at_commit,109.35375976562,,0,0
optimistic,100,93.0,0,deadline exceeded: elapsed 106.9ms > 100ms at release_at_publish,106.87548828125,,0,0
atomic_guard,100,78.0,1,authorization_committed,90.09716796875,91.829345703125,0,0
optimistic,100,89.0,0,deadline exceeded: elapsed 102.9ms > 100ms at release_at_publish,102.902099609375,,0,0
optimistic,100,93.5,0,deadline exceeded: elapsed 107.2ms > 100ms at release_at_publish,107.164306640625,,0,0
atomic,100,93.0,0,age_bound_exceeded_at_commit,104.0009765625,,0,0
atomic,100,80.5,1,authorization_committed,92.47607421875,94.396484375,0,0
atomic,100,101.5,0,age_bound_exceeded_at_commit,114.798828125,,0,0
atomic_guard,100,103.5,0,age_bound_exceeded_at_commit,116.31298828125,,0,0
optimistic,100,84.0,1,published_after_gate_recheck,97.5341796875,97.5751953125,0,0
atomic_margin3,100,103.0,0,age_bound_exceeded_at_commit,113.61694335938,,0,0
atomic_guard,100,77.5,1,authorization_committed,87.62890625,89.30712890625,0,0
atomic,100,88.5,1,authorization_committed,98.389892578125,100.2060546875,0,1
optimistic,100,92.5,0,deadline exceeded: elapsed 104.3ms > 100ms at release_at_publish,104.302734375,,0,0
optimistic,100,96.5,0,deadline exceeded: elapsed 108.3ms > 100ms at release_at_publish,108.310791015625,,0,0
atomic_margin3,100,90.0,0,age_bound_exceeded_at_commit,100.39111328125,,0,0
optimistic,100,84.0,1,published_after_gate_recheck,94.9072265625,94.931884765625,0,0
atomic,100,99.0,0,age_bound_exceeded_at_commit,111.47900390625,,0,0
atomic,100,82.0,1,authorization_committed,93.116943359375,94.50830078125,0,0
atomic_margin3,100,75.5,1,authorization_committed,87.872802734375,89.6953125,0,0
atomic_margin3,100,95.5,0,age_bound_exceeded_at_commit,106.86401367188,,0,0
atomic_margin3,100,91.0,0,age_bound_exceeded_at_commit,103.40209960938,,0,0
atomic_guard,100,96.0,0,age_bound_exceeded_at_commit,107.85717773438,,0,0
atomic_guard,100,103.0,0,age_bound_exceeded_at_commit,115.05615234375,,0,0
atomic_guard,100,94.5,0,age_bound_exceeded_at_commit,105.09887695312,,0,0
atomic_margin3,100,79.0,1,authorization_committed,90.5830078125,92.413330078125,0,0
optimistic,100,98.0,0,deadline exceeded: elapsed 109.5ms > 100ms at release_at_publish,109.500732421875,,0,0
atomic_guard,100,101.5,0,age_bound_exceeded_at_commit,111.08911132812,,0,0
atomic_guard,100,77.0,1,authorization_committed,87.1748046875,88.80029296875,0,0
optimistic,100,96.0,0,deadline exceeded: elapsed 109.9ms > 100ms at release_at_publish,109.878662109375,,0,0
atomic_margin3,100,88.5,0,age_bound_exceeded_at_commit,100.26098632812,,0,0
atomic,100,86.5,1,authorization_committed,97.84619140625,99.39990234375,0,0
optimistic,100,81.0,1,published_after_gate_recheck,94.12255859375,94.166748046875,0,0
optimistic,100,94.5,0,deadline exceeded: elapsed 106.4ms > 100ms at release_at_publish,106.34716796875,,0,0
optimistic,100,102.0,0,deadline exceeded: elapsed 114.2ms > 100ms at release_at_publish,114.160888671875,,0,0
atomic_guard,100,88.0,0,withheld_by_release_guard:deadline exceeded: elapsed 100.6ms > 100ms at release,98.926025390625,,0,0
atomic,100,87.5,1,authorization_committed,99.31298828125,101.4482421875,0,1
atomic,100,78.5,1,authorization_committed,90.47509765625,92.8515625,0,0
atomic_margin3,100,76.5,1,authorization_committed,87.845947265625,89.28076171875,0,0
atomic_guard,100,101.0,0,age_bound_exceeded_at_commit,112.2099609375,,0,0
atomic_margin3,100,85.5,1,authorization_committed,95.907958984375,97.50732421875,0,0
atomic,100,79.0,1,authorization_committed,90.302978515625,91.99853515625,0,0
atomic_margin3,100,84.5,0,age_bound_exceeded_at_commit,97.0458984375,,0,0
atomic_margin3,100,96.5,0,age_bound_exceeded_at_commit,109.19189453125,,0,0
atomic_guard,100,100.5,0,age_bound_exceeded_at_commit,110.55200195312,,0,0
optimistic,100,103.0,0,deadline exceeded: elapsed 115.6ms > 100ms at release_at_publish,115.563232421875,,0,0
atomic,100,91.5,0,age_bound_exceeded_at_commit,103.5390625,,0,0
atomic,100,77.0,1,authorization_committed,89.31689453125,91.10595703125,0,0
optimistic,100,75.5,1,published_after_gate_recheck,88.734130859375,88.776123046875,0,0
atomic,100,83.5,1,authorization_committed,95.195068359375,97.240966796875,0,0
atomic,100,78.0,1,authorization_committed,89.81982421875,91.912109375,0,0
atomic_guard,100,77.5,1,authorization_committed,89.97802734375,92.474853515625,0,0
atomic_margin3,100,101.0,0,age_bound_exceeded_at_commit,113.71411132812,,0,0
optimistic,100,88.0,0,deadline exceeded: elapsed 101.7ms > 100ms at release_at_publish,101.665283203125,,0,0
atomic_margin3,100,93.5,0,age_bound_exceeded_at_commit,104.67309570312,,0,0
atomic_guard,100,99.0,0,age_bound_exceeded_at_commit,109.5810546875,,0,0
optimistic,100,88.5,0,deadline exceeded: elapsed 100.2ms > 100ms at release_at_publish,100.221435546875,,0,0
optimistic,100,92.5,0,deadline exceeded: elapsed 104.3ms > 100ms at release_at_publish,104.248291015625,,0,0
atomic_guard,100,87.0,1,authorization_committed,98.06201171875,99.8408203125,0,0
atomic,100,76.5,1,authorization_committed,87.134033203125,88.856201171875,0,0
atomic,100,101.5,0,age_bound_exceeded_at_commit,112.01098632812,,0,0
atomic,100,84.5,1,authorization_committed,95.352783203125,96.92822265625,0,0
atomic_guard,100,97.5,0,age_bound_exceeded_at_commit,109.05590820312,,0,0
atomic_guard,100,101.5,0,age_bound_exceeded_at_commit,114.0859375,,0,0
atomic_margin3,100,81.5,1,authorization_committed,94.36328125,96.3974609375,0,0
optimistic,100,75.0,1,published_after_gate_recheck,88.148681640625,88.19189453125,0,0
optimistic,100,79.5,1,published_after_gate_recheck,91.677001953125,91.70654296875,0,0
atomic_margin3,100,99.0,0,age_bound_exceeded_at_commit,109.66088867188,,0,0
atomic,100,75.0,1,authorization_committed,86.55712890625,88.078857421875,0,0
atomic,100,100.5,0,age_bound_exceeded_at_commit,112.64184570312,,0,0
atomic,100,76.0,1,authorization_committed,86.679931640625,88.343505859375,0,0
atomic,100,90.0,0,age_bound_exceeded_at_commit,101.58203125,,0,0
atomic_margin3,100,100.0,0,age_bound_exceeded_at_commit,111.73803710938,,0,0
optimistic,100,92.0,0,deadline exceeded: elapsed 105.3ms > 100ms at release_at_publish,105.26416015625,,0,0
atomic,100,90.0,0,age_bound_exceeded_at_commit,101.92309570312,,0,0
atomic_guard,100,76.0,1,authorization_committed,87.865234375,89.669189453125,0,0
optimistic,100,91.0,0,deadline exceeded: elapsed 104.2ms > 100ms at release_at_publish,104.221923828125,,0,0
optimistic,100,84.0,1,published_after_gate_recheck,97.121337890625,97.173828125,0,0
atomic_margin3,100,82.0,0,age_bound_exceeded_at_commit,97.2119140625,,0,0
atomic_guard,100,84.5,1,authorization_committed,96.9130859375,98.8251953125,0,0
atomic,100,84.0,1,authorization_committed,95.406982421875,97.00244140625,0,0
atomic_guard,100,81.0,1,authorization_committed,92.133056640625,93.84130859375,0,0
atomic_guard,100,89.5,0,age_bound_exceeded_at_commit,100.90576171875,,0,0
atomic_guard,100,97.0,0,age_bound_exceeded_at_commit,107.46704101562,,0,0
atomic_margin3,100,83.0,1,authorization_committed,95.385986328125,96.96728515625,0,0
atomic_margin3,100,89.0,0,age_bound_exceeded_at_commit,100.08276367188,,0,0
atomic,100,95.5,0,age_bound_exceeded_at_commit,107.708984375,,0,0
atomic_margin3,100,82.0,1,authorization_committed,91.47509765625,93.183837890625,0,0
atomic_margin3,100,82.0,1,authorization_committed,92.018798828125,93.682861328125,0,0
optimistic,100,91.0,0,deadline exceeded: elapsed 103.0ms > 100ms at release_at_publish,103.02099609375,,0,0
optimistic,100,75.5,1,published_after_gate_recheck,87.215087890625,87.248291015625,0,0
atomic_margin3,100,75.0,1,authorization_committed,86.8662109375,88.35546875,0,0
atomic_margin3,100,75.0,1,authorization_committed,86.1591796875,87.632568359375,0,0
atomic_margin3,100,100.5,0,age_bound_exceeded_at_commit,112.7490234375,,0,0
optimistic,100,75.0,1,published_after_gate_recheck,87.254150390625,87.329833984375,0,0
atomic_guard,100,98.5,0,age_bound_exceeded_at_commit,110.13623046875,,0,0
atomic_margin3,100,94.5,0,age_bound_exceeded_at_commit,106.12915039062,,0,0
atomic_guard,100,99.0,0,age_bound_exceeded_at_commit,110.99584960938,,0,0
atomic_guard,100,96.0,0,age_bound_exceeded_at_commit,108.4609375,,0,0
atomic,100,77.5,1,authorization_committed,89.802001953125,91.451416015625,0,0
atomic_guard,100,85.0,1,authorization_committed,97.81396484375,99.48388671875,0,0
optimistic,100,98.5,0,deadline exceeded: elapsed 111.2ms > 100ms at release_at_publish,111.170166015625,,0,0
optimistic,100,103.0,0,deadline exceeded: elapsed 115.8ms > 100ms at release_at_publish,115.762451171875,,0,0
atomic_guard,100,96.0,0,age_bound_exceeded_at_commit,107.802734375,,0,0
atomic_margin3,100,90.5,0,age_bound_exceeded_at_commit,101.34692382812,,0,0
atomic_margin3,100,76.0,1,authorization_committed,87.968994140625,89.5947265625,0,0
atomic,100,81.5,1,authorization_committed,93.06298828125,94.695068359375,0,0
atomic_guard,100,104.0,0,age_bound_exceeded_at_commit,115.33813476562,,0,0
atomic_margin3,100,88.0,0,age_bound_exceeded_at_commit,99.115966796875,,0,0
atomic,100,86.0,1,authorization_committed,97.616943359375,99.27197265625,0,0
atomic,100,89.0,0,age_bound_exceeded_at_commit,100.55395507812,,0,0
atomic_guard,100,101.5,0,age_bound_exceeded_at_commit,111.27807617188,,0,0
optimistic,100,84.5,1,published_after_gate_recheck,96.919189453125,96.9501953125,0,0
atomic_margin3,100,102.0,0,age_bound_exceeded_at_commit,113.23388671875,,0,0
atomic,100,105.0,0,age_bound_exceeded_at_commit,116.80078125,,0,0
atomic_guard,100,91.5,0,age_bound_exceeded_at_commit,102.27392578125,,0,0
atomic_guard,100,101.0,0,age_bound_exceeded_at_commit,112.07202148438,,0,0
atomic,100,104.0,0,age_bound_exceeded_at_commit,116.05395507812,,0,0
atomic_guard,100,81.0,1,authorization_committed,95.52099609375,97.827392578125,0,0
optimistic,100,87.0,1,published_after_gate_recheck,99.908447265625,99.9423828125,0,0
atomic_guard,100,100.5,0,age_bound_exceeded_at_commit,111.68310546875,,0,0
atomic_guard,100,87.5,1,authorization_committed,97.93798828125,99.562255859375,0,0
atomic,100,75.5,1,authorization_committed,86.511962890625,88.2412109375,0,0
optimistic,100,101.5,0,deadline exceeded: elapsed 113.8ms > 100ms at release_at_publish,113.7607421875,,0,0
atomic,100,82.0,1,authorization_committed,92.351806640625,94.115478515625,0,0
optimistic,100,102.0,0,deadline exceeded: elapsed 114.4ms > 100ms at release_at_publish,114.3564453125,,0,0
optimistic,100,76.0,1,published_after_gate_recheck,88.7353515625,88.773681640625,0,0
atomic_margin3,100,99.5,0,age_bound_exceeded_at_commit,114.14697265625,,0,0
optimistic,100,86.0,1,published_after_gate_recheck,99.13330078125,99.17724609375,0,0
optimistic,100,90.0,0,deadline exceeded: elapsed 101.9ms > 100ms at release_at_publish,101.9140625,,0,0
atomic_margin3,100,100.5,0,age_bound_exceeded_at_commit,111.11987304688,,0,0
atomic,100,78.5,1,authorization_committed,90.69921875,92.125244140625,0,0
optimistic,100,77.5,1,published_after_gate_recheck,91.55224609375,91.587158203125,0,0
atomic,100,85.5,1,authorization_committed,97.427001953125,99.2314453125,0,0
optimistic,100,91.5,0,deadline exceeded: elapsed 107.4ms > 100ms at release_at_publish,107.351806640625,,0,0
optimistic,100,82.0,1,published_after_gate_recheck,94.06201171875,94.090576171875,0,0
optimistic,100,105.0,0,deadline exceeded: elapsed 118.6ms > 100ms at release_at_publish,118.590087890625,,0,0
atomic_margin3,100,77.5,1,authorization_committed,89.197021484375,91.25732421875,0,0
atomic,100,96.5,0,age_bound_exceeded_at_commit,107.3349609375,,0,0
optimistic,100,83.5,1,published_after_gate_recheck,98.081787109375,98.12841796875,0,0
atomic_margin3,100,90.5,0,age_bound_exceeded_at_commit,108.8681640625,,0,0
atomic_guard,100,86.5,0,withheld_by_release_guard:deadline exceeded: elapsed 100.5ms > 100ms at release,98.181884765625,,0,0
atomic_guard,100,80.5,1,authorization_committed,91.31298828125,93.031494140625,0,0
atomic,100,89.0,1,authorization_committed,99.595947265625,101.24462890625,0,1
optimistic,100,84.0,1,published_after_gate_recheck,95.94091796875,95.97705078125,0,0
optimistic,100,96.0,0,deadline exceeded: elapsed 108.4ms > 100ms at release_at_publish,108.403564453125,,0,0
atomic,100,101.5,0,age_bound_exceeded_at_commit,112.49194335938,,0,0
atomic,100,75.0,1,authorization_committed,86.93408203125,89.015625,0,0
atomic,100,85.5,1,authorization_committed,97.35498046875,98.911376953125,0,0
atomic_guard,100,102.5,0,age_bound_exceeded_at_commit,113.833984375,,0,0
atomic_margin3,100,82.5,1,authorization_committed,95.003173828125,97.124755859375,0,0
atomic_guard,100,89.0,0,age_bound_exceeded_at_commit,100.02026367188,,0,0
optimistic,100,87.5,0,deadline exceeded: elapsed 100.3ms > 100ms at release_at_publish,100.317626953125,,0,0
optimistic,100,75.5,1,published_after_gate_recheck,89.48681640625,89.52490234375,0,0
optimistic,100,76.5,1,published_after_gate_recheck,89.224609375,89.260009765625,0,0
atomic_guard,100,92.5,0,age_bound_exceeded_at_commit,104.31103515625,,0,0
optimistic,100,81.0,1,published_after_gate_recheck,92.615234375,92.645263671875,0,0
atomic_margin3,100,79.0,1,authorization_committed,89.72412109375,91.2412109375,0,0
atomic_margin3,100,81.5,1,authorization_committed,92.75390625,94.635009765625,0,0
atomic_margin3,100,89.0,0,age_bound_exceeded_at_commit,99.02685546875,,0,0
atomic,100,89.0,0,age_bound_exceeded_at_commit,100.25,,0,0
atomic_guard,100,78.5,1,authorization_committed,88.279052734375,89.734130859375,0,0
optimistic,100,95.0,0,deadline exceeded: elapsed 107.8ms > 100ms at release_at_publish,107.781005859375,,0,0
atomic_margin3,100,76.5,1,authorization_committed,89.241943359375,91.076416015625,0,0
atomic_margin3,100,79.0,1,authorization_committed,90.52880859375,92.443603515625,0,0
atomic,100,90.5,0,age_bound_exceeded_at_commit,102.23193359375,,0,0
atomic_margin3,100,98.0,0,age_bound_exceeded_at_commit,109.248046875,,0,0
atomic_guard,100,75.0,1,authorization_committed,85.536865234375,87.032958984375,0,0
atomic,100,88.0,1,authorization_committed,98.596923828125,100.35693359375,0,1
optimistic,100,78.0,1,published_after_gate_recheck,90.306640625,90.344482421875,0,0
atomic_margin3,100,79.5,1,authorization_committed,90.813720703125,92.798828125,0,0
atomic,100,103.0,0,age_bound_exceeded_at_commit,114.13110351562,,0,0
atomic_guard,100,99.5,0,age_bound_exceeded_at_commit,112.7958984375,,0,0
atomic_margin3,100,92.5,0,age_bound_exceeded_at_commit,103.5771484375,,0,0
atomic,100,100.5,0,age_bound_exceeded_at_commit,113.255859375,,0,0
optimistic,100,91.5,0,deadline exceeded: elapsed 105.6ms > 100ms at release_at_publish,105.6435546875,,0,0
atomic,100,84.5,1,authorization_committed,95.946044921875,98.105224609375,0,0
optimistic,100,83.0,1,published_after_gate_recheck,94.834716796875,94.863525390625,0,0
atomic_margin3,100,82.5,1,authorization_committed,93.76904296875,95.510009765625,0,0
atomic_margin3,100,76.0,1,authorization_committed,87.798095703125,89.239013671875,0,0
atomic_guard,100,78.5,1,authorization_committed,89.2451171875,91.486328125,0,0
atomic,100,98.0,0,age_bound_exceeded_at_commit,108.91674804688,,0,0
optimistic,100,100.0,0,deadline exceeded: elapsed 113.7ms > 100ms at release_at_publish,113.6435546875,,0,0
atomic,100,105.0,0,age_bound_exceeded_at_commit,115.84008789062,,0,0
atomic,100,100.5,0,age_bound_exceeded_at_commit,112.55712890625,,0,0
atomic,100,97.0,0,age_bound_exceeded_at_commit,109.46606445312,,0,0
optimistic,100,103.0,0,deadline exceeded: elapsed 114.9ms > 100ms at release_at_publish,114.92529296875,,0,0
atomic_margin3,100,77.5,1,authorization_committed,88.588134765625,90.397705078125,0,0
atomic,100,95.0,0,age_bound_exceeded_at_commit,106.31201171875,,0,0
optimistic,100,90.0,0,deadline exceeded: elapsed 100.7ms > 100ms at release_at_publish,100.679931640625,,0,0
optimistic,100,98.5,0,deadline exceeded: elapsed 110.3ms > 100ms at release_at_publish,110.240966796875,,0,0
atomic_margin3,100,98.0,0,age_bound_exceeded_at_commit,109.10229492188,,0,0
atomic_guard,100,105.0,0,age_bound_exceeded_at_commit,116.7568359375,,0,0
atomic_guard,100,85.0,1,authorization_committed,97.836181640625,99.4423828125,0,0
atomic_guard,100,76.0,1,authorization_committed,86.923095703125,88.693115234375,0,0
atomic,100,91.5,0,age_bound_exceeded_at_commit,102.5810546875,,0,0
optimistic,100,84.0,1,published_after_gate_recheck,96.939697265625,96.978759765625,0,0
optimistic,100,91.0,0,deadline exceeded: elapsed 103.5ms > 100ms at release_at_publish,103.453125,,0,0
optimistic,100,89.0,0,deadline exceeded: elapsed 101.2ms > 100ms at release_at_publish,101.215087890625,,0,0
atomic_guard,100,89.5,0,age_bound_exceeded_at_commit,101.71508789062,,0,0
atomic,100,94.0,0,age_bound_exceeded_at_commit,108.583984375,,0,0
atomic_guard,100,88.5,0,age_bound_exceeded_at_commit,101.89721679688,,0,0
atomic,100,92.5,0,age_bound_exceeded_at_commit,105.259765625,,0,0
atomic_margin3,100,81.5,1,authorization_committed,91.846923828125,93.440185546875,0,0
atomic_margin3,100,89.5,0,age_bound_exceeded_at_commit,100.35009765625,,0,0
optimistic,100,92.0,0,deadline exceeded: elapsed 103.3ms > 100ms at release_at_publish,103.323486328125,,0,0
atomic_guard,100,81.5,1,authorization_committed,92.39794921875,94.03857421875,0,0
atomic,100,104.5,0,age_bound_exceeded_at_commit,115.28198242188,,0,0
atomic_guard,100,78.0,1,authorization_committed,88.90380859375,91.03857421875,0,0
atomic_margin3,100,93.5,0,age_bound_exceeded_at_commit,105.13916015625,,0,0
atomic_margin3,100,86.0,0,age_bound_exceeded_at_commit,97.010986328125,,0,0
optimistic,100,92.0,0,deadline exceeded: elapsed 105.2ms > 100ms at release_at_publish,105.216796875,,0,0
atomic_guard,100,85.5,1,authorization_committed,96.455078125,97.94287109375,0,0
atomic_margin3,100,96.0,0,age_bound_exceeded_at_commit,106.49194335938,,0,0
optimistic,100,83.5,1,published_after_gate_recheck,97.031982421875,97.0859375,0,0
optimistic,100,89.5,0,deadline exceeded: elapsed 103.4ms > 100ms at release_at_publish,103.401611328125,,0,0
atomic_margin3,100,78.5,1,authorization_committed,90.343017578125,92.355224609375,0,0
atomic_guard,100,95.5,0,age_bound_exceeded_at_commit,107.04907226562,,0,0
optimistic,100,93.0,0,deadline exceeded: elapsed 107.4ms > 100ms at release_at_publish,107.3447265625,,0,0
atomic_guard,100,96.5,0,age_bound_exceeded_at_commit,107.88720703125,,0,0
atomic_margin3,100,92.0,0,age_bound_exceeded_at_commit,103.04125976562,,0,0
atomic_guard,100,96.5,0,age_bound_exceeded_at_commit,107.23779296875,,0,0
optimistic,100,95.5,0,deadline exceeded: elapsed 109.4ms > 100ms at release_at_publish,109.4033203125,,0,0
atomic_margin3,100,102.5,0,age_bound_exceeded_at_commit,114.55297851562,,0,0
atomic_margin3,100,94.5,0,age_bound_exceeded_at_commit,106.11499023438,,0,0
atomic_guard,100,101.0,0,age_bound_exceeded_at_commit,112.44213867188,,0,0
atomic_margin3,100,82.5,1,authorization_committed,93.703857421875,95.09521484375,0,0
atomic,100,97.0,0,age_bound_exceeded_at_commit,108.05615234375,,0,0
atomic,100,90.5,0,age_bound_exceeded_at_commit,102.56176757812,,0,0
atomic_guard,100,84.0,1,authorization_committed,95.3740234375,97.181640625,0,0
atomic,100,92.5,0,age_bound_exceeded_at_commit,103.07788085938,,0,0
atomic,100,78.0,1,authorization_committed,90.053955078125,91.684814453125,0,0
optimistic,100,82.0,1,published_after_gate_recheck,94.07763671875,94.12451171875,0,0
atomic_margin3,100,93.0,0,age_bound_exceeded_at_commit,105.02416992188,,0,0
atomic_margin3,100,77.0,1,authorization_committed,88.7138671875,90.621826171875,0,0
optimistic,100,93.0,0,deadline exceeded: elapsed 105.8ms > 100ms at release_at_publish,105.758544921875,,0,0
optimistic,100,96.5,0,deadline exceeded: elapsed 108.5ms > 100ms at release_at_publish,108.449462890625,,0,0
atomic,100,86.5,1,authorization_committed,97.577880859375,99.2939453125,0,0
atomic_guard,100,103.5,0,age_bound_exceeded_at_commit,115.27392578125,,0,0
optimistic,100,95.5,0,deadline exceeded: elapsed 108.0ms > 100ms at release_at_publish,107.9521484375,,0,0
optimistic,100,86.5,1,published_after_gate_recheck,98.916259765625,98.955322265625,0,0
optimistic,100,90.5,0,deadline exceeded: elapsed 102.2ms > 100ms at release_at_publish,102.216064453125,,0,0
atomic,100,90.0,0,age_bound_exceeded_at_commit,101.15405273438,,0,0
atomic_guard,100,87.0,0,withheld_by_release_guard:deadline exceeded: elapsed 100.3ms > 100ms at release,98.575927734375,,0,0
atomic,100,92.5,0,age_bound_exceeded_at_commit,104.826171875,,0,0
atomic_guard,100,100.0,0,age_bound_exceeded_at_commit,110.55395507812,,0,0
atomic_margin3,100,88.0,0,age_bound_exceeded_at_commit,98.723876953125,,0,0
atomic_margin3,100,94.5,0,age_bound_exceeded_at_commit,106.17504882812,,0,0
atomic,100,104.5,0,age_bound_exceeded_at_commit,117.40087890625,,0,0
optimistic,100,88.5,0,deadline exceeded: elapsed 102.2ms > 100ms at release_at_publish,102.240234375,,0,0
atomic_guard,100,104.5,0,age_bound_exceeded_at_commit,117.69580078125,,0,0
optimistic,100,94.5,0,deadline exceeded: elapsed 108.5ms > 100ms at release_at_publish,108.485595703125,,0,0
atomic_margin3,100,83.5,1,authorization_committed,94.717041015625,96.630859375,0,0
atomic_margin3,100,82.5,1,authorization_committed,94.14794921875,95.81298828125,0,0
atomic,100,84.0,1,authorization_committed,95.7451171875,97.695556640625,0,0
atomic_guard,100,93.0,0,age_bound_exceeded_at_commit,105.10180664062,,0,0
atomic_margin3,100,76.0,1,authorization_committed,87.65380859375,89.157958984375,0,0
atomic,100,92.0,0,age_bound_exceeded_at_commit,102.65502929688,,0,0
atomic_margin3,100,82.0,1,authorization_committed,93.10009765625,94.87353515625,0,0
optimistic,100,95.5,0,deadline exceeded: elapsed 108.5ms > 100ms at release_at_publish,108.464599609375,,0,0
atomic,100,97.0,0,age_bound_exceeded_at_commit,109.05615234375,,0,0
atomic_margin3,100,82.5,1,authorization_committed,95.037109375,97.009033203125,0,0
atomic_guard,100,103.5,0,age_bound_exceeded_at_commit,115.33203125,,0,0
atomic,100,95.0,0,age_bound_exceeded_at_commit,105.40112304688,,0,0
atomic,100,93.5,0,age_bound_exceeded_at_commit,105.44921875,,0,0
atomic_guard,100,82.0,1,authorization_committed,92.971923828125,94.586669921875,0,0
atomic_margin3,100,103.5,0,age_bound_exceeded_at_commit,114.0048828125,,0,0
optimistic,100,81.5,1,published_after_gate_recheck,94.198486328125,94.2578125,0,0
atomic_margin3,100,85.0,0,age_bound_exceeded_at_commit,97.113037109375,,0,0
atomic_margin3,100,91.0,0,age_bound_exceeded_at_commit,101.52709960938,,0,0
optimistic,100,95.5,0,deadline exceeded: elapsed 109.0ms > 100ms at release_at_publish,109.03955078125,,0,0
atomic,100,93.5,0,age_bound_exceeded_at_commit,105.71997070312,,0,0
atomic_margin3,100,79.0,1,authorization_committed,90.339111328125,92.166748046875,0,0
atomic_guard,100,81.5,1,authorization_committed,92.968017578125,94.724609375,0,0
atomic_margin3,100,77.0,1,authorization_committed,88.130126953125,89.91748046875,0,0
atomic_guard,100,78.5,1,authorization_committed,88.72802734375,90.393310546875,0,0
atomic_margin3,100,101.5,0,age_bound_exceeded_at_commit,111.23291015625,,0,0
atomic,100,79.0,1,authorization_committed,90.93603515625,92.417236328125,0,0
atomic,100,76.5,1,authorization_committed,88.533203125,90.461669921875,0,0
atomic,100,82.5,1,authorization_committed,93.49609375,95.142333984375,0,0
optimistic,100,97.0,0,deadline exceeded: elapsed 109.9ms > 100ms at release_at_publish,109.90234375,,0,0
atomic,100,89.0,0,age_bound_exceeded_at_commit,100.91796875,,0,0
atomic_guard,100,103.5,0,age_bound_exceeded_at_commit,119.34594726562,,0,0
atomic_margin3,100,78.0,1,authorization_committed,90.432861328125,92.218017578125,0,0
optimistic,100,102.0,0,deadline exceeded: elapsed 115.6ms > 100ms at release_at_publish,115.620361328125,,0,0
atomic_margin3,100,92.5,0,age_bound_exceeded_at_commit,104.62573242188,,0,0
atomic_guard,100,103.5,0,age_bound_exceeded_at_commit,116.84497070312,,0,0
atomic_guard,100,97.5,0,age_bound_exceeded_at_commit,108.95776367188,,0,0
atomic,100,88.5,1,authorization_committed,99.81005859375,101.246826171875,0,1
atomic_guard,100,90.0,0,age_bound_exceeded_at_commit,100.93701171875,,0,0
optimistic,100,92.5,0,deadline exceeded: elapsed 105.1ms > 100ms at release_at_publish,105.06787109375,,0,0
atomic_guard,100,76.0,1,authorization_committed,87.131103515625,88.896240234375,0,0
optimistic,100,81.5,1,published_after_gate_recheck,95.33349609375,95.385986328125,0,0
atomic_margin3,100,104.0,0,age_bound_exceeded_at_commit,114.62890625,,0,0
atomic_margin3,100,78.0,1,authorization_committed,88.73388671875,90.652099609375,0,0
optimistic,100,95.5,0,deadline exceeded: elapsed 107.9ms > 100ms at release_at_publish,107.919921875,,0,0
atomic_margin3,100,96.0,0,age_bound_exceeded_at_commit,107.13916015625,,0,0
atomic_guard,100,94.0,0,age_bound_exceeded_at_commit,106.04321289062,,0,0
atomic_guard,100,81.5,1,authorization_committed,92.762939453125,94.502197265625,0,0
atomic,100,100.0,0,age_bound_exceeded_at_commit,111.34008789062,,0,0
atomic_margin3,100,76.0,1,authorization_committed,87.612060546875,89.552978515625,0,0
atomic,100,77.0,1,authorization_committed,88.794921875,90.711181640625,0,0
optimistic,100,80.5,1,published_after_gate_recheck,94.030517578125,94.065185546875,0,0
optimistic,100,89.0,0,deadline exceeded: elapsed 101.9ms > 100ms at release_at_publish,101.8828125,,0,0
atomic,100,76.5,1,authorization_committed,87.310791015625,88.866455078125,0,0
atomic_margin3,100,94.0,0,age_bound_exceeded_at_commit,106.81396484375,,0,0
atomic_margin3,100,90.0,0,age_bound_exceeded_at_commit,101.06787109375,,0,0
atomic,100,75.0,1,authorization_committed,85.559814453125,87.270263671875,0,0
optimistic,100,75.5,1,published_after_gate_recheck,91.536376953125,91.5791015625,0,0
atomic,100,101.0,0,age_bound_exceeded_at_commit,112.72509765625,,0,0
atomic_guard,100,77.5,1,authorization_committed,88.715087890625,90.435546875,0,0
atomic,100,98.5,0,age_bound_exceeded_at_commit,109.5390625,,0,0
atomic,100,99.5,0,age_bound_exceeded_at_commit,112.44897460938,,0,0
atomic,100,75.0,1,authorization_committed,85.125,86.709228515625,0,0
atomic,100,102.0,0,age_bound_exceeded_at_commit,112.54711914062,,0,0
optimistic,100,79.0,1,published_after_gate_recheck,91.203125,91.2421875,0,0
atomic,100,77.5,1,authorization_committed,88.065185546875,89.587646484375,0,0
atomic,100,80.5,1,authorization_committed,91.05810546875,92.70458984375,0,0
atomic_guard,100,104.5,0,age_bound_exceeded_at_commit,114.80102539062,,0,0
atomic,100,82.5,1,authorization_committed,93.0419921875,94.589599609375,0,0
atomic,100,94.5,0,age_bound_exceeded_at_commit,104.9560546875,,0,0
atomic_guard,100,76.5,1,authorization_committed,86.930908203125,88.58642578125,0,0
optimistic,100,84.5,1,published_after_gate_recheck,96.193359375,96.222900390625,0,0
optimistic,100,104.5,0,deadline exceeded: elapsed 116.2ms > 100ms at release_at_publish,116.1708984375,,0,0
atomic,100,81.0,1,authorization_committed,91.319091796875,92.882568359375,0,0
atomic_margin3,100,79.5,1,authorization_committed,91.20703125,92.626220703125,0,0
atomic_guard,100,104.5,0,age_bound_exceeded_at_commit,115.76904296875,,0,0
optimistic,100,77.0,1,published_after_gate_recheck,90.68798828125,90.725341796875,0,0
optimistic,100,92.0,0,deadline exceeded: elapsed 103.9ms > 100ms at release_at_publish,103.874755859375,,0,0
atomic_margin3,100,88.5,0,age_bound_exceeded_at_commit,98.438720703125,,0,0
atomic,100,88.5,1,authorization_committed,99.365966796875,102.05810546875,0,1
atomic_guard,100,92.0,0,age_bound_exceeded_at_commit,104.57202148438,,0,0
atomic_guard,100,91.0,0,age_bound_exceeded_at_commit,102.51391601562,,0,0
atomic,100,88.5,0,age_bound_exceeded_at_commit,101.38696289062,,0,0
atomic_margin3,100,105.0,0,age_bound_exceeded_at_commit,117.28784179688,,0,0
optimistic,100,76.0,1,published_after_gate_recheck,89.707275390625,89.75146484375,0,0
atomic_guard,100,90.5,0,age_bound_exceeded_at_commit,101.6650390625,,0,0
atomic_margin3,100,105.0,0,age_bound_exceeded_at_commit,116.52978515625,,0,0
atomic_guard,100,98.0,0,age_bound_exceeded_at_commit,109.88989257812,,0,0
atomic_margin3,100,94.0,0,age_bound_exceeded_at_commit,107.65991210938,,0,0
atomic_margin3,100,80.5,1,authorization_committed,92.385986328125,93.771728515625,0,0
atomic_margin3,100,93.0,0,age_bound_exceeded_at_commit,104.06518554688,,0,0
atomic_guard,100,85.5,1,authorization_committed,96.259033203125,97.992431640625,0,0
atomic_margin3,100,87.5,0,age_bound_exceeded_at_commit,99.916015625,,0,0
atomic,100,102.5,0,age_bound_exceeded_at_commit,115.162109375,,0,0
atomic_margin3,100,81.0,1,authorization_committed,92.135009765625,93.912109375,0,0
atomic_margin3,100,82.0,1,authorization_committed,93.406982421875,95.381591796875,0,0
optimistic,100,89.5,0,deadline exceeded: elapsed 104.2ms > 100ms at release_at_publish,104.2236328125,,0,0
atomic_guard,100,81.5,1,authorization_committed,92.646240234375,94.36376953125,0,0
optimistic,100,76.5,1,published_after_gate_recheck,89.006591796875,89.0537109375,0,0
atomic_margin3,100,94.0,0,age_bound_exceeded_at_commit,105.22412109375,,0,0
atomic_guard,100,99.0,0,age_bound_exceeded_at_commit,109.82006835938,,0,0
optimistic,100,97.5,0,deadline exceeded: elapsed 110.9ms > 100ms at release_at_publish,110.9287109375,,0,0
atomic,100,80.5,1,authorization_committed,90.68603515625,92.37646484375,0,0
atomic_margin3,100,101.5,0,age_bound_exceeded_at_commit,113.927734375,,0,0
atomic_guard,100,98.5,0,age_bound_exceeded_at_commit,110.30981445312,,0,0
atomic_margin3,100,85.0,1,authorization_committed,96.76513671875,98.237548828125,0,0
optimistic,100,93.0,0,deadline exceeded: elapsed 105.5ms > 100ms at release_at_publish,105.511962890625,,0,0
optimistic,100,92.0,0,deadline exceeded: elapsed 105.5ms > 100ms at release_at_publish,105.460205078125,,0,0
atomic_margin3,100,93.5,0,age_bound_exceeded_at_commit,104.60400390625,,0,0
atomic_margin3,100,92.0,0,age_bound_exceeded_at_commit,104.1708984375,,0,0
atomic_guard,100,94.5,0,age_bound_exceeded_at_commit,105.669921875,,0,0
optimistic,100,88.5,0,deadline exceeded: elapsed 101.3ms > 100ms at release_at_publish,101.332275390625,,0,0
optimistic,100,90.0,0,deadline exceeded: elapsed 103.7ms > 100ms at release_at_publish,103.720703125,,0,0
atomic_guard,100,75.5,1,authorization_committed,89.2490234375,91.19580078125,0,0
optimistic,100,81.5,1,published_after_gate_recheck,94.69482421875,94.743408203125,0,0
optimistic,100,89.0,0,deadline exceeded: elapsed 102.8ms > 100ms at release_at_publish,102.81787109375,,0,0
atomic_guard,100,96.5,0,age_bound_exceeded_at_commit,108.19506835938,,0,0
optimistic,100,86.5,1,published_after_gate_recheck,98.86962890625,98.900390625,0,0
atomic_margin3,100,83.0,1,authorization_committed,94.515869140625,96.20849609375,0,0
atomic_margin3,100,91.5,0,age_bound_exceeded_at_commit,102.76196289062,,0,0
optimistic,100,87.5,1,published_after_gate_recheck,99.036376953125,99.071044921875,0,0
atomic_guard,100,80.5,1,authorization_committed,90.869873046875,92.58544921875,0,0
optimistic,100,83.0,1,published_after_gate_recheck,94.552001953125,94.57666015625,0,0
atomic,100,79.5,1,authorization_committed,89.454833984375,91.124267578125,0,0
optimistic,100,104.0,0,deadline exceeded: elapsed 114.8ms > 100ms at release_at_publish,114.800537109375,,0,0
atomic_guard,100,84.5,1,authorization_committed,95.255126953125,96.881591796875,0,0
atomic,100,81.5,1,authorization_committed,92.337890625,94.084228515625,0,0
atomic_guard,100,80.5,1,authorization_committed,90.97216796875,92.572021484375,0,0
optimistic,100,104.0,0,deadline exceeded: elapsed 116.0ms > 100ms at release_at_publish,115.95703125,,0,0
atomic_guard,100,103.0,0,age_bound_exceeded_at_commit,114.38012695312,,0,0
optimistic,100,79.5,1,published_after_gate_recheck,92.552734375,92.594482421875,0,0
atomic_guard,100,83.0,1,authorization_committed,93.661865234375,96.1630859375,0,0
atomic_margin3,100,86.5,0,age_bound_exceeded_at_commit,98.990966796875,,0,0
atomic_margin3,100,89.0,0,age_bound_exceeded_at_commit,101.7880859375,,0,0
optimistic,100,83.0,1,published_after_gate_recheck,96.019287109375,96.078857421875,0,0
atomic,100,98.0,0,age_bound_exceeded_at_commit,108.54174804688,,0,0
atomic_margin3,100,90.0,0,age_bound_exceeded_at_commit,101.13598632812,,0,0
atomic_guard,100,90.0,0,age_bound_exceeded_at_commit,101.92211914062,,0,0
atomic,100,97.0,0,age_bound_exceeded_at_commit,109.26489257812,,0,0
atomic_guard,100,95.5,0,age_bound_exceeded_at_commit,107.61108398438,,0,0
optimistic,100,103.5,0,deadline exceeded: elapsed 116.8ms > 100ms at release_at_publish,116.74560546875,,0,0
atomic,100,86.0,1,authorization_committed,96.564208984375,98.12744140625,0,0
atomic,100,75.0,1,authorization_committed,86.64501953125,88.480224609375,0,0
optimistic,100,97.5,0,deadline exceeded: elapsed 110.0ms > 100ms at release_at_publish,110.01708984375,,0,0
atomic,100,76.0,1,authorization_committed,86.498046875,88.16650390625,0,0
optimistic,100,103.0,0,deadline exceeded: elapsed 115.9ms > 100ms at release_at_publish,115.86669921875,,0,0
atomic_margin3,100,90.5,0,age_bound_exceeded_at_commit,101.35693359375,,0,0
atomic_guard,100,83.0,1,authorization_committed,94.409912109375,96.084716796875,0,0
atomic,100,98.5,0,age_bound_exceeded_at_commit,109.76391601562,,0,0
optimistic,100,82.0,1,published_after_gate_recheck,94.570068359375,94.608154296875,0,0
atomic_guard,100,95.5,0,age_bound_exceeded_at_commit,105.85888671875,,0,0
atomic_margin3,100,100.0,0,age_bound_exceeded_at_commit,111.34790039062,,0,0
optimistic,100,77.0,1,published_after_gate_recheck,90.148681640625,90.20068359375,0,0
optimistic,100,89.0,0,deadline exceeded: elapsed 102.9ms > 100ms at release_at_publish,102.91259765625,,0,0
atomic,100,86.5,1,authorization_committed,97.373046875,99.28369140625,0,0
atomic,100,82.5,1,authorization_committed,93.421142578125,95.08740234375,0,0
atomic,100,96.0,0,age_bound_exceeded_at_commit,107.92602539062,,0,0
atomic_margin3,100,87.5,0,age_bound_exceeded_at_commit,101.72314453125,,0,0
optimistic,100,75.5,1,published_after_gate_recheck,89.037109375,89.09814453125,0,0
atomic,100,100.0,0,age_bound_exceeded_at_commit,112.04809570312,,0,0
atomic_margin3,100,88.5,0,age_bound_exceeded_at_commit,99.782958984375,,0,0
atomic,100,100.5,0,age_bound_exceeded_at_commit,110.51806640625,,0,0
atomic_guard,100,91.5,0,age_bound_exceeded_at_commit,102.63696289062,,0,0
atomic_guard,100,100.0,0,age_bound_exceeded_at_commit,111.57299804688,,0,0
atomic_guard,100,94.5,0,age_bound_exceeded_at_commit,105.86279296875,,0,0
atomic,100,102.0,0,age_bound_exceeded_at_commit,113.43603515625,,0,0
atomic_margin3,100,93.0,0,age_bound_exceeded_at_commit,107.03100585938,,0,0
atomic,100,97.5,0,age_bound_exceeded_at_commit,109.7060546875,,0,0
atomic_margin3,100,76.0,1,authorization_committed,88.077880859375,89.878662109375,0,0
optimistic,100,82.5,1,published_after_gate_recheck,95.164794921875,95.205078125,0,0
atomic_margin3,100,90.0,0,age_bound_exceeded_at_commit,102.12890625,,0,0
atomic_margin3,100,96.0,0,age_bound_exceeded_at_commit,107.69018554688,,0,0
atomic_guard,100,100.0,0,age_bound_exceeded_at_commit,113.26098632812,,0,0
atomic_margin3,100,99.5,0,age_bound_exceeded_at_commit,113.544921875,,0,0
atomic,100,83.5,1,authorization_committed,94.85400390625,96.4560546875,0,0
atomic,100,95.0,0,age_bound_exceeded_at_commit,106.16381835938,,0,0
atomic_margin3,100,105.0,0,age_bound_exceeded_at_commit,116.13598632812,,0,0
atomic,100,75.0,1,authorization_committed,87.369873046875,89.18408203125,0,0
atomic,100,89.0,0,age_bound_exceeded_at_commit,100.27392578125,,0,0
optimistic,100,80.5,1,published_after_gate_recheck,93.836669921875,93.88623046875,0,0
atomic_margin3,100,92.5,0,age_bound_exceeded_at_commit,102.93188476562,,0,0
atomic_margin3,100,103.5,0,age_bound_exceeded_at_commit,115.47900390625,,0,0
atomic_guard,100,99.5,0,age_bound_exceeded_at_commit,109.63110351562,,0,0
atomic,100,102.5,0,age_bound_exceeded_at_commit,114.18017578125,,0,0
atomic_margin3,100,103.0,0,age_bound_exceeded_at_commit,113.1669921875,,0,0
optimistic,100,93.5,0,deadline exceeded: elapsed 105.3ms > 100ms at release_at_publish,105.30712890625,,0,0
atomic,100,97.5,0,age_bound_exceeded_at_commit,108.71997070312,,0,0
atomic_guard,100,77.0,1,authorization_committed,88.5498046875,90.193359375,0,0
atomic,100,94.5,0,age_bound_exceeded_at_commit,106.44604492188,,0,0
optimistic,100,86.0,0,deadline exceeded: elapsed 100.9ms > 100ms at release_at_publish,100.873779296875,,0,0
atomic,100,89.5,0,age_bound_exceeded_at_commit,101.47509765625,,0,0
atomic,100,100.0,0,age_bound_exceeded_at_commit,112.1669921875,,0,0
atomic,100,99.0,0,age_bound_exceeded_at_commit,112.89599609375,,0,0
atomic_margin3,100,96.5,0,age_bound_exceeded_at_commit,108.17797851562,,0,0
optimistic,100,101.5,0,deadline exceeded: elapsed 115.0ms > 100ms at release_at_publish,115.00830078125,,0,0
atomic_margin3,100,80.5,1,authorization_committed,91.318115234375,92.785400390625,0,0
atomic_guard,100,95.0,0,age_bound_exceeded_at_commit,106.30493164062,,0,0
optimistic,100,86.0,1,published_after_gate_recheck,98.205322265625,98.23876953125,0,0
atomic_margin3,100,77.5,1,authorization_committed,88.62890625,90.53466796875,0,0
atomic_guard,100,100.0,0,age_bound_exceeded_at_commit,110.6220703125,,0,0
atomic_guard,100,92.0,0,age_bound_exceeded_at_commit,102.64721679688,,0,0
optimistic,100,96.0,0,deadline exceeded: elapsed 108.7ms > 100ms at release_at_publish,108.65087890625,,0,0
atomic_margin3,100,76.5,1,authorization_committed,86.907958984375,88.66259765625,0,0
optimistic,100,87.5,0,deadline exceeded: elapsed 100.2ms > 100ms at release_at_publish,100.15283203125,,0,0
optimistic,100,94.0,0,deadline exceeded: elapsed 105.9ms > 100ms at release_at_publish,105.848876953125,,0,0
atomic_margin3,100,89.5,0,age_bound_exceeded_at_commit,101.1201171875,,0,0
atomic_margin3,100,83.5,1,authorization_committed,94.68017578125,96.21044921875,0,0
atomic_guard,100,98.0,0,age_bound_exceeded_at_commit,109.47900390625,,0,0
atomic_margin3,100,77.0,1,authorization_committed,87.613037109375,89.38427734375,0,0
optimistic,100,101.0,0,deadline exceeded: elapsed 112.5ms > 100ms at release_at_publish,112.492431640625,,0,0
atomic_margin3,100,76.5,1,authorization_committed,87.962890625,89.8193359375,0,0
atomic,100,98.5,0,age_bound_exceeded_at_commit,110.83520507812,,0,0
atomic_guard,100,102.0,0,age_bound_exceeded_at_commit,113.68798828125,,0,0
atomic_margin3,100,90.0,0,age_bound_exceeded_at_commit,102.18579101562,,0,0
optimistic,100,98.0,0,deadline exceeded: elapsed 112.7ms > 100ms at release_at_publish,112.709716796875,,0,0
atomic_guard,100,99.5,0,age_bound_exceeded_at_commit,111.59692382812,,0,0
optimistic,100,89.5,0,deadline exceeded: elapsed 102.7ms > 100ms at release_at_publish,102.71337890625,,0,0
optimistic,100,94.5,0,deadline exceeded: elapsed 106.7ms > 100ms at release_at_publish,106.659423828125,,0,0
optimistic,100,84.5,1,published_after_gate_recheck,97.703857421875,97.73583984375,0,0
atomic_guard,100,75.5,1,authorization_committed,86.205078125,87.999755859375,0,0
atomic_margin3,100,78.0,1,authorization_committed,89.47509765625,91.558349609375,0,0
atomic,100,94.5,0,age_bound_exceeded_at_commit,105.52221679688,,0,0
atomic,100,96.5,0,age_bound_exceeded_at_commit,107.2109375,,0,0
atomic,100,83.0,1,authorization_committed,93.322021484375,94.997314453125,0,0
atomic,100,100.5,0,age_bound_exceeded_at_commit,112.17504882812,,0,0
atomic_guard,100,99.0,0,age_bound_exceeded_at_commit,112.47998046875,,0,0
atomic_guard,100,93.5,0,age_bound_exceeded_at_commit,106.61206054688,,0,0
atomic_margin3,100,81.5,1,authorization_committed,92.702880859375,94.17041015625,0,0
optimistic,100,96.5,0,deadline exceeded: elapsed 112.9ms > 100ms at release_at_publish,112.841796875,,0,0
optimistic,100,91.0,0,deadline exceeded: elapsed 103.6ms > 100ms at release_at_publish,103.59619140625,,0,0
optimistic,100,100.0,0,deadline exceeded: elapsed 112.4ms > 100ms at release_at_publish,112.35693359375,,0,0
atomic,100,75.5,1,authorization_committed,86.68408203125,88.61767578125,0,0
atomic,100,98.5,0,age_bound_exceeded_at_commit,110.90502929688,,0,0
optimistic,100,86.5,1,published_after_gate_recheck,99.895751953125,99.951416015625,0,0
atomic,100,90.5,0,age_bound_exceeded_at_commit,102.033203125,,0,0
optimistic,100,80.0,1,published_after_gate_recheck,91.994384765625,92.026611328125,0,0
optimistic,100,89.5,0,deadline exceeded: elapsed 101.4ms > 100ms at release_at_publish,101.416259765625,,0,0
optimistic,100,80.0,1,published_after_gate_recheck,92.4375,92.48876953125,0,0
atomic_margin3,100,96.5,0,age_bound_exceeded_at_commit,107.41186523438,,0,0
atomic,100,86.5,1,authorization_committed,97.02587890625,98.695068359375,0,0
atomic_margin3,100,90.5,0,age_bound_exceeded_at_commit,101.42309570312,,0,0
optimistic,100,101.5,0,deadline exceeded: elapsed 114.0ms > 100ms at release_at_publish,113.966064453125,,0,0
optimistic,100,93.0,0,deadline exceeded: elapsed 105.8ms > 100ms at release_at_publish,105.77685546875,,0,0
atomic,100,76.5,1,authorization_committed,87.631103515625,89.30078125,0,0
atomic_margin3,100,85.0,1,authorization_committed,95.546875,97.54638671875,0,0
atomic_margin3,100,104.5,0,age_bound_exceeded_at_commit,116.05297851562,,0,0
atomic,100,97.5,0,age_bound_exceeded_at_commit,108.18579101562,,0,0
atomic_guard,100,99.5,0,age_bound_exceeded_at_commit,110.56909179688,,0,0
atomic_guard,100,84.5,1,authorization_committed,96.213134765625,98.000244140625,0,0
optimistic,100,90.5,0,deadline exceeded: elapsed 103.7ms > 100ms at release_at_publish,103.69580078125,,0,0
atomic,100,93.5,0,age_bound_exceeded_at_commit,104.7080078125,,0,0
atomic_margin3,100,75.5,1,authorization_committed,85.97314453125,87.70947265625,0,0
optimistic,100,104.5,0,deadline exceeded: elapsed 117.1ms > 100ms at release_at_publish,117.097900390625,,0,0
atomic_guard,100,82.5,1,authorization_committed,94.159912109375,95.917724609375,0,0
atomic,100,84.0,1,authorization_committed,96.697021484375,98.620849609375,0,0
optimistic,100,104.5,0,deadline exceeded: elapsed 118.5ms > 100ms at release_at_publish,118.52685546875,,0,0
atomic_guard,100,94.5,0,age_bound_exceeded_at_commit,106.41479492188,,0,0
atomic_guard,100,82.5,1,authorization_committed,92.51904296875,94.673828125,0,0
atomic_margin3,100,98.0,0,age_bound_exceeded_at_commit,108.13598632812,,0,0
optimistic,100,82.5,1,published_after_gate_recheck,94.224853515625,94.2568359375,0,0
optimistic,100,77.5,1,published_after_gate_recheck,90.6845703125,90.744140625,0,0
optimistic,100,88.5,0,deadline exceeded: elapsed 101.1ms > 100ms at release_at_publish,101.08203125,,0,0
atomic,100,75.5,1,authorization_committed,86.801025390625,88.61572265625,0,0
atomic_margin3,100,104.0,0,age_bound_exceeded_at_commit,115.81420898438,,0,0
atomic,100,80.5,1,authorization_committed,93.3349609375,95.335205078125,0,0
atomic_margin3,100,91.0,0,age_bound_exceeded_at_commit,103.5390625,,0,0
atomic_guard,100,87.0,1,authorization_committed,98.24609375,99.8681640625,0,0
atomic_guard,100,100.5,0,age_bound_exceeded_at_commit,113.36499023438,,0,0
atomic_margin3,100,98.5,0,age_bound_exceeded_at_commit,112.509765625,,0,0
atomic_guard,100,87.0,0,withheld_by_release_guard:deadline exceeded: elapsed 101.5ms > 100ms at release,99.716064453125,,0,0
atomic_guard,100,81.5,1,authorization_committed,92.98388671875,94.9970703125,0,0
atomic_guard,100,81.5,1,authorization_committed,91.990966796875,93.900146484375,0,0
atomic,100,95.5,0,age_bound_exceeded_at_commit,105.69799804688,,0,0
atomic,100,94.0,0,age_bound_exceeded_at_commit,104.85595703125,,0,0
atomic_margin3,100,102.5,0,age_bound_exceeded_at_commit,114.7880859375,,0,0
atomic_guard,100,94.0,0,age_bound_exceeded_at_commit,104.955078125,,0,0
atomic,100,98.0,0,age_bound_exceeded_at_commit,110.671875,,0,0
atomic,100,104.5,0,age_bound_exceeded_at_commit,115.25024414062,,0,0
optimistic,100,99.0,0,deadline exceeded: elapsed 111.6ms > 100ms at release_at_publish,111.61767578125,,0,0
atomic_margin3,100,96.0,0,age_bound_exceeded_at_commit,105.64990234375,,0,0
atomic_guard,100,90.5,0,age_bound_exceeded_at_commit,100.67919921875,,0,0
atomic_margin3,100,75.5,1,authorization_committed,92.121826171875,93.7021484375,0,0
atomic_guard,100,87.0,1,authorization_committed,97.968994140625,99.73681640625,0,0
atomic_margin3,100,87.0,0,age_bound_exceeded_at_commit,98.785888671875,,0,0
atomic_margin3,100,95.0,0,age_bound_exceeded_at_commit,105.51293945312,,0,0
atomic,100,84.0,1,authorization_committed,94.572998046875,96.1005859375,0,0
atomic,100,92.0,0,age_bound_exceeded_at_commit,104.85620117188,,0,0
atomic_margin3,100,101.0,0,age_bound_exceeded_at_commit,112.70385742188,,0,0
atomic,100,84.5,1,authorization_committed,96.02001953125,97.63037109375,0,0
atomic_margin3,100,87.5,0,age_bound_exceeded_at_commit,98.166015625,,0,0
atomic_margin3,100,79.0,1,authorization_committed,90.064697265625,91.826171875,0,0
optimistic,100,88.5,0,deadline exceeded: elapsed 101.4ms > 100ms at release_at_publish,101.40771484375,,0,0
atomic,100,91.0,0,age_bound_exceeded_at_commit,103.40600585938,,0,0
atomic_margin3,100,88.5,0,age_bound_exceeded_at_commit,102.89208984375,,0,0
atomic_guard,100,90.0,0,age_bound_exceeded_at_commit,101.20874023438,,0,0
atomic,100,93.5,0,age_bound_exceeded_at_commit,104.06201171875,,0,0
optimistic,100,93.5,0,deadline exceeded: elapsed 106.3ms > 100ms at release_at_publish,106.264404296875,,0,0
atomic,100,104.5,0,age_bound_exceeded_at_commit,116.0390625,,0,0
optimistic,100,96.5,0,deadline exceeded: elapsed 109.4ms > 100ms at release_at_publish,109.4140625,,0,0
atomic_guard,100,79.0,1,authorization_committed,89.77099609375,91.421142578125,0,0
optimistic,100,87.0,1,published_after_gate_recheck,99.581298828125,99.62255859375,0,0
atomic_guard,100,79.0,1,authorization_committed,89.59716796875,91.457275390625,0,0
optimistic,100,103.0,0,deadline exceeded: elapsed 117.0ms > 100ms at release_at_publish,117.020263671875,,0,0
atomic_margin3,100,89.5,0,age_bound_exceeded_at_commit,99.51806640625,,0,0
optimistic,100,94.0,0,deadline exceeded: elapsed 106.5ms > 100ms at release_at_publish,106.520751953125,,0,0
optimistic,100,98.5,0,deadline exceeded: elapsed 111.7ms > 100ms at release_at_publish,111.649169921875,,0,0
atomic_guard,100,84.0,1,authorization_committed,95.23876953125,97.154052734375,0,0
atomic_guard,100,100.0,0,age_bound_exceeded_at_commit,111.74877929688,,0,0
optimistic,100,81.5,1,published_after_gate_recheck,94.12548828125,94.159423828125,0,0
optimistic,100,103.5,0,deadline exceeded: elapsed 121.8ms > 100ms at release_at_publish,121.795654296875,,0,0
optimistic,100,98.0,0,deadline exceeded: elapsed 112.1ms > 100ms at release_at_publish,112.1337890625,,0,0
atomic,100,89.0,1,authorization_committed,99.864013671875,102.00634765625,0,1
atomic_guard,100,95.0,0,age_bound_exceeded_at_commit,105.748046875,,0,0
optimistic,100,92.5,0,deadline exceeded: elapsed 104.7ms > 100ms at release_at_publish,104.65087890625,,0,0
atomic_margin3,100,96.5,0,age_bound_exceeded_at_commit,106.7998046875,,0,0
atomic_margin3,100,103.5,0,age_bound_exceeded_at_commit,114.23706054688,,0,0
optimistic,100,84.0,1,published_after_gate_recheck,97.2568359375,97.452880859375,0,0
atomic,100,94.0,0,age_bound_exceeded_at_commit,105.70532226562,,0,0
atomic_guard,100,96.5,0,age_bound_exceeded_at_commit,107.85693359375,,0,0
optimistic,100,91.5,0,deadline exceeded: elapsed 104.4ms > 100ms at release_at_publish,104.382080078125,,0,0
optimistic,100,100.5,0,deadline exceeded: elapsed 112.1ms > 100ms at release_at_publish,112.109130859375,,0,0
atomic_guard,100,102.5,0,age_bound_exceeded_at_commit,116.85913085938,,0,0
optimistic,100,85.0,1,published_after_gate_recheck,98.76611328125,98.828369140625,0,0
atomic,100,98.0,0,age_bound_exceeded_at_commit,110.18994140625,,0,0
atomic_guard,100,82.5,1,authorization_committed,94.473876953125,96.04931640625,0,0
atomic_guard,100,99.0,0,age_bound_exceeded_at_commit,110.90502929688,,0,0
atomic_margin3,100,101.0,0,age_bound_exceeded_at_commit,112.0048828125,,0,0
atomic,100,99.5,0,age_bound_exceeded_at_commit,111.19897460938,,0,0
atomic_guard,100,80.0,1,authorization_committed,91.985107421875,93.68359375,0,0
atomic,100,78.0,1,authorization_committed,88.53515625,90.447509765625,0,0
atomic_margin3,100,97.0,0,age_bound_exceeded_at_commit,108.32397460938,,0,0
optimistic,100,79.0,1,published_after_gate_recheck,91.96923828125,92.032470703125,0,0
atomic,100,85.0,1,authorization_committed,95.5419921875,97.368896484375,0,0
atomic_guard,100,79.5,1,authorization_committed,94.491943359375,96.249267578125,0,0
atomic_guard,100,81.0,1,authorization_committed,91.52099609375,93.232666015625,0,0
atomic,100,78.5,1,authorization_committed,91.10498046875,93.2783203125,0,0
atomic,100,78.5,1,authorization_committed,88.951171875,90.505126953125,0,0
atomic_margin3,100,91.5,0,age_bound_exceeded_at_commit,102.14672851562,,0,0
optimistic,100,89.5,0,deadline exceeded: elapsed 103.5ms > 100ms at release_at_publish,103.4658203125,,0,0
atomic_margin3,100,79.5,1,authorization_committed,95.01416015625,97.187255859375,0,0
atomic_margin3,100,92.0,0,age_bound_exceeded_at_commit,104.65283203125,,0,0
atomic,100,80.0,1,authorization_committed,91.012939453125,92.496337890625,0,0
atomic_guard,100,77.0,1,authorization_committed,87.255126953125,88.599365234375,0,0
atomic,100,82.0,1,authorization_committed,92.386962890625,94.0009765625,0,0
atomic_guard,100,77.5,1,authorization_committed,87.656005859375,89.4140625,0,0
atomic,100,77.5,1,authorization_committed,88.18212890625,90.027587890625,0,0
atomic_margin3,100,79.5,1,authorization_committed,90.0859375,91.587890625,0,0
atomic_margin3,100,89.5,0,age_bound_exceeded_at_commit,99.508056640625,,0,0
atomic_guard,100,105.0,0,age_bound_exceeded_at_commit,115.4970703125,,0,0
atomic,100,85.0,1,authorization_committed,95.703125,97.501220703125,0,0
atomic_margin3,100,95.0,0,age_bound_exceeded_at_commit,104.99609375,,0,0
optimistic,100,92.5,0,deadline exceeded: elapsed 106.2ms > 100ms at release_at_publish,106.2001953125,,0,0
optimistic,100,82.0,1,published_after_gate_recheck,93.99755859375,94.04931640625,0,0
atomic,100,91.5,0,age_bound_exceeded_at_commit,103.97119140625,,0,0
atomic_guard,100,75.0,1,authorization_committed,87.073974609375,88.71044921875,0,0
atomic,100,95.5,0,age_bound_exceeded_at_commit,107.33618164062,,0,0
atomic_margin3,100,97.0,0,age_bound_exceeded_at_commit,107.77197265625,,0,0
atomic,100,78.0,1,authorization_committed,88.97607421875,90.709228515625,0,0
atomic_margin3,100,77.0,1,authorization_committed,87.518798828125,89.31640625,0,0
atomic_margin3,100,76.0,1,authorization_committed,86.080810546875,87.663818359375,0,0
atomic,100,80.5,1,authorization_committed,92.10791015625,93.731201171875,0,0
atomic,100,82.5,1,authorization_committed,93.753662109375,95.668701171875,0,0
atomic_margin3,100,99.0,0,age_bound_exceeded_at_commit,110.72998046875,,0,0
atomic,100,78.5,1,authorization_committed,88.885986328125,90.52294921875,0,0
atomic,100,83.0,1,authorization_committed,93.80419921875,95.41064453125,0,0
optimistic,100,103.0,0,deadline exceeded: elapsed 115.7ms > 100ms at release_at_publish,115.740478515625,,0,0
atomic,100,103.5,0,age_bound_exceeded_at_commit,114.51684570312,,0,0
atomic_guard,100,77.5,1,authorization_committed,88.16796875,89.60009765625,0,0
atomic_guard,100,75.0,1,authorization_committed,85.26806640625,86.75390625,0,0
atomic_margin3,100,101.0,0,age_bound_exceeded_at_commit,111.24194335938,,0,0
atomic_margin3,100,105.0,0,age_bound_exceeded_at_commit,114.93212890625,,0,0
atomic,100,81.5,1,authorization_committed,92.011962890625,93.508544921875,0,0
optimistic,100,92.5,0,deadline exceeded: elapsed 105.6ms > 100ms at release_at_publish,105.642333984375,,0,0
atomic,100,94.5,0,age_bound_exceeded_at_commit,105.16284179688,,0,0
atomic_margin3,100,87.5,0,age_bound_exceeded_at_commit,99.234130859375,,0,0
atomic_margin3,100,89.0,0,age_bound_exceeded_at_commit,99.549072265625,,0,0
atomic_margin3,100,96.5,0,age_bound_exceeded_at_commit,107.4609375,,0,0
optimistic,100,87.0,0,deadline exceeded: elapsed 101.1ms > 100ms at release_at_publish,101.0478515625,,0,0
optimistic,100,85.0,1,published_after_gate_recheck,97.645263671875,97.684814453125,0,0
atomic_margin3,100,84.5,1,authorization_committed,95.27490234375,96.882568359375,0,0
atomic,100,87.0,1,authorization_committed,97.4208984375,99.181640625,0,0
atomic,100,79.5,1,authorization_committed,91.260009765625,93.192138671875,0,0
optimistic,100,100.5,0,deadline exceeded: elapsed 112.6ms > 100ms at release_at_publish,112.591064453125,,0,0
atomic,100,101.5,0,age_bound_exceeded_at_commit,112.26684570312,,0,0
atomic_guard,100,104.0,0,age_bound_exceeded_at_commit,115.83203125,,0,0
optimistic,100,100.5,0,deadline exceeded: elapsed 113.8ms > 100ms at release_at_publish,113.76513671875,,0,0
atomic,100,99.0,0,age_bound_exceeded_at_commit,109.30078125,,0,0
atomic_guard,100,92.5,0,age_bound_exceeded_at_commit,103.19995117188,,0,0
atomic_guard,100,83.5,1,authorization_committed,94.347900390625,95.965087890625,0,0
atomic,100,91.5,0,age_bound_exceeded_at_commit,102.94482421875,,0,0
optimistic,100,88.0,0,deadline exceeded: elapsed 100.8ms > 100ms at release_at_publish,100.75830078125,,0,0
atomic_guard,100,88.0,0,age_bound_exceeded_at_commit,100.01416015625,,0,0
atomic,100,84.0,1,authorization_committed,94.302978515625,95.934326171875,0,0
atomic_guard,100,84.0,1,authorization_committed,94.431884765625,96.34326171875,0,0
atomic_margin3,100,82.5,1,authorization_committed,93.660888671875,95.3515625,0,0
atomic_margin3,100,105.0,0,age_bound_exceeded_at_commit,116.298828125,,0,0
atomic_margin3,100,91.5,0,age_bound_exceeded_at_commit,102.11987304688,,0,0
atomic_guard,100,79.0,1,authorization_committed,89.81884765625,91.594970703125,0,0
atomic_guard,100,97.0,0,age_bound_exceeded_at_commit,107.81909179688,,0,0
atomic_guard,100,83.5,1,authorization_committed,94.099853515625,95.88330078125,0,0
atomic_margin3,100,95.0,0,age_bound_exceeded_at_commit,105.81811523438,,0,0
atomic_margin3,100,105.0,0,age_bound_exceeded_at_commit,116.43701171875,,0,0
optimistic,100,100.0,0,deadline exceeded: elapsed 112.2ms > 100ms at release_at_publish,112.16796875,,0,0
atomic,100,91.0,0,age_bound_exceeded_at_commit,101.94702148438,,0,0
atomic,100,84.5,1,authorization_committed,95.949951171875,97.638427734375,0,0
optimistic,100,77.5,1,published_after_gate_recheck,89.79541015625,89.848876953125,0,0
atomic,100,101.0,0,age_bound_exceeded_at_commit,111.56884765625,,0,0
optimistic,100,102.5,0,deadline exceeded: elapsed 115.3ms > 100ms at release_at_publish,115.31689453125,,0,0
atomic_margin3,100,94.5,0,age_bound_exceeded_at_commit,105.90600585938,,0,0
optimistic,100,100.0,0,deadline exceeded: elapsed 112.2ms > 100ms at release_at_publish,112.147705078125,,0,0
atomic_guard,100,75.0,1,authorization_committed,85.751953125,87.405517578125,0,0
optimistic,100,104.0,0,deadline exceeded: elapsed 116.4ms > 100ms at release_at_publish,116.40185546875,,0,0
atomic_guard,100,88.0,0,withheld_by_release_guard:deadline exceeded: elapsed 102.0ms > 100ms at release,99.820068359375,,0,0
atomic_margin3,100,97.0,0,age_bound_exceeded_at_commit,106.76904296875,,0,0
atomic_guard,100,83.0,1,authorization_committed,96.930908203125,98.832275390625,0,0
atomic_margin3,100,104.0,0,age_bound_exceeded_at_commit,115.751953125,,0,0
atomic_guard,100,94.0,0,age_bound_exceeded_at_commit,105.94482421875,,0,0
atomic,100,94.0,0,age_bound_exceeded_at_commit,105.06005859375,,0,0
atomic_guard,100,78.5,1,authorization_committed,90.422119140625,92.285400390625,0,0
atomic_guard,100,100.5,0,age_bound_exceeded_at_commit,111.2529296875,,0,0
atomic_guard,100,82.5,1,authorization_committed,94.02392578125,96.361328125,0,0
atomic_margin3,100,77.5,1,authorization_committed,89.1708984375,91.18017578125,0,0
atomic,100,86.5,1,authorization_committed,98.9658203125,100.884765625,0,1
atomic_margin3,100,80.5,1,authorization_committed,92.168212890625,94.037353515625,0,0
atomic,100,91.0,0,age_bound_exceeded_at_commit,101.88720703125,,0,0
optimistic,100,80.5,1,published_after_gate_recheck,92.2978515625,92.334228515625,0,0
optimistic,100,98.0,0,deadline exceeded: elapsed 110.1ms > 100ms at release_at_publish,110.07763671875,,0,0
atomic_margin3,100,96.5,0,age_bound_exceeded_at_commit,107.21997070312,,0,0
atomic,100,95.5,0,age_bound_exceeded_at_commit,107.05102539062,,0,0
optimistic,100,76.5,1,published_after_gate_recheck,88.9716796875,88.999267578125,0,0
optimistic,100,86.5,1,published_after_gate_recheck,99.375244140625,99.413330078125,0,0
optimistic,100,92.0,0,deadline exceeded: elapsed 105.2ms > 100ms at release_at_publish,105.1484375,,0,0
atomic_guard,100,100.5,0,age_bound_exceeded_at_commit,112.18896484375,,0,0
optimistic,100,97.0,0,deadline exceeded: elapsed 110.1ms > 100ms at release_at_publish,110.0703125,,0,0
atomic,100,91.5,0,age_bound_exceeded_at_commit,103.17602539062,,0,0
optimistic,100,87.5,0,deadline exceeded: elapsed 100.4ms > 100ms at release_at_publish,100.39404296875,,0,0
atomic_guard,100,85.0,1,authorization_committed,96.2470703125,98.141845703125,0,0
optimistic,100,101.0,0,deadline exceeded: elapsed 113.5ms > 100ms at release_at_publish,113.456298828125,,0,0
optimistic,100,89.5,0,deadline exceeded: elapsed 101.6ms > 100ms at release_at_publish,101.56103515625,,0,0
atomic_guard,100,90.5,0,age_bound_exceeded_at_commit,100.59106445312,,0,0
atomic_guard,100,97.0,0,age_bound_exceeded_at_commit,107.51879882812,,0,0
atomic_guard,100,101.0,0,age_bound_exceeded_at_commit,111.9970703125,,0,0
optimistic,100,96.0,0,deadline exceeded: elapsed 107.6ms > 100ms at release_at_publish,107.61376953125,,0,0
atomic_guard,100,89.0,0,withheld_by_release_guard:deadline exceeded: elapsed 100.2ms > 100ms at release,98.5439453125,,0,0
atomic_margin3,100,84.0,1,authorization_committed,93.875,95.521240234375,0,0
atomic,100,76.0,1,authorization_committed,85.786865234375,87.2939453125,0,0
optimistic,100,79.0,1,published_after_gate_recheck,91.85595703125,91.89892578125,0,0
atomic,100,101.5,0,age_bound_exceeded_at_commit,113.13403320312,,0,0
atomic_margin3,100,101.5,0,age_bound_exceeded_at_commit,112.33911132812,,0,0
atomic_guard,100,98.5,0,age_bound_exceeded_at_commit,110.87109375,,0,0
atomic_guard,100,93.5,0,age_bound_exceeded_at_commit,104.89208984375,,0,0
atomic_margin3,100,95.5,0,age_bound_exceeded_at_commit,105.78491210938,,0,0
atomic_margin3,100,79.0,1,authorization_committed,90.115966796875,92.13525390625,0,0
atomic,100,104.5,0,age_bound_exceeded_at_commit,114.79711914062,,0,0
atomic_margin3,100,83.0,1,authorization_committed,92.879150390625,94.61083984375,0,0
atomic_margin3,100,86.5,0,age_bound_exceeded_at_commit,98.371826171875,,0,0
atomic_guard,100,94.0,0,age_bound_exceeded_at_commit,105.82104492188,,0,0
optimistic,100,100.5,0,deadline exceeded: elapsed 114.2ms > 100ms at release_at_publish,114.2041015625,,0,0
optimistic,100,76.0,1,published_after_gate_recheck,88.265625,88.300537109375,0,0
optimistic,100,95.0,0,deadline exceeded: elapsed 107.7ms > 100ms at release_at_publish,107.728515625,,0,0
atomic_margin3,100,75.0,1,authorization_committed,85.14697265625,86.910888671875,0,0
atomic_margin3,100,97.5,0,age_bound_exceeded_at_commit,108.24926757812,,0,0
atomic_margin3,100,85.5,1,authorization_committed,95.6708984375,97.31689453125,0,0
atomic_guard,100,88.5,0,withheld_by_release_guard:deadline exceeded: elapsed 101.3ms > 100ms at release,99.5771484375,,0,0
optimistic,100,95.5,0,deadline exceeded: elapsed 107.4ms > 100ms at release_at_publish,107.36376953125,,0,0
optimistic,100,79.0,1,published_after_gate_recheck,92.343017578125,92.384765625,0,0
atomic_guard,100,77.5,1,authorization_committed,87.90185546875,89.53662109375,0,0
atomic,100,82.0,1,authorization_committed,93.799072265625,95.68896484375,0,0
atomic,100,83.0,1,authorization_committed,94.68505859375,96.415283203125,0,0
atomic,100,105.0,0,age_bound_exceeded_at_commit,116.7451171875,,0,0
atomic,100,84.5,1,authorization_committed,95.453125,97.328125,0,0
atomic,100,77.5,1,authorization_committed,89.6298828125,91.6123046875,0,0
atomic,100,84.5,1,authorization_committed,95.81201171875,97.659423828125,0,0
atomic,100,79.5,1,authorization_committed,90.687744140625,92.5869140625,0,0
optimistic,100,77.5,1,published_after_gate_recheck,89.79736328125,89.827392578125,0,0
optimistic,100,83.5,1,published_after_gate_recheck,98.158447265625,98.2138671875,0,0
atomic_guard,100,77.0,1,authorization_committed,88.072998046875,89.77783203125,0,0
optimistic,100,80.0,1,published_after_gate_recheck,92.583251953125,92.616943359375,0,0
atomic,100,87.5,1,authorization_committed,99.2529296875,101.080810546875,0,1
atomic_guard,100,77.5,1,authorization_committed,87.53076171875,89.12255859375,0,0
optimistic,100,103.0,0,deadline exceeded: elapsed 115.4ms > 100ms at release_at_publish,115.404296875,,0,0
atomic_guard,100,76.5,1,authorization_committed,87.3779296875,89.1337890625,0,0
atomic_guard,100,87.0,1,authorization_committed,97.97216796875,99.588134765625,0,0
optimistic,100,85.5,1,published_after_gate_recheck,97.630615234375,97.653564453125,0,0
atomic_margin3,100,90.5,0,age_bound_exceeded_at_commit,101.0498046875,,0,0
atomic,100,99.0,0,age_bound_exceeded_at_commit,109.00903320312,,0,0
optimistic,100,97.0,0,deadline exceeded: elapsed 108.6ms > 100ms at release_at_publish,108.598876953125,,0,0
atomic,100,96.5,0,age_bound_exceeded_at_commit,107.15673828125,,0,0
atomic,100,86.5,1,authorization_committed,98.802001953125,100.323974609375,0,1
atomic,100,79.0,1,authorization_committed,88.613037109375,90.295166015625,0,0
atomic,100,81.5,1,authorization_committed,91.8681640625,93.62890625,0,0
atomic_guard,100,95.5,0,age_bound_exceeded_at_commit,106.033203125,,0,0
atomic_margin3,100,102.5,0,age_bound_exceeded_at_commit,114.01220703125,,0,0
atomic_margin3,100,84.0,1,authorization_committed,95.865966796875,97.597900390625,0,0
atomic_guard,100,91.5,0,age_bound_exceeded_at_commit,104.11694335938,,0,0
atomic_margin3,100,95.5,0,age_bound_exceeded_at_commit,106.64404296875,,0,0
atomic_margin3,100,100.5,0,age_bound_exceeded_at_commit,112.01171875,,0,0
atomic,100,98.0,0,age_bound_exceeded_at_commit,109.89575195312,,0,0
atomic_guard,100,100.5,0,age_bound_exceeded_at_commit,111.57006835938,,0,0
atomic_guard,100,98.0,0,age_bound_exceeded_at_commit,109.67602539062,,0,0
atomic_guard,100,91.5,0,age_bound_exceeded_at_commit,101.84594726562,,0,0
atomic_margin3,100,101.5,0,age_bound_exceeded_at_commit,111.9609375,,0,0
atomic,100,97.5,0,age_bound_exceeded_at_commit,107.01708984375,,0,0
optimistic,100,100.5,0,deadline exceeded: elapsed 113.9ms > 100ms at release_at_publish,113.935302734375,,0,0
optimistic,100,105.0,0,deadline exceeded: elapsed 119.7ms > 100ms at release_at_publish,119.672119140625,,0,0
atomic_guard,100,79.5,1,authorization_committed,90.31689453125,92.08251953125,0,0
atomic_guard,100,93.5,0,age_bound_exceeded_at_commit,103.88403320312,,0,0
atomic,100,102.0,0,age_bound_exceeded_at_commit,113.19506835938,,0,0
atomic_guard,100,97.5,0,age_bound_exceeded_at_commit,108.35473632812,,0,0
atomic,100,102.5,0,age_bound_exceeded_at_commit,112.630859375,,0,0
atomic_guard,100,88.5,0,withheld_by_release_guard:deadline exceeded: elapsed 100.4ms > 100ms at release,98.531982421875,,0,0
atomic_guard,100,101.5,0,age_bound_exceeded_at_commit,113.19702148438,,0,0
atomic_margin3,100,98.0,0,age_bound_exceeded_at_commit,108.06176757812,,0,0
atomic_margin3,100,84.5,1,authorization_committed,94.10009765625,95.7392578125,0,0
atomic,100,96.0,0,age_bound_exceeded_at_commit,106.38916015625,,0,0
optimistic,100,102.5,0,deadline exceeded: elapsed 115.7ms > 100ms at release_at_publish,115.657958984375,,0,0
atomic,100,90.5,0,age_bound_exceeded_at_commit,101.7958984375,,0,0
atomic_margin3,100,81.0,1,authorization_committed,92.06005859375,93.7958984375,0,0
optimistic,100,102.5,0,deadline exceeded: elapsed 115.1ms > 100ms at release_at_publish,115.06884765625,,0,0
atomic,100,79.0,1,authorization_committed,92.446044921875,94.501220703125,0,0
atomic_guard,100,76.5,1,authorization_committed,88.251953125,90.078857421875,0,0
atomic_margin3,100,99.0,0,age_bound_exceeded_at_commit,109.94897460938,,0,0
atomic_margin3,100,85.5,1,authorization_committed,96.839111328125,98.4921875,0,0
atomic_guard,100,79.5,1,authorization_committed,89.545166015625,91.252197265625,0,0
optimistic,100,78.0,1,published_after_gate_recheck,90.54052734375,90.572509765625,0,0
atomic_guard,100,85.5,1,authorization_committed,96.343994140625,98.131103515625,0,0
atomic_margin3,100,96.0,0,age_bound_exceeded_at_commit,108.916015625,,0,0
optimistic,100,96.5,0,deadline exceeded: elapsed 109.2ms > 100ms at release_at_publish,109.185302734375,,0,0
optimistic,100,85.5,1,published_after_gate_recheck,97.20458984375,97.22802734375,0,0
atomic_guard,100,104.0,0,age_bound_exceeded_at_commit,114.36010742188,,0,0
atomic_margin3,100,90.0,0,age_bound_exceeded_at_commit,100.08203125,,0,0
atomic_guard,100,94.5,0,age_bound_exceeded_at_commit,106.251953125,,0,0
atomic_guard,100,97.0,0,age_bound_exceeded_at_commit,107.48901367188,,0,0
atomic,100,91.0,0,age_bound_exceeded_at_commit,101.01391601562,,0,0
optimistic,100,85.0,1,published_after_gate_recheck,97.173095703125,97.218017578125,0,0
atomic_margin3,100,77.5,1,authorization_committed,89.323974609375,90.96533203125,0,0
atomic_margin3,100,77.5,1,authorization_committed,88.5849609375,90.449951171875,0,0
atomic,100,95.5,0,age_bound_exceeded_at_commit,105.66625976562,,0,0
atomic_margin3,100,86.0,1,authorization_committed,96.4111328125,97.992919921875,0,0
atomic_guard,100,93.5,0,age_bound_exceeded_at_commit,103.35327148438,,0,0
atomic_margin3,100,100.0,0,age_bound_exceeded_at_commit,111.77099609375,,0,0
atomic_margin3,100,86.0,1,authorization_committed,96.974853515625,98.919677734375,0,0
atomic_margin3,100,98.5,0,age_bound_exceeded_at_commit,110.63012695312,,0,0
atomic_margin3,100,95.5,0,age_bound_exceeded_at_commit,107.05883789062,,0,0
atomic_margin3,100,86.0,0,age_bound_exceeded_at_commit,97.2490234375,,0,0
optimistic,100,105.0,0,deadline exceeded: elapsed 118.7ms > 100ms at release_at_publish,118.663818359375,,0,0
atomic_margin3,100,89.0,0,age_bound_exceeded_at_commit,99.60302734375,,0,0
atomic,100,89.5,0,age_bound_exceeded_at_commit,100.32592773438,,0,0
atomic,100,105.0,0,age_bound_exceeded_at_commit,116.05908203125,,0,0
atomic_guard,100,102.5,0,age_bound_exceeded_at_commit,113.22314453125,,0,0
atomic,100,85.5,1,authorization_committed,96.507080078125,98.1025390625,0,0
atomic,100,101.5,0,age_bound_exceeded_at_commit,113.125,,0,0
atomic_guard,100,89.0,0,withheld_by_release_guard:deadline exceeded: elapsed 101.8ms > 100ms at release,99.829833984375,,0,0
atomic_guard,100,87.5,1,authorization_committed,97.93115234375,99.685791015625,0,0
optimistic,100,76.5,1,published_after_gate_recheck,90.825439453125,90.86474609375,0,0
atomic,100,90.0,0,age_bound_exceeded_at_commit,100.75903320312,,0,0
optimistic,100,94.5,0,deadline exceeded: elapsed 111.6ms > 100ms at release_at_publish,111.5693359375,,0,0
atomic_guard,100,81.0,1,authorization_committed,92.877197265625,94.76318359375,0,0
atomic,100,93.0,0,age_bound_exceeded_at_commit,103.99609375,,0,0
atomic_margin3,100,77.0,1,authorization_committed,87.55322265625,89.662109375,0,0
atomic_guard,100,83.5,1,authorization_committed,93.82421875,95.26708984375,0,0
optimistic,100,86.5,1,published_after_gate_recheck,97.3671875,97.399169921875,0,0
atomic_margin3,100,101.5,0,age_bound_exceeded_at_commit,112.68579101562,,0,0
atomic_margin3,100,82.5,1,authorization_committed,93.26806640625,94.867431640625,0,0
atomic_margin3,100,103.5,0,age_bound_exceeded_at_commit,113.76318359375,,0,0
atomic_margin3,100,83.0,1,authorization_committed,91.89306640625,93.570556640625,0,0
atomic,100,87.0,1,authorization_committed,96.64990234375,98.10107421875,0,0
optimistic,100,81.0,1,published_after_gate_recheck,93.244384765625,93.29150390625,0,0
atomic,100,80.5,1,authorization_committed,93.56494140625,95.784912109375,0,0
atomic_guard,100,88.5,0,age_bound_exceeded_at_commit,100.32690429688,,0,0
atomic_guard,100,103.0,0,age_bound_exceeded_at_commit,115.36596679688,,0,0
atomic,100,81.0,1,authorization_committed,92.8330078125,94.6875,0,0
atomic_guard,100,77.5,1,authorization_committed,88.725830078125,90.39111328125,0,0
atomic_guard,100,77.5,1,authorization_committed,88.087158203125,89.720947265625,0,0
optimistic,100,93.5,0,deadline exceeded: elapsed 104.8ms > 100ms at release_at_publish,104.830322265625,,0,0
optimistic,100,104.0,0,deadline exceeded: elapsed 116.5ms > 100ms at release_at_publish,116.467041015625,,0,0
atomic_guard,100,82.0,1,authorization_committed,93.428955078125,95.2451171875,0,0
optimistic,100,91.5,0,deadline exceeded: elapsed 106.5ms > 100ms at release_at_publish,106.46435546875,,0,0
atomic_guard,100,80.0,1,authorization_committed,90.84521484375,92.675537109375,0,0
atomic_guard,100,86.5,1,authorization_committed,97.47998046875,99.37353515625,0,0
atomic_guard,100,97.0,0,age_bound_exceeded_at_commit,107.27612304688,,0,0
optimistic,100,89.5,0,deadline exceeded: elapsed 101.0ms > 100ms at release_at_publish,101.012451171875,,0,0
atomic,100,94.5,0,age_bound_exceeded_at_commit,105.71801757812,,0,0
atomic_guard,100,94.5,0,age_bound_exceeded_at_commit,105.74389648438,,0,0
atomic_margin3,100,92.5,0,age_bound_exceeded_at_commit,102.60815429688,,0,0
atomic,100,87.5,1,authorization_committed,99.0419921875,100.864501953125,0,1
optimistic,100,100.5,0,deadline exceeded: elapsed 112.5ms > 100ms at release_at_publish,112.462158203125,,0,0
atomic_margin3,100,84.0,1,authorization_committed,95.2060546875,96.954345703125,0,0
atomic_margin3,100,94.0,0,age_bound_exceeded_at_commit,103.79907226562,,0,0
atomic,100,99.5,0,age_bound_exceeded_at_commit,109.10815429688,,0,0
atomic_guard,100,77.5,1,authorization_committed,86.35107421875,88.157958984375,0,0
atomic,100,83.0,1,authorization_committed,94.27099609375,96.100830078125,0,0
atomic_guard,100,86.0,1,authorization_committed,96.823974609375,98.538330078125,0,0
optimistic,100,95.0,0,deadline exceeded: elapsed 107.2ms > 100ms at release_at_publish,107.1826171875,,0,0
atomic_guard,100,91.5,0,age_bound_exceeded_at_commit,101.95971679688,,0,0
atomic,100,85.0,1,authorization_committed,94.760009765625,96.115966796875,0,0
atomic_margin3,100,93.0,0,age_bound_exceeded_at_commit,103.89916992188,,0,0
atomic_guard,100,99.0,0,age_bound_exceeded_at_commit,109.60083007812,,0,0
optimistic,100,89.5,0,deadline exceeded: elapsed 103.2ms > 100ms at release_at_publish,103.219482421875,,0,0
optimistic,100,82.5,1,published_after_gate_recheck,94.843505859375,94.865478515625,0,0
optimistic,100,81.0,1,published_after_gate_recheck,93.966552734375,93.989501953125,0,0
atomic,100,76.0,1,authorization_committed,87.422119140625,89.217041015625,0,0
optimistic,100,78.5,1,published_after_gate_recheck,90.98974609375,91.027587890625,0,0
atomic,100,77.0,1,authorization_committed,87.81298828125,89.437255859375,0,0
atomic_guard,100,92.5,0,age_bound_exceeded_at_commit,105.74194335938,,0,0
atomic_guard,100,89.0,0,age_bound_exceeded_at_commit,100.56787109375,,0,0
atomic_guard,100,85.0,1,authorization_committed,95.175048828125,96.699951171875,0,0
atomic,100,85.0,1,authorization_committed,96.9189453125,99.011474609375,0,0
atomic_margin3,100,104.0,0,age_bound_exceeded_at_commit,115.60400390625,,0,0
optimistic,100,94.0,0,deadline exceeded: elapsed 107.0ms > 100ms at release_at_publish,106.958740234375,,0,0
atomic_guard,100,102.0,0,age_bound_exceeded_at_commit,112.21704101562,,0,0
atomic_guard,100,99.5,0,age_bound_exceeded_at_commit,110.5078125,,0,0
optimistic,100,83.0,1,published_after_gate_recheck,95.171630859375,95.2099609375,0,0
atomic,100,97.0,0,age_bound_exceeded_at_commit,109.09692382812,,0,0
atomic_margin3,100,104.0,0,age_bound_exceeded_at_commit,116.08813476562,,0,0
atomic_margin3,100,80.0,1,authorization_committed,91.203857421875,92.64990234375,0,0
atomic_guard,100,103.0,0,age_bound_exceeded_at_commit,113.82495117188,,0,0
atomic,100,85.5,1,authorization_committed,97.52490234375,99.947021484375,0,0
atomic,100,93.5,0,age_bound_exceeded_at_commit,104.546875,,0,0
optimistic,100,103.0,0,deadline exceeded: elapsed 117.4ms > 100ms at release_at_publish,117.388427734375,,0,0
atomic_guard,100,100.0,0,age_bound_exceeded_at_commit,110.302734375,,0,0
atomic,100,98.5,0,age_bound_exceeded_at_commit,109.72387695312,,0,0
atomic_margin3,100,97.5,0,age_bound_exceeded_at_commit,107.35595703125,,0,0
optimistic,100,101.5,0,deadline exceeded: elapsed 115.8ms > 100ms at release_at_publish,115.767578125,,0,0
optimistic,100,80.5,1,published_after_gate_recheck,93.24365234375,93.286376953125,0,0
optimistic,100,75.5,1,published_after_gate_recheck,87.195556640625,87.2265625,0,0
optimistic,100,80.5,1,published_after_gate_recheck,92.9169921875,92.9677734375,0,0
atomic,100,96.5,0,age_bound_exceeded_at_commit,107.36303710938,,0,0
atomic_margin3,100,90.0,0,age_bound_exceeded_at_commit,101.5888671875,,0,0
atomic,100,102.5,0,age_bound_exceeded_at_commit,113.376953125,,0,0
atomic,100,88.0,1,authorization_committed,99.200927734375,101.274658203125,0,1
atomic_guard,100,105.0,0,age_bound_exceeded_at_commit,115.48779296875,,0,0
atomic_margin3,100,89.0,0,age_bound_exceeded_at_commit,99.8271484375,,0,0
atomic_guard,100,81.5,1,authorization_committed,92.35009765625,94.2236328125,0,0
atomic,100,101.0,0,age_bound_exceeded_at_commit,112.2177734375,,0,0
optimistic,100,84.0,1,published_after_gate_recheck,98.082763671875,98.123291015625,0,0
atomic,100,104.0,0,age_bound_exceeded_at_commit,115.06323242188,,0,0
atomic_margin3,100,75.0,1,authorization_committed,87.823974609375,89.460693359375,0,0
atomic_margin3,100,104.5,0,age_bound_exceeded_at_commit,115.93212890625,,0,0
atomic_guard,100,105.0,0,age_bound_exceeded_at_commit,115.77587890625,,0,0
atomic,100,98.0,0,age_bound_exceeded_at_commit,109.04614257812,,0,0
atomic_guard,100,86.0,1,authorization_committed,97.2900390625,99.0107421875,0,0
atomic_margin3,100,83.5,1,authorization_committed,94.6259765625,96.231201171875,0,0
atomic_margin3,100,81.0,1,authorization_committed,91.490966796875,93.19775390625,0,0
atomic_margin3,100,86.0,1,authorization_committed,95.9931640625,97.749755859375,0,0
atomic_margin3,100,91.0,0,age_bound_exceeded_at_commit,103.06713867188,,0,0
atomic,100,91.5,0,age_bound_exceeded_at_commit,102.9169921875,,0,0
optimistic,100,99.0,0,deadline exceeded: elapsed 112.0ms > 100ms at release_at_publish,112.00537109375,,0,0
atomic,100,101.5,0,age_bound_exceeded_at_commit,113.0400390625,,0,0
atomic_guard,100,80.0,1,authorization_committed,92.0029296875,93.86474609375,0,0
optimistic,100,79.5,1,published_after_gate_recheck,93.640380859375,93.6806640625,0,0
atomic,100,76.0,1,authorization_committed,88.18994140625,89.976318359375,0,0
atomic_margin3,100,86.5,0,age_bound_exceeded_at_commit,97.255859375,,0,0
atomic_margin3,100,95.0,0,age_bound_exceeded_at_commit,106.40795898438,,0,0
atomic_guard,100,87.5,1,authorization_committed,97.484130859375,99.1591796875,0,0
optimistic,100,98.5,0,deadline exceeded: elapsed 111.1ms > 100ms at release_at_publish,111.095947265625,,0,0
atomic,100,95.0,0,age_bound_exceeded_at_commit,105.64404296875,,0,0
optimistic,100,83.0,1,published_after_gate_recheck,96.411376953125,96.44482421875,0,0
atomic_margin3,100,86.0,0,age_bound_exceeded_at_commit,97.51220703125,,0,0
optimistic,100,76.5,1,published_after_gate_recheck,88.891845703125,88.93115234375,0,0
atomic,100,93.5,0,age_bound_exceeded_at_commit,104.88818359375,,0,0
atomic,100,81.0,1,authorization_committed,91.337890625,92.783447265625,0,0
atomic_guard,100,83.5,1,authorization_committed,94.31201171875,96.20263671875,0,0
atomic,100,99.0,0,age_bound_exceeded_at_commit,109.66015625,,0,0
optimistic,100,76.0,1,published_after_gate_recheck,87.273681640625,87.314697265625,0,0
atomic,100,89.5,0,age_bound_exceeded_at_commit,101.28100585938,,0,0
atomic,100,83.0,1,authorization_committed,93.91796875,95.597412109375,0,0
atomic,100,81.5,1,authorization_committed,91.360107421875,93.243408203125,0,0
atomic_guard,100,88.5,0,withheld_by_release_guard:deadline exceeded: elapsed 101.1ms > 100ms at release,99.131103515625,,0,0
atomic_margin3,100,95.5,0,age_bound_exceeded_at_commit,107.17016601562,,0,0
atomic_margin3,100,78.5,1,authorization_committed,89.659912109375,91.614501953125,0,0
atomic,100,78.5,1,authorization_committed,88.5869140625,90.16015625,0,0
atomic,100,93.5,0,age_bound_exceeded_at_commit,104.546875,,0,0
atomic_margin3,100,82.0,1,authorization_committed,92.033935546875,93.907958984375,0,0
atomic_margin3,100,81.0,1,authorization_committed,90.865966796875,92.714599609375,0,0
atomic_margin3,100,76.5,1,authorization_committed,87.27392578125,88.820068359375,0,0
atomic,100,102.0,0,age_bound_exceeded_at_commit,112.30810546875,,0,0
atomic_margin3,100,104.5,0,age_bound_exceeded_at_commit,114.57080078125,,0,0
atomic,100,87.0,1,authorization_committed,98.68310546875,100.593017578125,0,1
atomic_guard,100,89.0,0,age_bound_exceeded_at_commit,101.26293945312,,0,0
atomic_margin3,100,77.5,1,authorization_committed,90.495849609375,92.184326171875,0,0
atomic_margin3,100,88.5,0,age_bound_exceeded_at_commit,99.6640625,,0,0
optimistic,100,85.5,1,published_after_gate_recheck,98.28271484375,98.3115234375,0,0
atomic_guard,100,84.0,1,authorization_committed,96.02392578125,97.700927734375,0,0
atomic_margin3,100,85.5,1,authorization_committed,96.905029296875,98.82373046875,0,0
atomic,100,101.0,0,age_bound_exceeded_at_commit,113.091796875,,0,0
atomic_guard,100,102.5,0,age_bound_exceeded_at_commit,114.61499023438,,0,0
optimistic,100,82.5,1,published_after_gate_recheck,95.772705078125,95.809814453125,0,0
atomic,100,100.5,0,age_bound_exceeded_at_commit,111.73706054688,,0,0
optimistic,100,90.5,0,deadline exceeded: elapsed 102.0ms > 100ms at release_at_publish,101.9853515625,,0,0
atomic,100,80.5,1,authorization_committed,91.030029296875,92.861572265625,0,0
atomic,100,89.5,0,age_bound_exceeded_at_commit,100.22509765625,,0,0
atomic_margin3,100,96.0,0,age_bound_exceeded_at_commit,107.56811523438,,0,0
optimistic,100,96.0,0,deadline exceeded: elapsed 109.3ms > 100ms at release_at_publish,109.2880859375,,0,0
atomic,100,86.0,1,authorization_committed,97.161865234375,98.693603515625,0,0
atomic_guard,100,93.5,0,age_bound_exceeded_at_commit,104.33471679688,,0,0
optimistic,100,83.5,1,published_after_gate_recheck,94.4453125,94.486572265625,0,0
atomic_guard,100,101.0,0,age_bound_exceeded_at_commit,111.66796875,,0,0
atomic,100,89.5,0,age_bound_exceeded_at_commit,101.77319335938,,0,0
optimistic,100,80.0,1,published_after_gate_recheck,92.814453125,92.848876953125,0,0
atomic_margin3,100,89.5,0,age_bound_exceeded_at_commit,100.6279296875,,0,0
optimistic,100,81.5,1,published_after_gate_recheck,95.055908203125,95.085693359375,0,0
atomic_guard,100,102.0,0,age_bound_exceeded_at_commit,113.90112304688,,0,0
atomic_guard,100,92.0,0,age_bound_exceeded_at_commit,103.01391601562,,0,0
optimistic,100,80.5,1,published_after_gate_recheck,92.841796875,92.87841796875,0,0
atomic,100,81.0,1,authorization_committed,91.351806640625,93.102294921875,0,0
atomic_margin3,100,85.5,1,authorization_committed,96.156005859375,97.68408203125,0,0
atomic_margin3,100,100.5,0,age_bound_exceeded_at_commit,110.84521484375,,0,0
atomic_margin3,100,88.0,0,age_bound_exceeded_at_commit,101.20703125,,0,0
atomic_guard,100,90.0,0,age_bound_exceeded_at_commit,102.2919921875,,0,0
atomic_guard,100,88.0,0,withheld_by_release_guard:deadline exceeded: elapsed 100.7ms > 100ms at release,98.883056640625,,0,0
atomic_guard,100,82.5,1,authorization_committed,95.164306640625,96.62939453125,0,0
atomic,100,92.5,0,age_bound_exceeded_at_commit,103.65209960938,,0,0
atomic,100,96.0,0,age_bound_exceeded_at_commit,107.44409179688,,0,0
optimistic,100,98.0,0,deadline exceeded: elapsed 110.0ms > 100ms at release_at_publish,109.98193359375,,0,0
atomic_guard,100,77.0,1,authorization_committed,89.238037109375,91.0029296875,0,0
atomic_guard,100,92.5,0,age_bound_exceeded_at_commit,103.44897460938,,0,0
atomic_guard,100,88.0,0,withheld_by_release_guard:deadline exceeded: elapsed 101.4ms > 100ms at release,99.60205078125,,0,0
atomic_guard,100,86.5,1,authorization_committed,97.946044921875,99.670654296875,0,0
atomic,100,98.0,0,age_bound_exceeded_at_commit,108.88110351562,,0,0
atomic,100,83.5,1,authorization_committed,94.691162109375,96.389404296875,0,0
optimistic,100,91.5,0,deadline exceeded: elapsed 104.0ms > 100ms at release_at_publish,103.96142578125,,0,0
optimistic,100,81.0,1,published_after_gate_recheck,93.71337890625,93.734130859375,0,0
atomic_margin3,100,94.0,0,age_bound_exceeded_at_commit,106.06103515625,,0,0
atomic_guard,100,92.5,0,age_bound_exceeded_at_commit,106.22412109375,,0,0
atomic_margin3,100,81.0,0,age_bound_exceeded_at_commit,98.042724609375,,0,0
atomic_margin3,100,79.5,1,authorization_committed,92.459228515625,94.258544921875,0,0
atomic_guard,100,99.5,0,age_bound_exceeded_at_commit,111.18896484375,,0,0
atomic_guard,100,96.0,0,age_bound_exceeded_at_commit,108.82202148438,,0,0
optimistic,100,92.0,0,deadline exceeded: elapsed 105.8ms > 100ms at release_at_publish,105.77685546875,,0,0
atomic_margin3,100,87.0,0,age_bound_exceeded_at_commit,97.511962890625,,0,0
atomic,100,79.5,1,authorization_committed,90.783203125,92.45068359375,0,0
atomic_margin3,100,97.0,0,age_bound_exceeded_at_commit,109.14599609375,,0,0
optimistic,100,85.5,1,published_after_gate_recheck,98.413818359375,98.44580078125,0,0
atomic,100,77.5,1,authorization_committed,88.403076171875,90.27685546875,0,0
atomic_margin3,100,104.5,0,age_bound_exceeded_at_commit,115.88500976562,,0,0
atomic_guard,100,78.0,1,authorization_committed,88.6669921875,90.27294921875,0,0
atomic_margin3,100,93.5,0,age_bound_exceeded_at_commit,105.68286132812,,0,0
optimistic,100,102.5,0,deadline exceeded: elapsed 116.1ms > 100ms at release_at_publish,116.1083984375,,0,0
atomic_guard,100,100.5,0,age_bound_exceeded_at_commit,115.03295898438,,0,0
optimistic,100,98.0,0,deadline exceeded: elapsed 110.9ms > 100ms at release_at_publish,110.847900390625,,0,0
atomic_guard,100,104.5,0,age_bound_exceeded_at_commit,116.65502929688,,0,0
atomic_guard,100,100.5,0,age_bound_exceeded_at_commit,112.25024414062,,0,0
optimistic,100,93.5,0,deadline exceeded: elapsed 107.1ms > 100ms at release_at_publish,107.121337890625,,0,0
atomic,100,90.0,0,age_bound_exceeded_at_commit,101.14697265625,,0,0
atomic_margin3,100,87.5,0,age_bound_exceeded_at_commit,98.6240234375,,0,0
optimistic,100,87.0,1,published_after_gate_recheck,98.44482421875,98.47314453125,0,0
optimistic,100,78.5,1,published_after_gate_recheck,90.292724609375,90.3154296875,0,0
optimistic,100,92.5,0,deadline exceeded: elapsed 104.6ms > 100ms at release_at_publish,104.606689453125,,0,0
atomic_guard,100,96.5,0,age_bound_exceeded_at_commit,106.55786132812,,0,0
atomic_guard,100,83.0,1,authorization_committed,93.56787109375,95.618896484375,0,0
atomic_margin3,100,88.5,0,age_bound_exceeded_at_commit,99.80029296875,,0,0
optimistic,100,90.0,0,deadline exceeded: elapsed 102.8ms > 100ms at release_at_publish,102.840087890625,,0,0
atomic,100,85.0,1,authorization_committed,96.10888671875,97.810791015625,0,0
atomic_margin3,100,101.5,0,age_bound_exceeded_at_commit,111.64501953125,,0,0
optimistic,100,87.0,1,published_after_gate_recheck,98.265625,98.301025390625,0,0
atomic,100,87.5,1,authorization_committed,97.031005859375,98.552490234375,0,0
atomic_guard,100,83.5,1,authorization_committed,94.7421875,96.685791015625,0,0
atomic,100,77.5,1,authorization_committed,88.812255859375,90.576904296875,0,0
atomic_guard,100,89.0,0,age_bound_exceeded_at_commit,100.31811523438,,0,0
atomic_guard,100,104.0,0,age_bound_exceeded_at_commit,116.10009765625,,0,0
optimistic,100,104.5,0,deadline exceeded: elapsed 117.4ms > 100ms at release_at_publish,117.37744140625,,0,0
optimistic,100,75.0,1,published_after_gate_recheck,86.9072265625,86.943603515625,0,0
atomic_margin3,100,97.5,0,age_bound_exceeded_at_commit,108.00219726562,,0,0
atomic,100,91.0,0,age_bound_exceeded_at_commit,100.42797851562,,0,0
atomic_margin3,100,77.5,1,authorization_committed,87.72998046875,89.3896484375,0,0
atomic,100,100.5,0,age_bound_exceeded_at_commit,112.0400390625,,0,0
atomic_margin3,100,82.0,1,authorization_committed,92.5390625,94.29736328125,0,0
atomic_guard,100,90.5,0,age_bound_exceeded_at_commit,100.53588867188,,0,0
optimistic,100,77.0,1,published_after_gate_recheck,88.8837890625,88.90771484375,0,0
atomic_guard,100,92.0,0,age_bound_exceeded_at_commit,103.09814453125,,0,0
optimistic,100,104.0,0,deadline exceeded: elapsed 116.4ms > 100ms at release_at_publish,116.427978515625,,0,0
atomic_guard,100,85.5,1,authorization_committed,96.19677734375,98.0751953125,0,0
atomic_margin3,100,91.5,0,age_bound_exceeded_at_commit,101.85986328125,,0,0
atomic,100,99.5,0,age_bound_exceeded_at_commit,110.43701171875,,0,0
atomic_margin3,100,80.5,1,authorization_committed,92.009033203125,93.712158203125,0,0
