run,mode,inject,inject_offset_ms,publish_delay_ms,injection_window,gateway_released,gate_blocked,stale_publish,potential_stale_publish,post_release_invalidation,injection_version,check_version,version_order,stale_exact,stale_in_open_interval,position_vs_middleware,residual_lo_ms,residual_hi_ms,t_middleware_ms,store_io_lo_ms,store_io_hi_ms,injection_store_lo_ms,injection_store_hi_ms,commit_status,commit_age_ms,outcome,reason,validation_to_gate_ms,validation_to_publish_ms,recheck_to_publish_ms,t_validate_end_ms,t_injection_start_ms,t_injection_end_ms,t_recheck_start_ms,t_recheck_end_ms,t_publish_end_ms
0,xair_atomic,0,,50.0,control,1,0,0,0,0,,562,control,0,0,,1.0151928290724754,5.515381693840027,64.84447559341788,59.329093899577856,63.82928276434541,,,committed,66.0048828125,EXECUTE,authorization_committed,59.603318106383085,59.621892869472504,0.01857476308941841,5.236108787357807,,,55.314214900135994,64.83942689374089,64.85800165683031
1,xair_atomic,1,0.0,50.0,before_recheck,0,1,0,0,0,564,564,before_check,0,0,,,,,57.58105497807264,59.23633882775903,9.09803993999958,10.047220159322023,changed,60.909912109375,REVOKE,read_set_version_changed_at_commit,55.790468119084835,,,4.567734897136688,4.71827806904912,15.125121921300888,54.87642390653491,60.35820301622152,
2,xair_atomic,0,,50.0,control,1,0,0,0,0,,565,control,0,0,,0.835126731544733,1.901686191558838,59.00720926001668,57.10552306845784,58.17208252847195,,,committed,61.013916015625,EXECUTE,authorization_committed,54.272050969302654,54.29186811670661,0.01981714740395546,4.729388281702995,,,54.75984513759613,59.00143925100565,59.021256398409605
3,xair_atomic,1,0.0,50.0,before_recheck,0,1,0,0,0,567,567,before_check,0,0,,,,,58.434555772691965,60.009588953107595,10.546436067670584,11.647780891507864,changed,62.636962890625,REVOKE,read_set_version_changed_at_commit,55.632360745221376,,,5.329824052751064,5.475606769323349,16.441000159829855,55.63628813251853,60.96218479797244,
4,xair_atomic,0,,50.0,control,1,0,0,0,0,,568,control,0,0,,0.904466025531292,2.399439923465252,59.582939837127924,57.18349991366267,58.67847381159663,,,committed,60.847900390625,EXECUTE,authorization_committed,54.8827457241714,54.897022899240255,0.014277175068855286,4.697117954492569,,,54.74821384996176,59.57986367866397,59.594140853732824
5,xair_atomic,1,0.0,50.0,before_recheck,0,1,0,0,0,570,570,before_check,0,0,,,,,57.86654120311141,59.24946395680308,9.506376925855875,10.643048211932182,changed,61.926025390625,REVOKE,read_set_version_changed_at_commit,55.12857623398304,,,4.94105601683259,5.068986210972071,15.64774289727211,55.228304117918015,60.06963225081563,
6,xair_atomic,0,,50.0,control,1,0,0,0,0,,571,control,0,0,,0.8764141239225864,2.332584001123905,59.500394854694605,57.1678108535707,58.62398073077202,,,committed,60.7900390625,EXECUTE,authorization_committed,54.75913407281041,54.77559519931674,0.016461126506328583,4.7384146600961685,,,54.793227929621935,59.49754873290658,59.51400985941291
7,xair_atomic,1,0.0,50.0,before_recheck,0,1,0,0,0,573,573,before_check,0,0,,,,,57.922424748539925,59.27259707823396,9.495495818555355,10.663045104593039,changed,61.3310546875,REVOKE,read_set_version_changed_at_commit,55.66297937184572,,,4.699581768363714,4.947717767208815,15.704118181020021,55.34808803349733,60.362561140209436,
8,xair_atomic,1,0.0,50.0,before_recheck,0,1,0,0,0,575,575,before_check,0,0,,,,,58.463810943067074,60.01374777406454,9.969023987650871,10.992292780429125,changed,62.262939453125,REVOKE,read_set_version_changed_at_commit,56.2693658284843,,,4.871305078268051,4.964008927345276,15.564556699246168,55.16223004087806,61.14067090675235,
9,xair_atomic,1,0.0,50.0,before_recheck,0,1,0,0,0,577,577,before_check,0,0,,,,,57.50053422525525,58.68539586663246,9.471721015870571,10.776989161968231,changed,60.35302734375,REVOKE,read_set_version_changed_at_commit,54.934512823820114,,,4.827462136745453,4.917230922728777,15.942013822495937,55.08601712062955,59.76197496056557,
10,xair_atomic,0,,50.0,control,1,0,0,0,0,,578,control,0,0,,0.9539192542433739,2.1913093514740467,58.87514213100076,56.68383277952671,57.92122287675738,,,committed,60.847900390625,EXECUTE,authorization_committed,54.4927753508091,54.51394431293011,0.021168962121009827,4.376956727355719,,,54.45335013791919,58.869732078164816,58.890901040285826
11,xair_atomic,0,,50.0,control,1,0,0,0,0,,579,control,0,0,,0.8619669824838638,2.096452284604311,59.44190500304103,57.34545271843672,58.579938020557165,,,committed,60.72900390625,EXECUTE,authorization_committed,54.74260309711099,54.75969519466162,0.01709209755063057,4.695173818618059,,,54.77164685726166,59.437776915729046,59.454869013279676
12,xair_atomic,1,0.0,50.0,before_recheck,0,1,0,0,0,581,581,before_check,0,0,,,,,58.07371996343136,59.516245033591986,9.39928600564599,10.542749892920256,changed,61.77490234375,REVOKE,read_set_version_changed_at_commit,55.785599164664745,,,4.701546858996153,4.923001863062382,15.865911729633808,55.28706405311823,60.4871460236609,
13,xair_atomic,1,0.0,50.0,before_recheck,0,1,0,0,0,583,583,before_check,0,0,,,,,57.39999609068036,58.64332802593708,9.601213969290257,10.796085000038147,changed,60.837890625,REVOKE,read_set_version_changed_at_commit,54.96880691498518,,,4.435037262737751,4.659428261220455,15.462104231119156,55.011847987771034,59.40384417772293,
14,xair_atomic,1,0.0,50.0,before_recheck,0,1,0,0,0,585,585,before_check,0,0,,,,,58.18921606987715,59.47241233661771,10.550775099545717,11.83345029130578,changed,62.169921875,REVOKE,read_set_version_changed_at_commit,55.39948493242264,,,5.251297261565924,5.343710072338581,17.30485027655959,55.518418084830046,60.65078219398856,
15,xair_atomic,1,0.0,50.0,before_recheck,0,1,0,0,0,587,587,before_check,0,0,,,,,57.86972679197788,59.31991571560502,9.616652969270945,10.980851016938686,changed,61.783935546875,REVOKE,read_set_version_changed_at_commit,55.14550907537341,,,4.995707888156176,5.081378854811192,15.707444865256548,55.23760104551911,60.14121696352959,
16,xair_atomic,1,0.0,50.0,before_recheck,0,1,0,0,0,589,589,before_check,0,0,,,,,58.00713412463665,59.370221104472876,10.327907279133797,11.680473107844591,changed,61.306884765625,REVOKE,read_set_version_changed_at_commit,55.334012024104595,,,5.025643855333328,5.177499260753393,16.51130197569728,55.43996021151543,60.35965587943792,
17,xair_atomic,1,0.0,50.0,before_recheck,0,1,0,0,0,591,591,before_check,0,0,,,,,57.47329397127032,59.03830798342824,9.604149963706732,10.749607812613249,changed,60.47705078125,REVOKE,read_set_version_changed_at_commit,55.17676658928394,,,4.672813229262829,4.8085772432386875,15.866071917116642,54.98340493068099,59.84957981854677,
18,xair_atomic,0,,50.0,control,1,0,0,0,0,,592,control,0,0,,0.9512337855994701,2.3120157420635223,59.67879993841052,57.366784196347,58.72756615281105,,,committed,60.8349609375,EXECUTE,authorization_committed,55.000216234475374,55.0217772834003,0.021561048924922943,4.673514049500227,,,54.7533230856061,59.6737302839756,59.695291332900524
19,xair_atomic,1,0.0,50.0,before_recheck,0,1,0,0,0,594,594,before_check,0,0,,,,,57.3415863327682,58.836900163441896,9.488442447036505,10.54016500711441,changed,60.985107421875,REVOKE,read_set_version_changed_at_commit,55.15324277803302,,,4.675057251006365,4.838884342461824,15.47888619825244,55.01904105767608,59.82830002903938,
20,xair_atomic,0,,50.0,control,1,0,0,0,0,,595,control,0,0,,0.8054599165916443,2.506198827177286,60.504276771098375,57.99807794392109,59.69881685450673,,,committed,61.343017578125,EXECUTE,authorization_committed,55.62634998932481,55.66995218396187,0.043602194637060165,4.8745907843112946,,,54.94750710204244,60.5009407736361,60.54454296827316
21,xair_atomic,0,,50.0,control,1,0,0,0,0,,596,control,0,0,,1.045609824359417,2.146173734217882,58.6595069617033,56.51333322748542,57.61389713734388,,,committed,59.927001953125,EXECUTE,authorization_committed,54.49067009612918,54.50065899640322,0.009988900274038315,4.166061989963055,,,54.23888796940446,58.656732086092234,58.66672098636627
22,xair_atomic,1,0.0,50.0,before_recheck,0,1,0,0,0,598,598,before_check,0,0,,,,,57.82144609838724,59.293467085808516,9.358638897538185,10.587623808532953,changed,62.035888671875,REVOKE,read_set_version_changed_at_commit,55.594680830836296,,,4.7573610208928585,4.897312726825476,16.278504859656096,55.05195306614041,60.352041851729155,
23,xair_atomic,1,0.0,50.0,before_recheck,0,1,0,0,0,600,600,before_check,0,0,,,,,59.5189998857677,60.684625059366226,10.115138255059719,11.128568090498447,changed,63.18603515625,REVOKE,read_set_version_changed_at_commit,56.57303612679243,,,5.420914851129055,5.577257834374905,16.208915039896965,55.833178106695414,61.993950977921486,
24,xair_atomic,1,0.0,50.0,before_recheck,0,1,0,0,0,602,602,before_check,0,0,,,,,57.69192287698388,59.019061736762524,9.491187985986471,10.722497012466192,changed,61.26708984375,REVOKE,read_set_version_changed_at_commit,55.35493092611432,,,4.736070986837149,4.877295810729265,15.072363894432783,55.04242470487952,60.09100191295147,
25,xair_atomic,1,0.0,50.0,before_recheck,0,1,0,0,0,604,604,before_check,0,0,,,,,57.30998795479536,58.73587168753147,9.717832785099745,10.634842794388533,changed,61.39404296875,REVOKE,read_set_version_changed_at_commit,55.437685921788216,,,4.26486786454916,4.475092049688101,15.585226006805897,54.86551392823458,59.702553786337376,
26,xair_atomic,1,0.0,50.0,before_recheck,0,1,0,0,0,606,606,before_check,0,0,,,,,58.7803041562438,60.18853513523936,10.876815766096115,11.999149806797504,changed,62.847900390625,REVOKE,read_set_version_changed_at_commit,55.789866019040346,,,5.475588142871857,5.674399901181459,16.988666728138924,55.96690811216831,61.2654541619122,
27,xair_atomic,1,0.0,50.0,before_recheck,0,1,0,0,0,608,608,before_check,0,0,,,,,58.19057859480381,59.52314706519246,10.256823152303696,11.705149430781603,changed,62.22412109375,REVOKE,read_set_version_changed_at_commit,55.35931885242462,,,5.145238246768713,5.296451039612293,16.955464147031307,55.547161027789116,60.504557099193335,
28,xair_atomic,1,0.0,50.0,before_recheck,0,1,0,0,0,610,610,before_check,0,0,,,,,58.62221773713827,59.774830006062984,10.63895970582962,11.832868680357933,changed,62.783935546875,REVOKE,read_set_version_changed_at_commit,54.95074298232794,,,5.740655120462179,5.935570690780878,16.486665699630976,56.12988490611315,60.69139810279012,
29,xair_atomic,1,0.0,50.0,before_recheck,0,1,0,0,0,612,612,before_check,0,0,,,,,57.64669831842184,59.1402193531394,10.044064372777939,11.393344029784203,changed,61.794921875,REVOKE,read_set_version_changed_at_commit,55.08872214704752,,,4.898655228316784,5.11392904445529,16.072388272732496,55.48506509512663,59.987377375364304,
30,xair_atomic,1,0.0,50.0,before_recheck,0,1,0,0,0,614,614,before_check,0,0,,,,,57.93409701436758,59.21900691464543,9.724826086312532,10.714681819081306,changed,61.70703125,REVOKE,read_set_version_changed_at_commit,55.568923242390156,,,4.602579865604639,4.78335889056325,15.421737916767597,55.09441206231713,60.171503107994795,
31,xair_atomic,1,0.0,50.0,before_recheck,0,1,0,0,0,616,616,before_check,0,0,,,,,57.654403150081635,58.937589172273874,9.562430903315544,10.841258335858583,changed,60.962890625,REVOKE,read_set_version_changed_at_commit,55.22424587979913,,,4.615535028278828,4.801834002137184,15.691074077039957,55.102508049458265,59.839780908077955,
32,xair_atomic,1,0.0,50.0,before_recheck,0,1,0,0,0,618,618,before_check,0,0,,,,,58.194125071167946,59.480346739292145,9.9480040371418,11.069025844335556,changed,61.89990234375,REVOKE,read_set_version_changed_at_commit,55.40828127413988,,,5.0480058416724205,5.198928993195295,16.062450129538774,55.37819489836693,60.4562871158123,
33,xair_atomic,1,0.0,50.0,before_recheck,0,1,0,0,0,620,620,before_check,0,0,,,,,57.760552037507296,58.90171183273196,9.317020885646343,10.502254124730825,changed,61.14208984375,REVOKE,read_set_version_changed_at_commit,54.81550982221961,,,4.955963231623173,5.089332815259695,15.345174819231033,55.25896092876792,59.77147305384278,
34,xair_atomic,1,0.0,50.0,before_recheck,0,1,0,0,0,622,622,before_check,0,0,,,,,57.705709245055914,59.25493407994509,9.479976259171963,10.892004240304232,changed,61.200927734375,REVOKE,read_set_version_changed_at_commit,55.36319687962532,,,4.7896914184093475,4.913203418254852,15.633656177669764,55.071940179914236,60.15288829803467,
35,xair_atomic,1,0.0,50.0,before_recheck,0,1,0,0,0,624,624,before_check,0,0,,,,,57.27167520672083,58.412615209817886,9.599380195140839,10.913083795458078,changed,60.8759765625,REVOKE,read_set_version_changed_at_commit,54.99568721279502,,,4.361588973551989,4.491282161325216,15.636480879038572,54.64869691058993,59.35727618634701,
36,xair_atomic,1,0.0,50.0,before_recheck,0,1,0,0,0,626,626,before_check,0,0,,,,,57.73670831695199,59.240037109702826,9.606484323740005,10.680889245122671,changed,60.9951171875,REVOKE,read_set_version_changed_at_commit,55.55149959400296,,,4.6670823357999325,4.823936149477959,15.486250165849924,55.230779107660055,60.218581929802895,
37,xair_atomic,0,,50.0,control,1,0,0,0,0,,627,control,0,0,,0.9797071106731892,2.5304448790848255,60.40294701233506,57.87250213325024,59.42323990166187,,,committed,61.7548828125,EXECUTE,authorization_committed,55.25743868201971,55.276233702898026,0.018795020878314972,5.142533220350742,,,55.220909882336855,60.39997190237045,60.41876692324877
38,xair_atomic,1,0.0,50.0,before_recheck,0,1,0,0,0,629,629,before_check,0,0,,,,,58.36524581536651,59.98006369918585,9.786631911993027,10.976973921060562,changed,62.22705078125,REVOKE,read_set_version_changed_at_commit,56.10107071697712,,,4.9867709167301655,5.140169057995081,15.907148830592632,55.30835362151265,61.087841633707285,
39,xair_atomic,1,0.0,50.0,before_recheck,0,1,0,0,0,631,631,before_check,0,0,,,,,58.59605921432376,59.639886021614075,10.420180391520262,11.616954114288092,changed,66.56591796875,REVOKE,read_set_version_changed_at_commit,56.05739774182439,,,4.610155243426561,4.944582004100084,16.77447510883212,55.40678836405277,60.66755298525095,
40,xair_atomic,1,30.0,50.0,before_recheck,0,1,0,0,0,633,633,before_check,0,0,,,,,57.39911459386349,58.66324482485652,39.79475283995271,41.2085335701704,changed,61.466064453125,REVOKE,read_set_version_changed_at_commit,55.08737871423364,,,4.585458897054195,34.92547199130058,46.38840677216649,54.951945785433054,59.67283761128783,
41,xair_atomic,0,,50.0,control,1,0,0,0,0,,634,control,0,0,,0.9285011328756809,2.363912295550108,59.96145913377404,57.597546838223934,59.03295800089836,,,committed,61.7119140625,EXECUTE,authorization_committed,54.82459673658013,54.842319805175066,0.017723068594932556,5.133256316184998,,,55.20198401063681,59.95785305276513,59.975576121360064
42,xair_atomic,1,30.0,50.0,before_recheck,0,1,0,0,0,636,636,before_check,0,0,,,,,57.67460074275732,58.92561702057719,39.941297844052315,41.16861894726753,changed,60.701904296875,REVOKE,read_set_version_changed_at_commit,55.094942916184664,,,4.821952898055315,35.13002581894398,45.69762200117111,55.145959835499525,59.91689581423998,
43,xair_atomic,1,30.0,50.0,before_recheck,0,1,0,0,0,638,638,before_check,0,0,,,,,57.16945417225361,58.729248121380806,39.854735136032104,41.17555217817426,changed,60.402099609375,REVOKE,read_set_version_changed_at_commit,54.967244155704975,,,4.603481851518154,34.854439087212086,46.42346315085888,54.85504399985075,59.57072600722313,
44,xair_atomic,1,30.0,50.0,before_recheck,0,1,0,0,0,640,640,before_check,0,0,,,,,57.85583099350333,59.348209761083126,40.11461278423667,41.60924581810832,changed,61.534912109375,REVOKE,read_set_version_changed_at_commit,55.145318154245615,,,5.04109263420105,35.28527682647109,46.48657189682126,55.30690075829625,60.186410788446665,
45,xair_atomic,1,30.0,50.0,before_recheck,0,1,0,0,0,642,642,before_check,0,0,,,,,57.07877408713102,58.60990518704057,40.06144357845187,41.29166016355157,changed,60.702880859375,REVOKE,read_set_version_changed_at_commit,55.06385490298271,,,4.492775071412325,34.76776601746678,46.00455705076456,54.78821787983179,59.55662997439504,
46,xair_atomic,0,,50.0,control,1,0,0,0,0,,643,control,0,0,,0.8478797972202301,2.190317027270794,59.577278792858124,57.38696176558733,58.729398995637894,,,committed,61.04296875,EXECUTE,authorization_committed,54.94240811094642,54.96283620595932,0.020428095012903214,4.629951901733875,,,54.7074768692255,59.57236001268029,59.592788107693195
47,xair_atomic,1,30.0,50.0,before_recheck,0,1,0,0,0,645,645,before_check,0,0,,,,,56.92033702507615,58.16473998129368,39.08532299101353,40.21010221913457,changed,60.763916015625,REVOKE,read_set_version_changed_at_commit,54.20864187180996,,,4.6614413149654865,34.87650025635958,44.75774010643363,54.89284498617053,58.870083186775446,
48,xair_atomic,1,30.0,50.0,before_recheck,0,1,0,0,0,647,647,before_check,0,0,,,,,56.63503101095557,58.14312910661101,39.661172311753035,40.78374709933996,changed,60.2509765625,REVOKE,read_set_version_changed_at_commit,55.01912208274007,,,4.193934146314859,34.38384598121047,45.35829508677125,54.384661372751,59.21305622905493,
49,xair_atomic,1,30.0,50.0,before_recheck,0,1,0,0,0,649,649,before_check,0,0,,,,,57.10314027965069,58.416713029146194,39.24914030358195,40.46629322692752,changed,60.341064453125,REVOKE,read_set_version_changed_at_commit,54.68494491651654,,,4.562346264719963,34.7547922283411,45.189118944108486,54.760958068072796,59.247291181236506,
50,xair_atomic,1,30.0,50.0,before_recheck,0,1,0,0,0,651,651,before_check,0,0,,,,,57.22572887316346,58.70090564712882,42.46709402650595,43.72335970401764,changed,60.389892578125,REVOKE,read_set_version_changed_at_commit,55.183790158480406,,,4.413846880197525,34.64741073548794,48.873066902160645,54.65425690636039,59.59763703867793,
51,xair_atomic,1,30.0,50.0,before_recheck,0,1,0,0,0,653,653,before_check,0,0,,,,,57.81659809872508,58.83601913228631,41.00349033251405,43.31443319097161,changed,60.7060546875,REVOKE,read_set_version_changed_at_commit,54.5789860188961,,,4.991841036826372,35.20841337740421,48.68970299139619,55.2200092934072,59.570827055722475,
52,xair_atomic,1,30.0,50.0,before_recheck,0,1,0,0,0,655,655,before_check,0,0,,,,,56.74746306613088,58.09348728507757,38.697384763509035,39.64667487889528,changed,60.08203125,REVOKE,read_set_version_changed_at_commit,54.73272409290075,,,4.2985109612345695,34.43792788311839,44.14950869977474,54.51129889115691,59.03123505413532,
53,xair_atomic,1,30.0,50.0,before_recheck,0,1,0,0,0,657,657,before_check,0,0,,,,,57.46117094531655,58.59035765752196,39.5249268040061,40.69771571084857,changed,61.10693359375,REVOKE,read_set_version_changed_at_commit,54.34260331094265,,,4.984686616808176,35.19471688196063,45.62344262376428,55.20669277757406,59.327289927750826,
54,xair_atomic,0,,50.0,control,1,0,0,0,0,,658,control,0,0,,1.0144729167222977,2.512392122298479,59.987307991832495,57.474915869534016,58.9728350751102,,,committed,60.843017578125,EXECUTE,authorization_committed,55.289308074861765,55.31260184943676,0.02329377457499504,4.6902550384402275,,,54.76072710007429,59.97956311330199,60.00285688787699
55,xair_atomic,0,,50.0,control,1,0,0,0,0,,659,control,0,0,,1.2642410583794117,2.844705246388912,62.15220736339688,59.30750211700797,60.88796630501747,,,committed,62.639892578125,EXECUTE,authorization_committed,57.58438166230917,57.611844036728144,0.027462374418973923,4.560060333460569,,,54.68271020799875,62.14444199576974,62.17190437018871
56,xair_atomic,1,30.0,50.0,before_recheck,0,1,0,0,0,661,661,before_check,0,0,,,,,64.79817861691117,66.16849824786186,48.3635812997818,49.39401336014271,changed,68.43408203125,REVOKE,read_set_version_changed_at_commit,56.25747423619032,,,11.038048192858696,41.2832242436707,55.265854112803936,61.30590010434389,67.29552242904902,
57,xair_atomic,1,30.0,50.0,before_recheck,0,1,0,0,0,663,663,before_check,0,0,,,,,58.00296692177653,59.35996072366834,40.37773562595248,41.61391360685229,changed,61.799072265625,REVOKE,read_set_version_changed_at_commit,55.40387285873294,,,4.835567902773619,34.992717672139406,47.430550679564476,55.00061670318246,60.23944076150656,
58,xair_atomic,0,,50.0,control,1,0,0,0,0,,664,control,0,0,,0.9588180109858513,2.2925082594156265,59.63696027174592,57.344452012330294,58.67814226076007,,,committed,61.112060546875,EXECUTE,authorization_committed,54.84842089936137,54.86211692914367,0.013696029782295227,4.78522339835763,,,54.85824914649129,59.633644297719,59.6473403275013
59,xair_atomic,1,30.0,50.0,before_recheck,0,1,0,0,0,666,666,before_check,0,0,,,,,57.78631009161472,58.99365385994315,41.07132600620389,42.069317772984505,changed,60.6240234375,REVOKE,read_set_version_changed_at_commit,55.03227608278394,,,4.89246379584074,35.1279410533607,47.38497594371438,55.132383946329355,59.92473987862468,
60,xair_atomic,1,30.0,50.0,before_recheck,0,1,0,0,0,668,668,before_check,0,0,,,,,58.05544462054968,59.35069406405091,39.07486284151673,40.11318972334266,changed,61.797119140625,REVOKE,read_set_version_changed_at_commit,55.69261498749256,,,4.662161692976952,34.825002774596214,45.18634267151356,54.82490686699748,60.35477668046951,
61,xair_atomic,0,,50.0,control,1,0,0,0,0,,669,control,0,0,,0.925776083022356,2.5902469642460346,59.6357393078506,57.045492343604565,58.70996322482824,,,committed,60.802978515625,EXECUTE,authorization_committed,55.04687409847975,55.0582748837769,0.01140078529715538,4.586010240018368,,,54.65713329613209,59.632884338498116,59.64428512379527
62,xair_atomic,1,30.0,50.0,before_recheck,0,1,0,0,0,671,671,before_check,0,0,,,,,57.9702858813107,59.25799999386072,40.47179315239191,41.61421488970518,changed,61.73193359375,REVOKE,read_set_version_changed_at_commit,54.87044341862202,,,5.235286895185709,35.46203812584281,46.94001190364361,55.48883229494095,60.105730313807726,
63,xair_atomic,1,30.0,50.0,before_recheck,0,1,0,0,0,673,673,before_check,0,0,,,,,56.73270486295223,57.93762393295765,39.21187995001674,40.4060990549624,changed,60.010986328125,REVOKE,read_set_version_changed_at_commit,54.667471908032894,,,4.415379837155342,34.55914510414004,45.43471895158291,54.57542883232236,59.082851745188236,
64,xair_atomic,0,,50.0,control,1,0,0,0,0,,674,control,0,0,,0.9526163339614868,2.306736074388027,60.10053027421236,57.79379419982433,59.147913940250874,,,committed,61.14892578125,EXECUTE,authorization_committed,55.02219684422016,55.0415338948369,0.01933705061674118,5.072772037237883,,,55.14367530122399,60.094968881458044,60.114305932074785
65,xair_atomic,1,30.0,50.0,before_recheck,0,1,0,0,0,676,676,before_check,0,0,,,,,57.64914257451892,59.09118661656976,39.82908697798848,41.313450783491135,changed,61.323974609375,REVOKE,read_set_version_changed_at_commit,55.02311931923032,,,4.8813726752996445,35.301245748996735,46.38994997367263,55.35621289163828,59.90449199452996,
66,xair_atomic,0,,50.0,control,1,0,0,0,0,,677,control,0,0,,0.9058392606675625,2.436479087918997,59.57610718905926,57.13962810114026,58.670267928391695,,,committed,60.485107421875,EXECUTE,authorization_committed,54.96104201301932,54.97585982084274,0.014817807823419571,4.611167125403881,,,54.68498496338725,59.572209138423204,59.587026946246624
67,xair_atomic,1,30.0,50.0,before_recheck,0,1,0,0,0,679,679,before_check,0,0,,,,,57.28953890502453,58.49421815946698,39.55237893387675,40.560558903962374,changed,60.81103515625,REVOKE,read_set_version_changed_at_commit,54.76046586409211,,,4.602060187608004,34.81674799695611,45.21515732631087,54.836389143019915,59.362526051700115,
68,xair_atomic,1,30.0,50.0,before_recheck,0,1,0,0,0,681,681,before_check,0,0,,,,,57.50183667987585,58.63712588325143,39.758885744959116,41.166404727846384,changed,61.4560546875,REVOKE,read_set_version_changed_at_commit,54.79838792234659,,,4.781866911798716,34.98614579439163,45.82088300958276,55.004183668643236,59.58025483414531,
69,xair_atomic,1,30.0,50.0,before_recheck,0,1,0,0,0,683,683,before_check,0,0,,,,,57.30180209502578,58.70449310168624,39.423888083547354,40.49884295091033,changed,61.27587890625,REVOKE,read_set_version_changed_at_commit,54.548327811062336,,,4.947348032146692,35.119134932756424,45.45124992728233,55.123928003013134,59.49567584320903,
70,xair_atomic,0,,50.0,control,1,0,0,0,0,,684,control,0,0,,0.9336401708424091,2.2894730791449547,58.85776923969388,56.568296160548925,57.92412906885147,,,committed,59.6640625,EXECUTE,authorization_committed,54.67073805630207,54.68817101791501,0.017432961612939835,4.182523116469383,,,54.253695998340845,58.853261172771454,58.870694134384394
71,xair_atomic,1,30.0,50.0,before_recheck,0,1,0,0,0,686,686,before_check,0,0,,,,,57.418040465563536,58.96938918158412,40.14970874413848,41.59956704825163,changed,60.94189453125,REVOKE,read_set_version_changed_at_commit,55.009092669934034,,,4.729539155960083,34.914761781692505,47.82477114349604,54.91715995594859,59.73863182589412,
72,xair_atomic,0,,50.0,control,1,0,0,0,0,,687,control,0,0,,0.9111380204558372,2.3289471864700317,60.79211737960577,58.46317019313574,59.88097935914993,,,committed,61.833984375,EXECUTE,authorization_committed,55.57370185852051,55.59643357992172,0.0227317214012146,5.213406402617693,,,55.29026035219431,60.7871082611382,60.809839982539415
73,xair_atomic,1,30.0,50.0,before_recheck,0,1,0,0,0,689,689,before_check,0,0,,,,,57.71727114915848,58.99041797965765,39.55530375242233,40.59909097850323,changed,61.166015625,REVOKE,read_set_version_changed_at_commit,55.075115989893675,,,4.959761165082455,35.1106789894402,45.29590904712677,55.111815221607685,60.03487715497613,
74,xair_atomic,1,30.0,50.0,before_recheck,0,1,0,0,0,691,691,before_check,0,0,,,,,57.27452086284757,58.77124797552824,39.98200409114361,41.226879227906466,changed,61.14599609375,REVOKE,read_set_version_changed_at_commit,54.98424591496587,,,4.760267212986946,34.93462922051549,46.318617183715105,54.94508286938071,59.744513127952814,
75,xair_atomic,1,30.0,50.0,before_recheck,0,1,0,0,0,693,693,before_check,0,0,,,,,57.40238120779395,58.980150148272514,39.28818320855498,40.55910697206855,changed,60.916015625,REVOKE,read_set_version_changed_at_commit,55.07605895400047,,,4.828845150768757,35.047381184995174,45.28760304674506,55.06795318797231,59.90490410476923,
76,xair_atomic,1,30.0,50.0,before_recheck,0,1,0,0,0,695,695,before_check,0,0,,,,,57.62932589277625,59.08468598499894,40.02074711024761,41.1006617359817,changed,60.839111328125,REVOKE,read_set_version_changed_at_commit,55.02879898995161,,,4.9253967590630054,35.095802042633295,46.1707697249949,55.10708689689636,59.954195749014616,
77,xair_atomic,1,30.0,50.0,before_recheck,0,1,0,0,0,697,697,before_check,0,0,,,,,56.92944396287203,58.33407724276185,39.35811389237642,40.50691798329353,changed,60.738037109375,REVOKE,read_set_version_changed_at_commit,55.05048111081123,,,4.346048925071955,34.50630605220795,45.72073509916663,54.516167845577,59.39653003588319,
78,xair_atomic,1,30.0,50.0,before_recheck,0,1,0,0,0,699,699,before_check,0,0,,,,,60.1287130266428,61.92456092685461,42.41442494094372,43.531599920243025,changed,64.5400390625,REVOKE,read_set_version_changed_at_commit,55.68877700716257,,,7.275814190506935,37.45290217921138,49.10194594413042,57.46850511059165,62.964591197669506,
79,xair_atomic,1,30.0,50.0,before_recheck,0,1,0,0,0,701,701,before_check,0,0,,,,,57.3304258286953,58.75292280688882,39.97248597443104,42.46768495067954,changed,61.60791015625,REVOKE,read_set_version_changed_at_commit,54.99768117442727,,,4.6738446690142155,34.85275572165847,50.656971987336874,54.837260860949755,59.671525843441486,
80,xair_atomic,0,,50.0,control,1,0,0,0,0,,702,control,0,0,,0.8050189353525639,2.366056200116873,59.995552990585566,57.62949679046869,59.190534055233,,,committed,61.966064453125,EXECUTE,authorization_committed,54.947668220847845,54.96398825198412,0.016320031136274338,5.043867975473404,,,55.11626414954662,59.99153619632125,60.00785622745752
81,xair_atomic,1,40.0,50.0,concurrent,0,1,0,0,0,704,704,before_check,0,0,,,,,57.664362248033285,59.122526086866856,49.82053302228451,51.02370912209153,changed,61.804931640625,REVOKE,read_set_version_changed_at_commit,54.90325437858701,,,5.048716906458139,45.24461226537824,56.058090180158615,55.250135250389576,59.95197128504515,
82,xair_atomic,1,40.0,50.0,concurrent,0,1,0,0,0,706,706,before_check,0,0,,,,,57.73242888972163,58.83454577997327,49.94913376867771,51.042263861745596,changed,60.9990234375,REVOKE,read_set_version_changed_at_commit,54.88603189587593,,,4.849893972277641,45.096584130078554,55.6456558406353,55.11638289317489,59.73592586815357,
83,xair_atomic,1,40.0,50.0,concurrent,0,1,0,0,0,708,708,before_check,0,0,,,,,57.18149617314339,58.43503633514047,49.56167656928301,50.599663984030485,changed,61.158935546875,REVOKE,read_set_version_changed_at_commit,54.624220822006464,,,4.506410099565983,44.68631511554122,55.93794398009777,54.70417020842433,59.13063092157245,
84,xair_atomic,1,40.0,50.0,concurrent,0,1,0,0,0,710,710,before_check,0,0,,,,,57.616102043539286,58.75998688861728,49.8695052228868,50.99455500021577,changed,60.568115234375,REVOKE,read_set_version_changed_at_commit,54.96030114591122,,,4.664877895265818,44.89963594824076,55.9972058981657,54.90973684936762,59.625179041177034,
85,xair_atomic,0,,50.0,control,1,0,0,0,0,,711,control,0,0,,0.9176298044621944,2.002354711294174,59.495174791663885,57.49282008036971,58.57754498720169,,,committed,60.049072265625,EXECUTE,authorization_committed,54.969838820397854,54.98855421319604,0.01871539279818535,4.520346876233816,,,54.59702992811799,59.49018569663167,59.508901089429855
86,xair_atomic,1,40.0,50.0,before_recheck,0,1,0,0,0,713,713,before_check,0,0,,,,,56.56730383634567,57.677695993334055,48.95837604999542,49.907505977898836,changed,59.535888671875,REVOKE,read_set_version_changed_at_commit,54.21299999579787,,,4.3072160333395,44.4771028123796,54.49636094272137,54.533309768885374,58.52021602913737,
87,xair_atomic,1,40.0,50.0,concurrent,0,1,0,0,0,715,715,before_check,0,0,,,,,56.76784086972475,58.08939877897501,49.225807655602694,50.42677000164986,changed,60.427978515625,REVOKE,read_set_version_changed_at_commit,54.47640409693122,,,4.571131896227598,44.719398021698,55.36041175946593,54.723857901990414,59.04753599315882,
88,xair_atomic,0,,50.0,control,1,0,0,0,0,,716,control,0,0,,0.9434898383915424,2.3962040431797504,59.07471664249897,56.67851259931922,58.13122680410743,,,committed,60.556884765625,EXECUTE,authorization_committed,54.75766118615866,54.771807976067066,0.014146789908409119,4.314209800213575,,,54.38516288995743,59.07187098637223,59.08601777628064
89,xair_atomic,1,40.0,50.0,concurrent,0,1,0,0,0,718,718,before_check,0,0,,,,,57.041503954678774,58.34109103307128,49.32438302785158,50.298700109124184,changed,59.56201171875,REVOKE,read_set_version_changed_at_commit,54.55971974879503,,,4.702037200331688,44.84818922355771,54.96235517784953,54.845305159687996,59.26175694912672,
90,xair_atomic,1,40.0,50.0,concurrent,0,1,0,0,0,720,720,before_check,0,0,,,,,57.58549412712455,58.945714961737394,50.499136094003916,51.61563027650118,changed,61.097900390625,REVOKE,read_set_version_changed_at_commit,54.97288517653942,,,4.962685983628035,45.24359107017517,56.53014499694109,55.287525057792664,59.935571160167456,
91,xair_atomic,1,40.0,50.0,concurrent,0,1,0,0,0,722,722,before_check,0,0,,,,,57.7814020216465,58.9804002083838,50.27933418750763,51.64060601964593,changed,60.8740234375,REVOKE,read_set_version_changed_at_commit,54.86712697893381,,,4.993232898414135,45.153051149100065,56.807495187968016,55.156819988042116,59.860359877347946,
92,xair_atomic,1,40.0,50.0,concurrent,0,1,0,0,0,724,724,before_check,0,0,,,,,57.99710610881448,59.29899727925658,50.592100247740746,51.80917214602232,changed,62.52294921875,REVOKE,read_set_version_changed_at_commit,55.09818997234106,,,5.114170257002115,45.428366865962744,56.53205793350935,55.390147026628256,60.212360229343176,
93,xair_atomic,1,40.0,50.0,concurrent,0,1,0,0,0,726,726,before_check,0,0,,,,,57.340203784406185,58.6554897017777,50.23236479610205,51.58925987780094,changed,61.198974609375,REVOKE,read_set_version_changed_at_commit,54.51351311057806,,,4.993333946913481,45.196732971817255,56.72378791496158,55.19969994202256,59.50684705749154,
94,xair_atomic,1,40.0,50.0,concurrent,0,1,0,0,0,728,728,before_check,0,0,,,,,56.55186576768756,57.94151173904538,48.71561098843813,50.153727643191814,changed,59.44091796875,REVOKE,read_set_version_changed_at_commit,54.557796102017164,,,4.251011647284031,44.40868506208062,55.17920199781656,54.411361925303936,58.808807749301195,
95,xair_atomic,1,40.0,50.0,concurrent,0,1,0,0,0,730,730,before_check,0,0,,,,,56.80684372782707,57.996264193207026,49.455828964710236,50.73248269036412,changed,60.14501953125,REVOKE,read_set_version_changed_at_commit,54.13807928562164,,,4.535985644906759,44.68687670305371,55.219016037881374,54.690845776349306,58.6740649305284,
96,xair_atomic,1,40.0,50.0,before_recheck,0,1,0,0,0,732,732,before_check,0,0,,,,,56.58755311742425,58.03545843809843,48.94796712324023,49.92647236213088,changed,59.41796875,REVOKE,read_set_version_changed_at_commit,54.401683155447245,,,4.308630246669054,44.454341288655996,54.137228056788445,54.44909306243062,58.7103134021163,
97,xair_atomic,1,40.0,50.0,before_recheck,0,1,0,0,0,734,734,before_check,0,0,,,,,56.15604389458895,57.49963317066431,48.23223501443863,49.48079586029053,changed,60.04296875,REVOKE,read_set_version_changed_at_commit,54.17948681861162,,,4.051938187330961,44.19177817180753,53.70798287913203,54.1995451785624,58.23142500594258,
98,xair_atomic,1,40.0,50.0,concurrent,0,1,0,0,0,736,736,before_check,0,0,,,,,56.7320236004889,57.89343127980828,49.12025015801191,50.24586012586951,changed,59.916015625,REVOKE,read_set_version_changed_at_commit,54.62091416120529,,,4.313638899475336,44.4679562933743,54.949319921433926,54.4630391523242,58.93455306068063,
99,xair_atomic,0,,50.0,control,1,0,0,0,0,,737,control,0,0,,0.9415950626134872,2.1908478811383247,59.28646307438612,57.095615193247795,58.34486801177263,,,committed,60.376953125,EXECUTE,authorization_committed,54.72163390368223,54.733335971832275,0.011702068150043488,4.562435206025839,,,54.63244626298547,59.28406910970807,59.295771177858114
100,xair_atomic,1,40.0,50.0,concurrent,0,1,0,0,0,739,739,before_check,0,0,,,,,56.96543073281646,58.200446888804436,49.589880742132664,50.80102197825909,changed,60.39599609375,REVOKE,read_set_version_changed_at_commit,54.65106060728431,,,4.529844969511032,44.70717487856746,55.702813901007175,54.73915673792362,59.18090557679534,
101,xair_atomic,1,40.0,50.0,concurrent,0,1,0,0,0,741,741,before_check,0,0,,,,,56.9111886434257,58.17223433405161,49.575823824852705,50.85205705836415,changed,59.89697265625,REVOKE,read_set_version_changed_at_commit,54.60726888850331,,,4.465634003281593,44.62406877428293,55.63493585214019,54.62627485394478,59.072902891784906,
102,xair_atomic,0,,50.0,control,1,0,0,0,0,,742,control,0,0,,0.9662620723247528,2.2919983603060246,58.62407200038433,56.332073640078306,57.65780992805958,,,committed,59.85302734375,EXECUTE,authorization_committed,54.34007802978158,54.350417107343674,0.010339077562093735,4.2815785855054855,,,54.365154821425676,58.621656615287066,58.63199569284916
103,xair_atomic,1,40.0,50.0,concurrent,0,1,0,0,0,744,744,before_check,0,0,,,,,56.36555701494217,57.569404132664204,49.230136442929506,50.45338999480009,changed,60.001953125,REVOKE,read_set_version_changed_at_commit,54.4368801638484,,,4.106561187654734,44.254777021706104,54.94239833205938,54.24809642136097,58.543441351503134,
104,xair_atomic,0,,50.0,control,1,0,0,0,0,,745,control,0,0,,0.8170218206942081,2.0808419212698936,59.39030786976218,57.30946594849229,58.573286049067974,,,committed,60.363037109375,EXECUTE,authorization_committed,54.78492332622409,54.79375924915075,0.008835922926664352,4.602960776537657,,,54.6834422275424,59.387884102761745,59.39672002568841
105,xair_atomic,1,40.0,50.0,concurrent,0,1,0,0,0,747,747,before_check,0,0,,,,,57.86640988662839,59.04871691018343,50.066583789885044,51.2024937197566,changed,61.785888671875,REVOKE,read_set_version_changed_at_commit,54.983755107969046,,,5.074635613709688,45.221848879009485,59.11934981122613,55.23910280317068,60.058390721678734,
106,xair_atomic,1,40.0,50.0,concurrent,0,1,0,0,0,749,749,before_check,0,0,,,,,57.67160514369607,59.34947216883302,50.19285110756755,51.338229328393936,changed,61.0791015625,REVOKE,read_set_version_changed_at_commit,55.225668009370565,,,5.038719158619642,45.21688027307391,56.330721359699965,55.22859422490001,60.26438716799021,
107,xair_atomic,1,40.0,50.0,concurrent,0,1,0,0,0,751,751,before_check,0,0,,,,,58.07920964434743,59.660234954208136,49.87226007506251,51.099791657179594,changed,61.52392578125,REVOKE,read_set_version_changed_at_commit,55.70286279544234,,,5.1010060124099255,45.389584731310606,56.52519594877958,55.41700776666403,60.80386880785227,
108,xair_atomic,1,40.0,50.0,concurrent,0,1,0,0,0,753,753,before_check,0,0,,,,,56.888196151703596,57.93858598917723,49.811356235295534,50.9746172465384,changed,60.68505859375,REVOKE,read_set_version_changed_at_commit,54.34770183637738,,,4.512852057814598,44.73775206133723,55.81261916086078,54.744104854762554,58.86055389419198,
109,xair_atomic,0,,50.0,control,1,0,0,0,0,,754,control,0,0,,0.8938959799706936,2.3173349909484386,59.95692079886794,57.6395858079195,59.06302481889725,,,committed,60.93603515625,EXECUTE,authorization_committed,54.91981469094753,54.93737757205963,0.017562881112098694,5.032157059758902,,,55.10464170947671,59.951971750706434,59.96953463181853
110,xair_atomic,1,40.0,50.0,concurrent,0,1,0,0,0,756,756,before_check,0,0,,,,,57.15639982372522,58.13125800341368,50.22221663966775,51.50907998904586,changed,59.881103515625,REVOKE,read_set_version_changed_at_commit,54.278922732919455,,,4.804078955203295,44.98977493494749,56.32562190294266,55.02380058169365,59.08300168812275,
111,xair_atomic,1,40.0,50.0,concurrent,0,1,0,0,0,758,758,before_check,0,0,,,,,57.23895411938429,58.8324130512774,50.03281217068434,51.299216225743294,changed,60.264892578125,REVOKE,read_set_version_changed_at_commit,54.9802677705884,,,4.668485373258591,44.900928158313036,56.175681296736,54.90600038319826,59.64875314384699,
112,xair_atomic,1,40.0,50.0,concurrent,0,1,0,0,0,760,760,before_check,0,0,,,,,57.14075034484267,58.26157238334417,49.42232742905617,50.61259912326932,changed,61.470947265625,REVOKE,read_set_version_changed_at_commit,54.429505951702595,,,4.84228041023016,45.0055543333292,55.64256105571985,55.00928312540054,59.271786361932755,
113,xair_atomic,1,40.0,50.0,concurrent,0,1,0,0,0,762,762,before_check,0,0,,,,,57.05825472250581,58.623400051146746,49.717329908162355,50.96115171909332,changed,60.721923828125,REVOKE,read_set_version_changed_at_commit,54.80629205703735,,,4.643667954951525,44.8081037029624,55.74558395892382,54.810320027172565,59.44996001198888,
114,xair_atomic,0,,50.0,control,1,0,0,0,0,,763,control,0,0,,0.8187559433281422,2.2149039432406425,59.105795342475176,56.89089139923453,58.287039399147034,,,committed,59.922119140625,EXECUTE,authorization_committed,54.69260970130563,54.71600405871868,0.023394357413053513,4.407935310155153,,,54.48968801647425,59.10054501146078,59.123939368873835
115,xair_atomic,1,40.0,50.0,concurrent,0,1,0,0,0,765,765,before_check,0,0,,,,,57.77628067880869,59.21116191893816,50.17362488433719,51.436913665384054,changed,61.1689453125,REVOKE,read_set_version_changed_at_commit,55.31333386898041,,,4.900628700852394,45.08304875344038,57.6722058467567,55.07538700476289,60.2139625698328,
116,xair_atomic,1,40.0,50.0,concurrent,0,1,0,0,0,767,767,before_check,0,0,,,,,57.984752114862204,59.097078163176775,49.88947184756398,51.01815890520811,changed,61.39404296875,REVOKE,read_set_version_changed_at_commit,55.55268190801144,,,4.622368142008781,44.89808203652501,56.98492703959346,54.91799209266901,60.17505005002022,
117,xair_atomic,0,,50.0,control,1,0,0,0,0,,768,control,0,0,,0.8977428078651428,2.1336707286536694,60.019096825271845,57.885426096618176,59.1213540174067,,,committed,60.93896484375,EXECUTE,authorization_committed,54.80025103315711,54.8187461681664,0.018495135009288788,5.214988719671965,,,55.2901397459209,60.015239752829075,60.033734887838364
118,xair_atomic,1,40.0,50.0,before_recheck,0,1,0,0,0,770,770,before_check,0,0,,,,,57.05809500068426,58.18334501236677,49.28425792604685,50.20914226770401,changed,61.02294921875,REVOKE,read_set_version_changed_at_commit,54.34297304600477,,,4.642265848815441,44.83906226232648,54.827401880174875,54.86198700964451,58.98523889482021,
119,xair_atomic,0,,50.0,control,1,0,0,0,0,,771,control,0,0,,0.9868303313851357,2.0827259868383408,59.55919483676553,57.47646884992719,58.57236450538039,,,committed,61.35791015625,EXECUTE,authorization_committed,54.70579396933317,54.72375778481364,0.017963815480470657,4.849323071539402,,,54.929173085838556,59.555117040872574,59.573080856353045
120,xair_atomic,1,45.0,50.0,concurrent,0,1,0,0,0,773,773,before_check,0,0,,,,,57.68983997404575,58.84332302957773,54.434195160865784,55.676694959402084,changed,61.258056640625,REVOKE,read_set_version_changed_at_commit,55.12777529656887,,,4.705884959548712,49.99665403738618,61.57438410446048,55.019632913172245,59.83366025611758,
121,xair_atomic,1,45.0,50.0,concurrent,0,1,0,0,0,775,775,before_check,0,0,,,,,57.90205718949437,59.147713240236044,55.356454104185104,56.35847290977836,changed,61.780029296875,REVOKE,read_set_version_changed_at_commit,55.574273224920034,,,4.624140914529562,49.88797893747687,61.735235154628754,54.911920335143805,60.198414139449596,
122,xair_atomic,1,45.0,50.0,concurrent,0,1,0,0,0,777,777,before_check,0,0,,,,,57.339022401720285,58.58283396810293,54.74195210263133,56.03535706177354,changed,61.552978515625,REVOKE,read_set_version_changed_at_commit,55.00129796564579,,,4.398288205265999,49.65888010337949,61.125392094254494,54.67749107629061,59.39958617091179,
123,xair_atomic,1,45.0,50.0,concurrent,0,1,0,0,0,779,779,before_check,0,0,,,,,57.77787510305643,59.15094027295709,54.945864249020815,56.12506531178951,changed,61.669921875,REVOKE,read_set_version_changed_at_commit,55.666024796664715,,,4.436950199306011,49.65549428015947,61.59137608483434,54.66475710272789,60.102974995970726,
124,xair_atomic,1,45.0,50.0,concurrent,0,1,0,0,0,781,781,before_check,0,0,,,,,58.2476663403213,59.53039135783911,55.78704224899411,56.92664906382561,changed,61.8369140625,REVOKE,read_set_version_changed_at_commit,55.554505437612534,,,4.852118901908398,50.131737254559994,61.50289997458458,55.1396980881691,60.40662433952093,
125,xair_atomic,0,,50.0,control,1,0,0,0,0,,782,control,0,0,,1.0434072464704514,2.4069943465292454,60.258165933191776,57.85117158666253,59.214758686721325,,,committed,64.97802734375,EXECUTE,authorization_committed,55.24803092703223,55.26397097855806,0.015940051525831223,5.007559899240732,,,55.08687859401107,60.255590826272964,60.271530877798796
126,xair_atomic,0,,50.0,control,1,0,0,0,0,,783,control,0,0,,1.0220669209957123,2.2793151438236237,58.91045881435275,56.63114367052913,57.88839189335704,,,committed,60.218994140625,EXECUTE,authorization_committed,54.736873134970665,54.745107889175415,0.008234754204750061,4.171371925622225,,,54.25362568348646,58.90824506059289,58.91647981479764
127,xair_atomic,1,45.0,50.0,concurrent,0,1,0,0,0,785,785,before_check,0,0,,,,,57.69520020112395,59.04225632548332,54.611537139862776,55.827117059379816,changed,61.87890625,REVOKE,read_set_version_changed_at_commit,55.20004080608487,,,4.7508892603218555,49.955076072365046,61.45522138103843,54.956875275820494,59.95093006640673,
128,xair_atomic,0,,50.0,control,1,0,0,0,0,,786,control,0,0,,1.035001128911972,2.5496012531220913,59.19378995895386,56.644188705831766,58.158788830041885,,,committed,59.85791015625,EXECUTE,authorization_committed,54.598433431237936,54.606618359684944,0.008184928447008133,4.5930626802146435,,,54.66834409162402,59.19149611145258,59.19968103989959
129,xair_atomic,1,45.0,50.0,concurrent,0,1,0,0,0,788,788,before_check,0,0,,,,,56.8987256847322,58.189124800264835,53.99405909702182,54.94785774499178,changed,60.657958984375,REVOKE,read_set_version_changed_at_commit,54.92014577612281,,,4.030026961117983,49.2476187646389,60.445415787398815,54.24237484112382,58.95017273724079,
130,xair_atomic,1,45.0,50.0,concurrent,0,1,0,0,0,790,790,before_check,0,0,,,,,57.72134894505143,58.78976220265031,54.899116046726704,56.337043177336454,changed,61.68896484375,REVOKE,read_set_version_changed_at_commit,54.989506024867296,,,4.772750195115805,49.936269875615835,61.575565952807665,54.94009284302592,59.7622562199831,
131,xair_atomic,0,,50.0,control,1,0,0,0,0,,791,control,0,0,,1.1133071966469288,2.3048920556902885,59.973993338644505,57.669101282954216,58.860686141997576,,,committed,60.39501953125,EXECUTE,authorization_committed,55.276545230299234,55.303245317190886,0.026700086891651154,4.690125118941069,,,54.775475058704615,59.9666703492403,59.993370436131954
132,xair_atomic,0,,50.0,control,1,0,0,0,0,,792,control,0,0,,0.7991683669388294,2.0591611973941326,59.76199498400092,57.70283378660679,58.96282661706209,,,committed,60.660888671875,EXECUTE,authorization_committed,55.268620140850544,55.28445914387703,0.015839003026485443,4.489327780902386,,,54.564318619668484,59.75794792175293,59.773786924779415
133,xair_atomic,1,45.0,50.0,concurrent,0,1,0,0,0,794,794,before_check,0,0,,,,,57.06846481189132,58.47292812541127,53.95164014771581,55.38820382207632,changed,61.30810546875,REVOKE,read_set_version_changed_at_commit,55.21253403276205,,,4.281449131667614,49.457722809165716,60.90168282389641,54.46083517745137,59.493983164429665,
134,xair_atomic,1,45.0,50.0,concurrent,0,1,0,0,0,796,796,before_check,0,0,,,,,57.05295456573367,58.30333987250924,54.123942740261555,55.2284037694335,changed,60.847900390625,REVOKE,read_set_version_changed_at_commit,54.59773074835539,,,4.481413867324591,49.6512558311224,59.55181084573269,54.652814753353596,59.07914461567998,
135,xair_atomic,1,45.0,50.0,concurrent,0,1,0,0,0,798,798,before_check,0,0,,,,,56.837260723114014,57.88702005520463,54.144321009516716,55.42313866317272,changed,59.43310546875,REVOKE,read_set_version_changed_at_commit,54.85251918435097,,,4.043852910399437,49.2126839235425,60.14413200318813,54.22017304226756,58.896372094750404,
136,xair_atomic,1,45.0,50.0,concurrent,0,1,0,0,0,800,800,before_check,0,0,,,,,58.02506813779473,59.50174713507295,55.34492200240493,56.52820132672787,changed,61.18603515625,REVOKE,read_set_version_changed_at_commit,55.853667203336954,,,4.831950180232525,50.114935263991356,61.832568142563105,55.14008831232786,60.68561738356948,
137,xair_atomic,1,45.0,50.0,concurrent,0,1,0,0,0,802,802,before_check,0,0,,,,,56.923973839730024,58.37698793038726,54.12130802869797,55.22491782903671,changed,60.287109375,REVOKE,read_set_version_changed_at_commit,54.8656340688467,,,4.31458093225956,49.56631688401103,60.93561602756381,54.57842582836747,59.18021500110626,
138,xair_atomic,0,,50.0,control,1,0,0,0,0,,803,control,0,0,,0.9212573058903217,2.547567244619131,59.400315862149,56.85274861752987,58.47905855625868,,,committed,63.76708984375,EXECUTE,authorization_committed,54.89651206880808,54.91577787324786,0.019265804439783096,4.4990358874201775,,,54.57779299467802,59.395547956228256,59.41481376066804
139,xair_atomic,1,45.0,50.0,concurrent,0,1,0,0,0,805,805,before_check,0,0,,,,,56.91466573625803,58.108014054596424,54.2521639727056,55.10990181937814,changed,60.75390625,REVOKE,read_set_version_changed_at_commit,54.88264514133334,,,4.297278821468353,49.52812474220991,60.28973497450352,54.52803103253245,59.179923962801695,
140,xair_atomic,1,45.0,50.0,concurrent,0,1,0,0,0,807,807,before_check,0,0,,,,,57.20946891233325,58.24655294418335,54.47381874546409,55.685561150312424,changed,60.0390625,REVOKE,read_set_version_changed_at_commit,54.592310916632414,,,4.590378142893314,49.788692966103554,60.69794995710254,54.79058297351003,59.18268905952573,
141,xair_atomic,1,45.0,50.0,concurrent,0,1,0,0,0,809,809,before_check,0,0,,,,,57.31763131916523,58.670859318226576,54.580328054726124,55.623955093324184,changed,60.513916015625,REVOKE,read_set_version_changed_at_commit,54.964890237897635,,,4.546415060758591,49.74596295505762,60.833785217255354,54.74704131484032,59.511305298656225,
142,xair_atomic,0,,50.0,control,1,0,0,0,0,,810,control,0,0,,0.9620743803679943,2.077957149595022,59.480126947164536,57.40216979756951,58.51805256679654,,,committed,60.39990234375,EXECUTE,authorization_committed,54.75129000842571,54.767330177128315,0.016040168702602386,4.726221784949303,,,54.797034710645676,59.477511793375015,59.49355196207762
143,xair_atomic,1,45.0,50.0,concurrent,0,1,0,0,0,812,812,before_check,0,0,,,,,57.738279923796654,59.19254804030061,55.07679982110858,56.197079829871655,changed,61.446044921875,REVOKE,read_set_version_changed_at_commit,55.9531026519835,,,4.5914300717413425,49.786529038101435,61.87617965042591,54.791864939033985,60.54453272372484,
144,xair_atomic,1,45.0,50.0,concurrent,0,1,0,0,0,814,814,before_check,0,0,,,,,58.50486783310771,60.13054680079222,55.34407077357173,56.793979834765196,changed,62.052001953125,REVOKE,read_set_version_changed_at_commit,56.21605599299073,,,5.14369597658515,50.342241767793894,61.94784399122,55.34446192905307,61.35975196957588,
145,xair_atomic,1,45.0,50.0,concurrent,0,1,0,0,0,816,816,before_check,0,0,,,,,59.06214285641909,60.53161947056651,55.725586134940386,56.92719994112849,changed,63.4560546875,REVOKE,read_set_version_changed_at_commit,56.25431798398495,,,5.3924620151519775,50.63802609220147,63.561069779098034,55.64339179545641,61.646779999136925,
146,xair_atomic,1,45.0,50.0,concurrent,0,1,0,0,0,818,818,before_check,0,0,,,,,58.86430200189352,59.7432698123157,56.41733389347792,57.69345723092556,changed,62.87109375,REVOKE,read_set_version_changed_at_commit,55.5860148742795,,,5.155628081411123,50.676539074629545,62.77368310838938,55.69673189893365,60.74164295569062,
147,xair_atomic,1,45.0,50.0,concurrent,0,1,0,0,0,820,820,before_check,0,0,,,,,58.02457733079791,59.30288415402174,55.34161627292633,56.65763420984149,changed,61.885009765625,REVOKE,read_set_version_changed_at_commit,55.84108177572489,,,4.6686953864991665,49.89569401368499,61.75229698419571,54.898185189813375,60.509777162224054,
148,xair_atomic,0,,50.0,control,1,0,0,0,0,,821,control,0,0,,0.7816357538104057,2.00836593285203,59.3718639574945,57.36349802464247,58.59022820368409,,,committed,61.544921875,EXECUTE,authorization_committed,54.4644920155406,54.48322696611285,0.018734950572252274,4.902753978967667,,,54.9900671467185,59.36724599450827,59.38598094508052
149,xair_atomic,1,45.0,50.0,concurrent,0,1,0,0,0,823,823,before_check,0,0,,,,,58.11975570395589,59.40325278788805,55.53282471373677,56.53549497947097,changed,61.05908203125,REVOKE,read_set_version_changed_at_commit,55.773286148905754,,,4.644348751753569,49.878322053700686,61.54927704483271,54.881964810192585,60.41763490065932,
150,xair_atomic,1,45.0,50.0,concurrent,0,1,0,0,0,825,825,before_check,0,0,,,,,57.56773101165891,58.80764592438936,54.62088529020548,55.74028426781297,changed,61.31396484375,REVOKE,read_set_version_changed_at_commit,55.08795101195574,,,4.721092991530895,49.943925347179174,60.999325942248106,54.97549008578062,59.80904400348663,
151,xair_atomic,0,,50.0,control,1,0,0,0,0,,826,control,0,0,,0.9190826676785946,2.407423686236143,59.55760180950165,57.150178123265505,58.63851914182305,,,committed,60.672119140625,EXECUTE,authorization_committed,55.17846066504717,55.19688501954079,0.01842435449361801,4.375174175947905,,,54.45008398965001,59.55363484099507,59.57205919548869
152,xair_atomic,1,45.0,50.0,concurrent,0,1,0,0,0,828,828,before_check,0,0,,,,,57.379467878490686,58.62296978011727,54.41735405474901,55.78713212162256,changed,60.843017578125,REVOKE,read_set_version_changed_at_commit,55.27054285630584,,,4.332505166530609,49.61138078942895,61.42524490132928,54.632727056741714,59.60304802283645,
153,xair_atomic,1,45.0,50.0,concurrent,0,1,0,0,0,830,830,before_check,0,0,,,,,57.26878996938467,58.59543802216649,54.61391108110547,55.74640491977334,changed,60.589111328125,REVOKE,read_set_version_changed_at_commit,54.91288285702467,,,4.544421099126339,49.71417272463441,60.7307618483901,54.705021902918816,59.45730395615101,
154,xair_atomic,1,45.0,50.0,concurrent,0,1,0,0,0,832,832,before_check,0,0,,,,,57.50727700069547,59.032307006418705,54.64320722967386,55.82104530185461,changed,60.81103515625,REVOKE,read_set_version_changed_at_commit,55.56402401998639,,,4.424797371029854,49.6321702376008,61.086319386959076,54.644168354570866,59.988821391016245,
155,xair_atomic,0,,50.0,control,1,0,0,0,0,,833,control,0,0,,1.1231368407607079,2.4710139259696007,59.79015817865729,57.31914425268769,58.667021337896585,,,committed,60.530029296875,EXECUTE,authorization_committed,55.12593220919371,55.14626018702984,0.02032797783613205,4.659106023609638,,,54.73557906225324,59.785038232803345,59.80536621063948
156,xair_atomic,1,45.0,50.0,concurrent,0,1,0,0,0,835,835,before_check,0,0,,,,,57.75518203154206,59.16019715368748,55.05545996129513,56.2243121676147,changed,62.031982421875,REVOKE,read_set_version_changed_at_commit,55.19276671111584,,,4.907743073999882,50.145403016358614,61.15901516750455,55.145759135484695,60.10050978511572,
157,xair_atomic,1,45.0,50.0,concurrent,0,1,0,0,0,837,837,before_check,0,0,,,,,57.91655508801341,59.609420131891966,54.90638129413128,56.07236735522747,changed,61.60205078125,REVOKE,read_set_version_changed_at_commit,55.30504696071148,,,5.404365248978138,50.58869393542409,61.122467275708914,55.587989278137684,60.70941220968962,
158,xair_atomic,1,45.0,50.0,concurrent,0,1,0,0,0,839,839,before_check,0,0,,,,,57.67027288675308,58.94263880327344,54.46298886090517,55.959684774279594,changed,61.512939453125,REVOKE,read_set_version_changed_at_commit,55.26487296447158,,,4.809848964214325,50.10051792487502,61.207635793834925,55.1253710873425,60.0747219286859,
159,xair_atomic,1,45.0,50.0,concurrent,0,1,0,0,0,841,841,before_check,0,0,,,,,58.95831761881709,60.49263570457697,55.43573293834925,56.451677810400724,changed,62.60009765625,REVOKE,read_set_version_changed_at_commit,57.51358903944492,,,4.638537764549255,49.84412668272853,63.331488985568285,54.84471470117569,62.15212680399418,
160,xair_atomic,1,50.0,50.0,concurrent,1,0,0,0,1,843,842,after_check,0,0,after_middleware,1.3034339062869549,2.994675189256668,62.6283697783947,59.63369458913803,61.324935872107744,64.03960613533854,65.10291015729308,committed,64.298095703125,EXECUTE,authorization_committed,56.75728106871247,56.77867075428367,0.021389685571193695,5.865388084203005,56.06792774051428,70.49205573275685,56.36610696092248,62.62266915291548,62.64405883848667
161,xair_atomic,1,50.0,50.0,concurrent,0,1,0,0,0,845,845,before_check,0,0,,,,,62.35902477055788,63.87775298207998,60.02752296626568,61.00333295762539,changed,66.0029296875,REVOKE,read_set_version_changed_at_commit,60.280687641352415,,,4.697788972407579,54.93183759972453,66.34558085352182,55.28733367100358,64.97847661376,
162,xair_atomic,1,50.0,50.0,concurrent,0,1,0,0,0,847,847,before_check,0,0,,,,,62.33288673684001,63.61798569560051,59.843357652425766,61.06721283867955,changed,65.3740234375,REVOKE,read_set_version_changed_at_commit,60.49947813153267,,,4.190778825432062,54.34406595304608,66.30303058773279,54.484608583152294,64.69025695696473,
163,xair_atomic,1,50.0,50.0,concurrent,0,1,0,0,0,849,849,before_check,0,0,,,,,62.60045804083347,64.04179101809859,60.2763700298965,61.27684563398361,changed,66.672119140625,REVOKE,read_set_version_changed_at_commit,60.38253894075751,,,4.664296749979258,54.88376785069704,66.90361676737666,55.16447406262159,65.04683569073677,
164,xair_atomic,1,50.0,50.0,concurrent,1,0,0,0,1,851,850,after_check,0,0,after_middleware,1.1161630973219872,2.6337578892707825,60.23013312369585,57.59637523442507,59.11397002637386,61.8216278962791,63.024293165653944,committed,61.363037109375,EXECUTE,authorization_committed,55.72507530450821,55.73731800541282,0.012242700904607773,4.502594005316496,54.96048228815198,68.11807490885258,54.80337701737881,60.227669309824705,60.23991201072931
165,xair_atomic,0,,50.0,control,1,0,0,0,0,,852,control,0,0,,0.890540424734354,2.2701872512698174,59.47730224579573,57.20711499452591,58.58676182106137,,,committed,61.16796875,EXECUTE,authorization_committed,55.03230635076761,55.046072229743004,0.013765878975391388,4.441809840500355,,,54.5121212489903,59.47411619126797,59.48788207024336
166,xair_atomic,1,50.0,50.0,concurrent,0,1,0,0,0,854,854,before_check,0,0,,,,,62.546425964683294,63.77661321312189,59.93688339367509,61.16089830175042,changed,65.320068359375,REVOKE,read_set_version_changed_at_commit,60.712276957929134,,,4.001744091510773,54.34486735612154,66.2263473495841,54.66772196814418,64.7140210494399,
167,xair_atomic,1,50.0,50.0,concurrent,0,1,0,0,0,856,856,before_check,0,0,,,,,61.71181099489331,63.132706098258495,59.0814589522779,60.38179714232683,changed,65.277099609375,REVOKE,read_set_version_changed_at_commit,59.953894931823015,,,4.167875275015831,54.30508218705654,65.32096909359097,54.419517051428556,64.12177020683885,
168,xair_atomic,1,50.0,50.0,concurrent,0,1,0,0,0,858,858,before_check,0,0,,,,,63.67684714496136,64.95801918208599,60.64973026514053,62.0207111351192,changed,67.62890625,REVOKE,read_set_version_changed_at_commit,60.662122908979654,,,5.2908724173903465,55.549266282469034,67.64460727572441,55.7131334207952,65.95299532637,
169,xair_atomic,0,,50.0,control,1,0,0,0,0,,859,control,0,0,,0.8728271350264549,2.376195974647999,60.28828211128712,57.91208613663912,59.41545497626066,,,committed,61.37109375,EXECUTE,authorization_committed,55.553303100168705,55.58133590966463,0.028032809495925903,4.730150103569031,,,54.81436802074313,60.283453203737736,60.31148601323366
170,xair_atomic,1,50.0,50.0,concurrent,1,0,0,0,1,861,860,after_check,0,0,after_middleware,0.9821220301091671,2.4968814104795456,60.37865113466978,57.881769724190235,59.396529104560614,61.883051879704,63.042056281119585,committed,61.450927734375,EXECUTE,authorization_committed,55.65848061814904,55.673017632216215,0.014537014067173004,4.7161332331597805,55.14843389391899,67.59805930778384,54.9654602073133,60.37461385130882,60.389150865375996
171,xair_atomic,1,50.0,50.0,concurrent,0,1,0,0,0,863,863,before_check,0,0,,,,,62.982294242829084,64.08255780115724,60.44542696326971,61.71264313161373,changed,66.219970703125,REVOKE,read_set_version_changed_at_commit,60.18816400319338,,,4.933582153171301,55.149246007204056,66.59666216000915,55.45415822416544,65.12174615636468,
172,xair_atomic,1,50.0,50.0,concurrent,0,1,0,0,0,865,865,before_check,0,0,,,,,62.77363281697035,63.79601964727044,60.29788963496685,61.35247787460685,changed,66.26904296875,REVOKE,read_set_version_changed_at_commit,59.60974982008338,,,5.261235870420933,55.519860703498125,66.52254285290837,55.70705188438296,64.87098569050431,
173,xair_atomic,1,50.0,50.0,concurrent,0,1,0,0,0,867,867,before_check,0,0,,,,,61.77822593599558,62.90115090087056,59.46435686200857,60.543721076101065,changed,65.10498046875,REVOKE,read_set_version_changed_at_commit,59.272296726703644,,,4.569629207253456,54.81442715972662,65.46998908743262,55.02417078241706,63.8419259339571,
174,xair_atomic,0,,50.0,control,1,0,0,0,0,,868,control,0,0,,1.0469630360603333,2.550192177295685,61.20534194633365,58.65514976903796,60.15837891027331,,,committed,62.489013671875,EXECUTE,authorization_committed,55.61507912352681,55.651667062193155,0.03658793866634369,5.5772690102458,,,55.678036995232105,61.19234813377261,61.228936072438955
175,xair_atomic,1,50.0,50.0,concurrent,1,0,0,0,1,870,869,after_check,0,0,after_middleware,0.9732651524245739,2.3797419853508472,60.4191068559885,58.039364870637655,59.44584170356393,61.80820195004344,62.741903122514486,committed,61.428955078125,EXECUTE,authorization_committed,55.45176286250353,55.46744214370847,0.01567928120493889,4.963216837495565,55.25165796279907,67.600233014673,55.105342995375395,60.414979699999094,60.43065898120403
176,xair_atomic,1,50.0,50.0,concurrent,1,0,0,0,1,872,871,after_check,0,0,after_middleware,1.1454978957772255,2.572194207459688,61.49445427581668,58.92226006835699,60.34895638003945,62.85415310412645,63.90844006091356,committed,63.56298828125,EXECUTE,authorization_committed,55.83355901762843,55.85727281868458,0.02371380105614662,5.6546032428741455,55.93227315694094,69.13693528622389,56.174698285758495,61.48816226050258,61.51187606155872
177,xair_atomic,0,,50.0,control,1,0,0,0,0,,873,control,0,0,,0.9479583241045475,2.4039382115006447,59.31041901931167,56.90648080781102,58.36246069520712,,,committed,60.41796875,EXECUTE,authorization_committed,54.752951953560114,54.771898314356804,0.018946360796689987,4.55307774245739,,,54.629490710794926,59.306029696017504,59.324976056814194
178,xair_atomic,1,50.0,50.0,concurrent,1,0,0,0,1,875,874,after_check,0,0,after_middleware,0.8791391737759113,2.3739421740174294,60.09683292359114,57.72289074957371,59.217693749815226,61.83728715404868,62.94244900345802,committed,60.72705078125,EXECUTE,authorization_committed,55.704426020383835,55.71927409619093,0.014848075807094574,4.389009904116392,54.65306481346488,67.97885289415717,54.941394831985235,60.09343592450023,60.10828400030732
179,xair_atomic,1,50.0,50.0,concurrent,1,0,0,0,1,877,876,after_check,0,0,after_middleware,1.2228633277118206,2.4581202305853367,60.87346002459526,58.415339794009924,59.65059669688344,62.545254826545715,63.67430184036493,committed,62.02587890625,EXECUTE,authorization_committed,56.17756303399801,56.19386397302151,0.01630093902349472,4.6924096532166,54.93660690262914,68.91685258597136,55.165435653179884,60.86997268721461,60.88627362623811
180,xair_atomic,1,50.0,50.0,concurrent,1,0,0,0,1,879,878,after_check,0,0,after_middleware,1.122996211051941,2.4340739473700523,60.107653960585594,57.67358001321554,58.98465774953365,61.0898258164525,62.09623301401734,committed,60.407958984375,EXECUTE,authorization_committed,55.67559180781245,55.70161109790206,0.02601929008960724,4.4246879406273365,54.64954907074571,66.99783401563764,54.94136596098542,60.10027974843979,60.126299038529396
181,xair_atomic,0,,50.0,control,1,0,0,0,0,,880,control,0,0,,0.9131422266364098,2.4665952660143375,59.399093966931105,56.93249870091677,58.485951740294695,,,committed,60.06689453125,EXECUTE,authorization_committed,54.85619604587555,54.8713942989707,0.015198253095149994,4.539732821285725,,,54.61892066523433,59.395928867161274,59.411127120256424
182,xair_atomic,1,50.0,50.0,concurrent,0,1,0,0,0,882,882,before_check,0,0,,,,,62.661823350936174,64.16245689615607,60.006444342434406,61.20345927774906,changed,66.291015625,REVOKE,read_set_version_changed_at_commit,60.60587801039219,,,4.9961889162659645,55.222764145582914,66.42451928928494,55.42103527113795,65.60206692665815,
183,xair_atomic,1,50.0,50.0,concurrent,0,1,0,0,0,884,884,before_check,0,0,,,,,63.184543047100306,64.59632003679872,60.38651568815112,61.6069040261209,changed,66.547119140625,REVOKE,read_set_version_changed_at_commit,60.84437482059002,,,4.801542963832617,55.13165192678571,66.88491208478808,54.97544910758734,65.64591778442264,
184,xair_atomic,1,50.0,50.0,concurrent,1,0,0,0,1,886,885,after_check,0,0,after_middleware,1.1388463899493217,2.7593839913606644,61.02345138788223,58.26406739652157,59.88460499793291,62.194126192480326,63.37186507880688,committed,62.50390625,EXECUTE,authorization_committed,55.80752994865179,55.827085860073566,0.019555911421775818,5.2115232683718204,55.47240236774087,68.34527105093002,55.690280161798,61.01905321702361,61.03860912844539
185,xair_atomic,1,50.0,50.0,concurrent,0,1,0,0,0,888,888,before_check,0,0,,,,,62.14292999356985,63.558285124599934,59.40103903412819,60.69109821692109,changed,65.839111328125,REVOKE,read_set_version_changed_at_commit,60.0949595682323,,,4.4911024160683155,54.68045733869076,65.67305000498891,54.776838049292564,64.58606198430061,
186,xair_atomic,1,50.0,50.0,concurrent,1,0,0,0,1,890,889,after_check,0,0,after_middleware,1.2484206818044186,2.6697367429733276,61.97727983817458,59.307543095201254,60.72885915637016,63.5391091927886,64.73102420568466,committed,63.261962890625,EXECUTE,authorization_committed,56.850966066122055,56.87369918450713,0.022733118385076523,5.120181944221258,55.380660109221935,70.36904618144035,55.80262094736099,61.97114801034331,61.99388112872839
187,xair_atomic,1,50.0,50.0,concurrent,0,1,0,0,0,892,892,before_check,0,0,,,,,62.724710907787085,64.01695450767875,59.94812399148941,61.2646727822721,changed,65.988037109375,REVOKE,read_set_version_changed_at_commit,60.217749793082476,,,4.7297789715230465,55.107366759330034,66.6339909657836,54.93393214419484,64.94752876460552,
188,xair_atomic,1,50.0,50.0,concurrent,0,1,0,0,0,894,894,before_check,0,0,,,,,63.81544563919306,64.95911069214344,61.312152072787285,62.519745901227,changed,67.64208984375,REVOKE,read_set_version_changed_at_commit,61.35829910635948,,,4.584075883030891,54.78284787386656,67.48703075572848,54.90286275744438,65.94237498939037,
189,xair_atomic,0,,50.0,control,1,0,0,0,0,,895,control,0,0,,0.9268480353057384,2.137188334017992,59.34514431282878,57.20795597881079,58.41829627752304,,,committed,60.52392578125,EXECUTE,authorization_committed,54.71759615465999,54.736381862312555,0.018785707652568817,4.62342007085681,,,54.70739724114537,59.341016225516796,59.359801933169365
190,xair_atomic,1,50.0,50.0,concurrent,0,1,0,0,0,897,897,before_check,0,0,,,,,63.28661506995559,64.60674991831183,60.563548002392054,61.77848717197776,changed,66.551025390625,REVOKE,read_set_version_changed_at_commit,60.4441137984395,,,5.099533125758171,55.264461785554886,67.0128921046853,55.419402197003365,65.54364692419767,
191,xair_atomic,0,,50.0,control,1,0,0,0,0,,898,control,0,0,,0.8613448590040207,2.3779990151524544,61.46367592737079,59.08567691221833,60.602331068366766,,,committed,62.428955078125,EXECUTE,authorization_committed,55.092107970267534,55.1070561632514,0.014948192983865738,6.368421949446201,,,56.443511974066496,61.460529919713736,61.4754781126976
192,xair_atomic,0,,50.0,control,1,0,0,0,0,,899,control,0,0,,0.9824424050748348,4.441769327968359,61.77484896034002,57.333079632371664,60.79240655526519,,,committed,61.14990234375,EXECUTE,authorization_committed,57.02043371275067,57.03538190573454,0.014948192983865738,4.751158878207207,,,54.82552759349346,61.77159259095788,61.786540783941746
193,xair_atomic,0,,50.0,control,1,0,0,0,0,,900,control,0,0,,1.0125287808477879,2.762259915471077,60.84779184311628,58.08553192764521,59.835263062268496,,,committed,61.5390625,EXECUTE,authorization_committed,56.0642508789897,56.08994886279106,0.0256979838013649,4.776136949658394,,,54.86059468239546,60.84038782864809,60.866085812449455
194,xair_atomic,1,50.0,50.0,concurrent,0,1,0,0,0,902,902,before_check,0,0,,,,,62.27714195847511,63.533558044582605,59.96200116351247,61.30920676514506,changed,66.01611328125,REVOKE,read_set_version_changed_at_commit,59.67513285577297,,,4.813876934349537,54.997812025249004,66.32829876616597,55.19744614139199,64.48900979012251,
195,xair_atomic,1,50.0,50.0,concurrent,0,1,0,0,0,904,904,before_check,0,0,,,,,62.501523178070784,63.64727113395929,59.71489707008004,61.02042505517602,changed,66.35205078125,REVOKE,read_set_version_changed_at_commit,59.53473970293999,,,5.004354286938906,55.30023900792003,66.44590897485614,55.488101206719875,64.5390939898789,
196,xair_atomic,1,50.0,50.0,concurrent,1,0,0,0,1,906,905,after_check,0,0,after_middleware,1.118707936257124,2.54021305590868,59.941351879388094,57.401138823479414,58.82264394313097,61.17958389222622,62.38478375598788,committed,60.2109375,EXECUTE,authorization_committed,55.37086073309183,55.38906482979655,0.01820409670472145,4.565542098134756,54.725020192563534,67.62959901243448,54.92564709857106,59.93640283122659,59.95460692793131
197,xair_atomic,1,50.0,50.0,concurrent,0,1,0,0,0,908,908,before_check,0,0,,,,,63.41332197189331,64.8657763376832,60.97815511748195,61.901357024908066,changed,67.076904296875,REVOKE,read_set_version_changed_at_commit,60.48871809616685,,,5.28014125302434,55.559585336595774,66.96479115635157,55.75567204505205,65.76885934919119,
198,xair_atomic,0,,50.0,control,1,0,0,0,0,,909,control,0,0,,0.8857008069753647,2.412053756415844,60.46991283074021,58.05785907432437,59.58421202376485,,,committed,61.327880859375,EXECUTE,authorization_committed,55.963942781090736,55.991163942962885,0.027221161872148514,4.499507136642933,,,54.59252092987299,60.46344991773367,60.49067107960582
199,xair_atomic,1,50.0,50.0,concurrent,1,0,0,0,1,911,910,after_check,0,0,after_middleware,1.1506280861794949,2.534341998398304,60.69354200735688,58.15920000895858,59.54291392117739,62.48595332726836,63.539538998156786,committed,62.416015625,EXECUTE,authorization_committed,55.94842368736863,55.969863664358854,0.02143997699022293,4.741762299090624,54.96061220765114,69.10698907449841,55.123838130384684,60.690185986459255,60.71162596344948
200,xair_atomic,1,55.0,50.0,concurrent,1,0,0,0,1,913,912,after_check,0,0,after_middleware,1.0533961467444897,2.663134131580591,60.591922141611576,57.928788010030985,59.538525994867086,65.45471027493477,66.66140304878354,committed,62.196044921875,EXECUTE,authorization_committed,55.377303157001734,55.393232963979244,0.015929806977510452,5.211221985518932,60.45862194150686,71.62550184875727,55.42390001937747,60.588525142520666,60.60445494949818
201,xair_atomic,1,55.0,50.0,after_release,1,0,0,0,1,915,914,after_check,0,0,after_middleware,0.8764038793742657,2.1186629310250282,59.83782792463899,57.71916499361396,58.96142404526472,64.91829501464963,65.77436998486519,committed,60.617919921875,EXECUTE,authorization_committed,54.61490340530872,54.628618992865086,0.013715587556362152,5.219457671046257,60.40637381374836,71.06661377474666,55.42295891791582,59.83436107635498,59.84807666391134
202,xair_atomic,1,55.0,50.0,concurrent,1,0,0,0,1,917,916,after_check,0,0,after_middleware,1.1910833418369293,2.6652980595827103,60.010220389813185,57.344922330230474,58.819137047976255,64.80044312775135,66.25127419829369,committed,61.446044921875,EXECUTE,authorization_committed,55.380298756062984,55.398272816091776,0.017974060028791428,4.626074340194464,59.88787114620209,70.70272136479616,54.889388382434845,60.00637309625745,60.02434715628624
203,xair_atomic,1,55.0,50.0,after_release,1,0,0,0,1,919,918,after_check,0,0,after_middleware,0.6941510364413261,2.1677338518202305,59.80391288176179,57.63617902994156,59.10976184532046,64.83971700072289,66.08596397563815,committed,60.89990234375,EXECUTE,authorization_committed,54.95161470025778,54.96591189876199,0.014297198504209518,4.849423188716173,60.044954996556044,70.89259708300233,55.04995910450816,59.80103788897395,59.81533508747816
204,xair_atomic,0,,50.0,control,1,0,0,0,0,,920,control,0,0,,0.9549008682370186,2.5143148377537727,60.47164602205157,57.9573311842978,59.516745153814554,,,committed,61.22509765625,EXECUTE,authorization_committed,54.81231398880482,54.825288243591785,0.012974254786968231,5.657047964632511,,,55.7363061234355,60.46936195343733,60.4823362082243
205,xair_atomic,0,,50.0,control,1,0,0,0,0,,921,control,0,0,,0.875221099704504,2.1015708334743977,59.76491095498204,57.663340121507645,58.88968985527754,,,committed,61.44189453125,EXECUTE,authorization_committed,54.442881140857935,54.4560463167727,0.013165175914764404,5.319073796272278,,,55.38943596184254,59.76195493713021,59.77512011304498
206,xair_atomic,1,55.0,50.0,concurrent,1,0,0,0,1,923,922,after_check,0,0,after_middleware,1.073393039405346,2.7293278835713863,60.39663590490818,57.667308021336794,59.323242865502834,64.87739784643054,66.11593998968601,committed,61.660888671875,EXECUTE,authorization_committed,55.55526725947857,55.57761900126934,0.022351741790771484,4.8360987566411495,59.99895976856351,71.34979497641325,55.011407006531954,60.39136601611972,60.41371775791049
207,xair_atomic,1,55.0,50.0,after_release,1,0,0,0,1,925,924,after_check,0,0,after_middleware,1.0735630057752132,2.660267986357212,60.25345716625452,57.59318917989731,59.17989416047931,67.35897110775113,68.4688831679523,committed,61.614013671875,EXECUTE,authorization_committed,55.25262886658311,55.27352914214134,0.02090027555823326,4.995618015527725,60.29134802520275,76.62938488647342,55.25154806673527,60.248246882110834,60.26914715766907
208,xair_atomic,1,55.0,50.0,after_release,1,0,0,0,1,927,926,after_check,0,0,after_middleware,1.0700556449592113,2.1409746259450912,60.15218701213598,58.01121238619089,59.08213136717677,65.03193825483322,66.06863206252456,committed,62.032958984375,EXECUTE,authorization_committed,55.163722950965166,55.180022958666086,0.016300007700920105,4.984948318451643,60.19148137420416,71.50014722719789,55.20589230582118,60.14867126941681,60.16497127711773
209,xair_atomic,1,55.0,50.0,concurrent,1,0,0,0,1,929,928,after_check,0,0,after_middleware,1.1049420572817326,2.598653081804514,59.95842395350337,57.359770871698856,58.85348189622164,64.42409800365567,65.37525076419115,committed,61.23388671875,EXECUTE,authorization_committed,55.52696390077472,55.541671346873045,0.014707446098327637,4.428073763847351,59.62135177105665,70.11630199849606,54.62686577811837,59.95503766462207,59.969745110720396
210,xair_atomic,1,55.0,50.0,concurrent,1,0,0,0,1,931,930,after_check,0,0,after_middleware,1.1891103349626064,2.66578933224082,61.13610230386257,58.47031297162175,59.946991968899965,65.46681327745318,66.83469796553254,committed,62.443115234375,EXECUTE,authorization_committed,55.59759587049484,55.62003795057535,0.022442080080509186,5.532484035938978,60.71105506271124,71.43896212801337,55.7205262593925,61.13007990643382,61.15252198651433
211,xair_atomic,1,55.0,50.0,concurrent,1,0,0,0,1,933,932,after_check,0,0,after_middleware,1.471018884330988,2.8587812557816505,60.356780886650085,57.497999630868435,58.8857620023191,65.22568082436919,66.22546492144465,committed,61.2451171875,EXECUTE,authorization_committed,55.84218492731452,55.85696268826723,0.014777760952711105,4.5116799883544445,59.799715876579285,73.1411436572671,54.78510307148099,60.353864915668964,60.368642676621675
212,xair_atomic,1,55.0,50.0,concurrent,1,0,0,0,1,935,934,after_check,0,0,after_middleware,1.0474142618477345,2.4856412783265114,60.224753338843584,57.73911206051707,59.17733907699585,64.2013899050653,65.58097712695599,committed,61.18310546875,EXECUTE,authorization_committed,55.6688099168241,55.68656325340271,0.01775333657860756,4.550443030893803,59.73480502143502,70.56761812418699,54.74672093987465,60.219252947717905,60.23700628429651
213,xair_atomic,0,,50.0,control,1,0,0,0,0,,936,control,0,0,,0.9879418648779392,2.44965311139822,60.45331107452512,58.0036579631269,59.46536920964718,,,committed,60.952880859375,EXECUTE,authorization_committed,55.55921420454979,55.575123988091946,0.01590978354215622,4.8897890374064445,,,54.9695179797709,60.449003241956234,60.46491302549839
214,xair_atomic,1,55.0,50.0,after_release,1,0,0,0,1,938,937,after_check,0,0,after_middleware,1.1038300581276417,2.1238429471850395,59.5188201405108,57.39497719332576,58.414990082383156,65.34608732908964,66.59307517111301,committed,60.281005859375,EXECUTE,authorization_committed,55.34813879057765,55.37005001679063,0.021911226212978363,4.164159297943115,59.57354232668877,71.98050804436207,54.447179194539785,59.512298088520765,59.534209314733744
215,xair_atomic,1,55.0,50.0,after_release,1,0,0,0,1,940,939,after_check,0,0,after_middleware,0.8436720818281174,2.151545137166977,59.39470697194338,57.2431618347764,58.55103489011526,64.42945776507258,65.65923383459449,committed,61.071044921875,EXECUTE,authorization_committed,54.719570092856884,54.73355622962117,0.013986136764287949,4.671699833124876,59.872412122786045,70.35824516788125,54.87572308629751,59.39126992598176,59.40525606274605
216,xair_atomic,0,,50.0,control,1,0,0,0,0,,941,control,0,0,,0.7740519940853119,2.043982967734337,60.00387901440263,57.95989604666829,59.229827020317316,,,committed,61.132080078125,EXECUTE,authorization_committed,54.84660807996988,54.863550234586,0.016942154616117477,5.153202917426825,,,55.22514786571264,59.99981099739671,60.016753152012825
217,xair_atomic,1,55.0,50.0,after_release,1,0,0,0,1,943,942,after_check,0,0,after_middleware,0.8590309880673885,2.296697348356247,59.78927714750171,57.49257979914546,58.93024615943432,64.7770301438868,65.96867507323623,committed,61.10498046875,EXECUTE,authorization_committed,54.836549796164036,54.85626682639122,0.019717030227184296,4.94774803519249,60.17461000010371,71.42897415906191,55.19870901480317,59.784297831356525,59.80401486158371
218,xair_atomic,1,55.0,50.0,concurrent,1,0,0,0,1,945,944,after_check,0,0,after_middleware,1.1737407185137272,2.59884400293231,60.30563497915864,57.70679097622633,59.13189426064491,64.61082817986608,65.50179794430733,committed,61.551025390625,EXECUTE,authorization_committed,55.862091947346926,55.88852195069194,0.026430003345012665,4.437481053173542,59.670464135706425,70.37678034976125,54.71221636980772,60.29957300052047,60.32600300386548
219,xair_atomic,0,,50.0,control,1,0,0,0,0,,946,control,0,0,,1.0266653262078762,2.563206944614649,60.84280228242278,58.27959533780813,59.816136956214905,,,committed,62.1640625,EXECUTE,authorization_committed,55.51625415682793,55.53702311590314,0.02076895907521248,5.321898963302374,,,55.41094625368714,60.8381531201303,60.85892207920551
220,xair_atomic,1,55.0,50.0,after_release,1,0,0,0,1,948,947,after_check,0,0,after_middleware,1.1026980355381966,2.4418188259005547,60.17670314759016,57.734884321689606,59.074005112051964,64.52189106494188,65.67785888910294,committed,61.321044921875,EXECUTE,authorization_committed,55.27247581630945,55.29723269864917,0.024756882339715958,4.896472208201885,60.240012127906084,70.51551016047597,55.18208723515272,60.16894802451134,60.19370490685105
221,xair_atomic,1,55.0,50.0,after_release,1,0,0,0,1,950,949,after_check,0,0,after_middleware,0.8740290068089962,2.2768699564039707,59.59352012723684,57.31665017083287,58.71949112042785,64.96063387021422,66.12450582906604,committed,61.580078125,EXECUTE,authorization_committed,54.780182894319296,54.800350684672594,0.020167790353298187,4.808768164366484,60.040077194571495,71.15930784493685,55.06516806781292,59.58895105868578,59.60911884903908
222,xair_atomic,0,,50.0,control,1,0,0,0,0,,951,control,0,0,,0.9270389564335346,2.354856114834547,59.21145295724273,56.85659684240818,58.28441400080919,,,committed,60.593017578125,EXECUTE,authorization_committed,54.63023204356432,54.64555975049734,0.015327706933021545,4.57814522087574,,,54.65439707040787,59.20837726444006,59.22370497137308
223,xair_atomic,0,,50.0,control,1,0,0,0,0,,952,control,0,0,,0.919003039598465,2.1284115500748158,59.240056201815605,57.11164465174079,58.32105316221714,,,committed,60.302001953125,EXECUTE,authorization_committed,54.733204655349255,54.75301295518875,0.019808299839496613,4.501491319388151,,,54.59217121824622,59.234695974737406,59.2545042745769
224,xair_atomic,0,,50.0,control,1,0,0,0,0,,953,control,0,0,,0.979206059128046,2.39721592515707,59.7046478651464,57.30743193998933,58.72544180601835,,,committed,61.20703125,EXECUTE,authorization_committed,55.06151122972369,55.07732089608908,0.015809666365385056,4.639158956706524,,,54.71675517037511,59.700670186430216,59.7164798527956
225,xair_atomic,1,55.0,50.0,after_release,1,0,0,0,1,955,954,after_check,0,0,after_middleware,0.8895578794181347,2.4078949354588985,59.15646906942129,56.74857413396239,58.26691119000316,64.32547233998775,65.32713118940592,committed,60.39208984375,EXECUTE,authorization_committed,54.91104908287525,54.928732104599476,0.01768302172422409,4.241303075104952,59.422558173537254,70.44922607019544,54.42758230492473,59.152352157980204,59.17003517970443
226,xair_atomic,1,55.0,50.0,after_release,1,0,0,0,1,957,956,after_check,0,0,after_middleware,0.9817206300795078,2.279173582792282,59.74870966747403,57.46953608468175,58.766989037394524,64.58685174584389,65.6629498116672,committed,61.822998046875,EXECUTE,authorization_committed,54.95769623667002,54.972012992948294,0.014316756278276443,4.787767771631479,59.93789480999112,70.58113301172853,54.942768067121506,59.7454640083015,59.75978076457977
227,xair_atomic,1,55.0,50.0,after_release,1,0,0,0,1,959,958,after_check,0,0,after_middleware,0.9184633381664753,2.0230342634022236,59.65013615787029,57.62710189446807,58.73167281970382,65.07104076445103,66.11367594450712,committed,61.330078125,EXECUTE,authorization_committed,54.80123171582818,54.81539899483323,0.01416727900505066,4.8456271179020405,60.01069210469723,70.85469597950578,55.01587502658367,59.64685883373022,59.66102611273527
228,xair_atomic,1,55.0,50.0,after_release,1,0,0,0,1,961,960,after_check,0,0,after_middleware,0.859391875565052,2.407704945653677,60.36096904426813,57.953264098614454,59.50157716870308,64.71691699698567,66.00946094840765,committed,61.81201171875,EXECUTE,authorization_committed,55.063644889742136,55.08199008181691,0.018345192074775696,5.2929650992155075,60.530356131494045,70.96457201987505,55.53305521607399,60.35660998895764,60.37495518103242
229,xair_atomic,1,55.0,50.0,concurrent,1,0,0,0,1,963,962,after_check,0,0,after_middleware,1.1180671863257885,2.5671138428151608,60.358503833413124,57.79138999059796,59.240436647087336,64.76866407319903,65.97584672272205,committed,61.263916015625,EXECUTE,authorization_committed,55.604238994419575,55.6227439083159,0.01850491389632225,4.751089029014111,60.03929488360882,71.39802491292357,55.03879766911268,60.355328023433685,60.37383293733001
230,xair_atomic,1,55.0,50.0,after_release,1,0,0,0,1,965,964,after_check,0,0,after_middleware,0.9881732985377312,2.2453712299466133,59.25676831975579,57.01139708980918,58.26859502121806,64.31942107155919,65.43078506365418,committed,60.697021484375,EXECUTE,authorization_committed,54.70623541623354,54.724148008972406,0.017912592738866806,4.546836018562317,59.73328137770295,70.53553825244308,54.75461529567838,59.25307143479586,59.27098402753472
231,xair_atomic,0,,50.0,control,1,0,0,0,0,,966,control,0,0,,0.7509780116379261,2.231504302471876,59.87212201580405,57.640617713332176,59.121144004166126,,,committed,61.201904296875,EXECUTE,authorization_committed,55.044618900865316,55.06973620504141,0.025117304176092148,4.821471869945526,,,54.90270396694541,59.86609077081084,59.891208074986935
232,xair_atomic,1,55.0,50.0,after_release,1,0,0,0,1,968,967,after_check,0,0,after_middleware,0.8035157807171345,2.18980573117733,59.283608105033636,57.093802373856306,58.4800923243165,64.09343797713518,65.3632297180593,committed,61.16796875,EXECUTE,authorization_committed,54.759424179792404,54.77945180609822,0.020027626305818558,4.519305191934109,59.68661420047283,70.07323112338781,54.697849322110415,59.27872937172651,59.29875699803233
233,xair_atomic,1,55.0,50.0,after_release,1,0,0,0,1,970,969,after_check,0,0,after_middleware,0.8521778509020805,2.378180157393217,59.90438302978873,57.526202872395515,59.05220517888665,65.04575395956635,66.06915313750505,committed,60.93701171875,EXECUTE,authorization_committed,55.208567064255476,55.2242761477828,0.015709083527326584,4.691747948527336,59.97197888791561,70.93345420435071,54.986811242997646,59.90031501278281,59.91602409631014
234,xair_atomic,0,,50.0,control,1,0,0,0,0,,971,control,0,0,,0.9066499769687653,2.291176002472639,59.28188469260931,56.99070869013667,58.375234715640545,,,committed,60.31201171875,EXECUTE,authorization_committed,54.602039977908134,54.62069530040026,0.01865532249212265,4.675757605582476,,,54.74898498505354,59.27779758349061,59.29645290598273
235,xair_atomic,1,55.0,50.0,concurrent,1,0,0,0,1,973,972,after_check,0,0,after_middleware,0.9650997817516327,2.8610648587346077,61.69243482872844,58.83136996999383,60.727335046976805,68.57858784496784,69.6838297881186,committed,62.159912109375,EXECUTE,authorization_committed,56.891863234341145,56.914655957371,0.022792723029851913,4.794159904122353,59.9816869944334,77.57427589967847,54.97938673943281,61.6860231384635,61.70881586149335
236,xair_atomic,1,55.0,50.0,after_release,1,0,0,0,1,975,974,after_check,0,0,after_middleware,0.9385803714394569,2.2692549973726273,59.84760634601116,57.578351348638535,58.909025974571705,64.87137731164694,65.97990496084094,committed,60.3701171875,EXECUTE,authorization_committed,54.924965370446444,54.944701958447695,0.01973658800125122,4.917941987514496,60.176833998411894,70.90288726612926,55.19675510004163,59.84290735796094,59.86264394596219
237,xair_atomic,1,55.0,50.0,after_release,1,0,0,0,1,977,976,after_check,0,0,after_middleware,1.024872064590454,2.2561708465218544,59.374347794801,57.11817694827914,58.34947573021054,64.78161783888936,65.74630690738559,committed,60.60009765625,EXECUTE,authorization_committed,54.757601115852594,54.776035249233246,0.018434133380651474,4.611637908965349,59.78567898273468,70.55769907310605,54.800671990960836,59.369239024817944,59.387673158198595
238,xair_atomic,1,55.0,50.0,concurrent,1,0,0,0,1,979,978,after_check,0,0,after_middleware,1.2159696780145168,2.8398847207427025,62.601649668067694,59.76176494732499,61.38567999005318,67.33310176059604,68.58684215694666,committed,63.27099609375,EXECUTE,authorization_committed,55.650374852120876,55.67585164681077,0.025476794689893723,6.945373956114054,62.22508382052183,74.06091783195734,57.24834091961384,62.59574880823493,62.621225602924824
239,xair_atomic,1,55.0,50.0,after_release,1,0,0,0,1,981,980,after_check,0,0,after_middleware,0.8435221388936043,2.1967091597616673,59.46744279935956,57.27073363959789,58.623920660465956,64.05789079144597,65.33268187195063,committed,61.092041015625,EXECUTE,authorization_committed,54.93988282978535,54.95605384930968,0.01617101952433586,4.5233918353915215,59.71673084422946,69.64907562360168,54.72016101703048,59.46327466517687,59.479445684701204
240,xair_atomic,1,60.0,50.0,after_release,1,0,0,0,1,983,982,after_check,0,0,after_middleware,1.0629440657794476,2.247976139187813,59.41342189908028,57.165445759892464,58.35047783330083,69.2656459286809,70.16079500317574,committed,60.927978515625,EXECUTE,authorization_committed,55.00493478029966,55.02204690128565,0.017112120985984802,4.40503004938364,64.60242159664631,74.66178480535746,54.61176764219999,59.409964829683304,59.42707695066929
241,xair_atomic,1,60.0,50.0,after_release,1,0,0,0,1,985,984,after_check,0,0,after_middleware,0.7065553218126297,1.9153421744704247,58.53805039077997,56.62270821630955,57.83149506896734,69.01148008182645,70.27660217136145,committed,59.6240234375,EXECUTE,authorization_committed,54.30971086025238,54.3211018666625,0.011391006410121918,4.225564189255238,64.38782904297113,75.15763537958264,54.389461409300566,58.53527504950762,58.54666605591774
242,xair_atomic,1,60.0,50.0,after_release,1,0,0,0,1,987,986,after_check,0,0,after_middleware,1.3359347358345985,2.911538816988468,61.72821205109358,58.81667323410511,60.39227731525898,70.50901837646961,71.69648492708802,committed,62.77001953125,EXECUTE,authorization_committed,56.127289310097694,56.17063120007515,0.04334188997745514,5.590253043919802,65.97721017897129,76.61696197465062,55.98264839500189,61.717542354017496,61.76088424399495
243,xair_atomic,0,,50.0,control,1,0,0,0,0,,988,control,0,0,,0.8111707866191864,1.9729100167751312,59.24281198531389,57.26990196853876,58.431641198694706,,,committed,60.595947265625,EXECUTE,authorization_committed,54.29013492539525,54.306486155837774,0.016351230442523956,4.948969930410385,,,55.02255819737911,59.239104855805635,59.25545608624816
244,xair_atomic,1,60.0,50.0,after_release,1,0,0,0,1,990,989,after_check,0,0,after_middleware,0.9140539914369583,2.2902050986886024,59.29325707256794,57.00305197387934,58.37920308113098,69.27046598866582,70.47439413145185,committed,60.2890625,EXECUTE,authorization_committed,54.91096805781126,54.92906225845218,0.018094200640916824,4.37729898840189,64.57437016069889,74.7509328648448,54.58324495702982,59.28826704621315,59.30636124685407
245,xair_atomic,0,,50.0,control,1,0,0,0,0,,991,control,0,0,,1.1199000291526318,2.5676339864730835,60.28345273807645,57.715818751603365,59.16355270892382,,,committed,61.302001953125,EXECUTE,authorization_committed,55.75014278292656,55.76568190008402,0.015539117157459259,4.528591874986887,,,54.609362967312336,60.278734657913446,60.294273775070906
246,xair_atomic,1,60.0,50.0,after_release,1,0,0,0,1,993,992,after_check,0,0,after_middleware,0.7963040843605995,2.1640178747475147,59.5948020927608,57.43078421801329,58.7984980084002,70.0287171639502,71.3513670489192,committed,61.110107421875,EXECUTE,authorization_committed,54.618099704384804,54.63504185900092,0.016942154616117477,4.972183145582676,65.15857484191656,76.55532611534,55.168681778013706,59.59028284996748,59.6072250045836
247,xair_atomic,1,60.0,50.0,after_release,1,0,0,0,1,995,994,after_check,0,0,after_middleware,0.7012253627181053,1.881408505141735,59.19593432918191,57.314525824040174,58.494708966463804,69.90195019170642,70.97520306706429,committed,61.031982421875,EXECUTE,authorization_committed,54.474680218845606,54.487715009599924,0.013034790754318237,4.71848901361227,64.92640031501651,75.62251714989543,54.9366669729352,59.193169232457876,59.206204023212194
248,xair_atomic,1,60.0,50.0,after_release,1,0,0,0,1,997,996,after_check,0,0,after_middleware,0.7835789583623409,2.154210116714239,59.528376907110214,57.374166790395975,58.74479794874787,69.69220610335469,70.69963496178389,committed,60.3330078125,EXECUTE,authorization_committed,54.76905172690749,54.78170560672879,0.012653879821300507,4.756740294396877,64.95249830186367,75.5012989975512,54.96123293414712,59.52579202130437,59.53844590112567
249,xair_atomic,0,,50.0,control,1,0,0,0,0,,998,control,0,0,,0.9109177626669407,2.311674878001213,59.362615924328566,57.05094104632735,58.451698161661625,,,committed,60.14892578125,EXECUTE,authorization_committed,54.56786509603262,54.58036903291941,0.012503936886787415,4.792156163603067,,,54.864761885255575,59.36002125963569,59.372525196522474
250,xair_atomic,1,60.0,50.0,after_release,1,0,0,0,1,1000,999,after_check,0,0,after_middleware,0.7906029932200909,2.1646288223564625,58.81515983492136,56.6505310125649,58.02455684170127,69.29116370156407,70.2428687363863,committed,61.1669921875,EXECUTE,authorization_committed,54.49069989845157,54.50245179235935,0.011751893907785416,4.32148389518261,64.53732959926128,74.84364602714777,54.53226901590824,58.812183793634176,58.82393568754196
251,xair_atomic,1,60.0,50.0,after_release,1,0,0,0,1,1002,1001,after_check,0,0,after_middleware,0.889176968485117,2.3007537238299847,59.65999374166131,57.359240017831326,58.77081677317619,69.23764385282993,70.60401607304811,committed,60.860107421875,EXECUTE,authorization_committed,54.968948010355234,54.98004797846079,0.01109996810555458,4.688691813498735,64.88511199131608,76.03268604725599,54.912070743739605,59.65763982385397,59.668739791959524
252,xair_atomic,1,60.0,50.0,after_release,1,0,0,0,1,1004,1003,after_check,0,0,after_middleware,0.7358193397521973,1.89178716391325,59.180204290896654,57.288417126983404,58.44438495114446,69.45302803069353,70.67029131576419,committed,60.89306640625,EXECUTE,authorization_committed,54.63266698643565,54.6421748585999,0.00950787216424942,4.545103292912245,64.80327900499105,76.12232398241758,54.82247332111001,59.1777702793479,59.187278151512146
253,xair_atomic,1,60.0,50.0,after_release,1,0,0,0,1,1006,1005,after_check,0,0,after_middleware,1.0532038286328316,2.4043279699981213,60.58096094056964,58.17663297057152,59.52775711193681,70.04085090011358,71.05013309046626,committed,62.178955078125,EXECUTE,authorization_committed,55.393143091350794,55.40404329076409,0.01090019941329956,5.185273941606283,65.3029358945787,76.50854904204607,55.30428700149059,60.57841703295708,60.58931723237038
254,xair_atomic,1,60.0,50.0,after_release,1,0,0,0,1,1008,1007,after_check,0,0,after_middleware,1.2911809608340263,2.754584886133671,61.27090426161885,58.51631937548518,59.979723300784826,69.8543400503695,71.13545201718807,committed,61.43505859375,EXECUTE,authorization_committed,56.499237194657326,56.52160942554474,0.022372230887413025,4.766216967254877,64.91094036027789,75.88825514540076,54.92745898663998,61.2654541619122,61.287826392799616
255,xair_atomic,0,,50.0,control,1,0,0,0,0,,1009,control,0,0,,1.2480001896619797,2.8322413563728333,60.742062982171774,57.90982162579894,59.494062792509794,,,committed,60.89501953125,EXECUTE,authorization_committed,55.832205805927515,55.86102977395058,0.028823968023061752,4.902422893792391,,,54.96865697205067,60.734628699719906,60.76345266774297
256,xair_atomic,1,60.0,50.0,after_release,1,0,0,0,1,1011,1010,after_check,0,0,after_middleware,0.9883027523756027,2.2505000233650208,59.376902878284454,57.126402854919434,58.38860012590885,68.88040388002992,70.01181598752737,committed,60.04296875,EXECUTE,authorization_committed,55.27473986148834,55.29407691210508,0.01933705061674118,4.098054952919483,64.24867874011397,74.88025492057204,54.27715973928571,59.372794814407825,59.39213186502457
257,xair_atomic,1,60.0,50.0,after_release,1,0,0,0,1,1013,1012,after_check,0,0,after_middleware,0.8511459454894066,2.5718831457197666,60.21398305892944,57.64209991320968,59.36283711344004,69.48348507285118,70.62527583912015,committed,61.490966796875,EXECUTE,authorization_committed,55.451883003115654,55.46678090468049,0.014897901564836502,4.75821178406477,64.90976782515645,75.21992176771164,54.91560697555542,60.210094787180424,60.22499268874526
258,xair_atomic,0,,50.0,control,1,0,0,0,0,,1014,control,0,0,,1.0196520015597343,2.331232186406851,59.96907316148281,57.63784097507596,58.94942115992308,,,committed,60.64794921875,EXECUTE,authorization_committed,55.35775702446699,55.37277506664395,0.015018042176961899,4.607528913766146,,,54.67381328344345,59.96528593823314,59.9803039804101
259,xair_atomic,1,60.0,50.0,after_release,1,0,0,0,1,1016,1015,after_check,0,0,after_middleware,1.0404009371995926,2.734628040343523,64.07271884381771,61.33809080347419,63.03231790661812,69.7615360841155,70.81318786367774,committed,64.919921875,EXECUTE,authorization_committed,59.60139399394393,59.61913708597422,0.01774309203028679,4.467236809432507,64.63290890678763,76.99961913749576,54.641223046928644,64.06863080337644,64.08637389540672
260,xair_atomic,1,60.0,50.0,after_release,1,0,0,0,1,1018,1017,after_check,0,0,after_middleware,0.9881029836833477,2.2717099636793137,60.19630981609225,57.92459985241294,59.208206832408905,70.9458771161735,72.20047013834119,committed,61.64697265625,EXECUTE,authorization_committed,55.23045780137181,55.24831172078848,0.01785391941666603,4.961864091455936,65.26748882606626,77.52445293590426,55.26213673874736,60.19232189282775,60.210175812244415
261,xair_atomic,1,60.0,50.0,after_release,1,0,0,0,1,1020,1019,after_check,0,0,after_middleware,1.1211326345801353,2.6665707118809223,60.60910364612937,57.94253293424845,59.487971011549234,70.00025361776352,71.16531860083342,committed,62.091064453125,EXECUTE,authorization_committed,55.51202595233917,55.53933698683977,0.027311034500598907,5.09023480117321,65.33579668030143,76.68386679142714,55.35672465339303,60.60226075351238,60.62957178801298
262,xair_atomic,1,60.0,50.0,after_release,1,0,0,0,1,1022,1021,after_check,0,0,after_middleware,1.1410699225962162,2.4916930124163628,60.29400276020169,57.80230974778533,59.152932837605476,70.04279410466552,71.33453572168946,committed,61.24609375,EXECUTE,authorization_committed,55.446443147957325,55.46631012111902,0.019866973161697388,4.843361675739288,65.12945983558893,76.53450686484575,55.153452791273594,60.28980482369661,60.30967179685831
263,xair_atomic,1,60.0,50.0,after_release,1,0,0,0,1,1024,1023,after_check,0,0,after_middleware,0.903754960745573,2.5441613979637623,59.731808956712484,57.18764755874872,58.82805399596691,69.44773765280843,70.36517793312669,committed,61.282958984375,EXECUTE,authorization_committed,55.20784482359886,55.227131117135286,0.019286293536424637,4.519304726272821,64.76820260286331,75.14737593010068,54.79050287976861,59.72714954987168,59.74643584340811
264,xair_atomic,1,60.0,50.0,after_release,1,0,0,0,1,1026,1025,after_check,0,0,after_middleware,1.1342470534145832,2.222898881882429,59.6814239397645,57.45852505788207,58.54717688634992,68.98119300603867,70.14328194782138,committed,61.02490234375,EXECUTE,authorization_committed,55.19792623817921,55.230928119271994,0.03300188109278679,4.474109970033169,64.65186411514878,75.32011903822422,54.67455508187413,59.672036208212376,59.70503808930516
265,xair_atomic,1,60.0,50.0,after_release,1,0,0,0,1,1028,1027,after_check,0,0,after_middleware,1.0060868225991726,2.310863696038723,60.3450289927423,58.03416529670358,59.33894217014313,69.92518296465278,71.21655531227589,committed,61.35107421875,EXECUTE,authorization_committed,55.345693603158,55.36721460521221,0.021521002054214478,4.993824288249016,65.26255002245307,75.8412373252213,55.27653405442834,60.33951789140701,60.36103889346123
266,xair_atomic,1,60.0,50.0,after_release,1,0,0,0,1,1030,1029,after_check,0,0,after_middleware,0.945752952247858,2.2920682094991207,59.445071034133434,57.153002824634314,58.499318081885576,69.94772562757134,70.88393066078424,committed,61.2890625,EXECUTE,authorization_committed,54.77270903065801,54.79471990838647,0.02201087772846222,4.667562898248434,64.82455879449844,75.57629980146885,54.83041796833277,59.44027192890644,59.4622828066349
267,xair_atomic,1,60.0,50.0,after_release,1,0,0,0,1,1032,1031,after_check,0,0,after_middleware,0.9762910194694996,2.3975358344614506,59.76344784721732,57.36591201275587,58.78715682774782,69.50598675757647,70.44152216985822,committed,60.987060546875,EXECUTE,authorization_committed,55.163041688501835,55.189831648021936,0.026789959520101547,4.593694116920233,64.87243808805943,75.6809669546783,54.88849710673094,59.75673580542207,59.78352576494217
268,xair_atomic,1,60.0,50.0,after_release,1,0,0,0,1,1034,1033,after_check,0,0,after_middleware,0.803997740149498,2.235863357782364,59.24670910462737,57.01084574684501,58.44271136447787,69.38918773084879,70.82482986152172,committed,59.919921875,EXECUTE,authorization_committed,54.74873399361968,54.76704938337207,0.018315389752388,4.493355751037598,64.64638514444232,75.93760779127479,54.655570071190596,59.24208974465728,59.260405134409666
269,xair_atomic,0,,50.0,control,1,0,0,0,0,,1035,control,0,0,,1.417567953467369,2.8138160705566406,59.88282198086381,57.06900591030717,58.46525402739644,,,committed,60.739990234375,EXECUTE,authorization_committed,55.56565709412098,55.593178141862154,0.027521047741174698,4.31003188714385,,,54.3808750808239,59.87568898126483,59.903210029006004
270,xair_atomic,1,60.0,50.0,after_release,1,0,0,0,1,1037,1036,after_check,0,0,after_middleware,0.8299560286104679,2.1208073012530804,59.70228323712945,57.58147593587637,58.87232720851898,69.5091332308948,70.54676907137036,committed,61.7109375,EXECUTE,authorization_committed,54.89611113443971,54.913893807679415,0.017782673239707947,4.8020752146840096,64.95238794013858,75.35286108031869,54.96196402236819,59.698186349123716,59.715969022363424
271,xair_atomic,1,60.0,50.0,after_release,1,0,0,0,1,1039,1038,after_check,0,0,after_middleware,1.064727082848549,2.54541402682662,60.40275702252984,57.85734299570322,59.33802993968129,69.67630609869957,70.90008119121194,committed,62.14306640625,EXECUTE,authorization_committed,55.89756788685918,55.91226601973176,0.014698132872581482,4.501360934227705,64.73435880616307,76.66401006281376,54.75989496335387,60.39892882108688,60.413626953959465
272,xair_atomic,0,,50.0,control,1,0,0,0,0,,1040,control,0,0,,1.0670097544789314,2.1976609714329243,59.72834210842848,57.530681136995554,58.66133235394955,,,committed,60.708984375,EXECUTE,authorization_committed,55.26249809190631,55.278767831623554,0.016269739717245102,4.461807198822498,,,54.54969219863415,59.72430529072881,59.74057503044605
273,xair_atomic,1,60.0,50.0,after_release,1,0,0,0,1,1042,1041,after_check,0,0,after_middleware,1.0190312750637531,2.1616239100694656,59.981998056173325,57.82037414610386,58.96296678110957,69.76979179307818,70.52166201174259,committed,61.35888671875,EXECUTE,authorization_committed,55.46571919694543,55.482550989836454,0.016831792891025543,4.512270912528038,64.75340481847525,75.8790080435574,54.757941979914904,59.97799010947347,59.99482190236449
274,xair_atomic,0,,50.0,control,1,0,0,0,0,,1043,control,0,0,,0.8210400119423866,2.2268560715019703,59.67423086985946,57.44737479835749,58.85319085791707,,,committed,61.139892578125,EXECUTE,authorization_committed,54.77231787517667,54.78538293391466,0.01306505873799324,4.89838607609272,,,54.968205746263266,59.67070395126939,59.68376901000738
275,xair_atomic,1,60.0,50.0,after_release,1,0,0,0,1,1045,1044,after_check,0,0,after_middleware,1.0166359134018421,2.5742370635271072,60.11853413656354,57.54429707303643,59.1018982231617,70.0569013133645,71.16957707330585,committed,61.56201171875,EXECUTE,authorization_committed,55.11841783300042,55.13618094846606,0.01776311546564102,4.9962191842496395,65.20666601136327,75.98050916567445,55.22517813369632,60.11463701725006,60.1324001327157
276,xair_atomic,0,,50.0,control,1,0,0,0,0,,1046,control,0,0,,0.8950792253017426,2.2458722814917564,59.90607617422938,57.66020389273763,59.01099694892764,,,committed,60.571044921875,EXECUTE,authorization_committed,54.83847297728062,54.87871775403619,0.040244776755571365,5.063475109636784,,,55.13943685218692,59.9019480869174,59.94219286367297
277,xair_atomic,1,60.0,50.0,after_release,1,0,0,0,1,1048,1047,after_check,0,0,after_middleware,0.7620588876307011,2.4105398915708065,59.88946370780468,57.47892381623387,59.12740482017398,69.54487971961498,70.9455469623208,committed,61.672119140625,EXECUTE,authorization_committed,55.24506513029337,55.26670627295971,0.021641142666339874,4.639018792659044,64.91873506456614,76.24959293752909,54.934753105044365,59.884083922952414,59.90572506561875
278,xair_atomic,1,60.0,50.0,after_release,1,0,0,0,1,1050,1049,after_check,0,0,after_middleware,1.0444782674312592,2.182852942496538,58.98819398134947,56.80534103885293,57.94371571391821,69.33402502909303,70.49141498282552,committed,60.069091796875,EXECUTE,authorization_committed,54.59599802270532,54.61891135200858,0.022913329303264618,4.386645741760731,64.56228671595454,75.6054250523448,54.57034008577466,58.98264376446605,59.00555709376931
279,xair_atomic,0,,50.0,control,1,0,0,0,0,,1051,control,0,0,,0.7842699997127056,2.0790183916687965,59.38924616202712,57.310227770358324,58.604976162314415,,,committed,60.95703125,EXECUTE,authorization_committed,54.39009191468358,54.40607201308012,0.015980098396539688,4.996248986572027,,,55.07196020334959,59.38634090125561,59.40232099965215
280,xair_atomic,1,100.0,50.0,after_release,1,0,0,0,1,1053,1052,after_check,0,0,after_middleware,1.0406114161014557,2.2101341746747494,59.84641332179308,57.63627914711833,58.805801905691624,109.51820807531476,110.66884500905871,committed,60.9970703125,EXECUTE,authorization_committed,55.12520112097263,55.14468718320131,0.019486062228679657,4.716583993285894,104.86382991075516,115.9418630413711,54.87474100664258,59.84178511425853,59.86127117648721
281,xair_atomic,0,,50.0,control,1,0,0,0,0,,1054,control,0,0,,0.8644410409033298,2.31975968927145,59.145808685570955,56.826048996299505,58.281367644667625,,,committed,60.70703125,EXECUTE,authorization_committed,54.789330810308456,54.80639263987541,0.017061829566955566,4.353092052042484,,,54.4276419095695,59.14242286235094,59.159484691917896
282,xair_atomic,1,100.0,50.0,after_release,1,0,0,0,1,1056,1055,after_check,0,0,after_middleware,1.0730619542300701,2.6571028865873814,63.03120590746403,60.374103020876646,61.95814395323396,109.6944990567863,111.12374905496836,committed,63.367919921875,EXECUTE,authorization_committed,58.26617078855634,58.28653881326318,0.020368024706840515,4.761077929288149,104.96274614706635,116.26111203804612,54.96654286980629,63.027248717844486,63.04761674255133
283,xair_atomic,1,100.0,50.0,after_release,1,0,0,0,1,1058,1057,after_check,0,0,after_middleware,0.8401158265769482,2.3214840330183506,59.92246698588133,57.60098295286298,59.08235115930438,109.77589106187224,110.77469401061535,committed,61.2900390625,EXECUTE,authorization_committed,55.078203324228525,55.09876133874059,0.020558014512062073,4.839444998651743,105.05472822114825,115.1331071741879,55.05941715091467,59.91764832288027,59.93820633739233
284,xair_atomic,1,100.0,50.0,after_release,1,0,0,0,1,1060,1059,after_check,0,0,after_middleware,0.9595989249646664,2.5630458258092403,60.36724988371134,57.8042040579021,59.40765095874667,110.04812177270651,111.25677777454257,committed,61.636962890625,EXECUTE,authorization_committed,55.265193339437246,55.28739420697093,0.022200867533683777,5.09531470015645,105.34140607342124,116.29796074703336,55.35963969305158,60.3605080395937,60.38270890712738
285,xair_atomic,1,100.0,50.0,after_release,1,0,0,0,1,1062,1061,after_check,0,0,after_middleware,1.0156338103115559,2.259385772049427,59.785207733511925,57.5258219614625,58.76957392320037,110.29848968610168,111.5478128194809,committed,61.09912109375,EXECUTE,authorization_committed,54.95136510580778,54.972413927316666,0.02104882150888443,4.82815271243453,105.10629368945956,116.89294595271349,55.116863921284676,59.77951781824231,59.800566639751196
286,xair_atomic,1,100.0,50.0,after_release,1,0,0,0,1,1064,1063,after_check,0,0,after_middleware,1.125711016356945,2.5335410609841347,60.63476204872131,58.10122098773718,59.50905103236437,110.58937618508935,111.5855542011559,committed,61.45703125,EXECUTE,authorization_committed,55.67468982189894,55.69443665444851,0.01974683254957199,4.955964162945747,105.29321478679776,117.02214879915118,55.30163086950779,60.630653984844685,60.65040081739426
287,xair_atomic,1,100.0,50.0,after_release,1,0,0,0,1,1066,1065,after_check,0,0,after_middleware,1.0026399977505207,2.5642486289143562,59.59163559600711,57.02738696709275,58.58899559825659,110.66990671679378,111.96105880662799,committed,60.718017578125,EXECUTE,authorization_committed,55.06511777639389,55.085315834730864,0.02019805833697319,4.522399976849556,104.81568984687328,117.05177463591099,54.80945762246847,59.587517753243446,59.60771581158042
288,xair_atomic,1,100.0,50.0,after_release,1,0,0,0,1,1068,1067,after_check,0,0,after_middleware,1.0346597991883755,2.3300289176404476,59.66302007436752,57.332991156727076,58.62836027517915,109.796570148319,110.89677317067981,committed,60.409912109375,EXECUTE,authorization_committed,54.727804847061634,54.74719172343612,0.01938687637448311,4.930676426738501,105.15132918953896,115.77772628515959,55.15499599277973,59.658481273800135,59.67786815017462
289,xair_atomic,1,100.0,50.0,after_release,1,0,0,0,1,1070,1069,after_check,0,0,after_middleware,0.9305649437010288,2.4281232617795467,59.46976691484451,57.041643653064966,58.539201971143484,109.45401666685939,110.60730973258615,committed,60.337890625,EXECUTE,authorization_committed,54.862798191607,54.87745627760887,0.014658086001873016,4.60389256477356,104.82405498623848,115.683828946203,54.84305089339614,59.46669075638056,59.48134884238243
290,xair_atomic,1,100.0,50.0,after_release,1,0,0,0,1,1072,1071,after_check,0,0,after_middleware,0.975118950009346,2.3646652698516846,59.10802911967039,56.74336384981871,58.132910169661045,109.58897974342108,110.79053301364183,committed,60.284912109375,EXECUTE,authorization_committed,54.83543686568737,54.85328985378146,0.017852988094091415,4.268464166671038,104.54384982585907,115.73710897937417,54.55574207007885,59.10390103235841,59.1217540204525
291,xair_atomic,1,100.0,50.0,after_release,1,0,0,0,1,1074,1073,after_check,0,0,after_middleware,0.8764429949223995,2.2042831405997276,59.41177811473608,57.20749497413635,58.53533511981368,109.54586882144213,110.36418378353119,committed,59.98095703125,EXECUTE,authorization_committed,54.874359630048275,54.89176185801625,0.017402227967977524,4.53330110758543,104.69551384449005,115.25395279750228,54.696736857295036,59.407660737633705,59.42506296560168
292,xair_atomic,0,,50.0,control,1,0,0,0,0,,1075,control,0,0,,0.8127638138830662,2.486852928996086,59.65181812644005,57.16496519744396,58.83905431255698,,,committed,60.9580078125,EXECUTE,authorization_committed,54.79383887723088,54.81077078729868,0.016931910067796707,4.853671416640282,,,54.93187811225653,59.647510293871164,59.66444220393896
293,xair_atomic,0,,50.0,control,1,0,0,0,0,,1076,control,0,0,,1.0476349852979183,2.728726714849472,59.75200701504946,57.023280300199986,58.70437202975154,,,committed,61.156982421875,EXECUTE,authorization_committed,55.26797939091921,55.29220402240753,0.02422463148832321,4.479629918932915,,,54.56180404871702,59.74760930985212,59.77183394134045
294,xair_atomic,1,100.0,50.0,after_release,1,0,0,0,1,1078,1077,after_check,0,0,after_middleware,0.6901239976286888,1.8199523910880089,59.19519206508994,57.37523967400193,58.50506806746125,109.77507894858718,110.738645773381,committed,60.47998046875,EXECUTE,authorization_committed,54.48698392137885,54.50526811182499,0.018284190446138382,4.70398087054491,104.97123096138239,115.71210296824574,54.99461479485035,59.19096479192376,59.2092489823699
295,xair_atomic,0,,50.0,control,1,0,0,0,0,,1079,control,0,0,,0.7202099077403545,2.0012320019304752,59.139166958630085,57.13793495669961,58.41895705088973,,,committed,60.77392578125,EXECUTE,authorization_committed,54.23668399453163,54.25239400938153,0.0157100148499012,4.898845683783293,,,54.97180297970772,59.135529678314924,59.151239693164825
296,xair_atomic,1,100.0,50.0,after_release,1,0,0,0,1,1081,1080,after_check,0,0,after_middleware,0.8066026493906975,2.196528948843479,59.29371761158109,57.09718866273761,58.48711496219039,109.46403676643968,110.58247368782759,committed,59.7099609375,EXECUTE,authorization_committed,54.8890377394855,54.9026126973331,0.013574957847595215,4.4009629637002945,104.6477546915412,114.99774269759655,54.66898484155536,59.2900007031858,59.30357566103339
297,xair_atomic,0,,50.0,control,1,0,0,0,0,,1082,control,0,0,,0.8886060677468777,2.4924040772020817,59.701682068407536,57.209277991205454,58.81307600066066,,,committed,61.2490234375,EXECUTE,authorization_committed,54.8222316429019,54.83631882816553,0.014087185263633728,4.875813145190477,,,54.95753604918718,59.698044788092375,59.71213197335601
298,xair_atomic,0,,50.0,control,1,0,0,0,0,,1083,control,0,0,,0.8765631355345249,2.3909728042781353,59.52703393995762,57.13606113567948,58.650470804423094,,,committed,60.299072265625,EXECUTE,authorization_committed,55.01296045258641,55.02369021996856,0.010729767382144928,4.510597791522741,,,54.58769202232361,59.523558244109154,59.5342880114913
299,xair_atomic,1,100.0,50.0,after_release,1,0,0,0,1,1085,1084,after_check,0,0,after_middleware,1.0423548519611359,2.558097243309021,61.32297217845917,58.76487493515015,60.28061732649803,110.27205130085349,111.4203343167901,committed,62.740966796875,EXECUTE,authorization_committed,56.72602215781808,56.745599023997784,0.019576866179704666,4.592150915414095,104.76963315159082,116.5261990390718,54.7656761482358,61.318173073232174,61.33774993941188
300,xair_atomic,0,,50.0,control,1,0,0,0,0,,1086,control,0,0,,0.8712937124073505,1.9900319166481495,59.82046481221914,57.83043289557099,58.94917109981179,,,committed,61.408935546875,EXECUTE,authorization_committed,54.28173905238509,54.297107737511396,0.015368685126304626,5.5350190959870815,,,55.6076648645103,59.81675814837217,59.83212683349848
301,xair_atomic,1,100.0,50.0,after_release,1,0,0,0,1,1088,1087,after_check,0,0,after_middleware,1.0216860100626945,2.372278831899166,60.149803292006254,57.77752446010709,59.12811728194356,110.17823638394475,111.05895740911365,committed,61.113037109375,EXECUTE,authorization_committed,55.186876095831394,55.202805902808905,0.015929806977510452,4.958979319781065,105.17688700929284,116.06389237567782,55.193168111145496,60.14585541561246,60.16178522258997
302,xair_atomic,0,,50.0,control,1,0,0,0,0,,1089,control,0,0,,0.9352941997349262,2.411060966551304,60.35954598337412,57.948485016822815,59.42425178363919,,,committed,61.3740234375,EXECUTE,authorization_committed,55.34342024475336,55.36277638748288,0.019356142729520798,5.01107657328248,,,55.08764972910285,60.35449681803584,60.37385296076536
303,xair_atomic,0,,50.0,control,1,0,0,0,0,,1090,control,0,0,,0.9354040957987309,2.556473948061466,59.985033236443996,57.42855928838253,59.049629140645266,,,committed,61.10693359375,EXECUTE,authorization_committed,55.14103965833783,55.15721067786217,0.01617101952433586,4.8402962274849415,,,54.90855406969786,59.98133588582277,59.99750690534711
304,xair_atomic,1,100.0,50.0,after_release,1,0,0,0,1,1092,1091,after_check,0,0,after_middleware,0.9116488508880138,2.2189710289239883,59.858014807105064,57.639043778181076,58.94636595621705,109.93239376693964,111.21122166514397,committed,60.952880859375,EXECUTE,authorization_committed,55.038588121533394,55.058475118130445,0.01988699659705162,4.814868792891502,105.09375110268593,116.27962673082948,55.095784831792116,59.853456914424896,59.87334391102195
305,xair_atomic,1,100.0,50.0,after_release,1,0,0,0,1,1094,1093,after_check,0,0,after_middleware,0.9461939334869385,2.418545074760914,59.33939293026924,56.92084785550833,58.3931989967823,110.12859269976616,111.35413078591228,committed,60.741943359375,EXECUTE,authorization_committed,55.02904998138547,55.0437867641449,0.014736782759428024,4.307046998292208,104.57546915858984,116.2378080189228,54.59438497200608,59.33609697967768,59.350833762437105
306,xair_atomic,1,100.0,50.0,after_release,1,0,0,0,1,1096,1095,after_check,0,0,after_middleware,1.009983941912651,2.4384725838899612,60.930375941097736,58.491903357207775,59.920391999185085,110.61430303379893,111.43888020887971,committed,62.302978515625,EXECUTE,authorization_committed,55.68787595257163,55.70943607017398,0.021560117602348328,5.2372911013662815,105.46320397406816,116.14692816510797,55.49169797450304,60.92516705393791,60.94672717154026
307,xair_atomic,1,100.0,50.0,after_release,1,0,0,0,1,1098,1097,after_check,0,0,after_middleware,0.9225402027368546,2.452750224620104,59.704067185521126,57.25131696090102,58.78152698278427,110.11687014251947,111.31810303777456,committed,60.422119140625,EXECUTE,authorization_committed,55.137654300779104,55.15286233276129,0.015208031982183456,4.562725778669119,104.80431793257594,116.65211478248239,54.80509018525481,59.70038007944822,59.71558811143041
308,xair_atomic,1,100.0,50.0,after_release,1,0,0,0,1,1100,1099,after_check,0,0,after_middleware,0.7982067763805389,2.67197098582983,60.777158942073584,58.10518795624375,59.978952165693045,110.35865405574441,111.50274891406298,committed,61.677001953125,EXECUTE,authorization_committed,55.714956019073725,55.73242902755737,0.0174730084836483,5.058074835687876,105.32999411225319,117.14176321402192,55.342827923595905,60.7730308547616,60.79050386324525
309,xair_atomic,0,,50.0,control,1,0,0,0,0,,1101,control,0,0,,1.09447306022048,2.8441031463444233,60.493247117847204,57.64914397150278,59.398774057626724,,,committed,61.491943359375,EXECUTE,authorization_committed,56.272993329912424,56.3126471824944,0.039653852581977844,4.210795741528273,,,54.332294035702944,60.4837890714407,60.523442924022675
310,xair_atomic,1,100.0,50.0,after_release,1,0,0,0,1,1103,1102,after_check,0,0,after_middleware,0.8973130024969578,2.3013558238744736,60.555933974683285,58.25457815080881,59.65862097218633,110.77852128073573,111.98034510016441,committed,62.166015625,EXECUTE,authorization_committed,55.22782262414694,55.25392200797796,0.02609938383102417,5.322220269590616,105.51111400127411,116.74245493486524,55.523327086120844,60.550042893737555,60.57614227756858
311,xair_atomic,1,100.0,50.0,after_release,1,0,0,0,1,1105,1104,after_check,0,0,after_middleware,1.1522909626364708,4.3584429658949375,61.75192724913359,57.39348428323865,60.599636286497116,110.77439319342375,111.89344199374318,committed,60.10595703125,EXECUTE,authorization_committed,57.210960891097784,57.230568025261164,0.01960713416337967,4.53648716211319,104.83611794188619,117.01085790991783,54.842410143464804,61.747448053210974,61.76705518737435
312,xair_atomic,1,100.0,50.0,after_release,1,0,0,0,1,1107,1106,after_check,0,0,after_middleware,1.0208738967776299,2.5191642343997955,60.53822115063667,58.01905691623688,59.51734725385904,110.69724895060062,112.13774001225829,committed,62.4140625,EXECUTE,authorization_committed,55.36046111956239,55.37877604365349,0.018314924091100693,5.174173042178154,105.40700890123844,117.2158932313323,55.41942222043872,60.53463416174054,60.55294908583164
313,xair_atomic,1,100.0,50.0,after_release,1,0,0,0,1,1109,1108,after_check,0,0,after_middleware,0.9743371047079563,2.3641628213226795,60.019286815077066,57.65512399375439,59.04494971036911,110.34124111756682,111.38457711786032,committed,61.675048828125,EXECUTE,authorization_committed,55.02830911427736,55.04061188548803,0.012302771210670471,4.987992811948061,105.162990745157,117.03572375699878,55.16689782962203,60.016301926225424,60.028604697436094
314,xair_atomic,1,100.0,50.0,after_release,1,0,0,0,1,1111,1110,after_check,0,0,after_middleware,1.1219237931072712,2.7821576222777367,61.30011985078454,58.5179622285068,60.17819605767727,110.19298294559121,111.42218811437488,committed,62.14990234375,EXECUTE,authorization_committed,56.10855482518673,56.13248981535435,0.023934990167617798,5.185774061828852,105.39769101887941,116.35667085647583,55.450641084462404,61.29432888701558,61.3182638771832
315,xair_atomic,1,100.0,50.0,after_release,1,0,0,0,1,1113,1112,after_check,0,0,after_middleware,0.8300868794322014,2.1036546677351,58.63509280607104,56.53143813833594,57.80500592663884,108.85163815692067,110.03292398527265,committed,60.212890625,EXECUTE,authorization_committed,54.60978439077735,54.62637497112155,0.016590580344200134,4.021871834993362,104.21149712055922,114.85889321193099,54.21653715893626,58.63165622577071,58.64824680611491
316,xair_atomic,1,100.0,50.0,after_release,1,0,0,0,1,1115,1114,after_check,0,0,after_middleware,1.115391030907631,2.1940041333436966,58.96796612069011,56.77396198734641,57.852575089782476,109.05312607064843,110.12954404577613,committed,60.35498046875,EXECUTE,authorization_committed,54.57585956901312,54.58759190514684,0.01173233613371849,4.388970322906971,104.59191026166081,115.15436600893736,54.578694980591536,58.96482989192009,58.97656222805381
317,xair_atomic,1,100.0,50.0,after_release,1,0,0,0,1,1117,1116,after_check,0,0,after_middleware,1.054607331752777,2.505888231098652,61.97305116802454,59.46716293692589,60.91844383627176,113.67015400901437,115.03353994339705,committed,63.216064453125,EXECUTE,authorization_committed,55.67911919206381,55.69395702332258,0.014837831258773804,6.289463955909014,106.60084709525108,124.36494790017605,56.61322083324194,61.96858314797282,61.983420979231596
318,xair_atomic,1,100.0,50.0,after_release,1,0,0,0,1,1119,1118,after_check,0,0,after_middleware,0.935122836381197,2.35558720305562,60.77226996421814,58.41668276116252,59.83714712783694,110.64903903752565,111.91282887011766,committed,61.949951171875,EXECUTE,authorization_committed,55.524758994579315,55.53777376189828,0.013014767318964005,5.244364961981773,105.51205603405833,116.9140669517219,55.519429966807365,60.76912395656109,60.78213872388005
319,xair_atomic,1,100.0,50.0,after_release,1,0,0,0,1,1121,1120,after_check,0,0,after_middleware,1.280812080949545,2.7595250867307186,60.137759894132614,57.378234807401896,58.85694781318307,109.70799392089248,110.56071287021041,committed,61.27001953125,EXECUTE,authorization_committed,55.73784885928035,55.754780769348145,0.016931910067796707,4.395261872559786,104.57817371934652,115.69047160446644,54.578995797783136,60.133110731840134,60.15004264190793
