run,mode,inject,inject_offset_ms,publish_delay_ms,injection_window,gateway_released,gate_blocked,stale_publish,potential_stale_publish,post_release_invalidation,injection_version,check_version,version_order,stale_exact,stale_in_open_interval,position_vs_middleware,residual_lo_ms,residual_hi_ms,t_middleware_ms,store_io_lo_ms,store_io_hi_ms,injection_store_lo_ms,injection_store_hi_ms,commit_status,commit_age_ms,outcome,reason,validation_to_gate_ms,validation_to_publish_ms,recheck_to_publish_ms,t_validate_end_ms,t_injection_start_ms,t_injection_end_ms,t_recheck_start_ms,t_recheck_end_ms,t_publish_end_ms
0,xair,0,,50.0,control,1,0,0,0,0,,2,control,0,0,,0.9538275189697742,2.098564989864826,63.40596778318286,61.30740279331803,62.452140264213085,,,,,EXECUTE,published_after_gate_recheck,54.75095892325044,54.76190894842148,0.010950025171041489,8.654778823256493,,,58.75818291679025,63.40573774650693,63.41668777167797
1,xair,1,0.0,50.0,before_recheck,0,1,0,0,0,4,4,before_check,0,0,,,,,57.4853359721601,58.563548140227795,10.060654953122139,11.11183688044548,,,REVOKE,read_set_version_changed_at_gate,54.9425482749939,,,4.438522737473249,4.687198903411627,16.85670902952552,55.070817936211824,59.381071012467146,
2,xair,0,,50.0,control,1,0,0,0,0,,5,control,0,0,,0.9909081272780895,2.2411420941352844,59.103359933942556,56.86221783980727,58.11245180666447,,,,,EXECUTE,published_after_gate_recheck,54.6793551184237,54.69210911542177,0.01275399699807167,4.423714708536863,,,54.51326258480549,59.103069826960564,59.115823823958635
3,xair,1,0.0,50.0,before_recheck,0,1,0,0,0,7,7,before_check,0,0,,,,,58.73859580606222,60.120358131825924,10.643769055604935,11.715669184923172,,,REVOKE,read_set_version_changed_at_gate,55.80249987542629,,,5.554316099733114,5.724824965000153,16.849817242473364,56.034876964986324,61.35681597515941,
4,xair,0,,50.0,control,1,0,0,0,0,,8,control,0,0,,1.039409078657627,2.3660766892135143,60.218119993805885,57.85204330459237,59.17871091514826,,,,,EXECUTE,published_after_gate_recheck,55.38081005215645,55.40045676752925,0.019646715372800827,4.837090149521828,,,54.95690507814288,60.217900201678276,60.23754691705108
5,xair,1,0.0,50.0,before_recheck,0,1,0,0,0,10,10,before_check,0,0,,,,,58.594576083123684,59.64595824480057,9.44131426513195,10.384573135524988,,,REVOKE,read_set_version_changed_at_gate,55.745444260537624,,,5.157941952347755,5.263280123472214,15.226202085614204,55.46962609514594,60.90338621288538,
6,xair,0,,50.0,control,1,0,0,0,0,,11,control,0,0,,1.14087900146842,2.2728918120265007,59.79921482503414,57.52632301300764,58.65833582356572,,,,,EXECUTE,published_after_gate_recheck,54.92700915783644,54.944260977208614,0.017251819372177124,4.872045945376158,,,54.999053943902254,59.799055103212595,59.81630692258477
7,xair,1,0.0,50.0,before_recheck,0,1,0,0,0,13,13,before_check,0,0,,,,,57.72087816148996,58.909947983920574,9.877361822873354,11.243483982980251,,,REVOKE,read_set_version_changed_at_gate,55.226800963282585,,,4.626885987818241,4.914865829050541,19.8158691637218,55.27139501646161,59.853686951100826,
8,xair,1,0.0,50.0,before_recheck,0,1,0,0,0,15,15,before_check,0,0,,,,,57.63432523235679,58.49680304527283,10.083258152008057,11.357988230884075,,,REVOKE,read_set_version_changed_at_gate,54.43965410813689,,,5.008271895349026,5.097920075058937,16.310054808855057,55.2716851234436,59.44792600348592,
9,xair,1,0.0,50.0,before_recheck,0,1,0,0,0,17,17,before_check,0,0,,,,,57.20243602991104,58.52211033925414,9.716981090605259,10.742304380983114,,,REVOKE,read_set_version_changed_at_gate,54.831388872116804,,,4.514716099947691,4.599204286932945,16.03848533704877,54.76787034422159,59.346104972064495,
10,xair,0,,50.0,control,1,0,0,0,0,,18,control,0,0,,1.0007270611822605,2.4139168672263622,59.82405226677656,57.4101353995502,58.8233252055943,,,,,EXECUTE,published_after_gate_recheck,55.120963137596846,55.13644218444824,0.01547904685139656,4.702919162809849,,,54.79424027726054,59.823882300406694,59.83936134725809
11,xair,0,,50.0,control,1,0,0,0,0,,19,control,0,0,,1.410114113241434,3.3363359980285168,60.94406172633171,57.607725728303194,59.53394761309028,,,,,EXECUTE,published_after_gate_recheck,56.23190477490425,56.252954993397,0.021050218492746353,4.711344838142395,,,54.818023927509785,60.943249613046646,60.96429983153939
12,xair,1,0.0,50.0,before_recheck,0,1,0,0,0,21,21,before_check,0,0,,,,,57.46936611831188,58.66788327693939,9.140870999544859,12.452721130102873,,,REVOKE,read_set_version_changed_at_gate,55.18467212095857,,,4.498565103858709,4.613741301000118,17.332501243799925,54.81021897867322,59.683237224817276,
13,xair,1,0.0,50.0,before_recheck,0,1,0,0,0,23,23,before_check,0,0,,,,,56.88419891521335,58.09239484369755,8.773642592132092,10.02293499186635,,,REVOKE,read_set_version_changed_at_gate,54.991490207612514,,,4.171321634203196,4.266049712896347,15.070059802383184,54.46027358993888,59.16281184181571,
14,xair,1,0.0,50.0,before_recheck,0,1,0,0,0,25,25,before_check,0,0,,,,,57.936372235417366,59.32463612407446,10.304684285074472,11.402723379433155,,,REVOKE,read_set_version_changed_at_gate,55.421956814825535,,,4.915077239274979,5.134819075465202,16.364547424018383,55.45565113425255,60.33703405410051,
15,xair,1,0.0,50.0,before_recheck,0,1,0,0,0,27,27,before_check,0,0,,,,,57.34728695824742,58.7475229986012,9.7142462618649,10.595086961984634,,,REVOKE,read_set_version_changed_at_gate,55.059487000107765,,,4.72665298730135,4.904585890471935,15.574263874441385,55.12522021308541,59.786139987409115,
16,xair,1,0.0,50.0,before_recheck,0,1,0,0,0,29,29,before_check,0,0,,,,,57.67427105456591,59.50298998504877,10.14743885025382,11.602557264268398,,,REVOKE,read_set_version_changed_at_gate,56.0181550681591,,,4.516799934208393,4.7156428918242455,16.727107111364603,55.08012603968382,60.5349550023675,
17,xair,1,0.0,50.0,before_recheck,0,1,0,0,0,31,31,before_check,0,0,,,,,57.783636264503,58.826821856200695,10.40187617763877,11.676034890115261,,,REVOKE,read_set_version_changed_at_gate,54.69579482451081,,,5.288447253406048,5.412769969552755,16.49485109373927,55.58280926197767,59.98424207791686,
18,xair,0,,50.0,control,1,0,0,0,0,,32,control,0,0,,1.0747951455414295,2.3089200258255005,59.37573127448559,57.06681124866009,58.30093612894416,,,,,EXECUTE,published_after_gate_recheck,54.78979088366032,54.80409786105156,0.014306977391242981,4.585810005664825,,,54.69040526077151,59.37560088932514,59.389907866716385
19,xair,1,0.0,50.0,before_recheck,0,1,0,0,0,34,34,before_check,0,0,,,,,61.22904596850276,62.5976319424808,10.757962707430124,11.843387968838215,,,REVOKE,read_set_version_changed_at_gate,58.95489081740379,,,4.7776889987289906,5.004724022001028,16.98675286024809,55.41071482002735,63.732579816132784,
20,xair,0,,50.0,control,1,0,0,0,0,,35,control,0,0,,1.1404277756810188,2.619731705635786,60.01338688656688,57.39365518093109,58.87295911088586,,,,,EXECUTE,published_after_gate_recheck,55.42840901762247,55.44312717393041,0.014718156307935715,4.584847949445248,,,54.68356283381581,60.01325696706772,60.027975123375654
21,xair,0,,50.0,control,1,0,0,0,0,,36,control,0,0,,0.9658806957304478,2.1676048636436462,59.6017949283123,57.434190064668655,58.635914232581854,,,,,EXECUTE,published_after_gate_recheck,54.71281707286835,54.727664683014154,0.014847610145807266,4.888857249170542,,,54.981810972094536,59.60167432203889,59.616521932184696
22,xair,1,0.0,50.0,before_recheck,0,1,0,0,0,38,38,before_check,0,0,,,,,57.383665814995766,58.67948476225138,9.971568826586008,11.005446780472994,,,REVOKE,read_set_version_changed_at_gate,54.85502444207668,,,4.893956705927849,5.075558088719845,15.704809688031673,55.3281307220459,59.74898114800453,
23,xair,1,0.0,50.0,before_recheck,0,1,0,0,0,40,40,before_check,0,0,,,,,57.41296010091901,58.5246947593987,9.32173989713192,10.313428938388824,,,REVOKE,read_set_version_changed_at_gate,54.62152510881424,,,4.813395906239748,4.955441690981388,15.139438677579165,55.105824023485184,59.43492101505399,
24,xair,1,0.0,50.0,before_recheck,0,1,0,0,0,42,42,before_check,0,0,,,,,57.86140123382211,59.34313032776117,9.710147976875305,10.780985932797194,,,REVOKE,read_set_version_changed_at_gate,55.57028530165553,,,5.123707931488752,5.244695115834475,15.69295721128583,55.41660729795694,60.69399323314428,
25,xair,1,0.0,50.0,before_recheck,0,1,0,0,0,44,44,before_check,0,0,,,,,58.252093847841024,59.409113600850105,10.115379001945257,11.134950909763575,,,REVOKE,read_set_version_changed_at_gate,55.3807090036571,,,5.24014700204134,5.363838747143745,16.621057875454426,55.533185601234436,60.62085600569844,
26,xair,1,0.0,50.0,before_recheck,0,1,0,0,0,46,46,before_check,0,0,,,,,57.707814034074545,59.045793022960424,9.86717315390706,10.724521242082119,,,REVOKE,read_set_version_changed_at_gate,54.7832390293479,,,5.12603297829628,5.236179102212191,15.82255121320486,55.41580589488149,59.90927200764418,
27,xair,1,0.0,50.0,before_recheck,0,1,0,0,0,48,48,before_check,0,0,,,,,56.920787785202265,58.229070622473955,8.665519766509533,10.034285951405764,,,REVOKE,read_set_version_changed_at_gate,54.92768017575145,,,4.337773658335209,4.435126669704914,15.390770975500345,54.6108759008348,59.26545383408666,
28,xair,1,0.0,50.0,before_recheck,0,1,0,0,0,50,50,before_check,0,0,,,,,57.44663393124938,58.814027812331915,8.980290032923222,10.309201665222645,,,REVOKE,read_set_version_changed_at_gate,54.98824315145612,,,4.675497766584158,4.804669879376888,14.900641981512308,54.98034879565239,59.663740918040276,
29,xair,1,0.0,50.0,before_recheck,0,1,0,0,0,52,52,before_check,0,0,,,,,57.62397591024637,58.724358677864075,9.68250585719943,10.852138977497816,,,REVOKE,read_set_version_changed_at_gate,54.78164600208402,,,4.899616818875074,5.034499801695347,15.594501979649067,55.223493836820126,59.68126282095909,
30,xair,1,0.0,50.0,before_recheck,0,1,0,0,0,54,54,before_check,0,0,,,,,57.407199405133724,58.62501310184598,9.773015975952148,11.087431106716394,,,REVOKE,read_set_version_changed_at_gate,54.686917923390865,,,4.800612106919289,4.913985263556242,15.499033965170383,55.126633029431105,59.487530030310154,
31,xair,1,0.0,50.0,before_recheck,0,1,0,0,0,56,56,before_check,0,0,,,,,57.875818107277155,58.92048683017492,10.19839383661747,11.505724862217903,,,REVOKE,read_set_version_changed_at_gate,55.49044534564018,,,4.6235197223722935,4.854101687669754,16.80713566020131,55.26650510728359,60.113965068012476,
32,xair,1,0.0,50.0,before_recheck,0,1,0,0,0,58,58,before_check,0,0,,,,,58.079591020941734,60.9001200646162,9.811850264668465,10.91398624703288,,,REVOKE,read_set_version_changed_at_gate,57.15529713779688,,,4.93087712675333,5.093722138553858,15.947495121508837,55.28471013531089,62.08617426455021,
33,xair,1,0.0,50.0,before_recheck,0,1,0,0,0,60,60,before_check,0,0,,,,,57.472191751003265,58.729448821395636,9.630037937313318,10.72832802310586,,,REVOKE,read_set_version_changed_at_gate,55.2700818516314,,,4.619231913238764,4.742723889648914,16.54056692495942,54.9243139103055,59.88931376487017,
34,xair,1,0.0,50.0,before_recheck,0,1,0,0,0,62,62,before_check,0,0,,,,,57.783825788646936,58.71323775500059,10.120887774974108,11.300529818981886,,,REVOKE,read_set_version_changed_at_gate,55.041813757270575,,,4.687509965151548,4.896390717476606,16.431611962616444,55.338740814477205,59.72932372242212,
35,xair,1,0.0,50.0,before_recheck,0,1,0,0,0,64,64,before_check,0,0,,,,,57.74941109120846,58.869190979748964,9.008372202515602,10.3977769613266,,,REVOKE,read_set_version_changed_at_gate,55.4182599298656,,,4.619412124156952,4.735169000923634,15.095436945557594,54.90152118727565,60.03767205402255,
36,xair,1,0.0,50.0,before_recheck,0,1,0,0,0,66,66,before_check,0,0,,,,,57.39400489255786,58.37788013741374,10.094408877193928,11.031465604901314,,,REVOKE,read_set_version_changed_at_gate,54.11976529285312,,,5.076348781585693,5.179993808269501,16.118485014885664,55.36421900615096,59.19611407443881,
37,xair,0,,50.0,control,1,0,0,0,0,,67,control,0,0,,0.8608237840235233,2.165780868381262,58.822843711823225,56.65706284344196,57.9620199277997,,,,,EXECUTE,published_after_gate_recheck,54.50021894648671,54.51257200911641,0.012353062629699707,4.322485066950321,,,54.41234307363629,58.82270401343703,58.83505707606673
38,xair,1,0.0,50.0,before_recheck,0,1,0,0,0,69,69,before_check,0,0,,,,,59.180024079978466,60.679465997964144,10.279074776917696,11.260926723480225,,,REVOKE,read_set_version_changed_at_gate,56.92003574222326,,,5.098219960927963,5.214699078351259,16.0034098662436,55.42222689837217,62.018255703151226,
39,xair,1,0.0,50.0,before_recheck,0,1,0,0,0,71,71,before_check,0,0,,,,,59.347948990762234,60.49575097858906,11.553093791007996,12.83084973692894,,,REVOKE,read_set_version_changed_at_gate,55.7078430429101,,,5.615309812128544,6.471404805779457,17.345966771245003,56.70104501768947,61.32315285503864,
40,xair,1,30.0,50.0,before_recheck,0,1,0,0,0,73,73,before_check,0,0,,,,,57.5935086235404,58.86035365983844,40.492400992661715,41.401105001568794,,,REVOKE,read_set_version_changed_at_gate,54.77926228195429,,,4.884959664195776,35.25001974776387,46.41541792079806,55.27979973703623,59.664221946150064,
41,xair,0,,50.0,control,1,0,0,0,0,,74,control,0,0,,1.0470431298017502,2.575378865003586,59.39619895070791,56.82082008570433,58.34915582090616,,,,,EXECUTE,published_after_gate_recheck,54.858701303601265,54.87168533727527,0.012984033674001694,4.537387751042843,,,54.58757188171148,59.39608905464411,59.40907308831811
42,xair,1,30.0,50.0,before_recheck,0,1,0,0,0,76,76,before_check,0,0,,,,,57.45208356529474,58.67824284359813,39.881445933133364,41.48112563416362,,,REVOKE,read_set_version_changed_at_gate,54.627837147563696,,,5.041754804551601,35.34204373136163,46.39910766854882,55.39045762270689,59.6695919521153,
43,xair,1,30.0,50.0,before_recheck,0,1,0,0,0,78,78,before_check,0,0,,,,,57.30566894635558,58.577314019203186,39.48149597272277,40.3471989557147,,,REVOKE,read_set_version_changed_at_gate,55.17222918570042,,,4.520125687122345,34.734734799712896,45.088850893080235,54.82954578474164,59.69235487282276,
44,xair,1,30.0,50.0,before_recheck,0,1,0,0,0,80,80,before_check,0,0,,,,,56.82758195325732,58.013906702399254,39.04976462945342,40.18970299512148,,,REVOKE,read_set_version_changed_at_gate,54.36581606045365,,,4.488155711442232,34.65625690296292,45.09405978024006,54.67378254979849,58.853971771895885,
45,xair,1,30.0,50.0,before_recheck,0,1,0,0,0,82,82,before_check,0,0,,,,,57.41650704294443,58.48986003547907,39.94364198297262,40.99366068840027,,,REVOKE,read_set_version_changed_at_gate,54.50805323198438,,,4.987592808902264,35.167465917766094,45.89309869334102,55.17226876690984,59.49564604088664,
46,xair,0,,50.0,control,1,0,0,0,0,,83,control,0,0,,0.9913090616464615,2.17489805072546,58.508834801614285,56.333936750888824,57.51752573996782,,,,,EXECUTE,published_after_gate_recheck,54.241393227130175,54.25336491316557,0.011971686035394669,4.267241805791855,,,54.33283373713493,58.50863503292203,58.520606718957424
47,xair,1,30.0,50.0,before_recheck,0,1,0,0,0,85,85,before_check,0,0,,,,,57.18675581738353,58.31801798194647,40.018511936068535,41.384413838386536,,,REVOKE,read_set_version_changed_at_gate,54.37889089807868,,,4.908333998173475,35.07943078875542,49.176345113664865,55.08831096813083,59.287224896252155,
48,xair,1,30.0,50.0,before_recheck,0,1,0,0,0,87,87,before_check,0,0,,,,,58.7283568456769,59.88558707758784,40.732491761446,42.0571961440146,,,REVOKE,read_set_version_changed_at_gate,55.81505410373211,,,5.094713997095823,35.35625012591481,47.6994258351624,55.40928291156888,60.90976810082793,
49,xair,1,30.0,50.0,before_recheck,0,1,0,0,0,89,89,before_check,0,0,,,,,57.019772939383984,57.92647320777178,39.4561979919672,40.78165302053094,,,REVOKE,read_set_version_changed_at_gate,54.4042382389307,,,4.360165912657976,34.53454887494445,45.65650410950184,54.57489797845483,58.76440415158868,
50,xair,1,30.0,50.0,before_recheck,0,1,0,0,0,91,91,before_check,0,0,,,,,57.40034719929099,58.73560020700097,40.033821016550064,41.35673213750124,,,REVOKE,read_set_version_changed_at_gate,55.01670716330409,,,4.761779215186834,34.96117936447263,46.2250211276114,55.001769214868546,59.778486378490925,
51,xair,1,30.0,50.0,before_recheck,0,1,0,0,0,93,93,before_check,0,0,,,,,57.463624980300665,58.71084379032254,39.54275976866484,40.9285887144506,,,REVOKE,read_set_version_changed_at_gate,55.29295513406396,,,4.465662874281406,34.63840298354626,45.50958890467882,54.67350268736482,59.758618008345366,
52,xair,1,30.0,50.0,before_recheck,0,1,0,0,0,95,95,before_check,0,0,,,,,56.97952723130584,58.30535292625427,39.477847982198,40.381432976573706,,,REVOKE,read_set_version_changed_at_gate,55.450710002332926,,,3.9910939522087574,34.252670127898455,45.79742904752493,54.32745395228267,59.44180395454168,
53,xair,1,30.0,50.0,before_recheck,0,1,0,0,0,97,97,before_check,0,0,,,,,57.68590187653899,58.8203389197588,39.60088919848204,40.70598119869828,,,REVOKE,read_set_version_changed_at_gate,55.170455016195774,,,4.70107514411211,34.98130617663264,45.51511909812689,55.0574129447341,59.871530160307884,
54,xair,0,,50.0,control,1,0,0,0,0,,98,control,0,0,,0.9984518401324749,2.2010370157659054,59.59037272259593,57.389335706830025,58.591920882463455,,,,,EXECUTE,published_after_gate_recheck,54.86203683540225,54.87610399723053,0.014067161828279495,4.728215746581554,,,54.8294959589839,59.590252581983805,59.604319743812084
55,xair,0,,50.0,control,1,0,0,0,0,,99,control,0,0,,0.9612813591957092,1.9905120134353638,59.37932664528489,57.38881463184953,58.41804528608918,,,,,EXECUTE,published_after_gate_recheck,54.740739054977894,54.74994610995054,0.00920705497264862,4.638447891920805,,,54.7416708432138,59.3791869468987,59.38839400187135
56,xair,1,30.0,50.0,before_recheck,0,1,0,0,0,101,101,before_check,0,0,,,,,56.99899420142174,58.13727807253599,39.820862002670765,41.11895617097616,,,REVOKE,read_set_version_changed_at_gate,54.66979602351785,,,4.357540979981422,34.65221915394068,46.16717202588916,54.69716805964708,59.02733700349927,
57,xair,1,30.0,50.0,before_recheck,0,1,0,0,0,103,103,before_check,0,0,,,,,56.832653004676104,58.04969510063529,39.06163899227977,40.370142087340355,,,REVOKE,read_set_version_changed_at_gate,54.909716825932264,,,4.1067213751375675,34.345956053584814,45.547761023044586,54.385734256356955,59.01643820106983,
58,xair,0,,50.0,control,1,0,0,0,0,,104,control,0,0,,0.909134279936552,1.989040058106184,58.593735098838806,56.60469504073262,57.684600818902254,,,,,EXECUTE,published_after_gate_recheck,54.485231172293425,54.49530016630888,0.010068994015455246,4.108374007046223,,,54.20068698003888,58.59360517933965,58.6036741733551
59,xair,1,30.0,50.0,before_recheck,0,1,0,0,0,106,106,before_check,0,0,,,,,57.502648793160915,58.76492569223046,40.0044359266758,41.07731766998768,,,REVOKE,read_set_version_changed_at_gate,54.936166387051344,,,4.778019618242979,34.98990274965763,45.72231788188219,54.99700969085097,59.71418600529432,
60,xair,1,30.0,50.0,before_recheck,0,1,0,0,0,108,108,before_check,0,0,,,,,57.49896168708801,58.770906645804644,39.913245011121035,40.99332960322499,,,REVOKE,read_set_version_changed_at_gate,54.70597371459007,,,5.150218028575182,35.309070721268654,46.23814485967159,55.40273105725646,59.856191743165255,
61,xair,0,,50.0,control,1,0,0,0,0,,109,control,0,0,,1.0062158107757568,2.1292720921337605,59.27445087581873,57.14517878368497,58.26823506504297,,,,,EXECUTE,published_after_gate_recheck,54.625613149255514,54.636243265122175,0.010630115866661072,4.648707807064056,,,54.75986609235406,59.27432095631957,59.28495107218623
62,xair,1,30.0,50.0,before_recheck,0,1,0,0,0,111,111,before_check,0,0,,,,,57.908168993890285,59.13878558203578,40.432498790323734,41.45910358056426,,,REVOKE,read_set_version_changed_at_gate,54.92361215874553,,,5.17389178276062,35.40709475055337,46.11608572304249,55.47222075983882,60.09750394150615,
63,xair,1,30.0,50.0,before_recheck,0,1,0,0,0,113,113,before_check,0,0,,,,,57.43176490068436,58.783740270882845,39.47225818410516,40.575717110186815,,,REVOKE,read_set_version_changed_at_gate,55.37158204242587,,,4.314871039241552,34.5571911893785,45.5074249766767,54.6032409183681,59.68645308166742,
64,xair,0,,50.0,control,1,0,0,0,0,,114,control,0,0,,1.0293000377714634,2.3319930769503117,59.8414340056479,57.509440928697586,58.812133967876434,,,,,EXECUTE,published_after_gate_recheck,54.82974695041776,54.84432401135564,0.01457706093788147,5.011546891182661,,,55.10067380964756,59.84129384160042,59.8558709025383
65,xair,1,30.0,50.0,before_recheck,0,1,0,0,0,116,116,before_check,0,0,,,,,56.52333190664649,57.66171682626009,39.560914039611816,40.47772288322449,,,REVOKE,read_set_version_changed_at_gate,54.056376218795776,,,4.403396975249052,34.57567607983947,45.46946380287409,54.612638894468546,58.45977319404483,
66,xair,0,,50.0,control,1,0,0,0,0,,117,control,0,0,,0.9568636305630207,2.0965407602488995,58.57929680496454,56.48275604471564,57.62243317440152,,,,,EXECUTE,published_after_gate_recheck,54.33289520442486,54.344947915524244,0.012052711099386215,4.246111959218979,,,54.342673160135746,58.57900716364384,58.59105987474322
67,xair,1,30.0,50.0,before_recheck,0,1,0,0,0,119,119,before_check,0,0,,,,,56.33920710533857,57.45642213150859,38.66451373323798,39.93610804900527,,,REVOKE,read_set_version_changed_at_gate,54.200144950300455,,,4.200386814773083,34.34492414817214,44.735938776284456,54.3670691549778,58.40053176507354,
68,xair,1,30.0,50.0,before_recheck,0,1,0,0,0,121,121,before_check,0,0,,,,,56.85058608651161,57.810516096651554,39.19614013284445,40.33654881641269,,,REVOKE,read_set_version_changed_at_gate,54.71240682527423,,,4.1490900330245495,34.51237687841058,44.98213995248079,54.550081957131624,58.86149685829878,
69,xair,1,30.0,50.0,before_recheck,0,1,0,0,0,123,123,before_check,0,0,,,,,57.47245205566287,58.6274079978466,40.077473036944866,41.421052534133196,,,REVOKE,read_set_version_changed_at_gate,55.10315904393792,,,4.709811881184578,34.99824879691005,46.50521697476506,55.06744282320142,59.8129709251225,
70,xair,0,,50.0,control,1,0,0,0,0,,124,control,0,0,,0.9052068926393986,2.1990928798913956,59.58400061354041,57.384907733649015,58.67879372090101,,,,,EXECUTE,published_after_gate_recheck,54.7611378133297,54.77564502507448,0.014507211744785309,4.822712857276201,,,54.91237062960863,59.5838506706059,59.59835788235068
71,xair,1,30.0,50.0,before_recheck,0,1,0,0,0,126,126,before_check,0,0,,,,,57.572729885578156,58.62269829958677,39.84740097075701,40.95533909276128,,,REVOKE,read_set_version_changed_at_gate,54.53924089670181,,,5.128195974975824,35.31906986609101,45.396546833217144,55.32897217199206,59.66743687167764,
72,xair,0,,50.0,control,1,0,0,0,0,,127,control,0,0,,0.9872619993984699,2.2401507012546062,59.42814005538821,57.187989354133606,58.44087805598974,,,,,EXECUTE,published_after_gate_recheck,54.68750884756446,54.70252688974142,0.015018042176961899,4.740470089018345,,,54.82494831085205,59.427978936582804,59.442996978759766
73,xair,1,30.0,50.0,before_recheck,0,1,0,0,0,129,129,before_check,0,0,,,,,56.88519077375531,58.08070255443454,39.544944651424885,40.75638670474291,,,REVOKE,read_set_version_changed_at_gate,54.59183966740966,,,4.4776969589293,34.661156591027975,45.65751692280173,54.67818258330226,59.06953662633896,
74,xair,1,30.0,50.0,before_recheck,0,1,0,0,0,131,131,before_check,0,0,,,,,56.93152779713273,57.987086940556765,39.59530871361494,40.674973744899035,,,REVOKE,read_set_version_changed_at_gate,54.516489151865244,,,4.4121937826275826,34.552362747490406,44.705191161483526,54.59050787612796,58.92868293449283,
75,xair,1,30.0,50.0,before_recheck,0,1,0,0,0,133,133,before_check,0,0,,,,,57.0816989056766,58.06620605289936,39.86917296424508,40.94586195424199,,,REVOKE,read_set_version_changed_at_gate,53.99201484397054,,,4.8676179721951485,35.00889893621206,45.709624886512756,55.03023322671652,58.859632816165686,
76,xair,1,30.0,50.0,before_recheck,0,1,0,0,0,135,135,before_check,0,0,,,,,57.083283085376024,58.03299369290471,38.92449103295803,39.95172819122672,,,REVOKE,read_set_version_changed_at_gate,54.46771765127778,,,4.526268225163221,34.67171685770154,44.77709578350186,54.72795618698001,58.993985876441,
77,xair,1,30.0,50.0,before_recheck,0,1,0,0,0,137,137,before_check,0,0,,,,,57.00141889974475,58.22643591091037,39.75117113441229,41.02877713739872,,,REVOKE,read_set_version_changed_at_gate,54.65138237923384,,,4.707336891442537,34.86319491639733,45.77344423159957,54.8763838596642,59.358719270676374,
78,xair,1,30.0,50.0,before_recheck,0,1,0,0,0,139,139,before_check,0,0,,,,,56.80981883779168,57.799666188657284,39.30627694353461,40.483144111931324,,,REVOKE,read_set_version_changed_at_gate,54.198572877794504,,,4.653336014598608,34.794677048921585,45.369626954197884,54.812092799693346,58.85190889239311,
79,xair,1,30.0,50.0,before_recheck,0,1,0,0,0,141,141,before_check,0,0,,,,,57.58127523586154,58.497784193605185,39.715173188596964,40.782514959573746,,,REVOKE,read_set_version_changed_at_gate,55.23343291133642,,,4.359695129096508,34.65545503422618,45.7965568639338,54.732292890548706,59.59312804043293,
80,xair,0,,50.0,control,1,0,0,0,0,,142,control,0,0,,1.046162098646164,2.1994239650666714,59.28574223071337,57.086318265646696,58.2395801320672,,,,,EXECUTE,published_after_gate_recheck,54.818585980683565,54.83525712043047,0.016671139746904373,4.467016085982323,,,54.556303191930056,59.28560206666589,59.30227320641279
81,xair,1,40.0,50.0,concurrent,0,1,0,0,0,144,144,before_check,0,0,,,,,57.03867832198739,58.169739320874214,50.153426826000214,51.507045049220324,,,REVOKE,read_set_version_changed_at_gate,54.283902049064636,,,4.72576217725873,44.88375596702099,56.30777822807431,54.91228122264147,59.009664226323366,
82,xair,1,40.0,50.0,concurrent,0,1,0,0,0,146,146,before_check,0,0,,,,,57.537723798304796,58.78312885761261,49.771780613809824,50.8354757912457,,,REVOKE,read_set_version_changed_at_gate,55.19516207277775,,,4.559368826448917,44.82189891859889,56.06048367917538,54.88643189892173,59.754530899226665,
83,xair,1,40.0,50.0,concurrent,0,1,0,0,0,148,148,before_check,0,0,,,,,57.37063102424145,58.52909293025732,49.465085845440626,50.58056768029928,,,REVOKE,read_set_version_changed_at_gate,54.69285883009434,,,4.893376026302576,45.05594773218036,55.65449269488454,55.05318474024534,59.58623485639691,
84,xair,1,40.0,50.0,concurrent,0,1,0,0,0,150,150,before_check,0,0,,,,,57.16812191531062,58.14699688926339,49.318160861730576,50.14706589281559,,,REVOKE,read_set_version_changed_at_gate,54.67598792165518,,,4.352312069386244,44.598410837352276,55.09994365274906,54.61927177384496,59.02829999104142,
85,xair,0,,50.0,control,1,0,0,0,0,,151,control,0,0,,0.974537804722786,2.382568083703518,60.23209681734443,57.84952873364091,59.25755901262164,,,,,EXECUTE,published_after_gate_recheck,55.70125998929143,55.71371363475919,0.012453645467758179,4.53068595379591,,,54.620503913611174,60.23194594308734,60.2443995885551
86,xair,1,40.0,50.0,concurrent,0,1,0,0,0,153,153,before_check,0,0,,,,,57.1576408110559,58.417693711817265,49.76343596354127,50.94891879707575,,,REVOKE,read_set_version_changed_at_gate,54.86539378762245,,,4.517721012234688,44.72826374694705,56.149971671402454,54.76669780910015,59.38311479985714,
87,xair,1,40.0,50.0,concurrent,0,1,0,0,0,155,155,before_check,0,0,,,,,57.603808119893074,58.912071865051985,50.10733101516962,51.11084319651127,,,REVOKE,read_set_version_changed_at_gate,54.79396926239133,,,4.9586789682507515,45.12328514829278,56.214964017271996,55.14812422916293,59.75264823064208,
88,xair,0,,50.0,control,1,0,0,0,0,,156,control,0,0,,0.9815208613872528,1.993187703192234,59.42602502182126,57.432837318629026,58.44450416043401,,,,,EXECUTE,published_after_gate_recheck,54.436990059912205,54.45123603567481,0.014245975762605667,4.988905042409897,,,55.09416200220585,59.4258951023221,59.44014107808471
89,xair,1,40.0,50.0,concurrent,0,1,0,0,0,158,158,before_check,0,0,,,,,58.17952798679471,59.24844229593873,50.70955026894808,51.848636008799076,,,REVOKE,read_set_version_changed_at_gate,54.69856970012188,,,5.390438251197338,45.66336702555418,56.6821601241827,55.74773717671633,60.08900795131922,
90,xair,1,40.0,50.0,concurrent,0,1,0,0,0,160,160,before_check,0,0,,,,,57.52063216641545,58.59489692375064,49.52941695228219,50.636352971196175,,,REVOKE,read_set_version_changed_at_gate,54.904536344110966,,,4.7191898338496685,44.9298620223999,55.872872937470675,54.985458962619305,59.623726177960634,
91,xair,1,40.0,50.0,concurrent,0,1,0,0,0,162,162,before_check,0,0,,,,,56.68881302699447,57.96755105257034,49.23961404711008,50.58357398957014,,,REVOKE,read_set_version_changed_at_gate,54.64818514883518,,,4.326113034039736,44.539710972458124,56.19566794484854,54.57642115652561,58.97429818287492,
92,xair,1,40.0,50.0,concurrent,0,1,0,0,0,164,164,before_check,0,0,,,,,57.24430410191417,58.45310119912028,49.187797121703625,50.276136957108974,,,REVOKE,read_set_version_changed_at_gate,55.082811042666435,,,4.383540246635675,44.577411375939846,55.49374129623175,54.6036921441555,59.46635128930211,
93,xair,1,40.0,50.0,concurrent,0,1,0,0,0,166,166,before_check,0,0,,,,,57.26251797750592,58.15075384452939,49.949734937399626,51.10164498910308,,,REVOKE,read_set_version_changed_at_gate,54.673642851412296,,,4.530665930360556,44.762668665498495,56.316503789275885,54.79739559814334,59.20430878177285,
94,xair,1,40.0,50.0,concurrent,0,1,0,0,0,168,168,before_check,0,0,,,,,56.35338416323066,57.74794891476631,49.00574591010809,50.161172170192,,,REVOKE,read_set_version_changed_at_gate,54.54809824004769,,,4.131787922233343,44.298558961600065,55.160706862807274,54.31435024365783,58.679886162281036,
95,xair,1,40.0,50.0,concurrent,0,1,0,0,0,170,170,before_check,0,0,,,,,57.209188118577,58.446037117391825,50.2870581112802,51.44323594868183,,,REVOKE,read_set_version_changed_at_gate,54.79130381718278,,,4.6340301632881165,44.777246192097664,56.123162154108286,54.79869805276394,59.425333980470896,
96,xair,1,40.0,50.0,concurrent,0,1,0,0,0,172,172,before_check,0,0,,,,,57.505193166434765,58.8265610858798,49.43104321137071,50.76878098770976,,,REVOKE,read_set_version_changed_at_gate,54.93328021839261,,,4.78653609752655,44.93781737983227,55.60484016314149,54.95519237592816,59.71981631591916,
97,xair,1,40.0,50.0,concurrent,0,1,0,0,0,174,174,before_check,0,0,,,,,56.631846353411674,57.82301025465131,49.17145613580942,50.586019176989794,,,REVOKE,read_set_version_changed_at_gate,54.255109280347824,,,4.411722999066114,44.56522921100259,54.79620397090912,54.594365414232016,58.66683227941394,
98,xair,1,40.0,50.0,concurrent,0,1,0,0,0,176,176,before_check,0,0,,,,,57.53040127456188,58.553799986839294,51.13569926470518,52.106119226664305,,,REVOKE,read_set_version_changed_at_gate,54.562796372920275,,,4.961824044585228,45.21448630839586,57.408742140978575,55.23143941536546,59.5246204175055,
99,xair,0,,50.0,control,1,0,0,0,0,,177,control,0,0,,0.9840759448707104,2.2373059764504433,59.26585476845503,57.028548792004585,58.28177882358432,,,,,EXECUTE,published_after_gate_recheck,54.71397889778018,54.72547095268965,0.011492054909467697,4.55171475186944,,,54.647082928568125,59.26569364964962,59.27718570455909
100,xair,1,40.0,50.0,concurrent,0,1,0,0,0,179,179,before_check,0,0,,,,,57.72193009033799,59.23526780679822,49.75869692862034,50.73875514790416,,,REVOKE,read_set_version_changed_at_gate,55.292924866080284,,,5.010005086660385,45.219354797154665,56.16950895637274,55.24449376389384,60.30292995274067,
101,xair,1,40.0,50.0,concurrent,0,1,0,0,0,181,181,before_check,0,0,,,,,58.196960017085075,59.43814804777503,50.54661398753524,51.936049945652485,,,REVOKE,read_set_version_changed_at_gate,55.50682591274381,,,5.093180108815432,45.313151087611914,57.63104883953929,55.39193004369736,60.60000602155924,
102,xair,0,,50.0,control,1,0,0,0,0,,182,control,0,0,,1.2778760865330696,2.3356089368462563,59.95245184749365,57.61684291064739,58.67457576096058,,,,,EXECUTE,published_after_gate_recheck,54.7472108155489,54.75920392200351,0.011993106454610825,5.205080844461918,,,55.296731647104025,59.952291660010815,59.964284766465425
103,xair,1,40.0,50.0,concurrent,0,1,0,0,0,184,184,before_check,0,0,,,,,57.428018655627966,58.630192652344704,50.12118676677346,51.44737381488085,,,REVOKE,read_set_version_changed_at_gate,54.72687305882573,,,4.816882777959108,44.99932285398245,56.32778583094478,55.02788769081235,59.54375583678484,
104,xair,0,,50.0,control,1,0,0,0,0,,185,control,0,0,,1.1604856699705124,2.2153835743665695,59.7780249081552,57.56264133378863,58.61753923818469,,,,,EXECUTE,published_after_gate_recheck,55.272305849939585,55.28524983674288,0.012943986803293228,4.505539312958717,,,54.59533724933863,59.7778451628983,59.790789149701595
105,xair,1,40.0,50.0,concurrent,0,1,0,0,0,187,187,before_check,0,0,,,,,57.57461301982403,58.72164387255907,51.75344692543149,52.71949898451567,,,REVOKE,read_set_version_changed_at_gate,54.79034315794706,,,5.042975768446922,45.26214487850666,57.643061969429255,55.28990877792239,59.833318926393986,
106,xair,1,40.0,50.0,concurrent,0,1,0,0,0,189,189,before_check,0,0,,,,,57.179463095963,58.18355642259121,49.57899125292897,50.78314943239093,,,REVOKE,read_set_version_changed_at_gate,54.54188585281372,,,4.6514831483364105,44.844793155789375,55.09143741801381,54.865553975105286,59.19336900115013,
107,xair,1,40.0,50.0,concurrent,0,1,0,0,0,191,191,before_check,0,0,,,,,57.206634897738695,58.36530635133386,49.34716643765569,50.524634309113026,,,REVOKE,read_set_version_changed_at_gate,54.59908302873373,,,4.618982318788767,44.83376210555434,55.21305510774255,54.86419145017862,59.2180653475225,
108,xair,1,40.0,50.0,concurrent,0,1,0,0,0,193,193,before_check,0,0,,,,,57.73267010226846,58.71353903785348,50.120205618441105,51.57261807471514,,,REVOKE,read_set_version_changed_at_gate,54.71472116187215,,,4.97072096914053,45.155896339565516,56.61752913147211,55.17549393698573,59.68544213101268,
109,xair,0,,50.0,control,1,0,0,0,0,,194,control,0,0,,1.3799169100821018,2.6517617516219616,61.11498177051544,58.46322001889348,59.73506486043334,,,,,EXECUTE,published_after_gate_recheck,56.165391113609076,56.176511105149984,0.011119991540908813,4.94929077103734,,,55.06588891148567,61.114681884646416,61.125801876187325
110,xair,1,40.0,50.0,concurrent,0,1,0,0,0,196,196,before_check,0,0,,,,,57.55345383659005,58.50153183564544,50.032060127705336,51.33739812299609,,,REVOKE,read_set_version_changed_at_gate,54.908845108002424,,,4.774021916091442,44.95254484936595,56.49169301614165,54.971531964838505,59.682867024093866,
111,xair,1,40.0,50.0,concurrent,0,1,0,0,0,198,198,before_check,0,0,,,,,57.7557641081512,58.84115910157561,49.480375833809376,50.73638120666146,,,REVOKE,read_set_version_changed_at_gate,55.40197994560003,,,4.694964271038771,44.917600229382515,55.59748597443104,54.9613032490015,60.0969442166388,
112,xair,1,40.0,50.0,concurrent,0,1,0,0,0,200,200,before_check,0,0,,,,,58.87374980375171,59.98789891600609,51.27181485295296,52.447118796408176,,,REVOKE,read_set_version_changed_at_gate,55.48946326598525,,,5.601173732429743,45.87784968316555,57.459318079054356,55.941931903362274,61.09063699841499,
113,xair,1,40.0,50.0,concurrent,0,1,0,0,0,202,202,before_check,0,0,,,,,57.70076019689441,58.88283718377352,50.09479681029916,51.18057318031788,,,REVOKE,read_set_version_changed_at_gate,55.014573968946934,,,4.920857027173042,45.18347792327404,56.04526586830616,55.22535787895322,59.935430996119976,
114,xair,0,,50.0,control,1,0,0,0,0,,203,control,0,0,,1.1138180270791054,2.1995743736624718,59.21120196580887,57.0116275921464,58.09738393872976,,,,,EXECUTE,published_after_gate_recheck,54.75640902295709,54.77249901741743,0.016089994460344315,4.454642999917269,,,54.56414772197604,59.211052022874355,59.2271420173347
115,xair,1,40.0,50.0,concurrent,0,1,0,0,0,205,205,before_check,0,0,,,,,57.078683748841286,58.20945417508483,49.24910236150026,50.634550396353006,,,REVOKE,read_set_version_changed_at_gate,54.48412802070379,,,4.5567951165139675,44.762589037418365,55.96404429525137,54.793938994407654,59.04092313721776,
116,xair,1,40.0,50.0,concurrent,0,1,0,0,0,207,207,before_check,0,0,,,,,58.9120308868587,60.175009071826935,52.10911389440298,53.2514457590878,,,REVOKE,read_set_version_changed_at_gate,55.1335159689188,,,6.100228987634182,46.38028098270297,58.401322923600674,56.427531875669956,61.23374495655298,
117,xair,0,,50.0,control,1,0,0,0,0,,208,control,0,0,,0.9751482866704464,2.3724790662527084,59.402771294116974,57.030292227864265,58.42762300744653,,,,,EXECUTE,published_after_gate_recheck,54.95717516168952,54.97117107734084,0.013995915651321411,4.445466212928295,,,54.548288229852915,59.402641374617815,59.416637290269136
118,xair,1,40.0,50.0,concurrent,0,1,0,0,0,210,210,before_check,0,0,,,,,57.10994126275182,58.39973082765937,50.018233712762594,50.962895154953,,,REVOKE,read_set_version_changed_at_gate,54.49158186092973,,,4.8384228721261024,45.04037881270051,56.18952587246895,55.05888583138585,59.33000473305583,
119,xair,0,,50.0,control,1,0,0,0,0,,211,control,0,0,,0.9826733730733395,2.172584179788828,59.457624796777964,57.285040616989136,58.474951423704624,,,,,EXECUTE,published_after_gate_recheck,54.761920124292374,54.777068085968494,0.015147961676120758,4.695574752986431,,,54.80319680646062,59.457494877278805,59.472642838954926
120,xair,1,45.0,50.0,concurrent,0,1,0,0,0,213,213,before_check,0,0,,,,,57.659002020955086,58.92542656511068,55.27253681793809,56.22000293806195,,,REVOKE,read_set_version_changed_at_gate,55.093911942094564,,,4.754845984280109,50.05669593811035,61.607134994119406,55.10356975719333,59.848757926374674,
121,xair,1,45.0,50.0,concurrent,0,1,0,0,0,215,215,before_check,0,0,,,,,57.73229897022247,59.095004573464394,55.215729866176844,56.43466580659151,,,REVOKE,read_set_version_changed_at_gate,55.157961789518595,,,4.833613988012075,50.086832605302334,61.416026670485735,55.13225356116891,59.99157577753067,
122,xair,1,45.0,50.0,concurrent,0,1,0,0,0,217,217,before_check,0,0,,,,,57.434982154518366,58.457029052078724,54.728647228330374,56.08819704502821,,,REVOKE,read_set_version_changed_at_gate,54.72852708771825,,,4.572353791445494,49.732549116015434,60.90581091120839,54.759756196290255,59.30088087916374,
123,xair,1,45.0,50.0,concurrent,0,1,0,0,0,219,219,before_check,0,0,,,,,58.196740224957466,59.5978582277894,55.34039391204715,56.65816506370902,,,REVOKE,read_set_version_changed_at_gate,55.31252222135663,,,5.124799907207489,50.410259049385786,61.64788221940398,55.46331498771906,60.43732212856412,
124,xair,1,45.0,50.0,concurrent,0,1,0,0,0,221,221,before_check,0,0,,,,,57.61406710371375,58.89213411137462,54.38078427687287,55.56843103840947,,,REVOKE,read_set_version_changed_at_gate,54.96970796957612,,,4.8555852845311165,50.06338795647025,61.16324197500944,55.080616381019354,59.82529325410724,
125,xair,0,,50.0,control,1,0,0,0,0,,222,control,0,0,,0.9786151349544525,1.7668032087385654,58.818717021495104,57.05191381275654,57.84010188654065,,,,,EXECUTE,published_after_gate_recheck,54.41572982817888,54.429685696959496,0.013955868780612946,4.402867052704096,,,54.49446802958846,58.81859688088298,58.83255274966359
126,xair,0,,50.0,control,1,0,0,0,0,,223,control,0,0,,0.967914704233408,2.1721627563238144,59.295009821653366,57.12284706532955,58.32709511741996,,,,,EXECUTE,published_after_gate_recheck,54.6667305752635,54.679824970662594,0.013094395399093628,4.6281591057777405,,,54.72056195139885,59.29488968104124,59.307984076440334
127,xair,1,45.0,50.0,concurrent,0,1,0,0,0,225,225,before_check,0,0,,,,,58.02889494225383,58.98183165118098,55.13525893911719,56.2389986589551,,,REVOKE,read_set_version_changed_at_gate,55.55899394676089,,,4.456996917724609,49.68389589339495,61.933065764606,54.68224873766303,60.0159908644855,
128,xair,0,,50.0,control,1,0,0,0,0,,226,control,0,0,,0.9405137971043587,2.057557925581932,58.59388504177332,56.53632711619139,57.65337124466896,,,,,EXECUTE,published_after_gate_recheck,54.457038175314665,54.46715606376529,0.010117888450622559,4.136707168072462,,,54.220774210989475,58.59374534338713,58.60386323183775
129,xair,1,45.0,50.0,concurrent,0,1,0,0,0,228,228,before_check,0,0,,,,,57.62838385999203,58.55486076325178,54.98307291418314,56.00638221949339,,,REVOKE,read_set_version_changed_at_gate,54.82209241017699,,,4.68859076499939,49.91090204566717,61.48525606840849,54.96071092784405,59.51068317517638,
130,xair,1,45.0,50.0,concurrent,0,1,0,0,0,230,230,before_check,0,0,,,,,58.096311055123806,59.259491972625256,55.17000379040837,56.40970915555954,,,REVOKE,read_set_version_changed_at_gate,55.20191369578242,,,4.924334120005369,50.23880722001195,61.37626199051738,55.28041115030646,60.12624781578779,
131,xair,0,,50.0,control,1,0,0,0,0,,231,control,0,0,,0.9482977911829948,2.107962965965271,59.20014204457402,57.09217907860875,58.25184425339103,,,,,EXECUTE,published_after_gate_recheck,54.690476041287184,54.7056938521564,0.015217810869216919,4.509526304900646,,,54.61027519777417,59.20000234618783,59.21522015705705
132,xair,0,,50.0,control,1,0,0,0,0,,232,control,0,0,,1.0868883691728115,2.3878272622823715,59.12225507199764,56.73442780971527,58.03536670282483,,,,,EXECUTE,published_after_gate_recheck,54.6728721819818,54.68303104862571,0.01015886664390564,4.449212923645973,,,54.52293111011386,59.122085105627775,59.13224397227168
133,xair,1,45.0,50.0,concurrent,0,1,0,0,0,234,234,before_check,0,0,,,,,58.103435672819614,59.155648574233055,55.477861780673265,56.77079688757658,,,REVOKE,read_set_version_changed_at_gate,55.31026842072606,,,4.905037581920624,50.193562638014555,62.09899764508009,55.233703926205635,60.215306002646685,
134,xair,1,45.0,50.0,concurrent,0,1,0,0,0,236,236,before_check,0,0,,,,,57.231769897043705,58.716002851724625,54.95809717103839,56.048091035336256,,,REVOKE,read_set_version_changed_at_gate,55.11981016024947,,,4.593242891132832,49.74202625453472,61.424802988767624,54.7798122279346,59.7130530513823,
135,xair,1,45.0,50.0,concurrent,0,1,0,0,0,238,238,before_check,0,0,,,,,57.53477942198515,58.77714930102229,55.105694103986025,56.32278602570295,,,REVOKE,read_set_version_changed_at_gate,55.4198632016778,,,4.347462207078934,49.61792333051562,60.848964378237724,54.655039217323065,59.76732540875673,
136,xair,1,45.0,50.0,concurrent,0,1,0,0,0,240,240,before_check,0,0,,,,,57.63735109940171,58.673083782196045,54.80372812598944,55.8963268995285,,,REVOKE,read_set_version_changed_at_gate,54.94300927966833,,,4.846798721700907,50.08438788354397,61.60204578191042,55.11997081339359,59.78980800136924,
137,xair,1,45.0,50.0,concurrent,0,1,0,0,0,242,242,before_check,0,0,,,,,58.09368705376983,59.232241939753294,55.28513994067907,56.66249291971326,,,REVOKE,read_set_version_changed_at_gate,55.94795290380716,,,4.607600159943104,49.91089180111885,62.10582982748747,54.98234182596207,60.55555306375027,
138,xair,0,,50.0,control,1,0,0,0,0,,243,control,0,0,,1.3333302922546864,2.512802369892597,60.60829199850559,58.095489628612995,59.274961706250906,,,,,EXECUTE,published_after_gate_recheck,55.73754804208875,55.75157515704632,0.01402711495757103,4.870402626693249,,,54.97279483824968,60.607950668781996,60.62197778373957
139,xair,1,45.0,50.0,concurrent,0,1,0,0,0,245,245,before_check,0,0,,,,,57.78650101274252,58.889870066195726,54.972664918750525,55.90547388419509,,,REVOKE,read_set_version_changed_at_gate,55.063856299966574,,,4.906470887362957,50.15057325363159,61.76533317193389,55.189261212944984,59.97032718732953,
140,xair,1,45.0,50.0,concurrent,0,1,0,0,0,247,247,before_check,0,0,,,,,57.38993687555194,58.53244988247752,54.54674595966935,55.99505174905062,,,REVOKE,read_set_version_changed_at_gate,54.96071185916662,,,4.57312585785985,49.79845182970166,60.23653456941247,54.82226191088557,59.53383771702647,
141,xair,1,45.0,50.0,concurrent,0,1,0,0,0,249,249,before_check,0,0,,,,,58.47574397921562,59.309666976332664,55.53897609934211,56.86065508052707,,,REVOKE,read_set_version_changed_at_gate,55.47103891149163,,,5.126634147018194,50.38523208349943,61.967842280864716,55.434179957956076,60.59767305850983,
142,xair,0,,50.0,control,1,0,0,0,0,,250,control,0,0,,1.2620161287486553,2.37716780975461,59.59542281925678,57.21825500950217,58.33340669050813,,,,,EXECUTE,published_after_gate_recheck,54.80500962585211,54.82192197814584,0.016912352293729782,4.790293052792549,,,54.906860925257206,59.59530267864466,59.61221503093839
143,xair,1,45.0,50.0,concurrent,0,1,0,0,0,252,252,before_check,0,0,,,,,57.496026158332825,58.58555901795626,54.73862495273352,55.84667297080159,,,REVOKE,read_set_version_changed_at_gate,54.826620034873486,,,4.729217849671841,49.95523486286402,61.34863989427686,54.98457606881857,59.555837884545326,
144,xair,1,45.0,50.0,concurrent,0,1,0,0,0,254,254,before_check,0,0,,,,,57.76199512183666,59.05676307156682,55.1634025759995,56.370316073298454,,,REVOKE,read_set_version_changed_at_gate,55.24765979498625,,,4.75572794675827,49.906594678759575,61.292795930057764,54.90356497466564,60.00338774174452,
145,xair,1,45.0,50.0,concurrent,0,1,0,0,0,256,256,before_check,0,0,,,,,57.24529642611742,58.477716986089945,54.30489219725132,55.53451832383871,,,REVOKE,read_set_version_changed_at_gate,55.38385594263673,,,4.2637852020561695,49.47584634646773,60.41872641071677,54.48340717703104,59.6476411446929,
146,xair,1,45.0,50.0,concurrent,0,1,0,0,0,258,258,before_check,0,0,,,,,57.571046985685825,59.184924233704805,54.63535198941827,55.839559994637966,,,REVOKE,read_set_version_changed_at_gate,55.3229209035635,,,4.972274415194988,50.21393112838268,60.87922118604183,55.23585807532072,60.29519531875849,
147,xair,1,45.0,50.0,concurrent,0,1,0,0,0,260,260,before_check,0,0,,,,,57.13736405596137,58.16450994461775,54.727374110370874,55.56570598855615,,,REVOKE,read_set_version_changed_at_gate,54.636803921312094,,,4.590808879584074,49.771291203796864,60.49621198326349,54.795502219349146,59.22761280089617,
148,xair,0,,50.0,control,1,0,0,0,0,,261,control,0,0,,0.8110110647976398,1.93364592269063,58.871184941381216,56.937539018690586,58.060173876583576,,,,,EXECUTE,published_after_gate_recheck,54.50137984007597,54.515786934643984,0.014407094568014145,4.3695541098713875,,,54.47551188990474,58.87093394994736,58.88534104451537
149,xair,1,45.0,50.0,concurrent,0,1,0,0,0,263,263,before_check,0,0,,,,,57.221841998398304,58.35054907947779,54.54497179016471,55.86192198097706,,,REVOKE,read_set_version_changed_at_gate,54.77890092879534,,,4.482314921915531,49.754869658499956,61.284489929676056,54.806252010166645,59.26121585071087,
150,xair,1,45.0,50.0,concurrent,0,1,0,0,0,265,265,before_check,0,0,,,,,57.02184699475765,58.48352797329426,54.06009312719107,55.21960696205497,,,REVOKE,read_set_version_changed_at_gate,54.933059960603714,,,4.526457749307156,49.67773472890258,60.08481094613671,54.70374971628189,59.45951770991087,
151,xair,0,,50.0,control,1,0,0,0,0,,266,control,0,0,,0.9913691319525242,2.015390433371067,58.39151609688997,56.376125663518906,57.40014696493745,,,,,EXECUTE,published_after_gate_recheck,54.14714617654681,54.16329624131322,0.016150064766407013,4.243958741426468,,,54.357390850782394,58.39110491797328,58.40725498273969
152,xair,1,45.0,50.0,concurrent,0,1,0,0,0,268,268,before_check,0,0,,,,,57.35419970005751,58.34991671144962,54.60350168868899,55.65351061522961,,,REVOKE,read_set_version_changed_at_gate,54.76103676483035,,,4.554810933768749,49.8002446256578,61.17640668526292,54.853169713169336,59.3158476985991,
153,xair,1,45.0,50.0,concurrent,0,1,0,0,0,270,270,before_check,0,0,,,,,57.47486697509885,58.77326102927327,54.82756206765771,55.89848989620805,,,REVOKE,read_set_version_changed_at_gate,55.06194196641445,,,4.661330953240395,49.88801991567016,61.15440605208278,54.91621932014823,59.723272919654846,
154,xair,1,45.0,50.0,concurrent,0,1,0,0,0,272,272,before_check,0,0,,,,,57.91534297168255,59.126142878085375,54.93918200954795,56.33908696472645,,,REVOKE,read_set_version_changed_at_gate,55.60979899019003,,,4.643366672098637,49.80345070362091,61.42433267086744,54.832851979881525,60.253165662288666,
155,xair,0,,50.0,control,1,0,0,0,0,,273,control,0,0,,0.8853697218000889,2.1102074533700943,59.14919590577483,57.03898845240474,58.26382618397474,,,,,EXECUTE,published_after_gate_recheck,54.75956527516246,54.778629913926125,0.019064638763666153,4.389490932226181,,,54.487804882228374,59.14905620738864,59.168120846152306
156,xair,1,45.0,50.0,concurrent,0,1,0,0,0,275,275,before_check,0,0,,,,,57.68669303506613,58.950433041900396,54.33336505666375,55.60280568897724,,,REVOKE,read_set_version_changed_at_gate,55.51235610619187,,,4.5692878775298595,49.79099705815315,60.94504287466407,54.8417279496789,60.08164398372173,
157,xair,1,45.0,50.0,concurrent,0,1,0,0,0,277,277,before_check,0,0,,,,,57.1985081769526,58.31572273746133,54.49011875316501,55.57384202256799,,,REVOKE,read_set_version_changed_at_gate,54.67005725950003,,,4.626805894076824,49.90198602899909,60.85655791684985,54.965741001069546,59.29686315357685,
158,xair,1,45.0,50.0,concurrent,0,1,0,0,0,279,279,before_check,0,0,,,,,57.207094971090555,58.4494941867888,54.63408026844263,55.84418913349509,,,REVOKE,read_set_version_changed_at_gate,54.77982293814421,,,4.763762932270765,49.96962286531925,61.410407070070505,54.99385390430689,59.54358587041497,
159,xair,1,45.0,50.0,concurrent,0,1,0,0,0,281,281,before_check,0,0,,,,,57.7720832079649,58.93665738403797,55.41491322219372,56.21158704161644,,,REVOKE,read_set_version_changed_at_gate,55.366192013025284,,,4.613421391695738,49.896585289388895,61.443057376891375,54.93029439821839,59.97961340472102,
160,xair,1,50.0,50.0,concurrent,0,1,0,0,0,283,283,before_check,0,0,,,,,62.528352718800306,63.73072788119316,59.65453386306763,60.97441865131259,,,REVOKE,read_set_version_changed_at_gate,60.247755609452724,,,4.412875045090914,54.65939687564969,66.55619572848082,54.86613465473056,64.66063065454364,
161,xair,1,50.0,50.0,concurrent,0,1,0,0,0,285,285,before_check,0,0,,,,,61.9510798715055,63.205622136592865,59.644414111971855,60.843662824481726,,,REVOKE,read_set_version_changed_at_gate,60.146255884319544,,,4.370104055851698,54.56699291244149,66.17642287164927,54.7943701967597,64.51635994017124,
162,xair,1,50.0,50.0,concurrent,1,0,0,1,0,287,286,after_check,0,0,after_middleware,1.3454332947731018,2.6802360080182552,61.02917203679681,58.34893602877855,59.683738742023706,61.982539016753435,62.86721769720316,,,EXECUTE,published_after_gate_recheck,56.30032438784838,56.316865142434835,0.016540754586458206,4.728406667709351,54.97326562181115,68.24665563181043,55.261064786463976,61.02873105555773,61.045271810144186
163,xair,1,50.0,50.0,concurrent,0,1,0,0,0,289,289,before_check,0,0,,,,,63.06395772844553,64.32088511064649,60.344127006828785,61.67983170598745,,,REVOKE,read_set_version_changed_at_gate,60.34742295742035,,,5.079304799437523,55.320546962320805,67.07614101469517,55.49235874786973,65.42672775685787,
164,xair,1,50.0,50.0,concurrent,1,0,0,1,0,291,290,after_check,0,0,after_middleware,1.3381591998040676,3.0086622573435307,60.86028506979346,57.85162281244993,59.522125869989395,62.57285596802831,63.94173298031092,,,EXECUTE,published_after_gate_recheck,56.19357293471694,56.207850109785795,0.014277175068855286,4.666450899094343,54.86473208293319,69.01755090802908,54.99403411522508,60.86002383381128,60.87430100888014
165,xair,0,,50.0,control,1,0,0,0,0,,292,control,0,0,,1.1021671816706657,2.298420760780573,59.36094420030713,57.06252343952656,58.258777018636465,,,,,EXECUTE,published_after_gate_recheck,54.902251809835434,54.91147981956601,0.009228009730577469,4.458571318536997,,,54.547247011214495,59.36082312837243,59.37005113810301
166,xair,1,50.0,50.0,concurrent,1,0,0,1,0,294,293,after_check,0,0,after_middleware,1.1203396134078503,2.4298056960105896,60.197320766747,57.76751507073641,59.07698115333915,61.600042041391134,63.13697388395667,,,EXECUTE,published_after_gate_recheck,55.32889207825065,55.33857038244605,0.009678304195404053,4.868318792432547,55.078072007745504,68.21778090670705,55.234905797988176,60.19721087068319,60.2068891748786
167,xair,1,50.0,50.0,concurrent,0,1,0,0,0,296,296,before_check,0,0,,,,,62.57047178223729,64.00177581235766,60.25619199499488,61.435593757778406,,,REVOKE,read_set_version_changed_at_gate,59.95443603023887,,,5.129578988999128,55.330065079033375,66.10957812517881,55.42853893712163,65.084015019238,
168,xair,1,50.0,50.0,concurrent,0,1,0,0,0,298,298,before_check,0,0,,,,,62.10573995485902,63.18757962435484,59.69618121162057,61.034100130200386,,,REVOKE,read_set_version_changed_at_gate,59.78089105337858,,,4.4020540080964565,54.5533481054008,66.11791299656034,54.72089210525155,64.18294506147504,
169,xair,0,,50.0,control,1,0,0,0,0,,299,control,0,0,,1.0232580825686455,2.236313186585903,58.606147300451994,56.36983411386609,57.58288921788335,,,,,EXECUTE,published_after_gate_recheck,54.331282153725624,54.344126023352146,0.012843869626522064,4.274514969438314,,,54.367860313504934,58.60579712316394,58.61864099279046
170,xair,1,50.0,50.0,concurrent,0,1,0,0,0,301,301,before_check,0,0,,,,,64.07599383965135,65.06929686293006,61.72537710517645,62.70456314086914,,,REVOKE,read_set_version_changed_at_gate,60.72803679853678,,,5.544987041503191,55.80014595761895,67.89545714855194,56.07592314481735,66.27302384003997,
171,xair,1,50.0,50.0,concurrent,1,0,0,1,0,303,302,after_check,0,0,after_middleware,1.3341819867491722,2.48362822458148,60.58250414207578,58.0988759174943,59.248322155326605,62.04205984249711,63.51282820105553,,,EXECUTE,published_after_gate_recheck,56.09123222529888,56.10582930967212,0.014597084373235703,4.490980878472328,54.68006478622556,68.62764991819859,55.0221367739141,60.58221310377121,60.596810188144445
172,xair,1,50.0,50.0,concurrent,0,1,0,0,0,305,305,before_check,0,0,,,,,62.97554075717926,64.17203461751342,60.14714669436216,61.4982508122921,,,REVOKE,read_set_version_changed_at_gate,60.61315070837736,,,4.59623895585537,54.802875965833664,66.86649704352021,55.0121976993978,65.20938966423273,
173,xair,1,50.0,50.0,concurrent,0,1,0,0,0,307,307,before_check,0,0,,,,,62.83537810668349,64.00024332106113,60.5547521263361,61.51300901547074,,,REVOKE,read_set_version_changed_at_gate,60.40408927947283,,,4.8737190663814545,55.060810409486294,66.74885703250766,55.30575942248106,65.27780834585428,
174,xair,0,,50.0,control,1,0,0,0,0,,308,control,0,0,,1.1451472528278828,2.369462978094816,59.96343307197094,57.59397009387612,58.81828581914306,,,,,EXECUTE,published_after_gate_recheck,54.99811191111803,55.01906108111143,0.020949169993400574,4.964579828083515,,,55.07140979170799,59.962691739201546,59.983640909194946
175,xair,1,50.0,50.0,concurrent,1,0,0,1,0,310,309,after_check,0,0,after_middleware,1.3167792931199074,2.732865046709776,61.29751494154334,58.564649894833565,59.98073564842343,62.32931977137923,63.45238583162427,,,EXECUTE,published_after_gate_recheck,56.03627907112241,56.04597693309188,0.009697861969470978,5.261075682938099,55.484413634985685,68.70026560500264,55.68286590278149,61.29735475406051,61.30705261602998
176,xair,1,50.0,50.0,concurrent,0,1,0,0,0,312,312,before_check,0,0,,,,,63.057936262339354,64.23675594851375,60.876274947077036,61.938146129250526,,,REVOKE,read_set_version_changed_at_gate,60.20378414541483,,,5.223114043474197,55.53750414401293,67.06838589161634,55.85045088082552,65.42689818888903,
177,xair,0,,50.0,control,1,0,0,0,0,,313,control,0,0,,1.1012549512088299,2.1629859693348408,59.877241961658,57.71425599232316,58.77598701044917,,,,,EXECUTE,published_after_gate_recheck,54.592270869761705,54.61023515090346,0.017964281141757965,5.284809973090887,,,55.39320316165686,59.87708084285259,59.89504512399435
178,xair,1,50.0,50.0,concurrent,1,0,0,1,0,315,314,after_check,0,0,after_middleware,1.2472080998122692,2.611827105283737,60.480923391878605,57.86909628659487,59.233715292066336,61.77858728915453,63.050161115825176,,,EXECUTE,published_after_gate_recheck,55.744480807334185,55.76368793845177,0.01920713111758232,4.735991358757019,54.9793872050941,68.02626233547926,55.16353202983737,60.480472166091204,60.499679297208786
179,xair,1,50.0,50.0,concurrent,0,1,0,0,0,317,317,before_check,0,0,,,,,62.874811701476574,64.12363378331065,60.30467292293906,61.80070759728551,,,REVOKE,read_set_version_changed_at_gate,60.6215070001781,,,5.136081017553806,55.442324839532375,66.5805209428072,55.690910667181015,65.7575880177319,
180,xair,1,50.0,50.0,concurrent,0,1,0,0,0,319,319,before_check,0,0,,,,,63.38498927652836,64.47874009609222,60.677983332425356,61.864839401096106,,,REVOKE,read_set_version_changed_at_gate,61.000657733529806,,,4.567586351186037,54.74909534677863,67.35692825168371,55.02957105636597,65.56824408471584,
181,xair,0,,50.0,control,1,0,0,0,0,,320,control,0,0,,1.1483239941298962,2.5087250396609306,60.016623232513666,57.507898192852736,58.86829923838377,,,,,EXECUTE,published_after_gate_recheck,55.029830895364285,55.04597211256623,0.016141217201948166,4.986671265214682,,,55.12621207162738,60.016502160578966,60.032643377780914
182,xair,1,50.0,50.0,concurrent,1,0,0,1,0,322,321,after_check,0,0,after_middleware,1.0710973292589188,2.4830661714076996,59.953794814646244,57.470728643238544,58.882697485387325,61.388575471937656,62.62139696627855,,,EXECUTE,published_after_gate_recheck,55.035312194377184,55.043808184564114,0.008495990186929703,4.918352700769901,55.13052083551884,67.55979778245091,55.241439025849104,59.953664895147085,59.962160885334015
183,xair,1,50.0,50.0,concurrent,1,0,0,1,0,324,323,after_check,0,0,after_middleware,1.0568005964159966,2.2064666263759136,59.58700692281127,57.380540296435356,58.53020632639527,61.08797201886773,62.384112272411585,,,EXECUTE,published_after_gate_recheck,54.96240500360727,54.97219320386648,0.00978820025920868,4.624471999704838,54.78717712685466,67.51075619831681,54.88125327974558,59.58687700331211,59.59666520357132
184,xair,1,50.0,50.0,concurrent,0,1,0,0,0,326,326,before_check,0,0,,,,,62.199526000767946,63.26700793579221,60.00055279582739,60.99442671984434,,,REVOKE,read_set_version_changed_at_gate,59.434662107378244,,,4.903985653072596,55.08631793782115,65.68366987630725,55.21906679496169,64.33864776045084,
185,xair,1,50.0,50.0,concurrent,1,0,0,1,0,328,327,after_check,0,0,after_middleware,1.1544148437678814,2.3015057668089867,60.235071927309036,57.93356616050005,59.080657083541155,61.64105888456106,62.79318919405341,,,EXECUTE,published_after_gate_recheck,55.45707233250141,55.47404428943992,0.016971956938505173,4.777588881552219,55.00639695674181,67.80078914016485,55.237701162695885,60.23466121405363,60.251633170992136
186,xair,1,50.0,50.0,concurrent,0,1,0,0,0,330,330,before_check,0,0,,,,,63.696201890707016,64.81759482994676,60.78280881047249,62.10684170946479,,,REVOKE,read_set_version_changed_at_gate,61.414975207298994,,,4.655399825423956,54.87178498879075,67.76149570941925,55.014342069625854,66.07037503272295,
187,xair,1,50.0,50.0,concurrent,0,1,0,0,0,332,332,before_check,0,0,,,,,62.31652479618788,63.46037983894348,59.26467198878527,60.67661987617612,,,REVOKE,read_set_version_changed_at_gate,60.16366882249713,,,4.485270008444786,54.67131873592734,66.62508472800255,54.78905001655221,64.64893883094192,
188,xair,1,50.0,50.0,concurrent,1,0,0,1,0,334,333,after_check,0,0,after_middleware,1.1590532958507538,2.566913142800331,60.409680008888245,57.84276686608791,59.25062671303749,61.79388612508774,62.82078102231026,,,EXECUTE,published_after_gate_recheck,55.84757495671511,55.861109867691994,0.01353491097688675,4.561955109238625,54.84123807400465,67.72325467318296,55.16779096797109,60.40953006595373,60.42306497693062
189,xair,0,,50.0,control,1,0,0,0,0,,335,control,0,0,,1.259121112525463,2.5848769582808018,62.656732741743326,60.071855783462524,61.39761162921786,,,,,EXECUTE,published_after_gate_recheck,57.88902286440134,57.90039384737611,0.011370982974767685,4.767599981278181,,,54.85376063734293,62.65662284567952,62.66799382865429
190,xair,1,50.0,50.0,concurrent,0,1,0,0,0,337,337,before_check,0,0,,,,,64.14052611216903,65.51443180069327,61.34187802672386,62.64768587425351,,,REVOKE,read_set_version_changed_at_gate,61.055509839206934,,,5.837276112288237,56.03788187727332,68.42206371948123,56.14492204040289,66.89278595149517,
191,xair,0,,50.0,control,1,0,0,0,0,,338,control,0,0,,1.1456790380179882,2.3016463965177536,59.55430632457137,57.25265992805362,58.40862728655338,,,,,EXECUTE,published_after_gate_recheck,54.840336088091135,54.85447309911251,0.014137011021375656,4.713789094239473,,,54.80576120316982,59.55412518233061,59.568262193351984
192,xair,0,,50.0,control,1,0,0,0,0,,339,control,0,0,,0.9827930480241776,1.944076269865036,59.568753000348806,57.62467673048377,58.58595995232463,,,,,EXECUTE,published_after_gate_recheck,54.75467490032315,54.76735904812813,0.01268414780497551,4.813906736671925,,,54.92348177358508,59.56858163699508,59.58126578480005
193,xair,0,,50.0,control,1,0,0,0,0,,340,control,0,0,,1.1855126358568668,2.4150689132511616,60.35348493605852,57.93841602280736,59.167972300201654,,,,,EXECUTE,published_after_gate_recheck,55.433257948607206,55.457163136452436,0.023905187845230103,4.920116160064936,,,55.015434976667166,60.35337410867214,60.37727929651737
194,xair,1,50.0,50.0,concurrent,1,0,0,1,0,342,341,after_check,0,0,after_middleware,1.1587832123041153,2.4877251125872135,61.20380898937583,58.716083876788616,60.045025777071714,63.084375113248825,64.14861092343926,,,EXECUTE,published_after_gate_recheck,55.965435691177845,55.979061871767044,0.013626180589199066,5.238172132521868,55.4509311914444,69.44762682542205,55.86118996143341,61.20360782369971,61.21723400428891
195,xair,1,50.0,50.0,concurrent,1,0,0,1,0,344,343,after_check,0,0,after_middleware,1.2081563472747803,2.2134510800242424,60.36026729270816,58.146816212683916,59.15211094543338,61.61323608830571,63.1344891153276,,,EXECUTE,published_after_gate_recheck,55.105694103986025,55.11988094076514,0.014186836779117584,5.254262126982212,55.49708707258105,67.48511688783765,55.61798391863704,60.35995623096824,60.374143067747355
196,xair,1,50.0,50.0,concurrent,1,0,0,1,0,346,345,after_check,0,0,after_middleware,1.2186849489808083,2.3928172886371613,59.741467237472534,57.34864994883537,58.522782288491726,60.98436797037721,62.17978894710541,,,EXECUTE,published_after_gate_recheck,55.43355876579881,55.44508108869195,0.0115223228931427,4.307798109948635,54.60036592558026,67.34682898968458,54.86764805391431,59.74135687574744,59.752879198640585
197,xair,1,50.0,50.0,concurrent,1,0,0,1,0,348,347,after_check,0,0,after_middleware,1.1120950803160667,2.288161776959896,59.91867929697037,57.63051752001047,58.8065842166543,61.2339461222291,62.456528190523386,,,EXECUTE,published_after_gate_recheck,55.229226127266884,55.240035988390446,0.010809861123561859,4.689333029091358,54.94353035464883,67.06289621070027,55.22062908858061,59.91855915635824,59.929369017481804
198,xair,0,,50.0,control,1,0,0,0,0,,349,control,0,0,,0.9525660425424576,2.2394591942429543,59.41400211304426,57.17454291880131,58.461436070501804,,,,,EXECUTE,published_after_gate_recheck,54.56026131287217,54.5688271522522,0.008565839380025864,4.853610880672932,,,54.93795918300748,59.4138721935451,59.42243803292513
199,xair,1,50.0,50.0,concurrent,0,1,0,0,0,351,351,before_check,0,0,,,,,65.1836721226573,66.11792370676994,62.36241105943918,63.42619564384222,,,REVOKE,read_set_version_changed_at_gate,60.13349210843444,,,6.970380898565054,57.168110739439726,68.98100301623344,57.28316679596901,67.10387300699949,
200,xair,1,55.0,50.0,concurrent,1,0,0,1,0,353,352,after_check,0,0,after_middleware,1.307822298258543,2.7859043329954147,60.12461520731449,57.33871087431908,58.81679290905595,65.32634980976582,66.78645731881261,,,EXECUTE,published_after_gate_recheck,55.49009470269084,55.49890175461769,0.008807051926851273,4.634370096027851,59.80784120038152,71.53517194092274,54.82806311920285,60.12446479871869,60.13327185064554
201,xair,1,55.0,50.0,after_release,1,0,0,0,1,355,354,after_check,0,0,after_middleware,0.9568138048052788,1.7535882070660591,58.80154389888048,57.04795569181442,57.8447300940752,64.07764786854386,65.5567217618227,,,EXECUTE,published_after_gate_recheck,54.194123949855566,54.200887214392424,0.006763264536857605,4.60729980841279,59.76105388253927,70.44133078306913,54.78058382868767,58.801423758268356,58.808187022805214
202,xair,1,55.0,50.0,after_release,1,0,0,0,1,357,356,after_check,0,0,after_middleware,1.0180887766182423,2.2583147510886192,59.318242594599724,57.059927843511105,58.30015381798148,64.38094703480601,65.48067880794406,,,EXECUTE,published_after_gate_recheck,54.69090584665537,54.700063075870275,0.009157229214906693,4.627206828445196,59.78697165846825,70.36697072908282,54.81054959818721,59.318112675100565,59.32726990431547
203,xair,1,55.0,50.0,after_release,1,0,0,0,1,359,358,after_check,0,0,after_middleware,1.0258937254548073,2.1025328896939754,59.41034574061632,57.307812850922346,58.384452015161514,64.98588062822819,66.4367419667542,,,EXECUTE,published_after_gate_recheck,54.63503114879131,54.64470013976097,0.009668990969657898,4.77498397231102,59.98852010816336,71.30648382008076,55.01814978197217,59.41001512110233,59.41968411207199
204,xair,0,,50.0,control,1,0,0,0,0,,360,control,0,0,,0.938239973038435,1.975485123693943,59.32949483394623,57.354009710252285,58.39125486090779,,,,,EXECUTE,published_after_gate_recheck,54.58725104108453,54.60088700056076,0.013635959476232529,4.742112942039967,,,54.85419277101755,59.329363983124495,59.34299994260073
205,xair,0,,50.0,control,1,0,0,0,0,,361,control,0,0,,1.257007010281086,2.333225216716528,59.78571902960539,57.45249381288886,58.5287120193243,,,,,EXECUTE,published_after_gate_recheck,55.81639613956213,55.83197483792901,0.015578698366880417,3.9691729471087456,,,54.071694146841764,59.785569086670876,59.801147785037756
206,xair,1,55.0,50.0,concurrent,1,0,0,1,0,363,362,after_check,0,0,after_middleware,1.2161009944975376,2.682891208678484,61.42983306199312,58.74694185331464,60.213732067495584,65.44093368574977,66.45632768049836,,,EXECUTE,published_after_gate_recheck,56.4362988807261,56.445426773279905,0.009127892553806305,4.993393085896969,60.14539394527674,71.2443171069026,55.16480468213558,61.42969196662307,61.438819859176874
207,xair,1,55.0,50.0,after_release,1,0,0,0,1,365,364,after_check,0,0,after_middleware,1.055489294230938,2.3103319108486176,59.431455098092556,57.12112318724394,58.37596580386162,64.6309251897037,65.7313191331923,,,EXECUTE,published_after_gate_recheck,55.21070118993521,55.224536918103695,0.013835728168487549,4.22062398865819,59.5767879858613,70.73590299114585,54.408667143434286,59.4313251785934,59.445160906761885
208,xair,1,55.0,50.0,concurrent,1,0,0,1,0,367,366,after_check,0,0,after_middleware,1.3288725167512894,2.673603128641844,60.48824731260538,57.81464418396354,59.15937479585409,65.4097362421453,66.60497700795531,,,EXECUTE,published_after_gate_recheck,55.735836271196604,55.749972350895405,0.01413607969880104,4.752080887556076,59.97757986187935,71.764653082937,55.021596141159534,60.48791715875268,60.50205323845148
209,xair,1,55.0,50.0,after_release,1,0,0,0,1,369,368,after_check,0,0,after_middleware,1.0977382771670818,2.334708347916603,59.66168735176325,57.326979003846645,58.56394907459617,64.54244907945395,65.5681430362165,,,EXECUTE,published_after_gate_recheck,55.184802040457726,55.19643425941467,0.011632218956947327,4.476745147258043,59.81199909001589,70.516271982342,54.69381110742688,59.66154718771577,59.673179406672716
210,xair,1,55.0,50.0,after_release,1,0,0,0,1,371,370,after_check,0,0,after_middleware,0.9583770297467709,2.308218739926815,59.217904694378376,56.90968595445156,58.259527664631605,64.20667935162783,65.09208958595991,,,EXECUTE,published_after_gate_recheck,54.64942799881101,54.657874163240194,0.008446164429187775,4.568335600197315,59.738901909440756,69.84746688976884,54.76726870983839,59.21776359900832,59.22620976343751
211,xair,1,55.0,50.0,after_release,1,0,0,0,1,373,372,after_check,0,0,after_middleware,0.834404956549406,1.98321882635355,59.79929491877556,57.81607609242201,58.96488996222615,65.92011265456676,67.32184067368507,,,EXECUTE,published_after_gate_recheck,54.63265720754862,54.64258510619402,0.009927898645401001,5.166507791727781,60.48421887680888,73.02176998928189,55.52254477515817,59.7991649992764,59.8090928979218
212,xair,1,55.0,50.0,after_release,1,0,0,0,1,375,374,after_check,0,0,after_middleware,0.9088851511478424,2.2496390156447887,59.41739026457071,57.167751248925924,58.50850511342287,64.48906008154154,65.77619398012757,,,EXECUTE,published_after_gate_recheck,54.91141928359866,54.92125824093819,0.009838957339525223,4.505840130150318,59.75636513903737,70.97601424902678,54.79547241702676,59.41725941374898,59.427098371088505
213,xair,0,,50.0,control,1,0,0,0,0,,376,control,0,0,,1.0331370867788792,3.156899008899927,60.85952324792743,57.7026242390275,59.82638616114855,,,,,EXECUTE,published_after_gate_recheck,56.33142311125994,56.345739867538214,0.014316756278276443,4.527740180492401,,,54.908012971282005,60.85916329175234,60.873480048030615
214,xair,1,55.0,50.0,after_release,1,0,0,0,1,378,377,after_check,0,0,after_middleware,1.0517118498682976,2.1871207281947136,60.13115681707859,57.94403608888388,59.07944496721029,65.60026295483112,66.69504614546895,,,EXECUTE,published_after_gate_recheck,54.985678754746914,54.99877315014601,0.013094395399093628,5.145288072526455,60.37928210571408,71.85749616473913,55.41805922985077,60.13096682727337,60.14406122267246
215,xair,1,55.0,50.0,after_release,1,0,0,0,1,380,379,after_check,0,0,after_middleware,0.9215078316628933,2.28445278480649,59.76677406579256,57.48232128098607,58.84526623412967,65.2261022478342,66.41978025436401,,,EXECUTE,published_after_gate_recheck,54.661480244249105,54.67788130044937,0.016401056200265884,5.104682873934507,60.345008969306946,71.69143622741103,55.398593191057444,59.76616311818361,59.78256417438388
216,xair,0,,50.0,control,1,0,0,0,0,,381,control,0,0,,1.017116941511631,2.3497859947383404,59.95525699108839,57.60547099635005,58.93814004957676,,,,,EXECUTE,published_after_gate_recheck,54.73885592073202,54.75971521809697,0.02085929736495018,5.216260906308889,,,55.325786117464304,59.95511682704091,59.97597612440586
217,xair,1,55.0,50.0,after_release,1,0,0,0,1,383,382,after_check,0,0,after_middleware,0.9437501430511475,1.9671488553285599,58.14433190971613,56.17718305438757,57.20058176666498,63.974213786423206,65.28695579618216,,,EXECUTE,published_after_gate_recheck,54.212819784879684,54.23350911587477,0.020689330995082855,3.9313719607889652,59.112727642059326,70.00544387847185,54.14332868531346,58.14419174566865,58.16488107666373
218,xair,1,55.0,50.0,after_release,1,0,0,0,1,385,384,after_check,0,0,after_middleware,1.0160650126636028,2.290545031428337,59.76562201976776,57.475076988339424,58.74955700710416,64.59168158471584,66.08541263267398,,,EXECUTE,published_after_gate_recheck,54.99875312671065,55.012889206409454,0.01413607969880104,4.7667487524449825,59.95461670681834,71.27026561647654,54.97743282467127,59.765501879155636,59.77963795885444
219,xair,0,,50.0,control,1,0,0,0,0,,386,control,0,0,,1.2946277856826782,2.5510238483548164,60.78839022666216,58.23736637830734,59.49376244097948,,,,,EXECUTE,published_after_gate_recheck,55.76659319922328,55.78482709825039,0.018233899027109146,5.021647084504366,,,55.13318628072739,60.788240283727646,60.806474182754755
220,xair,1,55.0,50.0,after_release,1,0,0,0,1,388,387,after_check,0,0,after_middleware,0.9546908549964428,2.173445653170347,59.629767667502165,57.45632201433182,58.67507681250572,64.79676673188806,66.0567688755691,,,EXECUTE,published_after_gate_recheck,54.955651983618736,54.96781459078193,0.012162607163190842,4.673995077610016,59.93438884615898,71.12201768904924,54.97428774833679,59.62964706122875,59.64180966839194
221,xair,1,55.0,50.0,after_release,1,0,0,0,1,390,389,after_check,0,0,after_middleware,1.0504387319087982,2.041557803750038,59.891968965530396,57.85041116178036,58.8415302336216,65.13569224625826,66.56841887161136,,,EXECUTE,published_after_gate_recheck,55.10428175330162,55.123467929661274,0.019186176359653473,4.787327256053686,60.040637850761414,71.0596009157598,55.000376887619495,59.89160900935531,59.91079518571496
222,xair,0,,50.0,control,1,0,0,0,0,,391,control,0,0,,1.095765270292759,2.1773031912744045,59.43420110270381,57.256897911429405,58.33843583241105,,,,,EXECUTE,published_after_gate_recheck,54.911729879677296,54.92383288219571,0.012103002518415451,4.52233012765646,,,54.62188692763448,59.434060007333755,59.44616300985217
223,xair,0,,50.0,control,1,0,0,0,0,,392,control,0,0,,0.923211220651865,3.350062295794487,60.643217992037535,57.29315569624305,59.72000677138567,,,,,EXECUTE,published_after_gate_recheck,55.907928850501776,55.91796711087227,0.010038260370492935,4.734968766570091,,,54.82803378254175,60.64289761707187,60.65293587744236
224,xair,0,,50.0,control,1,0,0,0,0,,393,control,0,0,,1.0669706389307976,2.413746900856495,60.46928185969591,58.05553495883942,59.402311220765114,,,,,EXECUTE,published_after_gate_recheck,55.22198183462024,55.23034790530801,0.008366070687770844,5.247149150818586,,,55.33053493127227,60.469130985438824,60.477497056126595
225,xair,1,55.0,50.0,after_release,1,0,0,0,1,395,394,after_check,0,0,after_middleware,0.9044250473380089,2.403886988759041,59.69435814768076,57.29047115892172,58.78993310034275,64.75784396752715,65.79006928950548,,,EXECUTE,published_after_gate_recheck,55.105913896113634,55.12188421562314,0.015970319509506226,4.5882840640842915,59.86039014533162,70.67453814670444,54.913564119488,59.694197960197926,59.71016827970743
226,xair,1,55.0,50.0,after_release,1,0,0,0,1,397,396,after_check,0,0,after_middleware,0.8113114163279533,2.1321983076632023,59.697384014725685,57.56518570706248,58.88607259839773,65.00184070318937,66.02188386023045,,,EXECUTE,published_after_gate_recheck,54.63362904265523,54.64408779516816,0.010458752512931824,5.063564982265234,60.27598865330219,70.29402488842607,55.30804302543402,59.697194024920464,59.707652777433395
227,xair,1,55.0,50.0,after_release,1,0,0,0,1,399,398,after_check,0,0,after_middleware,0.963396392762661,2.039194107055664,59.277667198330164,57.2384730912745,58.3142708055675,64.6382188424468,65.94597222283483,,,EXECUTE,published_after_gate_recheck,54.64414833113551,54.65726228430867,0.013113953173160553,4.6332888305187225,59.792371932417154,70.30707923695445,54.823243990540504,59.277437161654234,59.290551114827394
228,xair,1,55.0,50.0,after_release,1,0,0,0,1,401,400,after_check,0,0,after_middleware,0.8908500894904137,1.994991209357977,58.636053930968046,56.64106272161007,57.74520384147763,64.12253202870488,65.36797806620598,,,EXECUTE,published_after_gate_recheck,54.521397687494755,54.53041475266218,0.009017065167427063,4.114516079425812,59.25523489713669,69.79772495105863,54.28172880783677,58.63591376692057,58.644930832087994
229,xair,1,55.0,50.0,after_release,1,0,0,0,1,403,402,after_check,0,0,after_middleware,0.992331188172102,2.158348448574543,59.98751940205693,57.82917095348239,58.99518821388483,65.06034126505256,66.32983218878508,,,EXECUTE,published_after_gate_recheck,55.1246190443635,55.141450837254524,0.016831792891025543,4.8627592623233795,60.3627422824502,70.83565136417747,55.41810020804405,59.98737830668688,60.004210099577904
230,xair,1,55.0,50.0,after_release,1,0,0,0,1,405,404,after_check,0,0,after_middleware,0.9228498674929142,2.3364610970020294,59.58127602934837,57.244814932346344,58.65842616185546,64.80325805023313,66.1671762354672,,,EXECUTE,published_after_gate_recheck,54.69542508944869,54.71032299101353,0.014897901564836502,4.885721020400524,60.05174806341529,70.887157227844,55.08997431024909,59.581146109849215,59.59604401141405
231,xair,0,,50.0,control,1,0,0,0,0,,406,control,0,0,,0.9886939078569412,2.16842582449317,58.842009864747524,56.673584040254354,57.85331595689058,,,,,EXECUTE,published_after_gate_recheck,54.595686960965395,54.606127087026834,0.010440126061439514,4.24619298428297,,,54.338626097887754,58.841879945248365,58.852320071309805
232,xair,1,55.0,50.0,after_release,1,0,0,0,1,408,407,after_check,0,0,after_middleware,1.0033119469881058,2.0855912007391453,59.5551379956305,57.46954679489136,58.5518260486424,64.89120377227664,66.321836784482,,,EXECUTE,published_after_gate_recheck,54.79902774095535,54.806682746857405,0.007655005902051926,4.75598918274045,59.987088199704885,71.5261958539486,55.03172520548105,59.5550169236958,59.562671929597855
233,xair,1,55.0,50.0,after_release,1,0,0,0,1,410,409,after_check,0,0,after_middleware,0.944742001593113,2.1799281239509583,59.50923124328256,57.3293031193316,58.564489241689444,64.28866321220994,65.2234461158514,,,EXECUTE,published_after_gate_recheck,55.00313173979521,55.01483380794525,0.011702068150043488,4.505979362875223,59.724575374275446,70.08527312427759,54.75700041279197,59.50911110267043,59.520813170820475
234,xair,0,,50.0,control,1,0,0,0,0,,411,control,0,0,,1.1649448424577713,2.3891599848866463,60.760166961699724,58.37100697681308,59.59522211924195,,,,,EXECUTE,published_after_gate_recheck,56.041418109089136,56.05677701532841,0.015358906239271164,4.718398209661245,,,54.83868299052119,60.75981631875038,60.77517522498965
235,xair,1,55.0,50.0,concurrent,1,0,0,1,0,413,412,after_check,0,0,after_middleware,1.3287318870425224,2.647465094923973,60.63593504950404,57.98846995458007,59.30720316246152,66.03580992668867,67.56832404062152,,,EXECUTE,published_after_gate_recheck,55.505753960460424,55.518077220767736,0.012323260307312012,5.1299999468028545,60.28225086629391,72.4194711074233,55.319886188954115,60.63575390726328,60.64807716757059
236,xair,1,55.0,50.0,concurrent,1,0,0,1,0,415,414,after_check,0,0,after_middleware,1.2035970576107502,2.6565324515104294,60.1309584453702,57.47442599385977,58.92736138775945,65.1489570736885,66.40277802944183,,,EXECUTE,published_after_gate_recheck,55.52221508696675,55.532174184918404,0.00995909795165062,4.6086120419204235,59.771433006972075,71.57835410907865,54.79392036795616,60.13082712888718,60.14078622683883
237,xair,1,55.0,50.0,after_release,1,0,0,0,1,417,416,after_check,0,0,after_middleware,0.8597718551754951,2.1524769254028797,59.759700670838356,57.607223745435476,58.89992881566286,65.0801076553762,66.41402887180448,,,EXECUTE,published_after_gate_recheck,54.89456793293357,54.902441799640656,0.007873866707086563,4.865022841840982,60.08728500455618,71.62953866645694,55.128186009824276,59.75959077477455,59.76746464148164
238,xair,1,55.0,50.0,after_release,1,0,0,0,1,419,418,after_check,0,0,after_middleware,1.1909729801118374,2.3130779154598713,59.597868006676435,57.284790091216564,58.4068950265646,64.45375317707658,65.49508590251207,,,EXECUTE,published_after_gate_recheck,55.08630769327283,55.09643675759435,0.010129064321517944,4.511420149356127,59.711681213229895,70.73579309508204,54.70593413338065,59.597727842628956,59.607856906950474
239,xair,1,55.0,50.0,concurrent,1,0,0,1,0,421,420,after_check,0,0,after_middleware,0.9689871221780777,2.1292930468916893,60.29700813814998,58.16771509125829,59.3280210159719,65.06352592259645,66.2968885153532,,,EXECUTE,published_after_gate_recheck,55.47164985910058,55.48217985779047,0.010529998689889908,4.82522789388895,59.97939174994826,72.06130772829056,55.013049859553576,60.29687775298953,60.30740775167942
240,xair,1,60.0,50.0,after_release,1,0,0,0,1,423,422,after_check,0,0,after_middleware,1.0385182686150074,2.2171679884195328,59.37253497540951,57.155366986989975,58.3340167067945,68.980832118541,70.06627786904573,,,EXECUTE,published_after_gate_recheck,55.01787876710296,55.026855785399675,0.008977018296718597,4.354535136371851,64.5015430636704,75.32822480425239,54.52747875824571,59.37241390347481,59.381390921771526
241,xair,1,60.0,50.0,after_release,1,0,0,0,1,425,424,after_check,0,0,after_middleware,1.0042926296591759,2.297547645866871,63.06299474090338,60.76544709503651,62.0587021112442,69.23921685665846,70.2893859706819,,,EXECUTE,published_after_gate_recheck,58.50470811128616,58.51646978408098,0.011761672794818878,4.558166954666376,64.71196701750159,75.10896399617195,54.73266402259469,63.06287506595254,63.07463673874736
242,xair,1,60.0,50.0,after_release,1,0,0,0,1,427,426,after_check,0,0,after_middleware,0.9808391332626343,2.2529750131070614,59.54708205536008,57.29410704225302,58.566242922097445,70.00412093475461,71.12751808017492,,,EXECUTE,published_after_gate_recheck,54.90534799173474,54.915407206863165,0.010059215128421783,4.641593899577856,64.96785720810294,75.86430013179779,54.98343426734209,59.5469418913126,59.55700110644102
243,xair,0,,50.0,control,1,0,0,0,0,,428,control,0,0,,1.1704540811479092,2.3893401958048344,60.22481340914965,57.83547321334481,59.05435932800174,,,,,EXECUTE,published_after_gate_recheck,55.00076711177826,55.0129902549088,0.012223143130540848,5.223886109888554,,,55.311309173703194,60.22465322166681,60.236876364797354
244,xair,1,60.0,50.0,after_release,1,0,0,0,1,430,429,after_check,0,0,after_middleware,0.9454530663788319,2.133711241185665,59.61670307442546,57.482991833239794,58.67125000804663,69.35956282541156,70.59801509603858,,,EXECUTE,published_after_gate_recheck,55.203025694936514,55.21301506087184,0.009989365935325623,4.413567017763853,64.6535879932344,75.85776783525944,54.71763573586941,59.61659271270037,59.62658207863569
245,xair,0,,50.0,control,1,0,0,0,0,,431,control,0,0,,0.9863586165010929,2.1297228522598743,60.04720972850919,57.91748687624931,59.060851112008095,,,,,EXECUTE,published_after_gate_recheck,55.12811569496989,55.146771017462015,0.01865532249212265,4.91897389292717,,,55.043747648596764,60.04708958789706,60.065744910389185
246,xair,1,60.0,50.0,after_release,1,0,0,0,1,433,432,after_check,0,0,after_middleware,1.0913158766925335,2.3138890974223614,59.232291765511036,56.918402668088675,58.1409758888185,68.83143167942762,69.99757885932922,,,EXECUTE,published_after_gate_recheck,54.81064133346081,54.81803510338068,0.007393769919872284,4.421350546181202,64.61432483047247,75.10972581803799,54.640160873532295,59.23199187964201,59.23938564956188
247,xair,1,60.0,50.0,after_release,1,0,0,0,1,435,434,after_check,0,0,after_middleware,0.9100562892854214,2.011061180382967,58.7954823859036,56.78442120552063,57.885426096618176,69.57171019166708,70.68925630301237,,,EXECUTE,published_after_gate_recheck,54.23801718279719,54.24570199102163,0.007684808224439621,4.557345062494278,64.73986897617579,75.65024821087718,54.762380197644234,58.79536224529147,58.80304705351591
248,xair,1,60.0,50.0,after_release,1,0,0,0,1,437,436,after_check,0,0,after_middleware,1.120902132242918,2.198152244091034,59.6154909580946,57.41733871400356,58.49458882585168,69.2496057599783,70.39226870983839,,,EXECUTE,published_after_gate_recheck,54.7240381129086,54.736622143536806,0.012584030628204346,4.891331773251295,65.07935607805848,74.8478639870882,55.108529049903154,59.6153698861599,59.6279539167881
249,xair,0,,50.0,control,1,0,0,0,0,,438,control,0,0,,1.2159701436758041,2.427502069622278,59.80018712580204,57.37268505617976,58.584216982126236,,,,,EXECUTE,published_after_gate_recheck,55.20929768681526,55.224896874278784,0.015599187463521957,4.590749274939299,,,54.688862059265375,59.80004696175456,59.81564614921808
250,xair,1,60.0,50.0,after_release,1,0,0,0,1,440,439,after_check,0,0,after_middleware,1.0020388290286064,2.237164881080389,60.04545697942376,57.80829209834337,59.043418150395155,70.31648699194193,71.33137015625834,,,EXECUTE,published_after_gate_recheck,55.021175649017096,55.038146674633026,0.016971025615930557,5.02416118979454,65.2129570953548,76.52408722788095,55.25811994448304,60.045336838811636,60.06230786442757
251,xair,1,60.0,50.0,after_release,1,0,0,0,1,442,441,after_check,0,0,after_middleware,0.9737261570990086,2.031629905104637,58.766047935932875,56.73441803082824,57.792321778833866,69.4151371717453,70.65161596983671,,,EXECUTE,published_after_gate_recheck,54.33486821129918,54.34972606599331,0.014857854694128036,4.430798813700676,64.58786502480507,75.21301880478859,54.6228289604187,58.76566702499986,58.780524879693985
252,xair,1,60.0,50.0,after_release,1,0,0,0,1,444,443,after_check,0,0,after_middleware,1.0683839209377766,2.427932806313038,59.20229572802782,56.77436292171478,58.133911807090044,69.81536699458957,70.7365651614964,,,EXECUTE,published_after_gate_recheck,54.81211328878999,54.82529802247882,0.01318473368883133,4.390021786093712,64.68149973079562,75.39754500612617,54.74124010652304,59.2021350748837,59.21531980857253
253,xair,1,60.0,50.0,after_release,1,0,0,0,1,446,445,after_check,0,0,after_middleware,1.0140216909348965,2.0516770891845226,58.96911770105362,56.9174406118691,57.95509601011872,69.374970626086,70.3665497712791,,,EXECUTE,published_after_gate_recheck,54.52155880630016,54.53688697889447,0.015328172594308853,4.447408951818943,64.60723979398608,74.87523462623358,54.64438768103719,58.968967758119106,58.984295930713415
254,xair,1,60.0,50.0,after_release,1,0,0,0,1,448,447,after_check,0,0,after_middleware,0.9335409849882126,2.299683168530464,60.16359897330403,57.86391580477357,59.23005798831582,69.88216284662485,71.06454996392131,,,EXECUTE,published_after_gate_recheck,55.188339203596115,55.19939912483096,0.011059921234846115,4.975139629095793,65.14761503785849,76.60230388864875,55.175925604999065,60.16347883269191,60.174538753926754
255,xair,0,,50.0,control,1,0,0,0,0,,449,control,0,0,,1.0656681843101978,2.232937142252922,59.82132628560066,57.58838914334774,58.755658101290464,,,,,EXECUTE,published_after_gate_recheck,54.86233811825514,54.874710738658905,0.012372620403766632,4.958858247846365,,,55.060168262571096,59.8211963661015,59.83356898650527
256,xair,1,60.0,50.0,after_release,1,0,0,0,1,451,450,after_check,0,0,after_middleware,0.9992937557399273,2.337323036044836,59.17167803272605,56.83435499668121,58.17238427698612,68.70226003229618,69.82317147776484,,,EXECUTE,published_after_gate_recheck,54.94860885664821,54.960520938038826,0.011912081390619278,4.22291923314333,64.38353098928928,75.02352306619287,54.42633992061019,59.171528089791536,59.183440171182156
257,xair,1,60.0,50.0,after_release,1,0,0,0,1,453,452,after_check,0,0,after_middleware,1.0030311532318592,2.231003250926733,59.72134927287698,57.490346021950245,58.71831811964512,70.25973126292229,71.37119490653276,,,EXECUTE,published_after_gate_recheck,54.57130214199424,54.586960934102535,0.015658792108297348,5.1497770473361015,65.41417399421334,76.33890118449926,55.43791688978672,59.72107918933034,59.73673798143864
258,xair,0,,50.0,control,1,0,0,0,0,,454,control,0,0,,1.0502496734261513,2.385503612458706,59.26151666790247,56.876013055443764,58.21126699447632,,,,,EXECUTE,published_after_gate_recheck,54.744275752454996,54.755165707319975,0.01088995486497879,4.516839981079102,,,54.60277106612921,59.2611157335341,59.27200568839908
259,xair,1,60.0,50.0,after_release,1,0,0,0,1,456,455,after_check,0,0,after_middleware,0.8997381664812565,1.8056263215839863,58.803989086300135,56.99836276471615,57.90425091981888,68.59456794336438,69.88433608785272,,,EXECUTE,published_after_gate_recheck,54.35447487980127,54.36073709279299,0.0062622129917144775,4.449402913451195,64.6432382054627,74.62661899626255,54.66360505670309,58.80387779325247,58.81014000624418
260,xair,1,60.0,50.0,after_release,1,0,0,0,1,458,457,after_check,0,0,after_middleware,1.1139488779008389,2.391423564404249,59.87761169672012,57.486188132315874,58.763662818819284,69.85529186204076,71.00590970367193,,,EXECUTE,published_after_gate_recheck,55.14166131615639,55.14937499538064,0.007713679224252701,4.735830705612898,64.97064279392362,76.06429513543844,55.024832021445036,59.877492021769285,59.88520570099354
261,xair,1,60.0,50.0,after_release,1,0,0,0,1,460,459,after_check,0,0,after_middleware,0.7030582055449486,2.0840181969106197,59.530952014029026,57.446933817118406,58.82789380848408,70.19975874572992,71.45514292642474,,,EXECUTE,published_after_gate_recheck,54.74109994247556,54.74855378270149,0.007453840225934982,4.789711907505989,64.977184869349,76.66993094608188,54.99141989275813,59.530811849981546,59.53826569020748
262,xair,1,60.0,50.0,after_release,1,0,0,0,1,462,461,after_check,0,0,after_middleware,1.092508900910616,2.315501682460308,60.09820569306612,57.78270401060581,59.005696792155504,69.77340904995799,70.7577345892787,,,EXECUTE,published_after_gate_recheck,55.155477952212095,55.170895997434855,0.015418045222759247,4.942467901855707,65.12281764298677,75.90708089992404,55.17728766426444,60.0979458540678,60.11336389929056
263,xair,1,60.0,50.0,after_release,1,0,0,0,1,464,463,after_check,0,0,after_middleware,0.9499411098659039,2.3306808434426785,59.87830413505435,57.54762329161167,58.928363025188446,70.98191510885954,72.4572823382914,,,EXECUTE,published_after_gate_recheck,55.27539178729057,55.286032147705555,0.010640360414981842,4.602792207151651,64.91363607347012,77.1609521470964,54.792126175016165,59.878183994442225,59.888824354857206
264,xair,1,60.0,50.0,after_release,1,0,0,0,1,466,465,after_check,0,0,after_middleware,1.0644257999956608,2.1923608146607876,59.43044414743781,57.23808333277702,58.36601834744215,68.96887999027967,70.12895634397864,,,EXECUTE,published_after_gate_recheck,54.6633037738502,54.67147985473275,0.008176080882549286,4.7668092884123325,64.91657113656402,75.80262515693903,54.94192708283663,59.430113062262535,59.438289143145084
265,xair,1,60.0,50.0,after_release,1,0,0,0,1,468,467,after_check,0,0,after_middleware,1.0822191834449768,2.358912955969572,60.39984105154872,58.04092809557915,59.31762186810374,70.06872212514281,71.37566292658448,,,EXECUTE,published_after_gate_recheck,55.12414826080203,55.14064896851778,0.01650070771574974,5.275291856378317,65.54011022672057,76.71254128217697,55.59257697314024,60.39944011718035,60.4159408248961
266,xair,1,60.0,50.0,after_release,1,0,0,0,1,470,469,after_check,0,0,after_middleware,2.032351214438677,3.152291290462017,60.40193513035774,57.249643839895725,58.369583915919065,69.5331976749003,70.78278111293912,,,EXECUTE,published_after_gate_recheck,55.74100511148572,55.75896939262748,0.017964281141757965,4.66037867590785,64.90278476849198,75.9702087379992,54.95845805853605,60.40138378739357,60.41934806853533
267,xair,1,60.0,50.0,after_release,1,0,0,0,1,472,471,after_check,0,0,after_middleware,1.1282549239695072,2.279483713209629,59.772334061563015,57.492850348353386,58.64407913759351,69.30047133937478,70.34735521301627,,,EXECUTE,published_after_gate_recheck,55.02447206526995,55.04020117223263,0.015729106962680817,4.747672006487846,64.96079405769706,74.94764123111963,55.012478958815336,59.77214407175779,59.787873178720474
268,xair,1,60.0,50.0,after_release,1,0,0,0,1,474,473,after_check,0,0,after_middleware,0.8789189159870148,2.4330229498445988,59.84456976875663,57.41154681891203,58.96565085276961,69.95266396552324,71.00659096613526,,,EXECUTE,published_after_gate_recheck,54.93438197299838,54.94908010587096,0.014698132872581482,4.910066723823547,65.09475503116846,75.94472076743841,55.131291039288044,59.84444869682193,59.85914682969451
269,xair,0,,50.0,control,1,0,0,0,0,,475,control,0,0,,1.1330251581966877,2.2711888886988163,60.23332895711064,57.96214006841183,59.100303798913956,,,,,EXECUTE,published_after_gate_recheck,55.58655643835664,55.60621339827776,0.019656959921121597,4.646281711757183,,,54.78274775668979,60.23283815011382,60.25249511003494
270,xair,1,60.0,50.0,after_release,1,0,0,0,1,477,476,after_check,0,0,after_middleware,1.2943069450557232,2.660037949681282,59.98706677928567,57.32702882960439,58.692759834229946,69.22116270288825,70.57259697467089,,,EXECUTE,published_after_gate_recheck,55.67366862669587,55.68596161901951,0.012292992323637009,4.313278011977673,64.60550660267472,75.6074576638639,54.63731475174427,59.986946638673544,59.99923963099718
271,xair,1,60.0,50.0,after_release,1,0,0,0,1,479,478,after_check,0,0,after_middleware,1.1075767688453197,2.468859776854515,59.95960580185056,57.49074602499604,58.85202903300524,69.39477799460292,70.56694570928812,,,EXECUTE,published_after_gate_recheck,55.47117907553911,55.48600712791085,0.014828052371740341,4.488305654376745,64.677142072469,75.65054902806878,54.69804862514138,59.95948472991586,59.9743127822876
272,xair,0,,50.0,control,1,0,0,0,0,,480,control,0,0,,0.914835836738348,2.1692179143428802,59.81351202353835,57.64429410919547,58.8986761868,,,,,EXECUTE,published_after_gate_recheck,54.66778203845024,54.67713996767998,0.009357929229736328,5.1455991342663765,,,55.23819196969271,59.81338117271662,59.822739101946354
273,xair,1,60.0,50.0,after_release,1,0,0,0,1,482,481,after_check,0,0,after_middleware,1.2966413050889969,2.687279134988785,59.977369382977486,57.2900902479887,58.68072807788849,69.61657525971532,71.16139214485884,,,EXECUTE,published_after_gate_recheck,55.64490519464016,55.65868131816387,0.013776123523712158,4.332324024289846,64.53863298520446,76.4150433242321,54.62360009551048,59.977229218930006,59.99100534245372
274,xair,0,,50.0,control,1,0,0,0,0,,483,control,0,0,,0.9401729330420494,2.1558119915425777,59.80309238657355,57.647280395030975,58.862919453531504,,,,,EXECUTE,published_after_gate_recheck,55.14906486496329,55.16585661098361,0.016791746020317078,4.653506446629763,,,54.71348809078336,59.802571311593056,59.81936305761337
275,xair,1,60.0,50.0,after_release,1,0,0,0,1,485,484,after_check,0,0,after_middleware,0.8947779424488544,2.1117101423442364,59.239926747977734,57.1282166056335,58.34514880552888,69.44577489048243,70.73354860767722,,,EXECUTE,published_after_gate_recheck,54.56488020718098,54.57787401974201,0.012993812561035156,4.674896597862244,64.82882658019662,75.28962288051844,54.880461655557156,59.23977680504322,59.252770617604256
276,xair,0,,50.0,control,1,0,0,0,0,,486,control,0,0,,1.0411315597593784,2.390551846474409,59.4561817124486,57.06562986597419,58.41505015268922,,,,,EXECUTE,published_after_gate_recheck,55.130711290985346,55.14118121936917,0.01046992838382721,4.325350746512413,,,54.41828491166234,59.45606203749776,59.466531965881586
277,xair,1,60.0,50.0,after_release,1,0,0,0,1,488,487,after_check,0,0,after_middleware,0.9795562364161015,2.2095032036304474,59.42760827019811,57.21810506656766,58.448052033782005,69.19885100796819,70.47037594020367,,,EXECUTE,published_after_gate_recheck,54.88877696916461,54.90010930225253,0.011332333087921143,4.538720939308405,64.84767235815525,75.40669199079275,54.87437034025788,59.427497908473015,59.438830241560936
278,xair,1,60.0,50.0,after_release,1,0,0,0,1,490,489,after_check,0,0,after_middleware,0.9337011724710464,2.145824022591114,58.97301621735096,56.827192194759846,58.03931504487991,69.18925326317549,70.36127103492618,,,EXECUTE,published_after_gate_recheck,54.70044398680329,54.71561290323734,0.015168916434049606,4.272431135177612,64.53404435887933,75.13854932039976,54.58858422935009,58.972875121980906,58.988044038414955
279,xair,0,,50.0,control,1,0,0,0,0,,491,control,0,0,,0.8815331384539604,1.8904549069702625,58.40018205344677,56.50972714647651,57.51864891499281,,,,,EXECUTE,published_after_gate_recheck,54.28943317383528,54.30021323263645,0.010780058801174164,4.110618960112333,,,54.22095535323024,58.40005213394761,58.410832192748785
280,xair,1,100.0,50.0,after_release,1,0,0,0,1,493,492,after_check,0,0,after_middleware,0.8647209033370018,1.9824868068099022,58.966672979295254,56.98418617248535,58.10195207595825,109.00073684751987,109.99980987980962,,,EXECUTE,published_after_gate_recheck,54.575889836996794,54.58384472876787,0.00795489177107811,4.390653222799301,104.60753878578544,114.17653318494558,54.62076421827078,58.966543059796095,58.97449795156717
281,xair,0,,50.0,control,1,0,0,0,0,,494,control,0,0,,0.8059008978307247,2.0972429774701595,58.691116981208324,56.593874003738165,57.8852160833776,,,,,EXECUTE,published_after_gate_recheck,54.332333616912365,54.338805843144655,0.006472226232290268,4.358663223683834,,,54.43965503945947,58.6909968405962,58.69746906682849
282,xair,1,100.0,50.0,after_release,1,0,0,0,1,496,495,after_check,0,0,after_middleware,1.0468428954482079,2.247575204819441,59.227954130619764,56.98037892580032,58.18111123517156,109.57547510042787,110.87181605398655,,,EXECUTE,published_after_gate_recheck,54.711655247956514,54.71833702176809,0.006681773811578751,4.516168963164091,104.73255394026637,116.14873120561242,54.75015705451369,59.227824211120605,59.234505984932184
283,xair,1,100.0,50.0,after_release,1,0,0,0,1,498,497,after_check,0,0,after_middleware,0.8409768342971802,2.0726853981614113,59.40866190940142,57.335976511240005,58.56768507510424,109.67734595760703,110.99078878760338,,,EXECUTE,published_after_gate_recheck,54.39183488488197,54.40089199692011,0.009057112038135529,5.01667708158493,105.21992715075612,116.13196972757578,55.24085694923997,59.408511966466904,59.41756907850504
284,xair,1,100.0,50.0,after_release,1,0,0,0,1,500,499,after_check,0,0,after_middleware,1.000095158815384,2.493484877049923,60.456978157162666,57.96349328011274,59.45688299834728,109.9218251183629,111.02373106405139,,,EXECUTE,published_after_gate_recheck,55.747747886925936,55.75804691761732,0.01029903069138527,4.709040280431509,104.89916615188122,116.15887004882097,54.929173085838556,60.456788167357445,60.46708719804883
285,xair,1,100.0,50.0,after_release,1,0,0,0,1,502,501,after_check,0,0,after_middleware,1.0562711395323277,2.280816901475191,59.96291292831302,57.682096026837826,58.90664178878069,110.35209195688367,111.73811089247465,,,EXECUTE,published_after_gate_recheck,55.20211486145854,55.21323578432202,0.011120922863483429,4.760426934808493,104.94399070739746,116.55029468238354,55.020744912326336,59.96254179626703,59.973662719130516
286,xair,1,100.0,50.0,after_release,1,0,0,0,1,504,503,after_check,0,0,after_middleware,1.067121047526598,2.366147004067898,60.14907080680132,57.78292380273342,59.08194975927472,110.29052594676614,111.58517375588417,,,EXECUTE,published_after_gate_recheck,55.364690255373716,55.379427038133144,0.014736782759428024,4.784200806170702,105.03240581601858,117.0066799968481,55.0798149779439,60.14889106154442,60.163627844303846
287,xair,1,100.0,50.0,after_release,1,0,0,0,1,506,505,after_check,0,0,after_middleware,1.2939255684614182,2.6468532159924507,60.7010661624372,58.05421294644475,59.40714059397578,110.33397819846869,111.3725551404059,,,EXECUTE,published_after_gate_recheck,55.428980849683285,55.45140290632844,0.022422056645154953,5.271685309708118,105.44010112062097,116.34720396250486,55.49830012023449,60.7006661593914,60.72308821603656
288,xair,1,100.0,50.0,after_release,1,0,0,0,1,508,507,after_check,0,0,after_middleware,1.2136963196098804,2.361358143389225,60.068400111049414,57.70704196766019,58.85470379143953,110.01326702535152,111.14220367744565,,,EXECUTE,published_after_gate_recheck,55.3341219201684,55.345873814076185,0.011751893907785416,4.734037909656763,104.94515299797058,116.26056069508195,54.99387485906482,60.06815982982516,60.07991172373295
289,xair,1,100.0,50.0,after_release,1,0,0,0,1,510,509,after_check,0,0,after_middleware,1.079062931239605,2.166411839425564,59.55364415422082,57.387232314795256,58.474581222981215,109.74283935502172,110.58114096522331,,,EXECUTE,published_after_gate_recheck,54.7264632768929,54.73813507705927,0.011671800166368484,4.826981108635664,105.02290818840265,115.20416010171175,55.04875723272562,59.553444385528564,59.56511618569493
290,xair,1,100.0,50.0,after_release,1,0,0,0,1,512,511,after_check,0,0,after_middleware,0.9035449475049973,2.0924038253724575,58.665269054472446,56.57286522909999,57.76172410696745,109.80718908831477,110.85279984399676,,,EXECUTE,published_after_gate_recheck,54.44003501906991,54.449663031846285,0.009628012776374817,4.225103184580803,104.53366115689278,116.23551417142153,54.54380018636584,58.66513820365071,58.67476621642709
291,xair,1,100.0,50.0,after_release,1,0,0,0,1,514,513,after_check,0,0,after_middleware,1.151449978351593,2.380324061959982,59.49337221682072,57.113048154860735,58.341922238469124,110.28676899150014,111.57477414235473,,,EXECUTE,published_after_gate_recheck,54.7973751090467,54.81208302080631,0.014707911759614944,4.695856012403965,104.881483130157,116.69402429834008,54.915567394346,59.49323112145066,59.50793903321028
292,xair,0,,50.0,control,1,0,0,0,0,,515,control,0,0,,0.9698593057692051,2.3049418814480305,59.44557208567858,57.14063020423055,58.47571277990937,,,,,EXECUTE,published_after_gate_recheck,54.73159300163388,54.746259935200214,0.014666933566331863,4.713838919997215,,,54.8137160949409,59.4454319216311,59.46009885519743
293,xair,0,,50.0,control,1,0,0,0,0,,516,control,0,0,,0.9833239018917084,2.1154568530619144,59.064927976578474,56.94947112351656,58.081604074686766,,,,,EXECUTE,published_after_gate_recheck,54.613471031188965,54.63144415989518,0.017973128706216812,4.45132702589035,,,54.56818640232086,59.064798057079315,59.08277118578553
294,xair,1,100.0,50.0,after_release,1,0,0,0,1,518,517,after_check,0,0,after_middleware,0.9863502345979214,2.0578093826770782,59.066491201519966,57.00868181884289,58.080140966922045,109.76226488128304,111.06393579393625,,,EXECUTE,published_after_gate_recheck,54.363522212952375,54.37034508213401,0.006822869181632996,4.702848847955465,104.92322081699967,116.49549100548029,54.94177620857954,59.06637106090784,59.073193930089474
295,xair,0,,50.0,control,1,0,0,0,0,,519,control,0,0,,1.3507329858839512,2.362279687076807,60.0058319978416,57.64355231076479,58.655099011957645,,,,,EXECUTE,published_after_gate_recheck,55.099713150411844,55.12261623516679,0.022903084754943848,4.90597914904356,,,55.01884128898382,60.005692299455404,60.02859538421035
296,xair,1,100.0,50.0,after_release,1,0,0,0,1,521,520,after_check,0,0,after_middleware,1.3891449198126793,2.7799829840660095,63.23919491842389,60.45921193435788,61.85004999861121,111.95411486551166,113.20322705432773,,,EXECUTE,published_after_gate_recheck,57.511955965310335,57.52854701131582,0.016591046005487442,5.727109033614397,105.96307087689638,118.8235767185688,55.97597500309348,63.23906499892473,63.25565604493022
297,xair,0,,50.0,control,1,0,0,0,0,,522,control,0,0,,1.056089997291565,2.175399102270603,58.904516976326704,56.7291178740561,57.84842697903514,,,,,EXECUTE,published_after_gate_recheck,54.418745916336775,54.42896485328674,0.010218936949968338,4.485581070184708,,,54.57812501117587,58.90432698652148,58.91454592347145
298,xair,0,,50.0,control,1,0,0,0,0,,523,control,0,0,,1.1329040862619877,2.282639965415001,59.60241565480828,57.31977568939328,58.469511568546295,,,,,EXECUTE,published_after_gate_recheck,55.2428113296628,55.25481328368187,0.012001954019069672,4.359274636954069,,,54.45173755288124,59.60208596661687,59.61408792063594
299,xair,1,100.0,50.0,after_release,1,0,0,0,1,525,524,after_check,0,0,after_middleware,0.765135046094656,1.7744572833180428,59.22947637736797,57.45501909404993,58.46434133127332,111.58074531704187,112.92664892971516,,,EXECUTE,published_after_gate_recheck,54.411671590059996,54.42058900371194,0.008917413651943207,4.817654378712177,104.9699280411005,118.35641134530306,54.98912511393428,59.22932596877217,59.238243382424116
300,xair,0,,50.0,control,1,0,0,0,0,,526,control,0,0,,1.220438163727522,2.402445301413536,60.148960910737514,57.74651560932398,58.92852274700999,,,,,EXECUTE,published_after_gate_recheck,55.25904102250934,55.27439992874861,0.015358906239271164,4.889458883553743,,,54.98699191957712,60.14849990606308,60.16385881230235
301,xair,1,100.0,50.0,after_release,1,0,0,0,1,528,527,after_check,0,0,after_middleware,1.0482757352292538,2.109125256538391,59.778206050395966,57.669080793857574,58.72993031516671,110.04471546038985,111.15829320624471,,,EXECUTE,published_after_gate_recheck,54.999143816530704,55.00810081139207,0.008956994861364365,4.778911359608173,105.00287031754851,116.09665444120765,55.02333911135793,59.77805517613888,59.78701217100024
302,xair,0,,50.0,control,1,0,0,0,0,,529,control,0,0,,0.9600101038813591,2.1769022569060326,59.158013202250004,56.98111094534397,58.198003098368645,,,,,EXECUTE,published_after_gate_recheck,54.99597918242216,55.01040630042553,0.014427118003368378,4.161913879215717,,,54.258775897324085,59.15789306163788,59.17232017964125
303,xair,0,,50.0,control,1,0,0,0,0,,530,control,0,0,,1.1926372535526752,2.5988342240452766,61.21796602383256,58.61913179978728,60.025328770279884,,,,,EXECUTE,published_after_gate_recheck,56.98162084445357,56.99678976088762,0.015168916434049606,4.236224107444286,,,54.33171195909381,61.21784495189786,61.23301386833191
304,xair,1,100.0,50.0,after_release,1,0,0,0,1,532,531,after_check,0,0,after_middleware,0.8975942619144917,2.189957071095705,61.211754102259874,59.02179703116417,60.31415984034538,111.38506792485714,112.54737805575132,,,EXECUTE,published_after_gate_recheck,55.21930614486337,55.234785191714764,0.01547904685139656,5.992306862026453,106.21605487540364,117.5177781842649,56.25974806025624,61.21161300688982,61.22709205374122
305,xair,1,100.0,50.0,after_release,1,0,0,0,1,534,533,after_check,0,0,after_middleware,0.891141127794981,1.9083879888057709,58.87913890182972,56.97075091302395,57.98799777403474,109.09162694588304,110.21299986168742,,,EXECUTE,published_after_gate_recheck,54.72106207162142,54.73624123260379,0.015179160982370377,4.157956689596176,104.46092393249273,114.99608960002661,54.516758769750595,58.879018761217594,58.894197922199965
306,xair,1,100.0,50.0,after_release,1,0,0,0,1,536,535,after_check,0,0,after_middleware,1.003360841423273,2.3931381292641163,59.480177238583565,57.08703910931945,58.47681639716029,109.33402320370078,110.48943921923637,,,EXECUTE,published_after_gate_recheck,55.43971015140414,55.45476824045181,0.015058089047670364,4.0403371676802635,104.2772801592946,116.12552823498845,54.341120179742575,59.480047319084406,59.495105408132076
307,xair,1,100.0,50.0,after_release,1,0,0,0,1,538,537,after_check,0,0,after_middleware,1.0380269959568977,2.574718091636896,60.4098099283874,57.83509183675051,59.371782932430506,110.19359389320016,111.3560339435935,,,EXECUTE,published_after_gate_recheck,55.294287856668234,55.309776682406664,0.015488825738430023,5.115312058478594,105.31529597938061,116.36724090203643,55.350031703710556,60.40959991514683,60.42508874088526
308,xair,1,100.0,50.0,after_release,1,0,0,0,1,540,539,after_check,0,0,after_middleware,1.398041844367981,2.5602211244404316,60.837372206151485,58.277151081711054,59.439330361783504,111.27017298713326,112.55534319207072,,,EXECUTE,published_after_gate_recheck,55.79654918983579,55.814814288169146,0.018265098333358765,5.040701944380999,105.30666029080749,117.93182510882616,55.35078328102827,60.837251134216785,60.855516232550144
309,xair,0,,50.0,control,1,0,0,0,0,,541,control,0,0,,1.2024049647152424,2.3964340798556805,60.75998721644282,58.36355313658714,59.55758225172758,,,,,EXECUTE,published_after_gate_recheck,55.63582805916667,55.6559250690043,0.02009700983762741,5.123869050294161,,,55.25874113664031,60.75969710946083,60.77979411929846
310,xair,1,100.0,50.0,after_release,1,0,0,0,1,543,542,after_check,0,0,after_middleware,0.9207958355545998,2.2149328142404556,59.41711785271764,57.20218503847718,58.49632201716304,109.31787174195051,110.6108371168375,,,EXECUTE,published_after_gate_recheck,55.12373801320791,55.13821495696902,0.014476943761110306,4.292930010706186,104.4943667948246,115.32449582591653,54.530525114387274,59.4166680239141,59.43114496767521
311,xair,1,100.0,50.0,after_release,1,0,0,0,1,545,544,after_check,0,0,after_middleware,1.5104333870112896,2.8763841837644577,62.331123277544975,59.45473909378052,60.820689890533686,111.62278382107615,112.60300222784281,,,EXECUTE,published_after_gate_recheck,56.88554188236594,56.906010024249554,0.02046814188361168,5.445110145956278,105.8467528782785,118.32271795719862,55.937292985618114,62.33065202832222,62.35112017020583
312,xair,1,100.0,50.0,after_release,1,0,0,0,1,547,546,after_check,0,0,after_middleware,1.147291623055935,2.1673846058547497,60.26886589825153,58.101481292396784,59.1215742751956,110.52112933248281,111.60548217594624,,,EXECUTE,published_after_gate_recheck,55.42666604742408,55.4390293546021,0.012363307178020477,4.842089954763651,105.09809898212552,116.50987900793552,55.140349082648754,60.26875600218773,60.28111930936575
313,xair,1,100.0,50.0,after_release,1,0,0,0,1,549,548,after_check,0,0,after_middleware,1.0591358877718449,2.2957148030400276,59.79669978842139,57.500984985381365,58.73756390064955,109.72989490255713,111.13127181306481,,,EXECUTE,published_after_gate_recheck,54.77844970300794,54.791493806988,0.013044103980064392,5.018129944801331,105.21372593939304,115.8748366869986,55.23767089471221,59.79657964780927,59.80962375178933
314,xair,1,100.0,50.0,after_release,1,0,0,0,1,551,550,after_check,0,0,after_middleware,1.247909851372242,2.948598936200142,60.549561865627766,57.600962929427624,59.301652014255524,109.90657564252615,110.9724547713995,,,EXECUTE,published_after_gate_recheck,56.10707076266408,56.12867185845971,0.02160109579563141,4.441909957677126,104.71332771703601,116.36774195358157,54.74884482100606,60.548980720341206,60.57058181613684
315,xair,1,100.0,50.0,after_release,1,0,0,0,1,553,552,after_check,0,0,after_middleware,1.2520067393779755,2.5269179604947567,61.17686768993735,58.649949729442596,59.92486095055938,110.8820247463882,112.08357801660895,,,EXECUTE,published_after_gate_recheck,56.030167266726494,56.05072621256113,0.020558945834636688,5.146139767020941,105.45321507379413,117.52779688686132,55.52741466090083,61.176307033747435,61.19686597958207
316,xair,1,100.0,50.0,after_release,1,0,0,0,1,555,554,after_check,0,0,after_middleware,1.1116638779640198,2.354104071855545,59.6718261949718,57.317722123116255,58.56016231700778,109.48077822104096,110.31547328457236,,,EXECUTE,published_after_gate_recheck,54.99049788340926,55.00580696389079,0.015309080481529236,4.6811881475150585,104.92062708362937,115.38680316880345,54.95215626433492,59.67168603092432,59.68699511140585
317,xair,1,100.0,50.0,after_release,1,0,0,0,1,557,556,after_check,0,0,after_middleware,1.3377983123064041,2.4401056580245495,60.29380206018686,57.85369640216231,58.95600374788046,109.70614990219474,110.88084289804101,,,EXECUTE,published_after_gate_recheck,55.361093021929264,55.37683283910155,0.015739817172288895,4.932568874210119,105.13796377927065,116.06424301862717,55.17810909077525,60.29366189613938,60.30940171331167
318,xair,1,100.0,50.0,after_release,1,0,0,0,1,559,558,after_check,0,0,after_middleware,0.9324788115918636,2.346459776163101,60.24732580408454,57.90086602792144,59.314846992492676,110.21026596426964,111.3465167582035,,,EXECUTE,published_after_gate_recheck,54.960011038929224,54.97541883960366,0.015407800674438477,5.2871848456561565,105.49218906089664,116.28176085650921,55.52627285942435,60.24719588458538,60.26260368525982
319,xair,1,100.0,50.0,after_release,1,0,0,0,1,561,560,after_check,0,0,after_middleware,1.2436620891094208,2.516177948564291,59.55297313630581,57.03679518774152,58.30931104719639,109.72024733200669,110.7948119752109,,,EXECUTE,published_after_gate_recheck,55.4082109592855,55.41986273601651,0.011651776731014252,4.144612234085798,104.43469509482384,115.98441330716014,54.48595201596618,59.552823193371296,59.56447497010231
