version_scope,pattern,target_rate_hz,run,gateway_released,outcome,reason,e2e_latency_ms,validation_to_gate_ms,achieved_rate_hz,goodput_ips
global,unrelated,0,0,1,EXECUTE,published_after_gate_recheck,15.52063412964344,4.762460011988878,0.0,66.87404767263914
global,unrelated,0,1,1,EXECUTE,published_after_gate_recheck,14.591260813176632,4.065624438226223,0.0,66.87404767263914
global,unrelated,0,2,1,EXECUTE,published_after_gate_recheck,15.03420202061534,4.20427368953824,0.0,66.87404767263914
global,unrelated,0,3,1,EXECUTE,published_after_gate_recheck,15.11444291099906,4.323468077927828,0.0,66.87404767263914
global,unrelated,0,4,1,EXECUTE,published_after_gate_recheck,14.127131085842848,4.169589374214411,0.0,66.87404767263914
global,unrelated,0,5,1,EXECUTE,published_after_gate_recheck,14.291859697550535,3.7797880358994007,0.0,66.87404767263914
global,unrelated,0,6,1,EXECUTE,published_after_gate_recheck,14.466276858001947,4.082996863871813,0.0,66.87404767263914
global,unrelated,0,7,1,EXECUTE,published_after_gate_recheck,14.440589118748903,4.212008323520422,0.0,66.87404767263914
global,unrelated,0,8,1,EXECUTE,published_after_gate_recheck,15.05296677350998,3.9777886122465134,0.0,66.87404767263914
global,unrelated,0,9,1,EXECUTE,published_after_gate_recheck,14.453562907874584,4.354034084826708,0.0,66.87404767263914
global,unrelated,0,10,1,EXECUTE,published_after_gate_recheck,14.133942779153585,3.93650121986866,0.0,66.87404767263914
global,unrelated,0,11,1,EXECUTE,published_after_gate_recheck,14.280057977885008,4.06755693256855,0.0,66.87404767263914
global,unrelated,0,12,1,EXECUTE,published_after_gate_recheck,16.172647010535,4.542057868093252,0.0,66.87404767263914
global,unrelated,0,13,1,EXECUTE,published_after_gate_recheck,15.452265739440918,4.233088344335556,0.0,66.87404767263914
global,unrelated,0,14,1,EXECUTE,published_after_gate_recheck,14.350741170346737,4.23713494092226,0.0,66.87404767263914
global,unrelated,0,15,1,EXECUTE,published_after_gate_recheck,14.092646073549986,4.234731197357178,0.0,66.87404767263914
global,unrelated,0,16,1,EXECUTE,published_after_gate_recheck,14.989288058131933,4.565060138702393,0.0,66.87404767263914
global,unrelated,0,17,1,EXECUTE,published_after_gate_recheck,13.57308216392994,3.9087599143385887,0.0,66.87404767263914
global,unrelated,0,18,1,EXECUTE,published_after_gate_recheck,14.094620011746883,4.100448917597532,0.0,66.87404767263914
global,unrelated,0,19,1,EXECUTE,published_after_gate_recheck,15.258823055773973,4.591940902173519,0.0,66.87404767263914
global,unrelated,0,20,1,EXECUTE,published_after_gate_recheck,15.505316201597452,4.1323089972138405,0.0,66.87404767263914
global,unrelated,0,21,1,EXECUTE,published_after_gate_recheck,14.311206992715597,3.992946818470955,0.0,66.87404767263914
global,unrelated,0,22,1,EXECUTE,published_after_gate_recheck,14.875405002385378,4.322987049818039,0.0,66.87404767263914
global,unrelated,0,23,1,EXECUTE,published_after_gate_recheck,14.912012964487076,4.5981318689882755,0.0,66.87404767263914
global,unrelated,0,24,1,EXECUTE,published_after_gate_recheck,14.24887916073203,3.9633819833397865,0.0,66.87404767263914
global,unrelated,0,25,1,EXECUTE,published_after_gate_recheck,13.861171901226044,3.8452697917819023,0.0,66.87404767263914
global,unrelated,0,26,1,EXECUTE,published_after_gate_recheck,14.336893800646067,4.149139858782291,0.0,66.87404767263914
global,unrelated,0,27,1,EXECUTE,published_after_gate_recheck,15.056264121085405,4.334617871791124,0.0,66.87404767263914
global,unrelated,0,28,1,EXECUTE,published_after_gate_recheck,13.904253020882607,3.855059389024973,0.0,66.87404767263914
global,unrelated,0,29,1,EXECUTE,published_after_gate_recheck,14.399692416191101,3.9567388594150543,0.0,66.87404767263914
global,unrelated,0,30,1,EXECUTE,published_after_gate_recheck,15.122318174690008,4.328325856477022,0.0,66.87404767263914
global,unrelated,0,31,1,EXECUTE,published_after_gate_recheck,14.774424955248833,4.237585701048374,0.0,66.87404767263914
global,unrelated,0,32,1,EXECUTE,published_after_gate_recheck,15.54917823523283,4.707578103989363,0.0,66.87404767263914
global,unrelated,0,33,1,EXECUTE,published_after_gate_recheck,13.914190698415041,4.12046629935503,0.0,66.87404767263914
global,unrelated,0,34,1,EXECUTE,published_after_gate_recheck,14.514117036014795,4.313519224524498,0.0,66.87404767263914
global,unrelated,0,35,1,EXECUTE,published_after_gate_recheck,14.919877983629704,4.49999887496233,0.0,66.87404767263914
global,unrelated,0,36,1,EXECUTE,published_after_gate_recheck,14.226356986910105,3.96017637103796,0.0,66.87404767263914
global,unrelated,0,37,1,EXECUTE,published_after_gate_recheck,14.932441059499979,4.20782994478941,0.0,66.87404767263914
global,unrelated,0,38,1,EXECUTE,published_after_gate_recheck,14.75878618657589,4.101691301912069,0.0,66.87404767263914
global,unrelated,0,39,1,EXECUTE,published_after_gate_recheck,14.753305818885565,4.205336328595877,0.0,66.87404767263914
global,unrelated,0,40,1,EXECUTE,published_after_gate_recheck,14.797999057918787,4.430166911333799,0.0,66.87404767263914
global,unrelated,0,41,1,EXECUTE,published_after_gate_recheck,14.559120871126652,3.9585931226611137,0.0,66.87404767263914
global,unrelated,0,42,1,EXECUTE,published_after_gate_recheck,13.956150971353054,3.9942199364304543,0.0,66.87404767263914
global,unrelated,0,43,1,EXECUTE,published_after_gate_recheck,14.672203920781612,4.107492044568062,0.0,66.87404767263914
global,unrelated,0,44,1,EXECUTE,published_after_gate_recheck,14.611359219998121,4.280566703528166,0.0,66.87404767263914
global,unrelated,0,45,1,EXECUTE,published_after_gate_recheck,14.425870962440968,4.573184996843338,0.0,66.87404767263914
global,unrelated,0,46,1,EXECUTE,published_after_gate_recheck,14.504499267786741,4.077306017279625,0.0,66.87404767263914
global,unrelated,0,47,1,EXECUTE,published_after_gate_recheck,14.687152113765478,4.025478847324848,0.0,66.87404767263914
global,unrelated,0,48,1,EXECUTE,published_after_gate_recheck,14.99931700527668,4.434756003320217,0.0,66.87404767263914
global,unrelated,0,49,1,EXECUTE,published_after_gate_recheck,14.520718716084957,4.162545781582594,0.0,66.87404767263914
global,unrelated,0,50,1,EXECUTE,published_after_gate_recheck,14.353986363857985,4.548979923129082,0.0,66.87404767263914
global,unrelated,0,51,1,EXECUTE,published_after_gate_recheck,14.424869325011969,4.2325761169195175,0.0,66.87404767263914
global,unrelated,0,52,1,EXECUTE,published_after_gate_recheck,14.419449027627707,4.156143870204687,0.0,66.87404767263914
global,unrelated,0,53,1,EXECUTE,published_after_gate_recheck,15.489866025745869,4.611977841705084,0.0,66.87404767263914
global,unrelated,0,54,1,EXECUTE,published_after_gate_recheck,14.947349205613136,4.335198551416397,0.0,66.87404767263914
global,unrelated,0,55,1,EXECUTE,published_after_gate_recheck,15.423811972141266,4.388850182294846,0.0,66.87404767263914
global,unrelated,0,56,1,EXECUTE,published_after_gate_recheck,15.084306243807077,4.353153053671122,0.0,66.87404767263914
global,unrelated,0,57,1,EXECUTE,published_after_gate_recheck,14.940727036446333,4.602801986038685,0.0,66.87404767263914
global,unrelated,0,58,1,EXECUTE,published_after_gate_recheck,14.101001899689436,4.244568757712841,0.0,66.87404767263914
global,unrelated,0,59,1,EXECUTE,published_after_gate_recheck,14.86597629263997,4.342623054981232,0.0,66.87404767263914
global,unrelated,0,60,1,EXECUTE,published_after_gate_recheck,14.428947120904922,4.098225384950638,0.0,66.87404767263914
global,unrelated,0,61,1,EXECUTE,published_after_gate_recheck,14.605928678065538,4.091762937605381,0.0,66.87404767263914
global,unrelated,0,62,1,EXECUTE,published_after_gate_recheck,14.916841872036457,4.383570048958063,0.0,66.87404767263914
global,unrelated,0,63,1,EXECUTE,published_after_gate_recheck,16.919116023927927,6.547247059643269,0.0,66.87404767263914
global,unrelated,0,64,1,EXECUTE,published_after_gate_recheck,15.088314190506935,4.024206195026636,0.0,66.87404767263914
global,unrelated,0,65,1,EXECUTE,published_after_gate_recheck,15.431597363203764,4.521939903497696,0.0,66.87404767263914
global,unrelated,0,66,1,EXECUTE,published_after_gate_recheck,14.983256813138723,4.402935970574617,0.0,66.87404767263914
global,unrelated,0,67,1,EXECUTE,published_after_gate_recheck,15.431256964802742,4.5446716248989105,0.0,66.87404767263914
global,unrelated,0,68,1,EXECUTE,published_after_gate_recheck,15.00756200402975,4.352811723947525,0.0,66.87404767263914
global,unrelated,0,69,1,EXECUTE,published_after_gate_recheck,15.531815122812986,4.5475768856704235,0.0,66.87404767263914
global,unrelated,0,70,1,EXECUTE,published_after_gate_recheck,16.472268849611282,4.9119810573756695,0.0,66.87404767263914
global,unrelated,0,71,1,EXECUTE,published_after_gate_recheck,14.256324153393507,4.00533014908433,0.0,66.87404767263914
global,unrelated,0,72,1,EXECUTE,published_after_gate_recheck,16.212861984968185,4.676029086112976,0.0,66.87404767263914
global,unrelated,0,73,1,EXECUTE,published_after_gate_recheck,16.75203302875161,4.9320487305521965,0.0,66.87404767263914
global,unrelated,0,74,1,EXECUTE,published_after_gate_recheck,15.369089785963297,4.6867490746080875,0.0,66.87404767263914
global,unrelated,0,75,1,EXECUTE,published_after_gate_recheck,14.737966004759073,4.219321999698877,0.0,66.87404767263914
global,unrelated,0,76,1,EXECUTE,published_after_gate_recheck,15.237041749060154,4.216345958411694,0.0,66.87404767263914
global,unrelated,0,77,1,EXECUTE,published_after_gate_recheck,15.513281337916851,4.932960029691458,0.0,66.87404767263914
global,unrelated,0,78,1,EXECUTE,published_after_gate_recheck,15.33892285078764,4.406853578984737,0.0,66.87404767263914
global,unrelated,0,79,1,EXECUTE,published_after_gate_recheck,14.805322978645563,4.392106086015701,0.0,66.87404767263914
global,unrelated,0,80,1,EXECUTE,published_after_gate_recheck,14.70576599240303,4.061195068061352,0.0,66.87404767263914
global,unrelated,0,81,1,EXECUTE,published_after_gate_recheck,14.821833930909634,4.273705184459686,0.0,66.87404767263914
global,unrelated,0,82,1,EXECUTE,published_after_gate_recheck,14.014459680765867,3.7345229648053646,0.0,66.87404767263914
global,unrelated,0,83,1,EXECUTE,published_after_gate_recheck,14.626586809754372,4.026350099593401,0.0,66.87404767263914
global,unrelated,0,84,1,EXECUTE,published_after_gate_recheck,14.794032089412212,3.968241158872843,0.0,66.87404767263914
global,unrelated,0,85,1,EXECUTE,published_after_gate_recheck,14.586872886866331,4.43313317373395,0.0,66.87404767263914
global,unrelated,0,86,1,EXECUTE,published_after_gate_recheck,14.414099976420403,3.996393643319607,0.0,66.87404767263914
global,unrelated,0,87,1,EXECUTE,published_after_gate_recheck,17.113651148974895,4.841127898544073,0.0,66.87404767263914
global,unrelated,0,88,1,EXECUTE,published_after_gate_recheck,19.099575001746416,5.059616640210152,0.0,66.87404767263914
global,unrelated,0,89,1,EXECUTE,published_after_gate_recheck,15.973021741956472,4.676689859479666,0.0,66.87404767263914
global,unrelated,0,90,1,EXECUTE,published_after_gate_recheck,16.506693325936794,4.722144920378923,0.0,66.87404767263914
global,unrelated,0,91,1,EXECUTE,published_after_gate_recheck,15.588340815156698,4.343033768236637,0.0,66.87404767263914
global,unrelated,0,92,1,EXECUTE,published_after_gate_recheck,14.645673334598541,4.369963891804218,0.0,66.87404767263914
global,unrelated,0,93,1,EXECUTE,published_after_gate_recheck,14.007155783474445,4.118743352591991,0.0,66.87404767263914
global,unrelated,0,94,1,EXECUTE,published_after_gate_recheck,14.460056088864803,4.07776702195406,0.0,66.87404767263914
global,unrelated,0,95,1,EXECUTE,published_after_gate_recheck,14.36941558495164,4.68260096386075,0.0,66.87404767263914
global,unrelated,0,96,1,EXECUTE,published_after_gate_recheck,15.208208002150059,4.270889330655336,0.0,66.87404767263914
global,unrelated,0,97,1,EXECUTE,published_after_gate_recheck,14.847571961581707,3.937504254281521,0.0,66.87404767263914
global,unrelated,0,98,1,EXECUTE,published_after_gate_recheck,14.441180042922497,4.2810579761862755,0.0,66.87404767263914
global,unrelated,0,99,1,EXECUTE,published_after_gate_recheck,14.200497884303331,4.104567226022482,0.0,66.87404767263914
readset,unrelated,0,0,1,EXECUTE,published_after_gate_recheck,14.430761337280273,3.9407899603247643,0.0,66.06560008038215
readset,unrelated,0,1,1,EXECUTE,published_after_gate_recheck,15.24414587765932,4.2524440214037895,0.0,66.06560008038215
readset,unrelated,0,2,1,EXECUTE,published_after_gate_recheck,15.235309954732656,4.067196976393461,0.0,66.06560008038215
readset,unrelated,0,3,1,EXECUTE,published_after_gate_recheck,14.786045998334885,3.9843819104135036,0.0,66.06560008038215
readset,unrelated,0,4,1,EXECUTE,published_after_gate_recheck,14.005763921886683,4.187020938843489,0.0,66.06560008038215
readset,unrelated,0,5,1,EXECUTE,published_after_gate_recheck,14.562326949089766,4.261241294443607,0.0,66.06560008038215
readset,unrelated,0,6,1,EXECUTE,published_after_gate_recheck,14.238009229302406,4.0317801758646965,0.0,66.06560008038215
readset,unrelated,0,7,1,EXECUTE,published_after_gate_recheck,14.230384957045317,3.781271167099476,0.0,66.06560008038215
readset,unrelated,0,8,1,EXECUTE,published_after_gate_recheck,15.819855034351349,4.499046131968498,0.0,66.06560008038215
readset,unrelated,0,9,1,EXECUTE,published_after_gate_recheck,14.440229162573814,4.266050178557634,0.0,66.06560008038215
readset,unrelated,0,10,1,EXECUTE,published_after_gate_recheck,14.818127267062664,4.350878763943911,0.0,66.06560008038215
readset,unrelated,0,11,1,EXECUTE,published_after_gate_recheck,14.323909766972065,4.055475350469351,0.0,66.06560008038215
readset,unrelated,0,12,1,EXECUTE,published_after_gate_recheck,14.664559159427881,4.431290086358786,0.0,66.06560008038215
readset,unrelated,0,13,1,EXECUTE,published_after_gate_recheck,15.491880010813475,4.394240211695433,0.0,66.06560008038215
readset,unrelated,0,14,1,EXECUTE,published_after_gate_recheck,14.195608906447887,3.968962002545595,0.0,66.06560008038215
readset,unrelated,0,15,1,EXECUTE,published_after_gate_recheck,17.665917053818703,4.400782287120819,0.0,66.06560008038215
readset,unrelated,0,16,1,EXECUTE,published_after_gate_recheck,14.657966792583466,4.117341246455908,0.0,66.06560008038215
readset,unrelated,0,17,1,EXECUTE,published_after_gate_recheck,15.925532672554255,4.42391587421298,0.0,66.06560008038215
readset,unrelated,0,18,1,EXECUTE,published_after_gate_recheck,15.815717168152332,3.9820573292672634,0.0,66.06560008038215
readset,unrelated,0,19,1,EXECUTE,published_after_gate_recheck,15.106938779354095,4.181531257927418,0.0,66.06560008038215
readset,unrelated,0,20,1,EXECUTE,published_after_gate_recheck,15.092090703547,4.543439019471407,0.0,66.06560008038215
readset,unrelated,0,21,1,EXECUTE,published_after_gate_recheck,14.35947697609663,4.06007282435894,0.0,66.06560008038215
readset,unrelated,0,22,1,EXECUTE,published_after_gate_recheck,14.07170807942748,4.147407133132219,0.0,66.06560008038215
readset,unrelated,0,23,1,EXECUTE,published_after_gate_recheck,15.084295999258757,4.371187184005976,0.0,66.06560008038215
readset,unrelated,0,24,1,EXECUTE,published_after_gate_recheck,14.751090668141842,4.0450748056173325,0.0,66.06560008038215
readset,unrelated,0,25,1,EXECUTE,published_after_gate_recheck,15.281946863979101,4.3523721396923065,0.0,66.06560008038215
readset,unrelated,0,26,1,EXECUTE,published_after_gate_recheck,14.008117839694023,3.7151770666241646,0.0,66.06560008038215
readset,unrelated,0,27,1,EXECUTE,published_after_gate_recheck,14.208965003490448,3.980393987149,0.0,66.06560008038215
readset,unrelated,0,28,1,EXECUTE,published_after_gate_recheck,14.994087163358927,4.6241311356425285,0.0,66.06560008038215
readset,unrelated,0,29,1,EXECUTE,published_after_gate_recheck,15.63146198168397,4.223840776830912,0.0,66.06560008038215
readset,unrelated,0,30,1,EXECUTE,published_after_gate_recheck,14.862809795886278,4.144140984863043,0.0,66.06560008038215
readset,unrelated,0,31,1,EXECUTE,published_after_gate_recheck,14.618081972002983,4.058289807289839,0.0,66.06560008038215
readset,unrelated,0,32,1,EXECUTE,published_after_gate_recheck,14.624292962253094,4.112481139600277,0.0,66.06560008038215
readset,unrelated,0,33,1,EXECUTE,published_after_gate_recheck,15.27010416612029,4.3753948993980885,0.0,66.06560008038215
readset,unrelated,0,34,1,EXECUTE,published_after_gate_recheck,15.331950969994068,4.522250033915043,0.0,66.06560008038215
readset,unrelated,0,35,1,EXECUTE,published_after_gate_recheck,15.019665006548166,4.321252927184105,0.0,66.06560008038215
readset,unrelated,0,36,1,EXECUTE,published_after_gate_recheck,14.069192111492157,3.7400228902697563,0.0,66.06560008038215
readset,unrelated,0,37,1,EXECUTE,published_after_gate_recheck,14.349077828228474,4.035718273371458,0.0,66.06560008038215
readset,unrelated,0,38,1,EXECUTE,published_after_gate_recheck,15.184393152594566,4.535214975476265,0.0,66.06560008038215
readset,unrelated,0,39,1,EXECUTE,published_after_gate_recheck,14.733687974512577,4.353133030235767,0.0,66.06560008038215
readset,unrelated,0,40,1,EXECUTE,published_after_gate_recheck,15.12237824499607,4.468119237571955,0.0,66.06560008038215
readset,unrelated,0,41,1,EXECUTE,published_after_gate_recheck,13.978942763060331,3.9287866093218327,0.0,66.06560008038215
readset,unrelated,0,42,1,EXECUTE,published_after_gate_recheck,14.552147593349218,4.364142660051584,0.0,66.06560008038215
readset,unrelated,0,43,1,EXECUTE,published_after_gate_recheck,14.413497876375914,3.9209527894854546,0.0,66.06560008038215
readset,unrelated,0,44,1,EXECUTE,published_after_gate_recheck,14.419869985431433,3.9165946654975414,0.0,66.06560008038215
readset,unrelated,0,45,1,EXECUTE,published_after_gate_recheck,13.49960407242179,3.9546359330415726,0.0,66.06560008038215
readset,unrelated,0,46,1,EXECUTE,published_after_gate_recheck,14.684637077152729,4.261991940438747,0.0,66.06560008038215
readset,unrelated,0,47,1,EXECUTE,published_after_gate_recheck,14.341654255986214,4.1205561719834805,0.0,66.06560008038215
readset,unrelated,0,48,1,EXECUTE,published_after_gate_recheck,15.095847193151712,4.016602411866188,0.0,66.06560008038215
readset,unrelated,0,49,1,EXECUTE,published_after_gate_recheck,14.779623597860336,4.573095124214888,0.0,66.06560008038215
readset,unrelated,0,50,1,EXECUTE,published_after_gate_recheck,14.156376011669636,3.6037983372807503,0.0,66.06560008038215
readset,unrelated,0,51,1,EXECUTE,published_after_gate_recheck,15.271747950464487,4.56963898614049,0.0,66.06560008038215
readset,unrelated,0,52,1,EXECUTE,published_after_gate_recheck,14.924315735697746,4.402234684675932,0.0,66.06560008038215
readset,unrelated,0,53,1,EXECUTE,published_after_gate_recheck,15.220241155475378,4.764163866639137,0.0,66.06560008038215
readset,unrelated,0,54,1,EXECUTE,published_after_gate_recheck,14.881846029311419,3.938135225325823,0.0,66.06560008038215
readset,unrelated,0,55,1,EXECUTE,published_after_gate_recheck,15.764280688017607,4.759484902024269,0.0,66.06560008038215
readset,unrelated,0,56,1,EXECUTE,published_after_gate_recheck,15.38871694356203,4.527219105511904,0.0,66.06560008038215
readset,unrelated,0,57,1,EXECUTE,published_after_gate_recheck,15.060432255268097,4.236374050378799,0.0,66.06560008038215
readset,unrelated,0,58,1,EXECUTE,published_after_gate_recheck,15.021318104118109,4.356919787824154,0.0,66.06560008038215
readset,unrelated,0,59,1,EXECUTE,published_after_gate_recheck,14.502855017781258,4.011502955108881,0.0,66.06560008038215
readset,unrelated,0,60,1,EXECUTE,published_after_gate_recheck,14.388651121407747,4.165000282227993,0.0,66.06560008038215
readset,unrelated,0,61,1,EXECUTE,published_after_gate_recheck,14.66207392513752,3.5961526446044445,0.0,66.06560008038215
readset,unrelated,0,62,1,EXECUTE,published_after_gate_recheck,14.555674046278,4.234130028635263,0.0,66.06560008038215
readset,unrelated,0,63,1,EXECUTE,published_after_gate_recheck,15.286385081708431,4.041197709739208,0.0,66.06560008038215
readset,unrelated,0,64,1,EXECUTE,published_after_gate_recheck,15.445553231984377,4.6456619165837765,0.0,66.06560008038215
readset,unrelated,0,65,1,EXECUTE,published_after_gate_recheck,14.70024511218071,4.312255885452032,0.0,66.06560008038215
readset,unrelated,0,66,1,EXECUTE,published_after_gate_recheck,14.420751016587019,4.248837940394878,0.0,66.06560008038215
readset,unrelated,0,67,1,EXECUTE,published_after_gate_recheck,15.125283040106297,4.295124672353268,0.0,66.06560008038215
readset,unrelated,0,68,1,EXECUTE,published_after_gate_recheck,14.118453953415155,4.274656064808369,0.0,66.06560008038215
readset,unrelated,0,69,1,EXECUTE,published_after_gate_recheck,14.438444748520851,4.041729029268026,0.0,66.06560008038215
readset,unrelated,0,70,1,EXECUTE,published_after_gate_recheck,15.053838957101107,4.385462962090969,0.0,66.06560008038215
readset,unrelated,0,71,1,EXECUTE,published_after_gate_recheck,15.041976235806942,4.104706924408674,0.0,66.06560008038215
readset,unrelated,0,72,1,EXECUTE,published_after_gate_recheck,14.935768209397793,4.156022798269987,0.0,66.06560008038215
readset,unrelated,0,73,1,EXECUTE,published_after_gate_recheck,15.771804843097925,4.22988086938858,0.0,66.06560008038215
readset,unrelated,0,74,1,EXECUTE,published_after_gate_recheck,14.600779861211777,4.266500938683748,0.0,66.06560008038215
readset,unrelated,0,75,1,EXECUTE,published_after_gate_recheck,14.36970615759492,3.737939056009054,0.0,66.06560008038215
readset,unrelated,0,76,1,EXECUTE,published_after_gate_recheck,14.282291755080223,3.8210051134228706,0.0,66.06560008038215
readset,unrelated,0,77,1,EXECUTE,published_after_gate_recheck,14.681289903819561,4.6813879162073135,0.0,66.06560008038215
readset,unrelated,0,78,1,EXECUTE,published_after_gate_recheck,13.401639647781849,3.9270231500267982,0.0,66.06560008038215
readset,unrelated,0,79,1,EXECUTE,published_after_gate_recheck,15.518580097705126,4.456086084246635,0.0,66.06560008038215
readset,unrelated,0,80,1,EXECUTE,published_after_gate_recheck,16.824648715555668,4.230352584272623,0.0,66.06560008038215
readset,unrelated,0,81,1,EXECUTE,published_after_gate_recheck,15.234517864882946,4.510357975959778,0.0,66.06560008038215
readset,unrelated,0,82,1,EXECUTE,published_after_gate_recheck,19.913602154701948,4.382328130304813,0.0,66.06560008038215
readset,unrelated,0,83,1,EXECUTE,published_after_gate_recheck,15.700049698352814,4.475391935557127,0.0,66.06560008038215
readset,unrelated,0,84,1,EXECUTE,published_after_gate_recheck,17.104935366660357,4.748744890093803,0.0,66.06560008038215
readset,unrelated,0,85,1,EXECUTE,published_after_gate_recheck,15.669713728129864,4.381907172501087,0.0,66.06560008038215
readset,unrelated,0,86,1,EXECUTE,published_after_gate_recheck,19.292598124593496,4.917460959404707,0.0,66.06560008038215
readset,unrelated,0,87,1,EXECUTE,published_after_gate_recheck,16.29021717235446,4.332483746111393,0.0,66.06560008038215
readset,unrelated,0,88,1,EXECUTE,published_after_gate_recheck,16.75521908327937,5.502387881278992,0.0,66.06560008038215
readset,unrelated,0,89,1,EXECUTE,published_after_gate_recheck,16.212872229516506,4.812865052372217,0.0,66.06560008038215
readset,unrelated,0,90,1,EXECUTE,published_after_gate_recheck,16.22746977955103,5.071368999779224,0.0,66.06560008038215
readset,unrelated,0,91,1,EXECUTE,published_after_gate_recheck,16.426021233201027,4.785413853824139,0.0,66.06560008038215
readset,unrelated,0,92,1,EXECUTE,published_after_gate_recheck,15.41124889627099,4.4924551621079445,0.0,66.06560008038215
readset,unrelated,0,93,1,EXECUTE,published_after_gate_recheck,14.349398203194141,3.989851102232933,0.0,66.06560008038215
readset,unrelated,0,94,1,EXECUTE,published_after_gate_recheck,14.29972518235445,4.254277795553207,0.0,66.06560008038215
readset,unrelated,0,95,1,EXECUTE,published_after_gate_recheck,15.319366939365864,4.290867131203413,0.0,66.06560008038215
readset,unrelated,0,96,1,EXECUTE,published_after_gate_recheck,15.675855800509453,4.617217928171158,0.0,66.06560008038215
readset,unrelated,0,97,1,EXECUTE,published_after_gate_recheck,15.341226942837238,4.324269015341997,0.0,66.06560008038215
readset,unrelated,0,98,1,EXECUTE,published_after_gate_recheck,15.259054023772478,4.332575015723705,0.0,66.06560008038215
readset,unrelated,0,99,1,EXECUTE,published_after_gate_recheck,14.658426865935326,4.377168137580156,0.0,66.06560008038215
truth,unrelated,0,0,1,EXECUTE,published_after_gate_recheck,14.752463903278112,4.193984903395176,0.0,67.64534579297158
truth,unrelated,0,1,1,EXECUTE,published_after_gate_recheck,14.168658759444952,4.252173937857151,0.0,67.64534579297158
truth,unrelated,0,2,1,EXECUTE,published_after_gate_recheck,14.274477027356625,4.316012840718031,0.0,67.64534579297158
truth,unrelated,0,3,1,EXECUTE,published_after_gate_recheck,14.950075186789036,4.326703026890755,0.0,67.64534579297158
truth,unrelated,0,4,1,EXECUTE,published_after_gate_recheck,15.009946189820766,4.311203956604004,0.0,67.64534579297158
truth,unrelated,0,5,1,EXECUTE,published_after_gate_recheck,14.006695244461298,3.982007037848234,0.0,67.64534579297158
truth,unrelated,0,6,1,EXECUTE,published_after_gate_recheck,14.562848024070263,4.125304985791445,0.0,67.64534579297158
truth,unrelated,0,7,1,EXECUTE,published_after_gate_recheck,15.05457004532218,4.364163149148226,0.0,67.64534579297158
truth,unrelated,0,8,1,EXECUTE,published_after_gate_recheck,14.146416913717985,3.910793922841549,0.0,67.64534579297158
truth,unrelated,0,9,1,EXECUTE,published_after_gate_recheck,14.467278961092234,4.264777060598135,0.0,67.64534579297158
truth,unrelated,0,10,1,EXECUTE,published_after_gate_recheck,14.69222130253911,4.261059686541557,0.0,67.64534579297158
truth,unrelated,0,11,1,EXECUTE,published_after_gate_recheck,14.858101960271597,4.139462951570749,0.0,67.64534579297158
truth,unrelated,0,12,1,EXECUTE,published_after_gate_recheck,14.742213767021894,4.380363970994949,0.0,67.64534579297158
truth,unrelated,0,13,1,EXECUTE,published_after_gate_recheck,14.037644024938345,4.094888921827078,0.0,67.64534579297158
truth,unrelated,0,14,1,EXECUTE,published_after_gate_recheck,14.51006904244423,3.941530827432871,0.0,67.64534579297158
truth,unrelated,0,15,1,EXECUTE,published_after_gate_recheck,15.640479046851397,4.300324246287346,0.0,67.64534579297158
truth,unrelated,0,16,1,EXECUTE,published_after_gate_recheck,15.415467321872711,4.173025023192167,0.0,67.64534579297158
truth,unrelated,0,17,1,EXECUTE,published_after_gate_recheck,15.585405752062798,4.335599951446056,0.0,67.64534579297158
truth,unrelated,0,18,1,EXECUTE,published_after_gate_recheck,15.879746992141008,4.547648131847382,0.0,67.64534579297158
truth,unrelated,0,19,1,EXECUTE,published_after_gate_recheck,14.994257129728794,4.168607294559479,0.0,67.64534579297158
truth,unrelated,0,20,1,EXECUTE,published_after_gate_recheck,14.448113273829222,4.442129749804735,0.0,67.64534579297158
truth,unrelated,0,21,1,EXECUTE,published_after_gate_recheck,14.819991309195757,4.114133771508932,0.0,67.64534579297158
truth,unrelated,0,22,1,EXECUTE,published_after_gate_recheck,15.075739938765764,4.373752046376467,0.0,67.64534579297158
truth,unrelated,0,23,1,EXECUTE,published_after_gate_recheck,14.432272873818874,4.0357280522584915,0.0,67.64534579297158
truth,unrelated,0,24,1,EXECUTE,published_after_gate_recheck,15.646238811314106,4.431500099599361,0.0,67.64534579297158
truth,unrelated,0,25,1,EXECUTE,published_after_gate_recheck,14.43816488608718,4.358613397926092,0.0,67.64534579297158
truth,unrelated,0,26,1,EXECUTE,published_after_gate_recheck,15.064017847180367,4.511039238423109,0.0,67.64534579297158
truth,unrelated,0,27,1,EXECUTE,published_after_gate_recheck,14.178766869008541,4.398709163069725,0.0,67.64534579297158
truth,unrelated,0,28,1,EXECUTE,published_after_gate_recheck,14.402678236365318,3.8853557780385017,0.0,67.64534579297158
truth,unrelated,0,29,1,EXECUTE,published_after_gate_recheck,15.460070688277483,4.804468713700771,0.0,67.64534579297158
truth,unrelated,0,30,1,EXECUTE,published_after_gate_recheck,14.76914482191205,4.332714714109898,0.0,67.64534579297158
truth,unrelated,0,31,1,EXECUTE,published_after_gate_recheck,14.711656607687473,3.872761968523264,0.0,67.64534579297158
truth,unrelated,0,32,1,EXECUTE,published_after_gate_recheck,14.473951887339354,4.52218996360898,0.0,67.64534579297158
truth,unrelated,0,33,1,EXECUTE,published_after_gate_recheck,14.66322597116232,4.296598024666309,0.0,67.64534579297158
truth,unrelated,0,34,1,EXECUTE,published_after_gate_recheck,14.51113075017929,4.282349720597267,0.0,67.64534579297158
truth,unrelated,0,35,1,EXECUTE,published_after_gate_recheck,13.830665964633226,3.886086866259575,0.0,67.64534579297158
truth,unrelated,0,36,1,EXECUTE,published_after_gate_recheck,14.28298419341445,4.510087892413139,0.0,67.64534579297158
truth,unrelated,0,37,1,EXECUTE,published_after_gate_recheck,14.517032075673342,4.634280223399401,0.0,67.64534579297158
truth,unrelated,0,38,1,EXECUTE,published_after_gate_recheck,15.241399873048067,4.319699946790934,0.0,67.64534579297158
truth,unrelated,0,39,1,EXECUTE,published_after_gate_recheck,14.92439629510045,4.285767208784819,0.0,67.64534579297158
truth,unrelated,0,40,1,EXECUTE,published_after_gate_recheck,13.962182216346264,3.534147050231695,0.0,67.64534579297158
truth,unrelated,0,41,1,EXECUTE,published_after_gate_recheck,14.78455401957035,4.300926346331835,0.0,67.64534579297158
truth,unrelated,0,42,1,EXECUTE,published_after_gate_recheck,15.025065280497074,4.5029339380562305,0.0,67.64534579297158
truth,unrelated,0,43,1,EXECUTE,published_after_gate_recheck,15.081971883773804,3.9344378747045994,0.0,67.64534579297158
truth,unrelated,0,44,1,EXECUTE,published_after_gate_recheck,15.040704049170017,4.499246831983328,0.0,67.64534579297158
truth,unrelated,0,45,1,EXECUTE,published_after_gate_recheck,14.734760392457247,4.237515851855278,0.0,67.64534579297158
truth,unrelated,0,46,1,EXECUTE,published_after_gate_recheck,13.989102095365524,3.697733860462904,0.0,67.64534579297158
truth,unrelated,0,47,1,EXECUTE,published_after_gate_recheck,18.975382205098867,8.12032725661993,0.0,67.64534579297158
truth,unrelated,0,48,1,EXECUTE,published_after_gate_recheck,14.929224736988544,4.486393183469772,0.0,67.64534579297158
truth,unrelated,0,49,1,EXECUTE,published_after_gate_recheck,15.02057584002614,4.366377834230661,0.0,67.64534579297158
truth,unrelated,0,50,1,EXECUTE,published_after_gate_recheck,16.882929019629955,5.180705338716507,0.0,67.64534579297158
truth,unrelated,0,51,1,EXECUTE,published_after_gate_recheck,15.446124598383904,4.302507732063532,0.0,67.64534579297158
truth,unrelated,0,52,1,EXECUTE,published_after_gate_recheck,14.873350039124489,4.121549427509308,0.0,67.64534579297158
truth,unrelated,0,53,1,EXECUTE,published_after_gate_recheck,14.688794035464525,4.3923258781433105,0.0,67.64534579297158
truth,unrelated,0,54,1,EXECUTE,published_after_gate_recheck,14.91465698927641,3.9416919462382793,0.0,67.64534579297158
truth,unrelated,0,55,1,EXECUTE,published_after_gate_recheck,17.08031864836812,5.804415326565504,0.0,67.64534579297158
truth,unrelated,0,56,1,EXECUTE,published_after_gate_recheck,14.977646060287952,4.083667881786823,0.0,67.64534579297158
truth,unrelated,0,57,1,EXECUTE,published_after_gate_recheck,14.54832125455141,4.536367021501064,0.0,67.64534579297158
truth,unrelated,0,58,1,EXECUTE,published_after_gate_recheck,14.74005077034235,4.394911229610443,0.0,67.64534579297158
truth,unrelated,0,59,1,EXECUTE,published_after_gate_recheck,14.102684799581766,4.030668176710606,0.0,67.64534579297158
truth,unrelated,0,60,1,EXECUTE,published_after_gate_recheck,15.110154170542955,3.975034225732088,0.0,67.64534579297158
truth,unrelated,0,61,1,EXECUTE,published_after_gate_recheck,14.551117084920406,4.069861955940723,0.0,67.64534579297158
truth,unrelated,0,62,1,EXECUTE,published_after_gate_recheck,13.915995135903358,3.7377793341875076,0.0,67.64534579297158
truth,unrelated,0,63,1,EXECUTE,published_after_gate_recheck,15.574665274471045,4.497364163398743,0.0,67.64534579297158
truth,unrelated,0,64,1,EXECUTE,published_after_gate_recheck,15.82740992307663,4.566372837871313,0.0,67.64534579297158
truth,unrelated,0,65,1,EXECUTE,published_after_gate_recheck,14.799491968005896,4.382639192044735,0.0,67.64534579297158
truth,unrelated,0,66,1,EXECUTE,published_after_gate_recheck,14.489039778709412,4.774943925440311,0.0,67.64534579297158
truth,unrelated,0,67,1,EXECUTE,published_after_gate_recheck,14.843062963336706,4.274735692888498,0.0,67.64534579297158
truth,unrelated,0,68,1,EXECUTE,published_after_gate_recheck,14.163909945636988,4.213029984384775,0.0,67.64534579297158
truth,unrelated,0,69,1,EXECUTE,published_after_gate_recheck,14.769925735890865,4.404619801789522,0.0,67.64534579297158
truth,unrelated,0,70,1,EXECUTE,published_after_gate_recheck,14.718479942530394,3.945278935134411,0.0,67.64534579297158
truth,unrelated,0,71,1,EXECUTE,published_after_gate_recheck,14.557507820427418,4.01403708383441,0.0,67.64534579297158
truth,unrelated,0,72,1,EXECUTE,published_after_gate_recheck,14.586141798645258,4.064611159265041,0.0,67.64534579297158
truth,unrelated,0,73,1,EXECUTE,published_after_gate_recheck,14.662154018878937,4.786806181073189,0.0,67.64534579297158
truth,unrelated,0,74,1,EXECUTE,published_after_gate_recheck,14.403799548745155,3.9701848290860653,0.0,67.64534579297158
truth,unrelated,0,75,1,EXECUTE,published_after_gate_recheck,14.319460839033127,3.95016698166728,0.0,67.64534579297158
truth,unrelated,0,76,1,EXECUTE,published_after_gate_recheck,13.709618244320154,3.7972498685121536,0.0,67.64534579297158
truth,unrelated,0,77,1,EXECUTE,published_after_gate_recheck,14.415791723877192,4.082454834133387,0.0,67.64534579297158
truth,unrelated,0,78,1,EXECUTE,published_after_gate_recheck,13.807681854814291,4.365676082670689,0.0,67.64534579297158
truth,unrelated,0,79,1,EXECUTE,published_after_gate_recheck,14.666081871837378,4.297188017517328,0.0,67.64534579297158
truth,unrelated,0,80,1,EXECUTE,published_after_gate_recheck,14.576965011656284,4.068790003657341,0.0,67.64534579297158
truth,unrelated,0,81,1,EXECUTE,published_after_gate_recheck,14.197984244674444,4.311705939471722,0.0,67.64534579297158
truth,unrelated,0,82,1,EXECUTE,published_after_gate_recheck,14.397868886590004,4.214422777295113,0.0,67.64534579297158
truth,unrelated,0,83,1,EXECUTE,published_after_gate_recheck,15.313175041228533,4.198201932013035,0.0,67.64534579297158
truth,unrelated,0,84,1,EXECUTE,published_after_gate_recheck,14.650843106210232,4.376356024295092,0.0,67.64534579297158
truth,unrelated,0,85,1,EXECUTE,published_after_gate_recheck,14.377451036125422,4.525036085397005,0.0,67.64534579297158
truth,unrelated,0,86,1,EXECUTE,published_after_gate_recheck,13.69793713092804,3.6711939610540867,0.0,67.64534579297158
truth,unrelated,0,87,1,EXECUTE,published_after_gate_recheck,14.457350131124258,4.373141098767519,0.0,67.64534579297158
truth,unrelated,0,88,1,EXECUTE,published_after_gate_recheck,13.68259685114026,4.1702501475811005,0.0,67.64534579297158
truth,unrelated,0,89,1,EXECUTE,published_after_gate_recheck,14.905521180480719,5.054198205471039,0.0,67.64534579297158
truth,unrelated,0,90,1,EXECUTE,published_after_gate_recheck,13.886620290577412,4.299722611904144,0.0,67.64534579297158
truth,unrelated,0,91,1,EXECUTE,published_after_gate_recheck,15.14238491654396,4.907842725515366,0.0,67.64534579297158
truth,unrelated,0,92,1,EXECUTE,published_after_gate_recheck,13.924460858106613,4.0308889001607895,0.0,67.64534579297158
truth,unrelated,0,93,1,EXECUTE,published_after_gate_recheck,14.355318620800972,3.873744048178196,0.0,67.64534579297158
truth,unrelated,0,94,1,EXECUTE,published_after_gate_recheck,15.102691017091274,4.016370978206396,0.0,67.64534579297158
truth,unrelated,0,95,1,EXECUTE,published_after_gate_recheck,14.955224003642797,4.174047149717808,0.0,67.64534579297158
truth,unrelated,0,96,1,EXECUTE,published_after_gate_recheck,14.3961850553751,4.053471144288778,0.0,67.64534579297158
truth,unrelated,0,97,1,EXECUTE,published_after_gate_recheck,13.690351974219084,4.003867972642183,0.0,67.64534579297158
truth,unrelated,0,98,1,EXECUTE,published_after_gate_recheck,14.247736893594265,4.147046245634556,0.0,67.64534579297158
truth,unrelated,0,99,1,EXECUTE,published_after_gate_recheck,13.860981911420822,4.23107435926795,0.0,67.64534579297158
opa,unrelated,0,0,1,EXECUTE,opa_allowed_at_gate,10.96665533259511,3.4372960217297077,0.0,111.07438362603088
opa,unrelated,0,1,1,EXECUTE,opa_allowed_at_gate,8.760007098317146,3.152070101350546,0.0,111.07438362603088
opa,unrelated,0,2,1,EXECUTE,opa_allowed_at_gate,8.739007636904716,3.285141196101904,0.0,111.07438362603088
opa,unrelated,0,3,1,EXECUTE,opa_allowed_at_gate,9.572441224008799,3.3454839140176773,0.0,111.07438362603088
opa,unrelated,0,4,1,EXECUTE,opa_allowed_at_gate,8.790423162281513,3.019360825419426,0.0,111.07438362603088
opa,unrelated,0,5,1,EXECUTE,opa_allowed_at_gate,8.409540168941021,3.066711127758026,0.0,111.07438362603088
opa,unrelated,0,6,1,EXECUTE,opa_allowed_at_gate,9.272448252886534,3.2549742609262466,0.0,111.07438362603088
opa,unrelated,0,7,1,EXECUTE,opa_allowed_at_gate,8.7293297983706,2.7433340437710285,0.0,111.07438362603088
opa,unrelated,0,8,1,EXECUTE,opa_allowed_at_gate,8.145504165440798,2.938089892268181,0.0,111.07438362603088
opa,unrelated,0,9,1,EXECUTE,opa_allowed_at_gate,8.453411981463432,3.045611083507538,0.0,111.07438362603088
opa,unrelated,0,10,1,EXECUTE,opa_allowed_at_gate,8.546126075088978,2.8878962621092796,0.0,111.07438362603088
opa,unrelated,0,11,1,EXECUTE,opa_allowed_at_gate,8.939282968640327,3.1077079474925995,0.0,111.07438362603088
opa,unrelated,0,12,1,EXECUTE,opa_allowed_at_gate,9.26799001172185,3.210310358554125,0.0,111.07438362603088
opa,unrelated,0,13,1,EXECUTE,opa_allowed_at_gate,9.230148047208786,3.3829226158559322,0.0,111.07438362603088
opa,unrelated,0,14,1,EXECUTE,opa_allowed_at_gate,9.156160056591034,3.1515993177890778,0.0,111.07438362603088
opa,unrelated,0,15,1,EXECUTE,opa_allowed_at_gate,8.788200095295906,3.174303099513054,0.0,111.07438362603088
opa,unrelated,0,16,1,EXECUTE,opa_allowed_at_gate,9.145800955593586,2.93030496686697,0.0,111.07438362603088
opa,unrelated,0,17,1,EXECUTE,opa_allowed_at_gate,9.388575330376625,3.0467030592262745,0.0,111.07438362603088
opa,unrelated,0,18,1,EXECUTE,opa_allowed_at_gate,9.335116017609835,3.1055528670549393,0.0,111.07438362603088
opa,unrelated,0,19,1,EXECUTE,opa_allowed_at_gate,8.63820780068636,3.1640930101275444,0.0,111.07438362603088
opa,unrelated,0,20,1,EXECUTE,opa_allowed_at_gate,9.056081995368004,3.479945007711649,0.0,111.07438362603088
opa,unrelated,0,21,1,EXECUTE,opa_allowed_at_gate,8.838022593408823,2.9483488760888577,0.0,111.07438362603088
opa,unrelated,0,22,1,EXECUTE,opa_allowed_at_gate,8.384593296796083,3.034621011465788,0.0,111.07438362603088
opa,unrelated,0,23,1,EXECUTE,opa_allowed_at_gate,9.105124045163393,3.1531830318272114,0.0,111.07438362603088
opa,unrelated,0,24,1,EXECUTE,opa_allowed_at_gate,9.655516128987074,3.236499149352312,0.0,111.07438362603088
opa,unrelated,0,25,1,EXECUTE,opa_allowed_at_gate,9.278528857976198,3.2016239129006863,0.0,111.07438362603088
opa,unrelated,0,26,1,EXECUTE,opa_allowed_at_gate,11.236260179430246,4.353352822363377,0.0,111.07438362603088
opa,unrelated,0,27,1,EXECUTE,opa_allowed_at_gate,9.020073805004358,3.2056421041488647,0.0,111.07438362603088
opa,unrelated,0,28,1,EXECUTE,opa_allowed_at_gate,9.499943815171719,2.952998038381338,0.0,111.07438362603088
opa,unrelated,0,29,1,EXECUTE,opa_allowed_at_gate,9.27413022145629,2.8595319017767906,0.0,111.07438362603088
opa,unrelated,0,30,1,EXECUTE,opa_allowed_at_gate,8.61639715731144,2.7247690595686436,0.0,111.07438362603088
opa,unrelated,0,31,1,EXECUTE,opa_allowed_at_gate,8.76618828624487,3.051221836358309,0.0,111.07438362603088
opa,unrelated,0,32,1,EXECUTE,opa_allowed_at_gate,8.573256898671389,2.784992102533579,0.0,111.07438362603088
opa,unrelated,0,33,1,EXECUTE,opa_allowed_at_gate,9.392363019287586,3.00285080447793,0.0,111.07438362603088
opa,unrelated,0,34,1,EXECUTE,opa_allowed_at_gate,8.238759357482195,3.1104721128940582,0.0,111.07438362603088
opa,unrelated,0,35,1,EXECUTE,opa_allowed_at_gate,8.477496914565563,3.010846208781004,0.0,111.07438362603088
opa,unrelated,0,36,1,EXECUTE,opa_allowed_at_gate,8.623240049928427,3.072952851653099,0.0,111.07438362603088
opa,unrelated,0,37,1,EXECUTE,opa_allowed_at_gate,8.99485731497407,3.012358210980892,0.0,111.07438362603088
opa,unrelated,0,38,1,EXECUTE,opa_allowed_at_gate,8.65980889648199,3.164934925734997,0.0,111.07438362603088
opa,unrelated,0,39,1,EXECUTE,opa_allowed_at_gate,9.19939111918211,3.547822590917349,0.0,111.07438362603088
opa,unrelated,0,40,1,EXECUTE,opa_allowed_at_gate,9.05389804393053,3.4553189761936665,0.0,111.07438362603088
opa,unrelated,0,41,1,EXECUTE,opa_allowed_at_gate,8.599636144936085,2.9721632599830627,0.0,111.07438362603088
opa,unrelated,0,42,1,EXECUTE,opa_allowed_at_gate,8.862198796123266,2.727644983679056,0.0,111.07438362603088
opa,unrelated,0,43,1,EXECUTE,opa_allowed_at_gate,8.088646922260523,2.7634520083665848,0.0,111.07438362603088
opa,unrelated,0,44,1,EXECUTE,opa_allowed_at_gate,8.61297082155943,2.989755943417549,0.0,111.07438362603088
opa,unrelated,0,45,1,EXECUTE,opa_allowed_at_gate,8.724489714950323,2.964087761938572,0.0,111.07438362603088
opa,unrelated,0,46,1,EXECUTE,opa_allowed_at_gate,8.77334177494049,2.984326332807541,0.0,111.07438362603088
opa,unrelated,0,47,1,EXECUTE,opa_allowed_at_gate,9.560317732393742,3.4202439710497856,0.0,111.07438362603088
opa,unrelated,0,48,1,EXECUTE,opa_allowed_at_gate,9.015855845063925,2.975198905915022,0.0,111.07438362603088
opa,unrelated,0,49,1,EXECUTE,opa_allowed_at_gate,9.78329498320818,3.2202289439737797,0.0,111.07438362603088
opa,unrelated,0,50,1,EXECUTE,opa_allowed_at_gate,8.74587008729577,3.0726920813322067,0.0,111.07438362603088
opa,unrelated,0,51,1,EXECUTE,opa_allowed_at_gate,9.631972294300795,3.074825741350651,0.0,111.07438362603088
opa,unrelated,0,52,1,EXECUTE,opa_allowed_at_gate,8.803488221019506,2.990607637912035,0.0,111.07438362603088
opa,unrelated,0,53,1,EXECUTE,opa_allowed_at_gate,8.789932820945978,2.916730009019375,0.0,111.07438362603088
opa,unrelated,0,54,1,EXECUTE,opa_allowed_at_gate,10.191189590841532,3.2788487151265144,0.0,111.07438362603088
opa,unrelated,0,55,1,EXECUTE,opa_allowed_at_gate,9.063926991075277,3.1222552061080933,0.0,111.07438362603088
opa,unrelated,0,56,1,EXECUTE,opa_allowed_at_gate,8.676220197230577,3.029771149158478,0.0,111.07438362603088
opa,unrelated,0,57,1,EXECUTE,opa_allowed_at_gate,9.771051816642284,3.0148429796099663,0.0,111.07438362603088
opa,unrelated,0,58,1,EXECUTE,opa_allowed_at_gate,8.878708817064762,3.1536840833723545,0.0,111.07438362603088
opa,unrelated,0,59,1,EXECUTE,opa_allowed_at_gate,9.203257970511913,3.2566869631409645,0.0,111.07438362603088
opa,unrelated,0,60,1,EXECUTE,opa_allowed_at_gate,9.003472980111837,2.9690368101000786,0.0,111.07438362603088
opa,unrelated,0,61,1,EXECUTE,opa_allowed_at_gate,9.085145778954029,3.184892237186432,0.0,111.07438362603088
opa,unrelated,0,62,1,EXECUTE,opa_allowed_at_gate,8.395312819629908,3.006306942552328,0.0,111.07438362603088
opa,unrelated,0,63,1,EXECUTE,opa_allowed_at_gate,9.220360312610865,2.739467192441225,0.0,111.07438362603088
opa,unrelated,0,64,1,EXECUTE,opa_allowed_at_gate,9.089725092053413,3.205610904842615,0.0,111.07438362603088
opa,unrelated,0,65,1,EXECUTE,opa_allowed_at_gate,8.807084988802671,2.909144852310419,0.0,111.07438362603088
opa,unrelated,0,66,1,EXECUTE,opa_allowed_at_gate,8.481573779135942,2.722735982388258,0.0,111.07438362603088
opa,unrelated,0,67,1,EXECUTE,opa_allowed_at_gate,8.748224005103111,2.926948945969343,0.0,111.07438362603088
opa,unrelated,0,68,1,EXECUTE,opa_allowed_at_gate,8.945583831518888,3.3074021339416504,0.0,111.07438362603088
opa,unrelated,0,69,1,EXECUTE,opa_allowed_at_gate,8.665398694574833,2.815058920532465,0.0,111.07438362603088
opa,unrelated,0,70,1,EXECUTE,opa_allowed_at_gate,9.59683582186699,3.221300896257162,0.0,111.07438362603088
opa,unrelated,0,71,1,EXECUTE,opa_allowed_at_gate,9.970156010240316,3.3328402787446976,0.0,111.07438362603088
opa,unrelated,0,72,1,EXECUTE,opa_allowed_at_gate,8.884860668331385,2.972294110804796,0.0,111.07438362603088
opa,unrelated,0,73,1,EXECUTE,opa_allowed_at_gate,9.311281144618988,3.045781049877405,0.0,111.07438362603088
opa,unrelated,0,74,1,EXECUTE,opa_allowed_at_gate,10.581912938505411,3.136470913887024,0.0,111.07438362603088
opa,unrelated,0,75,1,EXECUTE,opa_allowed_at_gate,8.743525948375463,3.010484855622053,0.0,111.07438362603088
opa,unrelated,0,76,1,EXECUTE,opa_allowed_at_gate,8.208401966840029,2.7978159487247467,0.0,111.07438362603088
opa,unrelated,0,77,1,EXECUTE,opa_allowed_at_gate,9.004184976220131,2.9674647375941277,0.0,111.07438362603088
opa,unrelated,0,78,1,EXECUTE,opa_allowed_at_gate,8.957356680184603,2.920307219028473,0.0,111.07438362603088
opa,unrelated,0,79,1,EXECUTE,opa_allowed_at_gate,9.301091078668833,3.0144727788865566,0.0,111.07438362603088
opa,unrelated,0,80,1,EXECUTE,opa_allowed_at_gate,8.225154131650925,2.7458486147224903,0.0,111.07438362603088
opa,unrelated,0,81,1,EXECUTE,opa_allowed_at_gate,8.934332989156246,3.225619439035654,0.0,111.07438362603088
opa,unrelated,0,82,1,EXECUTE,opa_allowed_at_gate,8.47357977181673,2.888656686991453,0.0,111.07438362603088
opa,unrelated,0,83,1,EXECUTE,opa_allowed_at_gate,9.132515173405409,2.9050372540950775,0.0,111.07438362603088
opa,unrelated,0,84,1,EXECUTE,opa_allowed_at_gate,7.750744000077248,2.4343952536582947,0.0,111.07438362603088
opa,unrelated,0,85,1,EXECUTE,opa_allowed_at_gate,8.763422723859549,3.104681149125099,0.0,111.07438362603088
opa,unrelated,0,86,1,EXECUTE,opa_allowed_at_gate,9.500906337052584,3.4696259535849094,0.0,111.07438362603088
opa,unrelated,0,87,1,EXECUTE,opa_allowed_at_gate,8.926138281822205,2.7432339265942574,0.0,111.07438362603088
opa,unrelated,0,88,1,EXECUTE,opa_allowed_at_gate,8.347433991730213,2.615974750369787,0.0,111.07438362603088
opa,unrelated,0,89,1,EXECUTE,opa_allowed_at_gate,8.347813971340656,2.8515267185866833,0.0,111.07438362603088
opa,unrelated,0,90,1,EXECUTE,opa_allowed_at_gate,8.839406073093414,2.917160280048847,0.0,111.07438362603088
opa,unrelated,0,91,1,EXECUTE,opa_allowed_at_gate,8.589536882936954,3.0953548848629,0.0,111.07438362603088
opa,unrelated,0,92,1,EXECUTE,opa_allowed_at_gate,8.798698894679546,2.7985181659460068,0.0,111.07438362603088
opa,unrelated,0,93,1,EXECUTE,opa_allowed_at_gate,8.859103079885244,2.9785847291350365,0.0,111.07438362603088
opa,unrelated,0,94,1,EXECUTE,opa_allowed_at_gate,8.582273032516241,2.883006352931261,0.0,111.07438362603088
opa,unrelated,0,95,1,EXECUTE,opa_allowed_at_gate,9.060901124030352,3.3320081420242786,0.0,111.07438362603088
opa,unrelated,0,96,1,EXECUTE,opa_allowed_at_gate,8.796706330031157,3.1832996755838394,0.0,111.07438362603088
opa,unrelated,0,97,1,EXECUTE,opa_allowed_at_gate,8.006824180483818,2.693521324545145,0.0,111.07438362603088
opa,unrelated,0,98,1,EXECUTE,opa_allowed_at_gate,8.133952971547842,2.7038902044296265,0.0,111.07438362603088
opa,unrelated,0,99,1,EXECUTE,opa_allowed_at_gate,8.65147402510047,2.9420070350170135,0.0,111.07438362603088
opa_readset,unrelated,0,0,1,EXECUTE,opa_allowed_at_gate,8.919404819607735,2.5445111095905304,0.0,110.65279779951703
opa_readset,unrelated,0,1,1,EXECUTE,opa_allowed_at_gate,8.983585983514786,3.4246821887791157,0.0,110.65279779951703
opa_readset,unrelated,0,2,1,EXECUTE,opa_allowed_at_gate,8.972434792667627,3.0890819616615772,0.0,110.65279779951703
opa_readset,unrelated,0,3,1,EXECUTE,opa_allowed_at_gate,8.814368396997452,3.1879879534244537,0.0,110.65279779951703
opa_readset,unrelated,0,4,1,EXECUTE,opa_allowed_at_gate,9.168392978608608,3.075377084314823,0.0,110.65279779951703
opa_readset,unrelated,0,5,1,EXECUTE,opa_allowed_at_gate,9.327469859272242,3.724033012986183,0.0,110.65279779951703
opa_readset,unrelated,0,6,1,EXECUTE,opa_allowed_at_gate,8.595709223300219,3.012710250914097,0.0,110.65279779951703
opa_readset,unrelated,0,7,1,EXECUTE,opa_allowed_at_gate,9.124841075390577,2.8143469244241714,0.0,110.65279779951703
opa_readset,unrelated,0,8,1,EXECUTE,opa_allowed_at_gate,9.034892078489065,2.9231212101876736,0.0,110.65279779951703
opa_readset,unrelated,0,9,1,EXECUTE,opa_allowed_at_gate,9.083823766559362,2.832641825079918,0.0,110.65279779951703
opa_readset,unrelated,0,10,1,EXECUTE,opa_allowed_at_gate,8.196759968996048,2.807504031807184,0.0,110.65279779951703
opa_readset,unrelated,0,11,1,EXECUTE,opa_allowed_at_gate,8.077125996351242,2.425489015877247,0.0,110.65279779951703
opa_readset,unrelated,0,12,1,EXECUTE,opa_allowed_at_gate,8.745660074055195,2.696495968848467,0.0,110.65279779951703
opa_readset,unrelated,0,13,1,EXECUTE,opa_allowed_at_gate,9.064177051186562,3.433958627283573,0.0,110.65279779951703
opa_readset,unrelated,0,14,1,EXECUTE,opa_allowed_at_gate,8.49378714337945,2.983594313263893,0.0,110.65279779951703
opa_readset,unrelated,0,15,1,EXECUTE,opa_allowed_at_gate,10.44180104508996,3.981837071478367,0.0,110.65279779951703
opa_readset,unrelated,0,16,1,EXECUTE,opa_allowed_at_gate,8.554460946470499,3.035321831703186,0.0,110.65279779951703
opa_readset,unrelated,0,17,1,EXECUTE,opa_allowed_at_gate,9.086899925023317,2.821881789714098,0.0,110.65279779951703
opa_readset,unrelated,0,18,1,EXECUTE,opa_allowed_at_gate,8.559260051697493,2.9773730784654617,0.0,110.65279779951703
opa_readset,unrelated,0,19,1,EXECUTE,opa_allowed_at_gate,9.395598899573088,3.292874898761511,0.0,110.65279779951703
opa_readset,unrelated,0,20,1,EXECUTE,opa_allowed_at_gate,8.159390185028315,2.8479197062551975,0.0,110.65279779951703
opa_readset,unrelated,0,21,1,EXECUTE,opa_allowed_at_gate,9.483122732490301,3.4281383268535137,0.0,110.65279779951703
opa_readset,unrelated,0,22,1,EXECUTE,opa_allowed_at_gate,8.955382741987705,3.030582796782255,0.0,110.65279779951703
opa_readset,unrelated,0,23,1,EXECUTE,opa_allowed_at_gate,8.552427869290113,2.802956383675337,0.0,110.65279779951703
opa_readset,unrelated,0,24,1,EXECUTE,opa_allowed_at_gate,8.885092101991177,3.0400101095438004,0.0,110.65279779951703
opa_readset,unrelated,0,25,1,EXECUTE,opa_allowed_at_gate,8.634542115032673,2.651723101735115,0.0,110.65279779951703
opa_readset,unrelated,0,26,1,EXECUTE,opa_allowed_at_gate,8.447480853646994,2.8163809329271317,0.0,110.65279779951703
opa_readset,unrelated,0,27,1,EXECUTE,opa_allowed_at_gate,9.284891188144684,3.3695390447974205,0.0,110.65279779951703
opa_readset,unrelated,0,28,1,EXECUTE,opa_allowed_at_gate,9.161668829619884,3.0738236382603645,0.0,110.65279779951703
opa_readset,unrelated,0,29,1,EXECUTE,opa_allowed_at_gate,9.014604147523642,3.135478589683771,0.0,110.65279779951703
opa_readset,unrelated,0,30,1,EXECUTE,opa_allowed_at_gate,9.231962263584137,2.9604220762848854,0.0,110.65279779951703
opa_readset,unrelated,0,31,1,EXECUTE,opa_allowed_at_gate,10.794221889227629,3.266554791480303,0.0,110.65279779951703
opa_readset,unrelated,0,32,1,EXECUTE,opa_allowed_at_gate,9.453507140278816,2.9783248901367188,0.0,110.65279779951703
opa_readset,unrelated,0,33,1,EXECUTE,opa_allowed_at_gate,8.712989278137684,2.983354963362217,0.0,110.65279779951703
opa_readset,unrelated,0,34,1,EXECUTE,opa_allowed_at_gate,9.688797872513533,3.2836971804499626,0.0,110.65279779951703
opa_readset,unrelated,0,35,1,EXECUTE,opa_allowed_at_gate,8.561703842133284,2.894085831940174,0.0,110.65279779951703
opa_readset,unrelated,0,36,1,EXECUTE,opa_allowed_at_gate,8.527080062776804,2.894909121096134,0.0,110.65279779951703
opa_readset,unrelated,0,37,1,EXECUTE,opa_allowed_at_gate,8.685666602104902,2.9897657223045826,0.0,110.65279779951703
opa_readset,unrelated,0,38,1,EXECUTE,opa_allowed_at_gate,8.199926931411028,2.915026154369116,0.0,110.65279779951703
opa_readset,unrelated,0,39,1,EXECUTE,opa_allowed_at_gate,8.391886949539185,2.7045919559895992,0.0,110.65279779951703
opa_readset,unrelated,0,40,1,EXECUTE,opa_allowed_at_gate,8.89096176251769,3.021625801920891,0.0,110.65279779951703
opa_readset,unrelated,0,41,1,EXECUTE,opa_allowed_at_gate,8.7402299977839,2.808947116136551,0.0,110.65279779951703
opa_readset,unrelated,0,42,1,EXECUTE,opa_allowed_at_gate,9.226431138813496,3.2845386303961277,0.0,110.65279779951703
opa_readset,unrelated,0,43,1,EXECUTE,opa_allowed_at_gate,8.221167139708996,3.0758180655539036,0.0,110.65279779951703
opa_readset,unrelated,0,44,1,EXECUTE,opa_allowed_at_gate,8.865023031830788,3.1047621741890907,0.0,110.65279779951703
opa_readset,unrelated,0,45,1,EXECUTE,opa_allowed_at_gate,11.8798166513443,5.099683068692684,0.0,110.65279779951703
opa_readset,unrelated,0,46,1,EXECUTE,opa_allowed_at_gate,9.216502774506807,3.2516978681087494,0.0,110.65279779951703
opa_readset,unrelated,0,47,1,EXECUTE,opa_allowed_at_gate,8.691207971423864,2.97865504398942,0.0,110.65279779951703
opa_readset,unrelated,0,48,1,EXECUTE,opa_allowed_at_gate,8.593184407800436,2.9023331589996815,0.0,110.65279779951703
opa_readset,unrelated,0,49,1,EXECUTE,opa_allowed_at_gate,9.425614960491657,3.2486417330801487,0.0,110.65279779951703
opa_readset,unrelated,0,50,1,EXECUTE,opa_allowed_at_gate,8.565541822463274,3.0718608759343624,0.0,110.65279779951703
opa_readset,unrelated,0,51,1,EXECUTE,opa_allowed_at_gate,8.813196793198586,3.106995951384306,0.0,110.65279779951703
opa_readset,unrelated,0,52,1,EXECUTE,opa_allowed_at_gate,9.644335135817528,3.4828013740479946,0.0,110.65279779951703
opa_readset,unrelated,0,53,1,EXECUTE,opa_allowed_at_gate,8.665659930557013,3.1745927408337593,0.0,110.65279779951703
opa_readset,unrelated,0,54,1,EXECUTE,opa_allowed_at_gate,9.217032697051764,3.218083642423153,0.0,110.65279779951703
opa_readset,unrelated,0,55,1,EXECUTE,opa_allowed_at_gate,9.366292972117662,3.05663188919425,0.0,110.65279779951703
opa_readset,unrelated,0,56,1,EXECUTE,opa_allowed_at_gate,9.357356932014227,2.8380723670125008,0.0,110.65279779951703
opa_readset,unrelated,0,57,1,EXECUTE,opa_allowed_at_gate,9.198088198900223,2.8802906163036823,0.0,110.65279779951703
opa_readset,unrelated,0,58,1,EXECUTE,opa_allowed_at_gate,9.06827487051487,2.7359509840607643,0.0,110.65279779951703
opa_readset,unrelated,0,59,1,EXECUTE,opa_allowed_at_gate,10.396935977041721,2.9155672527849674,0.0,110.65279779951703
opa_readset,unrelated,0,60,1,EXECUTE,opa_allowed_at_gate,8.992403279989958,3.1148409470915794,0.0,110.65279779951703
opa_readset,unrelated,0,61,1,EXECUTE,opa_allowed_at_gate,10.41733380407095,3.1515699811279774,0.0,110.65279779951703
opa_readset,unrelated,0,62,1,EXECUTE,opa_allowed_at_gate,8.94668698310852,2.953208051621914,0.0,110.65279779951703
opa_readset,unrelated,0,63,1,EXECUTE,opa_allowed_at_gate,9.225490037351847,3.334443084895611,0.0,110.65279779951703
opa_readset,unrelated,0,64,1,EXECUTE,opa_allowed_at_gate,8.579017128795385,2.873878926038742,0.0,110.65279779951703
opa_readset,unrelated,0,65,1,EXECUTE,opa_allowed_at_gate,8.25474876910448,2.7828188613057137,0.0,110.65279779951703
opa_readset,unrelated,0,66,1,EXECUTE,opa_allowed_at_gate,8.944001980125904,3.013510722666979,0.0,110.65279779951703
opa_readset,unrelated,0,67,1,EXECUTE,opa_allowed_at_gate,8.960874285548925,3.1920759938657284,0.0,110.65279779951703
opa_readset,unrelated,0,68,1,EXECUTE,opa_allowed_at_gate,9.140701033174992,3.2592518255114555,0.0,110.65279779951703
opa_readset,unrelated,0,69,1,EXECUTE,opa_allowed_at_gate,8.967776782810688,3.148373682051897,0.0,110.65279779951703
opa_readset,unrelated,0,70,1,EXECUTE,opa_allowed_at_gate,9.350213687866926,3.1385552138090134,0.0,110.65279779951703
opa_readset,unrelated,0,71,1,EXECUTE,opa_allowed_at_gate,8.83058924227953,2.9688971117138863,0.0,110.65279779951703
opa_readset,unrelated,0,72,1,EXECUTE,opa_allowed_at_gate,8.751901797950268,3.044398967176676,0.0,110.65279779951703
opa_readset,unrelated,0,73,1,EXECUTE,opa_allowed_at_gate,8.461706805974245,2.790081314742565,0.0,110.65279779951703
opa_readset,unrelated,0,74,1,EXECUTE,opa_allowed_at_gate,8.90754396095872,2.9865498654544353,0.0,110.65279779951703
opa_readset,unrelated,0,75,1,EXECUTE,opa_allowed_at_gate,9.445913136005402,3.3705499954521656,0.0,110.65279779951703
opa_readset,unrelated,0,76,1,EXECUTE,opa_allowed_at_gate,8.812726009637117,3.053876105695963,0.0,110.65279779951703
opa_readset,unrelated,0,77,1,EXECUTE,opa_allowed_at_gate,8.687139954417944,2.9568448662757874,0.0,110.65279779951703
opa_readset,unrelated,0,78,1,EXECUTE,opa_allowed_at_gate,8.784903213381767,2.9358062893152237,0.0,110.65279779951703
opa_readset,unrelated,0,79,1,EXECUTE,opa_allowed_at_gate,8.843143004924059,3.0646156519651413,0.0,110.65279779951703
opa_readset,unrelated,0,80,1,EXECUTE,opa_allowed_at_gate,8.95766681060195,3.1393668614327908,0.0,110.65279779951703
opa_readset,unrelated,0,81,1,EXECUTE,opa_allowed_at_gate,8.481904864311218,2.62772710993886,0.0,110.65279779951703
opa_readset,unrelated,0,82,1,EXECUTE,opa_allowed_at_gate,8.963809348642826,2.9615634121000767,0.0,110.65279779951703
opa_readset,unrelated,0,83,1,EXECUTE,opa_allowed_at_gate,8.521679788827896,2.9707010835409164,0.0,110.65279779951703
opa_readset,unrelated,0,84,1,EXECUTE,opa_allowed_at_gate,9.110623970627785,3.2524489797651768,0.0,110.65279779951703
opa_readset,unrelated,0,85,1,EXECUTE,opa_allowed_at_gate,8.237867150455713,2.3459293879568577,0.0,110.65279779951703
opa_readset,unrelated,0,86,1,EXECUTE,opa_allowed_at_gate,8.70395079255104,2.7854526415467262,0.0,110.65279779951703
opa_readset,unrelated,0,87,1,EXECUTE,opa_allowed_at_gate,8.677581790834665,2.967715263366699,0.0,110.65279779951703
opa_readset,unrelated,0,88,1,EXECUTE,opa_allowed_at_gate,9.102970361709595,2.8800400905311108,0.0,110.65279779951703
opa_readset,unrelated,0,89,1,EXECUTE,opa_allowed_at_gate,8.695316035300493,2.71390937268734,0.0,110.65279779951703
opa_readset,unrelated,0,90,1,EXECUTE,opa_allowed_at_gate,8.78366082906723,2.9495409689843655,0.0,110.65279779951703
opa_readset,unrelated,0,91,1,EXECUTE,opa_allowed_at_gate,8.794842287898064,2.942497842013836,0.0,110.65279779951703
opa_readset,unrelated,0,92,1,EXECUTE,opa_allowed_at_gate,8.89348704367876,2.8885756619274616,0.0,110.65279779951703
opa_readset,unrelated,0,93,1,EXECUTE,opa_allowed_at_gate,8.342173416167498,2.775684930384159,0.0,110.65279779951703
opa_readset,unrelated,0,94,1,EXECUTE,opa_allowed_at_gate,9.97581658884883,4.051396623253822,0.0,110.65279779951703
opa_readset,unrelated,0,95,1,EXECUTE,opa_allowed_at_gate,9.421718306839466,3.3827428705990314,0.0,110.65279779951703
opa_readset,unrelated,0,96,1,EXECUTE,opa_allowed_at_gate,9.224688168615103,3.0433661304414272,0.0,110.65279779951703
opa_readset,unrelated,0,97,1,EXECUTE,opa_allowed_at_gate,9.778316132724285,3.2296357676386833,0.0,110.65279779951703
opa_readset,unrelated,0,98,1,EXECUTE,opa_allowed_at_gate,8.958979044109583,3.184471745043993,0.0,110.65279779951703
opa_readset,unrelated,0,99,1,EXECUTE,opa_allowed_at_gate,8.509526960551739,3.1736409291625023,0.0,110.65279779951703
global,related_same,0,0,1,EXECUTE,published_after_gate_recheck,14.93718009442091,4.246302880346775,0.0,67.68625866829608
global,related_same,0,1,1,EXECUTE,published_after_gate_recheck,14.111361932009459,4.238036926835775,0.0,67.68625866829608
global,related_same,0,2,1,EXECUTE,published_after_gate_recheck,15.928769018501043,4.727785941213369,0.0,67.68625866829608
global,related_same,0,3,1,EXECUTE,published_after_gate_recheck,14.712789095938206,3.7971707060933113,0.0,67.68625866829608
global,related_same,0,4,1,EXECUTE,published_after_gate_recheck,18.53283168748021,4.960802849382162,0.0,67.68625866829608
global,related_same,0,5,1,EXECUTE,published_after_gate_recheck,16.761650796979666,3.987708128988743,0.0,67.68625866829608
global,related_same,0,6,1,EXECUTE,published_after_gate_recheck,16.204225830733776,4.30245790630579,0.0,67.68625866829608
global,related_same,0,7,1,EXECUTE,published_after_gate_recheck,15.37620322778821,4.224741831421852,0.0,67.68625866829608
global,related_same,0,8,1,EXECUTE,published_after_gate_recheck,14.019568916410208,4.259447101503611,0.0,67.68625866829608
global,related_same,0,9,1,EXECUTE,published_after_gate_recheck,13.562081381678581,3.74967185780406,0.0,67.68625866829608
global,related_same,0,10,1,EXECUTE,published_after_gate_recheck,14.7718102671206,4.072115756571293,0.0,67.68625866829608
global,related_same,0,11,1,EXECUTE,published_after_gate_recheck,13.995793648064137,3.9375931955873966,0.0,67.68625866829608
global,related_same,0,12,1,EXECUTE,published_after_gate_recheck,14.851579908281565,4.2989421635866165,0.0,67.68625866829608
global,related_same,0,13,1,EXECUTE,published_after_gate_recheck,15.01859212294221,4.485391080379486,0.0,67.68625866829608
global,related_same,0,14,1,EXECUTE,published_after_gate_recheck,15.44772693887353,4.287720657885075,0.0,67.68625866829608
global,related_same,0,15,1,EXECUTE,published_after_gate_recheck,15.014104079455137,4.481083247810602,0.0,67.68625866829608
global,related_same,0,16,1,EXECUTE,published_after_gate_recheck,14.798519667237997,4.060494247823954,0.0,67.68625866829608
global,related_same,0,17,1,EXECUTE,published_after_gate_recheck,14.641685876995325,4.5560128055512905,0.0,67.68625866829608
global,related_same,0,18,1,EXECUTE,published_after_gate_recheck,14.982575085014105,4.2856670916080475,0.0,67.68625866829608
global,related_same,0,19,1,EXECUTE,published_after_gate_recheck,14.515208546072245,4.015509970486164,0.0,67.68625866829608
global,related_same,0,20,1,EXECUTE,published_after_gate_recheck,14.289075043052435,4.054413177073002,0.0,67.68625866829608
global,related_same,0,21,1,EXECUTE,published_after_gate_recheck,14.433696400374174,4.289834760129452,0.0,67.68625866829608
global,related_same,0,22,1,EXECUTE,published_after_gate_recheck,15.161782037466764,4.6469238586723804,0.0,67.68625866829608
global,related_same,0,23,1,EXECUTE,published_after_gate_recheck,14.491123147308826,4.456797614693642,0.0,67.68625866829608
global,related_same,0,24,1,EXECUTE,published_after_gate_recheck,14.234642963856459,4.282310139387846,0.0,67.68625866829608
global,related_same,0,25,1,EXECUTE,published_after_gate_recheck,15.659845899790525,4.014438018202782,0.0,67.68625866829608
global,related_same,0,26,1,EXECUTE,published_after_gate_recheck,16.074121929705143,4.90946602076292,0.0,67.68625866829608
global,related_same,0,27,1,EXECUTE,published_after_gate_recheck,15.542123932391405,4.388078115880489,0.0,67.68625866829608
global,related_same,0,28,1,EXECUTE,published_after_gate_recheck,14.561455231159925,3.946851007640362,0.0,67.68625866829608
global,related_same,0,29,1,EXECUTE,published_after_gate_recheck,14.400003012269735,4.005642142146826,0.0,67.68625866829608
global,related_same,0,30,1,EXECUTE,published_after_gate_recheck,14.49771597981453,4.001583904027939,0.0,67.68625866829608
global,related_same,0,31,1,EXECUTE,published_after_gate_recheck,14.139113016426563,3.985744435340166,0.0,67.68625866829608
global,related_same,0,32,1,EXECUTE,published_after_gate_recheck,13.723865151405334,3.468753769993782,0.0,67.68625866829608
global,related_same,0,33,1,EXECUTE,published_after_gate_recheck,17.63101201504469,3.934428095817566,0.0,67.68625866829608
global,related_same,0,34,1,EXECUTE,published_after_gate_recheck,14.410371892154217,4.128221422433853,0.0,67.68625866829608
global,related_same,0,35,1,EXECUTE,published_after_gate_recheck,13.833479955792427,3.7332200445234776,0.0,67.68625866829608
global,related_same,0,36,1,EXECUTE,published_after_gate_recheck,14.78445390239358,4.758303053677082,0.0,67.68625866829608
global,related_same,0,37,1,EXECUTE,published_after_gate_recheck,13.762378133833408,4.023986402899027,0.0,67.68625866829608
global,related_same,0,38,1,EXECUTE,published_after_gate_recheck,15.199182089418173,4.200898110866547,0.0,67.68625866829608
global,related_same,0,39,1,EXECUTE,published_after_gate_recheck,14.529695734381676,4.334066994488239,0.0,67.68625866829608
global,related_same,0,40,1,EXECUTE,published_after_gate_recheck,13.920864090323448,3.916644025593996,0.0,67.68625866829608
global,related_same,0,41,1,EXECUTE,published_after_gate_recheck,14.600078109651804,4.381916951388121,0.0,67.68625866829608
global,related_same,0,42,1,EXECUTE,published_after_gate_recheck,14.944243710488081,4.2082821018993855,0.0,67.68625866829608
global,related_same,0,43,1,EXECUTE,published_after_gate_recheck,14.375916682183743,4.539402201771736,0.0,67.68625866829608
global,related_same,0,44,1,EXECUTE,published_after_gate_recheck,15.24064876139164,4.592542070895433,0.0,67.68625866829608
global,related_same,0,45,1,EXECUTE,published_after_gate_recheck,14.009231235831976,4.229661077260971,0.0,67.68625866829608
global,related_same,0,46,1,EXECUTE,published_after_gate_recheck,14.15615575388074,4.053161013871431,0.0,67.68625866829608
global,related_same,0,47,1,EXECUTE,published_after_gate_recheck,15.038961078971624,4.338586237281561,0.0,67.68625866829608
global,related_same,0,48,1,EXECUTE,published_after_gate_recheck,14.15617624297738,4.0564872324466705,0.0,67.68625866829608
global,related_same,0,49,1,EXECUTE,published_after_gate_recheck,15.317502897232771,4.369725007563829,0.0,67.68625866829608
global,related_same,0,50,1,EXECUTE,published_after_gate_recheck,14.716807287186384,3.865328151732683,0.0,67.68625866829608
global,related_same,0,51,1,EXECUTE,published_after_gate_recheck,14.336645137518644,4.224190954118967,0.0,67.68625866829608
global,related_same,0,52,1,EXECUTE,published_after_gate_recheck,14.260882046073675,4.19039698317647,0.0,67.68625866829608
global,related_same,0,53,1,EXECUTE,published_after_gate_recheck,14.814270194619894,4.491040948778391,0.0,67.68625866829608
global,related_same,0,54,1,EXECUTE,published_after_gate_recheck,14.453884214162827,4.109825938940048,0.0,67.68625866829608
global,related_same,0,55,1,EXECUTE,published_after_gate_recheck,15.441305935382843,4.381536040455103,0.0,67.68625866829608
global,related_same,0,56,1,EXECUTE,published_after_gate_recheck,18.214605748653412,5.304175894707441,0.0,67.68625866829608
global,related_same,0,57,1,EXECUTE,published_after_gate_recheck,15.621914993971586,4.452669061720371,0.0,67.68625866829608
global,related_same,0,58,1,EXECUTE,published_after_gate_recheck,14.67555994167924,4.119896329939365,0.0,67.68625866829608
global,related_same,0,59,1,EXECUTE,published_after_gate_recheck,14.099590014666319,4.300693981349468,0.0,67.68625866829608
global,related_same,0,60,1,EXECUTE,published_after_gate_recheck,14.515929855406284,4.141576122492552,0.0,67.68625866829608
global,related_same,0,61,1,EXECUTE,published_after_gate_recheck,14.475213829427958,4.160712007433176,0.0,67.68625866829608
global,related_same,0,62,1,EXECUTE,published_after_gate_recheck,14.028064906597137,3.789004869759083,0.0,67.68625866829608
global,related_same,0,63,1,EXECUTE,published_after_gate_recheck,14.78503504768014,4.44398308172822,0.0,67.68625866829608
global,related_same,0,64,1,EXECUTE,published_after_gate_recheck,14.291177969425917,4.0982551872730255,0.0,67.68625866829608
global,related_same,0,65,1,EXECUTE,published_after_gate_recheck,13.939899858087301,3.698565997183323,0.0,67.68625866829608
global,related_same,0,66,1,EXECUTE,published_after_gate_recheck,14.92668129503727,4.147428087890148,0.0,67.68625866829608
global,related_same,0,67,1,EXECUTE,published_after_gate_recheck,14.068371150642633,3.9341868832707405,0.0,67.68625866829608
global,related_same,0,68,1,EXECUTE,published_after_gate_recheck,14.37931414693594,4.1694180108606815,0.0,67.68625866829608
global,related_same,0,69,1,EXECUTE,published_after_gate_recheck,13.780941721051931,3.948303870856762,0.0,67.68625866829608
global,related_same,0,70,1,EXECUTE,published_after_gate_recheck,15.140912029892206,4.425268154591322,0.0,67.68625866829608
global,related_same,0,71,1,EXECUTE,published_after_gate_recheck,14.471726957708597,4.1733658872544765,0.0,67.68625866829608
global,related_same,0,72,1,EXECUTE,published_after_gate_recheck,14.957047998905182,4.618671257048845,0.0,67.68625866829608
global,related_same,0,73,1,EXECUTE,published_after_gate_recheck,14.24773782491684,4.136227071285248,0.0,67.68625866829608
global,related_same,0,74,1,EXECUTE,published_after_gate_recheck,14.68844385817647,4.647945985198021,0.0,67.68625866829608
global,related_same,0,75,1,EXECUTE,published_after_gate_recheck,14.059724286198616,3.8947639986872673,0.0,67.68625866829608
global,related_same,0,76,1,EXECUTE,published_after_gate_recheck,14.963620342314243,4.585749004036188,0.0,67.68625866829608
global,related_same,0,77,1,EXECUTE,published_after_gate_recheck,14.5072340965271,4.299001302570105,0.0,67.68625866829608
global,related_same,0,78,1,EXECUTE,published_after_gate_recheck,13.85127380490303,4.330009687691927,0.0,67.68625866829608
global,related_same,0,79,1,EXECUTE,published_after_gate_recheck,14.387730043381453,4.304060712456703,0.0,67.68625866829608
global,related_same,0,80,1,EXECUTE,published_after_gate_recheck,14.49099276214838,4.3749939650297165,0.0,67.68625866829608
global,related_same,0,81,1,EXECUTE,published_after_gate_recheck,14.635152649134398,4.290294833481312,0.0,67.68625866829608
global,related_same,0,82,1,EXECUTE,published_after_gate_recheck,14.20283317565918,4.077425692230463,0.0,67.68625866829608
global,related_same,0,83,1,EXECUTE,published_after_gate_recheck,14.914037194103003,4.355207085609436,0.0,67.68625866829608
global,related_same,0,84,1,EXECUTE,published_after_gate_recheck,14.230495318770409,4.084229003638029,0.0,67.68625866829608
global,related_same,0,85,1,EXECUTE,published_after_gate_recheck,14.69279220327735,4.561062902212143,0.0,67.68625866829608
global,related_same,0,86,1,EXECUTE,published_after_gate_recheck,14.325062278658152,3.942362032830715,0.0,67.68625866829608
global,related_same,0,87,1,EXECUTE,published_after_gate_recheck,14.476567041128874,4.523562267422676,0.0,67.68625866829608
global,related_same,0,88,1,EXECUTE,published_after_gate_recheck,14.307890087366104,4.3015070259571075,0.0,67.68625866829608
global,related_same,0,89,1,EXECUTE,published_after_gate_recheck,14.406475238502026,4.393218085169792,0.0,67.68625866829608
global,related_same,0,90,1,EXECUTE,published_after_gate_recheck,14.05269093811512,4.178766161203384,0.0,67.68625866829608
global,related_same,0,91,1,EXECUTE,published_after_gate_recheck,14.526188839226961,4.112791735678911,0.0,67.68625866829608
global,related_same,0,92,1,EXECUTE,published_after_gate_recheck,15.103841666132212,4.5531680807471275,0.0,67.68625866829608
global,related_same,0,93,1,EXECUTE,published_after_gate_recheck,14.22688877210021,4.399409983307123,0.0,67.68625866829608
global,related_same,0,94,1,EXECUTE,published_after_gate_recheck,14.329330064356327,4.023965913802385,0.0,67.68625866829608
global,related_same,0,95,1,EXECUTE,published_after_gate_recheck,14.909227844327688,4.386284854263067,0.0,67.68625866829608
global,related_same,0,96,1,EXECUTE,published_after_gate_recheck,14.457911718636751,4.249898716807365,0.0,67.68625866829608
global,related_same,0,97,1,EXECUTE,published_after_gate_recheck,14.057469554245472,4.328305833041668,0.0,67.68625866829608
global,related_same,0,98,1,EXECUTE,published_after_gate_recheck,15.362217091023922,4.540944937616587,0.0,67.68625866829608
global,related_same,0,99,1,EXECUTE,published_after_gate_recheck,14.172625727951527,4.016761668026447,0.0,67.68625866829608
readset,related_same,0,0,1,EXECUTE,published_after_gate_recheck,14.744217973202467,4.134181886911392,0.0,68.12499031907966
readset,related_same,0,1,1,EXECUTE,published_after_gate_recheck,14.427314046770334,4.372669383883476,0.0,68.12499031907966
readset,related_same,0,2,1,EXECUTE,published_after_gate_recheck,14.402267057448626,4.205587320029736,0.0,68.12499031907966
readset,related_same,0,3,1,EXECUTE,published_after_gate_recheck,14.79283906519413,4.439865704625845,0.0,68.12499031907966
readset,related_same,0,4,1,EXECUTE,published_after_gate_recheck,14.553019311279058,4.373621195554733,0.0,68.12499031907966
readset,related_same,0,5,1,EXECUTE,published_after_gate_recheck,14.710895717144012,4.158528055995703,0.0,68.12499031907966
readset,related_same,0,6,1,EXECUTE,published_after_gate_recheck,14.757904224097729,4.162986762821674,0.0,68.12499031907966
readset,related_same,0,7,1,EXECUTE,published_after_gate_recheck,13.983180746436119,4.099348094314337,0.0,68.12499031907966
readset,related_same,0,8,1,EXECUTE,published_after_gate_recheck,13.700712006539106,4.217187874019146,0.0,68.12499031907966
readset,related_same,0,9,1,EXECUTE,published_after_gate_recheck,13.808493968099356,3.9666881784796715,0.0,68.12499031907966
readset,related_same,0,10,1,EXECUTE,published_after_gate_recheck,14.421604108065367,4.331411793828011,0.0,68.12499031907966
readset,related_same,0,11,1,EXECUTE,published_after_gate_recheck,14.36377502977848,4.206536803394556,0.0,68.12499031907966
readset,related_same,0,12,1,EXECUTE,published_after_gate_recheck,15.284350607544184,4.305945243686438,0.0,68.12499031907966
readset,related_same,0,13,1,EXECUTE,published_after_gate_recheck,14.805343002080917,4.096422344446182,0.0,68.12499031907966
readset,related_same,0,14,1,EXECUTE,published_after_gate_recheck,19.68930196017027,4.455423913896084,0.0,68.12499031907966
readset,related_same,0,15,1,EXECUTE,published_after_gate_recheck,14.437282923609018,4.177332855761051,0.0,68.12499031907966
readset,related_same,0,16,1,EXECUTE,published_after_gate_recheck,14.276851899921894,4.105668980628252,0.0,68.12499031907966
readset,related_same,0,17,1,EXECUTE,published_after_gate_recheck,14.648999087512493,4.608300980180502,0.0,68.12499031907966
readset,related_same,0,18,1,EXECUTE,published_after_gate_recheck,13.978031929582357,3.9899121038615704,0.0,68.12499031907966
readset,related_same,0,19,1,EXECUTE,published_after_gate_recheck,14.833616092801094,4.427543375641108,0.0,68.12499031907966
readset,related_same,0,20,1,EXECUTE,published_after_gate_recheck,14.744228683412075,4.392396192997694,0.0,68.12499031907966
readset,related_same,0,21,1,EXECUTE,published_after_gate_recheck,14.115809928625822,4.156815353780985,0.0,68.12499031907966
readset,related_same,0,22,1,EXECUTE,published_after_gate_recheck,14.117032289505005,4.066484980285168,0.0,68.12499031907966
readset,related_same,0,23,1,EXECUTE,published_after_gate_recheck,16.611339058727026,4.217648878693581,0.0,68.12499031907966
readset,related_same,0,24,1,EXECUTE,published_after_gate_recheck,14.845226891338825,4.129734355956316,0.0,68.12499031907966
readset,related_same,0,25,1,EXECUTE,published_after_gate_recheck,14.536598697304726,4.1819424368441105,0.0,68.12499031907966
readset,related_same,0,26,1,EXECUTE,published_after_gate_recheck,13.803463894873857,3.4665102139115334,0.0,68.12499031907966
readset,related_same,0,27,1,EXECUTE,published_after_gate_recheck,14.177445787936449,4.028975032269955,0.0,68.12499031907966
readset,related_same,0,28,1,EXECUTE,published_after_gate_recheck,14.741503167897463,3.795977681875229,0.0,68.12499031907966
readset,related_same,0,29,1,EXECUTE,published_after_gate_recheck,14.028776902705431,4.2121391743421555,0.0,68.12499031907966
readset,related_same,0,30,1,EXECUTE,published_after_gate_recheck,14.492015819996595,4.188884980976582,0.0,68.12499031907966
readset,related_same,0,31,1,EXECUTE,published_after_gate_recheck,14.528273604810238,4.100389312952757,0.0,68.12499031907966
readset,related_same,0,32,1,EXECUTE,published_after_gate_recheck,13.59952101483941,3.8324971683323383,0.0,68.12499031907966
readset,related_same,0,33,1,EXECUTE,published_after_gate_recheck,14.136899262666702,3.995392005890608,0.0,68.12499031907966
readset,related_same,0,34,1,EXECUTE,published_after_gate_recheck,14.499158132821321,4.147778265178204,0.0,68.12499031907966
readset,related_same,0,35,1,EXECUTE,published_after_gate_recheck,15.149558894336224,4.284304101020098,0.0,68.12499031907966
readset,related_same,0,36,1,EXECUTE,published_after_gate_recheck,14.86263982951641,4.215986002236605,0.0,68.12499031907966
readset,related_same,0,37,1,EXECUTE,published_after_gate_recheck,14.402257278561592,3.9981366135179996,0.0,68.12499031907966
readset,related_same,0,38,1,EXECUTE,published_after_gate_recheck,16.078529879450798,5.047114100307226,0.0,68.12499031907966
readset,related_same,0,39,1,EXECUTE,published_after_gate_recheck,14.045398216694593,3.5225250758230686,0.0,68.12499031907966
readset,related_same,0,40,1,EXECUTE,published_after_gate_recheck,14.396966900676489,3.8645369932055473,0.0,68.12499031907966
readset,related_same,0,41,1,EXECUTE,published_after_gate_recheck,14.146707020699978,4.488026257604361,0.0,68.12499031907966
readset,related_same,0,42,1,EXECUTE,published_after_gate_recheck,14.09696415066719,3.9519197307527065,0.0,68.12499031907966
readset,related_same,0,43,1,EXECUTE,published_after_gate_recheck,14.229102060198784,4.154370166361332,0.0,68.12499031907966
readset,related_same,0,44,1,EXECUTE,published_after_gate_recheck,14.49461979791522,4.5170411467552185,0.0,68.12499031907966
readset,related_same,0,45,1,EXECUTE,published_after_gate_recheck,14.150543604046106,4.148358944803476,0.0,68.12499031907966
readset,related_same,0,46,1,EXECUTE,published_after_gate_recheck,13.958293944597244,4.167935810983181,0.0,68.12499031907966
readset,related_same,0,47,1,EXECUTE,published_after_gate_recheck,14.19401727616787,4.281098023056984,0.0,68.12499031907966
readset,related_same,0,48,1,EXECUTE,published_after_gate_recheck,14.211749657988548,4.208570811897516,0.0,68.12499031907966
readset,related_same,0,49,1,EXECUTE,published_after_gate_recheck,15.362937934696674,4.4219521805644035,0.0,68.12499031907966
readset,related_same,0,50,1,EXECUTE,published_after_gate_recheck,14.95971204712987,3.898028749972582,0.0,68.12499031907966
readset,related_same,0,51,1,EXECUTE,published_after_gate_recheck,14.45528632029891,4.254838917404413,0.0,68.12499031907966
readset,related_same,0,52,1,EXECUTE,published_after_gate_recheck,14.846759848296642,4.464693367481232,0.0,68.12499031907966
readset,related_same,0,53,1,EXECUTE,published_after_gate_recheck,15.008093323558569,4.255570005625486,0.0,68.12499031907966
readset,related_same,0,54,1,EXECUTE,published_after_gate_recheck,14.376949053257704,4.173757042735815,0.0,68.12499031907966
readset,related_same,0,55,1,EXECUTE,published_after_gate_recheck,14.942239969968796,4.119555000215769,0.0,68.12499031907966
readset,related_same,0,56,1,EXECUTE,published_after_gate_recheck,15.05761593580246,4.1616540402174,0.0,68.12499031907966
readset,related_same,0,57,1,EXECUTE,published_after_gate_recheck,14.225815888494253,4.2310138233006,0.0,68.12499031907966
readset,related_same,0,58,1,EXECUTE,published_after_gate_recheck,14.75050998851657,4.10141097381711,0.0,68.12499031907966
readset,related_same,0,59,1,EXECUTE,published_after_gate_recheck,13.61650275066495,4.025829024612904,0.0,68.12499031907966
readset,related_same,0,60,1,EXECUTE,published_after_gate_recheck,13.99725815281272,4.23217611387372,0.0,68.12499031907966
readset,related_same,0,61,1,EXECUTE,published_after_gate_recheck,14.336793683469296,4.1408846154809,0.0,68.12499031907966
readset,related_same,0,62,1,EXECUTE,published_after_gate_recheck,14.1069027595222,4.154220223426819,0.0,68.12499031907966
readset,related_same,0,63,1,EXECUTE,published_after_gate_recheck,14.40259674564004,4.298962187021971,0.0,68.12499031907966
readset,related_same,0,64,1,EXECUTE,published_after_gate_recheck,14.920058194547892,4.052069038152695,0.0,68.12499031907966
readset,related_same,0,65,1,EXECUTE,published_after_gate_recheck,14.981082174926996,4.578256048262119,0.0,68.12499031907966
readset,related_same,0,66,1,EXECUTE,published_after_gate_recheck,15.302094165235758,4.685054998844862,0.0,68.12499031907966
readset,related_same,0,67,1,EXECUTE,published_after_gate_recheck,15.401311218738556,4.383540246635675,0.0,68.12499031907966
readset,related_same,0,68,1,EXECUTE,published_after_gate_recheck,14.865445904433727,4.36575710773468,0.0,68.12499031907966
readset,related_same,0,69,1,EXECUTE,published_after_gate_recheck,14.78309091180563,4.05476288869977,0.0,68.12499031907966
readset,related_same,0,70,1,EXECUTE,published_after_gate_recheck,14.812456909567118,4.2974380776286125,0.0,68.12499031907966
readset,related_same,0,71,1,EXECUTE,published_after_gate_recheck,14.373323414474726,4.353524185717106,0.0,68.12499031907966
readset,related_same,0,72,1,EXECUTE,published_after_gate_recheck,14.563167933374643,4.4523789547383785,0.0,68.12499031907966
readset,related_same,0,73,1,EXECUTE,published_after_gate_recheck,14.832052867859602,4.249728750437498,0.0,68.12499031907966
readset,related_same,0,74,1,EXECUTE,published_after_gate_recheck,14.983255881816149,4.295625723898411,0.0,68.12499031907966
readset,related_same,0,75,1,EXECUTE,published_after_gate_recheck,14.67168191447854,4.189677070826292,0.0,68.12499031907966
readset,related_same,0,76,1,EXECUTE,published_after_gate_recheck,14.554201625287533,3.737017046660185,0.0,68.12499031907966
readset,related_same,0,77,1,EXECUTE,published_after_gate_recheck,14.126620255410671,4.074531141668558,0.0,68.12499031907966
readset,related_same,0,78,1,EXECUTE,published_after_gate_recheck,14.23721807077527,3.92312603071332,0.0,68.12499031907966
readset,related_same,0,79,1,EXECUTE,published_after_gate_recheck,14.278885908424854,4.135063849389553,0.0,68.12499031907966
readset,related_same,0,80,1,EXECUTE,published_after_gate_recheck,14.60262294858694,4.103444050997496,0.0,68.12499031907966
readset,related_same,0,81,1,EXECUTE,published_after_gate_recheck,16.060687135905027,4.527589771896601,0.0,68.12499031907966
readset,related_same,0,82,1,EXECUTE,published_after_gate_recheck,14.418287202715874,3.9089000783860683,0.0,68.12499031907966
readset,related_same,0,83,1,EXECUTE,published_after_gate_recheck,14.364396221935749,4.3455990962684155,0.0,68.12499031907966
readset,related_same,0,84,1,EXECUTE,published_after_gate_recheck,15.240088105201721,4.222839139401913,0.0,68.12499031907966
readset,related_same,0,85,1,EXECUTE,published_after_gate_recheck,15.330567955970764,4.121087957173586,0.0,68.12499031907966
readset,related_same,0,86,1,EXECUTE,published_after_gate_recheck,13.921325094997883,3.8472041487693787,0.0,68.12499031907966
readset,related_same,0,87,1,EXECUTE,published_after_gate_recheck,15.36973100155592,4.581560846418142,0.0,68.12499031907966
readset,related_same,0,88,1,EXECUTE,published_after_gate_recheck,14.513034839183092,4.153107758611441,0.0,68.12499031907966
readset,related_same,0,89,1,EXECUTE,published_after_gate_recheck,14.079962857067585,3.844139166176319,0.0,68.12499031907966
readset,related_same,0,90,1,EXECUTE,published_after_gate_recheck,14.115219004452229,4.197882022708654,0.0,68.12499031907966
readset,related_same,0,91,1,EXECUTE,published_after_gate_recheck,15.195223968476057,4.313508979976177,0.0,68.12499031907966
readset,related_same,0,92,1,EXECUTE,published_after_gate_recheck,14.651093166321516,4.253667313605547,0.0,68.12499031907966
readset,related_same,0,93,1,EXECUTE,published_after_gate_recheck,14.902905095368624,4.3322439305484295,0.0,68.12499031907966
readset,related_same,0,94,1,EXECUTE,published_after_gate_recheck,13.735547196120024,3.794044256210327,0.0,68.12499031907966
readset,related_same,0,95,1,EXECUTE,published_after_gate_recheck,15.131945721805096,4.374702926725149,0.0,68.12499031907966
readset,related_same,0,96,1,EXECUTE,published_after_gate_recheck,14.71156720072031,4.123833030462265,0.0,68.12499031907966
readset,related_same,0,97,1,EXECUTE,published_after_gate_recheck,14.36103880405426,3.802279941737652,0.0,68.12499031907966
readset,related_same,0,98,1,EXECUTE,published_after_gate_recheck,14.709504321217537,4.061114974319935,0.0,68.12499031907966
readset,related_same,0,99,1,EXECUTE,published_after_gate_recheck,15.056895092129707,4.600165877491236,0.0,68.12499031907966
truth,related_same,0,0,1,EXECUTE,published_after_gate_recheck,14.857570640742779,4.490409977734089,0.0,66.73765738710082
truth,related_same,0,1,1,EXECUTE,published_after_gate_recheck,15.371133107692003,4.758412949740887,0.0,66.73765738710082
truth,related_same,0,2,1,EXECUTE,published_after_gate_recheck,14.59541916847229,4.506440367549658,0.0,66.73765738710082
truth,related_same,0,3,1,EXECUTE,published_after_gate_recheck,14.196170959621668,4.023965913802385,0.0,66.73765738710082
truth,related_same,0,4,1,EXECUTE,published_after_gate_recheck,15.374800655990839,4.2220670729875565,0.0,66.73765738710082
truth,related_same,0,5,1,EXECUTE,published_after_gate_recheck,14.189818874001503,4.271851386874914,0.0,66.73765738710082
truth,related_same,0,6,1,EXECUTE,published_after_gate_recheck,13.82934208959341,4.0001110173761845,0.0,66.73765738710082
truth,related_same,0,7,1,EXECUTE,published_after_gate_recheck,14.225165359675884,4.009307827800512,0.0,66.73765738710082
truth,related_same,0,8,1,EXECUTE,published_after_gate_recheck,15.042016748338938,4.155071917921305,0.0,66.73765738710082
truth,related_same,0,9,1,EXECUTE,published_after_gate_recheck,14.01851698756218,4.343174863606691,0.0,66.73765738710082
truth,related_same,0,10,1,EXECUTE,published_after_gate_recheck,14.497124589979649,3.91066400334239,0.0,66.73765738710082
truth,related_same,0,11,1,EXECUTE,published_after_gate_recheck,15.004405751824379,3.926212899386883,0.0,66.73765738710082
truth,related_same,0,12,1,EXECUTE,published_after_gate_recheck,15.644385945051908,4.789541009813547,0.0,66.73765738710082
truth,related_same,0,13,1,EXECUTE,published_after_gate_recheck,14.565072022378445,4.244809038937092,0.0,66.73765738710082
truth,related_same,0,14,1,EXECUTE,published_after_gate_recheck,15.315019059926271,4.516188986599445,0.0,66.73765738710082
truth,related_same,0,15,1,EXECUTE,published_after_gate_recheck,13.63548869267106,4.158067051321268,0.0,66.73765738710082
truth,related_same,0,16,1,EXECUTE,published_after_gate_recheck,14.573717955499887,4.3105026707053185,0.0,66.73765738710082
truth,related_same,0,17,1,EXECUTE,published_after_gate_recheck,14.99443780630827,4.375696182250977,0.0,66.73765738710082
truth,related_same,0,18,1,EXECUTE,published_after_gate_recheck,14.783280901610851,4.192342050373554,0.0,66.73765738710082
truth,related_same,0,19,1,EXECUTE,published_after_gate_recheck,15.041346196085215,4.219010937958956,0.0,66.73765738710082
truth,related_same,0,20,1,EXECUTE,published_after_gate_recheck,14.492535963654518,4.315211903303862,0.0,66.73765738710082
truth,related_same,0,21,1,EXECUTE,published_after_gate_recheck,14.97882790863514,4.1775330901145935,0.0,66.73765738710082
truth,related_same,0,22,1,EXECUTE,published_after_gate_recheck,14.68266174197197,3.8182702846825123,0.0,66.73765738710082
truth,related_same,0,23,1,EXECUTE,published_after_gate_recheck,14.297711197286844,4.07196581363678,0.0,66.73765738710082
truth,related_same,0,24,1,EXECUTE,published_after_gate_recheck,14.248629100620747,4.1069211438298225,0.0,66.73765738710082
truth,related_same,0,25,1,EXECUTE,published_after_gate_recheck,14.071015641093254,4.065683577209711,0.0,66.73765738710082
truth,related_same,0,26,1,EXECUTE,published_after_gate_recheck,14.721786137670279,4.268122836947441,0.0,66.73765738710082
truth,related_same,0,27,1,EXECUTE,published_after_gate_recheck,14.373443089425564,3.866689745336771,0.0,66.73765738710082
truth,related_same,0,28,1,EXECUTE,published_after_gate_recheck,14.409519731998444,4.157746210694313,0.0,66.73765738710082
truth,related_same,0,29,1,EXECUTE,published_after_gate_recheck,14.956004917621613,4.314290825277567,0.0,66.73765738710082
truth,related_same,0,30,1,EXECUTE,published_after_gate_recheck,14.885403215885162,4.185569006949663,0.0,66.73765738710082
truth,related_same,0,31,1,EXECUTE,published_after_gate_recheck,14.441090170294046,4.138511139899492,0.0,66.73765738710082
truth,related_same,0,32,1,EXECUTE,published_after_gate_recheck,14.640624169260263,4.4803922064602375,0.0,66.73765738710082
truth,related_same,0,33,1,EXECUTE,published_after_gate_recheck,15.29350783675909,4.364994820207357,0.0,66.73765738710082
truth,related_same,0,34,1,EXECUTE,published_after_gate_recheck,14.327587094157934,4.385402891784906,0.0,66.73765738710082
truth,related_same,0,35,1,EXECUTE,published_after_gate_recheck,15.120313037186861,4.6044145710766315,0.0,66.73765738710082
truth,related_same,0,36,1,EXECUTE,published_after_gate_recheck,15.727361664175987,4.414177034050226,0.0,66.73765738710082
truth,related_same,0,37,1,EXECUTE,published_after_gate_recheck,14.530807733535767,3.9093508385121822,0.0,66.73765738710082
truth,related_same,0,38,1,EXECUTE,published_after_gate_recheck,14.942519832402468,4.519394598901272,0.0,66.73765738710082
truth,related_same,0,39,1,EXECUTE,published_after_gate_recheck,14.028656296432018,4.226736258715391,0.0,66.73765738710082
truth,related_same,0,40,1,EXECUTE,published_after_gate_recheck,14.842172153294086,4.121347796171904,0.0,66.73765738710082
truth,related_same,0,41,1,EXECUTE,published_after_gate_recheck,15.073184855282307,4.25251480191946,0.0,66.73765738710082
truth,related_same,0,42,1,EXECUTE,published_after_gate_recheck,14.83449712395668,4.270688164979219,0.0,66.73765738710082
truth,related_same,0,43,1,EXECUTE,published_after_gate_recheck,14.747784938663244,4.501922056078911,0.0,66.73765738710082
truth,related_same,0,44,1,EXECUTE,published_after_gate_recheck,14.456207863986492,4.366178065538406,0.0,66.73765738710082
truth,related_same,0,45,1,EXECUTE,published_after_gate_recheck,14.057401102036238,4.210685845464468,0.0,66.73765738710082
truth,related_same,0,46,1,EXECUTE,published_after_gate_recheck,13.952283188700676,4.240271169692278,0.0,66.73765738710082
truth,related_same,0,47,1,EXECUTE,published_after_gate_recheck,13.229097239673138,3.925029654055834,0.0,66.73765738710082
truth,related_same,0,48,1,EXECUTE,published_after_gate_recheck,14.458162244409323,4.229220096021891,0.0,66.73765738710082
truth,related_same,0,49,1,EXECUTE,published_after_gate_recheck,14.097847044467926,3.772243857383728,0.0,66.73765738710082
truth,related_same,0,50,1,EXECUTE,published_after_gate_recheck,13.476020190864801,3.879103809595108,0.0,66.73765738710082
truth,related_same,0,51,1,EXECUTE,published_after_gate_recheck,18.243570812046528,4.575580358505249,0.0,66.73765738710082
truth,related_same,0,52,1,EXECUTE,published_after_gate_recheck,14.915019273757935,4.58469707518816,0.0,66.73765738710082
truth,related_same,0,53,1,EXECUTE,published_after_gate_recheck,14.720714185386896,4.632086027413607,0.0,66.73765738710082
truth,related_same,0,54,1,EXECUTE,published_after_gate_recheck,13.87756410986185,4.2267763055861,0.0,66.73765738710082
truth,related_same,0,55,1,EXECUTE,published_after_gate_recheck,14.422275125980377,4.251993726938963,0.0,66.73765738710082
truth,related_same,0,56,1,EXECUTE,published_after_gate_recheck,14.852229971438646,4.4509959407150745,0.0,66.73765738710082
truth,related_same,0,57,1,EXECUTE,published_after_gate_recheck,14.509127009660006,4.158047027885914,0.0,66.73765738710082
truth,related_same,0,58,1,EXECUTE,published_after_gate_recheck,16.82071201503277,4.341351334005594,0.0,66.73765738710082
truth,related_same,0,59,1,EXECUTE,published_after_gate_recheck,16.241536010056734,4.221676848828793,0.0,66.73765738710082
truth,related_same,0,60,1,EXECUTE,published_after_gate_recheck,17.372176982462406,4.378070123493671,0.0,66.73765738710082
truth,related_same,0,61,1,EXECUTE,published_after_gate_recheck,15.29375882819295,4.270096775144339,0.0,66.73765738710082
truth,related_same,0,62,1,EXECUTE,published_after_gate_recheck,16.407627146691084,4.699442069977522,0.0,66.73765738710082
truth,related_same,0,63,1,EXECUTE,published_after_gate_recheck,14.871276449412107,4.524705000221729,0.0,66.73765738710082
truth,related_same,0,64,1,EXECUTE,published_after_gate_recheck,16.889641992747784,4.858810920268297,0.0,66.73765738710082
truth,related_same,0,65,1,EXECUTE,published_after_gate_recheck,15.927536878734827,4.519245121628046,0.0,66.73765738710082
truth,related_same,0,66,1,EXECUTE,published_after_gate_recheck,19.925633911043406,4.79990104213357,0.0,66.73765738710082
truth,related_same,0,67,1,EXECUTE,published_after_gate_recheck,16.578667797148228,4.661190789192915,0.0,66.73765738710082
truth,related_same,0,68,1,EXECUTE,published_after_gate_recheck,16.64950093254447,4.988143220543861,0.0,66.73765738710082
truth,related_same,0,69,1,EXECUTE,published_after_gate_recheck,16.880874056369066,5.060438998043537,0.0,66.73765738710082
truth,related_same,0,70,1,EXECUTE,published_after_gate_recheck,16.244993079453707,4.789180122315884,0.0,66.73765738710082
truth,related_same,0,71,1,EXECUTE,published_after_gate_recheck,15.22786496207118,4.328195936977863,0.0,66.73765738710082
truth,related_same,0,72,1,EXECUTE,published_after_gate_recheck,15.405657701194286,4.101631697267294,0.0,66.73765738710082
truth,related_same,0,73,1,EXECUTE,published_after_gate_recheck,14.954693149775267,4.35908418148756,0.0,66.73765738710082
truth,related_same,0,74,1,EXECUTE,published_after_gate_recheck,14.840830117464066,3.9645549841225147,0.0,66.73765738710082
truth,related_same,0,75,1,EXECUTE,published_after_gate_recheck,15.509834047406912,4.755336791276932,0.0,66.73765738710082
truth,related_same,0,76,1,EXECUTE,published_after_gate_recheck,13.761254958808422,4.110757727175951,0.0,66.73765738710082
truth,related_same,0,77,1,EXECUTE,published_after_gate_recheck,14.509839005768299,4.35137003660202,0.0,66.73765738710082
truth,related_same,0,78,1,EXECUTE,published_after_gate_recheck,14.638581313192844,4.158427938818932,0.0,66.73765738710082
truth,related_same,0,79,1,EXECUTE,published_after_gate_recheck,14.814960770308971,4.465043079108,0.0,66.73765738710082
truth,related_same,0,80,1,EXECUTE,published_after_gate_recheck,15.109984204173088,4.4342647306621075,0.0,66.73765738710082
truth,related_same,0,81,1,EXECUTE,published_after_gate_recheck,14.334320090711117,4.493426065891981,0.0,66.73765738710082
truth,related_same,0,82,1,EXECUTE,published_after_gate_recheck,14.404502231627703,4.050535149872303,0.0,66.73765738710082
truth,related_same,0,83,1,EXECUTE,published_after_gate_recheck,14.384935144335032,4.0612053126096725,0.0,66.73765738710082
truth,related_same,0,84,1,EXECUTE,published_after_gate_recheck,14.373854268342257,4.279183689504862,0.0,66.73765738710082
truth,related_same,0,85,1,EXECUTE,published_after_gate_recheck,15.05842711776495,4.325872287154198,0.0,66.73765738710082
truth,related_same,0,86,1,EXECUTE,published_after_gate_recheck,15.40303323417902,4.537839908152819,0.0,66.73765738710082
truth,related_same,0,87,1,EXECUTE,published_after_gate_recheck,14.905281364917755,4.283612594008446,0.0,66.73765738710082
truth,related_same,0,88,1,EXECUTE,published_after_gate_recheck,14.721135143190622,4.300795029848814,0.0,66.73765738710082
truth,related_same,0,89,1,EXECUTE,published_after_gate_recheck,14.582344330847263,4.173495806753635,0.0,66.73765738710082
truth,related_same,0,90,1,EXECUTE,published_after_gate_recheck,14.554361812770367,4.051176831126213,0.0,66.73765738710082
truth,related_same,0,91,1,EXECUTE,published_after_gate_recheck,14.865645207464695,4.43693995475769,0.0,66.73765738710082
truth,related_same,0,92,1,EXECUTE,published_after_gate_recheck,14.806444756686687,4.467878025025129,0.0,66.73765738710082
truth,related_same,0,93,1,EXECUTE,published_after_gate_recheck,15.115804970264435,3.937673754990101,0.0,66.73765738710082
truth,related_same,0,94,1,EXECUTE,published_after_gate_recheck,14.434026088565588,4.16501984000206,0.0,66.73765738710082
truth,related_same,0,95,1,EXECUTE,published_after_gate_recheck,13.792183250188828,3.85980773717165,0.0,66.73765738710082
truth,related_same,0,96,1,EXECUTE,published_after_gate_recheck,13.6956418864429,3.86378588154912,0.0,66.73765738710082
truth,related_same,0,97,1,EXECUTE,published_after_gate_recheck,14.802758116275072,4.75294329226017,0.0,66.73765738710082
truth,related_same,0,98,1,EXECUTE,published_after_gate_recheck,14.757202006876469,4.449052736163139,0.0,66.73765738710082
truth,related_same,0,99,1,EXECUTE,published_after_gate_recheck,15.317173209041357,4.351118579506874,0.0,66.73765738710082
opa,related_same,0,0,1,EXECUTE,opa_allowed_at_gate,9.224527981132269,2.8934250585734844,0.0,112.41281513672972
opa,related_same,0,1,1,EXECUTE,opa_allowed_at_gate,8.521088398993015,2.985048107802868,0.0,112.41281513672972
opa,related_same,0,2,1,EXECUTE,opa_allowed_at_gate,8.63745715469122,2.9782247729599476,0.0,112.41281513672972
opa,related_same,0,3,1,EXECUTE,opa_allowed_at_gate,8.84651904925704,3.2645221799612045,0.0,112.41281513672972
opa,related_same,0,4,1,EXECUTE,opa_allowed_at_gate,9.182549081742764,3.4888717345893383,0.0,112.41281513672972
opa,related_same,0,5,1,EXECUTE,opa_allowed_at_gate,8.800812996923923,2.9360861517488956,0.0,112.41281513672972
opa,related_same,0,6,1,EXECUTE,opa_allowed_at_gate,8.323697838932276,2.9009198769927025,0.0,112.41281513672972
opa,related_same,0,7,1,EXECUTE,opa_allowed_at_gate,9.094463661313057,3.0043027363717556,0.0,112.41281513672972
opa,related_same,0,8,1,EXECUTE,opa_allowed_at_gate,9.495556354522705,2.8567067347466946,0.0,112.41281513672972
opa,related_same,0,9,1,EXECUTE,opa_allowed_at_gate,8.280607871711254,2.611667849123478,0.0,112.41281513672972
opa,related_same,0,10,1,EXECUTE,opa_allowed_at_gate,8.91959574073553,2.961672842502594,0.0,112.41281513672972
opa,related_same,0,11,1,EXECUTE,opa_allowed_at_gate,8.661251049488783,2.5681261904537678,0.0,112.41281513672972
opa,related_same,0,12,1,EXECUTE,opa_allowed_at_gate,9.440022055059671,2.953427843749523,0.0,112.41281513672972
opa,related_same,0,13,1,EXECUTE,opa_allowed_at_gate,8.567725773900747,3.0695758759975433,0.0,112.41281513672972
opa,related_same,0,14,1,EXECUTE,opa_allowed_at_gate,8.956234902143478,3.336906898766756,0.0,112.41281513672972
opa,related_same,0,15,1,EXECUTE,opa_allowed_at_gate,8.769304025918245,2.869019750505686,0.0,112.41281513672972
opa,related_same,0,16,1,EXECUTE,opa_allowed_at_gate,8.58633080497384,2.8280727565288544,0.0,112.41281513672972
opa,related_same,0,17,1,EXECUTE,opa_allowed_at_gate,8.626265916973352,2.8196671046316624,0.0,112.41281513672972
opa,related_same,0,18,1,EXECUTE,opa_allowed_at_gate,8.652935735881329,2.915036864578724,0.0,112.41281513672972
opa,related_same,0,19,1,EXECUTE,opa_allowed_at_gate,8.41979868710041,3.0884318985044956,0.0,112.41281513672972
opa,related_same,0,20,1,EXECUTE,opa_allowed_at_gate,8.609263692051172,2.908614929765463,0.0,112.41281513672972
opa,related_same,0,21,1,EXECUTE,opa_allowed_at_gate,8.69835214689374,3.1059039756655693,0.0,112.41281513672972
opa,related_same,0,22,1,EXECUTE,opa_allowed_at_gate,8.71396018192172,3.0334177426993847,0.0,112.41281513672972
opa,related_same,0,23,1,EXECUTE,opa_allowed_at_gate,9.964846074581146,3.188860137015581,0.0,112.41281513672972
opa,related_same,0,24,1,EXECUTE,opa_allowed_at_gate,9.062353987246752,2.9719630256295204,0.0,112.41281513672972
opa,related_same,0,25,1,EXECUTE,opa_allowed_at_gate,8.571712765842676,2.8827455826103687,0.0,112.41281513672972
opa,related_same,0,26,1,EXECUTE,opa_allowed_at_gate,8.63151578232646,3.0944831669330597,0.0,112.41281513672972
opa,related_same,0,27,1,EXECUTE,opa_allowed_at_gate,8.71394108980894,2.81911576166749,0.0,112.41281513672972
opa,related_same,0,28,1,EXECUTE,opa_allowed_at_gate,9.104943834245205,3.0471328645944595,0.0,112.41281513672972
opa,related_same,0,29,1,EXECUTE,opa_allowed_at_gate,8.205125574022532,2.562244888395071,0.0,112.41281513672972
opa,related_same,0,30,1,EXECUTE,opa_allowed_at_gate,8.897353895008564,3.00741009414196,0.0,112.41281513672972
opa,related_same,0,31,1,EXECUTE,opa_allowed_at_gate,8.072568103671074,3.0694049783051014,0.0,112.41281513672972
opa,related_same,0,32,1,EXECUTE,opa_allowed_at_gate,8.495190646499395,2.8908010572195053,0.0,112.41281513672972
opa,related_same,0,33,1,EXECUTE,opa_allowed_at_gate,8.608251810073853,2.823724877089262,0.0,112.41281513672972
opa,related_same,0,34,1,EXECUTE,opa_allowed_at_gate,9.788394905626774,3.8839727640151978,0.0,112.41281513672972
opa,related_same,0,35,1,EXECUTE,opa_allowed_at_gate,9.182499255985022,3.3003687858581543,0.0,112.41281513672972
opa,related_same,0,36,1,EXECUTE,opa_allowed_at_gate,8.59023816883564,2.8356569819152355,0.0,112.41281513672972
opa,related_same,0,37,1,EXECUTE,opa_allowed_at_gate,9.247150272130966,3.2441942021250725,0.0,112.41281513672972
opa,related_same,0,38,1,EXECUTE,opa_allowed_at_gate,8.886443916708231,2.9776040464639664,0.0,112.41281513672972
opa,related_same,0,39,1,EXECUTE,opa_allowed_at_gate,9.157232008874416,3.0500590801239014,0.0,112.41281513672972
opa,related_same,0,40,1,EXECUTE,opa_allowed_at_gate,9.125081356614828,3.1434441916644573,0.0,112.41281513672972
opa,related_same,0,41,1,EXECUTE,opa_allowed_at_gate,8.354595862329006,2.697547897696495,0.0,112.41281513672972
opa,related_same,0,42,1,EXECUTE,opa_allowed_at_gate,8.399068843573332,2.9137241654098034,0.0,112.41281513672972
opa,related_same,0,43,1,EXECUTE,opa_allowed_at_gate,8.607962168753147,3.157941624522209,0.0,112.41281513672972
opa,related_same,0,44,1,EXECUTE,opa_allowed_at_gate,8.714532013982534,2.9744780622422695,0.0,112.41281513672972
opa,related_same,0,45,1,EXECUTE,opa_allowed_at_gate,8.592081256210804,2.8163609094917774,0.0,112.41281513672972
opa,related_same,0,46,1,EXECUTE,opa_allowed_at_gate,8.34119226783514,3.0251634307205677,0.0,112.41281513672972
opa,related_same,0,47,1,EXECUTE,opa_allowed_at_gate,8.592231664806604,3.1602359376847744,0.0,112.41281513672972
opa,related_same,0,48,1,EXECUTE,opa_allowed_at_gate,8.776306640356779,2.9246737249195576,0.0,112.41281513672972
opa,related_same,0,49,1,EXECUTE,opa_allowed_at_gate,8.569890633225441,2.878668252378702,0.0,112.41281513672972
opa,related_same,0,50,1,EXECUTE,opa_allowed_at_gate,8.990037720650434,2.991019282490015,0.0,112.41281513672972
opa,related_same,0,51,1,EXECUTE,opa_allowed_at_gate,8.00733594223857,2.5067110545933247,0.0,112.41281513672972
opa,related_same,0,52,1,EXECUTE,opa_allowed_at_gate,8.47677607089281,2.6914868503808975,0.0,112.41281513672972
opa,related_same,0,53,1,EXECUTE,opa_allowed_at_gate,8.786716964095831,2.8284243308007717,0.0,112.41281513672972
opa,related_same,0,54,1,EXECUTE,opa_allowed_at_gate,9.033639915287495,2.987220883369446,0.0,112.41281513672972
opa,related_same,0,55,1,EXECUTE,opa_allowed_at_gate,8.486444130539894,2.689693123102188,0.0,112.41281513672972
opa,related_same,0,56,1,EXECUTE,opa_allowed_at_gate,8.384591899812222,2.9876818880438805,0.0,112.41281513672972
opa,related_same,0,57,1,EXECUTE,opa_allowed_at_gate,8.661882020533085,2.727534156292677,0.0,112.41281513672972
opa,related_same,0,58,1,EXECUTE,opa_allowed_at_gate,7.767817005515099,2.627147361636162,0.0,112.41281513672972
opa,related_same,0,59,1,EXECUTE,opa_allowed_at_gate,8.524124044924974,2.940312959253788,0.0,112.41281513672972
opa,related_same,0,60,1,EXECUTE,opa_allowed_at_gate,8.265228942036629,2.8397049754858017,0.0,112.41281513672972
opa,related_same,0,61,1,EXECUTE,opa_allowed_at_gate,8.925958070904016,2.9152273200452328,0.0,112.41281513672972
opa,related_same,0,62,1,EXECUTE,opa_allowed_at_gate,8.580359164625406,3.0211959965527058,0.0,112.41281513672972
opa,related_same,0,63,1,EXECUTE,opa_allowed_at_gate,9.209730196744204,3.0044736340641975,0.0,112.41281513672972
opa,related_same,0,64,1,EXECUTE,opa_allowed_at_gate,9.291474241763353,3.5735806450247765,0.0,112.41281513672972
opa,related_same,0,65,1,EXECUTE,opa_allowed_at_gate,9.212384931743145,3.1895311549305916,0.0,112.41281513672972
opa,related_same,0,66,1,EXECUTE,opa_allowed_at_gate,8.738776203244925,2.9393616132438183,0.0,112.41281513672972
opa,related_same,0,67,1,EXECUTE,opa_allowed_at_gate,8.677351288497448,2.830857876688242,0.0,112.41281513672972
opa,related_same,0,68,1,EXECUTE,opa_allowed_at_gate,8.691697847098112,3.1463801860809326,0.0,112.41281513672972
opa,related_same,0,69,1,EXECUTE,opa_allowed_at_gate,8.773331996053457,2.8008418157696724,0.0,112.41281513672972
opa,related_same,0,70,1,EXECUTE,opa_allowed_at_gate,8.742103353142738,3.0342498794198036,0.0,112.41281513672972
opa,related_same,0,71,1,EXECUTE,opa_allowed_at_gate,9.643313009291887,3.2972129993140697,0.0,112.41281513672972
opa,related_same,0,72,1,EXECUTE,opa_allowed_at_gate,8.810261264443398,3.00741009414196,0.0,112.41281513672972
opa,related_same,0,73,1,EXECUTE,opa_allowed_at_gate,8.05347179993987,2.6897741481661797,0.0,112.41281513672972
opa,related_same,0,74,1,EXECUTE,opa_allowed_at_gate,8.469481952488422,2.9395930469036102,0.0,112.41281513672972
opa,related_same,0,75,1,EXECUTE,opa_allowed_at_gate,9.421137161552906,3.0815480276942253,0.0,112.41281513672972
opa,related_same,0,76,1,EXECUTE,opa_allowed_at_gate,8.933532051742077,3.3187340013682842,0.0,112.41281513672972
opa,related_same,0,77,1,EXECUTE,opa_allowed_at_gate,8.92668915912509,3.179240971803665,0.0,112.41281513672972
opa,related_same,0,78,1,EXECUTE,opa_allowed_at_gate,8.590319193899632,2.783279400318861,0.0,112.41281513672972
opa,related_same,0,79,1,EXECUTE,opa_allowed_at_gate,10.780905839055777,4.208051133900881,0.0,112.41281513672972
opa,related_same,0,80,1,EXECUTE,opa_allowed_at_gate,10.598745197057724,3.0744150280952454,0.0,112.41281513672972
opa,related_same,0,81,1,EXECUTE,opa_allowed_at_gate,8.79569398239255,3.0816690996289253,0.0,112.41281513672972
opa,related_same,0,82,1,EXECUTE,opa_allowed_at_gate,9.420374874025583,3.010885789990425,0.0,112.41281513672972
opa,related_same,0,83,1,EXECUTE,opa_allowed_at_gate,9.625099133700132,3.2066931016743183,0.0,112.41281513672972
opa,related_same,0,84,1,EXECUTE,opa_allowed_at_gate,8.493537083268166,2.9299850575625896,0.0,112.41281513672972
opa,related_same,0,85,1,EXECUTE,opa_allowed_at_gate,10.022182948887348,3.188209142535925,0.0,112.41281513672972
opa,related_same,0,86,1,EXECUTE,opa_allowed_at_gate,9.90408193320036,3.3950461074709892,0.0,112.41281513672972
opa,related_same,0,87,1,EXECUTE,opa_allowed_at_gate,9.073644876480103,2.8344551101326942,0.0,112.41281513672972
opa,related_same,0,88,1,EXECUTE,opa_allowed_at_gate,8.783310651779175,3.1378637067973614,0.0,112.41281513672972
opa,related_same,0,89,1,EXECUTE,opa_allowed_at_gate,8.519255090504885,2.906559966504574,0.0,112.41281513672972
opa,related_same,0,90,1,EXECUTE,opa_allowed_at_gate,8.779542986303568,3.118237014859915,0.0,112.41281513672972
opa,related_same,0,91,1,EXECUTE,opa_allowed_at_gate,8.591271005570889,2.9456727206707,0.0,112.41281513672972
opa,related_same,0,92,1,EXECUTE,opa_allowed_at_gate,8.300404995679855,2.8297356329858303,0.0,112.41281513672972
opa,related_same,0,93,1,EXECUTE,opa_allowed_at_gate,8.626265916973352,2.9164887964725494,0.0,112.41281513672972
opa,related_same,0,94,1,EXECUTE,opa_allowed_at_gate,10.739038232713938,4.431348759680986,0.0,112.41281513672972
opa,related_same,0,95,1,EXECUTE,opa_allowed_at_gate,9.039441123604774,2.7595050632953644,0.0,112.41281513672972
opa,related_same,0,96,1,EXECUTE,opa_allowed_at_gate,8.14342126250267,2.81175272539258,0.0,112.41281513672972
opa,related_same,0,97,1,EXECUTE,opa_allowed_at_gate,8.390252944082022,2.732653636485338,0.0,112.41281513672972
opa,related_same,0,98,1,EXECUTE,opa_allowed_at_gate,9.252980817109346,3.4053148701786995,0.0,112.41281513672972
opa,related_same,0,99,1,EXECUTE,opa_allowed_at_gate,8.752001915127039,2.919976133853197,0.0,112.41281513672972
opa_readset,related_same,0,0,1,EXECUTE,opa_allowed_at_gate,8.79570422694087,2.833352889865637,0.0,111.90907379749592
opa_readset,related_same,0,1,1,EXECUTE,opa_allowed_at_gate,8.740720804780722,3.00842197611928,0.0,111.90907379749592
opa_readset,related_same,0,2,1,EXECUTE,opa_allowed_at_gate,8.30457266420126,2.986229956150055,0.0,111.90907379749592
opa_readset,related_same,0,3,1,EXECUTE,opa_allowed_at_gate,8.268674835562706,2.7404790744185448,0.0,111.90907379749592
opa_readset,related_same,0,4,1,EXECUTE,opa_allowed_at_gate,8.66428716108203,2.907461952418089,0.0,111.90907379749592
opa_readset,related_same,0,5,1,EXECUTE,opa_allowed_at_gate,9.186846669763327,3.0962759628891945,0.0,111.90907379749592
opa_readset,related_same,0,6,1,EXECUTE,opa_allowed_at_gate,8.759756106883287,3.0509810894727707,0.0,111.90907379749592
opa_readset,related_same,0,7,1,EXECUTE,opa_allowed_at_gate,8.498026058077812,2.9819407500326633,0.0,111.90907379749592
opa_readset,related_same,0,8,1,EXECUTE,opa_allowed_at_gate,8.77972412854433,3.2188561744987965,0.0,111.90907379749592
opa_readset,related_same,0,9,1,EXECUTE,opa_allowed_at_gate,8.571413811296225,2.599084284156561,0.0,111.90907379749592
opa_readset,related_same,0,10,1,EXECUTE,opa_allowed_at_gate,8.41533113270998,2.6414329186081886,0.0,111.90907379749592
opa_readset,related_same,0,11,1,EXECUTE,opa_allowed_at_gate,9.110774844884872,3.088040743023157,0.0,111.90907379749592
opa_readset,related_same,0,12,1,EXECUTE,opa_allowed_at_gate,8.282952010631561,2.7336161583662033,0.0,111.90907379749592
opa_readset,related_same,0,13,1,EXECUTE,opa_allowed_at_gate,9.05460910871625,3.129639197140932,0.0,111.90907379749592
opa_readset,related_same,0,14,1,EXECUTE,opa_allowed_at_gate,8.646613918244839,2.9955869540572166,0.0,111.90907379749592
opa_readset,related_same,0,15,1,EXECUTE,opa_allowed_at_gate,8.55206698179245,2.7424516156315804,0.0,111.90907379749592
opa_readset,related_same,0,16,1,EXECUTE,opa_allowed_at_gate,8.827372919768095,3.008372150361538,0.0,111.90907379749592
opa_readset,related_same,0,17,1,EXECUTE,opa_allowed_at_gate,8.566745091229677,2.746650017797947,0.0,111.90907379749592
opa_readset,related_same,0,18,1,EXECUTE,opa_allowed_at_gate,8.72492091730237,3.1660171225667,0.0,111.90907379749592
opa_readset,related_same,0,19,1,EXECUTE,opa_allowed_at_gate,8.462639059871435,2.973936963826418,0.0,111.90907379749592
opa_readset,related_same,0,20,1,EXECUTE,opa_allowed_at_gate,8.932731114327908,2.9035951010882854,0.0,111.90907379749592
opa_readset,related_same,0,21,1,EXECUTE,opa_allowed_at_gate,8.938049897551537,3.115912899374962,0.0,111.90907379749592
opa_readset,related_same,0,22,1,EXECUTE,opa_allowed_at_gate,8.349166251718998,2.896430902183056,0.0,111.90907379749592
opa_readset,related_same,0,23,1,EXECUTE,opa_allowed_at_gate,9.456282015889883,3.220299258828163,0.0,111.90907379749592
opa_readset,related_same,0,24,1,EXECUTE,opa_allowed_at_gate,9.442497044801712,3.613125067204237,0.0,111.90907379749592
opa_readset,related_same,0,25,1,EXECUTE,opa_allowed_at_gate,8.822233881801367,2.9205158352851868,0.0,111.90907379749592
opa_readset,related_same,0,26,1,EXECUTE,opa_allowed_at_gate,8.957637008279562,3.0078403651714325,0.0,111.90907379749592
opa_readset,related_same,0,27,1,EXECUTE,opa_allowed_at_gate,8.482546079903841,2.7518202550709248,0.0,111.90907379749592
opa_readset,related_same,0,28,1,EXECUTE,opa_allowed_at_gate,8.172895759344101,2.5256862863898277,0.0,111.90907379749592
opa_readset,related_same,0,29,1,EXECUTE,opa_allowed_at_gate,9.222473949193954,3.343959804624319,0.0,111.90907379749592
opa_readset,related_same,0,30,1,EXECUTE,opa_allowed_at_gate,9.666145779192448,3.6176838912069798,0.0,111.90907379749592
opa_readset,related_same,0,31,1,EXECUTE,opa_allowed_at_gate,9.472121950238943,3.1678611412644386,0.0,111.90907379749592
opa_readset,related_same,0,32,1,EXECUTE,opa_allowed_at_gate,9.051603265106678,2.8251581825315952,0.0,111.90907379749592
opa_readset,related_same,0,33,1,EXECUTE,opa_allowed_at_gate,8.815380278974771,3.0958447605371475,0.0,111.90907379749592
opa_readset,related_same,0,34,1,EXECUTE,opa_allowed_at_gate,9.330716915428638,3.2955589704215527,0.0,111.90907379749592
opa_readset,related_same,0,35,1,EXECUTE,opa_allowed_at_gate,8.66414699703455,2.941344864666462,0.0,111.90907379749592
opa_readset,related_same,0,36,1,EXECUTE,opa_allowed_at_gate,8.36289208382368,2.5954470038414,0.0,111.90907379749592
opa_readset,related_same,0,37,1,EXECUTE,opa_allowed_at_gate,7.830705028027296,2.708679996430874,0.0,111.90907379749592
opa_readset,related_same,0,38,1,EXECUTE,opa_allowed_at_gate,8.610705845057964,2.9814201407134533,0.0,111.90907379749592
opa_readset,related_same,0,39,1,EXECUTE,opa_allowed_at_gate,9.114121086895466,2.871786244213581,0.0,111.90907379749592
opa_readset,related_same,0,40,1,EXECUTE,opa_allowed_at_gate,8.570951875299215,2.9062489047646523,0.0,111.90907379749592
opa_readset,related_same,0,41,1,EXECUTE,opa_allowed_at_gate,8.61085718497634,3.0201137997210026,0.0,111.90907379749592
opa_readset,related_same,0,42,1,EXECUTE,opa_allowed_at_gate,8.71336879208684,2.7603060007095337,0.0,111.90907379749592
opa_readset,related_same,0,43,1,EXECUTE,opa_allowed_at_gate,8.876625914126635,2.9373778961598873,0.0,111.90907379749592
opa_readset,related_same,0,44,1,EXECUTE,opa_allowed_at_gate,8.816412184387445,3.283225931227207,0.0,111.90907379749592
opa_readset,related_same,0,45,1,EXECUTE,opa_allowed_at_gate,9.12861805409193,2.8703021816909313,0.0,111.90907379749592
opa_readset,related_same,0,46,1,EXECUTE,opa_allowed_at_gate,8.730832021683455,2.8675468638539314,0.0,111.90907379749592
opa_readset,related_same,0,47,1,EXECUTE,opa_allowed_at_gate,8.577954955399036,2.9287319630384445,0.0,111.90907379749592
opa_readset,related_same,0,48,1,EXECUTE,opa_allowed_at_gate,8.57388786971569,3.2189260236918926,0.0,111.90907379749592
opa_readset,related_same,0,49,1,EXECUTE,opa_allowed_at_gate,8.955874014645815,3.0684340745210648,0.0,111.90907379749592
opa_readset,related_same,0,50,1,EXECUTE,opa_allowed_at_gate,8.668926078826189,2.9984330758452415,0.0,111.90907379749592
opa_readset,related_same,0,51,1,EXECUTE,opa_allowed_at_gate,8.985610213130713,2.8850100934505463,0.0,111.90907379749592
opa_readset,related_same,0,52,1,EXECUTE,opa_allowed_at_gate,9.327651001513004,3.1704753637313843,0.0,111.90907379749592
opa_readset,related_same,0,53,1,EXECUTE,opa_allowed_at_gate,8.71438067406416,2.84687802195549,0.0,111.90907379749592
opa_readset,related_same,0,54,1,EXECUTE,opa_allowed_at_gate,10.236085392534733,3.7229107692837715,0.0,111.90907379749592
opa_readset,related_same,0,55,1,EXECUTE,opa_allowed_at_gate,9.371773805469275,3.0884123407304287,0.0,111.90907379749592
opa_readset,related_same,0,56,1,EXECUTE,opa_allowed_at_gate,8.760618045926094,2.9021622613072395,0.0,111.90907379749592
opa_readset,related_same,0,57,1,EXECUTE,opa_allowed_at_gate,8.556235115975142,2.9187630861997604,0.0,111.90907379749592
opa_readset,related_same,0,58,1,EXECUTE,opa_allowed_at_gate,8.407544810324907,2.815991174429655,0.0,111.90907379749592
opa_readset,related_same,0,59,1,EXECUTE,opa_allowed_at_gate,8.463029749691486,3.205941990017891,0.0,111.90907379749592
opa_readset,related_same,0,60,1,EXECUTE,opa_allowed_at_gate,8.975530974566936,2.8220019303262234,0.0,111.90907379749592
opa_readset,related_same,0,61,1,EXECUTE,opa_allowed_at_gate,8.816152345389128,3.019221592694521,0.0,111.90907379749592
opa_readset,related_same,0,62,1,EXECUTE,opa_allowed_at_gate,11.992217972874641,3.1228559091687202,0.0,111.90907379749592
opa_readset,related_same,0,63,1,EXECUTE,opa_allowed_at_gate,11.897359974682331,2.9049566946923733,0.0,111.90907379749592
opa_readset,related_same,0,64,1,EXECUTE,opa_allowed_at_gate,9.152733255177736,3.105423878878355,0.0,111.90907379749592
opa_readset,related_same,0,65,1,EXECUTE,opa_allowed_at_gate,8.530475664883852,2.478737849742174,0.0,111.90907379749592
opa_readset,related_same,0,66,1,EXECUTE,opa_allowed_at_gate,8.703831117600203,2.7120751328766346,0.0,111.90907379749592
opa_readset,related_same,0,67,1,EXECUTE,opa_allowed_at_gate,8.683924097567797,2.9486888088285923,0.0,111.90907379749592
opa_readset,related_same,0,68,1,EXECUTE,opa_allowed_at_gate,8.590167853981256,2.9278602451086044,0.0,111.90907379749592
opa_readset,related_same,0,69,1,EXECUTE,opa_allowed_at_gate,9.884655941277742,4.05685743317008,0.0,111.90907379749592
opa_readset,related_same,0,70,1,EXECUTE,opa_allowed_at_gate,8.01064120605588,2.7248989790678024,0.0,111.90907379749592
opa_readset,related_same,0,71,1,EXECUTE,opa_allowed_at_gate,7.943746168166399,2.7322531677782536,0.0,111.90907379749592
opa_readset,related_same,0,72,1,EXECUTE,opa_allowed_at_gate,8.513735141605139,2.7984478510916233,0.0,111.90907379749592
opa_readset,related_same,0,73,1,EXECUTE,opa_allowed_at_gate,7.843608967959881,2.7154823765158653,0.0,111.90907379749592
opa_readset,related_same,0,74,1,EXECUTE,opa_allowed_at_gate,8.667212910950184,2.928420901298523,0.0,111.90907379749592
opa_readset,related_same,0,75,1,EXECUTE,opa_allowed_at_gate,8.279365953058004,2.8855311684310436,0.0,111.90907379749592
opa_readset,related_same,0,76,1,EXECUTE,opa_allowed_at_gate,9.103551041334867,2.646542154252529,0.0,111.90907379749592
opa_readset,related_same,0,77,1,EXECUTE,opa_allowed_at_gate,8.876785170286894,2.7544046752154827,0.0,111.90907379749592
opa_readset,related_same,0,78,1,EXECUTE,opa_allowed_at_gate,9.076179005205631,3.096486907452345,0.0,111.90907379749592
opa_readset,related_same,0,79,1,EXECUTE,opa_allowed_at_gate,8.155493065714836,2.6671807281672955,0.0,111.90907379749592
opa_readset,related_same,0,80,1,EXECUTE,opa_allowed_at_gate,8.555874228477478,2.8099198825657368,0.0,111.90907379749592
opa_readset,related_same,0,81,1,EXECUTE,opa_allowed_at_gate,9.341055992990732,3.3222497440874577,0.0,111.90907379749592
opa_readset,related_same,0,82,1,EXECUTE,opa_allowed_at_gate,9.103380143642426,3.1525222584605217,0.0,111.90907379749592
opa_readset,related_same,0,83,1,EXECUTE,opa_allowed_at_gate,8.712687995284796,2.821891102939844,0.0,111.90907379749592
opa_readset,related_same,0,84,1,EXECUTE,opa_allowed_at_gate,8.725180756300688,3.2088872976601124,0.0,111.90907379749592
opa_readset,related_same,0,85,1,EXECUTE,opa_allowed_at_gate,9.40045714378357,3.3019520342350006,0.0,111.90907379749592
opa_readset,related_same,0,86,1,EXECUTE,opa_allowed_at_gate,8.837962988764048,2.795381937175989,0.0,111.90907379749592
opa_readset,related_same,0,87,1,EXECUTE,opa_allowed_at_gate,9.808142203837633,3.447524271905422,0.0,111.90907379749592
opa_readset,related_same,0,88,1,EXECUTE,opa_allowed_at_gate,8.671119809150696,2.9165497981011868,0.0,111.90907379749592
opa_readset,related_same,0,89,1,EXECUTE,opa_allowed_at_gate,9.096347261220217,2.9495512135326862,0.0,111.90907379749592
opa_readset,related_same,0,90,1,EXECUTE,opa_allowed_at_gate,8.609393611550331,2.830397803336382,0.0,111.90907379749592
opa_readset,related_same,0,91,1,EXECUTE,opa_allowed_at_gate,8.75209178775549,2.9342728666961193,0.0,111.90907379749592
opa_readset,related_same,0,92,1,EXECUTE,opa_allowed_at_gate,9.535621386021376,3.483292181044817,0.0,111.90907379749592
opa_readset,related_same,0,93,1,EXECUTE,opa_allowed_at_gate,9.609250351786613,3.1086900271475315,0.0,111.90907379749592
opa_readset,related_same,0,94,1,EXECUTE,opa_allowed_at_gate,8.846058044582605,3.011216875165701,0.0,111.90907379749592
opa_readset,related_same,0,95,1,EXECUTE,opa_allowed_at_gate,8.475753013044596,2.706746105104685,0.0,111.90907379749592
opa_readset,related_same,0,96,1,EXECUTE,opa_allowed_at_gate,10.184097103774548,4.254117142409086,0.0,111.90907379749592
opa_readset,related_same,0,97,1,EXECUTE,opa_allowed_at_gate,8.960473351180553,2.8659040108323097,0.0,111.90907379749592
opa_readset,related_same,0,98,1,EXECUTE,opa_allowed_at_gate,8.695345837622881,3.1013847328722477,0.0,111.90907379749592
opa_readset,related_same,0,99,1,EXECUTE,opa_allowed_at_gate,8.988365065306425,2.975138835608959,0.0,111.90907379749592
global,unrelated,20,0,1,EXECUTE,published_after_gate_recheck,18.344088923186064,4.42414591088891,20.021053030419544,58.19505933254969
global,unrelated,20,1,1,EXECUTE,published_after_gate_recheck,14.993494842201471,4.2894030921161175,20.021053030419544,58.19505933254969
global,unrelated,20,2,1,EXECUTE,published_after_gate_recheck,15.930262859910727,4.606497939676046,20.021053030419544,58.19505933254969
global,unrelated,20,3,1,EXECUTE,published_after_gate_recheck,17.953475937247276,4.32624202221632,20.021053030419544,58.19505933254969
global,unrelated,20,4,1,EXECUTE,published_after_gate_recheck,15.90869203209877,4.552116151899099,20.021053030419544,58.19505933254969
global,unrelated,20,5,1,EXECUTE,published_after_gate_recheck,15.295112039893866,4.264927003532648,20.021053030419544,58.19505933254969
global,unrelated,20,6,1,EXECUTE,published_after_gate_recheck,20.64326126128435,4.301826935261488,20.021053030419544,58.19505933254969
global,unrelated,20,7,1,EXECUTE,published_after_gate_recheck,16.675489954650402,3.9392374455928802,20.021053030419544,58.19505933254969
global,unrelated,20,8,1,EXECUTE,published_after_gate_recheck,16.084881965070963,4.476223606616259,20.021053030419544,58.19505933254969
global,unrelated,20,9,1,EXECUTE,published_after_gate_recheck,15.443469397723675,4.9041761085391045,20.021053030419544,58.19505933254969
global,unrelated,20,10,1,EXECUTE,published_after_gate_recheck,14.980570878833532,3.6706430837512016,20.021053030419544,58.19505933254969
global,unrelated,20,11,1,EXECUTE,published_after_gate_recheck,14.530567917972803,4.1935741901397705,20.021053030419544,58.19505933254969
global,unrelated,20,12,1,EXECUTE,published_after_gate_recheck,19.22502974048257,4.279515240341425,20.021053030419544,58.19505933254969
global,unrelated,20,13,1,EXECUTE,published_after_gate_recheck,14.248557854443789,4.048120696097612,20.021053030419544,58.19505933254969
global,unrelated,20,14,1,EXECUTE,published_after_gate_recheck,15.349031891673803,4.307938273996115,20.021053030419544,58.19505933254969
global,unrelated,20,15,0,REVOKE,context_version_changed_at_publish,16.83448813855648,6.535063963383436,20.021053030419544,58.19505933254969
global,unrelated,20,16,1,EXECUTE,published_after_gate_recheck,14.83143214136362,4.367860034108162,20.021053030419544,58.19505933254969
global,unrelated,20,17,1,EXECUTE,published_after_gate_recheck,14.338708017021418,3.818961326032877,20.021053030419544,58.19505933254969
global,unrelated,20,18,1,EXECUTE,published_after_gate_recheck,13.92420008778572,3.9942399598658085,20.021053030419544,58.19505933254969
global,unrelated,20,19,1,EXECUTE,published_after_gate_recheck,15.020516701042652,4.269156139343977,20.021053030419544,58.19505933254969
global,unrelated,20,20,1,EXECUTE,published_after_gate_recheck,13.971128966659307,4.071495030075312,20.021053030419544,58.19505933254969
global,unrelated,20,21,1,EXECUTE,published_after_gate_recheck,14.898377936333418,4.3370830826461315,20.021053030419544,58.19505933254969
global,unrelated,20,22,1,EXECUTE,published_after_gate_recheck,17.690452747046947,4.4856807217001915,20.021053030419544,58.19505933254969
global,unrelated,20,23,1,EXECUTE,published_after_gate_recheck,14.79397201910615,3.7762108258903027,20.021053030419544,58.19505933254969
global,unrelated,20,24,1,EXECUTE,published_after_gate_recheck,15.274101868271828,4.326493013650179,20.021053030419544,58.19505933254969
global,unrelated,20,25,1,EXECUTE,published_after_gate_recheck,17.35422294586897,3.9045908488333225,20.021053030419544,58.19505933254969
global,unrelated,20,26,1,EXECUTE,published_after_gate_recheck,15.071812085807323,4.482965916395187,20.021053030419544,58.19505933254969
global,unrelated,20,27,1,EXECUTE,published_after_gate_recheck,13.859448954463005,3.51418973878026,20.021053030419544,58.19505933254969
global,unrelated,20,28,0,REVOKE,context_version_changed_at_publish,17.55555998533964,7.3852078057825565,20.021053030419544,58.19505933254969
global,unrelated,20,29,1,EXECUTE,published_after_gate_recheck,14.090042095631361,4.001894034445286,20.021053030419544,58.19505933254969
global,unrelated,20,30,1,EXECUTE,published_after_gate_recheck,14.846029225736856,4.242004826664925,20.021053030419544,58.19505933254969
global,unrelated,20,31,1,EXECUTE,published_after_gate_recheck,14.83258418738842,4.340349230915308,20.021053030419544,58.19505933254969
global,unrelated,20,32,1,EXECUTE,published_after_gate_recheck,15.563834924250841,4.191660322248936,20.021053030419544,58.19505933254969
global,unrelated,20,33,1,EXECUTE,published_after_gate_recheck,13.91421165317297,3.8127200677990913,20.021053030419544,58.19505933254969
global,unrelated,20,34,1,EXECUTE,published_after_gate_recheck,14.142570085823536,3.989059943705797,20.021053030419544,58.19505933254969
global,unrelated,20,35,1,EXECUTE,published_after_gate_recheck,17.60591473430395,4.179508425295353,20.021053030419544,58.19505933254969
global,unrelated,20,36,1,EXECUTE,published_after_gate_recheck,14.584938995540142,4.250640980899334,20.021053030419544,58.19505933254969
global,unrelated,20,37,1,EXECUTE,published_after_gate_recheck,14.7859170101583,4.533570725470781,20.021053030419544,58.19505933254969
global,unrelated,20,38,1,EXECUTE,published_after_gate_recheck,19.833031110465527,4.877024795860052,20.021053030419544,58.19505933254969
global,unrelated,20,39,1,EXECUTE,published_after_gate_recheck,14.642257243394852,4.19754208996892,20.021053030419544,58.19505933254969
global,unrelated,20,40,1,EXECUTE,published_after_gate_recheck,14.257094822824001,4.259457811713219,20.021053030419544,58.19505933254969
global,unrelated,20,41,0,REVOKE,context_version_changed_at_publish,17.017641104757786,6.541936658322811,20.021053030419544,58.19505933254969
global,unrelated,20,42,1,EXECUTE,published_after_gate_recheck,14.694985933601856,4.227275960147381,20.021053030419544,58.19505933254969
global,unrelated,20,43,1,EXECUTE,published_after_gate_recheck,14.322096016258001,4.1343532502651215,20.021053030419544,58.19505933254969
global,unrelated,20,44,1,EXECUTE,published_after_gate_recheck,14.166483655571938,4.15040273219347,20.021053030419544,58.19505933254969
global,unrelated,20,45,1,EXECUTE,published_after_gate_recheck,14.905210118740797,4.202189855277538,20.021053030419544,58.19505933254969
global,unrelated,20,46,1,EXECUTE,published_after_gate_recheck,15.266457106918097,4.3687219731509686,20.021053030419544,58.19505933254969
global,unrelated,20,47,1,EXECUTE,published_after_gate_recheck,14.707840047776699,3.994409926235676,20.021053030419544,58.19505933254969
global,unrelated,20,48,1,EXECUTE,published_after_gate_recheck,14.81986977159977,4.030438140034676,20.021053030419544,58.19505933254969
global,unrelated,20,49,1,EXECUTE,published_after_gate_recheck,14.458882622420788,4.403136670589447,20.021053030419544,58.19505933254969
global,unrelated,20,50,1,EXECUTE,published_after_gate_recheck,14.334440231323242,4.10672090947628,20.021053030419544,58.19505933254969
global,unrelated,20,51,0,REVOKE,context_version_changed_at_publish,15.860101208090782,5.889143794775009,20.021053030419544,58.19505933254969
global,unrelated,20,52,1,EXECUTE,published_after_gate_recheck,13.979865238070488,3.9500868879258633,20.021053030419544,58.19505933254969
global,unrelated,20,53,1,EXECUTE,published_after_gate_recheck,14.841801021248102,4.148889798671007,20.021053030419544,58.19505933254969
global,unrelated,20,54,1,EXECUTE,published_after_gate_recheck,14.91632079705596,4.2862980626523495,20.021053030419544,58.19505933254969
global,unrelated,20,55,1,EXECUTE,published_after_gate_recheck,15.207967720925808,4.926629364490509,20.021053030419544,58.19505933254969
global,unrelated,20,56,1,EXECUTE,published_after_gate_recheck,15.298828948289156,4.4711739756166935,20.021053030419544,58.19505933254969
global,unrelated,20,57,1,EXECUTE,published_after_gate_recheck,14.811445027589798,4.064811859279871,20.021053030419544,58.19505933254969
global,unrelated,20,58,1,EXECUTE,published_after_gate_recheck,15.781953930854797,4.579256754368544,20.021053030419544,58.19505933254969
global,unrelated,20,59,1,EXECUTE,published_after_gate_recheck,14.495532028377056,4.173045977950096,20.021053030419544,58.19505933254969
global,unrelated,20,60,1,EXECUTE,published_after_gate_recheck,14.379383996129036,3.890917170792818,20.021053030419544,58.19505933254969
global,unrelated,20,61,0,REVOKE,context_version_changed_at_publish,16.946878749877214,6.106650922447443,20.021053030419544,58.19505933254969
global,unrelated,20,62,1,EXECUTE,published_after_gate_recheck,14.534776099026203,4.138560965657234,20.021053030419544,58.19505933254969
global,unrelated,20,63,1,EXECUTE,published_after_gate_recheck,15.147625003010035,4.213821142911911,20.021053030419544,58.19505933254969
global,unrelated,20,64,1,EXECUTE,published_after_gate_recheck,14.021171722561121,4.482686053961515,20.021053030419544,58.19505933254969
global,unrelated,20,65,1,EXECUTE,published_after_gate_recheck,15.379339922219515,4.131658002734184,20.021053030419544,58.19505933254969
global,unrelated,20,66,1,EXECUTE,published_after_gate_recheck,13.996967114508152,3.6571179516613483,20.021053030419544,58.19505933254969
global,unrelated,20,67,1,EXECUTE,published_after_gate_recheck,14.535486698150635,4.24992898479104,20.021053030419544,58.19505933254969
global,unrelated,20,68,1,EXECUTE,published_after_gate_recheck,16.46202988922596,4.273664206266403,20.021053030419544,58.19505933254969
global,unrelated,20,69,1,EXECUTE,published_after_gate_recheck,14.38859198242426,4.197129979729652,20.021053030419544,58.19505933254969
global,unrelated,20,70,1,EXECUTE,published_after_gate_recheck,15.583813190460205,4.663604777306318,20.021053030419544,58.19505933254969
global,unrelated,20,71,0,REVOKE,context_version_changed_at_publish,16.335912980139256,5.758287850767374,20.021053030419544,58.19505933254969
global,unrelated,20,72,1,EXECUTE,published_after_gate_recheck,15.225341077893972,4.762681201100349,20.021053030419544,58.19505933254969
global,unrelated,20,73,1,EXECUTE,published_after_gate_recheck,14.334420207887888,4.044573754072189,20.021053030419544,58.19505933254969
global,unrelated,20,74,0,REVOKE,context_version_changed_at_publish,19.962382968515158,9.64111927896738,20.021053030419544,58.19505933254969
global,unrelated,20,75,1,EXECUTE,published_after_gate_recheck,15.034351963549852,4.618260078132153,20.021053030419544,58.19505933254969
global,unrelated,20,76,1,EXECUTE,published_after_gate_recheck,14.723809901624918,4.143599886447191,20.021053030419544,58.19505933254969
global,unrelated,20,77,0,REVOKE,context_version_changed_at_publish,19.366315100342035,8.047330193221569,20.021053030419544,58.19505933254969
global,unrelated,20,78,1,EXECUTE,published_after_gate_recheck,14.220825862139463,3.7577860057353973,20.021053030419544,58.19505933254969
global,unrelated,20,79,1,EXECUTE,published_after_gate_recheck,14.064933639019728,4.188393708318472,20.021053030419544,58.19505933254969
global,unrelated,20,80,1,EXECUTE,published_after_gate_recheck,14.824999962002039,4.318867810070515,20.021053030419544,58.19505933254969
global,unrelated,20,81,1,EXECUTE,published_after_gate_recheck,15.012140851467848,4.543079063296318,20.021053030419544,58.19505933254969
global,unrelated,20,82,1,EXECUTE,published_after_gate_recheck,14.39524395391345,4.0374211966991425,20.021053030419544,58.19505933254969
global,unrelated,20,83,1,EXECUTE,published_after_gate_recheck,15.427540056407452,4.347121808677912,20.021053030419544,58.19505933254969
global,unrelated,20,84,1,EXECUTE,published_after_gate_recheck,16.362442169338465,4.056106321513653,20.021053030419544,58.19505933254969
global,unrelated,20,85,1,EXECUTE,published_after_gate_recheck,15.091580338776112,4.650541115552187,20.021053030419544,58.19505933254969
global,unrelated,20,86,1,EXECUTE,published_after_gate_recheck,14.3828010186553,4.220284055918455,20.021053030419544,58.19505933254969
global,unrelated,20,87,0,REVOKE,context_version_changed_at_publish,17.298898193985224,6.274465937167406,20.021053030419544,58.19505933254969
global,unrelated,20,88,1,EXECUTE,published_after_gate_recheck,14.079221058636904,3.9855539798736572,20.021053030419544,58.19505933254969
global,unrelated,20,89,1,EXECUTE,published_after_gate_recheck,14.410022180527449,4.146976862102747,20.021053030419544,58.19505933254969
global,unrelated,20,90,0,REVOKE,context_version_changed_at_publish,20.07602620869875,9.7004109993577,20.021053030419544,58.19505933254969
global,unrelated,20,91,1,EXECUTE,published_after_gate_recheck,14.327405951917171,4.1556027717888355,20.021053030419544,58.19505933254969
global,unrelated,20,92,1,EXECUTE,published_after_gate_recheck,14.546899124979973,4.207279067486525,20.021053030419544,58.19505933254969
global,unrelated,20,93,1,EXECUTE,published_after_gate_recheck,14.762412291020155,4.610344767570496,20.021053030419544,58.19505933254969
global,unrelated,20,94,1,EXECUTE,published_after_gate_recheck,15.279281884431839,4.269234836101532,20.021053030419544,58.19505933254969
global,unrelated,20,95,1,EXECUTE,published_after_gate_recheck,14.961706008762121,4.794190172106028,20.021053030419544,58.19505933254969
global,unrelated,20,96,1,EXECUTE,published_after_gate_recheck,13.88288289308548,3.9930976927280426,20.021053030419544,58.19505933254969
global,unrelated,20,97,1,EXECUTE,published_after_gate_recheck,16.08062395825982,4.170690197497606,20.021053030419544,58.19505933254969
global,unrelated,20,98,1,EXECUTE,published_after_gate_recheck,14.694355428218842,4.496071022003889,20.021053030419544,58.19505933254969
global,unrelated,20,99,1,EXECUTE,published_after_gate_recheck,14.48828773573041,4.299992695450783,20.021053030419544,58.19505933254969
readset,unrelated,20,0,1,EXECUTE,published_after_gate_recheck,17.106076702475548,4.300233907997608,20.437036175870286,64.50446060317132
readset,unrelated,20,1,1,EXECUTE,published_after_gate_recheck,14.129496179521084,4.108344204723835,20.437036175870286,64.50446060317132
readset,unrelated,20,2,1,EXECUTE,published_after_gate_recheck,15.212445985525846,4.307327326387167,20.437036175870286,64.50446060317132
readset,unrelated,20,3,1,EXECUTE,published_after_gate_recheck,17.368860077112913,6.377568934112787,20.437036175870286,64.50446060317132
readset,unrelated,20,4,1,EXECUTE,published_after_gate_recheck,14.448843896389008,4.020969849079847,20.437036175870286,64.50446060317132
readset,unrelated,20,5,1,EXECUTE,published_after_gate_recheck,17.41165015846491,4.332283977419138,20.437036175870286,64.50446060317132
readset,unrelated,20,6,1,EXECUTE,published_after_gate_recheck,17.41997618228197,6.577593740075827,20.437036175870286,64.50446060317132
readset,unrelated,20,7,1,EXECUTE,published_after_gate_recheck,14.322887640446424,4.033202305436134,20.437036175870286,64.50446060317132
readset,unrelated,20,8,1,EXECUTE,published_after_gate_recheck,14.741231687366962,4.497883841395378,20.437036175870286,64.50446060317132
readset,unrelated,20,9,1,EXECUTE,published_after_gate_recheck,14.680278021842241,3.877722192555666,20.437036175870286,64.50446060317132
readset,unrelated,20,10,1,EXECUTE,published_after_gate_recheck,15.903541818261147,4.741702228784561,20.437036175870286,64.50446060317132
readset,unrelated,20,11,1,EXECUTE,published_after_gate_recheck,13.550300151109695,3.8030222058296204,20.437036175870286,64.50446060317132
readset,unrelated,20,12,1,EXECUTE,published_after_gate_recheck,15.012450981885195,3.944297321140766,20.437036175870286,64.50446060317132
readset,unrelated,20,13,1,EXECUTE,published_after_gate_recheck,15.241480898112059,4.240771755576134,20.437036175870286,64.50446060317132
readset,unrelated,20,14,1,EXECUTE,published_after_gate_recheck,14.067159034311771,4.157655872404575,20.437036175870286,64.50446060317132
readset,unrelated,20,15,1,EXECUTE,published_after_gate_recheck,14.61396412923932,4.376537166535854,20.437036175870286,64.50446060317132
readset,unrelated,20,16,1,EXECUTE,published_after_gate_recheck,17.437397968024015,6.312147248536348,20.437036175870286,64.50446060317132
readset,unrelated,20,17,1,EXECUTE,published_after_gate_recheck,14.6737159229815,4.512611776590347,20.437036175870286,64.50446060317132
readset,unrelated,20,18,1,EXECUTE,published_after_gate_recheck,14.177275821566582,4.5444718562066555,20.437036175870286,64.50446060317132
readset,unrelated,20,19,1,EXECUTE,published_after_gate_recheck,15.538306906819344,4.923071712255478,20.437036175870286,64.50446060317132
readset,unrelated,20,20,1,EXECUTE,published_after_gate_recheck,15.286203939467669,4.288051277399063,20.437036175870286,64.50446060317132
readset,unrelated,20,21,1,EXECUTE,published_after_gate_recheck,14.724320732057095,4.207300022244453,20.437036175870286,64.50446060317132
readset,unrelated,20,22,1,EXECUTE,published_after_gate_recheck,14.879913069307804,4.319269210100174,20.437036175870286,64.50446060317132
readset,unrelated,20,23,1,EXECUTE,published_after_gate_recheck,14.760890044271946,4.426349885761738,20.437036175870286,64.50446060317132
readset,unrelated,20,24,1,EXECUTE,published_after_gate_recheck,14.564672019332647,4.222597926855087,20.437036175870286,64.50446060317132
readset,unrelated,20,25,1,EXECUTE,published_after_gate_recheck,14.178748242557049,3.58777679502964,20.437036175870286,64.50446060317132
readset,unrelated,20,26,1,EXECUTE,published_after_gate_recheck,19.41187120974064,4.160542041063309,20.437036175870286,64.50446060317132
readset,unrelated,20,27,1,EXECUTE,published_after_gate_recheck,14.425660949200392,4.208611790090799,20.437036175870286,64.50446060317132
readset,unrelated,20,28,1,EXECUTE,published_after_gate_recheck,15.094514936208725,4.135935101658106,20.437036175870286,64.50446060317132
readset,unrelated,20,29,1,EXECUTE,published_after_gate_recheck,16.84061996638775,6.660659797489643,20.437036175870286,64.50446060317132
readset,unrelated,20,30,1,EXECUTE,published_after_gate_recheck,15.010156203061342,4.281758796423674,20.437036175870286,64.50446060317132
readset,unrelated,20,31,1,EXECUTE,published_after_gate_recheck,14.465134125202894,4.17329603806138,20.437036175870286,64.50446060317132
readset,unrelated,20,32,1,EXECUTE,published_after_gate_recheck,14.620406087487936,4.246492870151997,20.437036175870286,64.50446060317132
readset,unrelated,20,33,1,EXECUTE,published_after_gate_recheck,15.603188890963793,4.079420119524002,20.437036175870286,64.50446060317132
readset,unrelated,20,34,1,EXECUTE,published_after_gate_recheck,14.921751338988543,4.189746920019388,20.437036175870286,64.50446060317132
readset,unrelated,20,35,1,EXECUTE,published_after_gate_recheck,16.675950028002262,4.7524720430374146,20.437036175870286,64.50446060317132
readset,unrelated,20,36,1,EXECUTE,published_after_gate_recheck,16.32297830656171,4.519395064562559,20.437036175870286,64.50446060317132
readset,unrelated,20,37,1,EXECUTE,published_after_gate_recheck,19.179505296051502,7.346757221966982,20.437036175870286,64.50446060317132
readset,unrelated,20,38,1,EXECUTE,published_after_gate_recheck,15.332641080021858,4.63377870619297,20.437036175870286,64.50446060317132
readset,unrelated,20,39,1,EXECUTE,published_after_gate_recheck,15.91638708487153,4.648245871067047,20.437036175870286,64.50446060317132
readset,unrelated,20,40,1,EXECUTE,published_after_gate_recheck,15.692206099629402,4.872788209468126,20.437036175870286,64.50446060317132
readset,unrelated,20,41,1,EXECUTE,published_after_gate_recheck,14.71847016364336,3.77890607342124,20.437036175870286,64.50446060317132
readset,unrelated,20,42,1,EXECUTE,published_after_gate_recheck,15.176248271018267,4.196810070425272,20.437036175870286,64.50446060317132
readset,unrelated,20,43,1,EXECUTE,published_after_gate_recheck,15.252691693603992,4.358572885394096,20.437036175870286,64.50446060317132
readset,unrelated,20,44,1,EXECUTE,published_after_gate_recheck,14.210386667400599,4.129293840378523,20.437036175870286,64.50446060317132
readset,unrelated,20,45,1,EXECUTE,published_after_gate_recheck,16.86542620882392,5.9405602514743805,20.437036175870286,64.50446060317132
readset,unrelated,20,46,1,EXECUTE,published_after_gate_recheck,14.694023877382278,4.232197068631649,20.437036175870286,64.50446060317132
readset,unrelated,20,47,1,EXECUTE,published_after_gate_recheck,14.779093209654093,4.460465162992477,20.437036175870286,64.50446060317132
readset,unrelated,20,48,1,EXECUTE,published_after_gate_recheck,20.52201284095645,9.530391078442335,20.437036175870286,64.50446060317132
readset,unrelated,20,49,1,EXECUTE,published_after_gate_recheck,15.801201108843088,4.750748164951801,20.437036175870286,64.50446060317132
readset,unrelated,20,50,1,EXECUTE,published_after_gate_recheck,14.933944214135408,4.350647795945406,20.437036175870286,64.50446060317132
readset,unrelated,20,51,1,EXECUTE,published_after_gate_recheck,17.28910021483898,6.7930580116808414,20.437036175870286,64.50446060317132
readset,unrelated,20,52,1,EXECUTE,published_after_gate_recheck,14.677884057164192,3.5930369049310684,20.437036175870286,64.50446060317132
readset,unrelated,20,53,1,EXECUTE,published_after_gate_recheck,14.526440296322107,4.013716708868742,20.437036175870286,64.50446060317132
readset,unrelated,20,54,1,EXECUTE,published_after_gate_recheck,14.974649995565414,4.426299594342709,20.437036175870286,64.50446060317132
readset,unrelated,20,55,1,EXECUTE,published_after_gate_recheck,15.07664192467928,4.588123876601458,20.437036175870286,64.50446060317132
readset,unrelated,20,56,1,EXECUTE,published_after_gate_recheck,14.482677914202213,4.301395732909441,20.437036175870286,64.50446060317132
readset,unrelated,20,57,1,EXECUTE,published_after_gate_recheck,14.849044848233461,3.886918071657419,20.437036175870286,64.50446060317132
readset,unrelated,20,58,1,EXECUTE,published_after_gate_recheck,16.622910741716623,4.667332861572504,20.437036175870286,64.50446060317132
readset,unrelated,20,59,1,EXECUTE,published_after_gate_recheck,14.630625024437904,4.2450912296772,20.437036175870286,64.50446060317132
readset,unrelated,20,60,1,EXECUTE,published_after_gate_recheck,15.375752002000809,4.745158366858959,20.437036175870286,64.50446060317132
readset,unrelated,20,61,1,EXECUTE,published_after_gate_recheck,18.07455299422145,6.391114555299282,20.437036175870286,64.50446060317132
readset,unrelated,20,62,1,EXECUTE,published_after_gate_recheck,15.530312433838844,4.197471309453249,20.437036175870286,64.50446060317132
readset,unrelated,20,63,1,EXECUTE,published_after_gate_recheck,15.800229273736477,4.5586880296468735,20.437036175870286,64.50446060317132
readset,unrelated,20,64,1,EXECUTE,published_after_gate_recheck,18.765027169138193,4.080080892890692,20.437036175870286,64.50446060317132
readset,unrelated,20,65,1,EXECUTE,published_after_gate_recheck,14.924716670066118,4.102802835404873,20.437036175870286,64.50446060317132
readset,unrelated,20,66,1,EXECUTE,published_after_gate_recheck,14.433715958148241,4.054272081702948,20.437036175870286,64.50446060317132
readset,unrelated,20,67,1,EXECUTE,published_after_gate_recheck,16.632840037345886,6.359976250678301,20.437036175870286,64.50446060317132
readset,unrelated,20,68,1,EXECUTE,published_after_gate_recheck,15.19383117556572,4.768362268805504,20.437036175870286,64.50446060317132
readset,unrelated,20,69,1,EXECUTE,published_after_gate_recheck,14.325413387268782,4.531756974756718,20.437036175870286,64.50446060317132
readset,unrelated,20,70,1,EXECUTE,published_after_gate_recheck,14.969199895858765,4.335389006882906,20.437036175870286,64.50446060317132
readset,unrelated,20,71,1,EXECUTE,published_after_gate_recheck,15.427660197019577,4.257243126630783,20.437036175870286,64.50446060317132
readset,unrelated,20,72,1,EXECUTE,published_after_gate_recheck,14.32451093569398,4.474290180951357,20.437036175870286,64.50446060317132
readset,unrelated,20,73,1,EXECUTE,published_after_gate_recheck,15.804786700755358,4.349686671048403,20.437036175870286,64.50446060317132
readset,unrelated,20,74,1,EXECUTE,published_after_gate_recheck,16.307580284774303,4.620695021003485,20.437036175870286,64.50446060317132
readset,unrelated,20,75,1,EXECUTE,published_after_gate_recheck,15.648833941668272,4.743124358355999,20.437036175870286,64.50446060317132
readset,unrelated,20,76,1,EXECUTE,published_after_gate_recheck,15.095196198672056,4.354905802756548,20.437036175870286,64.50446060317132
readset,unrelated,20,77,1,EXECUTE,published_after_gate_recheck,17.529661301523447,4.295415244996548,20.437036175870286,64.50446060317132
readset,unrelated,20,78,1,EXECUTE,published_after_gate_recheck,15.645667910575867,4.6506100334227085,20.437036175870286,64.50446060317132
readset,unrelated,20,79,1,EXECUTE,published_after_gate_recheck,14.180701691657305,3.8777710869908333,20.437036175870286,64.50446060317132
readset,unrelated,20,80,1,EXECUTE,published_after_gate_recheck,19.23495903611183,4.44349180907011,20.437036175870286,64.50446060317132
readset,unrelated,20,81,1,EXECUTE,published_after_gate_recheck,15.504925046116114,4.2563313618302345,20.437036175870286,64.50446060317132
readset,unrelated,20,82,1,EXECUTE,published_after_gate_recheck,14.921420253813267,3.9256513118743896,20.437036175870286,64.50446060317132
readset,unrelated,20,83,1,EXECUTE,published_after_gate_recheck,15.676014591008425,5.625138059258461,20.437036175870286,64.50446060317132
readset,unrelated,20,84,1,EXECUTE,published_after_gate_recheck,15.149247832596302,4.448993131518364,20.437036175870286,64.50446060317132
readset,unrelated,20,85,1,EXECUTE,published_after_gate_recheck,14.4658163189888,4.33260528370738,20.437036175870286,64.50446060317132
readset,unrelated,20,86,1,EXECUTE,published_after_gate_recheck,13.725516851991415,4.170179832726717,20.437036175870286,64.50446060317132
readset,unrelated,20,87,1,EXECUTE,published_after_gate_recheck,14.396996702998877,4.020548891276121,20.437036175870286,64.50446060317132
readset,unrelated,20,88,1,EXECUTE,published_after_gate_recheck,14.058100990951061,4.329228308051825,20.437036175870286,64.50446060317132
readset,unrelated,20,89,1,EXECUTE,published_after_gate_recheck,14.69851192086935,4.364714026451111,20.437036175870286,64.50446060317132
readset,unrelated,20,90,1,EXECUTE,published_after_gate_recheck,16.808929853141308,4.122098907828331,20.437036175870286,64.50446060317132
readset,unrelated,20,91,1,EXECUTE,published_after_gate_recheck,13.466713018715382,3.928756806999445,20.437036175870286,64.50446060317132
readset,unrelated,20,92,1,EXECUTE,published_after_gate_recheck,15.214799903333187,5.001238081604242,20.437036175870286,64.50446060317132
readset,unrelated,20,93,1,EXECUTE,published_after_gate_recheck,17.042769119143486,6.260340102016926,20.437036175870286,64.50446060317132
readset,unrelated,20,94,1,EXECUTE,published_after_gate_recheck,14.71257908269763,4.117221105843782,20.437036175870286,64.50446060317132
readset,unrelated,20,95,1,EXECUTE,published_after_gate_recheck,14.47368087247014,4.1901967488229275,20.437036175870286,64.50446060317132
readset,unrelated,20,96,1,EXECUTE,published_after_gate_recheck,14.19039024040103,4.237075801938772,20.437036175870286,64.50446060317132
readset,unrelated,20,97,1,EXECUTE,published_after_gate_recheck,14.371529221534729,3.9146803319454193,20.437036175870286,64.50446060317132
readset,unrelated,20,98,1,EXECUTE,published_after_gate_recheck,14.680629130452871,4.131046123802662,20.437036175870286,64.50446060317132
readset,unrelated,20,99,1,EXECUTE,published_after_gate_recheck,14.421012252569199,4.3076081201434135,20.437036175870286,64.50446060317132
truth,unrelated,20,0,1,EXECUTE,published_after_gate_recheck,19.608519971370697,4.5078229159116745,20.342786286012252,61.81917954036223
truth,unrelated,20,1,1,EXECUTE,published_after_gate_recheck,15.961120836436749,4.47615422308445,20.342786286012252,61.81917954036223
truth,unrelated,20,2,1,EXECUTE,published_after_gate_recheck,14.896614011377096,4.048761911690235,20.342786286012252,61.81917954036223
truth,unrelated,20,3,1,EXECUTE,published_after_gate_recheck,16.362122260034084,4.599024076014757,20.342786286012252,61.81917954036223
truth,unrelated,20,4,1,EXECUTE,published_after_gate_recheck,15.345444902777672,4.292047582566738,20.342786286012252,61.81917954036223
truth,unrelated,20,5,1,EXECUTE,published_after_gate_recheck,14.455235563218594,4.322113934904337,20.342786286012252,61.81917954036223
truth,unrelated,20,6,1,EXECUTE,published_after_gate_recheck,17.743342090398073,6.7953127436339855,20.342786286012252,61.81917954036223
truth,unrelated,20,7,1,EXECUTE,published_after_gate_recheck,15.048949979245663,4.168926738202572,20.342786286012252,61.81917954036223
truth,unrelated,20,8,1,EXECUTE,published_after_gate_recheck,15.079977922141552,4.41874610260129,20.342786286012252,61.81917954036223
truth,unrelated,20,9,1,EXECUTE,published_after_gate_recheck,23.895529098808765,7.720206864178181,20.342786286012252,61.81917954036223
truth,unrelated,20,10,1,EXECUTE,published_after_gate_recheck,14.69378313049674,4.125265870243311,20.342786286012252,61.81917954036223
truth,unrelated,20,11,1,EXECUTE,published_after_gate_recheck,14.967237133532763,4.194595851004124,20.342786286012252,61.81917954036223
truth,unrelated,20,12,1,EXECUTE,published_after_gate_recheck,19.180286675691605,4.718277137726545,20.342786286012252,61.81917954036223
truth,unrelated,20,13,1,EXECUTE,published_after_gate_recheck,21.758852060884237,10.34290436655283,20.342786286012252,61.81917954036223
truth,unrelated,20,14,1,EXECUTE,published_after_gate_recheck,16.871316824108362,4.994125105440617,20.342786286012252,61.81917954036223
truth,unrelated,20,15,1,EXECUTE,published_after_gate_recheck,16.548031009733677,4.791444167494774,20.342786286012252,61.81917954036223
truth,unrelated,20,16,1,EXECUTE,published_after_gate_recheck,19.838822074234486,4.798316862434149,20.342786286012252,61.81917954036223
truth,unrelated,20,17,1,EXECUTE,published_after_gate_recheck,20.74571279808879,8.783720899373293,20.342786286012252,61.81917954036223
truth,unrelated,20,18,1,EXECUTE,published_after_gate_recheck,16.58129319548607,5.095935892313719,20.342786286012252,61.81917954036223
truth,unrelated,20,19,1,EXECUTE,published_after_gate_recheck,16.78991410881281,4.719189368188381,20.342786286012252,61.81917954036223
truth,unrelated,20,20,1,EXECUTE,published_after_gate_recheck,18.206581007689238,6.045055575668812,20.342786286012252,61.81917954036223
truth,unrelated,20,21,1,EXECUTE,published_after_gate_recheck,15.03747794777155,4.001534078270197,20.342786286012252,61.81917954036223
truth,unrelated,20,22,1,EXECUTE,published_after_gate_recheck,14.820201322436333,4.026631359010935,20.342786286012252,61.81917954036223
truth,unrelated,20,23,1,EXECUTE,published_after_gate_recheck,16.990401316434145,6.435137242078781,20.342786286012252,61.81917954036223
truth,unrelated,20,24,1,EXECUTE,published_after_gate_recheck,15.442177187651396,4.48663393035531,20.342786286012252,61.81917954036223
truth,unrelated,20,25,1,EXECUTE,published_after_gate_recheck,13.860610779374838,3.728141076862812,20.342786286012252,61.81917954036223
truth,unrelated,20,26,1,EXECUTE,published_after_gate_recheck,14.386718161404133,4.14726696908474,20.342786286012252,61.81917954036223
truth,unrelated,20,27,1,EXECUTE,published_after_gate_recheck,14.91836505010724,4.501410759985447,20.342786286012252,61.81917954036223
truth,unrelated,20,28,1,EXECUTE,published_after_gate_recheck,14.984508976340294,4.338705912232399,20.342786286012252,61.81917954036223
truth,unrelated,20,29,1,EXECUTE,published_after_gate_recheck,15.311011113226414,4.2849150486290455,20.342786286012252,61.81917954036223
truth,unrelated,20,30,1,EXECUTE,published_after_gate_recheck,15.809236094355583,4.431701265275478,20.342786286012252,61.81917954036223
truth,unrelated,20,31,1,EXECUTE,published_after_gate_recheck,14.15793877094984,3.930200356990099,20.342786286012252,61.81917954036223
truth,unrelated,20,32,1,EXECUTE,published_after_gate_recheck,14.719892758876085,4.318488761782646,20.342786286012252,61.81917954036223
truth,unrelated,20,33,1,EXECUTE,published_after_gate_recheck,16.968990210443735,6.666471250355244,20.342786286012252,61.81917954036223
truth,unrelated,20,34,1,EXECUTE,published_after_gate_recheck,13.890848029404879,4.050165414810181,20.342786286012252,61.81917954036223
truth,unrelated,20,35,1,EXECUTE,published_after_gate_recheck,14.989547897130251,4.648607224225998,20.342786286012252,61.81917954036223
truth,unrelated,20,36,1,EXECUTE,published_after_gate_recheck,19.317904952913523,8.077958133071661,20.342786286012252,61.81917954036223
truth,unrelated,20,37,1,EXECUTE,published_after_gate_recheck,14.688082970678806,4.2823003605008125,20.342786286012252,61.81917954036223
truth,unrelated,20,38,1,EXECUTE,published_after_gate_recheck,15.286445152014494,4.473678767681122,20.342786286012252,61.81917954036223
truth,unrelated,20,39,1,EXECUTE,published_after_gate_recheck,14.727926813066006,4.296045750379562,20.342786286012252,61.81917954036223
truth,unrelated,20,40,1,EXECUTE,published_after_gate_recheck,14.816474169492722,4.146736115217209,20.342786286012252,61.81917954036223
truth,unrelated,20,41,1,EXECUTE,published_after_gate_recheck,14.561665710061789,4.637064877897501,20.342786286012252,61.81917954036223
truth,unrelated,20,42,1,EXECUTE,published_after_gate_recheck,14.73477017134428,3.973240964114666,20.342786286012252,61.81917954036223
truth,unrelated,20,43,1,EXECUTE,published_after_gate_recheck,16.136278863996267,4.565680865198374,20.342786286012252,61.81917954036223
truth,unrelated,20,44,1,EXECUTE,published_after_gate_recheck,15.398724935948849,4.519855137914419,20.342786286012252,61.81917954036223
truth,unrelated,20,45,1,EXECUTE,published_after_gate_recheck,15.017139725387096,4.384933039546013,20.342786286012252,61.81917954036223
truth,unrelated,20,46,1,EXECUTE,published_after_gate_recheck,17.67356088384986,7.590404246002436,20.342786286012252,61.81917954036223
truth,unrelated,20,47,1,EXECUTE,published_after_gate_recheck,14.953189995139837,4.539752844721079,20.342786286012252,61.81917954036223
truth,unrelated,20,48,1,EXECUTE,published_after_gate_recheck,14.379453845322132,4.367379937320948,20.342786286012252,61.81917954036223
truth,unrelated,20,49,1,EXECUTE,published_after_gate_recheck,17.705490812659264,6.7699747160077095,20.342786286012252,61.81917954036223
truth,unrelated,20,50,1,EXECUTE,published_after_gate_recheck,13.848528731614351,3.8554598577320576,20.342786286012252,61.81917954036223
truth,unrelated,20,51,1,EXECUTE,published_after_gate_recheck,13.652650639414787,3.737058024853468,20.342786286012252,61.81917954036223
truth,unrelated,20,52,1,EXECUTE,published_after_gate_recheck,15.544347930699587,4.647435154765844,20.342786286012252,61.81917954036223
truth,unrelated,20,53,1,EXECUTE,published_after_gate_recheck,15.711141284555197,4.243697971105576,20.342786286012252,61.81917954036223
truth,unrelated,20,54,1,EXECUTE,published_after_gate_recheck,14.939473941922188,4.576031118631363,20.342786286012252,61.81917954036223
truth,unrelated,20,55,1,EXECUTE,published_after_gate_recheck,15.583372209221125,4.532420076429844,20.342786286012252,61.81917954036223
truth,unrelated,20,56,1,EXECUTE,published_after_gate_recheck,15.16404515132308,4.229110665619373,20.342786286012252,61.81917954036223
truth,unrelated,20,57,1,EXECUTE,published_after_gate_recheck,14.87516425549984,4.509727004915476,20.342786286012252,61.81917954036223
truth,unrelated,20,58,1,EXECUTE,published_after_gate_recheck,15.364701859652996,4.466105252504349,20.342786286012252,61.81917954036223
truth,unrelated,20,59,1,EXECUTE,published_after_gate_recheck,18.680518958717585,3.9953822270035744,20.342786286012252,61.81917954036223
truth,unrelated,20,60,1,EXECUTE,published_after_gate_recheck,17.29749608784914,4.328256938606501,20.342786286012252,61.81917954036223
truth,unrelated,20,61,1,EXECUTE,published_after_gate_recheck,14.957377687096596,4.310443066060543,20.342786286012252,61.81917954036223
truth,unrelated,20,62,1,EXECUTE,published_after_gate_recheck,20.426744129508734,5.563563201576471,20.342786286012252,61.81917954036223
truth,unrelated,20,63,1,EXECUTE,published_after_gate_recheck,15.595955774188042,4.123853053897619,20.342786286012252,61.81917954036223
truth,unrelated,20,64,1,EXECUTE,published_after_gate_recheck,14.249230269342661,3.9731510914862156,20.342786286012252,61.81917954036223
truth,unrelated,20,65,1,EXECUTE,published_after_gate_recheck,17.828240990638733,4.449704196304083,20.342786286012252,61.81917954036223
truth,unrelated,20,66,1,EXECUTE,published_after_gate_recheck,14.737245626747608,4.204383585602045,20.342786286012252,61.81917954036223
truth,unrelated,20,67,1,EXECUTE,published_after_gate_recheck,15.658522956073284,4.354374948889017,20.342786286012252,61.81917954036223
truth,unrelated,20,68,1,EXECUTE,published_after_gate_recheck,16.519967932254076,6.249378900974989,20.342786286012252,61.81917954036223
truth,unrelated,20,69,1,EXECUTE,published_after_gate_recheck,14.692141208797693,4.395562689751387,20.342786286012252,61.81917954036223
truth,unrelated,20,70,1,EXECUTE,published_after_gate_recheck,13.999871909618378,3.877993207424879,20.342786286012252,61.81917954036223
truth,unrelated,20,71,1,EXECUTE,published_after_gate_recheck,19.492052029818296,8.708951063454151,20.342786286012252,61.81917954036223
truth,unrelated,20,72,1,EXECUTE,published_after_gate_recheck,14.996151439845562,4.639840684831142,20.342786286012252,61.81917954036223
truth,unrelated,20,73,1,EXECUTE,published_after_gate_recheck,15.299799852073193,4.652945324778557,20.342786286012252,61.81917954036223
truth,unrelated,20,74,1,EXECUTE,published_after_gate_recheck,19.308225717395544,8.796855807304382,20.342786286012252,61.81917954036223
truth,unrelated,20,75,1,EXECUTE,published_after_gate_recheck,14.214144088327885,4.024446941912174,20.342786286012252,61.81917954036223
truth,unrelated,20,76,1,EXECUTE,published_after_gate_recheck,14.930658042430878,4.637977108359337,20.342786286012252,61.81917954036223
truth,unrelated,20,77,1,EXECUTE,published_after_gate_recheck,14.453321695327759,4.216316156089306,20.342786286012252,61.81917954036223
truth,unrelated,20,78,1,EXECUTE,published_after_gate_recheck,14.275889843702316,4.10433579236269,20.342786286012252,61.81917954036223
truth,unrelated,20,79,1,EXECUTE,published_after_gate_recheck,14.924056362360716,4.3954020366072655,20.342786286012252,61.81917954036223
truth,unrelated,20,80,1,EXECUTE,published_after_gate_recheck,14.751472044736147,4.6316152438521385,20.342786286012252,61.81917954036223
truth,unrelated,20,81,1,EXECUTE,published_after_gate_recheck,17.450783867388964,4.25054132938385,20.342786286012252,61.81917954036223
truth,unrelated,20,82,1,EXECUTE,published_after_gate_recheck,15.597328078001738,4.39191609621048,20.342786286012252,61.81917954036223
truth,unrelated,20,83,1,EXECUTE,published_after_gate_recheck,14.983708038926125,4.293189849704504,20.342786286012252,61.81917954036223
truth,unrelated,20,84,1,EXECUTE,published_after_gate_recheck,19.279313273727894,4.765145946294069,20.342786286012252,61.81917954036223
truth,unrelated,20,85,1,EXECUTE,published_after_gate_recheck,14.73700487986207,4.397246055305004,20.342786286012252,61.81917954036223
truth,unrelated,20,86,1,EXECUTE,published_after_gate_recheck,14.842371921986341,4.474940709769726,20.342786286012252,61.81917954036223
truth,unrelated,20,87,1,EXECUTE,published_after_gate_recheck,19.056114368140697,4.78313909843564,20.342786286012252,61.81917954036223
truth,unrelated,20,88,1,EXECUTE,published_after_gate_recheck,15.682016965001822,4.621625877916813,20.342786286012252,61.81917954036223
truth,unrelated,20,89,1,EXECUTE,published_after_gate_recheck,17.657070886343718,7.169744931161404,20.342786286012252,61.81917954036223
truth,unrelated,20,90,1,EXECUTE,published_after_gate_recheck,16.21684990823269,4.458791110664606,20.342786286012252,61.81917954036223
truth,unrelated,20,91,1,EXECUTE,published_after_gate_recheck,15.900245867669582,4.309991840273142,20.342786286012252,61.81917954036223
truth,unrelated,20,92,1,EXECUTE,published_after_gate_recheck,15.463606920093298,4.4105201959609985,20.342786286012252,61.81917954036223
truth,unrelated,20,93,1,EXECUTE,published_after_gate_recheck,20.07211884483695,4.392948001623154,20.342786286012252,61.81917954036223
truth,unrelated,20,94,1,EXECUTE,published_after_gate_recheck,17.302546184509993,4.905689042061567,20.342786286012252,61.81917954036223
truth,unrelated,20,95,1,EXECUTE,published_after_gate_recheck,16.03755308315158,4.7063748352229595,20.342786286012252,61.81917954036223
truth,unrelated,20,96,1,EXECUTE,published_after_gate_recheck,16.752924770116806,4.657533951103687,20.342786286012252,61.81917954036223
truth,unrelated,20,97,1,EXECUTE,published_after_gate_recheck,15.066272113472223,4.380173981189728,20.342786286012252,61.81917954036223
truth,unrelated,20,98,1,EXECUTE,published_after_gate_recheck,15.094404108822346,4.202500451356173,20.342786286012252,61.81917954036223
truth,unrelated,20,99,1,EXECUTE,published_after_gate_recheck,17.74275116622448,4.304732196033001,20.342786286012252,61.81917954036223
opa,unrelated,20,0,1,EXECUTE,opa_allowed_at_gate,10.906882118433714,3.3471467904746532,20.59236760426511,109.20650749909481
opa,unrelated,20,1,1,EXECUTE,opa_allowed_at_gate,8.881896268576384,2.684693783521652,20.59236760426511,109.20650749909481
opa,unrelated,20,2,1,EXECUTE,opa_allowed_at_gate,12.267363723367453,5.6403568014502525,20.59236760426511,109.20650749909481
opa,unrelated,20,3,1,EXECUTE,opa_allowed_at_gate,8.77862237393856,3.030393272638321,20.59236760426511,109.20650749909481
opa,unrelated,20,4,1,EXECUTE,opa_allowed_at_gate,8.97333724424243,2.820108085870743,20.59236760426511,109.20650749909481
opa,unrelated,20,5,1,EXECUTE,opa_allowed_at_gate,8.463921025395393,2.5266180746257305,20.59236760426511,109.20650749909481
opa,unrelated,20,6,1,EXECUTE,opa_allowed_at_gate,9.11741703748703,3.0310838483273983,20.59236760426511,109.20650749909481
opa,unrelated,20,7,1,EXECUTE,opa_allowed_at_gate,8.86177783831954,2.788910176604986,20.59236760426511,109.20650749909481
opa,unrelated,20,8,1,EXECUTE,opa_allowed_at_gate,9.192588273435831,3.2987361773848534,20.59236760426511,109.20650749909481
opa,unrelated,20,9,1,EXECUTE,opa_allowed_at_gate,9.296473115682602,3.209508955478668,20.59236760426511,109.20650749909481
opa,unrelated,20,10,1,EXECUTE,opa_allowed_at_gate,8.828314021229744,2.9747281223535538,20.59236760426511,109.20650749909481
opa,unrelated,20,11,1,EXECUTE,opa_allowed_at_gate,8.718308061361313,2.9578660614788532,20.59236760426511,109.20650749909481
opa,unrelated,20,12,1,EXECUTE,opa_allowed_at_gate,9.232573211193085,2.9826429672539234,20.59236760426511,109.20650749909481
opa,unrelated,20,13,1,EXECUTE,opa_allowed_at_gate,9.278679732233286,3.728301264345646,20.59236760426511,109.20650749909481
opa,unrelated,20,14,1,EXECUTE,opa_allowed_at_gate,8.288834244012833,2.822662703692913,20.59236760426511,109.20650749909481
opa,unrelated,20,15,1,EXECUTE,opa_allowed_at_gate,9.051293134689331,2.9849568381905556,20.59236760426511,109.20650749909481
opa,unrelated,20,16,1,EXECUTE,opa_allowed_at_gate,8.537308778613806,2.7503478340804577,20.59236760426511,109.20650749909481
opa,unrelated,20,17,1,EXECUTE,opa_allowed_at_gate,9.199812076985836,3.282646182924509,20.59236760426511,109.20650749909481
opa,unrelated,20,18,1,EXECUTE,opa_allowed_at_gate,8.500079158693552,2.7732900343835354,20.59236760426511,109.20650749909481
opa,unrelated,20,19,1,EXECUTE,opa_allowed_at_gate,9.242992848157883,3.4971782006323338,20.59236760426511,109.20650749909481
opa,unrelated,20,20,1,EXECUTE,opa_allowed_at_gate,8.941987995058298,2.959348727017641,20.59236760426511,109.20650749909481
opa,unrelated,20,21,1,EXECUTE,opa_allowed_at_gate,8.63006291911006,3.0070082284510136,20.59236760426511,109.20650749909481
opa,unrelated,20,22,1,EXECUTE,opa_allowed_at_gate,9.527827147394419,3.514280077069998,20.59236760426511,109.20650749909481
opa,unrelated,20,23,1,EXECUTE,opa_allowed_at_gate,9.179563261568546,3.2081259414553642,20.59236760426511,109.20650749909481
opa,unrelated,20,24,1,EXECUTE,opa_allowed_at_gate,8.77867080271244,2.5882027111947536,20.59236760426511,109.20650749909481
opa,unrelated,20,25,1,EXECUTE,opa_allowed_at_gate,9.06080100685358,3.0063684098422527,20.59236760426511,109.20650749909481
opa,unrelated,20,26,1,EXECUTE,opa_allowed_at_gate,9.342568926513195,3.0706976540386677,20.59236760426511,109.20650749909481
opa,unrelated,20,27,1,EXECUTE,opa_allowed_at_gate,9.870859328657389,3.7999246269464493,20.59236760426511,109.20650749909481
opa,unrelated,20,28,1,EXECUTE,opa_allowed_at_gate,9.638744872063398,2.7908137999475002,20.59236760426511,109.20650749909481
opa,unrelated,20,29,1,EXECUTE,opa_allowed_at_gate,8.724319748580456,2.8319000266492367,20.59236760426511,109.20650749909481
opa,unrelated,20,30,1,EXECUTE,opa_allowed_at_gate,8.33372725173831,2.929002046585083,20.59236760426511,109.20650749909481
opa,unrelated,20,31,1,EXECUTE,opa_allowed_at_gate,8.663245011121035,2.967034000903368,20.59236760426511,109.20650749909481
opa,unrelated,20,32,1,EXECUTE,opa_allowed_at_gate,9.104212280362844,3.2541919499635696,20.59236760426511,109.20650749909481
opa,unrelated,20,33,1,EXECUTE,opa_allowed_at_gate,9.679300710558891,3.36250476539135,20.59236760426511,109.20650749909481
opa,unrelated,20,34,1,EXECUTE,opa_allowed_at_gate,9.151771198958158,3.037896938621998,20.59236760426511,109.20650749909481
opa,unrelated,20,35,1,EXECUTE,opa_allowed_at_gate,9.291904047131538,3.120069857686758,20.59236760426511,109.20650749909481
opa,unrelated,20,36,1,EXECUTE,opa_allowed_at_gate,8.556033950299025,2.9631471261382103,20.59236760426511,109.20650749909481
opa,unrelated,20,37,1,EXECUTE,opa_allowed_at_gate,9.136542677879333,2.960872370749712,20.59236760426511,109.20650749909481
opa,unrelated,20,38,1,EXECUTE,opa_allowed_at_gate,9.242421016097069,3.0263750813901424,20.59236760426511,109.20650749909481
opa,unrelated,20,39,1,EXECUTE,opa_allowed_at_gate,9.456271771341562,3.2447539269924164,20.59236760426511,109.20650749909481
opa,unrelated,20,40,1,EXECUTE,opa_allowed_at_gate,8.878798689693213,2.8462870977818966,20.59236760426511,109.20650749909481
opa,unrelated,20,41,1,EXECUTE,opa_allowed_at_gate,9.075948968529701,2.898384816944599,20.59236760426511,109.20650749909481
opa,unrelated,20,42,1,EXECUTE,opa_allowed_at_gate,8.6270272731781,2.598293125629425,20.59236760426511,109.20650749909481
opa,unrelated,20,43,1,EXECUTE,opa_allowed_at_gate,8.815892040729523,2.985849045217037,20.59236760426511,109.20650749909481
opa,unrelated,20,44,1,EXECUTE,opa_allowed_at_gate,9.770642034709454,3.6965319886803627,20.59236760426511,109.20650749909481
opa,unrelated,20,45,1,EXECUTE,opa_allowed_at_gate,9.460349567234516,3.210460301488638,20.59236760426511,109.20650749909481
opa,unrelated,20,46,1,EXECUTE,opa_allowed_at_gate,9.01119690388441,3.0706883408129215,20.59236760426511,109.20650749909481
opa,unrelated,20,47,1,EXECUTE,opa_allowed_at_gate,8.61475383862853,2.8859716840088367,20.59236760426511,109.20650749909481
opa,unrelated,20,48,1,EXECUTE,opa_allowed_at_gate,8.962917607277632,3.120221197605133,20.59236760426511,109.20650749909481
opa,unrelated,20,49,1,EXECUTE,opa_allowed_at_gate,8.734168019145727,2.9485193081200123,20.59236760426511,109.20650749909481
opa,unrelated,20,50,1,EXECUTE,opa_allowed_at_gate,10.394090786576271,4.039545077830553,20.59236760426511,109.20650749909481
opa,unrelated,20,51,1,EXECUTE,opa_allowed_at_gate,9.555989876389503,3.253702074289322,20.59236760426511,109.20650749909481
opa,unrelated,20,52,1,EXECUTE,opa_allowed_at_gate,8.742874953895807,2.798717934638262,20.59236760426511,109.20650749909481
opa,unrelated,20,53,1,EXECUTE,opa_allowed_at_gate,9.263701736927032,3.1690518371760845,20.59236760426511,109.20650749909481
opa,unrelated,20,54,1,EXECUTE,opa_allowed_at_gate,8.544752839952707,2.9516350477933884,20.59236760426511,109.20650749909481
opa,unrelated,20,55,1,EXECUTE,opa_allowed_at_gate,8.970321156084538,3.486006986349821,20.59236760426511,109.20650749909481
opa,unrelated,20,56,1,EXECUTE,opa_allowed_at_gate,8.464633021503687,2.5228112936019897,20.59236760426511,109.20650749909481
opa,unrelated,20,57,1,EXECUTE,opa_allowed_at_gate,9.76053299382329,3.424171358346939,20.59236760426511,109.20650749909481
opa,unrelated,20,58,1,EXECUTE,opa_allowed_at_gate,9.71038918942213,3.122846130281687,20.59236760426511,109.20650749909481
opa,unrelated,20,59,1,EXECUTE,opa_allowed_at_gate,9.183811023831367,2.8894576244056225,20.59236760426511,109.20650749909481
opa,unrelated,20,60,1,EXECUTE,opa_allowed_at_gate,8.91442596912384,3.166006878018379,20.59236760426511,109.20650749909481
opa,unrelated,20,61,1,EXECUTE,opa_allowed_at_gate,9.128017351031303,3.227200824767351,20.59236760426511,109.20650749909481
opa,unrelated,20,62,1,EXECUTE,opa_allowed_at_gate,9.33219026774168,3.1301602721214294,20.59236760426511,109.20650749909481
opa,unrelated,20,63,1,EXECUTE,opa_allowed_at_gate,8.687741123139858,3.183509688824415,20.59236760426511,109.20650749909481
opa,unrelated,20,64,1,EXECUTE,opa_allowed_at_gate,8.144001942127943,2.8330828063189983,20.59236760426511,109.20650749909481
opa,unrelated,20,65,1,EXECUTE,opa_allowed_at_gate,9.229186922311783,3.2230340875685215,20.59236760426511,109.20650749909481
opa,unrelated,20,66,1,EXECUTE,opa_allowed_at_gate,10.165492072701454,2.9776631854474545,20.59236760426511,109.20650749909481
opa,unrelated,20,67,1,EXECUTE,opa_allowed_at_gate,9.2540942132473,2.876223996281624,20.59236760426511,109.20650749909481
opa,unrelated,20,68,1,EXECUTE,opa_allowed_at_gate,8.995489217340946,2.91925435885787,20.59236760426511,109.20650749909481
opa,unrelated,20,69,1,EXECUTE,opa_allowed_at_gate,9.064648300409317,3.36683401837945,20.59236760426511,109.20650749909481
opa,unrelated,20,70,1,EXECUTE,opa_allowed_at_gate,8.083939086645842,2.620765008032322,20.59236760426511,109.20650749909481
opa,unrelated,20,71,1,EXECUTE,opa_allowed_at_gate,8.193704765290022,2.9646786861121655,20.59236760426511,109.20650749909481
opa,unrelated,20,72,1,EXECUTE,opa_allowed_at_gate,9.109481703490019,2.9549910686910152,20.59236760426511,109.20650749909481
opa,unrelated,20,73,1,EXECUTE,opa_allowed_at_gate,9.095225017517805,3.2249479554593563,20.59236760426511,109.20650749909481
opa,unrelated,20,74,1,EXECUTE,opa_allowed_at_gate,10.397457052022219,3.8708089850842953,20.59236760426511,109.20650749909481
opa,unrelated,20,75,1,EXECUTE,opa_allowed_at_gate,9.427628945559263,3.069455735385418,20.59236760426511,109.20650749909481
opa,unrelated,20,76,1,EXECUTE,opa_allowed_at_gate,8.79848888143897,2.8208699077367783,20.59236760426511,109.20650749909481
opa,unrelated,20,77,1,EXECUTE,opa_allowed_at_gate,8.942648768424988,2.8794300742447376,20.59236760426511,109.20650749909481
opa,unrelated,20,78,1,EXECUTE,opa_allowed_at_gate,8.301828056573868,2.6377863250672817,20.59236760426511,109.20650749909481
opa,unrelated,20,79,1,EXECUTE,opa_allowed_at_gate,10.08132379502058,3.0770599842071533,20.59236760426511,109.20650749909481
opa,unrelated,20,80,1,EXECUTE,opa_allowed_at_gate,8.955513127148151,2.9274187982082367,20.59236760426511,109.20650749909481
opa,unrelated,20,81,1,EXECUTE,opa_allowed_at_gate,8.845536969602108,2.9655410908162594,20.59236760426511,109.20650749909481
opa,unrelated,20,82,1,EXECUTE,opa_allowed_at_gate,8.863219991326332,2.9047969728708267,20.59236760426511,109.20650749909481
opa,unrelated,20,83,1,EXECUTE,opa_allowed_at_gate,9.214198682457209,2.965340856462717,20.59236760426511,109.20650749909481
opa,unrelated,20,84,1,EXECUTE,opa_allowed_at_gate,10.755227878689766,3.300638869404793,20.59236760426511,109.20650749909481
opa,unrelated,20,85,1,EXECUTE,opa_allowed_at_gate,8.955423254519701,2.823124174028635,20.59236760426511,109.20650749909481
opa,unrelated,20,86,1,EXECUTE,opa_allowed_at_gate,9.537003934383392,3.089984878897667,20.59236760426511,109.20650749909481
opa,unrelated,20,87,1,EXECUTE,opa_allowed_at_gate,9.862745180726051,3.465759102255106,20.59236760426511,109.20650749909481
opa,unrelated,20,88,1,EXECUTE,opa_allowed_at_gate,8.933893404901028,2.927759662270546,20.59236760426511,109.20650749909481
opa,unrelated,20,89,1,EXECUTE,opa_allowed_at_gate,8.671771734952927,2.909294795244932,20.59236760426511,109.20650749909481
opa,unrelated,20,90,1,EXECUTE,opa_allowed_at_gate,8.743655867874622,3.18600470200181,20.59236760426511,109.20650749909481
opa,unrelated,20,91,1,EXECUTE,opa_allowed_at_gate,8.77746008336544,3.069085069000721,20.59236760426511,109.20650749909481
opa,unrelated,20,92,1,EXECUTE,opa_allowed_at_gate,8.609915152192116,2.936967182904482,20.59236760426511,109.20650749909481
opa,unrelated,20,93,1,EXECUTE,opa_allowed_at_gate,8.649880066514015,2.738654613494873,20.59236760426511,109.20650749909481
opa,unrelated,20,94,1,EXECUTE,opa_allowed_at_gate,8.464272134006023,2.8497539460659027,20.59236760426511,109.20650749909481
opa,unrelated,20,95,1,EXECUTE,opa_allowed_at_gate,8.405201137065887,2.929273061454296,20.59236760426511,109.20650749909481
opa,unrelated,20,96,1,EXECUTE,opa_allowed_at_gate,9.033149108290672,3.184922970831394,20.59236760426511,109.20650749909481
opa,unrelated,20,97,1,EXECUTE,opa_allowed_at_gate,8.67079896852374,2.7353791519999504,20.59236760426511,109.20650749909481
opa,unrelated,20,98,1,EXECUTE,opa_allowed_at_gate,8.505360223352909,2.891622018069029,20.59236760426511,109.20650749909481
opa,unrelated,20,99,1,EXECUTE,opa_allowed_at_gate,10.237326845526695,3.6864732392132282,20.59236760426511,109.20650749909481
opa_readset,unrelated,20,0,1,EXECUTE,opa_allowed_at_gate,10.543751064687967,3.020192962139845,20.58785418321047,109.19861004197993
opa_readset,unrelated,20,1,1,EXECUTE,opa_allowed_at_gate,9.577580261975527,3.2979040406644344,20.58785418321047,109.19861004197993
opa_readset,unrelated,20,2,1,EXECUTE,opa_allowed_at_gate,9.749132208526134,3.152612131088972,20.58785418321047,109.19861004197993
opa_readset,unrelated,20,3,1,EXECUTE,opa_allowed_at_gate,10.463139973580837,4.00725519284606,20.58785418321047,109.19861004197993
opa_readset,unrelated,20,4,1,EXECUTE,opa_allowed_at_gate,9.977228939533234,3.2855207100510597,20.58785418321047,109.19861004197993
opa_readset,unrelated,20,5,1,EXECUTE,opa_allowed_at_gate,9.644716046750546,3.230979200452566,20.58785418321047,109.19861004197993
opa_readset,unrelated,20,6,1,EXECUTE,opa_allowed_at_gate,9.182738605886698,2.9009301215410233,20.58785418321047,109.19861004197993
opa_readset,unrelated,20,7,1,EXECUTE,opa_allowed_at_gate,9.036755189299583,2.8784372843801975,20.58785418321047,109.19861004197993
opa_readset,unrelated,20,8,1,EXECUTE,opa_allowed_at_gate,9.66046517714858,3.5136383958160877,20.58785418321047,109.19861004197993
opa_readset,unrelated,20,9,1,EXECUTE,opa_allowed_at_gate,9.22135217115283,2.8481613844633102,20.58785418321047,109.19861004197993
opa_readset,unrelated,20,10,1,EXECUTE,opa_allowed_at_gate,9.835754055529833,3.282174002379179,20.58785418321047,109.19861004197993
opa_readset,unrelated,20,11,1,EXECUTE,opa_allowed_at_gate,8.901813067495823,2.824657130986452,20.58785418321047,109.19861004197993
opa_readset,unrelated,20,12,1,EXECUTE,opa_allowed_at_gate,8.657003752887249,3.314686007797718,20.58785418321047,109.19861004197993
opa_readset,unrelated,20,13,1,EXECUTE,opa_allowed_at_gate,10.225163772702217,3.2055010087788105,20.58785418321047,109.19861004197993
opa_readset,unrelated,20,14,1,EXECUTE,opa_allowed_at_gate,9.549656882882118,3.429730888456106,20.58785418321047,109.19861004197993
opa_readset,unrelated,20,15,1,EXECUTE,opa_allowed_at_gate,8.49828589707613,2.8397650457918644,20.58785418321047,109.19861004197993
opa_readset,unrelated,20,16,1,EXECUTE,opa_allowed_at_gate,9.806268382817507,3.4714490175247192,20.58785418321047,109.19861004197993
opa_readset,unrelated,20,17,1,EXECUTE,opa_allowed_at_gate,9.039400145411491,3.1136078760027885,20.58785418321047,109.19861004197993
opa_readset,unrelated,20,18,1,EXECUTE,opa_allowed_at_gate,8.444444742053747,2.900509163737297,20.58785418321047,109.19861004197993
opa_readset,unrelated,20,19,1,EXECUTE,opa_allowed_at_gate,8.72717471793294,3.1901332549750805,20.58785418321047,109.19861004197993
opa_readset,unrelated,20,20,1,EXECUTE,opa_allowed_at_gate,9.468215052038431,3.311670385301113,20.58785418321047,109.19861004197993
opa_readset,unrelated,20,21,1,EXECUTE,opa_allowed_at_gate,9.013401810079813,3.1749941408634186,20.58785418321047,109.19861004197993
opa_readset,unrelated,20,22,1,EXECUTE,opa_allowed_at_gate,10.123112238943577,3.3287620171904564,20.58785418321047,109.19861004197993
opa_readset,unrelated,20,23,1,EXECUTE,opa_allowed_at_gate,8.990358095616102,2.993362955749035,20.58785418321047,109.19861004197993
opa_readset,unrelated,20,24,1,EXECUTE,opa_allowed_at_gate,8.869812823832035,2.8606243431568146,20.58785418321047,109.19861004197993
opa_readset,unrelated,20,25,1,EXECUTE,opa_allowed_at_gate,8.954470977187157,3.2560662366449833,20.58785418321047,109.19861004197993
opa_readset,unrelated,20,26,1,EXECUTE,opa_allowed_at_gate,9.382904972881079,2.9770927503705025,20.58785418321047,109.19861004197993
opa_readset,unrelated,20,27,1,EXECUTE,opa_allowed_at_gate,9.478364139795303,2.7545150369405746,20.58785418321047,109.19861004197993
opa_readset,unrelated,20,28,1,EXECUTE,opa_allowed_at_gate,9.547432884573936,3.515882883220911,20.58785418321047,109.19861004197993
opa_readset,unrelated,20,29,1,EXECUTE,opa_allowed_at_gate,8.789943065494299,2.8532599098980427,20.58785418321047,109.19861004197993
opa_readset,unrelated,20,30,1,EXECUTE,opa_allowed_at_gate,8.967636153101921,2.968495711684227,20.58785418321047,109.19861004197993
opa_readset,unrelated,20,31,1,EXECUTE,opa_allowed_at_gate,8.705644402652979,2.9108780436217785,20.58785418321047,109.19861004197993
opa_readset,unrelated,20,32,1,EXECUTE,opa_allowed_at_gate,8.411764167249203,3.005174919962883,20.58785418321047,109.19861004197993
opa_readset,unrelated,20,33,1,EXECUTE,opa_allowed_at_gate,9.569515008479357,3.301620949059725,20.58785418321047,109.19861004197993
opa_readset,unrelated,20,34,1,EXECUTE,opa_allowed_at_gate,8.832752704620361,3.001769073307514,20.58785418321047,109.19861004197993
opa_readset,unrelated,20,35,1,EXECUTE,opa_allowed_at_gate,8.519765920937061,2.8205187991261482,20.58785418321047,109.19861004197993
opa_readset,unrelated,20,36,1,EXECUTE,opa_allowed_at_gate,8.828544989228249,2.8265099972486496,20.58785418321047,109.19861004197993
opa_readset,unrelated,20,37,1,EXECUTE,opa_allowed_at_gate,9.359120391309261,3.15264193341136,20.58785418321047,109.19861004197993
opa_readset,unrelated,20,38,1,EXECUTE,opa_allowed_at_gate,9.574094321578741,3.4208749420940876,20.58785418321047,109.19861004197993
opa_readset,unrelated,20,39,1,EXECUTE,opa_allowed_at_gate,8.420368656516075,2.9621440917253494,20.58785418321047,109.19861004197993
opa_readset,unrelated,20,40,1,EXECUTE,opa_allowed_at_gate,9.386150632053614,3.214827738702297,20.58785418321047,109.19861004197993
opa_readset,unrelated,20,41,1,EXECUTE,opa_allowed_at_gate,8.812524843961,2.858370076864958,20.58785418321047,109.19861004197993
opa_readset,unrelated,20,42,1,EXECUTE,opa_allowed_at_gate,8.832111954689026,2.9283808544278145,20.58785418321047,109.19861004197993
opa_readset,unrelated,20,43,1,EXECUTE,opa_allowed_at_gate,9.325567167252302,2.9971501789987087,20.58785418321047,109.19861004197993
opa_readset,unrelated,20,44,1,EXECUTE,opa_allowed_at_gate,9.712833911180496,3.171617165207863,20.58785418321047,109.19861004197993
opa_readset,unrelated,20,45,1,EXECUTE,opa_allowed_at_gate,9.315557777881622,3.074225038290024,20.58785418321047,109.19861004197993
opa_readset,unrelated,20,46,1,EXECUTE,opa_allowed_at_gate,8.2986312918365,3.2398649491369724,20.58785418321047,109.19861004197993
opa_readset,unrelated,20,47,1,EXECUTE,opa_allowed_at_gate,8.562735747545958,2.719438634812832,20.58785418321047,109.19861004197993
opa_readset,unrelated,20,48,1,EXECUTE,opa_allowed_at_gate,8.489119354635477,2.918944228440523,20.58785418321047,109.19861004197993
opa_readset,unrelated,20,49,1,EXECUTE,opa_allowed_at_gate,9.585174266248941,3.6784172989428043,20.58785418321047,109.19861004197993
opa_readset,unrelated,20,50,1,EXECUTE,opa_allowed_at_gate,9.625840000808239,3.105133306235075,20.58785418321047,109.19861004197993
opa_readset,unrelated,20,51,1,EXECUTE,opa_allowed_at_gate,8.381987921893597,2.6679933071136475,20.58785418321047,109.19861004197993
opa_readset,unrelated,20,52,1,EXECUTE,opa_allowed_at_gate,10.93721017241478,2.8581502847373486,20.58785418321047,109.19861004197993
opa_readset,unrelated,20,53,1,EXECUTE,opa_allowed_at_gate,9.289730340242386,3.075988031923771,20.58785418321047,109.19861004197993
opa_readset,unrelated,20,54,1,EXECUTE,opa_allowed_at_gate,9.041464887559414,2.8325719758868217,20.58785418321047,109.19861004197993
opa_readset,unrelated,20,55,1,EXECUTE,opa_allowed_at_gate,9.558823890984058,3.2443441450595856,20.58785418321047,109.19861004197993
opa_readset,unrelated,20,56,1,EXECUTE,opa_allowed_at_gate,8.836589753627777,3.135529812425375,20.58785418321047,109.19861004197993
opa_readset,unrelated,20,57,1,EXECUTE,opa_allowed_at_gate,8.866976946592331,3.0307630077004433,20.58785418321047,109.19861004197993
opa_readset,unrelated,20,58,1,EXECUTE,opa_allowed_at_gate,8.66162171587348,3.0057160183787346,20.58785418321047,109.19861004197993
opa_readset,unrelated,20,59,1,EXECUTE,opa_allowed_at_gate,10.265960823744535,3.6836573854088783,20.58785418321047,109.19861004197993
opa_readset,unrelated,20,60,1,EXECUTE,opa_allowed_at_gate,8.928913157433271,3.008372150361538,20.58785418321047,109.19861004197993
opa_readset,unrelated,20,61,1,EXECUTE,opa_allowed_at_gate,8.957758080214262,3.0125188641250134,20.58785418321047,109.19861004197993
opa_readset,unrelated,20,62,1,EXECUTE,opa_allowed_at_gate,8.374173194169998,2.915948163717985,20.58785418321047,109.19861004197993
opa_readset,unrelated,20,63,1,EXECUTE,opa_allowed_at_gate,8.872468024492264,3.0325371772050858,20.58785418321047,109.19861004197993
opa_readset,unrelated,20,64,1,EXECUTE,opa_allowed_at_gate,9.133386891335249,3.326547797769308,20.58785418321047,109.19861004197993
opa_readset,unrelated,20,65,1,EXECUTE,opa_allowed_at_gate,9.30705200880766,3.1516500748693943,20.58785418321047,109.19861004197993
opa_readset,unrelated,20,66,1,EXECUTE,opa_allowed_at_gate,9.191676042973995,3.2998481765389442,20.58785418321047,109.19861004197993
opa_readset,unrelated,20,67,1,EXECUTE,opa_allowed_at_gate,8.485713042318821,2.843202091753483,20.58785418321047,109.19861004197993
opa_readset,unrelated,20,68,1,EXECUTE,opa_allowed_at_gate,8.616136852651834,3.1416919082403183,20.58785418321047,109.19861004197993
opa_readset,unrelated,20,69,1,EXECUTE,opa_allowed_at_gate,8.470623753964901,2.9696491546928883,20.58785418321047,109.19861004197993
opa_readset,unrelated,20,70,1,EXECUTE,opa_allowed_at_gate,8.403589017689228,2.9147258028388023,20.58785418321047,109.19861004197993
opa_readset,unrelated,20,71,1,EXECUTE,opa_allowed_at_gate,8.941196370869875,2.7364413253962994,20.58785418321047,109.19861004197993
opa_readset,unrelated,20,72,1,EXECUTE,opa_allowed_at_gate,8.340951055288315,2.44695832952857,20.58785418321047,109.19861004197993
opa_readset,unrelated,20,73,1,EXECUTE,opa_allowed_at_gate,8.726042695343494,2.9509239830076694,20.58785418321047,109.19861004197993
opa_readset,unrelated,20,74,1,EXECUTE,opa_allowed_at_gate,8.986130822449923,3.0638249590992928,20.58785418321047,109.19861004197993
opa_readset,unrelated,20,75,1,EXECUTE,opa_allowed_at_gate,8.731443900614977,3.129968885332346,20.58785418321047,109.19861004197993
opa_readset,unrelated,20,76,1,EXECUTE,opa_allowed_at_gate,9.381160605698824,3.052213229238987,20.58785418321047,109.19861004197993
opa_readset,unrelated,20,77,1,EXECUTE,opa_allowed_at_gate,8.580629713833332,2.498254179954529,20.58785418321047,109.19861004197993
opa_readset,unrelated,20,78,1,EXECUTE,opa_allowed_at_gate,8.926679380238056,2.9037650674581528,20.58785418321047,109.19861004197993
opa_readset,unrelated,20,79,1,EXECUTE,opa_allowed_at_gate,9.017809759825468,3.1641125679016113,20.58785418321047,109.19861004197993
opa_readset,unrelated,20,80,1,EXECUTE,opa_allowed_at_gate,8.994256146252155,3.2754624262452126,20.58785418321047,109.19861004197993
opa_readset,unrelated,20,81,1,EXECUTE,opa_allowed_at_gate,9.498261380940676,3.1438148580491543,20.58785418321047,109.19861004197993
opa_readset,unrelated,20,82,1,EXECUTE,opa_allowed_at_gate,9.154736995697021,3.1204908154904842,20.58785418321047,109.19861004197993
opa_readset,unrelated,20,83,1,EXECUTE,opa_allowed_at_gate,8.557447232306004,2.7842908166348934,20.58785418321047,109.19861004197993
opa_readset,unrelated,20,84,1,EXECUTE,opa_allowed_at_gate,8.759514894336462,3.1844312325119972,20.58785418321047,109.19861004197993
opa_readset,unrelated,20,85,1,EXECUTE,opa_allowed_at_gate,9.515783749520779,3.4123193472623825,20.58785418321047,109.19861004197993
opa_readset,unrelated,20,86,1,EXECUTE,opa_allowed_at_gate,8.024357259273529,2.833122853189707,20.58785418321047,109.19861004197993
opa_readset,unrelated,20,87,1,EXECUTE,opa_allowed_at_gate,9.194441139698029,3.0209138058125973,20.58785418321047,109.19861004197993
opa_readset,unrelated,20,88,1,EXECUTE,opa_allowed_at_gate,9.026295971125364,3.3516348339617252,20.58785418321047,109.19861004197993
opa_readset,unrelated,20,89,1,EXECUTE,opa_allowed_at_gate,8.543680887669325,2.7394769713282585,20.58785418321047,109.19861004197993
opa_readset,unrelated,20,90,1,EXECUTE,opa_allowed_at_gate,9.233304299414158,2.9814112931489944,20.58785418321047,109.19861004197993
opa_readset,unrelated,20,91,1,EXECUTE,opa_allowed_at_gate,8.708409033715725,3.1130779534578323,20.58785418321047,109.19861004197993
opa_readset,unrelated,20,92,1,EXECUTE,opa_allowed_at_gate,8.802647236734629,3.163171000778675,20.58785418321047,109.19861004197993
opa_readset,unrelated,20,93,1,EXECUTE,opa_allowed_at_gate,8.817424066364765,2.9203761368989944,20.58785418321047,109.19861004197993
opa_readset,unrelated,20,94,1,EXECUTE,opa_allowed_at_gate,8.716084063053131,3.088231198489666,20.58785418321047,109.19861004197993
opa_readset,unrelated,20,95,1,EXECUTE,opa_allowed_at_gate,8.946697227656841,3.1428541988134384,20.58785418321047,109.19861004197993
opa_readset,unrelated,20,96,1,EXECUTE,opa_allowed_at_gate,10.119426064193249,3.5401182249188423,20.58785418321047,109.19861004197993
opa_readset,unrelated,20,97,1,EXECUTE,opa_allowed_at_gate,8.487425278872252,2.941996790468693,20.58785418321047,109.19861004197993
opa_readset,unrelated,20,98,1,EXECUTE,opa_allowed_at_gate,9.022679645568132,2.9698889702558517,20.58785418321047,109.19861004197993
opa_readset,unrelated,20,99,1,EXECUTE,opa_allowed_at_gate,9.60873905569315,3.3878632821142673,20.58785418321047,109.19861004197993
global,related_same,20,0,1,EXECUTE,published_after_gate_recheck,17.70117273554206,4.313148092478514,20.311594445159564,54.73837024268117
global,related_same,20,1,1,EXECUTE,published_after_gate_recheck,14.67621000483632,4.242685157805681,20.311594445159564,54.73837024268117
global,related_same,20,2,1,EXECUTE,published_after_gate_recheck,15.297695994377136,4.273272585123777,20.311594445159564,54.73837024268117
global,related_same,20,3,0,REVOKE,context_version_changed_at_publish,16.90000109374523,6.186742335557938,20.311594445159564,54.73837024268117
global,related_same,20,4,1,EXECUTE,published_after_gate_recheck,14.628631062805653,4.046136979013681,20.311594445159564,54.73837024268117
global,related_same,20,5,1,EXECUTE,published_after_gate_recheck,14.23778897151351,4.552977159619331,20.311594445159564,54.73837024268117
global,related_same,20,6,0,REVOKE,context_version_changed_at_publish,19.784019328653812,9.615009650588036,20.311594445159564,54.73837024268117
global,related_same,20,7,1,EXECUTE,published_after_gate_recheck,14.607382006943226,4.4004712253808975,20.311594445159564,54.73837024268117
global,related_same,20,8,1,EXECUTE,published_after_gate_recheck,15.310960821807384,4.626164678484201,20.311594445159564,54.73837024268117
global,related_same,20,9,0,REVOKE,context_version_changed_at_publish,18.77065794542432,8.373482152819633,20.311594445159564,54.73837024268117
global,related_same,20,10,1,EXECUTE,published_after_gate_recheck,13.916125055402517,3.8912571035325527,20.311594445159564,54.73837024268117
global,related_same,20,11,1,EXECUTE,published_after_gate_recheck,14.720403589308262,4.009568598121405,20.311594445159564,54.73837024268117
global,related_same,20,12,1,EXECUTE,published_after_gate_recheck,14.108166098594666,4.035957623273134,20.311594445159564,54.73837024268117
global,related_same,20,13,1,EXECUTE,published_after_gate_recheck,14.234331902116537,4.169147927314043,20.311594445159564,54.73837024268117
global,related_same,20,14,1,EXECUTE,published_after_gate_recheck,14.584449119865894,3.972137812525034,20.311594445159564,54.73837024268117
global,related_same,20,15,1,EXECUTE,published_after_gate_recheck,14.401144813746214,3.977878950536251,20.311594445159564,54.73837024268117
global,related_same,20,16,1,EXECUTE,published_after_gate_recheck,17.982509918510914,4.365685861557722,20.311594445159564,54.73837024268117
global,related_same,20,17,1,EXECUTE,published_after_gate_recheck,14.283935073763132,4.203472752124071,20.311594445159564,54.73837024268117
global,related_same,20,18,1,EXECUTE,published_after_gate_recheck,15.768278855830431,4.685475956648588,20.311594445159564,54.73837024268117
global,related_same,20,19,0,REVOKE,context_version_changed_at_publish,17.44250813499093,6.310212891548872,20.311594445159564,54.73837024268117
global,related_same,20,20,1,EXECUTE,published_after_gate_recheck,15.706703066825867,4.366729408502579,20.311594445159564,54.73837024268117
global,related_same,20,21,1,EXECUTE,published_after_gate_recheck,15.648003201931715,4.466325044631958,20.311594445159564,54.73837024268117
global,related_same,20,22,0,REVOKE,context_version_changed_at_publish,16.87821000814438,6.414158269762993,20.311594445159564,54.73837024268117
global,related_same,20,23,1,EXECUTE,published_after_gate_recheck,14.494169969111681,4.61176922544837,20.311594445159564,54.73837024268117
global,related_same,20,24,1,EXECUTE,published_after_gate_recheck,16.654510982334614,4.897153005003929,20.311594445159564,54.73837024268117
global,related_same,20,25,0,REVOKE,context_version_changed_at_publish,18.997895065695047,8.475494105368853,20.311594445159564,54.73837024268117
global,related_same,20,26,1,EXECUTE,published_after_gate_recheck,14.805752784013748,4.006613045930862,20.311594445159564,54.73837024268117
global,related_same,20,27,1,EXECUTE,published_after_gate_recheck,14.470295049250126,4.092575050890446,20.311594445159564,54.73837024268117
global,related_same,20,28,1,EXECUTE,published_after_gate_recheck,15.106246806681156,4.689364228397608,20.311594445159564,54.73837024268117
global,related_same,20,29,1,EXECUTE,published_after_gate_recheck,15.407402068376541,4.7380649484694,20.311594445159564,54.73837024268117
global,related_same,20,30,1,EXECUTE,published_after_gate_recheck,14.650713186711073,3.939236979931593,20.311594445159564,54.73837024268117
global,related_same,20,31,1,EXECUTE,published_after_gate_recheck,14.728790149092674,4.7118160873651505,20.311594445159564,54.73837024268117
global,related_same,20,32,1,EXECUTE,published_after_gate_recheck,15.471020713448524,4.366468172520399,20.311594445159564,54.73837024268117
global,related_same,20,33,1,EXECUTE,published_after_gate_recheck,13.955058995634317,4.185779020190239,20.311594445159564,54.73837024268117
global,related_same,20,34,1,EXECUTE,published_after_gate_recheck,14.080433640629053,4.144391044974327,20.311594445159564,54.73837024268117
global,related_same,20,35,0,REVOKE,context_version_changed_at_publish,16.249740961939096,5.923929158598185,20.311594445159564,54.73837024268117
global,related_same,20,36,1,EXECUTE,published_after_gate_recheck,14.440027996897697,4.215854685753584,20.311594445159564,54.73837024268117
global,related_same,20,37,1,EXECUTE,published_after_gate_recheck,14.89007193595171,4.468630068004131,20.311594445159564,54.73837024268117
global,related_same,20,38,1,EXECUTE,published_after_gate_recheck,15.312875155359507,4.788529127836227,20.311594445159564,54.73837024268117
global,related_same,20,39,1,EXECUTE,published_after_gate_recheck,15.942144207656384,4.763131961226463,20.311594445159564,54.73837024268117
global,related_same,20,40,1,EXECUTE,published_after_gate_recheck,15.239297412335873,4.175268579274416,20.311594445159564,54.73837024268117
global,related_same,20,41,1,EXECUTE,published_after_gate_recheck,15.071661677211523,3.8918079808354378,20.311594445159564,54.73837024268117
global,related_same,20,42,1,EXECUTE,published_after_gate_recheck,18.139144405722618,5.134017672389746,20.311594445159564,54.73837024268117
global,related_same,20,43,1,EXECUTE,published_after_gate_recheck,14.994687866419554,4.204795230180025,20.311594445159564,54.73837024268117
global,related_same,20,44,1,EXECUTE,published_after_gate_recheck,15.272718854248524,4.1028037667274475,20.311594445159564,54.73837024268117
global,related_same,20,45,1,EXECUTE,published_after_gate_recheck,15.721100382506847,4.2808568105101585,20.311594445159564,54.73837024268117
global,related_same,20,46,1,EXECUTE,published_after_gate_recheck,14.32916009798646,4.368041176348925,20.311594445159564,54.73837024268117
global,related_same,20,47,1,EXECUTE,published_after_gate_recheck,14.787379186600447,4.374372307211161,20.311594445159564,54.73837024268117
global,related_same,20,48,0,REVOKE,context_version_changed_at_publish,17.469688784331083,6.609193980693817,20.311594445159564,54.73837024268117
global,related_same,20,49,1,EXECUTE,published_after_gate_recheck,14.427995309233665,4.415950737893581,20.311594445159564,54.73837024268117
global,related_same,20,50,1,EXECUTE,published_after_gate_recheck,15.023802407085896,3.7570050917565823,20.311594445159564,54.73837024268117
global,related_same,20,51,0,REVOKE,context_version_changed_at_publish,18.516551703214645,7.678968831896782,20.311594445159564,54.73837024268117
global,related_same,20,52,1,EXECUTE,published_after_gate_recheck,15.551371965557337,4.735330119729042,20.311594445159564,54.73837024268117
global,related_same,20,53,1,EXECUTE,published_after_gate_recheck,14.796014875173569,4.336011130362749,20.311594445159564,54.73837024268117
global,related_same,20,54,1,EXECUTE,published_after_gate_recheck,16.049275640398264,4.796553868800402,20.311594445159564,54.73837024268117
global,related_same,20,55,1,EXECUTE,published_after_gate_recheck,14.856297988444567,4.348283167928457,20.311594445159564,54.73837024268117
global,related_same,20,56,1,EXECUTE,published_after_gate_recheck,15.08117001503706,4.346970934420824,20.311594445159564,54.73837024268117
global,related_same,20,57,1,EXECUTE,published_after_gate_recheck,14.736955054104328,4.248126409947872,20.311594445159564,54.73837024268117
global,related_same,20,58,1,EXECUTE,published_after_gate_recheck,15.890658367425203,4.352130927145481,20.311594445159564,54.73837024268117
global,related_same,20,59,1,EXECUTE,published_after_gate_recheck,14.705264940857887,4.45065600797534,20.311594445159564,54.73837024268117
global,related_same,20,60,1,EXECUTE,published_after_gate_recheck,14.404521323740482,4.308709874749184,20.311594445159564,54.73837024268117
global,related_same,20,61,1,EXECUTE,published_after_gate_recheck,20.537932869046926,6.803127005696297,20.311594445159564,54.73837024268117
global,related_same,20,62,1,EXECUTE,published_after_gate_recheck,13.497590087354183,4.017673898488283,20.311594445159564,54.73837024268117
global,related_same,20,63,1,EXECUTE,published_after_gate_recheck,14.834297355264425,4.2017986997962,20.311594445159564,54.73837024268117
global,related_same,20,64,1,EXECUTE,published_after_gate_recheck,17.92200794443488,4.337152931839228,20.311594445159564,54.73837024268117
global,related_same,20,65,1,EXECUTE,published_after_gate_recheck,14.749688096344471,4.180068615823984,20.311594445159564,54.73837024268117
global,related_same,20,66,1,EXECUTE,published_after_gate_recheck,15.182380098849535,4.625534173101187,20.311594445159564,54.73837024268117
global,related_same,20,67,0,REVOKE,context_version_changed_at_publish,17.171218991279602,6.384511943906546,20.311594445159564,54.73837024268117
global,related_same,20,68,1,EXECUTE,published_after_gate_recheck,14.47619590908289,4.115177318453789,20.311594445159564,54.73837024268117
global,related_same,20,69,1,EXECUTE,published_after_gate_recheck,14.60566883906722,4.31393925100565,20.311594445159564,54.73837024268117
global,related_same,20,70,1,EXECUTE,published_after_gate_recheck,14.784032944589853,4.057849291712046,20.311594445159564,54.73837024268117
global,related_same,20,71,1,EXECUTE,published_after_gate_recheck,15.573844313621521,4.260138608515263,20.311594445159564,54.73837024268117
global,related_same,20,72,1,EXECUTE,published_after_gate_recheck,14.744017273187637,4.237576387822628,20.311594445159564,54.73837024268117
global,related_same,20,73,1,EXECUTE,published_after_gate_recheck,14.858813025057316,3.92959825694561,20.311594445159564,54.73837024268117
global,related_same,20,74,1,EXECUTE,published_after_gate_recheck,14.669599011540413,4.117281176149845,20.311594445159564,54.73837024268117
global,related_same,20,75,1,EXECUTE,published_after_gate_recheck,14.61740117520094,3.9187180809676647,20.311594445159564,54.73837024268117
global,related_same,20,76,1,EXECUTE,published_after_gate_recheck,13.7940957210958,4.280567169189453,20.311594445159564,54.73837024268117
global,related_same,20,77,0,REVOKE,context_version_changed_at_publish,17.080178018659353,6.3412608578801155,20.311594445159564,54.73837024268117
global,related_same,20,78,1,EXECUTE,published_after_gate_recheck,15.54453931748867,4.636203870177269,20.311594445159564,54.73837024268117
global,related_same,20,79,1,EXECUTE,published_after_gate_recheck,15.439732931554317,4.64865704998374,20.311594445159564,54.73837024268117
global,related_same,20,80,0,REVOKE,context_version_changed_at_publish,18.785696011036634,7.978520821779966,20.311594445159564,54.73837024268117
global,related_same,20,81,1,EXECUTE,published_after_gate_recheck,14.161445666104555,3.99181479588151,20.311594445159564,54.73837024268117
global,related_same,20,82,1,EXECUTE,published_after_gate_recheck,14.555915258824825,3.8645067252218723,20.311594445159564,54.73837024268117
global,related_same,20,83,0,REVOKE,context_version_changed_at_publish,24.306389037519693,11.54532004147768,20.311594445159564,54.73837024268117
global,related_same,20,84,1,EXECUTE,published_after_gate_recheck,16.957477666437626,4.584376700222492,20.311594445159564,54.73837024268117
global,related_same,20,85,1,EXECUTE,published_after_gate_recheck,15.446634963154793,3.9321728982031345,20.311594445159564,54.73837024268117
global,related_same,20,86,1,EXECUTE,published_after_gate_recheck,19.24278400838375,4.706636071205139,20.311594445159564,54.73837024268117
global,related_same,20,87,1,EXECUTE,published_after_gate_recheck,15.590224880725145,4.786856006830931,20.311594445159564,54.73837024268117
global,related_same,20,88,1,EXECUTE,published_after_gate_recheck,14.567076228559017,4.19875280931592,20.311594445159564,54.73837024268117
global,related_same,20,89,1,EXECUTE,published_after_gate_recheck,18.0304110981524,4.514775704592466,20.311594445159564,54.73837024268117
global,related_same,20,90,1,EXECUTE,published_after_gate_recheck,15.317142009735107,4.530005156993866,20.311594445159564,54.73837024268117
global,related_same,20,91,1,EXECUTE,published_after_gate_recheck,16.53563790023327,3.9272941648960114,20.311594445159564,54.73837024268117
global,related_same,20,92,1,EXECUTE,published_after_gate_recheck,18.77162093296647,4.520106129348278,20.311594445159564,54.73837024268117
global,related_same,20,93,1,EXECUTE,published_after_gate_recheck,14.287703204900026,4.628319293260574,20.311594445159564,54.73837024268117
global,related_same,20,94,1,EXECUTE,published_after_gate_recheck,14.52078903093934,4.193864297121763,20.311594445159564,54.73837024268117
global,related_same,20,95,0,REVOKE,context_version_changed_at_publish,17.232264392077923,6.294794380664825,20.311594445159564,54.73837024268117
global,related_same,20,96,1,EXECUTE,published_after_gate_recheck,14.279316179454327,3.7769130431115627,20.311594445159564,54.73837024268117
global,related_same,20,97,1,EXECUTE,published_after_gate_recheck,14.02337709441781,4.288181196898222,20.311594445159564,54.73837024268117
global,related_same,20,98,1,EXECUTE,published_after_gate_recheck,14.627078082412481,4.244087729603052,20.311594445159564,54.73837024268117
global,related_same,20,99,1,EXECUTE,published_after_gate_recheck,13.982499949634075,4.029214847832918,20.311594445159564,54.73837024268117
readset,related_same,20,0,1,EXECUTE,published_after_gate_recheck,17.508522141724825,4.813126288354397,20.14701729716721,63.077290100864005
readset,related_same,20,1,1,EXECUTE,published_after_gate_recheck,14.766479842364788,4.48398943990469,20.14701729716721,63.077290100864005
readset,related_same,20,2,1,EXECUTE,published_after_gate_recheck,14.816062990576029,4.127700813114643,20.14701729716721,63.077290100864005
readset,related_same,20,3,1,EXECUTE,published_after_gate_recheck,16.682693269103765,6.393448915332556,20.14701729716721,63.077290100864005
readset,related_same,20,4,1,EXECUTE,published_after_gate_recheck,14.028516132384539,3.9466307498514652,20.14701729716721,63.077290100864005
readset,related_same,20,5,1,EXECUTE,published_after_gate_recheck,14.584247954189777,4.200465977191925,20.14701729716721,63.077290100864005
readset,related_same,20,6,1,EXECUTE,published_after_gate_recheck,14.570121187716722,4.241202957928181,20.14701729716721,63.077290100864005
readset,related_same,20,7,1,EXECUTE,published_after_gate_recheck,14.437463134527206,4.342243075370789,20.14701729716721,63.077290100864005
readset,related_same,20,8,1,EXECUTE,published_after_gate_recheck,14.29180009290576,4.116920288652182,20.14701729716721,63.077290100864005
readset,related_same,20,9,1,EXECUTE,published_after_gate_recheck,14.291950035840273,4.216325934976339,20.14701729716721,63.077290100864005
readset,related_same,20,10,1,EXECUTE,published_after_gate_recheck,17.355785705149174,4.412524867802858,20.14701729716721,63.077290100864005
readset,related_same,20,11,1,EXECUTE,published_after_gate_recheck,14.38514469191432,4.3031200766563416,20.14701729716721,63.077290100864005
readset,related_same,20,12,1,EXECUTE,published_after_gate_recheck,14.587244018912315,3.989090211689472,20.14701729716721,63.077290100864005
readset,related_same,20,13,1,EXECUTE,published_after_gate_recheck,16.81344909593463,6.739136762917042,20.14701729716721,63.077290100864005
readset,related_same,20,14,1,EXECUTE,published_after_gate_recheck,16.837141942232847,4.579127300530672,20.14701729716721,63.077290100864005
readset,related_same,20,15,1,EXECUTE,published_after_gate_recheck,16.5594220161438,4.93293022736907,20.14701729716721,63.077290100864005
readset,related_same,20,16,1,EXECUTE,published_after_gate_recheck,16.922373324632645,5.906335078179836,20.14701729716721,63.077290100864005
readset,related_same,20,17,1,EXECUTE,published_after_gate_recheck,15.839491970837116,4.495340399444103,20.14701729716721,63.077290100864005
readset,related_same,20,18,1,EXECUTE,published_after_gate_recheck,13.892510905861855,4.211388062685728,20.14701729716721,63.077290100864005
readset,related_same,20,19,1,EXECUTE,published_after_gate_recheck,18.975762650370598,8.803949225693941,20.14701729716721,63.077290100864005
readset,related_same,20,20,1,EXECUTE,published_after_gate_recheck,15.128247905522585,4.477777052670717,20.14701729716721,63.077290100864005
readset,related_same,20,21,1,EXECUTE,published_after_gate_recheck,14.793029054999352,4.365726374089718,20.14701729716721,63.077290100864005
readset,related_same,20,22,1,EXECUTE,published_after_gate_recheck,15.043619088828564,4.115438088774681,20.14701729716721,63.077290100864005
readset,related_same,20,23,1,EXECUTE,published_after_gate_recheck,14.949752949178219,4.508313722908497,20.14701729716721,63.077290100864005
readset,related_same,20,24,1,EXECUTE,published_after_gate_recheck,16.078028827905655,4.332824610173702,20.14701729716721,63.077290100864005
readset,related_same,20,25,1,EXECUTE,published_after_gate_recheck,14.683393761515617,4.189035389572382,20.14701729716721,63.077290100864005
readset,related_same,20,26,1,EXECUTE,published_after_gate_recheck,15.881801024079323,4.69729769974947,20.14701729716721,63.077290100864005
readset,related_same,20,27,1,EXECUTE,published_after_gate_recheck,15.582561027258635,4.430457949638367,20.14701729716721,63.077290100864005
readset,related_same,20,28,1,EXECUTE,published_after_gate_recheck,15.518130268901587,4.625283181667328,20.14701729716721,63.077290100864005
readset,related_same,20,29,1,EXECUTE,published_after_gate_recheck,16.1787080578506,4.258906003087759,20.14701729716721,63.077290100864005
readset,related_same,20,30,1,EXECUTE,published_after_gate_recheck,14.542690943926573,4.119203891605139,20.14701729716721,63.077290100864005
readset,related_same,20,31,1,EXECUTE,published_after_gate_recheck,15.10683773085475,4.462116863578558,20.14701729716721,63.077290100864005
readset,related_same,20,32,1,EXECUTE,published_after_gate_recheck,19.782997202128172,4.434425849467516,20.14701729716721,63.077290100864005
readset,related_same,20,33,1,EXECUTE,published_after_gate_recheck,14.761751051992178,3.833478782325983,20.14701729716721,63.077290100864005
readset,related_same,20,34,1,EXECUTE,published_after_gate_recheck,14.03401605784893,4.15846798568964,20.14701729716721,63.077290100864005
readset,related_same,20,35,1,EXECUTE,published_after_gate_recheck,17.876352183520794,6.919594947248697,20.14701729716721,63.077290100864005
readset,related_same,20,36,1,EXECUTE,published_after_gate_recheck,15.11698728427291,4.574767779558897,20.14701729716721,63.077290100864005
readset,related_same,20,37,1,EXECUTE,published_after_gate_recheck,14.883569907397032,4.313058219850063,20.14701729716721,63.077290100864005
readset,related_same,20,38,1,EXECUTE,published_after_gate_recheck,18.246084917336702,7.482802029699087,20.14701729716721,63.077290100864005
readset,related_same,20,39,1,EXECUTE,published_after_gate_recheck,15.151851810514927,4.531176760792732,20.14701729716721,63.077290100864005
readset,related_same,20,40,1,EXECUTE,published_after_gate_recheck,14.440308324992657,3.965355921536684,20.14701729716721,63.077290100864005
readset,related_same,20,41,1,EXECUTE,published_after_gate_recheck,15.284291002899408,4.705734085291624,20.14701729716721,63.077290100864005
readset,related_same,20,42,1,EXECUTE,published_after_gate_recheck,21.506529301404953,4.2908769100904465,20.14701729716721,63.077290100864005
readset,related_same,20,43,1,EXECUTE,published_after_gate_recheck,15.365633647888899,4.717336036264896,20.14701729716721,63.077290100864005
readset,related_same,20,44,1,EXECUTE,published_after_gate_recheck,23.047438357025385,8.042050059884787,20.14701729716721,63.077290100864005
readset,related_same,20,45,1,EXECUTE,published_after_gate_recheck,14.681090135127306,4.099828191101551,20.14701729716721,63.077290100864005
readset,related_same,20,46,1,EXECUTE,published_after_gate_recheck,15.500066336244345,4.433192778378725,20.14701729716721,63.077290100864005
readset,related_same,20,47,1,EXECUTE,published_after_gate_recheck,20.872841123491526,4.714501090347767,20.14701729716721,63.077290100864005
readset,related_same,20,48,1,EXECUTE,published_after_gate_recheck,17.129792366176844,4.520386923104525,20.14701729716721,63.077290100864005
readset,related_same,20,49,1,EXECUTE,published_after_gate_recheck,14.197723008692265,4.055174067616463,20.14701729716721,63.077290100864005
readset,related_same,20,50,1,EXECUTE,published_after_gate_recheck,16.87200926244259,4.4177137315273285,20.14701729716721,63.077290100864005
readset,related_same,20,51,1,EXECUTE,published_after_gate_recheck,15.843770001083612,3.965536132454872,20.14701729716721,63.077290100864005
readset,related_same,20,52,1,EXECUTE,published_after_gate_recheck,18.180732149630785,4.375384654849768,20.14701729716721,63.077290100864005
readset,related_same,20,53,1,EXECUTE,published_after_gate_recheck,16.635283827781677,3.910822793841362,20.14701729716721,63.077290100864005
readset,related_same,20,54,1,EXECUTE,published_after_gate_recheck,15.512719750404358,4.86235786229372,20.14701729716721,63.077290100864005
readset,related_same,20,55,1,EXECUTE,published_after_gate_recheck,14.715694822371006,4.116398748010397,20.14701729716721,63.077290100864005
readset,related_same,20,56,1,EXECUTE,published_after_gate_recheck,19.80967679992318,4.558168351650238,20.14701729716721,63.077290100864005
readset,related_same,20,57,1,EXECUTE,published_after_gate_recheck,15.776584390550852,4.476423840969801,20.14701729716721,63.077290100864005
readset,related_same,20,58,1,EXECUTE,published_after_gate_recheck,14.902836177498102,4.30834898725152,20.14701729716721,63.077290100864005
readset,related_same,20,59,1,EXECUTE,published_after_gate_recheck,18.059775698930025,4.113943781703711,20.14701729716721,63.077290100864005
readset,related_same,20,60,1,EXECUTE,published_after_gate_recheck,15.552033204585314,4.458148963749409,20.14701729716721,63.077290100864005
readset,related_same,20,61,1,EXECUTE,published_after_gate_recheck,13.986486941576004,4.062267020344734,20.14701729716721,63.077290100864005
readset,related_same,20,62,1,EXECUTE,published_after_gate_recheck,16.742315143346786,6.455456372350454,20.14701729716721,63.077290100864005
readset,related_same,20,63,1,EXECUTE,published_after_gate_recheck,15.184143092483282,4.638938698917627,20.14701729716721,63.077290100864005
readset,related_same,20,64,1,EXECUTE,published_after_gate_recheck,14.849375933408737,4.504157230257988,20.14701729716721,63.077290100864005
readset,related_same,20,65,1,EXECUTE,published_after_gate_recheck,18.60263291746378,6.7521617747843266,20.14701729716721,63.077290100864005
readset,related_same,20,66,1,EXECUTE,published_after_gate_recheck,15.141262672841549,4.3974462896585464,20.14701729716721,63.077290100864005
readset,related_same,20,67,1,EXECUTE,published_after_gate_recheck,15.004727058112621,4.511028993874788,20.14701729716721,63.077290100864005
readset,related_same,20,68,1,EXECUTE,published_after_gate_recheck,19.134179688990116,8.504567202180624,20.14701729716721,63.077290100864005
readset,related_same,20,69,1,EXECUTE,published_after_gate_recheck,15.210292302072048,4.542567767202854,20.14701729716721,63.077290100864005
readset,related_same,20,70,1,EXECUTE,published_after_gate_recheck,14.36820300295949,4.186669830232859,20.14701729716721,63.077290100864005
readset,related_same,20,71,1,EXECUTE,published_after_gate_recheck,14.752684161067009,4.5043169520795345,20.14701729716721,63.077290100864005
readset,related_same,20,72,1,EXECUTE,published_after_gate_recheck,14.713459648191929,3.906005062162876,20.14701729716721,63.077290100864005
readset,related_same,20,73,1,EXECUTE,published_after_gate_recheck,14.073630794882774,4.166383296251297,20.14701729716721,63.077290100864005
readset,related_same,20,74,1,EXECUTE,published_after_gate_recheck,14.598335139453411,4.430428147315979,20.14701729716721,63.077290100864005
readset,related_same,20,75,1,EXECUTE,published_after_gate_recheck,16.355340369045734,4.172284156084061,20.14701729716721,63.077290100864005
readset,related_same,20,76,1,EXECUTE,published_after_gate_recheck,14.515548944473267,4.435417708009481,20.14701729716721,63.077290100864005
readset,related_same,20,77,1,EXECUTE,published_after_gate_recheck,15.009175054728985,4.399650264531374,20.14701729716721,63.077290100864005
readset,related_same,20,78,1,EXECUTE,published_after_gate_recheck,17.54438877105713,6.3802143558859825,20.14701729716721,63.077290100864005
readset,related_same,20,79,1,EXECUTE,published_after_gate_recheck,14.567537233233452,3.9664083160459995,20.14701729716721,63.077290100864005
readset,related_same,20,80,1,EXECUTE,published_after_gate_recheck,14.247206039726734,4.118854179978371,20.14701729716721,63.077290100864005
readset,related_same,20,81,1,EXECUTE,published_after_gate_recheck,20.574360620230436,9.884796105325222,20.14701729716721,63.077290100864005
readset,related_same,20,82,1,EXECUTE,published_after_gate_recheck,14.448954723775387,4.1885338723659515,20.14701729716721,63.077290100864005
readset,related_same,20,83,1,EXECUTE,published_after_gate_recheck,14.714352786540985,4.064592067152262,20.14701729716721,63.077290100864005
readset,related_same,20,84,1,EXECUTE,published_after_gate_recheck,15.235890168696642,4.223911091685295,20.14701729716721,63.077290100864005
readset,related_same,20,85,1,EXECUTE,published_after_gate_recheck,14.862881042063236,4.40538115799427,20.14701729716721,63.077290100864005
readset,related_same,20,86,1,EXECUTE,published_after_gate_recheck,13.961479999125004,3.81670705974102,20.14701729716721,63.077290100864005
readset,related_same,20,87,1,EXECUTE,published_after_gate_recheck,14.260681811720133,3.95356398075819,20.14701729716721,63.077290100864005
readset,related_same,20,88,1,EXECUTE,published_after_gate_recheck,17.372816801071167,4.676009062677622,20.14701729716721,63.077290100864005
readset,related_same,20,89,1,EXECUTE,published_after_gate_recheck,14.595227781683207,4.184266086667776,20.14701729716721,63.077290100864005
readset,related_same,20,90,1,EXECUTE,published_after_gate_recheck,14.69915360212326,4.054082091897726,20.14701729716721,63.077290100864005
readset,related_same,20,91,1,EXECUTE,published_after_gate_recheck,18.937462009489536,4.330740775913,20.14701729716721,63.077290100864005
readset,related_same,20,92,1,EXECUTE,published_after_gate_recheck,14.842122327536345,3.805445972830057,20.14701729716721,63.077290100864005
readset,related_same,20,93,1,EXECUTE,published_after_gate_recheck,14.330192003399134,4.138199612498283,20.14701729716721,63.077290100864005
readset,related_same,20,94,1,EXECUTE,published_after_gate_recheck,16.412666998803616,6.1656110920012,20.14701729716721,63.077290100864005
readset,related_same,20,95,1,EXECUTE,published_after_gate_recheck,14.447011053562164,4.393668845295906,20.14701729716721,63.077290100864005
readset,related_same,20,96,1,EXECUTE,published_after_gate_recheck,14.446890912950039,4.4288551434874535,20.14701729716721,63.077290100864005
readset,related_same,20,97,1,EXECUTE,published_after_gate_recheck,13.615361880511045,4.053159616887569,20.14701729716721,63.077290100864005
readset,related_same,20,98,1,EXECUTE,published_after_gate_recheck,14.922241680324078,4.180799704045057,20.14701729716721,63.077290100864005
readset,related_same,20,99,1,EXECUTE,published_after_gate_recheck,14.84909513965249,4.5285820960998535,20.14701729716721,63.077290100864005
truth,related_same,20,0,1,EXECUTE,published_after_gate_recheck,17.851003911346197,4.3570902198553085,20.354596003988984,63.80073143688165
truth,related_same,20,1,1,EXECUTE,published_after_gate_recheck,14.703551772981882,4.076505079865456,20.354596003988984,63.80073143688165
truth,related_same,20,2,1,EXECUTE,published_after_gate_recheck,13.593490235507488,3.9780791848897934,20.354596003988984,63.80073143688165
truth,related_same,20,3,1,EXECUTE,published_after_gate_recheck,16.744638793170452,6.10699225217104,20.354596003988984,63.80073143688165
truth,related_same,20,4,1,EXECUTE,published_after_gate_recheck,14.805914368480444,4.03417507186532,20.354596003988984,63.80073143688165
truth,related_same,20,5,1,EXECUTE,published_after_gate_recheck,14.183084946125746,4.311425145715475,20.354596003988984,63.80073143688165
truth,related_same,20,6,1,EXECUTE,published_after_gate_recheck,14.871266204863787,4.461206030100584,20.354596003988984,63.80073143688165
truth,related_same,20,7,1,EXECUTE,published_after_gate_recheck,14.167836867272854,3.804574254900217,20.354596003988984,63.80073143688165
truth,related_same,20,8,1,EXECUTE,published_after_gate_recheck,14.600118156522512,4.148819949477911,20.354596003988984,63.80073143688165
truth,related_same,20,9,1,EXECUTE,published_after_gate_recheck,14.863691758364439,4.526088014245033,20.354596003988984,63.80073143688165
truth,related_same,20,10,1,EXECUTE,published_after_gate_recheck,17.323274165391922,4.870704375207424,20.354596003988984,63.80073143688165
truth,related_same,20,11,1,EXECUTE,published_after_gate_recheck,14.821754302829504,4.334237892180681,20.354596003988984,63.80073143688165
truth,related_same,20,12,1,EXECUTE,published_after_gate_recheck,14.530216809362173,3.839018754661083,20.354596003988984,63.80073143688165
truth,related_same,20,13,1,EXECUTE,published_after_gate_recheck,18.48876988515258,4.09305514767766,20.354596003988984,63.80073143688165
truth,related_same,20,14,1,EXECUTE,published_after_gate_recheck,14.33593314141035,4.083937965333462,20.354596003988984,63.80073143688165
truth,related_same,20,15,1,EXECUTE,published_after_gate_recheck,14.579989947378635,4.184917081147432,20.354596003988984,63.80073143688165
truth,related_same,20,16,1,EXECUTE,published_after_gate_recheck,17.697094939649105,6.9846780970692635,20.354596003988984,63.80073143688165
truth,related_same,20,17,1,EXECUTE,published_after_gate_recheck,15.30793635174632,4.4194478541612625,20.354596003988984,63.80073143688165
truth,related_same,20,18,1,EXECUTE,published_after_gate_recheck,14.492646791040897,4.173805937170982,20.354596003988984,63.80073143688165
truth,related_same,20,19,1,EXECUTE,published_after_gate_recheck,14.630363788455725,4.455895163118839,20.354596003988984,63.80073143688165
truth,related_same,20,20,1,EXECUTE,published_after_gate_recheck,14.413107186555862,3.9318930357694626,20.354596003988984,63.80073143688165
truth,related_same,20,21,1,EXECUTE,published_after_gate_recheck,14.282372314482927,4.314329940825701,20.354596003988984,63.80073143688165
truth,related_same,20,22,1,EXECUTE,published_after_gate_recheck,14.198294840753078,4.2437780648469925,20.354596003988984,63.80073143688165
truth,related_same,20,23,1,EXECUTE,published_after_gate_recheck,17.586458008736372,4.661510698497295,20.354596003988984,63.80073143688165
truth,related_same,20,24,1,EXECUTE,published_after_gate_recheck,14.902976341545582,4.642124753445387,20.354596003988984,63.80073143688165
truth,related_same,20,25,1,EXECUTE,published_after_gate_recheck,14.702559914439917,4.169318825006485,20.354596003988984,63.80073143688165
truth,related_same,20,26,1,EXECUTE,published_after_gate_recheck,18.66005128249526,4.1027432307600975,20.354596003988984,63.80073143688165
truth,related_same,20,27,1,EXECUTE,published_after_gate_recheck,14.367491006851196,4.144841805100441,20.354596003988984,63.80073143688165
truth,related_same,20,28,1,EXECUTE,published_after_gate_recheck,15.184633899480104,4.026129841804504,20.354596003988984,63.80073143688165
truth,related_same,20,29,1,EXECUTE,published_after_gate_recheck,16.891604755073786,6.11328287050128,20.354596003988984,63.80073143688165
truth,related_same,20,30,1,EXECUTE,published_after_gate_recheck,15.47972671687603,4.5269690454006195,20.354596003988984,63.80073143688165
truth,related_same,20,31,1,EXECUTE,published_after_gate_recheck,15.130823012441397,4.494719207286835,20.354596003988984,63.80073143688165
truth,related_same,20,32,1,EXECUTE,published_after_gate_recheck,18.231797963380814,8.639681152999401,20.354596003988984,63.80073143688165
truth,related_same,20,33,1,EXECUTE,published_after_gate_recheck,15.055381692945957,4.449153319001198,20.354596003988984,63.80073143688165
truth,related_same,20,34,1,EXECUTE,published_after_gate_recheck,13.984734192490578,3.98268923163414,20.354596003988984,63.80073143688165
truth,related_same,20,35,1,EXECUTE,published_after_gate_recheck,15.139278955757618,4.624120891094208,20.354596003988984,63.80073143688165
truth,related_same,20,36,1,EXECUTE,published_after_gate_recheck,14.684176072478294,4.324799869209528,20.354596003988984,63.80073143688165
truth,related_same,20,37,1,EXECUTE,published_after_gate_recheck,14.160894323140383,4.138489719480276,20.354596003988984,63.80073143688165
truth,related_same,20,38,1,EXECUTE,published_after_gate_recheck,14.124004635959864,4.08318592235446,20.354596003988984,63.80073143688165
truth,related_same,20,39,1,EXECUTE,published_after_gate_recheck,17.181728966534138,4.20759990811348,20.354596003988984,63.80073143688165
truth,related_same,20,40,1,EXECUTE,published_after_gate_recheck,14.412595890462399,4.428414162248373,20.354596003988984,63.80073143688165
truth,related_same,20,41,1,EXECUTE,published_after_gate_recheck,15.684000216424465,4.810491111129522,20.354596003988984,63.80073143688165
truth,related_same,20,42,1,EXECUTE,published_after_gate_recheck,16.34398801252246,6.022894289344549,20.354596003988984,63.80073143688165
truth,related_same,20,43,1,EXECUTE,published_after_gate_recheck,14.641775749623775,4.194304812699556,20.354596003988984,63.80073143688165
truth,related_same,20,44,1,EXECUTE,published_after_gate_recheck,14.901652932167053,4.007425159215927,20.354596003988984,63.80073143688165
truth,related_same,20,45,1,EXECUTE,published_after_gate_recheck,14.432995114475489,4.583575297147036,20.354596003988984,63.80073143688165
truth,related_same,20,46,1,EXECUTE,published_after_gate_recheck,14.566755387932062,4.274013917893171,20.354596003988984,63.80073143688165
truth,related_same,20,47,1,EXECUTE,published_after_gate_recheck,15.011368785053492,4.126618150621653,20.354596003988984,63.80073143688165
truth,related_same,20,48,1,EXECUTE,published_after_gate_recheck,14.51508840546012,4.361158236861229,20.354596003988984,63.80073143688165
truth,related_same,20,49,1,EXECUTE,published_after_gate_recheck,15.193431172519922,4.054182209074497,20.354596003988984,63.80073143688165
truth,related_same,20,50,1,EXECUTE,published_after_gate_recheck,15.024614054709673,3.8138721138238907,20.354596003988984,63.80073143688165
truth,related_same,20,51,1,EXECUTE,published_after_gate_recheck,14.661393128335476,4.375464748591185,20.354596003988984,63.80073143688165
truth,related_same,20,52,1,EXECUTE,published_after_gate_recheck,15.98962303251028,6.618471350520849,20.354596003988984,63.80073143688165
truth,related_same,20,53,1,EXECUTE,published_after_gate_recheck,14.09266609698534,4.1239336133003235,20.354596003988984,63.80073143688165
truth,related_same,20,54,1,EXECUTE,published_after_gate_recheck,14.764386229217052,3.7800478748977184,20.354596003988984,63.80073143688165
truth,related_same,20,55,1,EXECUTE,published_after_gate_recheck,14.473850838840008,4.155382048338652,20.354596003988984,63.80073143688165
truth,related_same,20,56,1,EXECUTE,published_after_gate_recheck,14.555775094777346,4.290987271815538,20.354596003988984,63.80073143688165
truth,related_same,20,57,1,EXECUTE,published_after_gate_recheck,15.068986918777227,4.461175762116909,20.354596003988984,63.80073143688165
truth,related_same,20,58,1,EXECUTE,published_after_gate_recheck,14.02904698625207,4.242245573550463,20.354596003988984,63.80073143688165
truth,related_same,20,59,1,EXECUTE,published_after_gate_recheck,16.227299347519875,4.151694942265749,20.354596003988984,63.80073143688165
truth,related_same,20,60,1,EXECUTE,published_after_gate_recheck,15.0044159963727,3.9350586012005806,20.354596003988984,63.80073143688165
truth,related_same,20,61,1,EXECUTE,published_after_gate_recheck,15.884045045822859,4.464942961931229,20.354596003988984,63.80073143688165
truth,related_same,20,62,1,EXECUTE,published_after_gate_recheck,16.246194951236248,5.683316849172115,20.354596003988984,63.80073143688165
truth,related_same,20,63,1,EXECUTE,published_after_gate_recheck,20.14426374807954,5.637973081320524,20.354596003988984,63.80073143688165
truth,related_same,20,64,1,EXECUTE,published_after_gate_recheck,15.588491223752499,4.695334937423468,20.354596003988984,63.80073143688165
truth,related_same,20,65,1,EXECUTE,published_after_gate_recheck,18.970072735100985,6.223940756171942,20.354596003988984,63.80073143688165
truth,related_same,20,66,1,EXECUTE,published_after_gate_recheck,19.10200994461775,5.19744586199522,20.354596003988984,63.80073143688165
truth,related_same,20,67,1,EXECUTE,published_after_gate_recheck,18.972076941281557,4.868770018219948,20.354596003988984,63.80073143688165
truth,related_same,20,68,1,EXECUTE,published_after_gate_recheck,16.371320001780987,4.855696111917496,20.354596003988984,63.80073143688165
truth,related_same,20,69,1,EXECUTE,published_after_gate_recheck,14.023265801370144,3.754539880901575,20.354596003988984,63.80073143688165
truth,related_same,20,70,1,EXECUTE,published_after_gate_recheck,14.632037840783596,4.484098870307207,20.354596003988984,63.80073143688165
truth,related_same,20,71,1,EXECUTE,published_after_gate_recheck,15.62161324545741,4.598742816597223,20.354596003988984,63.80073143688165
truth,related_same,20,72,1,EXECUTE,published_after_gate_recheck,15.141773037612438,4.212118685245514,20.354596003988984,63.80073143688165
truth,related_same,20,73,1,EXECUTE,published_after_gate_recheck,15.81944478675723,4.6087526716291904,20.354596003988984,63.80073143688165
truth,related_same,20,74,1,EXECUTE,published_after_gate_recheck,19.979135133326054,4.545383155345917,20.354596003988984,63.80073143688165
truth,related_same,20,75,1,EXECUTE,published_after_gate_recheck,14.84049903228879,4.215645138174295,20.354596003988984,63.80073143688165
truth,related_same,20,76,1,EXECUTE,published_after_gate_recheck,14.705786015838385,4.23479126766324,20.354596003988984,63.80073143688165
truth,related_same,20,77,1,EXECUTE,published_after_gate_recheck,18.92964681610465,4.614301957190037,20.354596003988984,63.80073143688165
truth,related_same,20,78,1,EXECUTE,published_after_gate_recheck,14.195849653333426,3.9715366438031197,20.354596003988984,63.80073143688165
truth,related_same,20,79,1,EXECUTE,published_after_gate_recheck,15.515103936195374,4.223119001835585,20.354596003988984,63.80073143688165
truth,related_same,20,80,1,EXECUTE,published_after_gate_recheck,16.544965095818043,5.962560884654522,20.354596003988984,63.80073143688165
truth,related_same,20,81,1,EXECUTE,published_after_gate_recheck,15.611404087394476,4.848401062190533,20.354596003988984,63.80073143688165
truth,related_same,20,82,1,EXECUTE,published_after_gate_recheck,14.91574989631772,4.317926708608866,20.354596003988984,63.80073143688165
truth,related_same,20,83,1,EXECUTE,published_after_gate_recheck,18.389934208244085,7.683678064495325,20.354596003988984,63.80073143688165
truth,related_same,20,84,1,EXECUTE,published_after_gate_recheck,15.833701938390732,4.807714838534594,20.354596003988984,63.80073143688165
truth,related_same,20,85,1,EXECUTE,published_after_gate_recheck,14.949534088373184,4.3015372939407825,20.354596003988984,63.80073143688165
truth,related_same,20,86,1,EXECUTE,published_after_gate_recheck,19.704299978911877,9.40482597798109,20.354596003988984,63.80073143688165
truth,related_same,20,87,1,EXECUTE,published_after_gate_recheck,14.55733785405755,4.351801238954067,20.354596003988984,63.80073143688165
truth,related_same,20,88,1,EXECUTE,published_after_gate_recheck,15.0211569853127,4.461555741727352,20.354596003988984,63.80073143688165
truth,related_same,20,89,1,EXECUTE,published_after_gate_recheck,20.709906239062548,9.944467805325985,20.354596003988984,63.80073143688165
truth,related_same,20,90,1,EXECUTE,published_after_gate_recheck,16.721136402338743,6.172354333102703,20.354596003988984,63.80073143688165
truth,related_same,20,91,1,EXECUTE,published_after_gate_recheck,14.71545360982418,4.286859184503555,20.354596003988984,63.80073143688165
truth,related_same,20,92,1,EXECUTE,published_after_gate_recheck,17.56575983017683,6.901691667735577,20.354596003988984,63.80073143688165
truth,related_same,20,93,1,EXECUTE,published_after_gate_recheck,14.497626107186079,4.030758049339056,20.354596003988984,63.80073143688165
truth,related_same,20,94,1,EXECUTE,published_after_gate_recheck,14.544674195349216,4.533641971647739,20.354596003988984,63.80073143688165
truth,related_same,20,95,1,EXECUTE,published_after_gate_recheck,15.013894066214561,4.392076283693314,20.354596003988984,63.80073143688165
truth,related_same,20,96,1,EXECUTE,published_after_gate_recheck,15.419344883412123,4.582663998007774,20.354596003988984,63.80073143688165
truth,related_same,20,97,1,EXECUTE,published_after_gate_recheck,14.490061905235052,4.047860857099295,20.354596003988984,63.80073143688165
truth,related_same,20,98,1,EXECUTE,published_after_gate_recheck,15.036826021969318,4.242155235260725,20.354596003988984,63.80073143688165
truth,related_same,20,99,1,EXECUTE,published_after_gate_recheck,14.806023798882961,4.131827969104052,20.354596003988984,63.80073143688165
opa,related_same,20,0,1,EXECUTE,opa_allowed_at_gate,11.065870989114046,3.227883018553257,20.1409071012251,106.29452836059744
opa,related_same,20,1,1,EXECUTE,opa_allowed_at_gate,9.108790662139654,2.81415693461895,20.1409071012251,106.29452836059744
opa,related_same,20,2,1,EXECUTE,opa_allowed_at_gate,9.318343363702297,3.1639626249670982,20.1409071012251,106.29452836059744
opa,related_same,20,3,1,EXECUTE,opa_allowed_at_gate,9.099683724343777,3.080486785620451,20.1409071012251,106.29452836059744
opa,related_same,20,4,1,EXECUTE,opa_allowed_at_gate,8.69643734768033,2.956193871796131,20.1409071012251,106.29452836059744
opa,related_same,20,5,1,EXECUTE,opa_allowed_at_gate,9.185073897242546,3.069275990128517,20.1409071012251,106.29452836059744
opa,related_same,20,6,1,EXECUTE,opa_allowed_at_gate,8.96092364564538,2.9344032518565655,20.1409071012251,106.29452836059744
opa,related_same,20,7,1,EXECUTE,opa_allowed_at_gate,9.277827106416225,3.065959084779024,20.1409071012251,106.29452836059744
opa,related_same,20,8,1,EXECUTE,opa_allowed_at_gate,9.174243081361055,3.1661870889365673,20.1409071012251,106.29452836059744
opa,related_same,20,9,1,EXECUTE,opa_allowed_at_gate,8.515037130564451,2.9271291568875313,20.1409071012251,106.29452836059744
opa,related_same,20,10,1,EXECUTE,opa_allowed_at_gate,8.92176991328597,2.8756726533174515,20.1409071012251,106.29452836059744
opa,related_same,20,11,1,EXECUTE,opa_allowed_at_gate,8.992152288556099,3.115592058748007,20.1409071012251,106.29452836059744
opa,related_same,20,12,1,EXECUTE,opa_allowed_at_gate,9.215259924530983,3.2185353338718414,20.1409071012251,106.29452836059744
opa,related_same,20,13,1,EXECUTE,opa_allowed_at_gate,9.147614240646362,3.077590838074684,20.1409071012251,106.29452836059744
opa,related_same,20,14,1,EXECUTE,opa_allowed_at_gate,9.258411824703217,3.2735876739025116,20.1409071012251,106.29452836059744
opa,related_same,20,15,1,EXECUTE,opa_allowed_at_gate,8.503986988216639,2.785083372145891,20.1409071012251,106.29452836059744
opa,related_same,20,16,1,EXECUTE,opa_allowed_at_gate,9.44916857406497,3.2201590947806835,20.1409071012251,106.29452836059744
opa,related_same,20,17,1,EXECUTE,opa_allowed_at_gate,10.194636881351471,3.609397914260626,20.1409071012251,106.29452836059744
opa,related_same,20,18,1,EXECUTE,opa_allowed_at_gate,9.277797304093838,3.380840178579092,20.1409071012251,106.29452836059744
opa,related_same,20,19,1,EXECUTE,opa_allowed_at_gate,12.447942048311234,4.493356216698885,20.1409071012251,106.29452836059744
opa,related_same,20,20,1,EXECUTE,opa_allowed_at_gate,9.543446358293295,3.3263368532061577,20.1409071012251,106.29452836059744
opa,related_same,20,21,1,EXECUTE,opa_allowed_at_gate,9.747808799147606,3.2746409997344017,20.1409071012251,106.29452836059744
opa,related_same,20,22,1,EXECUTE,opa_allowed_at_gate,9.565087035298347,3.3768415451049805,20.1409071012251,106.29452836059744
opa,related_same,20,23,1,EXECUTE,opa_allowed_at_gate,9.090477135032415,3.3068209886550903,20.1409071012251,106.29452836059744
opa,related_same,20,24,1,EXECUTE,opa_allowed_at_gate,9.400207083672285,3.01238801330328,20.1409071012251,106.29452836059744
opa,related_same,20,25,1,EXECUTE,opa_allowed_at_gate,8.27701110392809,2.6947432197630405,20.1409071012251,106.29452836059744
opa,related_same,20,26,1,EXECUTE,opa_allowed_at_gate,9.357085917145014,3.3203070051968098,20.1409071012251,106.29452836059744
opa,related_same,20,27,1,EXECUTE,opa_allowed_at_gate,9.35414107516408,3.4462930634617805,20.1409071012251,106.29452836059744
opa,related_same,20,28,1,EXECUTE,opa_allowed_at_gate,8.520126808434725,3.1350688077509403,20.1409071012251,106.29452836059744
opa,related_same,20,29,1,EXECUTE,opa_allowed_at_gate,10.540194809436798,3.169282805174589,20.1409071012251,106.29452836059744
opa,related_same,20,30,1,EXECUTE,opa_allowed_at_gate,9.092228952795267,3.2358081080019474,20.1409071012251,106.29452836059744
opa,related_same,20,31,1,EXECUTE,opa_allowed_at_gate,9.630679152905941,3.050769679248333,20.1409071012251,106.29452836059744
opa,related_same,20,32,1,EXECUTE,opa_allowed_at_gate,8.755538146942854,2.9824827797710896,20.1409071012251,106.29452836059744
opa,related_same,20,33,1,EXECUTE,opa_allowed_at_gate,9.620499797165394,2.7860738337039948,20.1409071012251,106.29452836059744
opa,related_same,20,34,1,EXECUTE,opa_allowed_at_gate,8.98245396092534,2.906200010329485,20.1409071012251,106.29452836059744
opa,related_same,20,35,1,EXECUTE,opa_allowed_at_gate,8.795072324573994,3.039400093257427,20.1409071012251,106.29452836059744
opa,related_same,20,36,1,EXECUTE,opa_allowed_at_gate,8.736873976886272,3.280059900134802,20.1409071012251,106.29452836059744
opa,related_same,20,37,1,EXECUTE,opa_allowed_at_gate,9.469185955822468,3.0145631171762943,20.1409071012251,106.29452836059744
opa,related_same,20,38,1,EXECUTE,opa_allowed_at_gate,9.687967132776976,2.804819028824568,20.1409071012251,106.29452836059744
opa,related_same,20,39,1,EXECUTE,opa_allowed_at_gate,9.395468980073929,2.9742270708084106,20.1409071012251,106.29452836059744
opa,related_same,20,40,1,EXECUTE,opa_allowed_at_gate,9.602196048945189,3.4403810277581215,20.1409071012251,106.29452836059744
opa,related_same,20,41,1,EXECUTE,opa_allowed_at_gate,8.831571321934462,2.7986480854451656,20.1409071012251,106.29452836059744
opa,related_same,20,42,1,EXECUTE,opa_allowed_at_gate,9.112206753343344,2.985958941280842,20.1409071012251,106.29452836059744
opa,related_same,20,43,1,EXECUTE,opa_allowed_at_gate,9.766483679413795,3.4618722274899483,20.1409071012251,106.29452836059744
opa,related_same,20,44,1,EXECUTE,opa_allowed_at_gate,11.112717911601067,4.230573307722807,20.1409071012251,106.29452836059744
opa,related_same,20,45,1,EXECUTE,opa_allowed_at_gate,8.912712801247835,2.8568971902132034,20.1409071012251,106.29452836059744
opa,related_same,20,46,1,EXECUTE,opa_allowed_at_gate,8.981121703982353,3.098099958151579,20.1409071012251,106.29452836059744
opa,related_same,20,47,1,EXECUTE,opa_allowed_at_gate,9.715547785162926,3.3908779732882977,20.1409071012251,106.29452836059744
opa,related_same,20,48,1,EXECUTE,opa_allowed_at_gate,9.590944740921259,3.3746277913451195,20.1409071012251,106.29452836059744
opa,related_same,20,49,1,EXECUTE,opa_allowed_at_gate,9.466671850532293,3.1758053228259087,20.1409071012251,106.29452836059744
opa,related_same,20,50,1,EXECUTE,opa_allowed_at_gate,9.404415264725685,3.636568784713745,20.1409071012251,106.29452836059744
opa,related_same,20,51,1,EXECUTE,opa_allowed_at_gate,9.601835161447525,3.1392769888043404,20.1409071012251,106.29452836059744
opa,related_same,20,52,1,EXECUTE,opa_allowed_at_gate,10.20485581830144,3.9309607818722725,20.1409071012251,106.29452836059744
opa,related_same,20,53,1,EXECUTE,opa_allowed_at_gate,10.511942207813263,3.5173348151147366,20.1409071012251,106.29452836059744
opa,related_same,20,54,1,EXECUTE,opa_allowed_at_gate,10.108756367117167,3.058886155486107,20.1409071012251,106.29452836059744
opa,related_same,20,55,1,EXECUTE,opa_allowed_at_gate,9.723552968353033,3.170175012201071,20.1409071012251,106.29452836059744
opa,related_same,20,56,1,EXECUTE,opa_allowed_at_gate,9.094093926250935,2.931696828454733,20.1409071012251,106.29452836059744
opa,related_same,20,57,1,EXECUTE,opa_allowed_at_gate,9.218446910381317,2.968998160213232,20.1409071012251,106.29452836059744
opa,related_same,20,58,1,EXECUTE,opa_allowed_at_gate,10.323018301278353,3.285591024905443,20.1409071012251,106.29452836059744
opa,related_same,20,59,1,EXECUTE,opa_allowed_at_gate,10.547880083322525,3.3835149370133877,20.1409071012251,106.29452836059744
opa,related_same,20,60,1,EXECUTE,opa_allowed_at_gate,9.40066808834672,2.9299138113856316,20.1409071012251,106.29452836059744
opa,related_same,20,61,1,EXECUTE,opa_allowed_at_gate,10.273104067891836,3.221440128982067,20.1409071012251,106.29452836059744
opa,related_same,20,62,1,EXECUTE,opa_allowed_at_gate,10.258457157760859,3.5015959292650223,20.1409071012251,106.29452836059744
opa,related_same,20,63,1,EXECUTE,opa_allowed_at_gate,10.406304150819778,3.1059538014233112,20.1409071012251,106.29452836059744
opa,related_same,20,64,1,EXECUTE,opa_allowed_at_gate,9.692534804344177,3.3759213984012604,20.1409071012251,106.29452836059744
opa,related_same,20,65,1,EXECUTE,opa_allowed_at_gate,9.376932866871357,3.3613028936088085,20.1409071012251,106.29452836059744
opa,related_same,20,66,1,EXECUTE,opa_allowed_at_gate,8.426812011748552,2.885621041059494,20.1409071012251,106.29452836059744
opa,related_same,20,67,1,EXECUTE,opa_allowed_at_gate,8.847430814057589,3.159194253385067,20.1409071012251,106.29452836059744
opa,related_same,20,68,1,EXECUTE,opa_allowed_at_gate,8.128712885081768,2.8344448655843735,20.1409071012251,106.29452836059744
opa,related_same,20,69,1,EXECUTE,opa_allowed_at_gate,9.044600185006857,2.9025226831436157,20.1409071012251,106.29452836059744
opa,related_same,20,70,1,EXECUTE,opa_allowed_at_gate,9.271705988794565,3.034120425581932,20.1409071012251,106.29452836059744
opa,related_same,20,71,1,EXECUTE,opa_allowed_at_gate,8.786686696112156,3.0900337733328342,20.1409071012251,106.29452836059744
opa,related_same,20,72,1,EXECUTE,opa_allowed_at_gate,8.880533277988434,2.941264770925045,20.1409071012251,106.29452836059744
opa,related_same,20,73,1,EXECUTE,opa_allowed_at_gate,9.078253991901875,3.170314710587263,20.1409071012251,106.29452836059744
opa,related_same,20,74,1,EXECUTE,opa_allowed_at_gate,9.736908599734306,3.2413178123533726,20.1409071012251,106.29452836059744
opa,related_same,20,75,1,EXECUTE,opa_allowed_at_gate,8.976873010396957,2.894687931984663,20.1409071012251,106.29452836059744
opa,related_same,20,76,1,EXECUTE,opa_allowed_at_gate,9.217293933033943,2.7649146504700184,20.1409071012251,106.29452836059744
opa,related_same,20,77,1,EXECUTE,opa_allowed_at_gate,8.678453974425793,2.8174840845167637,20.1409071012251,106.29452836059744
opa,related_same,20,78,1,EXECUTE,opa_allowed_at_gate,8.85908305644989,3.0670911073684692,20.1409071012251,106.29452836059744
opa,related_same,20,79,1,EXECUTE,opa_allowed_at_gate,9.105464909225702,3.0299415811896324,20.1409071012251,106.29452836059744
opa,related_same,20,80,1,EXECUTE,opa_allowed_at_gate,9.68625396490097,3.2560648396611214,20.1409071012251,106.29452836059744
opa,related_same,20,81,1,EXECUTE,opa_allowed_at_gate,8.606369141489267,2.83220037817955,20.1409071012251,106.29452836059744
opa,related_same,20,82,1,EXECUTE,opa_allowed_at_gate,9.588280227035284,2.9191840440034866,20.1409071012251,106.29452836059744
opa,related_same,20,83,1,EXECUTE,opa_allowed_at_gate,9.15070902556181,3.2238648273050785,20.1409071012251,106.29452836059744
opa,related_same,20,84,1,EXECUTE,opa_allowed_at_gate,9.726318996399641,3.0109859071671963,20.1409071012251,106.29452836059744
opa,related_same,20,85,1,EXECUTE,opa_allowed_at_gate,10.011724196374416,3.2520978711545467,20.1409071012251,106.29452836059744
opa,related_same,20,86,1,EXECUTE,opa_allowed_at_gate,9.355292655527592,2.8170719742774963,20.1409071012251,106.29452836059744
opa,related_same,20,87,1,EXECUTE,opa_allowed_at_gate,9.326758794486523,2.8967014513909817,20.1409071012251,106.29452836059744
opa,related_same,20,88,1,EXECUTE,opa_allowed_at_gate,9.461191017180681,3.0818688683211803,20.1409071012251,106.29452836059744
opa,related_same,20,89,1,EXECUTE,opa_allowed_at_gate,8.965552318841219,3.2347161322832108,20.1409071012251,106.29452836059744
opa,related_same,20,90,1,EXECUTE,opa_allowed_at_gate,9.069977793842554,2.9491400346159935,20.1409071012251,106.29452836059744
opa,related_same,20,91,1,EXECUTE,opa_allowed_at_gate,10.190889704972506,2.9532979242503643,20.1409071012251,106.29452836059744
opa,related_same,20,92,1,EXECUTE,opa_allowed_at_gate,8.405000902712345,3.1342068687081337,20.1409071012251,106.29452836059744
opa,related_same,20,93,1,EXECUTE,opa_allowed_at_gate,8.905820082873106,2.7717077173292637,20.1409071012251,106.29452836059744
opa,related_same,20,94,1,EXECUTE,opa_allowed_at_gate,8.52840207517147,3.0125989578664303,20.1409071012251,106.29452836059744
opa,related_same,20,95,1,EXECUTE,opa_allowed_at_gate,10.265799704939127,3.0533047392964363,20.1409071012251,106.29452836059744
opa,related_same,20,96,1,EXECUTE,opa_allowed_at_gate,9.230609983205795,3.301571123301983,20.1409071012251,106.29452836059744
opa,related_same,20,97,1,EXECUTE,opa_allowed_at_gate,8.16198531538248,3.064556047320366,20.1409071012251,106.29452836059744
opa,related_same,20,98,1,EXECUTE,opa_allowed_at_gate,8.930996991693974,3.5467310808598995,20.1409071012251,106.29452836059744
opa,related_same,20,99,1,EXECUTE,opa_allowed_at_gate,8.512072265148163,2.9280302114784718,20.1409071012251,106.29452836059744
opa_readset,related_same,20,0,1,EXECUTE,opa_allowed_at_gate,11.92511199042201,3.5704360343515873,20.653485327894543,104.93086777347973
opa_readset,related_same,20,1,1,EXECUTE,opa_allowed_at_gate,9.380069561302662,3.114679828286171,20.653485327894543,104.93086777347973
opa_readset,related_same,20,2,1,EXECUTE,opa_allowed_at_gate,9.649845771491528,3.116033971309662,20.653485327894543,104.93086777347973
opa_readset,related_same,20,3,1,EXECUTE,opa_allowed_at_gate,9.80319269001484,3.110631834715605,20.653485327894543,104.93086777347973
opa_readset,related_same,20,4,1,EXECUTE,opa_allowed_at_gate,10.042722336947918,3.13216308131814,20.653485327894543,104.93086777347973
opa_readset,related_same,20,5,1,EXECUTE,opa_allowed_at_gate,9.31553915143013,3.0715400353074074,20.653485327894543,104.93086777347973
opa_readset,related_same,20,6,1,EXECUTE,opa_allowed_at_gate,9.196765720844269,3.0176090076565742,20.653485327894543,104.93086777347973
opa_readset,related_same,20,7,1,EXECUTE,opa_allowed_at_gate,8.964229840785265,2.954541239887476,20.653485327894543,104.93086777347973
opa_readset,related_same,20,8,1,EXECUTE,opa_allowed_at_gate,9.023450780659914,2.8714840300381184,20.653485327894543,104.93086777347973
opa_readset,related_same,20,9,1,EXECUTE,opa_allowed_at_gate,9.634928312152624,3.3363760448992252,20.653485327894543,104.93086777347973
opa_readset,related_same,20,10,1,EXECUTE,opa_allowed_at_gate,11.070920154452324,3.9353398606181145,20.653485327894543,104.93086777347973
opa_readset,related_same,20,11,1,EXECUTE,opa_allowed_at_gate,9.806348942220211,3.243211656808853,20.653485327894543,104.93086777347973
opa_readset,related_same,20,12,1,EXECUTE,opa_allowed_at_gate,10.13253116980195,3.6352062597870827,20.653485327894543,104.93086777347973
opa_readset,related_same,20,13,1,EXECUTE,opa_allowed_at_gate,12.421132065355778,3.1027989462018013,20.653485327894543,104.93086777347973
opa_readset,related_same,20,14,1,EXECUTE,opa_allowed_at_gate,10.11004764586687,3.5460698418319225,20.653485327894543,104.93086777347973
opa_readset,related_same,20,15,1,EXECUTE,opa_allowed_at_gate,10.328557807952166,3.025352954864502,20.653485327894543,104.93086777347973
opa_readset,related_same,20,16,1,EXECUTE,opa_allowed_at_gate,10.385253932327032,3.1987177208065987,20.653485327894543,104.93086777347973
opa_readset,related_same,20,17,1,EXECUTE,opa_allowed_at_gate,9.028630331158638,3.2016639597713947,20.653485327894543,104.93086777347973
opa_readset,related_same,20,18,1,EXECUTE,opa_allowed_at_gate,9.177349042147398,3.156648948788643,20.653485327894543,104.93086777347973
opa_readset,related_same,20,19,1,EXECUTE,opa_allowed_at_gate,9.304358158260584,2.939000725746155,20.653485327894543,104.93086777347973
opa_readset,related_same,20,20,1,EXECUTE,opa_allowed_at_gate,15.344484243541956,5.822287872433662,20.653485327894543,104.93086777347973
opa_readset,related_same,20,21,1,EXECUTE,opa_allowed_at_gate,9.727129712700844,3.16647719591856,20.653485327894543,104.93086777347973
opa_readset,related_same,20,22,1,EXECUTE,opa_allowed_at_gate,10.390053037554026,3.628815058618784,20.653485327894543,104.93086777347973
opa_readset,related_same,20,23,1,EXECUTE,opa_allowed_at_gate,10.188565123826265,3.511275164783001,20.653485327894543,104.93086777347973
opa_readset,related_same,20,24,1,EXECUTE,opa_allowed_at_gate,9.298035874962807,3.2777762971818447,20.653485327894543,104.93086777347973
opa_readset,related_same,20,25,1,EXECUTE,opa_allowed_at_gate,9.793505072593689,3.1472118571400642,20.653485327894543,104.93086777347973
opa_readset,related_same,20,26,1,EXECUTE,opa_allowed_at_gate,10.095100849866867,3.375038970261812,20.653485327894543,104.93086777347973
opa_readset,related_same,20,27,1,EXECUTE,opa_allowed_at_gate,9.345804806798697,3.1082378700375557,20.653485327894543,104.93086777347973
opa_readset,related_same,20,28,1,EXECUTE,opa_allowed_at_gate,8.344667963683605,2.97334510833025,20.653485327894543,104.93086777347973
opa_readset,related_same,20,29,1,EXECUTE,opa_allowed_at_gate,9.591776877641678,3.459226805716753,20.653485327894543,104.93086777347973
opa_readset,related_same,20,30,1,EXECUTE,opa_allowed_at_gate,10.759476106613874,3.2848999835550785,20.653485327894543,104.93086777347973
opa_readset,related_same,20,31,1,EXECUTE,opa_allowed_at_gate,9.822729043662548,3.2828859984874725,20.653485327894543,104.93086777347973
opa_readset,related_same,20,32,1,EXECUTE,opa_allowed_at_gate,9.209119249135256,3.225359134376049,20.653485327894543,104.93086777347973
opa_readset,related_same,20,33,1,EXECUTE,opa_allowed_at_gate,8.719841949641705,2.7798330411314964,20.653485327894543,104.93086777347973
opa_readset,related_same,20,34,1,EXECUTE,opa_allowed_at_gate,9.418841917067766,3.2136058434844017,20.653485327894543,104.93086777347973
opa_readset,related_same,20,35,1,EXECUTE,opa_allowed_at_gate,9.262809995561838,3.2270620577037334,20.653485327894543,104.93086777347973
opa_readset,related_same,20,36,1,EXECUTE,opa_allowed_at_gate,9.046845138072968,3.1885188072919846,20.653485327894543,104.93086777347973
opa_readset,related_same,20,37,1,EXECUTE,opa_allowed_at_gate,9.183661080896854,3.2304376363754272,20.653485327894543,104.93086777347973
opa_readset,related_same,20,38,1,EXECUTE,opa_allowed_at_gate,8.63833911716938,2.9152072966098785,20.653485327894543,104.93086777347973
opa_readset,related_same,20,39,1,EXECUTE,opa_allowed_at_gate,9.016287978738546,3.0737044289708138,20.653485327894543,104.93086777347973
opa_readset,related_same,20,40,1,EXECUTE,opa_allowed_at_gate,9.496356826275587,3.623073920607567,20.653485327894543,104.93086777347973
opa_readset,related_same,20,41,1,EXECUTE,opa_allowed_at_gate,9.139128029346466,3.0236192978918552,20.653485327894543,104.93086777347973
opa_readset,related_same,20,42,1,EXECUTE,opa_allowed_at_gate,9.309997782111168,2.9853680171072483,20.653485327894543,104.93086777347973
opa_readset,related_same,20,43,1,EXECUTE,opa_allowed_at_gate,8.868088945746422,2.824225928634405,20.653485327894543,104.93086777347973
opa_readset,related_same,20,44,1,EXECUTE,opa_allowed_at_gate,9.47548821568489,3.338018897920847,20.653485327894543,104.93086777347973
opa_readset,related_same,20,45,1,EXECUTE,opa_allowed_at_gate,10.928391944617033,4.830867983400822,20.653485327894543,104.93086777347973
opa_readset,related_same,20,46,1,EXECUTE,opa_allowed_at_gate,8.9539410546422,2.9800180345773697,20.653485327894543,104.93086777347973
opa_readset,related_same,20,47,1,EXECUTE,opa_allowed_at_gate,9.516014251857996,3.021656069904566,20.653485327894543,104.93086777347973
opa_readset,related_same,20,48,1,EXECUTE,opa_allowed_at_gate,9.33068711310625,3.098831046372652,20.653485327894543,104.93086777347973
opa_readset,related_same,20,49,1,EXECUTE,opa_allowed_at_gate,8.663775864988565,2.912702038884163,20.653485327894543,104.93086777347973
opa_readset,related_same,20,50,1,EXECUTE,opa_allowed_at_gate,8.891252800822258,3.2003717496991158,20.653485327894543,104.93086777347973
opa_readset,related_same,20,51,1,EXECUTE,opa_allowed_at_gate,9.072012268006802,3.4636249765753746,20.653485327894543,104.93086777347973
opa_readset,related_same,20,52,1,EXECUTE,opa_allowed_at_gate,9.221762418746948,3.2674772664904594,20.653485327894543,104.93086777347973
opa_readset,related_same,20,53,1,EXECUTE,opa_allowed_at_gate,9.001168888062239,3.02997138351202,20.653485327894543,104.93086777347973
opa_readset,related_same,20,54,1,EXECUTE,opa_allowed_at_gate,9.854590054601431,3.522285260260105,20.653485327894543,104.93086777347973
opa_readset,related_same,20,55,1,EXECUTE,opa_allowed_at_gate,8.94372072070837,2.9685371555387974,20.653485327894543,104.93086777347973
opa_readset,related_same,20,56,1,EXECUTE,opa_allowed_at_gate,9.045833256095648,3.2723359763622284,20.653485327894543,104.93086777347973
opa_readset,related_same,20,57,1,EXECUTE,opa_allowed_at_gate,8.8469497859478,3.202614840120077,20.653485327894543,104.93086777347973
opa_readset,related_same,20,58,1,EXECUTE,opa_allowed_at_gate,9.664242155849934,3.212143201380968,20.653485327894543,104.93086777347973
opa_readset,related_same,20,59,1,EXECUTE,opa_allowed_at_gate,9.76570276543498,3.2737678848206997,20.653485327894543,104.93086777347973
opa_readset,related_same,20,60,1,EXECUTE,opa_allowed_at_gate,8.180459961295128,2.7840198017656803,20.653485327894543,104.93086777347973
opa_readset,related_same,20,61,1,EXECUTE,opa_allowed_at_gate,8.206609170883894,2.81479861587286,20.653485327894543,104.93086777347973
opa_readset,related_same,20,62,1,EXECUTE,opa_allowed_at_gate,9.51557420194149,3.3043259754776955,20.653485327894543,104.93086777347973
opa_readset,related_same,20,63,1,EXECUTE,opa_allowed_at_gate,9.10789892077446,2.8868326917290688,20.653485327894543,104.93086777347973
opa_readset,related_same,20,64,1,EXECUTE,opa_allowed_at_gate,9.45307593792677,3.430563025176525,20.653485327894543,104.93086777347973
opa_readset,related_same,20,65,1,EXECUTE,opa_allowed_at_gate,9.38681187108159,3.386208787560463,20.653485327894543,104.93086777347973
opa_readset,related_same,20,66,1,EXECUTE,opa_allowed_at_gate,9.239626117050648,2.8218720108270645,20.653485327894543,104.93086777347973
opa_readset,related_same,20,67,1,EXECUTE,opa_allowed_at_gate,9.175845887511969,3.5634920932352543,20.653485327894543,104.93086777347973
opa_readset,related_same,20,68,1,EXECUTE,opa_allowed_at_gate,8.947228081524372,2.999375108629465,20.653485327894543,104.93086777347973
opa_readset,related_same,20,69,1,EXECUTE,opa_allowed_at_gate,10.34035999327898,3.0289301648736,20.653485327894543,104.93086777347973
opa_readset,related_same,20,70,1,EXECUTE,opa_allowed_at_gate,9.112297091633081,2.92352307587862,20.653485327894543,104.93086777347973
opa_readset,related_same,20,71,1,EXECUTE,opa_allowed_at_gate,10.610667057335377,4.774864297360182,20.653485327894543,104.93086777347973
opa_readset,related_same,20,72,1,EXECUTE,opa_allowed_at_gate,9.826206136494875,3.6702430807054043,20.653485327894543,104.93086777347973
opa_readset,related_same,20,73,1,EXECUTE,opa_allowed_at_gate,9.437937755137682,2.759864553809166,20.653485327894543,104.93086777347973
opa_readset,related_same,20,74,1,EXECUTE,opa_allowed_at_gate,8.447341155260801,2.628648653626442,20.653485327894543,104.93086777347973
opa_readset,related_same,20,75,1,EXECUTE,opa_allowed_at_gate,8.432091679424047,2.873889170587063,20.653485327894543,104.93086777347973
opa_readset,related_same,20,76,1,EXECUTE,opa_allowed_at_gate,8.797235786914825,3.3088354393839836,20.653485327894543,104.93086777347973
opa_readset,related_same,20,77,1,EXECUTE,opa_allowed_at_gate,8.622207678854465,2.616735640913248,20.653485327894543,104.93086777347973
opa_readset,related_same,20,78,1,EXECUTE,opa_allowed_at_gate,8.76909401267767,2.833754289895296,20.653485327894543,104.93086777347973
opa_readset,related_same,20,79,1,EXECUTE,opa_allowed_at_gate,8.893416728824377,2.9482580721378326,20.653485327894543,104.93086777347973
opa_readset,related_same,20,80,1,EXECUTE,opa_allowed_at_gate,8.742633741348982,2.984005957841873,20.653485327894543,104.93086777347973
opa_readset,related_same,20,81,1,EXECUTE,opa_allowed_at_gate,8.825399912893772,3.2779769971966743,20.653485327894543,104.93086777347973
opa_readset,related_same,20,82,1,EXECUTE,opa_allowed_at_gate,8.406403008848429,2.764855045825243,20.653485327894543,104.93086777347973
opa_readset,related_same,20,83,1,EXECUTE,opa_allowed_at_gate,8.558770176023245,2.849874086678028,20.653485327894543,104.93086777347973
opa_readset,related_same,20,84,1,EXECUTE,opa_allowed_at_gate,10.390182957053185,3.631560131907463,20.653485327894543,104.93086777347973
opa_readset,related_same,20,85,1,EXECUTE,opa_allowed_at_gate,8.948709815740585,3.0279778875410557,20.653485327894543,104.93086777347973
opa_readset,related_same,20,86,1,EXECUTE,opa_allowed_at_gate,9.38389590010047,3.1413198448717594,20.653485327894543,104.93086777347973
opa_readset,related_same,20,87,1,EXECUTE,opa_allowed_at_gate,8.740169927477837,3.3052279613912106,20.653485327894543,104.93086777347973
opa_readset,related_same,20,88,1,EXECUTE,opa_allowed_at_gate,8.804921060800552,2.983253914862871,20.653485327894543,104.93086777347973
opa_readset,related_same,20,89,1,EXECUTE,opa_allowed_at_gate,9.533868171274662,3.081969451159239,20.653485327894543,104.93086777347973
opa_readset,related_same,20,90,1,EXECUTE,opa_allowed_at_gate,9.61348693817854,3.3306358382105827,20.653485327894543,104.93086777347973
opa_readset,related_same,20,91,1,EXECUTE,opa_allowed_at_gate,9.388044010847807,3.6277221515774727,20.653485327894543,104.93086777347973
opa_readset,related_same,20,92,1,EXECUTE,opa_allowed_at_gate,8.936799131333828,2.92026624083519,20.653485327894543,104.93086777347973
opa_readset,related_same,20,93,1,EXECUTE,opa_allowed_at_gate,9.226972237229347,3.1670676544308662,20.653485327894543,104.93086777347973
opa_readset,related_same,20,94,1,EXECUTE,opa_allowed_at_gate,9.286483749747276,3.303755074739456,20.653485327894543,104.93086777347973
opa_readset,related_same,20,95,1,EXECUTE,opa_allowed_at_gate,9.283057413995266,3.391650039702654,20.653485327894543,104.93086777347973
opa_readset,related_same,20,96,1,EXECUTE,opa_allowed_at_gate,9.533626958727837,3.2066330313682556,20.653485327894543,104.93086777347973
opa_readset,related_same,20,97,1,EXECUTE,opa_allowed_at_gate,10.921950917690992,3.5634716041386127,20.653485327894543,104.93086777347973
opa_readset,related_same,20,98,1,EXECUTE,opa_allowed_at_gate,9.364088997244835,3.0644163489341736,20.653485327894543,104.93086777347973
opa_readset,related_same,20,99,1,EXECUTE,opa_allowed_at_gate,9.213367011398077,3.0839331448078156,20.653485327894543,104.93086777347973
global,unrelated,100,0,1,EXECUTE,published_after_gate_recheck,17.201717011630535,4.524875432252884,99.91111447256672,20.165975285047853
global,unrelated,100,1,0,REVOKE,context_version_changed_at_publish,17.16538891196251,6.102444138377905,99.91111447256672,20.165975285047853
global,unrelated,100,2,0,REVOKE,context_version_changed_at_publish,17.93653517961502,6.87324907630682,99.91111447256672,20.165975285047853
global,unrelated,100,3,1,EXECUTE,published_after_gate_recheck,15.199963003396988,4.371166694909334,99.91111447256672,20.165975285047853
global,unrelated,100,4,0,REVOKE,context_version_changed_at_publish,17.601766157895327,6.130116060376167,99.91111447256672,20.165975285047853
global,unrelated,100,5,0,REVOKE,context_version_changed_at_publish,17.845464404672384,5.94463711604476,99.91111447256672,20.165975285047853
global,unrelated,100,6,0,REVOKE,context_version_changed_at_publish,18.870295956730843,7.636970840394497,99.91111447256672,20.165975285047853
global,unrelated,100,7,0,REVOKE,context_version_changed_at_publish,19.089696928858757,7.659313268959522,99.91111447256672,20.165975285047853
global,unrelated,100,8,1,EXECUTE,published_after_gate_recheck,15.678631141781807,4.2992220260202885,99.91111447256672,20.165975285047853
global,unrelated,100,9,1,EXECUTE,published_after_gate_recheck,19.076792988926172,4.614764358848333,99.91111447256672,20.165975285047853
global,unrelated,100,10,0,REVOKE,context_version_changed_at_publish,17.757618334144354,6.762160919606686,99.91111447256672,20.165975285047853
global,unrelated,100,11,0,REVOKE,context_version_changed_at_publish,17.551411874592304,6.53444416821003,99.91111447256672,20.165975285047853
global,unrelated,100,12,1,EXECUTE,published_after_gate_recheck,15.306292101740837,4.449623636901379,99.91111447256672,20.165975285047853
global,unrelated,100,13,0,REVOKE,context_version_changed_at_publish,16.115569975227118,5.964044015854597,99.91111447256672,20.165975285047853
global,unrelated,100,14,0,REVOKE,context_version_changed_at_publish,18.96360982209444,7.847735658288002,99.91111447256672,20.165975285047853
global,unrelated,100,15,1,EXECUTE,published_after_gate_recheck,14.465935993939638,4.204984754323959,99.91111447256672,20.165975285047853
global,unrelated,100,16,0,REVOKE,context_version_changed_at_publish,16.96564396843314,6.083817686885595,99.91111447256672,20.165975285047853
global,unrelated,100,17,0,REVOKE,context_version_changed_at_publish,18.35174299776554,7.6528796926140785,99.91111447256672,20.165975285047853
global,unrelated,100,18,1,EXECUTE,published_after_gate_recheck,15.12109488248825,4.446628037840128,99.91111447256672,20.165975285047853
global,unrelated,100,19,1,EXECUTE,published_after_gate_recheck,20.198236219584942,4.605395719408989,99.91111447256672,20.165975285047853
global,unrelated,100,20,1,EXECUTE,published_after_gate_recheck,19.402282778173685,4.405120853334665,99.91111447256672,20.165975285047853
global,unrelated,100,21,0,REVOKE,context_version_changed_at_publish,16.290778294205666,6.003247108310461,99.91111447256672,20.165975285047853
global,unrelated,100,22,0,REVOKE,context_version_changed_at_publish,18.097315914928913,7.350613828748465,99.91111447256672,20.165975285047853
global,unrelated,100,23,1,EXECUTE,published_after_gate_recheck,15.255395788699389,4.609392955899239,99.91111447256672,20.165975285047853
global,unrelated,100,24,0,REVOKE,context_version_changed_at_publish,16.227890737354755,5.7175722904503345,99.91111447256672,20.165975285047853
global,unrelated,100,25,0,REVOKE,context_version_changed_at_publish,19.354362972080708,8.067789021879435,99.91111447256672,20.165975285047853
global,unrelated,100,26,0,REVOKE,context_version_changed_at_publish,20.793812815099955,9.691032115370035,99.91111447256672,20.165975285047853
global,unrelated,100,27,0,REVOKE,context_version_changed_at_publish,18.54114793241024,7.170555647462606,99.91111447256672,20.165975285047853
global,unrelated,100,28,1,EXECUTE,published_after_gate_recheck,15.696634072810411,4.351750016212463,99.91111447256672,20.165975285047853
global,unrelated,100,29,0,REVOKE,context_version_changed_at_publish,24.520771112293005,8.294553961604834,99.91111447256672,20.165975285047853
global,unrelated,100,30,1,EXECUTE,published_after_gate_recheck,16.226638108491898,4.124354105442762,99.91111447256672,20.165975285047853
global,unrelated,100,31,1,EXECUTE,published_after_gate_recheck,18.030320294201374,4.2119682766497135,99.91111447256672,20.165975285047853
global,unrelated,100,32,0,REVOKE,context_version_changed_at_publish,27.539381757378578,9.932695887982845,99.91111447256672,20.165975285047853
global,unrelated,100,33,0,REVOKE,context_version_changed_at_publish,18.372963182628155,7.186366245150566,99.91111447256672,20.165975285047853
global,unrelated,100,34,0,REVOKE,context_version_changed_at_publish,21.310651674866676,9.28269699215889,99.91111447256672,20.165975285047853
global,unrelated,100,35,0,REVOKE,context_version_changed_at_publish,18.783512990921736,7.300089113414288,99.91111447256672,20.165975285047853
global,unrelated,100,36,1,EXECUTE,published_after_gate_recheck,14.669088181108236,4.503514617681503,99.91111447256672,20.165975285047853
global,unrelated,100,37,1,EXECUTE,published_after_gate_recheck,19.848709926009178,4.359695129096508,99.91111447256672,20.165975285047853
global,unrelated,100,38,1,EXECUTE,published_after_gate_recheck,20.1254989951849,4.919514991343021,99.91111447256672,20.165975285047853
global,unrelated,100,39,1,EXECUTE,published_after_gate_recheck,19.742059987038374,4.4913217425346375,99.91111447256672,20.165975285047853
global,unrelated,100,40,1,EXECUTE,published_after_gate_recheck,19.591026939451694,4.529524128884077,99.91111447256672,20.165975285047853
global,unrelated,100,41,0,REVOKE,context_version_changed_at_publish,26.193156838417053,9.619608987122774,99.91111447256672,20.165975285047853
global,unrelated,100,42,0,REVOKE,context_version_changed_at_publish,18.10203492641449,6.948759779334068,99.91111447256672,20.165975285047853
global,unrelated,100,43,0,REVOKE,context_version_changed_at_publish,20.708842668682337,9.339724201709032,99.91111447256672,20.165975285047853
global,unrelated,100,44,0,REVOKE,context_version_changed_at_publish,20.214855670928955,9.838318917900324,99.91111447256672,20.165975285047853
global,unrelated,100,45,0,REVOKE,context_version_changed_at_publish,19.732712768018246,8.912321645766497,99.91111447256672,20.165975285047853
global,unrelated,100,46,1,EXECUTE,published_after_gate_recheck,15.655717812478542,4.760276060551405,99.91111447256672,20.165975285047853
global,unrelated,100,47,1,EXECUTE,published_after_gate_recheck,18.224183935672045,4.278904292732477,99.91111447256672,20.165975285047853
global,unrelated,100,48,0,REVOKE,context_version_changed_at_publish,15.684791840612888,5.629136227071285,99.91111447256672,20.165975285047853
global,unrelated,100,49,1,EXECUTE,published_after_gate_recheck,16.226318199187517,4.990908782929182,99.91111447256672,20.165975285047853
global,unrelated,100,50,1,EXECUTE,published_after_gate_recheck,19.336991012096405,4.727545194327831,99.91111447256672,20.165975285047853
global,unrelated,100,51,1,EXECUTE,published_after_gate_recheck,19.448268692940474,4.585948772728443,99.91111447256672,20.165975285047853
global,unrelated,100,52,1,EXECUTE,published_after_gate_recheck,19.74290097132325,4.256521817296743,99.91111447256672,20.165975285047853
global,unrelated,100,53,0,REVOKE,context_version_changed_at_publish,16.237419098615646,5.877401679754257,99.91111447256672,20.165975285047853
global,unrelated,100,54,0,REVOKE,context_version_changed_at_publish,18.170353025197983,6.924535147845745,99.91111447256672,20.165975285047853
global,unrelated,100,55,0,REVOKE,context_version_changed_at_publish,21.492762956768274,9.378387127071619,99.91111447256672,20.165975285047853
global,unrelated,100,56,0,REVOKE,context_version_changed_at_publish,18.9554151147604,7.399885915219784,99.91111447256672,20.165975285047853
global,unrelated,100,57,0,REVOKE,context_version_changed_at_publish,20.46026661992073,9.299187920987606,99.91111447256672,20.165975285047853
global,unrelated,100,58,0,REVOKE,context_version_changed_at_publish,19.968375097960234,8.577814791351557,99.91111447256672,20.165975285047853
global,unrelated,100,59,1,EXECUTE,published_after_gate_recheck,15.708076301962137,4.654788877815008,99.91111447256672,20.165975285047853
global,unrelated,100,60,1,EXECUTE,published_after_gate_recheck,17.781512811779976,4.413014743477106,99.91111447256672,20.165975285047853
global,unrelated,100,61,0,REVOKE,context_version_changed_at_publish,17.757609020918608,6.772139109671116,99.91111447256672,20.165975285047853
global,unrelated,100,62,0,REVOKE,context_version_changed_at_publish,18.061619251966476,5.647529847919941,99.91111447256672,20.165975285047853
global,unrelated,100,63,1,EXECUTE,published_after_gate_recheck,16.887186095118523,4.12770127877593,99.91111447256672,20.165975285047853
global,unrelated,100,64,0,REVOKE,context_version_changed_at_publish,24.216431193053722,8.657143916934729,99.91111447256672,20.165975285047853
global,unrelated,100,65,0,REVOKE,context_version_changed_at_publish,19.62381787598133,7.99057399854064,99.91111447256672,20.165975285047853
global,unrelated,100,66,0,REVOKE,context_version_changed_at_publish,19.96456691995263,8.770806714892387,99.91111447256672,20.165975285047853
global,unrelated,100,67,0,REVOKE,context_version_changed_at_publish,19.438270013779402,7.893671747297049,99.91111447256672,20.165975285047853
global,unrelated,100,68,0,REVOKE,context_version_changed_at_publish,19.732593093067408,8.318499196320772,99.91111447256672,20.165975285047853
global,unrelated,100,69,0,REVOKE,context_version_changed_at_publish,18.697000108659267,6.857048720121384,99.91111447256672,20.165975285047853
global,unrelated,100,70,1,EXECUTE,published_after_gate_recheck,16.31313096731901,4.98542794957757,99.91111447256672,20.165975285047853
global,unrelated,100,71,1,EXECUTE,published_after_gate_recheck,19.209942314773798,4.16572205722332,99.91111447256672,20.165975285047853
global,unrelated,100,72,1,EXECUTE,published_after_gate_recheck,20.060285925865173,4.36774967238307,99.91111447256672,20.165975285047853
global,unrelated,100,73,1,EXECUTE,published_after_gate_recheck,19.080469850450754,4.785614088177681,99.91111447256672,20.165975285047853
global,unrelated,100,74,0,REVOKE,context_version_changed_at_publish,17.36502256244421,6.890601012855768,99.91111447256672,20.165975285047853
global,unrelated,100,75,0,REVOKE,context_version_changed_at_publish,19.467886071652174,7.875567767769098,99.91111447256672,20.165975285047853
global,unrelated,100,76,0,REVOKE,context_version_changed_at_publish,19.942927174270153,7.411527913063765,99.91111447256672,20.165975285047853
global,unrelated,100,77,0,REVOKE,context_version_changed_at_publish,18.924457021057606,7.963393349200487,99.91111447256672,20.165975285047853
global,unrelated,100,78,1,EXECUTE,published_after_gate_recheck,15.194832812994719,4.4754319824278355,99.91111447256672,20.165975285047853
global,unrelated,100,79,1,EXECUTE,published_after_gate_recheck,19.17452597990632,4.121669102460146,99.91111447256672,20.165975285047853
global,unrelated,100,80,0,REVOKE,context_version_changed_at_publish,24.777924176305532,8.719120174646378,99.91111447256672,20.165975285047853
global,unrelated,100,81,0,REVOKE,context_version_changed_at_publish,21.11398195847869,9.8425867035985,99.91111447256672,20.165975285047853
global,unrelated,100,82,0,REVOKE,context_version_changed_at_publish,19.97186103835702,8.922169916331768,99.91111447256672,20.165975285047853
global,unrelated,100,83,0,REVOKE,context_version_changed_at_publish,21.747982129454613,8.003548253327608,99.91111447256672,20.165975285047853
global,unrelated,100,84,0,REVOKE,context_version_changed_at_publish,18.046080134809017,6.886674091219902,99.91111447256672,20.165975285047853
global,unrelated,100,85,0,REVOKE,context_version_changed_at_publish,18.822174984961748,8.407855872064829,99.91111447256672,20.165975285047853
global,unrelated,100,86,1,EXECUTE,published_after_gate_recheck,14.879361726343632,4.401573911309242,99.91111447256672,20.165975285047853
global,unrelated,100,87,0,REVOKE,context_version_changed_at_publish,24.987185839563608,8.696888107806444,99.91111447256672,20.165975285047853
global,unrelated,100,88,0,REVOKE,context_version_changed_at_publish,20.880204625427723,9.590134024620056,99.91111447256672,20.165975285047853
global,unrelated,100,89,0,REVOKE,context_version_changed_at_publish,18.88986211270094,7.745253853499889,99.91111447256672,20.165975285047853
global,unrelated,100,90,0,REVOKE,context_version_changed_at_publish,21.637645084410906,9.77442879229784,99.91111447256672,20.165975285047853
global,unrelated,100,91,0,REVOKE,context_version_changed_at_publish,18.318600952625275,8.293951861560345,99.91111447256672,20.165975285047853
global,unrelated,100,92,0,REVOKE,context_version_changed_at_publish,23.50319316610694,12.79180683195591,99.91111447256672,20.165975285047853
global,unrelated,100,93,0,REVOKE,context_version_changed_at_publish,16.60036901012063,6.377479061484337,99.91111447256672,20.165975285047853
global,unrelated,100,94,1,EXECUTE,published_after_gate_recheck,14.589658938348293,4.250590689480305,99.91111447256672,20.165975285047853
global,unrelated,100,95,1,EXECUTE,published_after_gate_recheck,20.159002859145403,4.572795238345861,99.91111447256672,20.165975285047853
global,unrelated,100,96,1,EXECUTE,published_after_gate_recheck,20.189829170703888,4.466556012630463,99.91111447256672,20.165975285047853
global,unrelated,100,97,0,REVOKE,context_version_changed_at_publish,24.74515186622739,9.313104208558798,99.91111447256672,20.165975285047853
global,unrelated,100,98,1,EXECUTE,published_after_gate_recheck,14.889410231262445,4.381395876407623,99.91111447256672,20.165975285047853
global,unrelated,100,99,0,REVOKE,context_version_changed_at_publish,16.56845910474658,5.9929778799414635,99.91111447256672,20.165975285047853
readset,unrelated,100,0,1,EXECUTE,published_after_gate_recheck,17.10418425500393,4.621406085789204,99.9052597493931,54.00967657761444
readset,unrelated,100,1,1,EXECUTE,published_after_gate_recheck,19.49614891782403,4.209072794765234,99.9052597493931,54.00967657761444
readset,unrelated,100,2,1,EXECUTE,published_after_gate_recheck,18.862810917198658,4.676989745348692,99.9052597493931,54.00967657761444
readset,unrelated,100,3,1,EXECUTE,published_after_gate_recheck,17.62610301375389,6.31416030228138,99.9052597493931,54.00967657761444
readset,unrelated,100,4,1,EXECUTE,published_after_gate_recheck,17.98912324011326,7.148544769734144,99.9052597493931,54.00967657761444
readset,unrelated,100,5,1,EXECUTE,published_after_gate_recheck,15.27058519423008,4.201939795166254,99.9052597493931,54.00967657761444
readset,unrelated,100,6,1,EXECUTE,published_after_gate_recheck,16.64649462327361,5.695780739188194,99.9052597493931,54.00967657761444
readset,unrelated,100,7,1,EXECUTE,published_after_gate_recheck,17.785591073334217,6.678883917629719,99.9052597493931,54.00967657761444
readset,unrelated,100,8,1,EXECUTE,published_after_gate_recheck,14.6331200376153,3.980122972279787,99.9052597493931,54.00967657761444
readset,unrelated,100,9,1,EXECUTE,published_after_gate_recheck,19.717124290764332,4.1496711783111095,99.9052597493931,54.00967657761444
readset,unrelated,100,10,1,EXECUTE,published_after_gate_recheck,16.801035031676292,6.421111058443785,99.9052597493931,54.00967657761444
readset,unrelated,100,11,1,EXECUTE,published_after_gate_recheck,18.678035121411085,7.611793931573629,99.9052597493931,54.00967657761444
readset,unrelated,100,12,1,EXECUTE,published_after_gate_recheck,15.204682014882565,4.2657689191401005,99.9052597493931,54.00967657761444
readset,unrelated,100,13,1,EXECUTE,published_after_gate_recheck,17.061723861843348,6.318849045783281,99.9052597493931,54.00967657761444
readset,unrelated,100,14,1,EXECUTE,published_after_gate_recheck,18.20687111467123,7.120381575077772,99.9052597493931,54.00967657761444
readset,unrelated,100,15,1,EXECUTE,published_after_gate_recheck,16.218473203480244,4.829205572605133,99.9052597493931,54.00967657761444
readset,unrelated,100,16,1,EXECUTE,published_after_gate_recheck,19.286345690488815,5.474003963172436,99.9052597493931,54.00967657761444
readset,unrelated,100,17,1,EXECUTE,published_after_gate_recheck,18.000784795731306,4.2246319353580475,99.9052597493931,54.00967657761444
readset,unrelated,100,18,1,EXECUTE,published_after_gate_recheck,17.553396057337523,6.4904410392045975,99.9052597493931,54.00967657761444
readset,unrelated,100,19,1,EXECUTE,published_after_gate_recheck,18.863062374293804,8.237206842750311,99.9052597493931,54.00967657761444
readset,unrelated,100,20,1,EXECUTE,published_after_gate_recheck,18.564962781965733,7.8427172265946865,99.9052597493931,54.00967657761444
readset,unrelated,100,21,1,EXECUTE,published_after_gate_recheck,21.370493806898594,9.321810211986303,99.9052597493931,54.00967657761444
readset,unrelated,100,22,1,EXECUTE,published_after_gate_recheck,20.37008758634329,8.180689997971058,99.9052597493931,54.00967657761444
readset,unrelated,100,23,1,EXECUTE,published_after_gate_recheck,18.99759378284216,8.527260273694992,99.9052597493931,54.00967657761444
readset,unrelated,100,24,1,EXECUTE,published_after_gate_recheck,18.61543720588088,6.549601908773184,99.9052597493931,54.00967657761444
readset,unrelated,100,25,1,EXECUTE,published_after_gate_recheck,20.360790193080902,7.75544298812747,99.9052597493931,54.00967657761444
readset,unrelated,100,26,1,EXECUTE,published_after_gate_recheck,21.452648099511862,7.748670876026154,99.9052597493931,54.00967657761444
readset,unrelated,100,27,1,EXECUTE,published_after_gate_recheck,20.089922938495874,9.141701739281416,99.9052597493931,54.00967657761444
readset,unrelated,100,28,1,EXECUTE,published_after_gate_recheck,19.562503788620234,8.538722060620785,99.9052597493931,54.00967657761444
readset,unrelated,100,29,1,EXECUTE,published_after_gate_recheck,17.852636985480785,7.355994079262018,99.9052597493931,54.00967657761444
readset,unrelated,100,30,1,EXECUTE,published_after_gate_recheck,21.47611090913415,8.679445832967758,99.9052597493931,54.00967657761444
readset,unrelated,100,31,1,EXECUTE,published_after_gate_recheck,20.924367010593414,9.04123391956091,99.9052597493931,54.00967657761444
readset,unrelated,100,32,1,EXECUTE,published_after_gate_recheck,19.983142148703337,6.375275086611509,99.9052597493931,54.00967657761444
readset,unrelated,100,33,1,EXECUTE,published_after_gate_recheck,18.66841735318303,7.118979003280401,99.9052597493931,54.00967657761444
readset,unrelated,100,34,1,EXECUTE,published_after_gate_recheck,20.79854067414999,8.762710727751255,99.9052597493931,54.00967657761444
readset,unrelated,100,35,1,EXECUTE,published_after_gate_recheck,19.750014878809452,8.957326877862215,99.9052597493931,54.00967657761444
readset,unrelated,100,36,1,EXECUTE,published_after_gate_recheck,19.69380909577012,8.586251176893711,99.9052597493931,54.00967657761444
readset,unrelated,100,37,1,EXECUTE,published_after_gate_recheck,20.735844038426876,9.894733782857656,99.9052597493931,54.00967657761444
readset,unrelated,100,38,1,EXECUTE,published_after_gate_recheck,17.088414169847965,6.472236011177301,99.9052597493931,54.00967657761444
readset,unrelated,100,39,1,EXECUTE,published_after_gate_recheck,17.80336396768689,4.833513870835304,99.9052597493931,54.00967657761444
readset,unrelated,100,40,1,EXECUTE,published_after_gate_recheck,24.027285166084766,9.078893810510635,99.9052597493931,54.00967657761444
readset,unrelated,100,41,1,EXECUTE,published_after_gate_recheck,20.622460637241602,9.615099988877773,99.9052597493931,54.00967657761444
readset,unrelated,100,42,1,EXECUTE,published_after_gate_recheck,18.978107254952192,7.75796826928854,99.9052597493931,54.00967657761444
readset,unrelated,100,43,1,EXECUTE,published_after_gate_recheck,15.815737191587687,4.728767089545727,99.9052597493931,54.00967657761444
readset,unrelated,100,44,1,EXECUTE,published_after_gate_recheck,17.315539997071028,6.480282172560692,99.9052597493931,54.00967657761444
readset,unrelated,100,45,1,EXECUTE,published_after_gate_recheck,17.72260293364525,6.853632163256407,99.9052597493931,54.00967657761444
readset,unrelated,100,46,1,EXECUTE,published_after_gate_recheck,15.478575136512518,4.07764595001936,99.9052597493931,54.00967657761444
readset,unrelated,100,47,1,EXECUTE,published_after_gate_recheck,19.225181080400944,4.698860924690962,99.9052597493931,54.00967657761444
readset,unrelated,100,48,1,EXECUTE,published_after_gate_recheck,18.5678880661726,3.823470324277878,99.9052597493931,54.00967657761444
readset,unrelated,100,49,1,EXECUTE,published_after_gate_recheck,26.79693978279829,10.346902068704367,99.9052597493931,54.00967657761444
readset,unrelated,100,50,1,EXECUTE,published_after_gate_recheck,20.794293377548456,8.718478959053755,99.9052597493931,54.00967657761444
readset,unrelated,100,51,1,EXECUTE,published_after_gate_recheck,18.182185012847185,6.570680998265743,99.9052597493931,54.00967657761444
readset,unrelated,100,52,1,EXECUTE,published_after_gate_recheck,14.762483071535826,4.312015604227781,99.9052597493931,54.00967657761444
readset,unrelated,100,53,1,EXECUTE,published_after_gate_recheck,19.182550720870495,4.456216935068369,99.9052597493931,54.00967657761444
readset,unrelated,100,54,1,EXECUTE,published_after_gate_recheck,16.644471790641546,6.301866844296455,99.9052597493931,54.00967657761444
readset,unrelated,100,55,1,EXECUTE,published_after_gate_recheck,18.76498805359006,7.6728081330657005,99.9052597493931,54.00967657761444
readset,unrelated,100,56,1,EXECUTE,published_after_gate_recheck,18.89812806621194,7.675684057176113,99.9052597493931,54.00967657761444
readset,unrelated,100,57,1,EXECUTE,published_after_gate_recheck,22.323439829051495,8.849284145981073,99.9052597493931,54.00967657761444
readset,unrelated,100,58,1,EXECUTE,published_after_gate_recheck,18.91035120934248,7.701531983911991,99.9052597493931,54.00967657761444
readset,unrelated,100,59,1,EXECUTE,published_after_gate_recheck,16.186372376978397,4.624682012945414,99.9052597493931,54.00967657761444
readset,unrelated,100,60,1,EXECUTE,published_after_gate_recheck,17.514183185994625,4.3840110301971436,99.9052597493931,54.00967657761444
readset,unrelated,100,61,1,EXECUTE,published_after_gate_recheck,17.873927019536495,6.757662165910006,99.9052597493931,54.00967657761444
readset,unrelated,100,62,1,EXECUTE,published_after_gate_recheck,17.29118498042226,6.419819314032793,99.9052597493931,54.00967657761444
readset,unrelated,100,63,1,EXECUTE,published_after_gate_recheck,14.82612220570445,3.862463403493166,99.9052597493931,54.00967657761444
readset,unrelated,100,64,1,EXECUTE,published_after_gate_recheck,17.3128847964108,5.874895956367254,99.9052597493931,54.00967657761444
readset,unrelated,100,65,1,EXECUTE,published_after_gate_recheck,17.608489841222763,7.128756958991289,99.9052597493931,54.00967657761444
readset,unrelated,100,66,1,EXECUTE,published_after_gate_recheck,20.44491795822978,7.849177811294794,99.9052597493931,54.00967657761444
readset,unrelated,100,67,1,EXECUTE,published_after_gate_recheck,21.122318226844072,9.764990769326687,99.9052597493931,54.00967657761444
readset,unrelated,100,68,1,EXECUTE,published_after_gate_recheck,18.626258242875338,7.822528947144747,99.9052597493931,54.00967657761444
readset,unrelated,100,69,1,EXECUTE,published_after_gate_recheck,15.241020359098911,4.400270991027355,99.9052597493931,54.00967657761444
readset,unrelated,100,70,1,EXECUTE,published_after_gate_recheck,17.623026855289936,6.446848623454571,99.9052597493931,54.00967657761444
readset,unrelated,100,71,1,EXECUTE,published_after_gate_recheck,17.532065976411104,7.266805972903967,99.9052597493931,54.00967657761444
readset,unrelated,100,72,1,EXECUTE,published_after_gate_recheck,15.486500225961208,4.604212939739227,99.9052597493931,54.00967657761444
readset,unrelated,100,73,1,EXECUTE,published_after_gate_recheck,18.18954898044467,4.103174898773432,99.9052597493931,54.00967657761444
readset,unrelated,100,74,1,EXECUTE,published_after_gate_recheck,16.592734958976507,6.08149403706193,99.9052597493931,54.00967657761444
readset,unrelated,100,75,1,EXECUTE,published_after_gate_recheck,19.90746008232236,7.932534907013178,99.9052597493931,54.00967657761444
readset,unrelated,100,76,1,EXECUTE,published_after_gate_recheck,19.23533994704485,7.723753806203604,99.9052597493931,54.00967657761444
readset,unrelated,100,77,1,EXECUTE,published_after_gate_recheck,19.820798188447952,7.44582200422883,99.9052597493931,54.00967657761444
readset,unrelated,100,78,1,EXECUTE,published_after_gate_recheck,19.429434090852737,8.328177034854889,99.9052597493931,54.00967657761444
readset,unrelated,100,79,1,EXECUTE,published_after_gate_recheck,19.56657087430358,7.696712855249643,99.9052597493931,54.00967657761444
readset,unrelated,100,80,1,EXECUTE,published_after_gate_recheck,16.043154057115316,4.216727335005999,99.9052597493931,54.00967657761444
readset,unrelated,100,81,1,EXECUTE,published_after_gate_recheck,17.05182623118162,6.365546956658363,99.9052597493931,54.00967657761444
readset,unrelated,100,82,1,EXECUTE,published_after_gate_recheck,18.030089791864157,7.579813711345196,99.9052597493931,54.00967657761444
readset,unrelated,100,83,1,EXECUTE,published_after_gate_recheck,14.863542281091213,4.428403917700052,99.9052597493931,54.00967657761444
readset,unrelated,100,84,1,EXECUTE,published_after_gate_recheck,18.573669251054525,3.9417222142219543,99.9052597493931,54.00967657761444
readset,unrelated,100,85,1,EXECUTE,published_after_gate_recheck,16.106051858514547,5.752657074481249,99.9052597493931,54.00967657761444
readset,unrelated,100,86,1,EXECUTE,published_after_gate_recheck,19.94352787733078,8.025508839637041,99.9052597493931,54.00967657761444
readset,unrelated,100,87,1,EXECUTE,published_after_gate_recheck,14.619553927332163,3.929038066416979,99.9052597493931,54.00967657761444
readset,unrelated,100,88,1,EXECUTE,published_after_gate_recheck,17.60862860828638,6.189386360347271,99.9052597493931,54.00967657761444
readset,unrelated,100,89,1,EXECUTE,published_after_gate_recheck,16.363936010748148,5.6221019476652145,99.9052597493931,54.00967657761444
readset,unrelated,100,90,1,EXECUTE,published_after_gate_recheck,15.198410023003817,4.53309016302228,99.9052597493931,54.00967657761444
readset,unrelated,100,91,1,EXECUTE,published_after_gate_recheck,20.470336079597473,4.599234089255333,99.9052597493931,54.00967657761444
readset,unrelated,100,92,1,EXECUTE,published_after_gate_recheck,17.88363605737686,6.905538961291313,99.9052597493931,54.00967657761444
readset,unrelated,100,93,1,EXECUTE,published_after_gate_recheck,20.640836097300053,6.7938100546598434,99.9052597493931,54.00967657761444
readset,unrelated,100,94,1,EXECUTE,published_after_gate_recheck,21.671769209206104,6.195216905325651,99.9052597493931,54.00967657761444
readset,unrelated,100,95,1,EXECUTE,published_after_gate_recheck,18.4382158331573,6.455505266785622,99.9052597493931,54.00967657761444
readset,unrelated,100,96,1,EXECUTE,published_after_gate_recheck,19.25740111619234,6.445135921239853,99.9052597493931,54.00967657761444
readset,unrelated,100,97,1,EXECUTE,published_after_gate_recheck,18.40676600113511,7.35494215041399,99.9052597493931,54.00967657761444
readset,unrelated,100,98,1,EXECUTE,published_after_gate_recheck,20.06546687334776,9.213367011398077,99.9052597493931,54.00967657761444
readset,unrelated,100,99,1,EXECUTE,published_after_gate_recheck,18.284787889569998,7.626301143318415,99.9052597493931,54.00967657761444
truth,unrelated,100,0,1,EXECUTE,published_after_gate_recheck,22.517364006489515,8.747873827815056,99.93924555754771,52.842625240932556
truth,unrelated,100,1,1,EXECUTE,published_after_gate_recheck,20.773875061422586,9.825022891163826,99.93924555754771,52.842625240932556
truth,unrelated,100,2,1,EXECUTE,published_after_gate_recheck,19.829182885587215,9.259943850338459,99.93924555754771,52.842625240932556
truth,unrelated,100,3,1,EXECUTE,published_after_gate_recheck,19.846745766699314,8.277161978185177,99.93924555754771,52.842625240932556
truth,unrelated,100,4,1,EXECUTE,published_after_gate_recheck,18.123624846339226,7.201865315437317,99.93924555754771,52.842625240932556
truth,unrelated,100,5,1,EXECUTE,published_after_gate_recheck,16.95915125310421,5.273107904940844,99.93924555754771,52.842625240932556
truth,unrelated,100,6,1,EXECUTE,published_after_gate_recheck,17.58613809943199,4.123151767998934,99.93924555754771,52.842625240932556
truth,unrelated,100,7,1,EXECUTE,published_after_gate_recheck,16.953942365944386,5.8790547773242,99.93924555754771,52.842625240932556
truth,unrelated,100,8,1,EXECUTE,published_after_gate_recheck,18.863233271986246,8.464511949568987,99.93924555754771,52.842625240932556
truth,unrelated,100,9,1,EXECUTE,published_after_gate_recheck,21.480409894138575,10.178265627473593,99.93924555754771,52.842625240932556
truth,unrelated,100,10,1,EXECUTE,published_after_gate_recheck,18.307229969650507,8.174789138138294,99.93924555754771,52.842625240932556
truth,unrelated,100,11,1,EXECUTE,published_after_gate_recheck,15.652210917323828,4.5070708729326725,99.93924555754771,52.842625240932556
truth,unrelated,100,12,1,EXECUTE,published_after_gate_recheck,17.660696990787983,6.719470024108887,99.93924555754771,52.842625240932556
truth,unrelated,100,13,1,EXECUTE,published_after_gate_recheck,18.83050100877881,7.346875965595245,99.93924555754771,52.842625240932556
truth,unrelated,100,14,1,EXECUTE,published_after_gate_recheck,19.392183981835842,7.820995058864355,99.93924555754771,52.842625240932556
truth,unrelated,100,15,1,EXECUTE,published_after_gate_recheck,21.312935277819633,9.555228054523468,99.93924555754771,52.842625240932556
truth,unrelated,100,16,1,EXECUTE,published_after_gate_recheck,18.525769002735615,6.22421083971858,99.93924555754771,52.842625240932556
truth,unrelated,100,17,1,EXECUTE,published_after_gate_recheck,19.192119129002094,8.090951945632696,99.93924555754771,52.842625240932556
truth,unrelated,100,18,1,EXECUTE,published_after_gate_recheck,14.933152124285698,4.450344946235418,99.93924555754771,52.842625240932556
truth,unrelated,100,19,1,EXECUTE,published_after_gate_recheck,25.42838267982006,9.817289188504219,99.93924555754771,52.842625240932556
truth,unrelated,100,20,1,EXECUTE,published_after_gate_recheck,20.40276862680912,9.004034101963043,99.93924555754771,52.842625240932556
truth,unrelated,100,21,1,EXECUTE,published_after_gate_recheck,18.903737887740135,7.943795993924141,99.93924555754771,52.842625240932556
truth,unrelated,100,22,1,EXECUTE,published_after_gate_recheck,15.891921240836382,4.250610712915659,99.93924555754771,52.842625240932556
truth,unrelated,100,23,1,EXECUTE,published_after_gate_recheck,19.084186293184757,4.1900379583239555,99.93924555754771,52.842625240932556
truth,unrelated,100,24,1,EXECUTE,published_after_gate_recheck,17.313477117568254,6.511811167001724,99.93924555754771,52.842625240932556
truth,unrelated,100,25,1,EXECUTE,published_after_gate_recheck,17.919542733579874,6.368482019752264,99.93924555754771,52.842625240932556
truth,unrelated,100,26,1,EXECUTE,published_after_gate_recheck,19.432279281318188,9.11120604723692,99.93924555754771,52.842625240932556
truth,unrelated,100,27,1,EXECUTE,published_after_gate_recheck,18.147199880331755,7.554036099463701,99.93924555754771,52.842625240932556
truth,unrelated,100,28,1,EXECUTE,published_after_gate_recheck,17.429072875529528,4.5419069938361645,99.93924555754771,52.842625240932556
truth,unrelated,100,29,1,EXECUTE,published_after_gate_recheck,18.60396610572934,4.2778016068041325,99.93924555754771,52.842625240932556
truth,unrelated,100,30,1,EXECUTE,published_after_gate_recheck,20.11545980349183,4.8811729066073895,99.93924555754771,52.842625240932556
truth,unrelated,100,31,1,EXECUTE,published_after_gate_recheck,16.350519843399525,6.240281742066145,99.93924555754771,52.842625240932556
truth,unrelated,100,32,1,EXECUTE,published_after_gate_recheck,19.609991926699877,8.4201586432755,99.93924555754771,52.842625240932556
truth,unrelated,100,33,1,EXECUTE,published_after_gate_recheck,20.981684792786837,9.87496692687273,99.93924555754771,52.842625240932556
truth,unrelated,100,34,1,EXECUTE,published_after_gate_recheck,18.629614263772964,7.07612931728363,99.93924555754771,52.842625240932556
truth,unrelated,100,35,1,EXECUTE,published_after_gate_recheck,15.48190088942647,4.959529731422663,99.93924555754771,52.842625240932556
truth,unrelated,100,36,1,EXECUTE,published_after_gate_recheck,20.7256143912673,4.941124934703112,99.93924555754771,52.842625240932556
truth,unrelated,100,37,1,EXECUTE,published_after_gate_recheck,18.82134424522519,4.5769731514155865,99.93924555754771,52.842625240932556
truth,unrelated,100,38,1,EXECUTE,published_after_gate_recheck,18.66683317348361,4.483747761696577,99.93924555754771,52.842625240932556
truth,unrelated,100,39,1,EXECUTE,published_after_gate_recheck,17.1052860096097,6.544271018356085,99.93924555754771,52.842625240932556
truth,unrelated,100,40,1,EXECUTE,published_after_gate_recheck,18.309724051505327,7.200872991234064,99.93924555754771,52.842625240932556
truth,unrelated,100,41,1,EXECUTE,published_after_gate_recheck,16.08641492202878,4.43560816347599,99.93924555754771,52.842625240932556
truth,unrelated,100,42,1,EXECUTE,published_after_gate_recheck,24.801477789878845,8.49582115188241,99.93924555754771,52.842625240932556
truth,unrelated,100,43,1,EXECUTE,published_after_gate_recheck,21.439974196255207,8.217920083552599,99.93924555754771,52.842625240932556
truth,unrelated,100,44,1,EXECUTE,published_after_gate_recheck,18.85369373485446,6.627878174185753,99.93924555754771,52.842625240932556
truth,unrelated,100,45,1,EXECUTE,published_after_gate_recheck,19.82185011729598,8.098165038973093,99.93924555754771,52.842625240932556
truth,unrelated,100,46,1,EXECUTE,published_after_gate_recheck,19.98513611033559,6.7537338472902775,99.93924555754771,52.842625240932556
truth,unrelated,100,47,1,EXECUTE,published_after_gate_recheck,19.108701962977648,6.976281758397818,99.93924555754771,52.842625240932556
truth,unrelated,100,48,1,EXECUTE,published_after_gate_recheck,19.212576560676098,8.093396667391062,99.93924555754771,52.842625240932556
truth,unrelated,100,49,1,EXECUTE,published_after_gate_recheck,20.89941082522273,10.025960858911276,99.93924555754771,52.842625240932556
truth,unrelated,100,50,1,EXECUTE,published_after_gate_recheck,18.270419910550117,7.675753906369209,99.93924555754771,52.842625240932556
truth,unrelated,100,51,1,EXECUTE,published_after_gate_recheck,20.5442039296031,9.238543920218945,99.93924555754771,52.842625240932556
truth,unrelated,100,52,1,EXECUTE,published_after_gate_recheck,19.77939996868372,7.997165899723768,99.93924555754771,52.842625240932556
truth,unrelated,100,53,1,EXECUTE,published_after_gate_recheck,15.062424819916487,4.773520864546299,99.93924555754771,52.842625240932556
truth,unrelated,100,54,1,EXECUTE,published_after_gate_recheck,16.94652810692787,5.968883167952299,99.93924555754771,52.842625240932556
truth,unrelated,100,55,1,EXECUTE,published_after_gate_recheck,19.646541215479374,8.928744122385979,99.93924555754771,52.842625240932556
truth,unrelated,100,56,1,EXECUTE,published_after_gate_recheck,18.27153330668807,8.435889147222042,99.93924555754771,52.842625240932556
truth,unrelated,100,57,1,EXECUTE,published_after_gate_recheck,15.691624023020267,5.046864040195942,99.93924555754771,52.842625240932556
truth,unrelated,100,58,1,EXECUTE,published_after_gate_recheck,19.02211969718337,4.867747891694307,99.93924555754771,52.842625240932556
truth,unrelated,100,59,1,EXECUTE,published_after_gate_recheck,19.98948398977518,4.390181973576546,99.93924555754771,52.842625240932556
truth,unrelated,100,60,1,EXECUTE,published_after_gate_recheck,20.563550759106874,4.820729605853558,99.93924555754771,52.842625240932556
truth,unrelated,100,61,1,EXECUTE,published_after_gate_recheck,26.035391725599766,9.10917203873396,99.93924555754771,52.842625240932556
truth,unrelated,100,62,1,EXECUTE,published_after_gate_recheck,19.37437104061246,7.957180961966515,99.93924555754771,52.842625240932556
truth,unrelated,100,63,1,EXECUTE,published_after_gate_recheck,18.46878184005618,6.984086241573095,99.93924555754771,52.842625240932556
truth,unrelated,100,64,1,EXECUTE,published_after_gate_recheck,15.047086868435144,4.265558905899525,99.93924555754771,52.842625240932556
truth,unrelated,100,65,1,EXECUTE,published_after_gate_recheck,22.79461408033967,7.225408684462309,99.93924555754771,52.842625240932556
truth,unrelated,100,66,1,EXECUTE,published_after_gate_recheck,23.31263618543744,8.86169821023941,99.93924555754771,52.842625240932556
truth,unrelated,100,67,1,EXECUTE,published_after_gate_recheck,18.865136429667473,8.20012716576457,99.93924555754771,52.842625240932556
truth,unrelated,100,68,1,EXECUTE,published_after_gate_recheck,14.909226913005114,4.3165553361177444,99.93924555754771,52.842625240932556
truth,unrelated,100,69,1,EXECUTE,published_after_gate_recheck,17.173613887280226,6.735650822520256,99.93924555754771,52.842625240932556
truth,unrelated,100,70,1,EXECUTE,published_after_gate_recheck,18.287532962858677,7.730805780738592,99.93924555754771,52.842625240932556
truth,unrelated,100,71,1,EXECUTE,published_after_gate_recheck,19.580677151679993,8.255420718342066,99.93924555754771,52.842625240932556
truth,unrelated,100,72,1,EXECUTE,published_after_gate_recheck,14.818718191236258,4.166603088378906,99.93924555754771,52.842625240932556
truth,unrelated,100,73,1,EXECUTE,published_after_gate_recheck,26.1497157625854,10.113835334777832,99.93924555754771,52.842625240932556
truth,unrelated,100,74,1,EXECUTE,published_after_gate_recheck,19.49596917256713,8.876095060259104,99.93924555754771,52.842625240932556
truth,unrelated,100,75,1,EXECUTE,published_after_gate_recheck,18.331685103476048,7.153553888201714,99.93924555754771,52.842625240932556
truth,unrelated,100,76,1,EXECUTE,published_after_gate_recheck,15.622545965015888,4.450896289199591,99.93924555754771,52.842625240932556
truth,unrelated,100,77,1,EXECUTE,published_after_gate_recheck,17.301584128290415,6.209543906152248,99.93924555754771,52.842625240932556
truth,unrelated,100,78,1,EXECUTE,published_after_gate_recheck,18.774586264044046,8.571613114327192,99.93924555754771,52.842625240932556
truth,unrelated,100,79,1,EXECUTE,published_after_gate_recheck,14.468241017311811,4.313357640057802,99.93924555754771,52.842625240932556
truth,unrelated,100,80,1,EXECUTE,published_after_gate_recheck,19.906900357455015,4.715863149613142,99.93924555754771,52.842625240932556
truth,unrelated,100,81,1,EXECUTE,published_after_gate_recheck,17.341187689453363,6.586221046745777,99.93924555754771,52.842625240932556
truth,unrelated,100,82,1,EXECUTE,published_after_gate_recheck,17.963415011763573,6.7171361297369,99.93924555754771,52.842625240932556
truth,unrelated,100,83,1,EXECUTE,published_after_gate_recheck,19.234128296375275,7.459407672286034,99.93924555754771,52.842625240932556
truth,unrelated,100,84,1,EXECUTE,published_after_gate_recheck,15.414124820381403,4.659066908061504,99.93924555754771,52.842625240932556
truth,unrelated,100,85,1,EXECUTE,published_after_gate_recheck,18.215738236904144,4.386685788631439,99.93924555754771,52.842625240932556
truth,unrelated,100,86,1,EXECUTE,published_after_gate_recheck,19.83826095238328,6.86590513214469,99.93924555754771,52.842625240932556
truth,unrelated,100,87,1,EXECUTE,published_after_gate_recheck,16.126390080899,5.455860868096352,99.93924555754771,52.842625240932556
truth,unrelated,100,88,1,EXECUTE,published_after_gate_recheck,20.842452999204397,8.177634794265032,99.93924555754771,52.842625240932556
truth,unrelated,100,89,1,EXECUTE,published_after_gate_recheck,20.101303700357676,8.498335722833872,99.93924555754771,52.842625240932556
truth,unrelated,100,90,1,EXECUTE,published_after_gate_recheck,18.96179700270295,7.42475176230073,99.93924555754771,52.842625240932556
truth,unrelated,100,91,1,EXECUTE,published_after_gate_recheck,20.41333867236972,9.347447659820318,99.93924555754771,52.842625240932556
truth,unrelated,100,92,1,EXECUTE,published_after_gate_recheck,20.229644142091274,8.984507992863655,99.93924555754771,52.842625240932556
truth,unrelated,100,93,1,EXECUTE,published_after_gate_recheck,15.086119994521141,4.476976115256548,99.93924555754771,52.842625240932556
truth,unrelated,100,94,1,EXECUTE,published_after_gate_recheck,19.238866865634918,4.6728732995688915,99.93924555754771,52.842625240932556
truth,unrelated,100,95,1,EXECUTE,published_after_gate_recheck,24.25191691145301,8.929755073040724,99.93924555754771,52.842625240932556
truth,unrelated,100,96,1,EXECUTE,published_after_gate_recheck,14.989507850259542,4.271459765732288,99.93924555754771,52.842625240932556
truth,unrelated,100,97,1,EXECUTE,published_after_gate_recheck,16.989158000797033,6.008876953274012,99.93924555754771,52.842625240932556
truth,unrelated,100,98,1,EXECUTE,published_after_gate_recheck,17.843551002442837,7.232070900499821,99.93924555754771,52.842625240932556
truth,unrelated,100,99,1,EXECUTE,published_after_gate_recheck,20.217210985720158,9.06857568770647,99.93924555754771,52.842625240932556
opa,unrelated,100,0,1,EXECUTE,opa_allowed_at_gate,11.538747698068619,3.1989188864827156,99.85905718084635,105.16728664303037
opa,unrelated,100,1,1,EXECUTE,opa_allowed_at_gate,10.017455089837313,3.3954670652747154,99.85905718084635,105.16728664303037
opa,unrelated,100,2,1,EXECUTE,opa_allowed_at_gate,8.63418122753501,2.7842610143125057,99.85905718084635,105.16728664303037
opa,unrelated,100,3,1,EXECUTE,opa_allowed_at_gate,9.268300142139196,3.077120054513216,99.85905718084635,105.16728664303037
opa,unrelated,100,4,1,EXECUTE,opa_allowed_at_gate,9.030414279550314,2.7062050066888332,99.85905718084635,105.16728664303037
opa,unrelated,100,5,1,EXECUTE,opa_allowed_at_gate,9.230889845639467,3.2888371497392654,99.85905718084635,105.16728664303037
opa,unrelated,100,6,1,EXECUTE,opa_allowed_at_gate,8.973988238722086,2.9454929754137993,99.85905718084635,105.16728664303037
opa,unrelated,100,7,1,EXECUTE,opa_allowed_at_gate,9.001850616186857,2.9145563021302223,99.85905718084635,105.16728664303037
opa,unrelated,100,8,1,EXECUTE,opa_allowed_at_gate,8.55964096263051,2.538450062274933,99.85905718084635,105.16728664303037
opa,unrelated,100,9,1,EXECUTE,opa_allowed_at_gate,8.612961042672396,3.186293877661228,99.85905718084635,105.16728664303037
opa,unrelated,100,10,1,EXECUTE,opa_allowed_at_gate,9.356005117297173,3.0781221576035023,99.85905718084635,105.16728664303037
opa,unrelated,100,11,1,EXECUTE,opa_allowed_at_gate,9.216662961989641,3.093430772423744,99.85905718084635,105.16728664303037
opa,unrelated,100,12,1,EXECUTE,opa_allowed_at_gate,9.197807870805264,2.919154241681099,99.85905718084635,105.16728664303037
opa,unrelated,100,13,1,EXECUTE,opa_allowed_at_gate,9.077251888811588,2.851916942745447,99.85905718084635,105.16728664303037
opa,unrelated,100,14,1,EXECUTE,opa_allowed_at_gate,8.931498043239117,2.918573096394539,99.85905718084635,105.16728664303037
opa,unrelated,100,15,1,EXECUTE,opa_allowed_at_gate,9.380499832332134,3.0805268324911594,99.85905718084635,105.16728664303037
opa,unrelated,100,16,1,EXECUTE,opa_allowed_at_gate,9.244916029274464,3.004614729434252,99.85905718084635,105.16728664303037
opa,unrelated,100,17,1,EXECUTE,opa_allowed_at_gate,9.351796004921198,3.0807070434093475,99.85905718084635,105.16728664303037
opa,unrelated,100,18,1,EXECUTE,opa_allowed_at_gate,8.37634690105915,2.6984913274645805,99.85905718084635,105.16728664303037
opa,unrelated,100,19,1,EXECUTE,opa_allowed_at_gate,9.274500887840986,3.105863928794861,99.85905718084635,105.16728664303037
opa,unrelated,100,20,1,EXECUTE,opa_allowed_at_gate,8.712357375770807,2.6093129999935627,99.85905718084635,105.16728664303037
opa,unrelated,100,21,1,EXECUTE,opa_allowed_at_gate,8.543018717318773,2.8310082852840424,99.85905718084635,105.16728664303037
opa,unrelated,100,22,1,EXECUTE,opa_allowed_at_gate,9.638745337724686,2.9958579689264297,99.85905718084635,105.16728664303037
opa,unrelated,100,23,1,EXECUTE,opa_allowed_at_gate,9.553995914757252,3.260423894971609,99.85905718084635,105.16728664303037
opa,unrelated,100,24,1,EXECUTE,opa_allowed_at_gate,10.169500019401312,2.9531079344451427,99.85905718084635,105.16728664303037
opa,unrelated,100,25,1,EXECUTE,opa_allowed_at_gate,9.217525366693735,2.9085036367177963,99.85905718084635,105.16728664303037
opa,unrelated,100,26,1,EXECUTE,opa_allowed_at_gate,10.353164281696081,3.153744153678417,99.85905718084635,105.16728664303037
opa,unrelated,100,27,1,EXECUTE,opa_allowed_at_gate,9.721880313009024,3.3147353678941727,99.85905718084635,105.16728664303037
opa,unrelated,100,28,1,EXECUTE,opa_allowed_at_gate,9.385949932038784,3.1221252866089344,99.85905718084635,105.16728664303037
opa,unrelated,100,29,1,EXECUTE,opa_allowed_at_gate,9.510363917797804,3.109560813754797,99.85905718084635,105.16728664303037
opa,unrelated,100,30,1,EXECUTE,opa_allowed_at_gate,10.153388604521751,2.854933962225914,99.85905718084635,105.16728664303037
opa,unrelated,100,31,1,EXECUTE,opa_allowed_at_gate,10.044205002486706,3.433417994529009,99.85905718084635,105.16728664303037
opa,unrelated,100,32,1,EXECUTE,opa_allowed_at_gate,9.412609972059727,3.0244612134993076,99.85905718084635,105.16728664303037
opa,unrelated,100,33,1,EXECUTE,opa_allowed_at_gate,10.77304221689701,3.1811357475817204,99.85905718084635,105.16728664303037
opa,unrelated,100,34,1,EXECUTE,opa_allowed_at_gate,9.163504000753164,2.955161966383457,99.85905718084635,105.16728664303037
opa,unrelated,100,35,1,EXECUTE,opa_allowed_at_gate,9.93343722075224,3.4071491099894047,99.85905718084635,105.16728664303037
opa,unrelated,100,36,1,EXECUTE,opa_allowed_at_gate,11.828090064227581,3.450569696724415,99.85905718084635,105.16728664303037
opa,unrelated,100,37,1,EXECUTE,opa_allowed_at_gate,11.011178139597178,3.5722986795008183,99.85905718084635,105.16728664303037
opa,unrelated,100,38,1,EXECUTE,opa_allowed_at_gate,9.66518372297287,3.1553967855870724,99.85905718084635,105.16728664303037
opa,unrelated,100,39,1,EXECUTE,opa_allowed_at_gate,9.991907048970461,3.6380821838974953,99.85905718084635,105.16728664303037
opa,unrelated,100,40,1,EXECUTE,opa_allowed_at_gate,9.14450827986002,3.116284031420946,99.85905718084635,105.16728664303037
opa,unrelated,100,41,1,EXECUTE,opa_allowed_at_gate,11.230750009417534,4.159470088779926,99.85905718084635,105.16728664303037
opa,unrelated,100,42,1,EXECUTE,opa_allowed_at_gate,9.007631335407495,2.7325339615345,99.85905718084635,105.16728664303037
opa,unrelated,100,43,1,EXECUTE,opa_allowed_at_gate,9.820655919611454,3.492428921163082,99.85905718084635,105.16728664303037
opa,unrelated,100,44,1,EXECUTE,opa_allowed_at_gate,9.612063877284527,3.409022931009531,99.85905718084635,105.16728664303037
opa,unrelated,100,45,1,EXECUTE,opa_allowed_at_gate,8.891833946108818,3.3210483379662037,99.85905718084635,105.16728664303037
opa,unrelated,100,46,1,EXECUTE,opa_allowed_at_gate,9.229847695678473,3.4365439787507057,99.85905718084635,105.16728664303037
opa,unrelated,100,47,1,EXECUTE,opa_allowed_at_gate,9.074516128748655,3.0808369629085064,99.85905718084635,105.16728664303037
opa,unrelated,100,48,1,EXECUTE,opa_allowed_at_gate,9.218886960297823,2.956332638859749,99.85905718084635,105.16728664303037
opa,unrelated,100,49,1,EXECUTE,opa_allowed_at_gate,8.329279255121946,2.7834689244627953,99.85905718084635,105.16728664303037
opa,unrelated,100,50,1,EXECUTE,opa_allowed_at_gate,9.309296030551195,3.244503866881132,99.85905718084635,105.16728664303037
opa,unrelated,100,51,1,EXECUTE,opa_allowed_at_gate,8.977544959634542,2.841609064489603,99.85905718084635,105.16728664303037
opa,unrelated,100,52,1,EXECUTE,opa_allowed_at_gate,9.579664096236229,3.059237264096737,99.85905718084635,105.16728664303037
opa,unrelated,100,53,1,EXECUTE,opa_allowed_at_gate,9.168441873043776,3.1922156922519207,99.85905718084635,105.16728664303037
opa,unrelated,100,54,1,EXECUTE,opa_allowed_at_gate,9.104202967137098,3.2825651578605175,99.85905718084635,105.16728664303037
opa,unrelated,100,55,1,EXECUTE,opa_allowed_at_gate,9.470218792557716,3.322620876133442,99.85905718084635,105.16728664303037
opa,unrelated,100,56,1,EXECUTE,opa_allowed_at_gate,8.995988871902227,2.9756901785731316,99.85905718084635,105.16728664303037
opa,unrelated,100,57,1,EXECUTE,opa_allowed_at_gate,10.0564481690526,3.7332610227167606,99.85905718084635,105.16728664303037
opa,unrelated,100,58,1,EXECUTE,opa_allowed_at_gate,9.077081922441721,3.2338742166757584,99.85905718084635,105.16728664303037
opa,unrelated,100,59,1,EXECUTE,opa_allowed_at_gate,8.892755024135113,3.0144318006932735,99.85905718084635,105.16728664303037
opa,unrelated,100,60,1,EXECUTE,opa_allowed_at_gate,8.555423002690077,3.0081612057983875,99.85905718084635,105.16728664303037
opa,unrelated,100,61,1,EXECUTE,opa_allowed_at_gate,9.338621981441975,3.111284226179123,99.85905718084635,105.16728664303037
opa,unrelated,100,62,1,EXECUTE,opa_allowed_at_gate,10.854414198547602,3.4941118210554123,99.85905718084635,105.16728664303037
opa,unrelated,100,63,1,EXECUTE,opa_allowed_at_gate,9.371063206344843,3.0118380673229694,99.85905718084635,105.16728664303037
opa,unrelated,100,64,1,EXECUTE,opa_allowed_at_gate,9.482982102781534,3.2334933057427406,99.85905718084635,105.16728664303037
opa,unrelated,100,65,1,EXECUTE,opa_allowed_at_gate,10.06542518734932,3.5313721746206284,99.85905718084635,105.16728664303037
opa,unrelated,100,66,1,EXECUTE,opa_allowed_at_gate,10.253917891532183,3.1637228094041348,99.85905718084635,105.16728664303037
opa,unrelated,100,67,1,EXECUTE,opa_allowed_at_gate,9.320238139480352,2.867175731807947,99.85905718084635,105.16728664303037
opa,unrelated,100,68,1,EXECUTE,opa_allowed_at_gate,10.25797612965107,3.0332370661199093,99.85905718084635,105.16728664303037
opa,unrelated,100,69,1,EXECUTE,opa_allowed_at_gate,10.657315142452717,3.2887370325624943,99.85905718084635,105.16728664303037
opa,unrelated,100,70,1,EXECUTE,opa_allowed_at_gate,9.132175240665674,2.9930220916867256,99.85905718084635,105.16728664303037
opa,unrelated,100,71,1,EXECUTE,opa_allowed_at_gate,8.77521513029933,3.2015740871429443,99.85905718084635,105.16728664303037
opa,unrelated,100,72,1,EXECUTE,opa_allowed_at_gate,9.218727238476276,2.8875754214823246,99.85905718084635,105.16728664303037
opa,unrelated,100,73,1,EXECUTE,opa_allowed_at_gate,8.814708795398474,2.765276003628969,99.85905718084635,105.16728664303037
opa,unrelated,100,74,1,EXECUTE,opa_allowed_at_gate,9.086329024285078,2.9061799868941307,99.85905718084635,105.16728664303037
opa,unrelated,100,75,1,EXECUTE,opa_allowed_at_gate,9.378747083246708,3.1565488316118717,99.85905718084635,105.16728664303037
opa,unrelated,100,76,1,EXECUTE,opa_allowed_at_gate,9.226340800523758,3.117847256362438,99.85905718084635,105.16728664303037
opa,unrelated,100,77,1,EXECUTE,opa_allowed_at_gate,9.25131794065237,3.376591019332409,99.85905718084635,105.16728664303037
opa,unrelated,100,78,1,EXECUTE,opa_allowed_at_gate,9.468314703553915,3.6426507867872715,99.85905718084635,105.16728664303037
opa,unrelated,100,79,1,EXECUTE,opa_allowed_at_gate,10.306647047400475,4.477817099541426,99.85905718084635,105.16728664303037
opa,unrelated,100,80,1,EXECUTE,opa_allowed_at_gate,9.691272862255573,3.4237410873174667,99.85905718084635,105.16728664303037
opa,unrelated,100,81,1,EXECUTE,opa_allowed_at_gate,9.627534076571465,3.691591788083315,99.85905718084635,105.16728664303037
opa,unrelated,100,82,1,EXECUTE,opa_allowed_at_gate,9.350183885544538,3.405426163226366,99.85905718084635,105.16728664303037
opa,unrelated,100,83,1,EXECUTE,opa_allowed_at_gate,8.92007676884532,2.8417189605534077,99.85905718084635,105.16728664303037
opa,unrelated,100,84,1,EXECUTE,opa_allowed_at_gate,9.3569359742105,3.1200298108160496,99.85905718084635,105.16728664303037
opa,unrelated,100,85,1,EXECUTE,opa_allowed_at_gate,9.045641869306564,2.837661188095808,99.85905718084635,105.16728664303037
opa,unrelated,100,86,1,EXECUTE,opa_allowed_at_gate,8.966903667896986,2.9436200857162476,99.85905718084635,105.16728664303037
opa,unrelated,100,87,1,EXECUTE,opa_allowed_at_gate,10.118493810296059,3.7344726733863354,99.85905718084635,105.16728664303037
opa,unrelated,100,88,1,EXECUTE,opa_allowed_at_gate,9.7001101821661,3.2219416461884975,99.85905718084635,105.16728664303037
opa,unrelated,100,89,1,EXECUTE,opa_allowed_at_gate,9.31449607014656,3.0791638419032097,99.85905718084635,105.16728664303037
opa,unrelated,100,90,1,EXECUTE,opa_allowed_at_gate,9.633464738726616,3.215540200471878,99.85905718084635,105.16728664303037
opa,unrelated,100,91,1,EXECUTE,opa_allowed_at_gate,9.31431632488966,3.144857008010149,99.85905718084635,105.16728664303037
opa,unrelated,100,92,1,EXECUTE,opa_allowed_at_gate,8.830259088426828,2.9292632825672626,99.85905718084635,105.16728664303037
opa,unrelated,100,93,1,EXECUTE,opa_allowed_at_gate,9.116665925830603,2.711234148591757,99.85905718084635,105.16728664303037
opa,unrelated,100,94,1,EXECUTE,opa_allowed_at_gate,9.29039204493165,3.203446976840496,99.85905718084635,105.16728664303037
opa,unrelated,100,95,1,EXECUTE,opa_allowed_at_gate,9.506065864115953,3.3241640776395798,99.85905718084635,105.16728664303037
opa,unrelated,100,96,1,EXECUTE,opa_allowed_at_gate,9.667748585343361,3.2144878059625626,99.85905718084635,105.16728664303037
opa,unrelated,100,97,1,EXECUTE,opa_allowed_at_gate,8.610476739704609,3.350533079355955,99.85905718084635,105.16728664303037
opa,unrelated,100,98,1,EXECUTE,opa_allowed_at_gate,9.332349989563227,3.1584417447447777,99.85905718084635,105.16728664303037
opa,unrelated,100,99,1,EXECUTE,opa_allowed_at_gate,9.394756983965635,3.0173887498676777,99.85905718084635,105.16728664303037
opa_readset,unrelated,100,0,1,EXECUTE,opa_allowed_at_gate,11.784467846155167,3.5864049568772316,99.87276652341723,105.33412282811929
opa_readset,unrelated,100,1,1,EXECUTE,opa_allowed_at_gate,9.962611831724644,3.486989066004753,99.87276652341723,105.33412282811929
opa_readset,unrelated,100,2,1,EXECUTE,opa_allowed_at_gate,9.561891201883554,2.941395156085491,99.87276652341723,105.33412282811929
opa_readset,unrelated,100,3,1,EXECUTE,opa_allowed_at_gate,9.089674800634384,3.261607140302658,99.87276652341723,105.33412282811929
opa_readset,unrelated,100,4,1,EXECUTE,opa_allowed_at_gate,9.322641883045435,3.430894110351801,99.87276652341723,105.33412282811929
opa_readset,unrelated,100,5,1,EXECUTE,opa_allowed_at_gate,9.3148872256279,3.1319730915129185,99.87276652341723,105.33412282811929
opa_readset,unrelated,100,6,1,EXECUTE,opa_allowed_at_gate,10.737805627286434,3.900795243680477,99.87276652341723,105.33412282811929
opa_readset,unrelated,100,7,1,EXECUTE,opa_allowed_at_gate,10.274777188897133,3.6575892008841038,99.87276652341723,105.33412282811929
opa_readset,unrelated,100,8,1,EXECUTE,opa_allowed_at_gate,10.179128032177687,3.536361735314131,99.87276652341723,105.33412282811929
opa_readset,unrelated,100,9,1,EXECUTE,opa_allowed_at_gate,9.332891087979078,2.9041562229394913,99.87276652341723,105.33412282811929
opa_readset,unrelated,100,10,1,EXECUTE,opa_allowed_at_gate,8.996791206300259,3.0273068696260452,99.87276652341723,105.33412282811929
opa_readset,unrelated,100,11,1,EXECUTE,opa_allowed_at_gate,9.011718910187483,3.1596249900758266,99.87276652341723,105.33412282811929
opa_readset,unrelated,100,12,1,EXECUTE,opa_allowed_at_gate,8.947869297116995,2.89657199755311,99.87276652341723,105.33412282811929
opa_readset,unrelated,100,13,1,EXECUTE,opa_allowed_at_gate,8.543891832232475,3.1618792563676834,99.87276652341723,105.33412282811929
opa_readset,unrelated,100,14,1,EXECUTE,opa_allowed_at_gate,9.102168027311563,2.7152709662914276,99.87276652341723,105.33412282811929
opa_readset,unrelated,100,15,1,EXECUTE,opa_allowed_at_gate,8.621837012469769,2.688000909984112,99.87276652341723,105.33412282811929
opa_readset,unrelated,100,16,1,EXECUTE,opa_allowed_at_gate,9.626421146094799,3.10698663815856,99.87276652341723,105.33412282811929
opa_readset,unrelated,100,17,1,EXECUTE,opa_allowed_at_gate,8.930956944823265,2.9793973080813885,99.87276652341723,105.33412282811929
opa_readset,unrelated,100,18,1,EXECUTE,opa_allowed_at_gate,9.42371180281043,3.1510386615991592,99.87276652341723,105.33412282811929
opa_readset,unrelated,100,19,1,EXECUTE,opa_allowed_at_gate,9.153154212981462,3.237550612539053,99.87276652341723,105.33412282811929
opa_readset,unrelated,100,20,1,EXECUTE,opa_allowed_at_gate,9.23538813367486,3.110491670668125,99.87276652341723,105.33412282811929
opa_readset,unrelated,100,21,1,EXECUTE,opa_allowed_at_gate,10.285608004778624,3.9809849113225937,99.87276652341723,105.33412282811929
opa_readset,unrelated,100,22,1,EXECUTE,opa_allowed_at_gate,10.360969230532646,3.5587730817496777,99.87276652341723,105.33412282811929
opa_readset,unrelated,100,23,1,EXECUTE,opa_allowed_at_gate,9.108900558203459,3.0500898137688637,99.87276652341723,105.33412282811929
opa_readset,unrelated,100,24,1,EXECUTE,opa_allowed_at_gate,9.322361089289188,2.849502954632044,99.87276652341723,105.33412282811929
opa_readset,unrelated,100,25,1,EXECUTE,opa_allowed_at_gate,9.081159252673388,3.4768986515700817,99.87276652341723,105.33412282811929
opa_readset,unrelated,100,26,1,EXECUTE,opa_allowed_at_gate,10.74975822120905,2.80812568962574,99.87276652341723,105.33412282811929
opa_readset,unrelated,100,27,1,EXECUTE,opa_allowed_at_gate,9.866963140666485,3.2436130568385124,99.87276652341723,105.33412282811929
opa_readset,unrelated,100,28,1,EXECUTE,opa_allowed_at_gate,10.518684051930904,3.8911374285817146,99.87276652341723,105.33412282811929
opa_readset,unrelated,100,29,1,EXECUTE,opa_allowed_at_gate,9.079546201974154,3.3611017279326916,99.87276652341723,105.33412282811929
opa_readset,unrelated,100,30,1,EXECUTE,opa_allowed_at_gate,8.960662875324488,2.969007007777691,99.87276652341723,105.33412282811929
opa_readset,unrelated,100,31,1,EXECUTE,opa_allowed_at_gate,8.783731143921614,2.967654727399349,99.87276652341723,105.33412282811929
opa_readset,unrelated,100,32,1,EXECUTE,opa_allowed_at_gate,9.267678018659353,3.046262077987194,99.87276652341723,105.33412282811929
opa_readset,unrelated,100,33,1,EXECUTE,opa_allowed_at_gate,9.779828134924173,3.0694063752889633,99.87276652341723,105.33412282811929
opa_readset,unrelated,100,34,1,EXECUTE,opa_allowed_at_gate,9.045923128724098,2.995045855641365,99.87276652341723,105.33412282811929
opa_readset,unrelated,100,35,1,EXECUTE,opa_allowed_at_gate,9.595313109457493,2.8679179958999157,99.87276652341723,105.33412282811929
opa_readset,unrelated,100,36,1,EXECUTE,opa_allowed_at_gate,9.16814198717475,3.0661690980196,99.87276652341723,105.33412282811929
opa_readset,unrelated,100,37,1,EXECUTE,opa_allowed_at_gate,8.938692044466734,3.3583478070795536,99.87276652341723,105.33412282811929
opa_readset,unrelated,100,38,1,EXECUTE,opa_allowed_at_gate,9.075057227164507,3.154344856739044,99.87276652341723,105.33412282811929
opa_readset,unrelated,100,39,1,EXECUTE,opa_allowed_at_gate,9.442676790058613,3.3964491449296474,99.87276652341723,105.33412282811929
opa_readset,unrelated,100,40,1,EXECUTE,opa_allowed_at_gate,9.866030886769295,3.438749350607395,99.87276652341723,105.33412282811929
opa_readset,unrelated,100,41,1,EXECUTE,opa_allowed_at_gate,8.704181760549545,3.1263018026947975,99.87276652341723,105.33412282811929
opa_readset,unrelated,100,42,1,EXECUTE,opa_allowed_at_gate,8.57338635250926,2.70483223721385,99.87276652341723,105.33412282811929
opa_readset,unrelated,100,43,1,EXECUTE,opa_allowed_at_gate,11.677356902509928,3.475307021290064,99.87276652341723,105.33412282811929
opa_readset,unrelated,100,44,1,EXECUTE,opa_allowed_at_gate,9.737178683280945,3.567309118807316,99.87276652341723,105.33412282811929
opa_readset,unrelated,100,45,1,EXECUTE,opa_allowed_at_gate,9.349741972982883,3.0701267533004284,99.87276652341723,105.33412282811929
opa_readset,unrelated,100,46,1,EXECUTE,opa_allowed_at_gate,9.593680035322905,3.1928271055221558,99.87276652341723,105.33412282811929
opa_readset,unrelated,100,47,1,EXECUTE,opa_allowed_at_gate,10.00286778435111,3.3106282353401184,99.87276652341723,105.33412282811929
opa_readset,unrelated,100,48,1,EXECUTE,opa_allowed_at_gate,9.027969092130661,2.804107964038849,99.87276652341723,105.33412282811929
opa_readset,unrelated,100,49,1,EXECUTE,opa_allowed_at_gate,9.451753925532103,3.174462355673313,99.87276652341723,105.33412282811929
opa_readset,unrelated,100,50,1,EXECUTE,opa_allowed_at_gate,8.779183030128479,3.005476202815771,99.87276652341723,105.33412282811929
opa_readset,unrelated,100,51,1,EXECUTE,opa_allowed_at_gate,9.828309994190931,3.3898958936333656,99.87276652341723,105.33412282811929
opa_readset,unrelated,100,52,1,EXECUTE,opa_allowed_at_gate,8.829568047076464,2.9246751219034195,99.87276652341723,105.33412282811929
opa_readset,unrelated,100,53,1,EXECUTE,opa_allowed_at_gate,9.443848859518766,3.0401907861232758,99.87276652341723,105.33412282811929
opa_readset,unrelated,100,54,1,EXECUTE,opa_allowed_at_gate,9.54925687983632,3.0215359292924404,99.87276652341723,105.33412282811929
opa_readset,unrelated,100,55,1,EXECUTE,opa_allowed_at_gate,8.907814044505358,3.0101053416728973,99.87276652341723,105.33412282811929
opa_readset,unrelated,100,56,1,EXECUTE,opa_allowed_at_gate,10.021371766924858,3.3750091679394245,99.87276652341723,105.33412282811929
opa_readset,unrelated,100,57,1,EXECUTE,opa_allowed_at_gate,9.394817054271698,3.1829080544412136,99.87276652341723,105.33412282811929
opa_readset,unrelated,100,58,1,EXECUTE,opa_allowed_at_gate,8.716274984180927,3.080367110669613,99.87276652341723,105.33412282811929
opa_readset,unrelated,100,59,1,EXECUTE,opa_allowed_at_gate,8.811153005808592,2.787116914987564,99.87276652341723,105.33412282811929
opa_readset,unrelated,100,60,1,EXECUTE,opa_allowed_at_gate,9.411368053406477,3.177488222718239,99.87276652341723,105.33412282811929
opa_readset,unrelated,100,61,1,EXECUTE,opa_allowed_at_gate,9.270764421671629,3.070387989282608,99.87276652341723,105.33412282811929
opa_readset,unrelated,100,62,1,EXECUTE,opa_allowed_at_gate,9.422327857464552,2.9861596412956715,99.87276652341723,105.33412282811929
opa_readset,unrelated,100,63,1,EXECUTE,opa_allowed_at_gate,9.19585395604372,3.073333762586117,99.87276652341723,105.33412282811929
opa_readset,unrelated,100,64,1,EXECUTE,opa_allowed_at_gate,9.401129093021154,3.169743809849024,99.87276652341723,105.33412282811929
opa_readset,unrelated,100,65,1,EXECUTE,opa_allowed_at_gate,8.99427616968751,3.120602108538151,99.87276652341723,105.33412282811929
opa_readset,unrelated,100,66,1,EXECUTE,opa_allowed_at_gate,10.115507990121841,3.3489689230918884,99.87276652341723,105.33412282811929
opa_readset,unrelated,100,67,1,EXECUTE,opa_allowed_at_gate,9.356664959341288,3.29309469088912,99.87276652341723,105.33412282811929
opa_readset,unrelated,100,68,1,EXECUTE,opa_allowed_at_gate,9.26120625808835,2.94948136433959,99.87276652341723,105.33412282811929
opa_readset,unrelated,100,69,1,EXECUTE,opa_allowed_at_gate,8.230945095419884,2.6695160195231438,99.87276652341723,105.33412282811929
opa_readset,unrelated,100,70,1,EXECUTE,opa_allowed_at_gate,9.184131864458323,3.218855708837509,99.87276652341723,105.33412282811929
opa_readset,unrelated,100,71,1,EXECUTE,opa_allowed_at_gate,9.23575833439827,3.2105296850204468,99.87276652341723,105.33412282811929
opa_readset,unrelated,100,72,1,EXECUTE,opa_allowed_at_gate,9.492109064012766,3.4766588360071182,99.87276652341723,105.33412282811929
opa_readset,unrelated,100,73,1,EXECUTE,opa_allowed_at_gate,9.271455928683281,3.3356850035488605,99.87276652341723,105.33412282811929
opa_readset,unrelated,100,74,1,EXECUTE,opa_allowed_at_gate,9.171849116683006,3.1197601929306984,99.87276652341723,105.33412282811929
opa_readset,unrelated,100,75,1,EXECUTE,opa_allowed_at_gate,8.802146185189486,3.2001808285713196,99.87276652341723,105.33412282811929
opa_readset,unrelated,100,76,1,EXECUTE,opa_allowed_at_gate,9.41076735034585,3.3470969647169113,99.87276652341723,105.33412282811929
opa_readset,unrelated,100,77,1,EXECUTE,opa_allowed_at_gate,9.297573938965797,3.2336036674678326,99.87276652341723,105.33412282811929
opa_readset,unrelated,100,78,1,EXECUTE,opa_allowed_at_gate,9.055320173501968,3.0665709637105465,99.87276652341723,105.33412282811929
opa_readset,unrelated,100,79,1,EXECUTE,opa_allowed_at_gate,9.115102235227823,2.8118728660047054,99.87276652341723,105.33412282811929
opa_readset,unrelated,100,80,1,EXECUTE,opa_allowed_at_gate,9.63260279968381,3.261926118284464,99.87276652341723,105.33412282811929
opa_readset,unrelated,100,81,1,EXECUTE,opa_allowed_at_gate,9.033869951963425,3.152230754494667,99.87276652341723,105.33412282811929
opa_readset,unrelated,100,82,1,EXECUTE,opa_allowed_at_gate,9.320798330008984,3.098900895565748,99.87276652341723,105.33412282811929
opa_readset,unrelated,100,83,1,EXECUTE,opa_allowed_at_gate,9.8177301697433,3.2110121101140976,99.87276652341723,105.33412282811929
opa_readset,unrelated,100,84,1,EXECUTE,opa_allowed_at_gate,9.544367901980877,3.2357480376958847,99.87276652341723,105.33412282811929
opa_readset,unrelated,100,85,1,EXECUTE,opa_allowed_at_gate,9.479925967752934,3.0872290953993797,99.87276652341723,105.33412282811929
opa_readset,unrelated,100,86,1,EXECUTE,opa_allowed_at_gate,10.016772896051407,3.017398063093424,99.87276652341723,105.33412282811929
opa_readset,unrelated,100,87,1,EXECUTE,opa_allowed_at_gate,8.98360600695014,3.2158298417925835,99.87276652341723,105.33412282811929
opa_readset,unrelated,100,88,1,EXECUTE,opa_allowed_at_gate,10.032733902335167,3.4663700498640537,99.87276652341723,105.33412282811929
opa_readset,unrelated,100,89,1,EXECUTE,opa_allowed_at_gate,11.412560008466244,3.3889845944941044,99.87276652341723,105.33412282811929
opa_readset,unrelated,100,90,1,EXECUTE,opa_allowed_at_gate,11.332591064274311,3.2687601633369923,99.87276652341723,105.33412282811929
opa_readset,unrelated,100,91,1,EXECUTE,opa_allowed_at_gate,9.100736118853092,2.854262012988329,99.87276652341723,105.33412282811929
opa_readset,unrelated,100,92,1,EXECUTE,opa_allowed_at_gate,9.465579874813557,3.184502013027668,99.87276652341723,105.33412282811929
opa_readset,unrelated,100,93,1,EXECUTE,opa_allowed_at_gate,8.763994090259075,2.746820915490389,99.87276652341723,105.33412282811929
opa_readset,unrelated,100,94,1,EXECUTE,opa_allowed_at_gate,9.469427168369293,3.455079160630703,99.87276652341723,105.33412282811929
opa_readset,unrelated,100,95,1,EXECUTE,opa_allowed_at_gate,9.117938112467527,2.893927041441202,99.87276652341723,105.33412282811929
opa_readset,unrelated,100,96,1,EXECUTE,opa_allowed_at_gate,8.864954113960266,3.1966641545295715,99.87276652341723,105.33412282811929
opa_readset,unrelated,100,97,1,EXECUTE,opa_allowed_at_gate,9.003113023936749,3.1418120488524437,99.87276652341723,105.33412282811929
opa_readset,unrelated,100,98,1,EXECUTE,opa_allowed_at_gate,9.03738709166646,3.3225412480533123,99.87276652341723,105.33412282811929
opa_readset,unrelated,100,99,1,EXECUTE,opa_allowed_at_gate,9.425734635442495,3.1431643292307854,99.87276652341723,105.33412282811929
global,related_same,100,0,1,EXECUTE,published_after_gate_recheck,18.524026963859797,4.773661959916353,99.7934206314952,18.48749041645535
global,related_same,100,1,1,EXECUTE,published_after_gate_recheck,19.432430155575275,4.361327737569809,99.7934206314952,18.48749041645535
global,related_same,100,2,1,EXECUTE,published_after_gate_recheck,18.590230960398912,4.385012201964855,99.7934206314952,18.48749041645535
global,related_same,100,3,0,REVOKE,context_version_changed_at_publish,17.771765124052763,6.284323986619711,99.7934206314952,18.48749041645535
global,related_same,100,4,0,REVOKE,context_version_changed_at_publish,18.148642033338547,7.202126085758209,99.7934206314952,18.48749041645535
global,related_same,100,5,1,EXECUTE,published_after_gate_recheck,15.243955422192812,4.523161798715591,99.7934206314952,18.48749041645535
global,related_same,100,6,0,REVOKE,context_version_changed_at_publish,24.1568093188107,8.6989919655025,99.7934206314952,18.48749041645535
global,related_same,100,7,1,EXECUTE,published_after_gate_recheck,15.61018219217658,4.5781549997627735,99.7934206314952,18.48749041645535
global,related_same,100,8,1,EXECUTE,published_after_gate_recheck,19.234667997807264,4.305122885853052,99.7934206314952,18.48749041645535
global,related_same,100,9,0,REVOKE,context_version_changed_at_publish,17.569466028362513,6.047050002962351,99.7934206314952,18.48749041645535
global,related_same,100,10,0,REVOKE,context_version_changed_at_publish,18.416975159198046,7.5189098715782166,99.7934206314952,18.48749041645535
global,related_same,100,11,0,REVOKE,context_version_changed_at_publish,20.028987899422646,9.174253791570663,99.7934206314952,18.48749041645535
global,related_same,100,12,1,EXECUTE,published_after_gate_recheck,14.76792199537158,4.197009839117527,99.7934206314952,18.48749041645535
global,related_same,100,13,1,EXECUTE,published_after_gate_recheck,16.52126992121339,3.856161143630743,99.7934206314952,18.48749041645535
global,related_same,100,14,0,REVOKE,context_version_changed_at_publish,18.733839970082045,7.09373177960515,99.7934206314952,18.48749041645535
global,related_same,100,15,0,REVOKE,context_version_changed_at_publish,18.461708910763264,7.262207567691803,99.7934206314952,18.48749041645535
global,related_same,100,16,1,EXECUTE,published_after_gate_recheck,15.322832856327295,4.571653436869383,99.7934206314952,18.48749041645535
global,related_same,100,17,0,REVOKE,context_version_changed_at_publish,22.99022115767002,10.247846134006977,99.7934206314952,18.48749041645535
global,related_same,100,18,0,REVOKE,context_version_changed_at_publish,19.003945868462324,6.934212986379862,99.7934206314952,18.48749041645535
global,related_same,100,19,0,REVOKE,context_version_changed_at_publish,25.188312865793705,7.907798048108816,99.7934206314952,18.48749041645535
global,related_same,100,20,0,REVOKE,context_version_changed_at_publish,18.871458247303963,6.663375999778509,99.7934206314952,18.48749041645535
global,related_same,100,21,0,REVOKE,context_version_changed_at_publish,18.371871206909418,7.951481267809868,99.7934206314952,18.48749041645535
global,related_same,100,22,1,EXECUTE,published_after_gate_recheck,15.036486089229584,4.435808397829533,99.7934206314952,18.48749041645535
global,related_same,100,23,0,REVOKE,context_version_changed_at_publish,16.72041416168213,6.277951877564192,99.7934206314952,18.48749041645535
global,related_same,100,24,0,REVOKE,context_version_changed_at_publish,19.736609887331724,8.274807129055262,99.7934206314952,18.48749041645535
global,related_same,100,25,0,REVOKE,context_version_changed_at_publish,19.041345920413733,7.57588678970933,99.7934206314952,18.48749041645535
global,related_same,100,26,0,REVOKE,context_version_changed_at_publish,19.50169913470745,8.280467242002487,99.7934206314952,18.48749041645535
global,related_same,100,27,1,EXECUTE,published_after_gate_recheck,15.73804160580039,4.618570674210787,99.7934206314952,18.48749041645535
global,related_same,100,28,1,EXECUTE,published_after_gate_recheck,18.437182996422052,4.308097995817661,99.7934206314952,18.48749041645535
global,related_same,100,29,0,REVOKE,context_version_changed_at_publish,16.649871598929167,5.799945909529924,99.7934206314952,18.48749041645535
global,related_same,100,30,0,REVOKE,context_version_changed_at_publish,18.973467871546745,7.8804767690598965,99.7934206314952,18.48749041645535
global,related_same,100,31,0,REVOKE,context_version_changed_at_publish,20.915640983730555,9.337479714304209,99.7934206314952,18.48749041645535
global,related_same,100,32,0,REVOKE,context_version_changed_at_publish,19.24442732706666,8.54778802022338,99.7934206314952,18.48749041645535
global,related_same,100,33,0,REVOKE,context_version_changed_at_publish,20.4613390378654,9.26664611324668,99.7934206314952,18.48749041645535
global,related_same,100,34,0,REVOKE,context_version_changed_at_publish,17.71052973344922,6.052039097994566,99.7934206314952,18.48749041645535
global,related_same,100,35,0,REVOKE,context_version_changed_at_publish,20.870747044682503,7.878364063799381,99.7934206314952,18.48749041645535
global,related_same,100,36,0,REVOKE,context_version_changed_at_publish,21.083134692162275,9.753730148077011,99.7934206314952,18.48749041645535
global,related_same,100,37,0,REVOKE,context_version_changed_at_publish,19.15328623726964,8.347934111952782,99.7934206314952,18.48749041645535
global,related_same,100,38,0,REVOKE,context_version_changed_at_publish,19.73131997510791,8.409489877521992,99.7934206314952,18.48749041645535
global,related_same,100,39,1,EXECUTE,published_after_gate_recheck,15.328514389693737,4.355126991868019,99.7934206314952,18.48749041645535
global,related_same,100,40,1,EXECUTE,published_after_gate_recheck,19.78963939473033,4.6065677888691425,99.7934206314952,18.48749041645535
global,related_same,100,41,1,EXECUTE,published_after_gate_recheck,19.172261003404856,4.179056733846664,99.7934206314952,18.48749041645535
global,related_same,100,42,0,REVOKE,context_version_changed_at_publish,17.599071841686964,6.542588584125042,99.7934206314952,18.48749041645535
global,related_same,100,43,0,REVOKE,context_version_changed_at_publish,18.43837508931756,8.348796050995588,99.7934206314952,18.48749041645535
global,related_same,100,44,0,REVOKE,context_version_changed_at_publish,19.957023207098246,8.25877720490098,99.7934206314952,18.48749041645535
global,related_same,100,45,1,EXECUTE,published_after_gate_recheck,14.302308671176434,4.277119878679514,99.7934206314952,18.48749041645535
global,related_same,100,46,0,REVOKE,context_version_changed_at_publish,16.926780808717012,6.3801538199186325,99.7934206314952,18.48749041645535
global,related_same,100,47,0,REVOKE,context_version_changed_at_publish,19.38997022807598,7.187358103692532,99.7934206314952,18.48749041645535
global,related_same,100,48,0,REVOKE,context_version_changed_at_publish,19.068796653300524,8.361099287867546,99.7934206314952,18.48749041645535
global,related_same,100,49,0,REVOKE,context_version_changed_at_publish,19.10729007795453,7.278308272361755,99.7934206314952,18.48749041645535
global,related_same,100,50,0,REVOKE,context_version_changed_at_publish,19.707085099071264,7.777293678373098,99.7934206314952,18.48749041645535
global,related_same,100,51,0,REVOKE,context_version_changed_at_publish,21.222636103630066,8.719932287931442,99.7934206314952,18.48749041645535
global,related_same,100,52,0,REVOKE,context_version_changed_at_publish,20.412486977875233,9.877461940050125,99.7934206314952,18.48749041645535
global,related_same,100,53,0,REVOKE,context_version_changed_at_publish,20.11515013873577,8.41211387887597,99.7934206314952,18.48749041645535
global,related_same,100,54,0,REVOKE,context_version_changed_at_publish,17.963525839149952,7.0571438409388065,99.7934206314952,18.48749041645535
global,related_same,100,55,0,REVOKE,context_version_changed_at_publish,20.597244147211313,7.582508958876133,99.7934206314952,18.48749041645535
global,related_same,100,56,0,REVOKE,context_version_changed_at_publish,20.87654685601592,8.447189815342426,99.7934206314952,18.48749041645535
global,related_same,100,57,0,REVOKE,context_version_changed_at_publish,17.95958774164319,6.33177300915122,99.7934206314952,18.48749041645535
global,related_same,100,58,1,EXECUTE,published_after_gate_recheck,16.412936616688967,4.378230310976505,99.7934206314952,18.48749041645535
global,related_same,100,59,0,REVOKE,context_version_changed_at_publish,24.24421301111579,9.32487566024065,99.7934206314952,18.48749041645535
global,related_same,100,60,1,EXECUTE,published_after_gate_recheck,15.22370707243681,4.4981748796999454,99.7934206314952,18.48749041645535
global,related_same,100,61,1,EXECUTE,published_after_gate_recheck,19.573773723095655,4.3403590098023415,99.7934206314952,18.48749041645535
global,related_same,100,62,1,EXECUTE,published_after_gate_recheck,20.05657972767949,4.399769939482212,99.7934206314952,18.48749041645535
global,related_same,100,63,0,REVOKE,context_version_changed_at_publish,16.95997267961502,6.144351791590452,99.7934206314952,18.48749041645535
global,related_same,100,64,0,REVOKE,context_version_changed_at_publish,18.322709016501904,8.118493016809225,99.7934206314952,18.48749041645535
global,related_same,100,65,0,REVOKE,context_version_changed_at_publish,20.767463371157646,9.408652782440186,99.7934206314952,18.48749041645535
global,related_same,100,66,0,REVOKE,context_version_changed_at_publish,18.896314781159163,8.645132184028625,99.7934206314952,18.48749041645535
global,related_same,100,67,1,EXECUTE,published_after_gate_recheck,15.227703843265772,4.454312846064568,99.7934206314952,18.48749041645535
global,related_same,100,68,1,EXECUTE,published_after_gate_recheck,19.253904931247234,4.395502619445324,99.7934206314952,18.48749041645535
global,related_same,100,69,1,EXECUTE,published_after_gate_recheck,20.703503862023354,4.71479119732976,99.7934206314952,18.48749041645535
global,related_same,100,70,1,EXECUTE,published_after_gate_recheck,18.300756812095642,4.432711750268936,99.7934206314952,18.48749041645535
global,related_same,100,71,0,REVOKE,context_version_changed_at_publish,16.3066778331995,5.828049033880234,99.7934206314952,18.48749041645535
global,related_same,100,72,0,REVOKE,context_version_changed_at_publish,19.624840933829546,8.507844060659409,99.7934206314952,18.48749041645535
global,related_same,100,73,1,EXECUTE,published_after_gate_recheck,15.54829627275467,4.572493955492973,99.7934206314952,18.48749041645535
global,related_same,100,74,1,EXECUTE,published_after_gate_recheck,19.495257642120123,4.6631651930511,99.7934206314952,18.48749041645535
global,related_same,100,75,1,EXECUTE,published_after_gate_recheck,18.788952846080065,4.31095389649272,99.7934206314952,18.48749041645535
global,related_same,100,76,0,REVOKE,context_version_changed_at_publish,17.75934174656868,6.267663091421127,99.7934206314952,18.48749041645535
global,related_same,100,77,0,REVOKE,context_version_changed_at_publish,18.316798377782106,8.056777995079756,99.7934206314952,18.48749041645535
global,related_same,100,78,0,REVOKE,context_version_changed_at_publish,20.39206912741065,7.807319983839989,99.7934206314952,18.48749041645535
global,related_same,100,79,0,REVOKE,context_version_changed_at_publish,20.9609461016953,9.108230005949736,99.7934206314952,18.48749041645535
global,related_same,100,80,0,REVOKE,context_version_changed_at_publish,18.23639590293169,7.636639755219221,99.7934206314952,18.48749041645535
global,related_same,100,81,0,REVOKE,context_version_changed_at_publish,18.29690020531416,7.468333933502436,99.7934206314952,18.48749041645535
global,related_same,100,82,1,EXECUTE,published_after_gate_recheck,16.987144015729427,4.55148471519351,99.7934206314952,18.48749041645535
global,related_same,100,83,1,EXECUTE,published_after_gate_recheck,20.206931978464127,4.829254932701588,99.7934206314952,18.48749041645535
global,related_same,100,84,1,EXECUTE,published_after_gate_recheck,19.979354925453663,4.667782690376043,99.7934206314952,18.48749041645535
global,related_same,100,85,0,REVOKE,context_version_changed_at_publish,24.907316081225872,9.177038911730051,99.7934206314952,18.48749041645535
global,related_same,100,86,1,EXECUTE,published_after_gate_recheck,15.759703237563372,4.607389681041241,99.7934206314952,18.48749041645535
global,related_same,100,87,0,REVOKE,context_version_changed_at_publish,25.416791904717684,10.20087767392397,99.7934206314952,18.48749041645535
global,related_same,100,88,0,REVOKE,context_version_changed_at_publish,20.38923418149352,8.982995059341192,99.7934206314952,18.48749041645535
global,related_same,100,89,0,REVOKE,context_version_changed_at_publish,18.666863907128572,6.877938285470009,99.7934206314952,18.48749041645535
global,related_same,100,90,0,REVOKE,context_version_changed_at_publish,19.94186406955123,9.082601871341467,99.7934206314952,18.48749041645535
global,related_same,100,91,0,REVOKE,context_version_changed_at_publish,19.259746186435223,8.5781360976398,99.7934206314952,18.48749041645535
global,related_same,100,92,0,REVOKE,context_version_changed_at_publish,20.927843637764454,10.07491210475564,99.7934206314952,18.48749041645535
global,related_same,100,93,0,REVOKE,context_version_changed_at_publish,18.74665403738618,7.649734616279602,99.7934206314952,18.48749041645535
global,related_same,100,94,1,EXECUTE,published_after_gate_recheck,15.49867307767272,4.363462328910828,99.7934206314952,18.48749041645535
global,related_same,100,95,1,EXECUTE,published_after_gate_recheck,19.400520250201225,4.442860838025808,99.7934206314952,18.48749041645535
global,related_same,100,96,1,EXECUTE,published_after_gate_recheck,20.194909069687128,4.695294890552759,99.7934206314952,18.48749041645535
global,related_same,100,97,1,EXECUTE,published_after_gate_recheck,20.122353918850422,4.250570200383663,99.7934206314952,18.48749041645535
global,related_same,100,98,0,REVOKE,context_version_changed_at_publish,17.93130487203598,6.916841026395559,99.7934206314952,18.48749041645535
global,related_same,100,99,0,REVOKE,context_version_changed_at_publish,17.106337938457727,5.854337941855192,99.7934206314952,18.48749041645535
readset,related_same,100,0,1,EXECUTE,published_after_gate_recheck,16.532320994883776,5.0953649915754795,99.95879932558299,53.101296219186985
readset,related_same,100,1,1,EXECUTE,published_after_gate_recheck,65.50931325182319,54.64604217559099,99.95879932558299,53.101296219186985
readset,related_same,100,2,1,EXECUTE,published_after_gate_recheck,23.85031385347247,8.39347904548049,99.95879932558299,53.101296219186985
readset,related_same,100,3,1,EXECUTE,published_after_gate_recheck,22.99280511215329,7.759399712085724,99.95879932558299,53.101296219186985
readset,related_same,100,4,1,EXECUTE,published_after_gate_recheck,23.620832711458206,8.520486764609814,99.95879932558299,53.101296219186985
readset,related_same,100,5,1,EXECUTE,published_after_gate_recheck,15.775562264025211,5.675302352756262,99.95879932558299,53.101296219186985
readset,related_same,100,6,1,EXECUTE,published_after_gate_recheck,16.40046387910843,5.615809932351112,99.95879932558299,53.101296219186985
readset,related_same,100,7,1,EXECUTE,published_after_gate_recheck,17.120604868978262,5.154706072062254,99.95879932558299,53.101296219186985
readset,related_same,100,8,1,EXECUTE,published_after_gate_recheck,23.320060223340988,8.245742414146662,99.95879932558299,53.101296219186985
readset,related_same,100,9,1,EXECUTE,published_after_gate_recheck,18.800735007971525,6.200938019901514,99.95879932558299,53.101296219186985
readset,related_same,100,10,1,EXECUTE,published_after_gate_recheck,23.170027881860733,7.735386025160551,99.95879932558299,53.101296219186985
readset,related_same,100,11,1,EXECUTE,published_after_gate_recheck,17.64364494010806,7.519479840993881,99.95879932558299,53.101296219186985
readset,related_same,100,12,1,EXECUTE,published_after_gate_recheck,17.964857164770365,7.224417291581631,99.95879932558299,53.101296219186985
readset,related_same,100,13,1,EXECUTE,published_after_gate_recheck,21.04889089241624,9.42836981266737,99.95879932558299,53.101296219186985
readset,related_same,100,14,1,EXECUTE,published_after_gate_recheck,19.475860986858606,8.686128072440624,99.95879932558299,53.101296219186985
readset,related_same,100,15,1,EXECUTE,published_after_gate_recheck,19.696876406669617,8.884599898010492,99.95879932558299,53.101296219186985
readset,related_same,100,16,1,EXECUTE,published_after_gate_recheck,18.389994744211435,7.302222773432732,99.95879932558299,53.101296219186985
readset,related_same,100,17,1,EXECUTE,published_after_gate_recheck,15.416127629578114,4.440487362444401,99.95879932558299,53.101296219186985
readset,related_same,100,18,1,EXECUTE,published_after_gate_recheck,19.429202657192945,4.691468086093664,99.95879932558299,53.101296219186985
readset,related_same,100,19,1,EXECUTE,published_after_gate_recheck,18.039737828075886,6.443723104894161,99.95879932558299,53.101296219186985
readset,related_same,100,20,1,EXECUTE,published_after_gate_recheck,17.65557797625661,6.63811806589365,99.95879932558299,53.101296219186985
readset,related_same,100,21,1,EXECUTE,published_after_gate_recheck,20.006134640425444,9.295911062508821,99.95879932558299,53.101296219186985
readset,related_same,100,22,1,EXECUTE,published_after_gate_recheck,18.915599677711725,8.892977144569159,99.95879932558299,53.101296219186985
readset,related_same,100,23,1,EXECUTE,published_after_gate_recheck,15.421257819980383,4.600476939231157,99.95879932558299,53.101296219186985
readset,related_same,100,24,1,EXECUTE,published_after_gate_recheck,17.3892080783844,6.434446200728416,99.95879932558299,53.101296219186985
readset,related_same,100,25,1,EXECUTE,published_after_gate_recheck,17.3109108582139,6.705803796648979,99.95879932558299,53.101296219186985
readset,related_same,100,26,1,EXECUTE,published_after_gate_recheck,15.312284231185913,4.577695392072201,99.95879932558299,53.101296219186985
readset,related_same,100,27,1,EXECUTE,published_after_gate_recheck,18.471397925168276,4.470623098313808,99.95879932558299,53.101296219186985
readset,related_same,100,28,1,EXECUTE,published_after_gate_recheck,16.521592158824205,5.522825755178928,99.95879932558299,53.101296219186985
readset,related_same,100,29,1,EXECUTE,published_after_gate_recheck,20.204736851155758,8.737673982977867,99.95879932558299,53.101296219186985
readset,related_same,100,30,1,EXECUTE,published_after_gate_recheck,19.95490910485387,8.885722141712904,99.95879932558299,53.101296219186985
readset,related_same,100,31,1,EXECUTE,published_after_gate_recheck,17.170859035104513,6.414769217371941,99.95879932558299,53.101296219186985
readset,related_same,100,32,1,EXECUTE,published_after_gate_recheck,17.320178914815187,4.413065034896135,99.95879932558299,53.101296219186985
readset,related_same,100,33,1,EXECUTE,published_after_gate_recheck,20.46307222917676,4.739957861602306,99.95879932558299,53.101296219186985
readset,related_same,100,34,1,EXECUTE,published_after_gate_recheck,18.669588025659323,4.8422301188111305,99.95879932558299,53.101296219186985
readset,related_same,100,35,1,EXECUTE,published_after_gate_recheck,18.30743020400405,6.746330764144659,99.95879932558299,53.101296219186985
readset,related_same,100,36,1,EXECUTE,published_after_gate_recheck,18.84850487112999,7.631581276655197,99.95879932558299,53.101296219186985
readset,related_same,100,37,1,EXECUTE,published_after_gate_recheck,18.922472838312387,7.861813064664602,99.95879932558299,53.101296219186985
readset,related_same,100,38,1,EXECUTE,published_after_gate_recheck,19.897421821951866,9.312852751463652,99.95879932558299,53.101296219186985
readset,related_same,100,39,1,EXECUTE,published_after_gate_recheck,19.094194751232862,8.128521963953972,99.95879932558299,53.101296219186985
readset,related_same,100,40,1,EXECUTE,published_after_gate_recheck,15.948737040162086,4.752651788294315,99.95879932558299,53.101296219186985
readset,related_same,100,41,1,EXECUTE,published_after_gate_recheck,24.898869916796684,10.099979117512703,99.95879932558299,53.101296219186985
readset,related_same,100,42,1,EXECUTE,published_after_gate_recheck,20.04228299483657,6.806273013353348,99.95879932558299,53.101296219186985
readset,related_same,100,43,1,EXECUTE,published_after_gate_recheck,20.05011821165681,8.730892091989517,99.95879932558299,53.101296219186985
readset,related_same,100,44,1,EXECUTE,published_after_gate_recheck,19.79070156812668,8.240160997956991,99.95879932558299,53.101296219186985
readset,related_same,100,45,1,EXECUTE,published_after_gate_recheck,19.311802927404642,9.002982173115015,99.95879932558299,53.101296219186985
readset,related_same,100,46,1,EXECUTE,published_after_gate_recheck,15.312504023313522,4.432231187820435,99.95879932558299,53.101296219186985
readset,related_same,100,47,1,EXECUTE,published_after_gate_recheck,18.749569077044725,4.312135744839907,99.95879932558299,53.101296219186985
readset,related_same,100,48,1,EXECUTE,published_after_gate_recheck,19.538318272680044,4.975720774382353,99.95879932558299,53.101296219186985
readset,related_same,100,49,1,EXECUTE,published_after_gate_recheck,16.563510056585073,5.9104738757014275,99.95879932558299,53.101296219186985
readset,related_same,100,50,1,EXECUTE,published_after_gate_recheck,18.88344995677471,8.481835015118122,99.95879932558299,53.101296219186985
readset,related_same,100,51,1,EXECUTE,published_after_gate_recheck,15.084967017173767,4.847681149840355,99.95879932558299,53.101296219186985
readset,related_same,100,52,1,EXECUTE,published_after_gate_recheck,16.28488814458251,4.954540636390448,99.95879932558299,53.101296219186985
readset,related_same,100,53,1,EXECUTE,published_after_gate_recheck,24.40462401136756,8.244560100138187,99.95879932558299,53.101296219186985
readset,related_same,100,54,1,EXECUTE,published_after_gate_recheck,17.091700807213783,6.37299008667469,99.95879932558299,53.101296219186985
readset,related_same,100,55,1,EXECUTE,published_after_gate_recheck,16.822535078972578,6.54947105795145,99.95879932558299,53.101296219186985
readset,related_same,100,56,1,EXECUTE,published_after_gate_recheck,15.469838865101337,4.813686944544315,99.95879932558299,53.101296219186985
readset,related_same,100,57,1,EXECUTE,published_after_gate_recheck,19.401892088353634,4.613181110471487,99.95879932558299,53.101296219186985
readset,related_same,100,58,1,EXECUTE,published_after_gate_recheck,16.23936230316758,5.386651027947664,99.95879932558299,53.101296219186985
readset,related_same,100,59,1,EXECUTE,published_after_gate_recheck,18.458572681993246,8.016110863536596,99.95879932558299,53.101296219186985
readset,related_same,100,60,1,EXECUTE,published_after_gate_recheck,16.241746954619884,5.203937646001577,99.95879932558299,53.101296219186985
readset,related_same,100,61,1,EXECUTE,published_after_gate_recheck,22.782381158322096,7.557401899248362,99.95879932558299,53.101296219186985
readset,related_same,100,62,1,EXECUTE,published_after_gate_recheck,15.960289165377617,4.163938108831644,99.95879932558299,53.101296219186985
readset,related_same,100,63,1,EXECUTE,published_after_gate_recheck,24.601732846349478,8.724340237677097,99.95879932558299,53.101296219186985
readset,related_same,100,64,1,EXECUTE,published_after_gate_recheck,15.118059702217579,4.343205131590366,99.95879932558299,53.101296219186985
readset,related_same,100,65,1,EXECUTE,published_after_gate_recheck,17.60721718892455,6.5963389351964,99.95879932558299,53.101296219186985
readset,related_same,100,66,1,EXECUTE,published_after_gate_recheck,17.735637724399567,6.213562097400427,99.95879932558299,53.101296219186985
readset,related_same,100,67,1,EXECUTE,published_after_gate_recheck,15.072985086590052,4.140354227274656,99.95879932558299,53.101296219186985
readset,related_same,100,68,1,EXECUTE,published_after_gate_recheck,18.894800916314125,4.699853248894215,99.95879932558299,53.101296219186985
readset,related_same,100,69,1,EXECUTE,published_after_gate_recheck,16.162877902388573,5.705138202756643,99.95879932558299,53.101296219186985
readset,related_same,100,70,1,EXECUTE,published_after_gate_recheck,18.756080884486437,8.244970813393593,99.95879932558299,53.101296219186985
readset,related_same,100,71,1,EXECUTE,published_after_gate_recheck,15.251368749886751,4.3921759352087975,99.95879932558299,53.101296219186985
readset,related_same,100,72,1,EXECUTE,published_after_gate_recheck,16.63001487031579,6.172714754939079,99.95879932558299,53.101296219186985
readset,related_same,100,73,1,EXECUTE,published_after_gate_recheck,18.805693835020065,7.24442396312952,99.95879932558299,53.101296219186985
readset,related_same,100,74,1,EXECUTE,published_after_gate_recheck,15.720108058303595,4.731432069092989,99.95879932558299,53.101296219186985
readset,related_same,100,75,1,EXECUTE,published_after_gate_recheck,17.45933899655938,3.9916150271892548,99.95879932558299,53.101296219186985
readset,related_same,100,76,1,EXECUTE,published_after_gate_recheck,17.640420235693455,7.067773025482893,99.95879932558299,53.101296219186985
readset,related_same,100,77,1,EXECUTE,published_after_gate_recheck,17.94183487072587,7.148815784603357,99.95879932558299,53.101296219186985
readset,related_same,100,78,1,EXECUTE,published_after_gate_recheck,15.325047075748444,4.150934051722288,99.95879932558299,53.101296219186985
readset,related_same,100,79,1,EXECUTE,published_after_gate_recheck,17.05330889672041,6.207710597664118,99.95879932558299,53.101296219186985
readset,related_same,100,80,1,EXECUTE,published_after_gate_recheck,18.458614125847816,7.279920857399702,99.95879932558299,53.101296219186985
readset,related_same,100,81,1,EXECUTE,published_after_gate_recheck,15.005979221314192,4.328757058829069,99.95879932558299,53.101296219186985
readset,related_same,100,82,1,EXECUTE,published_after_gate_recheck,18.78569694235921,4.365996923297644,99.95879932558299,53.101296219186985
readset,related_same,100,83,1,EXECUTE,published_after_gate_recheck,16.257045324891806,6.02545915171504,99.95879932558299,53.101296219186985
readset,related_same,100,84,1,EXECUTE,published_after_gate_recheck,18.7822999432683,7.948385085910559,99.95879932558299,53.101296219186985
readset,related_same,100,85,1,EXECUTE,published_after_gate_recheck,15.608068089932203,4.648325964808464,99.95879932558299,53.101296219186985
readset,related_same,100,86,1,EXECUTE,published_after_gate_recheck,20.31531510874629,4.375274758785963,99.95879932558299,53.101296219186985
readset,related_same,100,87,1,EXECUTE,published_after_gate_recheck,20.53664019331336,4.629600793123245,99.95879932558299,53.101296219186985
readset,related_same,100,88,1,EXECUTE,published_after_gate_recheck,19.59620602428913,4.595908336341381,99.95879932558299,53.101296219186985
readset,related_same,100,89,1,EXECUTE,published_after_gate_recheck,18.61791219562292,4.078377969563007,99.95879932558299,53.101296219186985
readset,related_same,100,90,1,EXECUTE,published_after_gate_recheck,17.25194090977311,6.358453072607517,99.95879932558299,53.101296219186985
readset,related_same,100,91,1,EXECUTE,published_after_gate_recheck,17.969757318496704,7.816977798938751,99.95879932558299,53.101296219186985
readset,related_same,100,92,1,EXECUTE,published_after_gate_recheck,15.69843664765358,4.4748010113835335,99.95879932558299,53.101296219186985
readset,related_same,100,93,1,EXECUTE,published_after_gate_recheck,17.94567098841071,4.4305892661213875,99.95879932558299,53.101296219186985
readset,related_same,100,94,1,EXECUTE,published_after_gate_recheck,17.39637181162834,6.75835320726037,99.95879932558299,53.101296219186985
readset,related_same,100,95,1,EXECUTE,published_after_gate_recheck,19.392283633351326,8.537980262190104,99.95879932558299,53.101296219186985
readset,related_same,100,96,1,EXECUTE,published_after_gate_recheck,15.281585976481438,4.422763828188181,99.95879932558299,53.101296219186985
readset,related_same,100,97,1,EXECUTE,published_after_gate_recheck,24.187646340578794,8.139754179865122,99.95879932558299,53.101296219186985
readset,related_same,100,98,1,EXECUTE,published_after_gate_recheck,13.855110853910446,3.779528196901083,99.95879932558299,53.101296219186985
readset,related_same,100,99,1,EXECUTE,published_after_gate_recheck,16.85201982036233,6.15812698379159,99.95879932558299,53.101296219186985
truth,related_same,100,0,1,EXECUTE,published_after_gate_recheck,16.049214638769627,4.138821270316839,99.93258632381253,55.138966917076594
truth,related_same,100,1,1,EXECUTE,published_after_gate_recheck,17.5446099601686,6.641883868724108,99.93258632381253,55.138966917076594
truth,related_same,100,2,1,EXECUTE,published_after_gate_recheck,18.492127303034067,7.36489100381732,99.93258632381253,55.138966917076594
truth,related_same,100,3,1,EXECUTE,published_after_gate_recheck,15.192549210041761,4.85655665397644,99.93258632381253,55.138966917076594
truth,related_same,100,4,1,EXECUTE,published_after_gate_recheck,17.28232717141509,6.25130208209157,99.93258632381253,55.138966917076594
truth,related_same,100,5,1,EXECUTE,published_after_gate_recheck,17.701614182442427,7.035904098302126,99.93258632381253,55.138966917076594
truth,related_same,100,6,1,EXECUTE,published_after_gate_recheck,20.516963209956884,9.600983932614326,99.93258632381253,55.138966917076594
truth,related_same,100,7,1,EXECUTE,published_after_gate_recheck,19.37049301341176,8.468941319733858,99.93258632381253,55.138966917076594
truth,related_same,100,8,1,EXECUTE,published_after_gate_recheck,14.539765194058418,4.353223368525505,99.93258632381253,55.138966917076594
truth,related_same,100,9,1,EXECUTE,published_after_gate_recheck,17.079447861760855,6.07482111081481,99.93258632381253,55.138966917076594
truth,related_same,100,10,1,EXECUTE,published_after_gate_recheck,18.784665036946535,7.730576209723949,99.93258632381253,55.138966917076594
truth,related_same,100,11,1,EXECUTE,published_after_gate_recheck,18.534907139837742,7.273207884281874,99.93258632381253,55.138966917076594
truth,related_same,100,12,1,EXECUTE,published_after_gate_recheck,14.679277315735817,4.22211829572916,99.93258632381253,55.138966917076594
truth,related_same,100,13,1,EXECUTE,published_after_gate_recheck,16.931980848312378,6.35262206196785,99.93258632381253,55.138966917076594
truth,related_same,100,14,1,EXECUTE,published_after_gate_recheck,19.552565179765224,8.762251120060682,99.93258632381253,55.138966917076594
truth,related_same,100,15,1,EXECUTE,published_after_gate_recheck,19.266077782958746,7.109452039003372,99.93258632381253,55.138966917076594
truth,related_same,100,16,1,EXECUTE,published_after_gate_recheck,14.56186594441533,4.032852128148079,99.93258632381253,55.138966917076594
truth,related_same,100,17,1,EXECUTE,published_after_gate_recheck,17.044532112777233,6.202641874551773,99.93258632381253,55.138966917076594
truth,related_same,100,18,1,EXECUTE,published_after_gate_recheck,16.504499129951,5.835983902215958,99.93258632381253,55.138966917076594
truth,related_same,100,19,1,EXECUTE,published_after_gate_recheck,16.383742913603783,4.358742851763964,99.93258632381253,55.138966917076594
truth,related_same,100,20,1,EXECUTE,published_after_gate_recheck,17.216934822499752,6.0988860204815865,99.93258632381253,55.138966917076594
truth,related_same,100,21,1,EXECUTE,published_after_gate_recheck,18.88905093073845,7.898931857198477,99.93258632381253,55.138966917076594
truth,related_same,100,22,1,EXECUTE,published_after_gate_recheck,17.86987017840147,7.4025709182024,99.93258632381253,55.138966917076594
truth,related_same,100,23,1,EXECUTE,published_after_gate_recheck,15.603640116751194,4.254708997905254,99.93258632381253,55.138966917076594
truth,related_same,100,24,1,EXECUTE,published_after_gate_recheck,17.539901193231344,6.9702607579529285,99.93258632381253,55.138966917076594
truth,related_same,100,25,1,EXECUTE,published_after_gate_recheck,16.440770123153925,5.531421862542629,99.93258632381253,55.138966917076594
truth,related_same,100,26,1,EXECUTE,published_after_gate_recheck,15.587148256599903,4.006604198366404,99.93258632381253,55.138966917076594
truth,related_same,100,27,1,EXECUTE,published_after_gate_recheck,16.64689602330327,6.1437813565135,99.93258632381253,55.138966917076594
truth,related_same,100,28,1,EXECUTE,published_after_gate_recheck,19.04463255777955,8.579156827181578,99.93258632381253,55.138966917076594
truth,related_same,100,29,1,EXECUTE,published_after_gate_recheck,14.864112716168165,4.325862042605877,99.93258632381253,55.138966917076594
truth,related_same,100,30,1,EXECUTE,published_after_gate_recheck,17.85416016355157,4.181360825896263,99.93258632381253,55.138966917076594
truth,related_same,100,31,1,EXECUTE,published_after_gate_recheck,21.401841659098864,9.937644936144352,99.93258632381253,55.138966917076594
truth,related_same,100,32,1,EXECUTE,published_after_gate_recheck,17.6039207726717,6.462278310209513,99.93258632381253,55.138966917076594
truth,related_same,100,33,1,EXECUTE,published_after_gate_recheck,18.938162829726934,8.173356764018536,99.93258632381253,55.138966917076594
truth,related_same,100,34,1,EXECUTE,published_after_gate_recheck,17.85613363608718,6.552838254719973,99.93258632381253,55.138966917076594
truth,related_same,100,35,1,EXECUTE,published_after_gate_recheck,20.92357585206628,7.343309931457043,99.93258632381253,55.138966917076594
truth,related_same,100,36,1,EXECUTE,published_after_gate_recheck,19.21294815838337,8.294703904539347,99.93258632381253,55.138966917076594
truth,related_same,100,37,1,EXECUTE,published_after_gate_recheck,15.5335390008986,4.261260852217674,99.93258632381253,55.138966917076594
truth,related_same,100,38,1,EXECUTE,published_after_gate_recheck,16.707649920135736,5.780820269137621,99.93258632381253,55.138966917076594
truth,related_same,100,39,1,EXECUTE,published_after_gate_recheck,17.990875989198685,8.11102008447051,99.93258632381253,55.138966917076594
truth,related_same,100,40,1,EXECUTE,published_after_gate_recheck,16.000614035874605,4.881773609668016,99.93258632381253,55.138966917076594
truth,related_same,100,41,1,EXECUTE,published_after_gate_recheck,19.434072077274323,4.4850800186395645,99.93258632381253,55.138966917076594
truth,related_same,100,42,1,EXECUTE,published_after_gate_recheck,19.7207098826766,4.112121183425188,99.93258632381253,55.138966917076594
truth,related_same,100,43,1,EXECUTE,published_after_gate_recheck,18.907906021922827,4.695715848356485,99.93258632381253,55.138966917076594
truth,related_same,100,44,1,EXECUTE,published_after_gate_recheck,15.15857595950365,4.958167206496,99.93258632381253,55.138966917076594
truth,related_same,100,45,1,EXECUTE,published_after_gate_recheck,20.624645054340363,9.478583931922913,99.93258632381253,55.138966917076594
truth,related_same,100,46,1,EXECUTE,published_after_gate_recheck,14.862569980323315,4.319791216403246,99.93258632381253,55.138966917076594
truth,related_same,100,47,1,EXECUTE,published_after_gate_recheck,19.692187197506428,4.318077117204666,99.93258632381253,55.138966917076594
truth,related_same,100,48,1,EXECUTE,published_after_gate_recheck,17.349333968013525,6.117051001638174,99.93258632381253,55.138966917076594
truth,related_same,100,49,1,EXECUTE,published_after_gate_recheck,19.320891238749027,8.09247512370348,99.93258632381253,55.138966917076594
truth,related_same,100,50,1,EXECUTE,published_after_gate_recheck,17.63500925153494,7.004333660006523,99.93258632381253,55.138966917076594
truth,related_same,100,51,1,EXECUTE,published_after_gate_recheck,16.46700920537114,4.643276799470186,99.93258632381253,55.138966917076594
truth,related_same,100,52,1,EXECUTE,published_after_gate_recheck,18.107905983924866,4.267432726919651,99.93258632381253,55.138966917076594
truth,related_same,100,53,1,EXECUTE,published_after_gate_recheck,18.298602662980556,6.087134126573801,99.93258632381253,55.138966917076594
truth,related_same,100,54,1,EXECUTE,published_after_gate_recheck,18.82354775443673,8.01465893164277,99.93258632381253,55.138966917076594
truth,related_same,100,55,1,EXECUTE,published_after_gate_recheck,18.878149800002575,7.02144717797637,99.93258632381253,55.138966917076594
truth,related_same,100,56,1,EXECUTE,published_after_gate_recheck,20.54543700069189,9.062724187970161,99.93258632381253,55.138966917076594
truth,related_same,100,57,1,EXECUTE,published_after_gate_recheck,20.77288320288062,8.037141058593988,99.93258632381253,55.138966917076594
truth,related_same,100,58,1,EXECUTE,published_after_gate_recheck,17.88409613072872,7.111215032637119,99.93258632381253,55.138966917076594
truth,related_same,100,59,1,EXECUTE,published_after_gate_recheck,16.361721325665712,4.827442113310099,99.93258632381253,55.138966917076594
truth,related_same,100,60,1,EXECUTE,published_after_gate_recheck,25.547387078404427,9.86649189144373,99.93258632381253,55.138966917076594
truth,related_same,100,61,1,EXECUTE,published_after_gate_recheck,20.395695231854916,7.508870214223862,99.93258632381253,55.138966917076594
truth,related_same,100,62,1,EXECUTE,published_after_gate_recheck,17.75133702903986,7.270724046975374,99.93258632381253,55.138966917076594
truth,related_same,100,63,1,EXECUTE,published_after_gate_recheck,15.399105846881866,4.179367329925299,99.93258632381253,55.138966917076594
truth,related_same,100,64,1,EXECUTE,published_after_gate_recheck,16.670761164277792,5.819542799144983,99.93258632381253,55.138966917076594
truth,related_same,100,65,1,EXECUTE,published_after_gate_recheck,19.483905751258135,8.774624206125736,99.93258632381253,55.138966917076594
truth,related_same,100,66,1,EXECUTE,published_after_gate_recheck,19.431228283792734,8.802957367151976,99.93258632381253,55.138966917076594
truth,related_same,100,67,1,EXECUTE,published_after_gate_recheck,22.25253777578473,10.208121966570616,99.93258632381253,55.138966917076594
truth,related_same,100,68,1,EXECUTE,published_after_gate_recheck,18.932682927697897,7.3115709237754345,99.93258632381253,55.138966917076594
truth,related_same,100,69,1,EXECUTE,published_after_gate_recheck,20.140937995165586,7.00903357937932,99.93258632381253,55.138966917076594
truth,related_same,100,70,1,EXECUTE,published_after_gate_recheck,18.425782211124897,7.5521320104599,99.93258632381253,55.138966917076594
truth,related_same,100,71,1,EXECUTE,published_after_gate_recheck,18.25660513713956,7.082320749759674,99.93258632381253,55.138966917076594
truth,related_same,100,72,1,EXECUTE,published_after_gate_recheck,21.694050636142492,8.571824058890343,99.93258632381253,55.138966917076594
truth,related_same,100,73,1,EXECUTE,published_after_gate_recheck,19.28624603897333,9.125232230871916,99.93258632381253,55.138966917076594
truth,related_same,100,74,1,EXECUTE,published_after_gate_recheck,15.238095074892044,4.40148264169693,99.93258632381253,55.138966917076594
truth,related_same,100,75,1,EXECUTE,published_after_gate_recheck,19.392925314605236,4.340790212154388,99.93258632381253,55.138966917076594
truth,related_same,100,76,1,EXECUTE,published_after_gate_recheck,17.32724206522107,6.2131499871611595,99.93258632381253,55.138966917076594
truth,related_same,100,77,1,EXECUTE,published_after_gate_recheck,16.56075520440936,6.246814038604498,99.93258632381253,55.138966917076594
truth,related_same,100,78,1,EXECUTE,published_after_gate_recheck,15.93706477433443,4.289654083549976,99.93258632381253,55.138966917076594
truth,related_same,100,79,1,EXECUTE,published_after_gate_recheck,18.123165238648653,6.358564365655184,99.93258632381253,55.138966917076594
truth,related_same,100,80,1,EXECUTE,published_after_gate_recheck,17.144128680229187,5.93329593539238,99.93258632381253,55.138966917076594
truth,related_same,100,81,1,EXECUTE,published_after_gate_recheck,15.386261977255344,4.675308242440224,99.93258632381253,55.138966917076594
truth,related_same,100,82,1,EXECUTE,published_after_gate_recheck,18.749788869172335,4.433923866599798,99.93258632381253,55.138966917076594
truth,related_same,100,83,1,EXECUTE,published_after_gate_recheck,17.07067107781768,6.0957809910178185,99.93258632381253,55.138966917076594
truth,related_same,100,84,1,EXECUTE,published_after_gate_recheck,18.72639497742057,8.033754769712687,99.93258632381253,55.138966917076594
truth,related_same,100,85,1,EXECUTE,published_after_gate_recheck,20.12390596792102,8.97371768951416,99.93258632381253,55.138966917076594
truth,related_same,100,86,1,EXECUTE,published_after_gate_recheck,15.423502307385206,4.641283769160509,99.93258632381253,55.138966917076594
truth,related_same,100,87,1,EXECUTE,published_after_gate_recheck,18.867890816181898,4.346841014921665,99.93258632381253,55.138966917076594
truth,related_same,100,88,1,EXECUTE,published_after_gate_recheck,20.81497199833393,5.033018067479134,99.93258632381253,55.138966917076594
truth,related_same,100,89,1,EXECUTE,published_after_gate_recheck,18.811273854225874,4.801543895155191,99.93258632381253,55.138966917076594
truth,related_same,100,90,1,EXECUTE,published_after_gate_recheck,16.951076220721006,6.0572694055736065,99.93258632381253,55.138966917076594
truth,related_same,100,91,1,EXECUTE,published_after_gate_recheck,17.934349831193686,7.040472235530615,99.93258632381253,55.138966917076594
truth,related_same,100,92,1,EXECUTE,published_after_gate_recheck,16.002677846699953,4.541135858744383,99.93258632381253,55.138966917076594
truth,related_same,100,93,1,EXECUTE,published_after_gate_recheck,18.743707798421383,4.255319945514202,99.93258632381253,55.138966917076594
truth,related_same,100,94,1,EXECUTE,published_after_gate_recheck,16.538984142243862,6.598133128136396,99.93258632381253,55.138966917076594
truth,related_same,100,95,1,EXECUTE,published_after_gate_recheck,19.181258976459503,7.741395849734545,99.93258632381253,55.138966917076594
truth,related_same,100,96,1,EXECUTE,published_after_gate_recheck,15.160119161009789,4.4120438396930695,99.93258632381253,55.138966917076594
truth,related_same,100,97,1,EXECUTE,published_after_gate_recheck,24.083872325718403,8.896672632545233,99.93258632381253,55.138966917076594
truth,related_same,100,98,1,EXECUTE,published_after_gate_recheck,21.772597916424274,8.677552919834852,99.93258632381253,55.138966917076594
truth,related_same,100,99,1,EXECUTE,published_after_gate_recheck,19.288248848170042,7.982107810676098,99.93258632381253,55.138966917076594
opa,related_same,100,0,1,EXECUTE,opa_allowed_at_gate,10.276639834046364,2.9550609178841114,99.89228936248821,105.78233762557964
opa,related_same,100,1,1,EXECUTE,opa_allowed_at_gate,10.136688128113747,3.457644023001194,99.89228936248821,105.78233762557964
opa,related_same,100,2,1,EXECUTE,opa_allowed_at_gate,10.469581931829453,3.255615010857582,99.89228936248821,105.78233762557964
opa,related_same,100,3,1,EXECUTE,opa_allowed_at_gate,11.812260840088129,3.081478178501129,99.89228936248821,105.78233762557964
opa,related_same,100,4,1,EXECUTE,opa_allowed_at_gate,9.930422063916922,3.3063096925616264,99.89228936248821,105.78233762557964
opa,related_same,100,5,1,EXECUTE,opa_allowed_at_gate,10.091703850775957,3.287404775619507,99.89228936248821,105.78233762557964
opa,related_same,100,6,1,EXECUTE,opa_allowed_at_gate,9.472541976720095,3.008762374520302,99.89228936248821,105.78233762557964
opa,related_same,100,7,1,EXECUTE,opa_allowed_at_gate,9.347128216177225,3.1484835781157017,99.89228936248821,105.78233762557964
opa,related_same,100,8,1,EXECUTE,opa_allowed_at_gate,8.76599783077836,3.01149720326066,99.89228936248821,105.78233762557964
opa,related_same,100,9,1,EXECUTE,opa_allowed_at_gate,9.015174582600594,3.1590438447892666,99.89228936248821,105.78233762557964
opa,related_same,100,10,1,EXECUTE,opa_allowed_at_gate,9.378036018460989,2.9209479689598083,99.89228936248821,105.78233762557964
opa,related_same,100,11,1,EXECUTE,opa_allowed_at_gate,9.468506090342999,3.0543068423867226,99.89228936248821,105.78233762557964
opa,related_same,100,12,1,EXECUTE,opa_allowed_at_gate,8.7956041097641,2.882495056837797,99.89228936248821,105.78233762557964
opa,related_same,100,13,1,EXECUTE,opa_allowed_at_gate,9.033899754285812,2.9377290047705173,99.89228936248821,105.78233762557964
opa,related_same,100,14,1,EXECUTE,opa_allowed_at_gate,9.773686993867159,3.0830414034426212,99.89228936248821,105.78233762557964
opa,related_same,100,15,1,EXECUTE,opa_allowed_at_gate,9.589002002030611,2.7339765802025795,99.89228936248821,105.78233762557964
opa,related_same,100,16,1,EXECUTE,opa_allowed_at_gate,8.648267015814781,2.9361359775066376,99.89228936248821,105.78233762557964
opa,related_same,100,17,1,EXECUTE,opa_allowed_at_gate,9.491608943790197,3.098841290920973,99.89228936248821,105.78233762557964
opa,related_same,100,18,1,EXECUTE,opa_allowed_at_gate,8.95801791921258,3.3875820226967335,99.89228936248821,105.78233762557964
opa,related_same,100,19,1,EXECUTE,opa_allowed_at_gate,8.934523910284042,3.3327192068099976,99.89228936248821,105.78233762557964
opa,related_same,100,20,1,EXECUTE,opa_allowed_at_gate,9.005517233163118,3.126592840999365,99.89228936248821,105.78233762557964
opa,related_same,100,21,1,EXECUTE,opa_allowed_at_gate,9.540910832583904,3.246346954256296,99.89228936248821,105.78233762557964
opa,related_same,100,22,1,EXECUTE,opa_allowed_at_gate,9.171980433166027,2.938870806246996,99.89228936248821,105.78233762557964
opa,related_same,100,23,1,EXECUTE,opa_allowed_at_gate,9.41332196816802,3.216490615159273,99.89228936248821,105.78233762557964
opa,related_same,100,24,1,EXECUTE,opa_allowed_at_gate,8.732745423913002,2.6842737570405006,99.89228936248821,105.78233762557964
opa,related_same,100,25,1,EXECUTE,opa_allowed_at_gate,11.870588641613722,2.9571959748864174,99.89228936248821,105.78233762557964
opa,related_same,100,26,1,EXECUTE,opa_allowed_at_gate,9.253270924091339,2.884569112211466,99.89228936248821,105.78233762557964
opa,related_same,100,27,1,EXECUTE,opa_allowed_at_gate,10.583105031400919,3.2951589673757553,99.89228936248821,105.78233762557964
opa,related_same,100,28,1,EXECUTE,opa_allowed_at_gate,9.61628183722496,2.9810387641191483,99.89228936248821,105.78233762557964
opa,related_same,100,29,1,EXECUTE,opa_allowed_at_gate,8.813607040792704,2.899576909840107,99.89228936248821,105.78233762557964
opa,related_same,100,30,1,EXECUTE,opa_allowed_at_gate,8.932099211961031,3.2971929758787155,99.89228936248821,105.78233762557964
opa,related_same,100,31,1,EXECUTE,opa_allowed_at_gate,8.695225231349468,2.622296568006277,99.89228936248821,105.78233762557964
opa,related_same,100,32,1,EXECUTE,opa_allowed_at_gate,9.445562027394772,3.040722105652094,99.89228936248821,105.78233762557964
opa,related_same,100,33,1,EXECUTE,opa_allowed_at_gate,10.669608134776354,3.5087396390736103,99.89228936248821,105.78233762557964
opa,related_same,100,34,1,EXECUTE,opa_allowed_at_gate,9.220099076628685,3.350743092596531,99.89228936248821,105.78233762557964
opa,related_same,100,35,1,EXECUTE,opa_allowed_at_gate,9.185505099594593,3.0911960639059544,99.89228936248821,105.78233762557964
opa,related_same,100,36,1,EXECUTE,opa_allowed_at_gate,9.697715286165476,3.2772263512015343,99.89228936248821,105.78233762557964
opa,related_same,100,37,1,EXECUTE,opa_allowed_at_gate,9.588730055838823,3.0653681606054306,99.89228936248821,105.78233762557964
opa,related_same,100,38,1,EXECUTE,opa_allowed_at_gate,9.594772011041641,3.279289696365595,99.89228936248821,105.78233762557964
opa,related_same,100,39,1,EXECUTE,opa_allowed_at_gate,9.173022117465734,2.8379219584167004,99.89228936248821,105.78233762557964
opa,related_same,100,40,1,EXECUTE,opa_allowed_at_gate,9.61344689130783,3.2942271791398525,99.89228936248821,105.78233762557964
opa,related_same,100,41,1,EXECUTE,opa_allowed_at_gate,9.044008795171976,3.2846289686858654,99.89228936248821,105.78233762557964
opa,related_same,100,42,1,EXECUTE,opa_allowed_at_gate,9.71014890819788,3.7033436819911003,99.89228936248821,105.78233762557964
opa,related_same,100,43,1,EXECUTE,opa_allowed_at_gate,9.586156345903873,3.3287829719483852,99.89228936248821,105.78233762557964
opa,related_same,100,44,1,EXECUTE,opa_allowed_at_gate,8.595939259976149,3.0102147720754147,99.89228936248821,105.78233762557964
opa,related_same,100,45,1,EXECUTE,opa_allowed_at_gate,8.874771650880575,2.9255058616399765,99.89228936248821,105.78233762557964
opa,related_same,100,46,1,EXECUTE,opa_allowed_at_gate,8.999977260828018,3.3336207270622253,99.89228936248821,105.78233762557964
opa,related_same,100,47,1,EXECUTE,opa_allowed_at_gate,8.709933143109083,2.630142029374838,99.89228936248821,105.78233762557964
opa,related_same,100,48,1,EXECUTE,opa_allowed_at_gate,8.961503859609365,2.6857671327888966,99.89228936248821,105.78233762557964
opa,related_same,100,49,1,EXECUTE,opa_allowed_at_gate,9.154677391052246,2.9860790818929672,99.89228936248821,105.78233762557964
opa,related_same,100,50,1,EXECUTE,opa_allowed_at_gate,9.645907208323479,3.3281007781624794,99.89228936248821,105.78233762557964
opa,related_same,100,51,1,EXECUTE,opa_allowed_at_gate,8.645973168313503,3.1418106518685818,99.89228936248821,105.78233762557964
opa,related_same,100,52,1,EXECUTE,opa_allowed_at_gate,9.785850066691637,2.925114706158638,99.89228936248821,105.78233762557964
opa,related_same,100,53,1,EXECUTE,opa_allowed_at_gate,9.389166720211506,3.115622792392969,99.89228936248821,105.78233762557964
opa,related_same,100,54,1,EXECUTE,opa_allowed_at_gate,8.926237933337688,3.2032160088419914,99.89228936248821,105.78233762557964
opa,related_same,100,55,1,EXECUTE,opa_allowed_at_gate,9.065008722245693,3.1244587153196335,99.89228936248821,105.78233762557964
opa,related_same,100,56,1,EXECUTE,opa_allowed_at_gate,9.334824047982693,2.926046960055828,99.89228936248821,105.78233762557964
opa,related_same,100,57,1,EXECUTE,opa_allowed_at_gate,9.080657735466957,3.258210141211748,99.89228936248821,105.78233762557964
opa,related_same,100,58,1,EXECUTE,opa_allowed_at_gate,9.312162175774574,3.2179653644561768,99.89228936248821,105.78233762557964
opa,related_same,100,59,1,EXECUTE,opa_allowed_at_gate,9.038869757205248,3.195962868630886,99.89228936248821,105.78233762557964
opa,related_same,100,60,1,EXECUTE,opa_allowed_at_gate,8.522732183337212,2.8749611228704453,99.89228936248821,105.78233762557964
opa,related_same,100,61,1,EXECUTE,opa_allowed_at_gate,9.041293989866972,3.2304776832461357,99.89228936248821,105.78233762557964
opa,related_same,100,62,1,EXECUTE,opa_allowed_at_gate,9.152642916887999,3.1022666953504086,99.89228936248821,105.78233762557964
opa,related_same,100,63,1,EXECUTE,opa_allowed_at_gate,9.083484299480915,3.212394192814827,99.89228936248821,105.78233762557964
opa,related_same,100,64,1,EXECUTE,opa_allowed_at_gate,9.359912015497684,3.0184700153768063,99.89228936248821,105.78233762557964
opa,related_same,100,65,1,EXECUTE,opa_allowed_at_gate,8.838383946567774,3.2028863206505775,99.89228936248821,105.78233762557964
opa,related_same,100,66,1,EXECUTE,opa_allowed_at_gate,8.80823703482747,3.147592768073082,99.89228936248821,105.78233762557964
opa,related_same,100,67,1,EXECUTE,opa_allowed_at_gate,10.632137767970562,4.231845960021019,99.89228936248821,105.78233762557964
opa,related_same,100,68,1,EXECUTE,opa_allowed_at_gate,10.321745183318853,3.6207400262355804,99.89228936248821,105.78233762557964
opa,related_same,100,69,1,EXECUTE,opa_allowed_at_gate,9.057465009391308,2.8834473341703415,99.89228936248821,105.78233762557964
opa,related_same,100,70,1,EXECUTE,opa_allowed_at_gate,9.849620051681995,3.1924061477184296,99.89228936248821,105.78233762557964
opa,related_same,100,71,1,EXECUTE,opa_allowed_at_gate,9.486419148743153,3.6803223192691803,99.89228936248821,105.78233762557964
opa,related_same,100,72,1,EXECUTE,opa_allowed_at_gate,9.264852851629257,3.4930799156427383,99.89228936248821,105.78233762557964
opa,related_same,100,73,1,EXECUTE,opa_allowed_at_gate,9.0381377376616,3.262999001890421,99.89228936248821,105.78233762557964
opa,related_same,100,74,1,EXECUTE,opa_allowed_at_gate,9.004645980894566,2.9162289574742317,99.89228936248821,105.78233762557964
opa,related_same,100,75,1,EXECUTE,opa_allowed_at_gate,9.238995146006346,2.76240985840559,99.89228936248821,105.78233762557964
opa,related_same,100,76,1,EXECUTE,opa_allowed_at_gate,8.846469223499298,2.9815007001161575,99.89228936248821,105.78233762557964
opa,related_same,100,77,1,EXECUTE,opa_allowed_at_gate,9.663100820034742,3.2252580858767033,99.89228936248821,105.78233762557964
opa,related_same,100,78,1,EXECUTE,opa_allowed_at_gate,10.800674092024565,3.2116826623678207,99.89228936248821,105.78233762557964
opa,related_same,100,79,1,EXECUTE,opa_allowed_at_gate,9.319806937128305,3.1371228396892548,99.89228936248821,105.78233762557964
opa,related_same,100,80,1,EXECUTE,opa_allowed_at_gate,8.953750133514404,2.6441379450261593,99.89228936248821,105.78233762557964
opa,related_same,100,81,1,EXECUTE,opa_allowed_at_gate,9.325518272817135,2.912251278758049,99.89228936248821,105.78233762557964
opa,related_same,100,82,1,EXECUTE,opa_allowed_at_gate,8.945995010435581,2.9116393998265266,99.89228936248821,105.78233762557964
opa,related_same,100,83,1,EXECUTE,opa_allowed_at_gate,9.198648855090141,3.048547077924013,99.89228936248821,105.78233762557964
opa,related_same,100,84,1,EXECUTE,opa_allowed_at_gate,9.749671909958124,3.6081457510590553,99.89228936248821,105.78233762557964
opa,related_same,100,85,1,EXECUTE,opa_allowed_at_gate,8.956735953688622,3.0662287026643753,99.89228936248821,105.78233762557964
opa,related_same,100,86,1,EXECUTE,opa_allowed_at_gate,8.97895684465766,3.484864719212055,99.89228936248821,105.78233762557964
opa,related_same,100,87,1,EXECUTE,opa_allowed_at_gate,9.096466936171055,2.9999553225934505,99.89228936248821,105.78233762557964
opa,related_same,100,88,1,EXECUTE,opa_allowed_at_gate,9.61404899135232,3.057904075831175,99.89228936248821,105.78233762557964
opa,related_same,100,89,1,EXECUTE,opa_allowed_at_gate,9.71911521628499,3.0400408431887627,99.89228936248821,105.78233762557964
opa,related_same,100,90,1,EXECUTE,opa_allowed_at_gate,9.164595045149326,2.932518720626831,99.89228936248821,105.78233762557964
opa,related_same,100,91,1,EXECUTE,opa_allowed_at_gate,10.454194154590368,3.2837982289493084,99.89228936248821,105.78233762557964
opa,related_same,100,92,1,EXECUTE,opa_allowed_at_gate,10.208422783762217,3.031805157661438,99.89228936248821,105.78233762557964
opa,related_same,100,93,1,EXECUTE,opa_allowed_at_gate,9.66704823076725,2.875151112675667,99.89228936248821,105.78233762557964
opa,related_same,100,94,1,EXECUTE,opa_allowed_at_gate,8.699582889676094,2.977292984724045,99.89228936248821,105.78233762557964
opa,related_same,100,95,1,EXECUTE,opa_allowed_at_gate,8.832752704620361,2.849212847650051,99.89228936248821,105.78233762557964
opa,related_same,100,96,1,EXECUTE,opa_allowed_at_gate,9.576527867466211,3.1935982406139374,99.89228936248821,105.78233762557964
opa,related_same,100,97,1,EXECUTE,opa_allowed_at_gate,9.112478233873844,3.0561606399714947,99.89228936248821,105.78233762557964
opa,related_same,100,98,1,EXECUTE,opa_allowed_at_gate,9.4907870516181,3.365401178598404,99.89228936248821,105.78233762557964
opa,related_same,100,99,1,EXECUTE,opa_allowed_at_gate,9.197827894240618,3.0318559147417545,99.89228936248821,105.78233762557964
opa_readset,related_same,100,0,1,EXECUTE,opa_allowed_at_gate,11.525241658091545,4.005181137472391,99.88451307634382,105.70463014352723
opa_readset,related_same,100,1,1,EXECUTE,opa_allowed_at_gate,9.658150840550661,3.306410275399685,99.88451307634382,105.70463014352723
opa_readset,related_same,100,2,1,EXECUTE,opa_allowed_at_gate,9.427277836948633,2.9134638607501984,99.88451307634382,105.70463014352723
opa_readset,related_same,100,3,1,EXECUTE,opa_allowed_at_gate,9.356305003166199,3.0134906992316246,99.88451307634382,105.70463014352723
opa_readset,related_same,100,4,1,EXECUTE,opa_allowed_at_gate,8.987263310700655,2.6494688354432583,99.88451307634382,105.70463014352723
opa_readset,related_same,100,5,1,EXECUTE,opa_allowed_at_gate,9.105804841965437,2.9810103587806225,99.88451307634382,105.70463014352723
opa_readset,related_same,100,6,1,EXECUTE,opa_allowed_at_gate,9.234776720404625,3.4546880051493645,99.88451307634382,105.70463014352723
opa_readset,related_same,100,7,1,EXECUTE,opa_allowed_at_gate,9.596866089850664,3.3392817713320255,99.88451307634382,105.70463014352723
opa_readset,related_same,100,8,1,EXECUTE,opa_allowed_at_gate,12.84593902528286,4.842971917241812,99.88451307634382,105.70463014352723
opa_readset,related_same,100,9,1,EXECUTE,opa_allowed_at_gate,8.471725974231958,3.248963039368391,99.88451307634382,105.70463014352723
opa_readset,related_same,100,10,1,EXECUTE,opa_allowed_at_gate,8.932310156524181,3.284599632024765,99.88451307634382,105.70463014352723
opa_readset,related_same,100,11,1,EXECUTE,opa_allowed_at_gate,9.034110233187675,2.9130419716238976,99.88451307634382,105.70463014352723
opa_readset,related_same,100,12,1,EXECUTE,opa_allowed_at_gate,9.525873232632875,2.9264576733112335,99.88451307634382,105.70463014352723
opa_readset,related_same,100,13,1,EXECUTE,opa_allowed_at_gate,9.09408275038004,3.088020719587803,99.88451307634382,105.70463014352723
opa_readset,related_same,100,14,1,EXECUTE,opa_allowed_at_gate,9.16204135864973,3.2650218345224857,99.88451307634382,105.70463014352723
opa_readset,related_same,100,15,1,EXECUTE,opa_allowed_at_gate,9.58192814141512,3.0147028155624866,99.88451307634382,105.70463014352723
opa_readset,related_same,100,16,1,EXECUTE,opa_allowed_at_gate,8.76839179545641,2.766708377748728,99.88451307634382,105.70463014352723
opa_readset,related_same,100,17,1,EXECUTE,opa_allowed_at_gate,8.86979280039668,2.972504124045372,99.88451307634382,105.70463014352723
opa_readset,related_same,100,18,1,EXECUTE,opa_allowed_at_gate,9.104632772505283,2.9620439745485783,99.88451307634382,105.70463014352723
opa_readset,related_same,100,19,1,EXECUTE,opa_allowed_at_gate,8.593543898314238,2.8766440227627754,99.88451307634382,105.70463014352723
opa_readset,related_same,100,20,1,EXECUTE,opa_allowed_at_gate,9.724826086312532,3.2585598528385162,99.88451307634382,105.70463014352723
opa_readset,related_same,100,21,1,EXECUTE,opa_allowed_at_gate,8.337675128132105,2.3698038421571255,99.88451307634382,105.70463014352723
opa_readset,related_same,100,22,1,EXECUTE,opa_allowed_at_gate,8.791677188128233,2.9034349136054516,99.88451307634382,105.70463014352723
opa_readset,related_same,100,23,1,EXECUTE,opa_allowed_at_gate,8.698571939021349,2.980378922075033,99.88451307634382,105.70463014352723
opa_readset,related_same,100,24,1,EXECUTE,opa_allowed_at_gate,9.207907132804394,3.0218269675970078,99.88451307634382,105.70463014352723
opa_readset,related_same,100,25,1,EXECUTE,opa_allowed_at_gate,8.611788041889668,2.872777171432972,99.88451307634382,105.70463014352723
opa_readset,related_same,100,26,1,EXECUTE,opa_allowed_at_gate,9.23614902421832,3.157251048833132,99.88451307634382,105.70463014352723
opa_readset,related_same,100,27,1,EXECUTE,opa_allowed_at_gate,9.181156754493713,3.181335050612688,99.88451307634382,105.70463014352723
opa_readset,related_same,100,28,1,EXECUTE,opa_allowed_at_gate,9.759359993040562,3.4316349774599075,99.88451307634382,105.70463014352723
opa_readset,related_same,100,29,1,EXECUTE,opa_allowed_at_gate,10.63577365130186,4.49811527505517,99.88451307634382,105.70463014352723
opa_readset,related_same,100,30,1,EXECUTE,opa_allowed_at_gate,9.577509015798569,3.2158098183572292,99.88451307634382,105.70463014352723
opa_readset,related_same,100,31,1,EXECUTE,opa_allowed_at_gate,9.297735057771206,3.379897214472294,99.88451307634382,105.70463014352723
opa_readset,related_same,100,32,1,EXECUTE,opa_allowed_at_gate,9.184993337839842,2.797335386276245,99.88451307634382,105.70463014352723
opa_readset,related_same,100,33,1,EXECUTE,opa_allowed_at_gate,8.640762884169817,2.726613078266382,99.88451307634382,105.70463014352723
opa_readset,related_same,100,34,1,EXECUTE,opa_allowed_at_gate,8.65680305287242,2.570891287177801,99.88451307634382,105.70463014352723
opa_readset,related_same,100,35,1,EXECUTE,opa_allowed_at_gate,10.24107402190566,3.1348788179457188,99.88451307634382,105.70463014352723
opa_readset,related_same,100,36,1,EXECUTE,opa_allowed_at_gate,10.765376966446638,3.1105121597647667,99.88451307634382,105.70463014352723
opa_readset,related_same,100,37,1,EXECUTE,opa_allowed_at_gate,9.438018314540386,2.92375311255455,99.88451307634382,105.70463014352723
opa_readset,related_same,100,38,1,EXECUTE,opa_allowed_at_gate,9.709257166832685,3.187878057360649,99.88451307634382,105.70463014352723
opa_readset,related_same,100,39,1,EXECUTE,opa_allowed_at_gate,9.567401371896267,3.1356001272797585,99.88451307634382,105.70463014352723
opa_readset,related_same,100,40,1,EXECUTE,opa_allowed_at_gate,9.091719053685665,2.673542592674494,99.88451307634382,105.70463014352723
opa_readset,related_same,100,41,1,EXECUTE,opa_allowed_at_gate,9.259073063731194,2.9075322672724724,99.88451307634382,105.70463014352723
opa_readset,related_same,100,42,1,EXECUTE,opa_allowed_at_gate,9.125533048063517,2.811431884765625,99.88451307634382,105.70463014352723
opa_readset,related_same,100,43,1,EXECUTE,opa_allowed_at_gate,9.714697021991014,3.086958546191454,99.88451307634382,105.70463014352723
opa_readset,related_same,100,44,1,EXECUTE,opa_allowed_at_gate,9.656218346208334,3.2359189353883266,99.88451307634382,105.70463014352723
opa_readset,related_same,100,45,1,EXECUTE,opa_allowed_at_gate,9.423491079360247,3.003411926329136,99.88451307634382,105.70463014352723
opa_readset,related_same,100,46,1,EXECUTE,opa_allowed_at_gate,9.38231311738491,2.94649600982666,99.88451307634382,105.70463014352723
opa_readset,related_same,100,47,1,EXECUTE,opa_allowed_at_gate,8.824947755783796,3.1270841136574745,99.88451307634382,105.70463014352723
opa_readset,related_same,100,48,1,EXECUTE,opa_allowed_at_gate,9.275943972170353,3.347487188875675,99.88451307634382,105.70463014352723
opa_readset,related_same,100,49,1,EXECUTE,opa_allowed_at_gate,9.080457966774702,3.186705056577921,99.88451307634382,105.70463014352723
opa_readset,related_same,100,50,1,EXECUTE,opa_allowed_at_gate,8.917352184653282,3.2254881225526333,99.88451307634382,105.70463014352723
opa_readset,related_same,100,51,1,EXECUTE,opa_allowed_at_gate,9.957411792129278,4.106299951672554,99.88451307634382,105.70463014352723
opa_readset,related_same,100,52,1,EXECUTE,opa_allowed_at_gate,9.25325183197856,2.9896963387727737,99.88451307634382,105.70463014352723
opa_readset,related_same,100,53,1,EXECUTE,opa_allowed_at_gate,9.542904794216156,3.018380142748356,99.88451307634382,105.70463014352723
opa_readset,related_same,100,54,1,EXECUTE,opa_allowed_at_gate,9.652429725974798,3.052854910492897,99.88451307634382,105.70463014352723
opa_readset,related_same,100,55,1,EXECUTE,opa_allowed_at_gate,9.300671052187681,2.9412847943603992,99.88451307634382,105.70463014352723
opa_readset,related_same,100,56,1,EXECUTE,opa_allowed_at_gate,9.380931034684181,3.118107095360756,99.88451307634382,105.70463014352723
opa_readset,related_same,100,57,1,EXECUTE,opa_allowed_at_gate,9.679760783910751,3.3397232182323933,99.88451307634382,105.70463014352723
opa_readset,related_same,100,58,1,EXECUTE,opa_allowed_at_gate,9.43222688511014,3.125079907476902,99.88451307634382,105.70463014352723
opa_readset,related_same,100,59,1,EXECUTE,opa_allowed_at_gate,9.197867941111326,2.8160810470581055,99.88451307634382,105.70463014352723
opa_readset,related_same,100,60,1,EXECUTE,opa_allowed_at_gate,8.902874309569597,3.1441058963537216,99.88451307634382,105.70463014352723
opa_readset,related_same,100,61,1,EXECUTE,opa_allowed_at_gate,9.554337244480848,2.9068910516798496,99.88451307634382,105.70463014352723
opa_readset,related_same,100,62,1,EXECUTE,opa_allowed_at_gate,9.978570975363255,3.3227913081645966,99.88451307634382,105.70463014352723
opa_readset,related_same,100,63,1,EXECUTE,opa_allowed_at_gate,9.87094035372138,3.143494948744774,99.88451307634382,105.70463014352723
opa_readset,related_same,100,64,1,EXECUTE,opa_allowed_at_gate,9.604339953511953,2.9841959476470947,99.88451307634382,105.70463014352723
opa_readset,related_same,100,65,1,EXECUTE,opa_allowed_at_gate,9.659222792834044,3.025372978299856,99.88451307634382,105.70463014352723
opa_readset,related_same,100,66,1,EXECUTE,opa_allowed_at_gate,9.360862895846367,2.9289820231497288,99.88451307634382,105.70463014352723
opa_readset,related_same,100,67,1,EXECUTE,opa_allowed_at_gate,9.36689367517829,3.1855744309723377,99.88451307634382,105.70463014352723
opa_readset,related_same,100,68,1,EXECUTE,opa_allowed_at_gate,8.89371708035469,2.750677987933159,99.88451307634382,105.70463014352723
opa_readset,related_same,100,69,1,EXECUTE,opa_allowed_at_gate,9.621953126043081,3.464546985924244,99.88451307634382,105.70463014352723
opa_readset,related_same,100,70,1,EXECUTE,opa_allowed_at_gate,9.53681394457817,3.30928573384881,99.88451307634382,105.70463014352723
opa_readset,related_same,100,71,1,EXECUTE,opa_allowed_at_gate,9.984292089939117,3.183600027114153,99.88451307634382,105.70463014352723
opa_readset,related_same,100,72,1,EXECUTE,opa_allowed_at_gate,10.215174872428179,3.2734679989516735,99.88451307634382,105.70463014352723
opa_readset,related_same,100,73,1,EXECUTE,opa_allowed_at_gate,9.469075594097376,3.291431814432144,99.88451307634382,105.70463014352723
opa_readset,related_same,100,74,1,EXECUTE,opa_allowed_at_gate,9.627634193748236,3.2095881178975105,99.88451307634382,105.70463014352723
opa_readset,related_same,100,75,1,EXECUTE,opa_allowed_at_gate,10.469541884958744,3.2467390410602093,99.88451307634382,105.70463014352723
opa_readset,related_same,100,76,1,EXECUTE,opa_allowed_at_gate,8.578586857765913,2.5746580213308334,99.88451307634382,105.70463014352723
opa_readset,related_same,100,77,1,EXECUTE,opa_allowed_at_gate,9.156289976090193,3.2265903428196907,99.88451307634382,105.70463014352723
opa_readset,related_same,100,78,1,EXECUTE,opa_allowed_at_gate,9.044330101460218,2.749666105955839,99.88451307634382,105.70463014352723
opa_readset,related_same,100,79,1,EXECUTE,opa_allowed_at_gate,8.858361281454563,2.8578187339007854,99.88451307634382,105.70463014352723
opa_readset,related_same,100,80,1,EXECUTE,opa_allowed_at_gate,8.942128159105778,3.0465731397271156,99.88451307634382,105.70463014352723
opa_readset,related_same,100,81,1,EXECUTE,opa_allowed_at_gate,9.193891193717718,3.0081509612500668,99.88451307634382,105.70463014352723
opa_readset,related_same,100,82,1,EXECUTE,opa_allowed_at_gate,9.50039504095912,3.0383369885385036,99.88451307634382,105.70463014352723
opa_readset,related_same,100,83,1,EXECUTE,opa_allowed_at_gate,9.242712054401636,3.0678529292345047,99.88451307634382,105.70463014352723
opa_readset,related_same,100,84,1,EXECUTE,opa_allowed_at_gate,9.045731741935015,3.097148146480322,99.88451307634382,105.70463014352723
opa_readset,related_same,100,85,1,EXECUTE,opa_allowed_at_gate,9.46922693401575,3.4262542612850666,99.88451307634382,105.70463014352723
opa_readset,related_same,100,86,1,EXECUTE,opa_allowed_at_gate,9.154817089438438,2.9436396434903145,99.88451307634382,105.70463014352723
opa_readset,related_same,100,87,1,EXECUTE,opa_allowed_at_gate,8.839506190270185,3.1113740988075733,99.88451307634382,105.70463014352723
opa_readset,related_same,100,88,1,EXECUTE,opa_allowed_at_gate,9.549726732075214,3.333752043545246,99.88451307634382,105.70463014352723
opa_readset,related_same,100,89,1,EXECUTE,opa_allowed_at_gate,9.144437965005636,3.0002561397850513,99.88451307634382,105.70463014352723
opa_readset,related_same,100,90,1,EXECUTE,opa_allowed_at_gate,9.415595792233944,3.065548837184906,99.88451307634382,105.70463014352723
opa_readset,related_same,100,91,1,EXECUTE,opa_allowed_at_gate,9.919391013681889,3.2483707182109356,99.88451307634382,105.70463014352723
opa_readset,related_same,100,92,1,EXECUTE,opa_allowed_at_gate,9.078084025532007,2.9409551061689854,99.88451307634382,105.70463014352723
opa_readset,related_same,100,93,1,EXECUTE,opa_allowed_at_gate,10.373882949352264,2.8286040760576725,99.88451307634382,105.70463014352723
opa_readset,related_same,100,94,1,EXECUTE,opa_allowed_at_gate,9.797120932489634,3.618666436523199,99.88451307634382,105.70463014352723
opa_readset,related_same,100,95,1,EXECUTE,opa_allowed_at_gate,9.832789190113544,3.2002399675548077,99.88451307634382,105.70463014352723
opa_readset,related_same,100,96,1,EXECUTE,opa_allowed_at_gate,8.84674908593297,2.8484012000262737,99.88451307634382,105.70463014352723
opa_readset,related_same,100,97,1,EXECUTE,opa_allowed_at_gate,9.439782239496708,3.301891963928938,99.88451307634382,105.70463014352723
opa_readset,related_same,100,98,1,EXECUTE,opa_allowed_at_gate,9.686513803899288,3.041754011064768,99.88451307634382,105.70463014352723
opa_readset,related_same,100,99,1,EXECUTE,opa_allowed_at_gate,8.843283168971539,2.7590030804276466,99.88451307634382,105.70463014352723
global,unrelated,500,0,0,REVOKE,context_version_changed_at_publish,19.288570154458284,6.862658075988293,121.6736945003457,0.5118283912781786
global,unrelated,500,1,0,REVOKE,context_version_changed_at_publish,20.97909990698099,5.475438199937344,121.6736945003457,0.5118283912781786
global,unrelated,500,2,0,REVOKE,context_version_changed_at_publish,18.252315931022167,7.218476384878159,121.6736945003457,0.5118283912781786
global,unrelated,500,3,0,REVOKE,context_version_changed_at_publish,16.80058380588889,5.704197101294994,121.6736945003457,0.5118283912781786
global,unrelated,500,4,0,REVOKE,context_version_changed_at_publish,22.758737206459045,7.36692501232028,121.6736945003457,0.5118283912781786
global,unrelated,500,5,0,REVOKE,context_version_changed_at_publish,16.709742601960897,6.346039939671755,121.6736945003457,0.5118283912781786
global,unrelated,500,6,0,REVOKE,context_version_changed_at_publish,17.88386609405279,6.863831076771021,121.6736945003457,0.5118283912781786
global,unrelated,500,7,0,REVOKE,context_version_changed_at_publish,17.379289027303457,6.8711950443685055,121.6736945003457,0.5118283912781786
global,unrelated,500,8,0,REVOKE,context_version_changed_at_publish,23.732302710413933,7.902880199253559,121.6736945003457,0.5118283912781786
global,unrelated,500,9,0,REVOKE,context_version_changed_at_publish,23.7220237031579,8.10010964050889,121.6736945003457,0.5118283912781786
global,unrelated,500,10,0,REVOKE,context_version_changed_at_publish,16.640404239296913,6.132109090685844,121.6736945003457,0.5118283912781786
global,unrelated,500,11,0,REVOKE,context_version_changed_at_publish,18.530888948589563,6.833555176854134,121.6736945003457,0.5118283912781786
global,unrelated,500,12,0,REVOKE,context_version_changed_at_publish,25.44834977015853,8.750097826123238,121.6736945003457,0.5118283912781786
global,unrelated,500,13,0,REVOKE,context_version_changed_at_publish,22.846762090921402,7.961669936776161,121.6736945003457,0.5118283912781786
global,unrelated,500,14,0,REVOKE,context_version_changed_at_publish,24.506394285708666,8.565020747482777,121.6736945003457,0.5118283912781786
global,unrelated,500,15,0,REVOKE,context_version_changed_at_publish,16.99302578344941,6.429076194763184,121.6736945003457,0.5118283912781786
global,unrelated,500,16,0,REVOKE,context_version_changed_at_publish,17.83431274816394,7.040543016046286,121.6736945003457,0.5118283912781786
global,unrelated,500,17,0,REVOKE,context_version_changed_at_publish,23.570450022816658,8.176181931048632,121.6736945003457,0.5118283912781786
global,unrelated,500,18,0,REVOKE,context_version_changed_at_publish,17.716633155941963,5.868074018508196,121.6736945003457,0.5118283912781786
global,unrelated,500,19,0,REVOKE,context_version_changed_at_publish,17.010407987982035,6.143350154161453,121.6736945003457,0.5118283912781786
global,unrelated,500,20,0,REVOKE,context_version_changed_at_publish,17.972773406654596,7.19731580466032,121.6736945003457,0.5118283912781786
global,unrelated,500,21,0,REVOKE,context_version_changed_at_publish,23.241923190653324,8.016201667487621,121.6736945003457,0.5118283912781786
global,unrelated,500,22,0,REVOKE,context_version_changed_at_publish,17.21767708659172,6.152477115392685,121.6736945003457,0.5118283912781786
global,unrelated,500,23,0,REVOKE,context_version_changed_at_publish,16.560113057494164,6.3251410610973835,121.6736945003457,0.5118283912781786
global,unrelated,500,24,0,REVOKE,context_version_changed_at_publish,17.80528901144862,6.758152972906828,121.6736945003457,0.5118283912781786
global,unrelated,500,25,0,REVOKE,context_version_changed_at_publish,23.437199648469687,7.691832724958658,121.6736945003457,0.5118283912781786
global,unrelated,500,26,0,REVOKE,context_version_changed_at_publish,22.48204778879881,6.8264007568359375,121.6736945003457,0.5118283912781786
global,unrelated,500,27,0,REVOKE,context_version_changed_at_publish,16.857430804520845,6.72956882044673,121.6736945003457,0.5118283912781786
global,unrelated,500,28,0,REVOKE,context_version_changed_at_publish,16.47532405331731,6.17307610809803,121.6736945003457,0.5118283912781786
global,unrelated,500,29,0,REVOKE,context_version_changed_at_publish,18.146567977964878,7.35945999622345,121.6736945003457,0.5118283912781786
global,unrelated,500,30,0,REVOKE,context_version_changed_at_publish,23.82945502176881,8.058941923081875,121.6736945003457,0.5118283912781786
global,unrelated,500,31,0,REVOKE,context_version_changed_at_publish,22.07583701238036,7.0500001311302185,121.6736945003457,0.5118283912781786
global,unrelated,500,32,0,REVOKE,context_version_changed_at_publish,18.884222023189068,6.678874138742685,121.6736945003457,0.5118283912781786
global,unrelated,500,33,0,REVOKE,context_version_changed_at_publish,23.846116848289967,8.918033447116613,121.6736945003457,0.5118283912781786
global,unrelated,500,34,0,REVOKE,context_version_changed_at_publish,18.352553714066744,6.718948949128389,121.6736945003457,0.5118283912781786
global,unrelated,500,35,0,REVOKE,context_version_changed_at_publish,16.50372799485922,5.509952083230019,121.6736945003457,0.5118283912781786
global,unrelated,500,36,0,REVOKE,context_version_changed_at_publish,17.65223126858473,6.50306511670351,121.6736945003457,0.5118283912781786
global,unrelated,500,37,0,REVOKE,context_version_changed_at_publish,17.546632792800665,5.709636956453323,121.6736945003457,0.5118283912781786
global,unrelated,500,38,0,REVOKE,context_version_changed_at_publish,17.005317844450474,6.509075872600079,121.6736945003457,0.5118283912781786
global,unrelated,500,39,0,REVOKE,context_version_changed_at_publish,16.303974203765392,6.153869908303022,121.6736945003457,0.5118283912781786
global,unrelated,500,40,0,REVOKE,context_version_changed_at_publish,16.464614775031805,5.8196228928864,121.6736945003457,0.5118283912781786
global,unrelated,500,41,0,REVOKE,context_version_changed_at_publish,16.50369679555297,5.2437931299209595,121.6736945003457,0.5118283912781786
global,unrelated,500,42,0,REVOKE,context_version_changed_at_publish,19.22726398333907,8.279745932668447,121.6736945003457,0.5118283912781786
global,unrelated,500,43,0,REVOKE,context_version_changed_at_publish,17.597137950360775,7.025974802672863,121.6736945003457,0.5118283912781786
global,unrelated,500,44,0,REVOKE,context_version_changed_at_publish,17.418562900274992,5.986435804516077,121.6736945003457,0.5118283912781786
global,unrelated,500,45,0,REVOKE,context_version_changed_at_publish,18.225606065243483,6.679434794932604,121.6736945003457,0.5118283912781786
global,unrelated,500,46,0,REVOKE,context_version_changed_at_publish,23.388578090816736,7.907999213784933,121.6736945003457,0.5118283912781786
global,unrelated,500,47,0,REVOKE,context_version_changed_at_publish,16.370178200304508,5.835633259266615,121.6736945003457,0.5118283912781786
global,unrelated,500,48,0,REVOKE,context_version_changed_at_publish,22.97486225143075,7.526523899286985,121.6736945003457,0.5118283912781786
global,unrelated,500,49,0,REVOKE,context_version_changed_at_publish,16.769074834883213,5.84105309098959,121.6736945003457,0.5118283912781786
global,unrelated,500,50,0,REVOKE,context_version_changed_at_publish,27.008745819330215,7.867061998695135,121.6736945003457,0.5118283912781786
global,unrelated,500,51,0,REVOKE,context_version_changed_at_publish,17.14527979493141,5.793302785605192,121.6736945003457,0.5118283912781786
global,unrelated,500,52,0,REVOKE,context_version_changed_at_publish,17.83132692798972,6.99971616268158,121.6736945003457,0.5118283912781786
global,unrelated,500,53,1,EXECUTE,published_after_gate_recheck,18.04017834365368,4.560532048344612,121.6736945003457,0.5118283912781786
global,unrelated,500,54,0,REVOKE,context_version_changed_at_publish,22.285981103777885,8.54029506444931,121.6736945003457,0.5118283912781786
global,unrelated,500,55,0,REVOKE,context_version_changed_at_publish,22.372132167220116,7.187528070062399,121.6736945003457,0.5118283912781786
global,unrelated,500,56,0,REVOKE,context_version_changed_at_publish,17.832588870078325,6.129974033683538,121.6736945003457,0.5118283912781786
global,unrelated,500,57,0,REVOKE,context_version_changed_at_publish,19.179255235940218,6.753894966095686,121.6736945003457,0.5118283912781786
global,unrelated,500,58,0,REVOKE,context_version_changed_at_publish,18.02263595163822,7.346125319600105,121.6736945003457,0.5118283912781786
global,unrelated,500,59,0,REVOKE,context_version_changed_at_publish,23.698498960584402,8.079490158706903,121.6736945003457,0.5118283912781786
global,unrelated,500,60,0,REVOKE,context_version_changed_at_publish,17.657460644841194,6.793038919568062,121.6736945003457,0.5118283912781786
global,unrelated,500,61,0,REVOKE,context_version_changed_at_publish,17.367627937346697,6.159651093184948,121.6736945003457,0.5118283912781786
global,unrelated,500,62,0,REVOKE,context_version_changed_at_publish,17.37549202516675,6.408166140317917,121.6736945003457,0.5118283912781786
global,unrelated,500,63,0,REVOKE,context_version_changed_at_publish,22.487437818199396,8.013807702809572,121.6736945003457,0.5118283912781786
global,unrelated,500,64,0,REVOKE,context_version_changed_at_publish,18.032164312899113,6.020599976181984,121.6736945003457,0.5118283912781786
global,unrelated,500,65,0,REVOKE,context_version_changed_at_publish,18.007939215749502,6.735931150615215,121.6736945003457,0.5118283912781786
global,unrelated,500,66,0,REVOKE,context_version_changed_at_publish,23.403184954077005,8.224382065236568,121.6736945003457,0.5118283912781786
global,unrelated,500,67,0,REVOKE,context_version_changed_at_publish,23.40706204995513,7.529569789767265,121.6736945003457,0.5118283912781786
global,unrelated,500,68,0,REVOKE,context_version_changed_at_publish,22.73418102413416,7.898882031440735,121.6736945003457,0.5118283912781786
global,unrelated,500,69,0,REVOKE,context_version_changed_at_publish,22.6617562584579,7.560817990452051,121.6736945003457,0.5118283912781786
global,unrelated,500,70,0,REVOKE,context_version_changed_at_publish,24.65751813724637,8.120468351989985,121.6736945003457,0.5118283912781786
global,unrelated,500,71,0,REVOKE,context_version_changed_at_publish,17.71663222461939,6.343976128846407,121.6736945003457,0.5118283912781786
global,unrelated,500,72,0,REVOKE,context_version_changed_at_publish,16.915240325033665,6.373431067913771,121.6736945003457,0.5118283912781786
global,unrelated,500,73,0,REVOKE,context_version_changed_at_publish,17.04943086951971,6.088757887482643,121.6736945003457,0.5118283912781786
global,unrelated,500,74,0,REVOKE,context_version_changed_at_publish,16.87720837071538,6.183434743434191,121.6736945003457,0.5118283912781786
global,unrelated,500,75,0,REVOKE,context_version_changed_at_publish,22.74984121322632,8.545103948563337,121.6736945003457,0.5118283912781786
global,unrelated,500,76,0,REVOKE,context_version_changed_at_publish,23.664155043661594,8.140765130519867,121.6736945003457,0.5118283912781786
global,unrelated,500,77,0,REVOKE,context_version_changed_at_publish,17.183391842991114,6.109156180173159,121.6736945003457,0.5118283912781786
global,unrelated,500,78,0,REVOKE,context_version_changed_at_publish,17.162513453513384,6.340389139950275,121.6736945003457,0.5118283912781786
global,unrelated,500,79,0,REVOKE,context_version_changed_at_publish,22.06172002479434,6.829436868429184,121.6736945003457,0.5118283912781786
global,unrelated,500,80,0,REVOKE,context_version_changed_at_publish,22.20441773533821,8.002816699445248,121.6736945003457,0.5118283912781786
global,unrelated,500,81,0,REVOKE,context_version_changed_at_publish,17.81077915802598,7.10374116897583,121.6736945003457,0.5118283912781786
global,unrelated,500,82,0,REVOKE,context_version_changed_at_publish,22.951899096369743,8.802526164799929,121.6736945003457,0.5118283912781786
global,unrelated,500,83,0,REVOKE,context_version_changed_at_publish,20.979862194508314,5.819001700729132,121.6736945003457,0.5118283912781786
global,unrelated,500,84,0,REVOKE,context_version_changed_at_publish,16.970261931419373,6.171893328428268,121.6736945003457,0.5118283912781786
global,unrelated,500,85,0,REVOKE,context_version_changed_at_publish,16.652836930006742,6.243327166885138,121.6736945003457,0.5118283912781786
global,unrelated,500,86,0,REVOKE,context_version_changed_at_publish,16.12581918016076,5.676062777638435,121.6736945003457,0.5118283912781786
global,unrelated,500,87,0,REVOKE,context_version_changed_at_publish,17.060521990060806,5.7946061715483665,121.6736945003457,0.5118283912781786
global,unrelated,500,88,0,REVOKE,context_version_changed_at_publish,17.80203217640519,6.397647317498922,121.6736945003457,0.5118283912781786
global,unrelated,500,89,0,REVOKE,context_version_changed_at_publish,16.098688822239637,5.719074048101902,121.6736945003457,0.5118283912781786
global,unrelated,500,90,0,REVOKE,context_version_changed_at_publish,24.413700681179762,8.059673942625523,121.6736945003457,0.5118283912781786
global,unrelated,500,91,0,REVOKE,context_version_changed_at_publish,23.6036810092628,8.010219782590866,121.6736945003457,0.5118283912781786
global,unrelated,500,92,0,REVOKE,context_version_changed_at_publish,23.15960917621851,6.502492818981409,121.6736945003457,0.5118283912781786
global,unrelated,500,93,0,REVOKE,context_version_changed_at_publish,16.606680117547512,6.397637072950602,121.6736945003457,0.5118283912781786
global,unrelated,500,94,0,REVOKE,context_version_changed_at_publish,17.908743117004633,6.758613046258688,121.6736945003457,0.5118283912781786
global,unrelated,500,95,0,REVOKE,context_version_changed_at_publish,22.439748980104923,7.737289182841778,121.6736945003457,0.5118283912781786
global,unrelated,500,96,0,REVOKE,context_version_changed_at_publish,16.129505820572376,5.534999072551727,121.6736945003457,0.5118283912781786
global,unrelated,500,97,0,REVOKE,context_version_changed_at_publish,16.54557604342699,6.193393841385841,121.6736945003457,0.5118283912781786
global,unrelated,500,98,0,REVOKE,context_version_changed_at_publish,16.23085606843233,5.751955322921276,121.6736945003457,0.5118283912781786
global,unrelated,500,99,0,REVOKE,context_version_changed_at_publish,17.102590762078762,6.318529136478901,121.6736945003457,0.5118283912781786
readset,unrelated,500,0,1,EXECUTE,published_after_gate_recheck,21.90242102369666,6.573535967618227,122.46016753566738,49.770048861588535
readset,unrelated,500,1,1,EXECUTE,published_after_gate_recheck,21.927157882601023,7.649323903024197,122.46016753566738,49.770048861588535
readset,unrelated,500,2,1,EXECUTE,published_after_gate_recheck,23.49704224616289,7.061982993036509,122.46016753566738,49.770048861588535
readset,unrelated,500,3,1,EXECUTE,published_after_gate_recheck,17.249425873160362,6.170561071485281,122.46016753566738,49.770048861588535
readset,unrelated,500,4,1,EXECUTE,published_after_gate_recheck,16.900321003049612,6.406283006072044,122.46016753566738,49.770048861588535
readset,unrelated,500,5,1,EXECUTE,published_after_gate_recheck,23.35200970992446,6.799038965255022,122.46016753566738,49.770048861588535
readset,unrelated,500,6,1,EXECUTE,published_after_gate_recheck,17.577972263097763,5.418089684098959,122.46016753566738,49.770048861588535
readset,unrelated,500,7,1,EXECUTE,published_after_gate_recheck,18.84440705180168,8.025249000638723,122.46016753566738,49.770048861588535
readset,unrelated,500,8,1,EXECUTE,published_after_gate_recheck,22.528704721480608,7.280802819877863,122.46016753566738,49.770048861588535
readset,unrelated,500,9,1,EXECUTE,published_after_gate_recheck,16.192625276744366,6.1941747553646564,122.46016753566738,49.770048861588535
readset,unrelated,500,10,1,EXECUTE,published_after_gate_recheck,16.652917955070734,6.28298195078969,122.46016753566738,49.770048861588535
readset,unrelated,500,11,1,EXECUTE,published_after_gate_recheck,22.915560752153397,7.8825922682881355,122.46016753566738,49.770048861588535
readset,unrelated,500,12,1,EXECUTE,published_after_gate_recheck,17.925794702023268,7.48405372723937,122.46016753566738,49.770048861588535
readset,unrelated,500,13,1,EXECUTE,published_after_gate_recheck,23.633887991309166,8.733698166906834,122.46016753566738,49.770048861588535
readset,unrelated,500,14,1,EXECUTE,published_after_gate_recheck,22.73789793252945,7.758138235658407,122.46016753566738,49.770048861588535
readset,unrelated,500,15,1,EXECUTE,published_after_gate_recheck,17.216313630342484,6.884761154651642,122.46016753566738,49.770048861588535
readset,unrelated,500,16,1,EXECUTE,published_after_gate_recheck,22.158632054924965,6.962957326322794,122.46016753566738,49.770048861588535
readset,unrelated,500,17,1,EXECUTE,published_after_gate_recheck,17.037689220160246,6.051938980817795,122.46016753566738,49.770048861588535
readset,unrelated,500,18,1,EXECUTE,published_after_gate_recheck,15.731669962406158,5.86425606161356,122.46016753566738,49.770048861588535
readset,unrelated,500,19,1,EXECUTE,published_after_gate_recheck,16.90358715131879,6.174689158797264,122.46016753566738,49.770048861588535
readset,unrelated,500,20,1,EXECUTE,published_after_gate_recheck,23.003906942903996,7.547182030975819,122.46016753566738,49.770048861588535
readset,unrelated,500,21,1,EXECUTE,published_after_gate_recheck,17.5524540245533,6.475172936916351,122.46016753566738,49.770048861588535
readset,unrelated,500,22,1,EXECUTE,published_after_gate_recheck,24.72537523135543,8.37767031043768,122.46016753566738,49.770048861588535
readset,unrelated,500,23,1,EXECUTE,published_after_gate_recheck,22.152811288833618,7.7110701240599155,122.46016753566738,49.770048861588535
readset,unrelated,500,24,1,EXECUTE,published_after_gate_recheck,17.805358860641718,6.484489887952805,122.46016753566738,49.770048861588535
readset,unrelated,500,25,1,EXECUTE,published_after_gate_recheck,23.238776717334986,7.643172051757574,122.46016753566738,49.770048861588535
readset,unrelated,500,26,1,EXECUTE,published_after_gate_recheck,17.14999880641699,6.463299971073866,122.46016753566738,49.770048861588535
readset,unrelated,500,27,1,EXECUTE,published_after_gate_recheck,21.952725015580654,7.269322406500578,122.46016753566738,49.770048861588535
readset,unrelated,500,28,1,EXECUTE,published_after_gate_recheck,21.557354368269444,7.294910028576851,122.46016753566738,49.770048861588535
readset,unrelated,500,29,1,EXECUTE,published_after_gate_recheck,22.062500938773155,7.127546239644289,122.46016753566738,49.770048861588535
readset,unrelated,500,30,1,EXECUTE,published_after_gate_recheck,17.332601826637983,6.751910783350468,122.46016753566738,49.770048861588535
readset,unrelated,500,31,1,EXECUTE,published_after_gate_recheck,17.12628500536084,4.098085220903158,122.46016753566738,49.770048861588535
readset,unrelated,500,32,1,EXECUTE,published_after_gate_recheck,22.377972956746817,7.5750951655209064,122.46016753566738,49.770048861588535
readset,unrelated,500,33,1,EXECUTE,published_after_gate_recheck,22.043555974960327,7.543374784290791,122.46016753566738,49.770048861588535
readset,unrelated,500,34,1,EXECUTE,published_after_gate_recheck,16.887306701391935,5.696352105587721,122.46016753566738,49.770048861588535
readset,unrelated,500,35,1,EXECUTE,published_after_gate_recheck,17.97929499298334,6.470875348895788,122.46016753566738,49.770048861588535
readset,unrelated,500,36,1,EXECUTE,published_after_gate_recheck,21.75040589645505,6.720683071762323,122.46016753566738,49.770048861588535
readset,unrelated,500,37,1,EXECUTE,published_after_gate_recheck,16.787991393357515,5.486418027430773,122.46016753566738,49.770048861588535
readset,unrelated,500,38,1,EXECUTE,published_after_gate_recheck,17.421839758753777,6.524053867906332,122.46016753566738,49.770048861588535
readset,unrelated,500,39,1,EXECUTE,published_after_gate_recheck,16.936989966779947,6.0359579510986805,122.46016753566738,49.770048861588535
readset,unrelated,500,40,1,EXECUTE,published_after_gate_recheck,16.55691722407937,5.842756014317274,122.46016753566738,49.770048861588535
readset,unrelated,500,41,1,EXECUTE,published_after_gate_recheck,28.712301049381495,11.475639417767525,122.46016753566738,49.770048861588535
readset,unrelated,500,42,1,EXECUTE,published_after_gate_recheck,25.422883220016956,8.010972291231155,122.46016753566738,49.770048861588535
readset,unrelated,500,43,1,EXECUTE,published_after_gate_recheck,20.86892304942012,8.026090916246176,122.46016753566738,49.770048861588535
readset,unrelated,500,44,1,EXECUTE,published_after_gate_recheck,20.606370642781258,9.461260866373777,122.46016753566738,49.770048861588535
readset,unrelated,500,45,1,EXECUTE,published_after_gate_recheck,17.224529292434454,6.1568450182676315,122.46016753566738,49.770048861588535
readset,unrelated,500,46,1,EXECUTE,published_after_gate_recheck,20.147280301898718,9.399004746228456,122.46016753566738,49.770048861588535
readset,unrelated,500,47,1,EXECUTE,published_after_gate_recheck,23.501569870859385,7.9740420915186405,122.46016753566738,49.770048861588535
readset,unrelated,500,48,1,EXECUTE,published_after_gate_recheck,24.185372050851583,7.521954830735922,122.46016753566738,49.770048861588535
readset,unrelated,500,49,1,EXECUTE,published_after_gate_recheck,17.710240092128515,6.492233835160732,122.46016753566738,49.770048861588535
readset,unrelated,500,50,1,EXECUTE,published_after_gate_recheck,17.73208100348711,6.696667987853289,122.46016753566738,49.770048861588535
readset,unrelated,500,51,1,EXECUTE,published_after_gate_recheck,24.502196814864874,8.164490107446909,122.46016753566738,49.770048861588535
readset,unrelated,500,52,1,EXECUTE,published_after_gate_recheck,25.151093024760485,8.212320040911436,122.46016753566738,49.770048861588535
readset,unrelated,500,53,1,EXECUTE,published_after_gate_recheck,25.641463231295347,8.789130952209234,122.46016753566738,49.770048861588535
readset,unrelated,500,54,1,EXECUTE,published_after_gate_recheck,22.612291853874922,7.705299183726311,122.46016753566738,49.770048861588535
readset,unrelated,500,55,1,EXECUTE,published_after_gate_recheck,17.154667992144823,6.070383358746767,122.46016753566738,49.770048861588535
readset,unrelated,500,56,1,EXECUTE,published_after_gate_recheck,22.784986067563295,8.024587761610746,122.46016753566738,49.770048861588535
readset,unrelated,500,57,1,EXECUTE,published_after_gate_recheck,22.895983885973692,7.968642748892307,122.46016753566738,49.770048861588535
readset,unrelated,500,58,1,EXECUTE,published_after_gate_recheck,18.275881186127663,6.967957131564617,122.46016753566738,49.770048861588535
readset,unrelated,500,59,1,EXECUTE,published_after_gate_recheck,25.086853187531233,8.989105932414532,122.46016753566738,49.770048861588535
readset,unrelated,500,60,1,EXECUTE,published_after_gate_recheck,22.362844552844763,7.874155882745981,122.46016753566738,49.770048861588535
readset,unrelated,500,61,1,EXECUTE,published_after_gate_recheck,17.413914669305086,6.626907270401716,122.46016753566738,49.770048861588535
readset,unrelated,500,62,1,EXECUTE,published_after_gate_recheck,16.45430503413081,6.422402802854776,122.46016753566738,49.770048861588535
readset,unrelated,500,63,1,EXECUTE,published_after_gate_recheck,17.51149818301201,6.4535923302173615,122.46016753566738,49.770048861588535
readset,unrelated,500,64,1,EXECUTE,published_after_gate_recheck,23.21426197886467,8.766669314354658,122.46016753566738,49.770048861588535
readset,unrelated,500,65,1,EXECUTE,published_after_gate_recheck,21.837418898940086,7.080627139657736,122.46016753566738,49.770048861588535
readset,unrelated,500,66,1,EXECUTE,published_after_gate_recheck,22.336365189403296,7.5788917019963264,122.46016753566738,49.770048861588535
readset,unrelated,500,67,1,EXECUTE,published_after_gate_recheck,16.25806698575616,5.817027762532234,122.46016753566738,49.770048861588535
readset,unrelated,500,68,1,EXECUTE,published_after_gate_recheck,17.022721003741026,6.169058382511139,122.46016753566738,49.770048861588535
readset,unrelated,500,69,1,EXECUTE,published_after_gate_recheck,17.360324040055275,5.766293033957481,122.46016753566738,49.770048861588535
readset,unrelated,500,70,1,EXECUTE,published_after_gate_recheck,22.52463810145855,7.588489912450314,122.46016753566738,49.770048861588535
readset,unrelated,500,71,1,EXECUTE,published_after_gate_recheck,22.438356652855873,8.083988912403584,122.46016753566738,49.770048861588535
readset,unrelated,500,72,1,EXECUTE,published_after_gate_recheck,18.321265932172537,7.465770002454519,122.46016753566738,49.770048861588535
readset,unrelated,500,73,1,EXECUTE,published_after_gate_recheck,22.860027384012938,8.429427165538073,122.46016753566738,49.770048861588535
readset,unrelated,500,74,1,EXECUTE,published_after_gate_recheck,22.232921328395605,7.943835575133562,122.46016753566738,49.770048861588535
readset,unrelated,500,75,1,EXECUTE,published_after_gate_recheck,17.40794302895665,5.888302344828844,122.46016753566738,49.770048861588535
readset,unrelated,500,76,1,EXECUTE,published_after_gate_recheck,17.598440404981375,6.661552004516125,122.46016753566738,49.770048861588535
readset,unrelated,500,77,1,EXECUTE,published_after_gate_recheck,22.294998168945312,7.8047458082437515,122.46016753566738,49.770048861588535
readset,unrelated,500,78,1,EXECUTE,published_after_gate_recheck,17.639779020100832,6.482545752078295,122.46016753566738,49.770048861588535
readset,unrelated,500,79,1,EXECUTE,published_after_gate_recheck,23.549739737063646,9.059097617864609,122.46016753566738,49.770048861588535
readset,unrelated,500,80,1,EXECUTE,published_after_gate_recheck,16.137460712343454,6.072718184441328,122.46016753566738,49.770048861588535
readset,unrelated,500,81,1,EXECUTE,published_after_gate_recheck,23.318216670304537,7.385889999568462,122.46016753566738,49.770048861588535
readset,unrelated,500,82,1,EXECUTE,published_after_gate_recheck,17.729866784065962,6.7014857195317745,122.46016753566738,49.770048861588535
readset,unrelated,500,83,1,EXECUTE,published_after_gate_recheck,17.457135021686554,6.755146663635969,122.46016753566738,49.770048861588535
readset,unrelated,500,84,1,EXECUTE,published_after_gate_recheck,17.883064225316048,5.928257014602423,122.46016753566738,49.770048861588535
readset,unrelated,500,85,1,EXECUTE,published_after_gate_recheck,18.29054905101657,6.647274829447269,122.46016753566738,49.770048861588535
readset,unrelated,500,86,1,EXECUTE,published_after_gate_recheck,17.970827873796225,6.6666207276284695,122.46016753566738,49.770048861588535
readset,unrelated,500,87,1,EXECUTE,published_after_gate_recheck,18.022996839135885,6.855685729533434,122.46016753566738,49.770048861588535
readset,unrelated,500,88,1,EXECUTE,published_after_gate_recheck,18.55636667460203,7.8600989654660225,122.46016753566738,49.770048861588535
readset,unrelated,500,89,1,EXECUTE,published_after_gate_recheck,17.369981855154037,5.997286178171635,122.46016753566738,49.770048861588535
readset,unrelated,500,90,1,EXECUTE,published_after_gate_recheck,17.913009971380234,6.8407380022108555,122.46016753566738,49.770048861588535
readset,unrelated,500,91,1,EXECUTE,published_after_gate_recheck,16.91885618492961,5.967420060187578,122.46016753566738,49.770048861588535
readset,unrelated,500,92,1,EXECUTE,published_after_gate_recheck,22.570683620870113,7.219928782433271,122.46016753566738,49.770048861588535
readset,unrelated,500,93,1,EXECUTE,published_after_gate_recheck,16.34974917396903,5.76244480907917,122.46016753566738,49.770048861588535
readset,unrelated,500,94,1,EXECUTE,published_after_gate_recheck,16.829758882522583,6.029796786606312,122.46016753566738,49.770048861588535
readset,unrelated,500,95,1,EXECUTE,published_after_gate_recheck,17.182390205562115,6.738415919244289,122.46016753566738,49.770048861588535
readset,unrelated,500,96,1,EXECUTE,published_after_gate_recheck,21.481681615114212,6.659107282757759,122.46016753566738,49.770048861588535
readset,unrelated,500,97,1,EXECUTE,published_after_gate_recheck,18.473791889846325,7.459969259798527,122.46016753566738,49.770048861588535
readset,unrelated,500,98,1,EXECUTE,published_after_gate_recheck,23.254196159541607,7.997205946594477,122.46016753566738,49.770048861588535
readset,unrelated,500,99,1,EXECUTE,published_after_gate_recheck,23.196777794510126,7.843377999961376,122.46016753566738,49.770048861588535
truth,unrelated,500,0,1,EXECUTE,published_after_gate_recheck,24.691041093319654,7.602106314152479,124.32859652156517,50.072628948544065
truth,unrelated,500,1,1,EXECUTE,published_after_gate_recheck,23.55209505185485,8.108334615826607,124.32859652156517,50.072628948544065
truth,unrelated,500,2,1,EXECUTE,published_after_gate_recheck,24.435761850327253,7.879546377807856,124.32859652156517,50.072628948544065
truth,unrelated,500,3,1,EXECUTE,published_after_gate_recheck,17.245357856154442,5.6749507784843445,124.32859652156517,50.072628948544065
truth,unrelated,500,4,1,EXECUTE,published_after_gate_recheck,16.873330809175968,6.3116950914263725,124.32859652156517,50.072628948544065
truth,unrelated,500,5,1,EXECUTE,published_after_gate_recheck,16.809752210974693,6.058350205421448,124.32859652156517,50.072628948544065
truth,unrelated,500,6,1,EXECUTE,published_after_gate_recheck,18.4797840192914,7.293276023119688,124.32859652156517,50.072628948544065
truth,unrelated,500,7,1,EXECUTE,published_after_gate_recheck,16.815872862935066,6.161022931337357,124.32859652156517,50.072628948544065
truth,unrelated,500,8,1,EXECUTE,published_after_gate_recheck,17.71910721436143,6.309170741587877,124.32859652156517,50.072628948544065
truth,unrelated,500,9,1,EXECUTE,published_after_gate_recheck,16.915890853852034,6.067808251827955,124.32859652156517,50.072628948544065
truth,unrelated,500,10,1,EXECUTE,published_after_gate_recheck,22.328851278871298,7.763667963445187,124.32859652156517,50.072628948544065
truth,unrelated,500,11,1,EXECUTE,published_after_gate_recheck,16.491383779793978,5.682927090674639,124.32859652156517,50.072628948544065
truth,unrelated,500,12,1,EXECUTE,published_after_gate_recheck,17.153465654700994,6.191720254719257,124.32859652156517,50.072628948544065
truth,unrelated,500,13,1,EXECUTE,published_after_gate_recheck,17.15331617742777,6.361169274896383,124.32859652156517,50.072628948544065
truth,unrelated,500,14,1,EXECUTE,published_after_gate_recheck,18.10011127963662,7.092359941452742,124.32859652156517,50.072628948544065
truth,unrelated,500,15,1,EXECUTE,published_after_gate_recheck,16.81132521480322,6.220804993063211,124.32859652156517,50.072628948544065
truth,unrelated,500,16,1,EXECUTE,published_after_gate_recheck,23.46944995224476,8.003958966583014,124.32859652156517,50.072628948544065
truth,unrelated,500,17,1,EXECUTE,published_after_gate_recheck,16.682773362845182,6.305774208158255,124.32859652156517,50.072628948544065
truth,unrelated,500,18,1,EXECUTE,published_after_gate_recheck,17.299420200288296,6.656691897660494,124.32859652156517,50.072628948544065
truth,unrelated,500,19,1,EXECUTE,published_after_gate_recheck,22.113126702606678,7.562329992651939,124.32859652156517,50.072628948544065
truth,unrelated,500,20,1,EXECUTE,published_after_gate_recheck,16.554984264075756,6.0943178832530975,124.32859652156517,50.072628948544065
truth,unrelated,500,21,1,EXECUTE,published_after_gate_recheck,17.41502620279789,6.276649888604879,124.32859652156517,50.072628948544065
truth,unrelated,500,22,1,EXECUTE,published_after_gate_recheck,22.76600105687976,7.320077158510685,124.32859652156517,50.072628948544065
truth,unrelated,500,23,1,EXECUTE,published_after_gate_recheck,16.66014129295945,5.930850747972727,124.32859652156517,50.072628948544065
truth,unrelated,500,24,1,EXECUTE,published_after_gate_recheck,17.347498796880245,6.391094997525215,124.32859652156517,50.072628948544065
truth,unrelated,500,25,1,EXECUTE,published_after_gate_recheck,19.59530496969819,5.758157931268215,124.32859652156517,50.072628948544065
truth,unrelated,500,26,1,EXECUTE,published_after_gate_recheck,17.588782124221325,6.23726611956954,124.32859652156517,50.072628948544065
truth,unrelated,500,27,1,EXECUTE,published_after_gate_recheck,19.922547973692417,8.20861291140318,124.32859652156517,50.072628948544065
truth,unrelated,500,28,1,EXECUTE,published_after_gate_recheck,21.749224048107862,6.7382557317614555,124.32859652156517,50.072628948544065
truth,unrelated,500,29,1,EXECUTE,published_after_gate_recheck,16.821703873574734,5.796289071440697,124.32859652156517,50.072628948544065
truth,unrelated,500,30,1,EXECUTE,published_after_gate_recheck,22.65387959778309,6.6155558452010155,124.32859652156517,50.072628948544065
truth,unrelated,500,31,1,EXECUTE,published_after_gate_recheck,18.394953571259975,6.219652947038412,124.32859652156517,50.072628948544065
truth,unrelated,500,32,1,EXECUTE,published_after_gate_recheck,22.412025835365057,7.1257418021559715,124.32859652156517,50.072628948544065
truth,unrelated,500,33,1,EXECUTE,published_after_gate_recheck,17.347009386867285,6.500279065221548,124.32859652156517,50.072628948544065
truth,unrelated,500,34,1,EXECUTE,published_after_gate_recheck,23.19338172674179,7.957822177559137,124.32859652156517,50.072628948544065
truth,unrelated,500,35,1,EXECUTE,published_after_gate_recheck,17.809555865824223,6.814258173108101,124.32859652156517,50.072628948544065
truth,unrelated,500,36,1,EXECUTE,published_after_gate_recheck,17.279522959142923,6.834595929831266,124.32859652156517,50.072628948544065
truth,unrelated,500,37,1,EXECUTE,published_after_gate_recheck,18.92301393672824,6.8020448088645935,124.32859652156517,50.072628948544065
truth,unrelated,500,38,1,EXECUTE,published_after_gate_recheck,18.873161170631647,7.481830194592476,124.32859652156517,50.072628948544065
truth,unrelated,500,39,1,EXECUTE,published_after_gate_recheck,23.81672104820609,9.258992969989777,124.32859652156517,50.072628948544065
truth,unrelated,500,40,1,EXECUTE,published_after_gate_recheck,17.4735258333385,6.346880923956633,124.32859652156517,50.072628948544065
truth,unrelated,500,41,1,EXECUTE,published_after_gate_recheck,22.044117096811533,7.94622115790844,124.32859652156517,50.072628948544065
truth,unrelated,500,42,1,EXECUTE,published_after_gate_recheck,16.559262294322252,5.91731583699584,124.32859652156517,50.072628948544065
truth,unrelated,500,43,1,EXECUTE,published_after_gate_recheck,16.959371976554394,5.30398590490222,124.32859652156517,50.072628948544065
truth,unrelated,500,44,1,EXECUTE,published_after_gate_recheck,17.35649723559618,6.044084206223488,124.32859652156517,50.072628948544065
truth,unrelated,500,45,1,EXECUTE,published_after_gate_recheck,22.65844913199544,7.398172747343779,124.32859652156517,50.072628948544065
truth,unrelated,500,46,1,EXECUTE,published_after_gate_recheck,22.141600027680397,7.553192786872387,124.32859652156517,50.072628948544065
truth,unrelated,500,47,1,EXECUTE,published_after_gate_recheck,23.911739233881235,7.880517281591892,124.32859652156517,50.072628948544065
truth,unrelated,500,48,1,EXECUTE,published_after_gate_recheck,21.854260936379433,6.960992701351643,124.32859652156517,50.072628948544065
truth,unrelated,500,49,1,EXECUTE,published_after_gate_recheck,23.054882418364286,8.076515048742294,124.32859652156517,50.072628948544065
truth,unrelated,500,50,1,EXECUTE,published_after_gate_recheck,22.96236902475357,7.748320233076811,124.32859652156517,50.072628948544065
truth,unrelated,500,51,1,EXECUTE,published_after_gate_recheck,22.610799875110388,7.534848991781473,124.32859652156517,50.072628948544065
truth,unrelated,500,52,1,EXECUTE,published_after_gate_recheck,16.847643069922924,6.262032780796289,124.32859652156517,50.072628948544065
truth,unrelated,500,53,1,EXECUTE,published_after_gate_recheck,18.277193885296583,6.296467036008835,124.32859652156517,50.072628948544065
truth,unrelated,500,54,1,EXECUTE,published_after_gate_recheck,22.31443440541625,6.369533948600292,124.32859652156517,50.072628948544065
truth,unrelated,500,55,1,EXECUTE,published_after_gate_recheck,16.975782811641693,6.4046187326312065,124.32859652156517,50.072628948544065
truth,unrelated,500,56,1,EXECUTE,published_after_gate_recheck,21.40275528654456,6.752742454409599,124.32859652156517,50.072628948544065
truth,unrelated,500,57,1,EXECUTE,published_after_gate_recheck,17.55109103396535,6.201207637786865,124.32859652156517,50.072628948544065
truth,unrelated,500,58,1,EXECUTE,published_after_gate_recheck,22.667234763503075,6.987923290580511,124.32859652156517,50.072628948544065
truth,unrelated,500,59,1,EXECUTE,published_after_gate_recheck,16.78826194256544,6.349476985633373,124.32859652156517,50.072628948544065
truth,unrelated,500,60,1,EXECUTE,published_after_gate_recheck,22.571756038814783,7.8318556770682335,124.32859652156517,50.072628948544065
truth,unrelated,500,61,1,EXECUTE,published_after_gate_recheck,22.288124077022076,7.208326831459999,124.32859652156517,50.072628948544065
truth,unrelated,500,62,1,EXECUTE,published_after_gate_recheck,16.79399237036705,6.000582128763199,124.32859652156517,50.072628948544065
truth,unrelated,500,63,1,EXECUTE,published_after_gate_recheck,23.165761027485132,7.769729010760784,124.32859652156517,50.072628948544065
truth,unrelated,500,64,1,EXECUTE,published_after_gate_recheck,22.986654192209244,7.680291775614023,124.32859652156517,50.072628948544065
truth,unrelated,500,65,1,EXECUTE,published_after_gate_recheck,23.09765201061964,7.378246169537306,124.32859652156517,50.072628948544065
truth,unrelated,500,66,1,EXECUTE,published_after_gate_recheck,22.874874994158745,7.931283209472895,124.32859652156517,50.072628948544065
truth,unrelated,500,67,1,EXECUTE,published_after_gate_recheck,22.368364967405796,6.886663846671581,124.32859652156517,50.072628948544065
truth,unrelated,500,68,1,EXECUTE,published_after_gate_recheck,19.36658611521125,8.153719361871481,124.32859652156517,50.072628948544065
truth,unrelated,500,69,1,EXECUTE,published_after_gate_recheck,23.331590928137302,8.00954969599843,124.32859652156517,50.072628948544065
truth,unrelated,500,70,1,EXECUTE,published_after_gate_recheck,16.958930995315313,5.938675720244646,124.32859652156517,50.072628948544065
truth,unrelated,500,71,1,EXECUTE,published_after_gate_recheck,18.3188421651721,6.870923563838005,124.32859652156517,50.072628948544065
truth,unrelated,500,72,1,EXECUTE,published_after_gate_recheck,23.2038008980453,8.688312023878098,124.32859652156517,50.072628948544065
truth,unrelated,500,73,1,EXECUTE,published_after_gate_recheck,17.255176324397326,6.406804081052542,124.32859652156517,50.072628948544065
truth,unrelated,500,74,1,EXECUTE,published_after_gate_recheck,22.997544147074223,7.389416918158531,124.32859652156517,50.072628948544065
truth,unrelated,500,75,1,EXECUTE,published_after_gate_recheck,17.04340986907482,5.846934858709574,124.32859652156517,50.072628948544065
truth,unrelated,500,76,1,EXECUTE,published_after_gate_recheck,22.14913396164775,7.127655204385519,124.32859652156517,50.072628948544065
truth,unrelated,500,77,1,EXECUTE,published_after_gate_recheck,22.823458071798086,7.1724290028214455,124.32859652156517,50.072628948544065
truth,unrelated,500,78,1,EXECUTE,published_after_gate_recheck,24.421183858066797,9.19542321935296,124.32859652156517,50.072628948544065
truth,unrelated,500,79,1,EXECUTE,published_after_gate_recheck,20.09624382480979,5.095645785331726,124.32859652156517,50.072628948544065
truth,unrelated,500,80,1,EXECUTE,published_after_gate_recheck,18.401065841317177,6.4719561487436295,124.32859652156517,50.072628948544065
truth,unrelated,500,81,1,EXECUTE,published_after_gate_recheck,21.696765907108784,7.649414241313934,124.32859652156517,50.072628948544065
truth,unrelated,500,82,1,EXECUTE,published_after_gate_recheck,17.73698115721345,6.5182228572666645,124.32859652156517,50.072628948544065
truth,unrelated,500,83,1,EXECUTE,published_after_gate_recheck,23.11083720996976,7.7809300273656845,124.32859652156517,50.072628948544065
truth,unrelated,500,84,1,EXECUTE,published_after_gate_recheck,23.25345389544964,7.531753741204739,124.32859652156517,50.072628948544065
truth,unrelated,500,85,1,EXECUTE,published_after_gate_recheck,21.37377904728055,7.305529899895191,124.32859652156517,50.072628948544065
truth,unrelated,500,86,1,EXECUTE,published_after_gate_recheck,22.910560946911573,7.106035016477108,124.32859652156517,50.072628948544065
truth,unrelated,500,87,1,EXECUTE,published_after_gate_recheck,21.32342616096139,6.0098497197031975,124.32859652156517,50.072628948544065
truth,unrelated,500,88,1,EXECUTE,published_after_gate_recheck,17.486029770225286,5.048517137765884,124.32859652156517,50.072628948544065
truth,unrelated,500,89,1,EXECUTE,published_after_gate_recheck,17.622606363147497,6.4651742577552795,124.32859652156517,50.072628948544065
truth,unrelated,500,90,1,EXECUTE,published_after_gate_recheck,17.269673757255077,5.969364196062088,124.32859652156517,50.072628948544065
truth,unrelated,500,91,1,EXECUTE,published_after_gate_recheck,17.18404283747077,6.464372389018536,124.32859652156517,50.072628948544065
truth,unrelated,500,92,1,EXECUTE,published_after_gate_recheck,17.0067111030221,6.43823342397809,124.32859652156517,50.072628948544065
truth,unrelated,500,93,1,EXECUTE,published_after_gate_recheck,21.473236847668886,7.350162602961063,124.32859652156517,50.072628948544065
truth,unrelated,500,94,1,EXECUTE,published_after_gate_recheck,23.127158172428608,7.363478187471628,124.32859652156517,50.072628948544065
truth,unrelated,500,95,1,EXECUTE,published_after_gate_recheck,16.528844833374023,5.749120842665434,124.32859652156517,50.072628948544065
truth,unrelated,500,96,1,EXECUTE,published_after_gate_recheck,17.324367072433233,6.105068139731884,124.32859652156517,50.072628948544065
truth,unrelated,500,97,1,EXECUTE,published_after_gate_recheck,22.39879174157977,8.36235098540783,124.32859652156517,50.072628948544065
truth,unrelated,500,98,1,EXECUTE,published_after_gate_recheck,22.09853893145919,6.587883923202753,124.32859652156517,50.072628948544065
truth,unrelated,500,99,1,EXECUTE,published_after_gate_recheck,16.600579023361206,5.1818168722093105,124.32859652156517,50.072628948544065
opa,unrelated,500,0,1,EXECUTE,opa_allowed_at_gate,11.397231835871935,4.172455053776503,124.56365939619398,104.29064924511687
opa,unrelated,500,1,1,EXECUTE,opa_allowed_at_gate,9.893331676721573,3.0564507469534874,124.56365939619398,104.29064924511687
opa,unrelated,500,2,1,EXECUTE,opa_allowed_at_gate,9.698706679046154,3.0411528423428535,124.56365939619398,104.29064924511687
opa,unrelated,500,3,1,EXECUTE,opa_allowed_at_gate,9.314005728811026,3.3899969421327114,124.56365939619398,104.29064924511687
opa,unrelated,500,4,1,EXECUTE,opa_allowed_at_gate,9.862242732197046,3.705949056893587,124.56365939619398,104.29064924511687
opa,unrelated,500,5,1,EXECUTE,opa_allowed_at_gate,9.451964404433966,3.3516748808324337,124.56365939619398,104.29064924511687
opa,unrelated,500,6,1,EXECUTE,opa_allowed_at_gate,9.230098221451044,2.895299345254898,124.56365939619398,104.29064924511687
opa,unrelated,500,7,1,EXECUTE,opa_allowed_at_gate,9.747507981956005,3.249353263527155,124.56365939619398,104.29064924511687
opa,unrelated,500,8,1,EXECUTE,opa_allowed_at_gate,9.17415414005518,3.2865628600120544,124.56365939619398,104.29064924511687
opa,unrelated,500,9,1,EXECUTE,opa_allowed_at_gate,9.195603895932436,3.2220021821558475,124.56365939619398,104.29064924511687
opa,unrelated,500,10,1,EXECUTE,opa_allowed_at_gate,9.08988481387496,2.7541047893464565,124.56365939619398,104.29064924511687
opa,unrelated,500,11,1,EXECUTE,opa_allowed_at_gate,8.891121950000525,3.210770897567272,124.56365939619398,104.29064924511687
opa,unrelated,500,12,1,EXECUTE,opa_allowed_at_gate,9.924150072038174,3.295288886874914,124.56365939619398,104.29064924511687
opa,unrelated,500,13,1,EXECUTE,opa_allowed_at_gate,10.124494787305593,2.5982921943068504,124.56365939619398,104.29064924511687
opa,unrelated,500,14,1,EXECUTE,opa_allowed_at_gate,9.322831872850657,3.6344658583402634,124.56365939619398,104.29064924511687
opa,unrelated,500,15,1,EXECUTE,opa_allowed_at_gate,9.03138518333435,2.759335096925497,124.56365939619398,104.29064924511687
opa,unrelated,500,16,1,EXECUTE,opa_allowed_at_gate,9.40916407853365,3.1682108528912067,124.56365939619398,104.29064924511687
opa,unrelated,500,17,1,EXECUTE,opa_allowed_at_gate,9.66948177665472,3.541981801390648,124.56365939619398,104.29064924511687
opa,unrelated,500,18,1,EXECUTE,opa_allowed_at_gate,8.548470214009285,2.9057790525257587,124.56365939619398,104.29064924511687
opa,unrelated,500,19,1,EXECUTE,opa_allowed_at_gate,9.039100259542465,2.8801802545785904,124.56365939619398,104.29064924511687
opa,unrelated,500,20,1,EXECUTE,opa_allowed_at_gate,9.296323172748089,3.149184864014387,124.56365939619398,104.29064924511687
opa,unrelated,500,21,1,EXECUTE,opa_allowed_at_gate,9.163874201476574,2.9033939354121685,124.56365939619398,104.29064924511687
opa,unrelated,500,22,1,EXECUTE,opa_allowed_at_gate,9.338411036878824,2.961121965199709,124.56365939619398,104.29064924511687
opa,unrelated,500,23,1,EXECUTE,opa_allowed_at_gate,9.508640971034765,3.0452399514615536,124.56365939619398,104.29064924511687
opa,unrelated,500,24,1,EXECUTE,opa_allowed_at_gate,10.012163780629635,3.6765336990356445,124.56365939619398,104.29064924511687
opa,unrelated,500,25,1,EXECUTE,opa_allowed_at_gate,9.145129006356001,3.1586429104208946,124.56365939619398,104.29064924511687
opa,unrelated,500,26,1,EXECUTE,opa_allowed_at_gate,9.60898818448186,3.1237369403243065,124.56365939619398,104.29064924511687
opa,unrelated,500,27,1,EXECUTE,opa_allowed_at_gate,9.38198296353221,3.251046873629093,124.56365939619398,104.29064924511687
opa,unrelated,500,28,1,EXECUTE,opa_allowed_at_gate,9.316119831055403,3.267166670411825,124.56365939619398,104.29064924511687
opa,unrelated,500,29,1,EXECUTE,opa_allowed_at_gate,8.829567115753889,2.9580467380583286,124.56365939619398,104.29064924511687
opa,unrelated,500,30,1,EXECUTE,opa_allowed_at_gate,8.879780769348145,3.2789590768516064,124.56365939619398,104.29064924511687
opa,unrelated,500,31,1,EXECUTE,opa_allowed_at_gate,8.934494107961655,3.083792980760336,124.56365939619398,104.29064924511687
opa,unrelated,500,32,1,EXECUTE,opa_allowed_at_gate,9.510684758424759,2.94831907376647,124.56365939619398,104.29064924511687
opa,unrelated,500,33,1,EXECUTE,opa_allowed_at_gate,8.999956771731377,3.141410183161497,124.56365939619398,104.29064924511687
opa,unrelated,500,34,1,EXECUTE,opa_allowed_at_gate,10.167145170271397,2.9369881376624107,124.56365939619398,104.29064924511687
opa,unrelated,500,35,1,EXECUTE,opa_allowed_at_gate,10.194838047027588,3.542012069374323,124.56365939619398,104.29064924511687
opa,unrelated,500,36,1,EXECUTE,opa_allowed_at_gate,9.506606962531805,3.207785077393055,124.56365939619398,104.29064924511687
opa,unrelated,500,37,1,EXECUTE,opa_allowed_at_gate,9.81148798018694,3.5979067906737328,124.56365939619398,104.29064924511687
opa,unrelated,500,38,1,EXECUTE,opa_allowed_at_gate,9.937955997884274,3.2269409857690334,124.56365939619398,104.29064924511687
opa,unrelated,500,39,1,EXECUTE,opa_allowed_at_gate,11.481299996376038,3.009272739291191,124.56365939619398,104.29064924511687
opa,unrelated,500,40,1,EXECUTE,opa_allowed_at_gate,8.752492722123861,2.5296430103480816,124.56365939619398,104.29064924511687
opa,unrelated,500,41,1,EXECUTE,opa_allowed_at_gate,9.81971388682723,3.4371651709079742,124.56365939619398,104.29064924511687
opa,unrelated,500,42,1,EXECUTE,opa_allowed_at_gate,11.359641794115305,3.2976227812469006,124.56365939619398,104.29064924511687
opa,unrelated,500,43,1,EXECUTE,opa_allowed_at_gate,12.223190627992153,3.7440811283886433,124.56365939619398,104.29064924511687
opa,unrelated,500,44,1,EXECUTE,opa_allowed_at_gate,10.276350658386946,3.261806908994913,124.56365939619398,104.29064924511687
opa,unrelated,500,45,1,EXECUTE,opa_allowed_at_gate,9.681415278464556,3.3884639851748943,124.56365939619398,104.29064924511687
opa,unrelated,500,46,1,EXECUTE,opa_allowed_at_gate,9.82937216758728,3.18150594830513,124.56365939619398,104.29064924511687
opa,unrelated,500,47,1,EXECUTE,opa_allowed_at_gate,9.06905671581626,2.8392840176820755,124.56365939619398,104.29064924511687
opa,unrelated,500,48,1,EXECUTE,opa_allowed_at_gate,9.61190415546298,3.3035040833055973,124.56365939619398,104.29064924511687
opa,unrelated,500,49,1,EXECUTE,opa_allowed_at_gate,8.52502603083849,2.796023152768612,124.56365939619398,104.29064924511687
opa,unrelated,500,50,1,EXECUTE,opa_allowed_at_gate,9.747848846018314,3.3237533643841743,124.56365939619398,104.29064924511687
opa,unrelated,500,51,1,EXECUTE,opa_allowed_at_gate,9.472072124481201,3.148083109408617,124.56365939619398,104.29064924511687
opa,unrelated,500,52,1,EXECUTE,opa_allowed_at_gate,8.610005024820566,2.715611830353737,124.56365939619398,104.29064924511687
opa,unrelated,500,53,1,EXECUTE,opa_allowed_at_gate,8.558819070458412,2.6560709811747074,124.56365939619398,104.29064924511687
opa,unrelated,500,54,1,EXECUTE,opa_allowed_at_gate,9.845002088695765,3.196144010871649,124.56365939619398,104.29064924511687
opa,unrelated,500,55,1,EXECUTE,opa_allowed_at_gate,10.882786940783262,2.8172628954052925,124.56365939619398,104.29064924511687
opa,unrelated,500,56,1,EXECUTE,opa_allowed_at_gate,9.541532024741173,3.351274412125349,124.56365939619398,104.29064924511687
opa,unrelated,500,57,1,EXECUTE,opa_allowed_at_gate,9.781683329492807,2.955392003059387,124.56365939619398,104.29064924511687
opa,unrelated,500,58,1,EXECUTE,opa_allowed_at_gate,9.472161997109652,3.2969131134450436,124.56365939619398,104.29064924511687
opa,unrelated,500,59,1,EXECUTE,opa_allowed_at_gate,9.197898209095001,2.909946721047163,124.56365939619398,104.29064924511687
opa,unrelated,500,60,1,EXECUTE,opa_allowed_at_gate,9.318203199654818,2.917541190981865,124.56365939619398,104.29064924511687
opa,unrelated,500,61,1,EXECUTE,opa_allowed_at_gate,9.59998182952404,3.4844940528273582,124.56365939619398,104.29064924511687
opa,unrelated,500,62,1,EXECUTE,opa_allowed_at_gate,9.542474057525396,3.569111693650484,124.56365939619398,104.29064924511687
opa,unrelated,500,63,1,EXECUTE,opa_allowed_at_gate,9.155238047242165,3.4877900034189224,124.56365939619398,104.29064924511687
opa,unrelated,500,64,1,EXECUTE,opa_allowed_at_gate,8.973046205937862,3.258239943534136,124.56365939619398,104.29064924511687
opa,unrelated,500,65,1,EXECUTE,opa_allowed_at_gate,9.64377261698246,3.2178950496017933,124.56365939619398,104.29064924511687
opa,unrelated,500,66,1,EXECUTE,opa_allowed_at_gate,9.600411634892225,3.233203198760748,124.56365939619398,104.29064924511687
opa,unrelated,500,67,1,EXECUTE,opa_allowed_at_gate,9.833318646997213,2.992400899529457,124.56365939619398,104.29064924511687
opa,unrelated,500,68,1,EXECUTE,opa_allowed_at_gate,8.418476209044456,2.4630576372146606,124.56365939619398,104.29064924511687
opa,unrelated,500,69,1,EXECUTE,opa_allowed_at_gate,8.934814017266035,2.872045151889324,124.56365939619398,104.29064924511687
opa,unrelated,500,70,1,EXECUTE,opa_allowed_at_gate,9.717291686683893,3.115661907941103,124.56365939619398,104.29064924511687
opa,unrelated,500,71,1,EXECUTE,opa_allowed_at_gate,8.729839697480202,2.70207691937685,124.56365939619398,104.29064924511687
opa,unrelated,500,72,1,EXECUTE,opa_allowed_at_gate,9.73711907863617,3.05494898930192,124.56365939619398,104.29064924511687
opa,unrelated,500,73,1,EXECUTE,opa_allowed_at_gate,10.855124797672033,3.344440832734108,124.56365939619398,104.29064924511687
opa,unrelated,500,74,1,EXECUTE,opa_allowed_at_gate,9.70179308205843,3.428327850997448,124.56365939619398,104.29064924511687
opa,unrelated,500,75,1,EXECUTE,opa_allowed_at_gate,8.907312992960215,2.796303015202284,124.56365939619398,104.29064924511687
opa,unrelated,500,76,1,EXECUTE,opa_allowed_at_gate,10.293371975421906,3.545197658240795,124.56365939619398,104.29064924511687
opa,unrelated,500,77,1,EXECUTE,opa_allowed_at_gate,9.423671290278435,3.410364966839552,124.56365939619398,104.29064924511687
opa,unrelated,500,78,1,EXECUTE,opa_allowed_at_gate,9.562131017446518,3.0915969982743263,124.56365939619398,104.29064924511687
opa,unrelated,500,79,1,EXECUTE,opa_allowed_at_gate,9.683479089289904,3.254643175750971,124.56365939619398,104.29064924511687
opa,unrelated,500,80,1,EXECUTE,opa_allowed_at_gate,9.57236997783184,3.3937841653823853,124.56365939619398,104.29064924511687
opa,unrelated,500,81,1,EXECUTE,opa_allowed_at_gate,9.839029982686043,2.711984794586897,124.56365939619398,104.29064924511687
opa,unrelated,500,82,1,EXECUTE,opa_allowed_at_gate,10.498878080397844,3.667547833174467,124.56365939619398,104.29064924511687
opa,unrelated,500,83,1,EXECUTE,opa_allowed_at_gate,10.187513194978237,3.4233503974974155,124.56365939619398,104.29064924511687
opa,unrelated,500,84,1,EXECUTE,opa_allowed_at_gate,9.572590235620737,3.156087826937437,124.56365939619398,104.29064924511687
opa,unrelated,500,85,1,EXECUTE,opa_allowed_at_gate,9.188259951770306,3.2887873239815235,124.56365939619398,104.29064924511687
opa,unrelated,500,86,1,EXECUTE,opa_allowed_at_gate,9.01880208402872,2.7182470075786114,124.56365939619398,104.29064924511687
opa,unrelated,500,87,1,EXECUTE,opa_allowed_at_gate,9.919961914420128,3.4066583029925823,124.56365939619398,104.29064924511687
opa,unrelated,500,88,1,EXECUTE,opa_allowed_at_gate,9.115674067288637,3.01250908523798,124.56365939619398,104.29064924511687
opa,unrelated,500,89,1,EXECUTE,opa_allowed_at_gate,9.780791122466326,3.2928846776485443,124.56365939619398,104.29064924511687
opa,unrelated,500,90,1,EXECUTE,opa_allowed_at_gate,9.225439745932817,3.0615911819040775,124.56365939619398,104.29064924511687
opa,unrelated,500,91,1,EXECUTE,opa_allowed_at_gate,9.154455736279488,2.7907933108508587,124.56365939619398,104.29064924511687
opa,unrelated,500,92,1,EXECUTE,opa_allowed_at_gate,9.39270295202732,2.8955000452697277,124.56365939619398,104.29064924511687
opa,unrelated,500,93,1,EXECUTE,opa_allowed_at_gate,9.238062892109156,3.1883292831480503,124.56365939619398,104.29064924511687
opa,unrelated,500,94,1,EXECUTE,opa_allowed_at_gate,9.547322988510132,3.349832259118557,124.56365939619398,104.29064924511687
opa,unrelated,500,95,1,EXECUTE,opa_allowed_at_gate,9.078785311430693,3.2683592289686203,124.56365939619398,104.29064924511687
opa,unrelated,500,96,1,EXECUTE,opa_allowed_at_gate,8.502284064888954,2.6645767502486706,124.56365939619398,104.29064924511687
opa,unrelated,500,97,1,EXECUTE,opa_allowed_at_gate,8.995258249342442,2.9947152361273766,124.56365939619398,104.29064924511687
opa,unrelated,500,98,1,EXECUTE,opa_allowed_at_gate,9.36543196439743,3.065028227865696,124.56365939619398,104.29064924511687
opa,unrelated,500,99,1,EXECUTE,opa_allowed_at_gate,9.352266788482666,3.072660882025957,124.56365939619398,104.29064924511687
opa_readset,unrelated,500,0,1,EXECUTE,opa_allowed_at_gate,11.068856343626976,3.4936610609292984,126.96684089696714,104.9332516995445
opa_readset,unrelated,500,1,1,EXECUTE,opa_allowed_at_gate,9.224228095263243,2.9121306724846363,126.96684089696714,104.9332516995445
opa_readset,unrelated,500,2,1,EXECUTE,opa_allowed_at_gate,9.23980725929141,2.9483987018465996,126.96684089696714,104.9332516995445
opa_readset,unrelated,500,3,1,EXECUTE,opa_allowed_at_gate,9.611353743821383,3.27084306627512,126.96684089696714,104.9332516995445
opa_readset,unrelated,500,4,1,EXECUTE,opa_allowed_at_gate,8.797196205705404,2.971301320940256,126.96684089696714,104.9332516995445
opa_readset,unrelated,500,5,1,EXECUTE,opa_allowed_at_gate,9.542413987219334,3.1843017786741257,126.96684089696714,104.9332516995445
opa_readset,unrelated,500,6,1,EXECUTE,opa_allowed_at_gate,9.245987981557846,2.8247670270502567,126.96684089696714,104.9332516995445
opa_readset,unrelated,500,7,1,EXECUTE,opa_allowed_at_gate,8.962506894022226,2.9805288650095463,126.96684089696714,104.9332516995445
opa_readset,unrelated,500,8,1,EXECUTE,opa_allowed_at_gate,9.8453420214355,3.13251418992877,126.96684089696714,104.9332516995445
opa_readset,unrelated,500,9,1,EXECUTE,opa_allowed_at_gate,9.156911168247461,3.21413716301322,126.96684089696714,104.9332516995445
opa_readset,unrelated,500,10,1,EXECUTE,opa_allowed_at_gate,9.157291613519192,2.721704076975584,126.96684089696714,104.9332516995445
opa_readset,unrelated,500,11,1,EXECUTE,opa_allowed_at_gate,9.657049085944891,3.378726076334715,126.96684089696714,104.9332516995445
opa_readset,unrelated,500,12,1,EXECUTE,opa_allowed_at_gate,9.243663866072893,3.1739617697894573,126.96684089696714,104.9332516995445
opa_readset,unrelated,500,13,1,EXECUTE,opa_allowed_at_gate,9.833989664912224,3.496746998280287,126.96684089696714,104.9332516995445
opa_readset,unrelated,500,14,1,EXECUTE,opa_allowed_at_gate,9.68267722055316,3.0972380191087723,126.96684089696714,104.9332516995445
opa_readset,unrelated,500,15,1,EXECUTE,opa_allowed_at_gate,9.711199905723333,2.8009931556880474,126.96684089696714,104.9332516995445
opa_readset,unrelated,500,16,1,EXECUTE,opa_allowed_at_gate,9.620670694857836,2.7733598835766315,126.96684089696714,104.9332516995445
opa_readset,unrelated,500,17,1,EXECUTE,opa_allowed_at_gate,9.484915994107723,3.2603037543594837,126.96684089696714,104.9332516995445
opa_readset,unrelated,500,18,1,EXECUTE,opa_allowed_at_gate,10.099869221448898,3.5859537310898304,126.96684089696714,104.9332516995445
opa_readset,unrelated,500,19,1,EXECUTE,opa_allowed_at_gate,11.673710774630308,3.4717400558292866,126.96684089696714,104.9332516995445
opa_readset,unrelated,500,20,1,EXECUTE,opa_allowed_at_gate,9.857704862952232,3.018881194293499,126.96684089696714,104.9332516995445
opa_readset,unrelated,500,21,1,EXECUTE,opa_allowed_at_gate,9.491559118032455,3.305218182504177,126.96684089696714,104.9332516995445
opa_readset,unrelated,500,22,1,EXECUTE,opa_allowed_at_gate,9.203257970511913,3.1380350701510906,126.96684089696714,104.9332516995445
opa_readset,unrelated,500,23,1,EXECUTE,opa_allowed_at_gate,9.682456962764263,2.9115998186171055,126.96684089696714,104.9332516995445
opa_readset,unrelated,500,24,1,EXECUTE,opa_allowed_at_gate,10.282331146299839,3.160766791552305,126.96684089696714,104.9332516995445
opa_readset,unrelated,500,25,1,EXECUTE,opa_allowed_at_gate,9.68638388440013,2.919584047049284,126.96684089696714,104.9332516995445
opa_readset,unrelated,500,26,1,EXECUTE,opa_allowed_at_gate,9.816206991672516,3.486928064376116,126.96684089696714,104.9332516995445
opa_readset,unrelated,500,27,1,EXECUTE,opa_allowed_at_gate,9.455490857362747,3.5041309893131256,126.96684089696714,104.9332516995445
opa_readset,unrelated,500,28,1,EXECUTE,opa_allowed_at_gate,9.826866909861565,3.7193652242422104,126.96684089696714,104.9332516995445
opa_readset,unrelated,500,29,1,EXECUTE,opa_allowed_at_gate,12.460104655474424,2.6322146877646446,126.96684089696714,104.9332516995445
opa_readset,unrelated,500,30,1,EXECUTE,opa_allowed_at_gate,9.782263077795506,3.148534335196018,126.96684089696714,104.9332516995445
opa_readset,unrelated,500,31,1,EXECUTE,opa_allowed_at_gate,8.902042638510466,3.0662300996482372,126.96684089696714,104.9332516995445
opa_readset,unrelated,500,32,1,EXECUTE,opa_allowed_at_gate,8.511811029165983,2.69871111959219,126.96684089696714,104.9332516995445
opa_readset,unrelated,500,33,1,EXECUTE,opa_allowed_at_gate,9.220479987561703,3.248661756515503,126.96684089696714,104.9332516995445
opa_readset,unrelated,500,34,1,EXECUTE,opa_allowed_at_gate,9.225881192833185,3.0754669569432735,126.96684089696714,104.9332516995445
opa_readset,unrelated,500,35,1,EXECUTE,opa_allowed_at_gate,10.697229765355587,4.54843882471323,126.96684089696714,104.9332516995445
opa_readset,unrelated,500,36,1,EXECUTE,opa_allowed_at_gate,9.535190649330616,3.049128223210573,126.96684089696714,104.9332516995445
opa_readset,unrelated,500,37,1,EXECUTE,opa_allowed_at_gate,9.869657922536135,3.5247793421149254,126.96684089696714,104.9332516995445
opa_readset,unrelated,500,38,1,EXECUTE,opa_allowed_at_gate,9.812098927795887,3.184651955962181,126.96684089696714,104.9332516995445
opa_readset,unrelated,500,39,1,EXECUTE,opa_allowed_at_gate,9.36615327373147,3.1585730612277985,126.96684089696714,104.9332516995445
opa_readset,unrelated,500,40,1,EXECUTE,opa_allowed_at_gate,9.748130105435848,3.1979363411664963,126.96684089696714,104.9332516995445
opa_readset,unrelated,500,41,1,EXECUTE,opa_allowed_at_gate,9.702182840555906,3.370990976691246,126.96684089696714,104.9332516995445
opa_readset,unrelated,500,42,1,EXECUTE,opa_allowed_at_gate,9.180485270917416,3.2041389495134354,126.96684089696714,104.9332516995445
opa_readset,unrelated,500,43,1,EXECUTE,opa_allowed_at_gate,8.947537746280432,2.6784217916429043,126.96684089696714,104.9332516995445
opa_readset,unrelated,500,44,1,EXECUTE,opa_allowed_at_gate,8.889951277524233,3.224886953830719,126.96684089696714,104.9332516995445
opa_readset,unrelated,500,45,1,EXECUTE,opa_allowed_at_gate,9.061431977897882,3.0079702846705914,126.96684089696714,104.9332516995445
opa_readset,unrelated,500,46,1,EXECUTE,opa_allowed_at_gate,9.365653153508902,3.1907926313579082,126.96684089696714,104.9332516995445
opa_readset,unrelated,500,47,1,EXECUTE,opa_allowed_at_gate,9.075398091226816,3.06013785302639,126.96684089696714,104.9332516995445
opa_readset,unrelated,500,48,1,EXECUTE,opa_allowed_at_gate,8.900039363652468,2.754355315119028,126.96684089696714,104.9332516995445
opa_readset,unrelated,500,49,1,EXECUTE,opa_allowed_at_gate,8.55662627145648,2.891331911087036,126.96684089696714,104.9332516995445
opa_readset,unrelated,500,50,1,EXECUTE,opa_allowed_at_gate,9.595482610166073,3.221461083739996,126.96684089696714,104.9332516995445
opa_readset,unrelated,500,51,1,EXECUTE,opa_allowed_at_gate,9.92219615727663,3.1804037280380726,126.96684089696714,104.9332516995445
opa_readset,unrelated,500,52,1,EXECUTE,opa_allowed_at_gate,10.063370689749718,4.421961959451437,126.96684089696714,104.9332516995445
opa_readset,unrelated,500,53,1,EXECUTE,opa_allowed_at_gate,9.79780312627554,3.130790777504444,126.96684089696714,104.9332516995445
opa_readset,unrelated,500,54,1,EXECUTE,opa_allowed_at_gate,8.442169986665249,2.8194370679557323,126.96684089696714,104.9332516995445
opa_readset,unrelated,500,55,1,EXECUTE,opa_allowed_at_gate,9.219588711857796,2.768903039395809,126.96684089696714,104.9332516995445
opa_readset,unrelated,500,56,1,EXECUTE,opa_allowed_at_gate,10.652174707502127,3.3391108736395836,126.96684089696714,104.9332516995445
opa_readset,unrelated,500,57,1,EXECUTE,opa_allowed_at_gate,9.158604312688112,3.3828439190983772,126.96684089696714,104.9332516995445
opa_readset,unrelated,500,58,1,EXECUTE,opa_allowed_at_gate,9.063225239515305,3.238133154809475,126.96684089696714,104.9332516995445
opa_readset,unrelated,500,59,1,EXECUTE,opa_allowed_at_gate,8.671339601278305,2.8061727061867714,126.96684089696714,104.9332516995445
opa_readset,unrelated,500,60,1,EXECUTE,opa_allowed_at_gate,8.932509925216436,2.8679980896413326,126.96684089696714,104.9332516995445
opa_readset,unrelated,500,61,1,EXECUTE,opa_allowed_at_gate,9.168271906673908,2.9253452084958553,126.96684089696714,104.9332516995445
opa_readset,unrelated,500,62,1,EXECUTE,opa_allowed_at_gate,9.460460860282183,3.422727808356285,126.96684089696714,104.9332516995445
opa_readset,unrelated,500,63,1,EXECUTE,opa_allowed_at_gate,10.137198958545923,3.481979016214609,126.96684089696714,104.9332516995445
opa_readset,unrelated,500,64,1,EXECUTE,opa_allowed_at_gate,9.56210121512413,2.9166489839553833,126.96684089696714,104.9332516995445
opa_readset,unrelated,500,65,1,EXECUTE,opa_allowed_at_gate,8.838443085551262,2.8125736862421036,126.96684089696714,104.9332516995445
opa_readset,unrelated,500,66,1,EXECUTE,opa_allowed_at_gate,8.853462059050798,3.104451112449169,126.96684089696714,104.9332516995445
opa_readset,unrelated,500,67,1,EXECUTE,opa_allowed_at_gate,9.77868726477027,3.3181821927428246,126.96684089696714,104.9332516995445
opa_readset,unrelated,500,68,1,EXECUTE,opa_allowed_at_gate,9.461953304708004,3.068022895604372,126.96684089696714,104.9332516995445
opa_readset,unrelated,500,69,1,EXECUTE,opa_allowed_at_gate,9.511195588856936,3.181265201419592,126.96684089696714,104.9332516995445
opa_readset,unrelated,500,70,1,EXECUTE,opa_allowed_at_gate,9.092880878597498,2.946835942566395,126.96684089696714,104.9332516995445
opa_readset,unrelated,500,71,1,EXECUTE,opa_allowed_at_gate,8.50580120459199,2.936657052487135,126.96684089696714,104.9332516995445
opa_readset,unrelated,500,72,1,EXECUTE,opa_allowed_at_gate,9.309177286922932,3.097439184784889,126.96684089696714,104.9332516995445
opa_readset,unrelated,500,73,1,EXECUTE,opa_allowed_at_gate,9.289780166000128,3.68753494694829,126.96684089696714,104.9332516995445
opa_readset,unrelated,500,74,1,EXECUTE,opa_allowed_at_gate,9.159306064248085,3.311268985271454,126.96684089696714,104.9332516995445
opa_readset,unrelated,500,75,1,EXECUTE,opa_allowed_at_gate,9.679742157459259,3.255113959312439,126.96684089696714,104.9332516995445
opa_readset,unrelated,500,76,1,EXECUTE,opa_allowed_at_gate,11.487741954624653,4.972944967448711,126.96684089696714,104.9332516995445
opa_readset,unrelated,500,77,1,EXECUTE,opa_allowed_at_gate,9.555478114634752,3.1418721191585064,126.96684089696714,104.9332516995445
opa_readset,unrelated,500,78,1,EXECUTE,opa_allowed_at_gate,9.820796083658934,3.5729999653995037,126.96684089696714,104.9332516995445
opa_readset,unrelated,500,79,1,EXECUTE,opa_allowed_at_gate,9.192046709358692,2.8826859779655933,126.96684089696714,104.9332516995445
opa_readset,unrelated,500,80,1,EXECUTE,opa_allowed_at_gate,9.48476605117321,2.7773980982601643,126.96684089696714,104.9332516995445
opa_readset,unrelated,500,81,1,EXECUTE,opa_allowed_at_gate,9.05539095401764,3.308845218271017,126.96684089696714,104.9332516995445
opa_readset,unrelated,500,82,1,EXECUTE,opa_allowed_at_gate,8.786385878920555,3.077019937336445,126.96684089696714,104.9332516995445
opa_readset,unrelated,500,83,1,EXECUTE,opa_allowed_at_gate,9.117117151618004,2.561683766543865,126.96684089696714,104.9332516995445
opa_readset,unrelated,500,84,1,EXECUTE,opa_allowed_at_gate,9.481659159064293,3.079504705965519,126.96684089696714,104.9332516995445
opa_readset,unrelated,500,85,1,EXECUTE,opa_allowed_at_gate,8.775005117058754,2.963205799460411,126.96684089696714,104.9332516995445
opa_readset,unrelated,500,86,1,EXECUTE,opa_allowed_at_gate,9.329675231128931,3.339773043990135,126.96684089696714,104.9332516995445
opa_readset,unrelated,500,87,1,EXECUTE,opa_allowed_at_gate,9.087461046874523,2.897033002227545,126.96684089696714,104.9332516995445
opa_readset,unrelated,500,88,1,EXECUTE,opa_allowed_at_gate,9.12547204643488,2.9877619817852974,126.96684089696714,104.9332516995445
opa_readset,unrelated,500,89,1,EXECUTE,opa_allowed_at_gate,9.341246914118528,3.0882111750543118,126.96684089696714,104.9332516995445
opa_readset,unrelated,500,90,1,EXECUTE,opa_allowed_at_gate,9.695259854197502,3.3136331476271152,126.96684089696714,104.9332516995445
opa_readset,unrelated,500,91,1,EXECUTE,opa_allowed_at_gate,9.367586113512516,3.069857135415077,126.96684089696714,104.9332516995445
opa_readset,unrelated,500,92,1,EXECUTE,opa_allowed_at_gate,9.579863864928484,3.0559003353118896,126.96684089696714,104.9332516995445
opa_readset,unrelated,500,93,1,EXECUTE,opa_allowed_at_gate,9.138545952737331,3.1139603815972805,126.96684089696714,104.9332516995445
opa_readset,unrelated,500,94,1,EXECUTE,opa_allowed_at_gate,8.826070930808783,3.0400813557207584,126.96684089696714,104.9332516995445
opa_readset,unrelated,500,95,1,EXECUTE,opa_allowed_at_gate,9.140230249613523,3.138606436550617,126.96684089696714,104.9332516995445
opa_readset,unrelated,500,96,1,EXECUTE,opa_allowed_at_gate,9.29492898285389,3.0848239548504353,126.96684089696714,104.9332516995445
opa_readset,unrelated,500,97,1,EXECUTE,opa_allowed_at_gate,9.997546672821045,3.716378938406706,126.96684089696714,104.9332516995445
opa_readset,unrelated,500,98,1,EXECUTE,opa_allowed_at_gate,9.789065923541784,3.1366520561277866,126.96684089696714,104.9332516995445
opa_readset,unrelated,500,99,1,EXECUTE,opa_allowed_at_gate,8.848142344504595,2.9279799200594425,126.96684089696714,104.9332516995445
global,related_same,500,0,0,REVOKE,context_version_changed_at_publish,18.501242622733116,6.7289783619344234,123.62988796027989,0.0
global,related_same,500,1,0,REVOKE,context_version_changed_at_publish,22.918367292732,8.011002093553543,123.62988796027989,0.0
global,related_same,500,2,0,REVOKE,context_version_changed_at_publish,21.139089949429035,7.082261145114899,123.62988796027989,0.0
global,related_same,500,3,0,REVOKE,context_version_changed_at_publish,16.82747434824705,5.5274153128266335,123.62988796027989,0.0
global,related_same,500,4,0,REVOKE,context_version_changed_at_publish,17.440844792872667,6.9663031026721,123.62988796027989,0.0
global,related_same,500,5,0,REVOKE,context_version_changed_at_publish,16.89729606732726,6.162737030535936,123.62988796027989,0.0
global,related_same,500,6,0,REVOKE,context_version_changed_at_publish,21.43303118646145,7.8495400957763195,123.62988796027989,0.0
global,related_same,500,7,0,REVOKE,context_version_changed_at_publish,17.417591996490955,6.584888324141502,123.62988796027989,0.0
global,related_same,500,8,0,REVOKE,context_version_changed_at_publish,23.414967115968466,8.000523317605257,123.62988796027989,0.0
global,related_same,500,9,0,REVOKE,context_version_changed_at_publish,22.313241846859455,7.564454805105925,123.62988796027989,0.0
global,related_same,500,10,0,REVOKE,context_version_changed_at_publish,16.515058930963278,6.13411283120513,123.62988796027989,0.0
global,related_same,500,11,0,REVOKE,context_version_changed_at_publish,17.199011985212564,5.831685848534107,123.62988796027989,0.0
global,related_same,500,12,0,REVOKE,context_version_changed_at_publish,16.79206918925047,5.805986933410168,123.62988796027989,0.0
global,related_same,500,13,0,REVOKE,context_version_changed_at_publish,22.60940708220005,7.835143245756626,123.62988796027989,0.0
global,related_same,500,14,0,REVOKE,context_version_changed_at_publish,21.728564985096455,7.087641395628452,123.62988796027989,0.0
global,related_same,500,15,0,REVOKE,context_version_changed_at_publish,21.263733971863985,6.682951934635639,123.62988796027989,0.0
global,related_same,500,16,0,REVOKE,context_version_changed_at_publish,18.004301004111767,6.291077006608248,123.62988796027989,0.0
global,related_same,500,17,0,REVOKE,context_version_changed_at_publish,17.168404068797827,6.467578001320362,123.62988796027989,0.0
global,related_same,500,18,0,REVOKE,context_version_changed_at_publish,15.28541324660182,4.678642842918634,123.62988796027989,0.0
global,related_same,500,19,0,REVOKE,context_version_changed_at_publish,18.17056303843856,6.784131284803152,123.62988796027989,0.0
global,related_same,500,20,0,REVOKE,context_version_changed_at_publish,21.411561407148838,7.320117205381393,123.62988796027989,0.0
global,related_same,500,21,0,REVOKE,context_version_changed_at_publish,21.0213391110301,6.081674247980118,123.62988796027989,0.0
global,related_same,500,22,0,REVOKE,context_version_changed_at_publish,22.286871913820505,6.717537064105272,123.62988796027989,0.0
global,related_same,500,23,0,REVOKE,context_version_changed_at_publish,18.272764980793,7.308986037969589,123.62988796027989,0.0
global,related_same,500,24,0,REVOKE,context_version_changed_at_publish,22.112094331532717,7.6287658885121346,123.62988796027989,0.0
global,related_same,500,25,0,REVOKE,context_version_changed_at_publish,21.643966902047396,6.947658956050873,123.62988796027989,0.0
global,related_same,500,26,0,REVOKE,context_version_changed_at_publish,17.978874035179615,7.090144790709019,123.62988796027989,0.0
global,related_same,500,27,0,REVOKE,context_version_changed_at_publish,22.993667982518673,7.722631096839905,123.62988796027989,0.0
global,related_same,500,28,0,REVOKE,context_version_changed_at_publish,23.47032120451331,8.29915190115571,123.62988796027989,0.0
global,related_same,500,29,0,REVOKE,context_version_changed_at_publish,22.826132830232382,8.168567437678576,123.62988796027989,0.0
global,related_same,500,30,0,REVOKE,context_version_changed_at_publish,23.400411009788513,7.264371961355209,123.62988796027989,0.0
global,related_same,500,31,0,REVOKE,context_version_changed_at_publish,16.56725676730275,5.69671206176281,123.62988796027989,0.0
global,related_same,500,32,0,REVOKE,context_version_changed_at_publish,17.347038723528385,6.388839799910784,123.62988796027989,0.0
global,related_same,500,33,0,REVOKE,context_version_changed_at_publish,22.629765793681145,7.280412130057812,123.62988796027989,0.0
global,related_same,500,34,0,REVOKE,context_version_changed_at_publish,17.506367061287165,6.173335947096348,123.62988796027989,0.0
global,related_same,500,35,0,REVOKE,context_version_changed_at_publish,21.95044094696641,7.447485812008381,123.62988796027989,0.0
global,related_same,500,36,0,REVOKE,context_version_changed_at_publish,21.98819164186716,6.753042805939913,123.62988796027989,0.0
global,related_same,500,37,0,REVOKE,context_version_changed_at_publish,17.09768082946539,5.77138178050518,123.62988796027989,0.0
global,related_same,500,38,0,REVOKE,context_version_changed_at_publish,23.236754350364208,8.027522824704647,123.62988796027989,0.0
global,related_same,500,39,0,REVOKE,context_version_changed_at_publish,18.28678185120225,7.076018955558538,123.62988796027989,0.0
global,related_same,500,40,0,REVOKE,context_version_changed_at_publish,23.264975752681494,7.543525192886591,123.62988796027989,0.0
global,related_same,500,41,0,REVOKE,context_version_changed_at_publish,17.804917879402637,6.495499983429909,123.62988796027989,0.0
global,related_same,500,42,0,REVOKE,context_version_changed_at_publish,16.64668507874012,5.948204081505537,123.62988796027989,0.0
global,related_same,500,43,0,REVOKE,context_version_changed_at_publish,16.758424695581198,6.40672305598855,123.62988796027989,0.0
global,related_same,500,44,0,REVOKE,context_version_changed_at_publish,17.585104797035456,6.704391911625862,123.62988796027989,0.0
global,related_same,500,45,0,REVOKE,context_version_changed_at_publish,23.567654192447662,8.048633113503456,123.62988796027989,0.0
global,related_same,500,46,0,REVOKE,context_version_changed_at_publish,23.636292666196823,8.141656871885061,123.62988796027989,0.0
global,related_same,500,47,0,REVOKE,context_version_changed_at_publish,17.227435018867254,7.014463189989328,123.62988796027989,0.0
global,related_same,500,48,0,REVOKE,context_version_changed_at_publish,17.35183782875538,6.858611013740301,123.62988796027989,0.0
global,related_same,500,49,0,REVOKE,context_version_changed_at_publish,16.889240127056837,5.695309955626726,123.62988796027989,0.0
global,related_same,500,50,0,REVOKE,context_version_changed_at_publish,17.055482137948275,6.070181727409363,123.62988796027989,0.0
global,related_same,500,51,0,REVOKE,context_version_changed_at_publish,17.375572118908167,6.445095874369144,123.62988796027989,0.0
global,related_same,500,52,0,REVOKE,context_version_changed_at_publish,17.530882731080055,6.507743149995804,123.62988796027989,0.0
global,related_same,500,53,0,REVOKE,context_version_changed_at_publish,23.482102900743484,7.5315432623028755,123.62988796027989,0.0
global,related_same,500,54,0,REVOKE,context_version_changed_at_publish,23.17346492782235,7.7284532599151134,123.62988796027989,0.0
global,related_same,500,55,0,REVOKE,context_version_changed_at_publish,17.44564389809966,6.706435699015856,123.62988796027989,0.0
global,related_same,500,56,0,REVOKE,context_version_changed_at_publish,17.46548106893897,6.6326879896223545,123.62988796027989,0.0
global,related_same,500,57,0,REVOKE,context_version_changed_at_publish,16.463922802358866,6.174868904054165,123.62988796027989,0.0
global,related_same,500,58,0,REVOKE,context_version_changed_at_publish,16.960103064775467,6.617940030992031,123.62988796027989,0.0
global,related_same,500,59,0,REVOKE,context_version_changed_at_publish,23.228878155350685,7.857304066419601,123.62988796027989,0.0
global,related_same,500,60,0,REVOKE,context_version_changed_at_publish,16.91203424707055,6.219202186912298,123.62988796027989,0.0
global,related_same,500,61,0,REVOKE,context_version_changed_at_publish,23.360375314950943,8.599625900387764,123.62988796027989,0.0
global,related_same,500,62,0,REVOKE,context_version_changed_at_publish,22.998126223683357,7.590704131871462,123.62988796027989,0.0
global,related_same,500,63,0,REVOKE,context_version_changed_at_publish,17.157644033432007,5.980344023555517,123.62988796027989,0.0
global,related_same,500,64,0,REVOKE,context_version_changed_at_publish,16.17650408297777,5.911775398999453,123.62988796027989,0.0
global,related_same,500,65,0,REVOKE,context_version_changed_at_publish,23.92108691856265,7.876188959926367,123.62988796027989,0.0
global,related_same,500,66,0,REVOKE,context_version_changed_at_publish,24.719142820686102,7.738441228866577,123.62988796027989,0.0
global,related_same,500,67,0,REVOKE,context_version_changed_at_publish,22.870285902172327,7.477631792426109,123.62988796027989,0.0
global,related_same,500,68,0,REVOKE,context_version_changed_at_publish,24.354458786547184,9.091878775507212,123.62988796027989,0.0
global,related_same,500,69,0,REVOKE,context_version_changed_at_publish,22.73293910548091,7.25172832608223,123.62988796027989,0.0
global,related_same,500,70,0,REVOKE,context_version_changed_at_publish,23.22790725156665,8.162446785718203,123.62988796027989,0.0
global,related_same,500,71,0,REVOKE,context_version_changed_at_publish,23.92573608085513,7.944787852466106,123.62988796027989,0.0
global,related_same,500,72,0,REVOKE,context_version_changed_at_publish,22.383122704923153,7.830413989722729,123.62988796027989,0.0
global,related_same,500,73,0,REVOKE,context_version_changed_at_publish,23.539651185274124,8.241244126111269,123.62988796027989,0.0
global,related_same,500,74,0,REVOKE,context_version_changed_at_publish,17.827138770371675,7.096818182617426,123.62988796027989,0.0
global,related_same,500,75,0,REVOKE,context_version_changed_at_publish,16.488309018313885,6.282451096922159,123.62988796027989,0.0
global,related_same,500,76,0,REVOKE,context_version_changed_at_publish,17.568503972142935,6.49076234549284,123.62988796027989,0.0
global,related_same,500,77,0,REVOKE,context_version_changed_at_publish,23.08699209243059,8.349406998604536,123.62988796027989,0.0
global,related_same,500,78,0,REVOKE,context_version_changed_at_publish,16.967908013612032,6.207338999956846,123.62988796027989,0.0
global,related_same,500,79,0,REVOKE,context_version_changed_at_publish,17.51035638153553,6.209603976458311,123.62988796027989,0.0
global,related_same,500,80,0,REVOKE,context_version_changed_at_publish,24.634674657136202,8.090029936283827,123.62988796027989,0.0
global,related_same,500,81,0,REVOKE,context_version_changed_at_publish,22.960645146667957,8.257032837718725,123.62988796027989,0.0
global,related_same,500,82,0,REVOKE,context_version_changed_at_publish,23.172753863036633,8.073420263826847,123.62988796027989,0.0
global,related_same,500,83,0,REVOKE,context_version_changed_at_publish,23.836908861994743,8.59495671465993,123.62988796027989,0.0
global,related_same,500,84,0,REVOKE,context_version_changed_at_publish,18.19330593571067,6.768832914531231,123.62988796027989,0.0
global,related_same,500,85,0,REVOKE,context_version_changed_at_publish,18.29198095947504,6.291107274591923,123.62988796027989,0.0
global,related_same,500,86,0,REVOKE,context_version_changed_at_publish,17.33714109286666,6.342793814837933,123.62988796027989,0.0
global,related_same,500,87,0,REVOKE,context_version_changed_at_publish,23.61527318134904,8.373421616852283,123.62988796027989,0.0
global,related_same,500,88,0,REVOKE,context_version_changed_at_publish,17.747770994901657,6.489759776741266,123.62988796027989,0.0
global,related_same,500,89,0,REVOKE,context_version_changed_at_publish,23.015177808701992,8.180330041795969,123.62988796027989,0.0
global,related_same,500,90,0,REVOKE,context_version_changed_at_publish,17.71318493410945,6.821280810981989,123.62988796027989,0.0
global,related_same,500,91,0,REVOKE,context_version_changed_at_publish,17.35782902687788,5.766414105892181,123.62988796027989,0.0
global,related_same,500,92,0,REVOKE,context_version_changed_at_publish,24.115842301398516,8.602021262049675,123.62988796027989,0.0
global,related_same,500,93,0,REVOKE,context_version_changed_at_publish,16.560154035687447,6.476896349340677,123.62988796027989,0.0
global,related_same,500,94,0,REVOKE,context_version_changed_at_publish,19.936314318329096,6.818176247179508,123.62988796027989,0.0
global,related_same,500,95,0,REVOKE,context_version_changed_at_publish,18.464946188032627,6.424386985599995,123.62988796027989,0.0
global,related_same,500,96,0,REVOKE,context_version_changed_at_publish,24.757876060903072,8.202050812542439,123.62988796027989,0.0
global,related_same,500,97,0,REVOKE,context_version_changed_at_publish,17.798815853893757,6.33243378251791,123.62988796027989,0.0
global,related_same,500,98,0,REVOKE,context_version_changed_at_publish,23.09538796544075,7.406458258628845,123.62988796027989,0.0
global,related_same,500,99,0,REVOKE,context_version_changed_at_publish,16.919036395847797,5.82136632874608,123.62988796027989,0.0
readset,related_same,500,0,1,EXECUTE,published_after_gate_recheck,20.50122432410717,7.768617011606693,123.23484854868386,48.922136602292916
readset,related_same,500,1,1,EXECUTE,published_after_gate_recheck,22.7746469900012,7.053707260638475,123.23484854868386,48.922136602292916
readset,related_same,500,2,1,EXECUTE,published_after_gate_recheck,23.555681109428406,7.785269059240818,123.23484854868386,48.922136602292916
readset,related_same,500,3,1,EXECUTE,published_after_gate_recheck,22.84181211143732,7.744142320007086,123.23484854868386,48.922136602292916
readset,related_same,500,4,1,EXECUTE,published_after_gate_recheck,22.130948957055807,7.676254957914352,123.23484854868386,48.922136602292916
readset,related_same,500,5,1,EXECUTE,published_after_gate_recheck,17.24321488291025,6.631686352193356,123.23484854868386,48.922136602292916
readset,related_same,500,6,1,EXECUTE,published_after_gate_recheck,21.82562742382288,6.967977154999971,123.23484854868386,48.922136602292916
readset,related_same,500,7,1,EXECUTE,published_after_gate_recheck,16.664560418576002,5.67347789183259,123.23484854868386,48.922136602292916
readset,related_same,500,8,1,EXECUTE,published_after_gate_recheck,16.978878993541002,6.089359056204557,123.23484854868386,48.922136602292916
readset,related_same,500,9,1,EXECUTE,published_after_gate_recheck,23.570078890770674,6.206789053976536,123.23484854868386,48.922136602292916
readset,related_same,500,10,1,EXECUTE,published_after_gate_recheck,18.3177487924695,6.683111656457186,123.23484854868386,48.922136602292916
readset,related_same,500,11,1,EXECUTE,published_after_gate_recheck,23.34205061197281,7.512328214943409,123.23484854868386,48.922136602292916
readset,related_same,500,12,1,EXECUTE,published_after_gate_recheck,24.039568845182657,8.249458856880665,123.23484854868386,48.922136602292916
readset,related_same,500,13,1,EXECUTE,published_after_gate_recheck,21.11473400145769,7.403702940791845,123.23484854868386,48.922136602292916
readset,related_same,500,14,1,EXECUTE,published_after_gate_recheck,26.13645140081644,11.557132005691528,123.23484854868386,48.922136602292916
readset,related_same,500,15,1,EXECUTE,published_after_gate_recheck,18.12430704012513,6.337885279208422,123.23484854868386,48.922136602292916
readset,related_same,500,16,1,EXECUTE,published_after_gate_recheck,24.368666112422943,8.893727790564299,123.23484854868386,48.922136602292916
readset,related_same,500,17,1,EXECUTE,published_after_gate_recheck,16.869744285941124,5.965335760265589,123.23484854868386,48.922136602292916
readset,related_same,500,18,1,EXECUTE,published_after_gate_recheck,22.877770010381937,7.486558984965086,123.23484854868386,48.922136602292916
readset,related_same,500,19,1,EXECUTE,published_after_gate_recheck,17.04137586057186,6.54378067702055,123.23484854868386,48.922136602292916
readset,related_same,500,20,1,EXECUTE,published_after_gate_recheck,17.465812154114246,6.713859736919403,123.23484854868386,48.922136602292916
readset,related_same,500,21,1,EXECUTE,published_after_gate_recheck,24.330914951860905,8.387488313019276,123.23484854868386,48.922136602292916
readset,related_same,500,22,1,EXECUTE,published_after_gate_recheck,23.21675606071949,7.747537922114134,123.23484854868386,48.922136602292916
readset,related_same,500,23,1,EXECUTE,published_after_gate_recheck,17.00551901012659,6.296426989138126,123.23484854868386,48.922136602292916
readset,related_same,500,24,1,EXECUTE,published_after_gate_recheck,16.924906987696886,5.866129882633686,123.23484854868386,48.922136602292916
readset,related_same,500,25,1,EXECUTE,published_after_gate_recheck,23.434875067323446,8.282210677862167,123.23484854868386,48.922136602292916
readset,related_same,500,26,1,EXECUTE,published_after_gate_recheck,24.015112780034542,7.746896706521511,123.23484854868386,48.922136602292916
readset,related_same,500,27,1,EXECUTE,published_after_gate_recheck,22.974131163209677,7.8339711762964725,123.23484854868386,48.922136602292916
readset,related_same,500,28,1,EXECUTE,published_after_gate_recheck,17.96096097677946,6.8795811384916306,123.23484854868386,48.922136602292916
readset,related_same,500,29,1,EXECUTE,published_after_gate_recheck,24.4168471544981,7.880847901105881,123.23484854868386,48.922136602292916
readset,related_same,500,30,1,EXECUTE,published_after_gate_recheck,24.20673193410039,7.618325762450695,123.23484854868386,48.922136602292916
readset,related_same,500,31,1,EXECUTE,published_after_gate_recheck,23.45053432509303,7.934068329632282,123.23484854868386,48.922136602292916
readset,related_same,500,32,1,EXECUTE,published_after_gate_recheck,17.288038041442633,6.318428087979555,123.23484854868386,48.922136602292916
readset,related_same,500,33,1,EXECUTE,published_after_gate_recheck,17.433952074497938,6.554219871759415,123.23484854868386,48.922136602292916
readset,related_same,500,34,1,EXECUTE,published_after_gate_recheck,23.44225812703371,7.997396867722273,123.23484854868386,48.922136602292916
readset,related_same,500,35,1,EXECUTE,published_after_gate_recheck,23.54909898713231,7.87704112008214,123.23484854868386,48.922136602292916
readset,related_same,500,36,1,EXECUTE,published_after_gate_recheck,16.904760152101517,6.083828862756491,123.23484854868386,48.922136602292916
readset,related_same,500,37,1,EXECUTE,published_after_gate_recheck,17.239566892385483,6.468128878623247,123.23484854868386,48.922136602292916
readset,related_same,500,38,1,EXECUTE,published_after_gate_recheck,26.913597714155912,8.849714882671833,123.23484854868386,48.922136602292916
readset,related_same,500,39,1,EXECUTE,published_after_gate_recheck,24.031103122979403,8.439294993877411,123.23484854868386,48.922136602292916
readset,related_same,500,40,1,EXECUTE,published_after_gate_recheck,17.1021088026464,6.158198229968548,123.23484854868386,48.922136602292916
readset,related_same,500,41,1,EXECUTE,published_after_gate_recheck,29.178724624216557,9.505102876573801,123.23484854868386,48.922136602292916
readset,related_same,500,42,1,EXECUTE,published_after_gate_recheck,23.938739206641912,8.037251885980368,123.23484854868386,48.922136602292916
readset,related_same,500,43,1,EXECUTE,published_after_gate_recheck,24.95501469820738,8.729720022529364,123.23484854868386,48.922136602292916
readset,related_same,500,44,1,EXECUTE,published_after_gate_recheck,22.784024942666292,7.204139139503241,123.23484854868386,48.922136602292916
readset,related_same,500,45,1,EXECUTE,published_after_gate_recheck,16.825420781970024,6.816993001848459,123.23484854868386,48.922136602292916
readset,related_same,500,46,1,EXECUTE,published_after_gate_recheck,22.240334656089544,7.168641779571772,123.23484854868386,48.922136602292916
readset,related_same,500,47,1,EXECUTE,published_after_gate_recheck,16.641957219690084,5.874376278370619,123.23484854868386,48.922136602292916
readset,related_same,500,48,1,EXECUTE,published_after_gate_recheck,17.153486143797636,6.436910014599562,123.23484854868386,48.922136602292916
readset,related_same,500,49,1,EXECUTE,published_after_gate_recheck,24.524157866835594,8.377369027584791,123.23484854868386,48.922136602292916
readset,related_same,500,50,1,EXECUTE,published_after_gate_recheck,22.47554622590542,8.17772513255477,123.23484854868386,48.922136602292916
readset,related_same,500,51,1,EXECUTE,published_after_gate_recheck,17.488874960690737,6.13063620403409,123.23484854868386,48.922136602292916
readset,related_same,500,52,1,EXECUTE,published_after_gate_recheck,22.859736811369658,7.30492826551199,123.23484854868386,48.922136602292916
readset,related_same,500,53,1,EXECUTE,published_after_gate_recheck,17.52668572589755,6.666711065918207,123.23484854868386,48.922136602292916
readset,related_same,500,54,1,EXECUTE,published_after_gate_recheck,22.65182603150606,7.765071000903845,123.23484854868386,48.922136602292916
readset,related_same,500,55,1,EXECUTE,published_after_gate_recheck,21.98855299502611,7.498881779611111,123.23484854868386,48.922136602292916
readset,related_same,500,56,1,EXECUTE,published_after_gate_recheck,22.712250240147114,7.676454726606607,123.23484854868386,48.922136602292916
readset,related_same,500,57,1,EXECUTE,published_after_gate_recheck,21.317895036190748,6.227016914635897,123.23484854868386,48.922136602292916
readset,related_same,500,58,1,EXECUTE,published_after_gate_recheck,18.190891947597265,7.6968129724264145,123.23484854868386,48.922136602292916
readset,related_same,500,59,1,EXECUTE,published_after_gate_recheck,17.5779121927917,7.044790778309107,123.23484854868386,48.922136602292916
readset,related_same,500,60,1,EXECUTE,published_after_gate_recheck,17.162672709673643,6.404730957001448,123.23484854868386,48.922136602292916
readset,related_same,500,61,1,EXECUTE,published_after_gate_recheck,15.98721882328391,5.581405945122242,123.23484854868386,48.922136602292916
readset,related_same,500,62,1,EXECUTE,published_after_gate_recheck,19.32608988136053,8.153078146278858,123.23484854868386,48.922136602292916
readset,related_same,500,63,1,EXECUTE,published_after_gate_recheck,21.90736075863242,7.68907880410552,123.23484854868386,48.922136602292916
readset,related_same,500,64,1,EXECUTE,published_after_gate_recheck,17.528179101645947,7.195102050900459,123.23484854868386,48.922136602292916
readset,related_same,500,65,1,EXECUTE,published_after_gate_recheck,16.92871516570449,6.137297954410315,123.23484854868386,48.922136602292916
readset,related_same,500,66,1,EXECUTE,published_after_gate_recheck,16.64688717573881,5.430784076452255,123.23484854868386,48.922136602292916
readset,related_same,500,67,1,EXECUTE,published_after_gate_recheck,18.003910779953003,6.504106801003218,123.23484854868386,48.922136602292916
readset,related_same,500,68,1,EXECUTE,published_after_gate_recheck,22.851991932839155,8.473258931189775,123.23484854868386,48.922136602292916
readset,related_same,500,69,1,EXECUTE,published_after_gate_recheck,23.16442783921957,7.351535838097334,123.23484854868386,48.922136602292916
readset,related_same,500,70,1,EXECUTE,published_after_gate_recheck,17.188050784170628,6.404689978808165,123.23484854868386,48.922136602292916
readset,related_same,500,71,1,EXECUTE,published_after_gate_recheck,18.302129581570625,6.898265797644854,123.23484854868386,48.922136602292916
readset,related_same,500,72,1,EXECUTE,published_after_gate_recheck,22.818448953330517,9.010617155581713,123.23484854868386,48.922136602292916
readset,related_same,500,73,1,EXECUTE,published_after_gate_recheck,16.58804528415203,6.173315923660994,123.23484854868386,48.922136602292916
readset,related_same,500,74,1,EXECUTE,published_after_gate_recheck,17.079197335988283,6.458531133830547,123.23484854868386,48.922136602292916
readset,related_same,500,75,1,EXECUTE,published_after_gate_recheck,16.92946720868349,5.917026195675135,123.23484854868386,48.922136602292916
readset,related_same,500,76,1,EXECUTE,published_after_gate_recheck,16.619234811514616,6.083999294787645,123.23484854868386,48.922136602292916
readset,related_same,500,77,1,EXECUTE,published_after_gate_recheck,17.728344071656466,6.724049337208271,123.23484854868386,48.922136602292916
readset,related_same,500,78,1,EXECUTE,published_after_gate_recheck,22.230457048863173,7.3523069731891155,123.23484854868386,48.922136602292916
readset,related_same,500,79,1,EXECUTE,published_after_gate_recheck,17.182069830596447,6.487145088613033,123.23484854868386,48.922136602292916
readset,related_same,500,80,1,EXECUTE,published_after_gate_recheck,18.2502418756485,6.538019981235266,123.23484854868386,48.922136602292916
readset,related_same,500,81,1,EXECUTE,published_after_gate_recheck,22.882889956235886,7.974493782967329,123.23484854868386,48.922136602292916
readset,related_same,500,82,1,EXECUTE,published_after_gate_recheck,17.196888104081154,6.441688630729914,123.23484854868386,48.922136602292916
readset,related_same,500,83,1,EXECUTE,published_after_gate_recheck,16.692772042006254,6.133552175015211,123.23484854868386,48.922136602292916
readset,related_same,500,84,1,EXECUTE,published_after_gate_recheck,17.254656180739403,6.518643815070391,123.23484854868386,48.922136602292916
readset,related_same,500,85,1,EXECUTE,published_after_gate_recheck,17.45032286271453,6.0241855680942535,123.23484854868386,48.922136602292916
readset,related_same,500,86,1,EXECUTE,published_after_gate_recheck,22.95825071632862,7.8995428048074245,123.23484854868386,48.922136602292916
readset,related_same,500,87,1,EXECUTE,published_after_gate_recheck,23.04957201704383,7.407340221107006,123.23484854868386,48.922136602292916
readset,related_same,500,88,1,EXECUTE,published_after_gate_recheck,25.47370782122016,9.120471775531769,123.23484854868386,48.922136602292916
readset,related_same,500,89,1,EXECUTE,published_after_gate_recheck,23.090228904038668,7.338180206716061,123.23484854868386,48.922136602292916
readset,related_same,500,90,1,EXECUTE,published_after_gate_recheck,17.515114042907953,6.431459914892912,123.23484854868386,48.922136602292916
readset,related_same,500,91,1,EXECUTE,published_after_gate_recheck,17.78788585215807,6.584427319467068,123.23484854868386,48.922136602292916
readset,related_same,500,92,1,EXECUTE,published_after_gate_recheck,17.120353877544403,6.324098911136389,123.23484854868386,48.922136602292916
readset,related_same,500,93,1,EXECUTE,published_after_gate_recheck,16.937431413680315,5.715487990528345,123.23484854868386,48.922136602292916
readset,related_same,500,94,1,EXECUTE,published_after_gate_recheck,23.34692981094122,8.089420385658741,123.23484854868386,48.922136602292916
readset,related_same,500,95,1,EXECUTE,published_after_gate_recheck,16.680339351296425,6.177182774990797,123.23484854868386,48.922136602292916
readset,related_same,500,96,1,EXECUTE,published_after_gate_recheck,23.281507194042206,8.195178117603064,123.23484854868386,48.922136602292916
readset,related_same,500,97,1,EXECUTE,published_after_gate_recheck,22.705196868628263,8.084128610789776,123.23484854868386,48.922136602292916
readset,related_same,500,98,1,EXECUTE,published_after_gate_recheck,21.972122136503458,6.68127927929163,123.23484854868386,48.922136602292916
readset,related_same,500,99,1,EXECUTE,published_after_gate_recheck,17.446305137127638,6.659788079559803,123.23484854868386,48.922136602292916
truth,related_same,500,0,1,EXECUTE,published_after_gate_recheck,21.563675720244646,8.600207045674324,123.4495906391129,48.50429240711011
truth,related_same,500,1,1,EXECUTE,published_after_gate_recheck,23.18379422649741,8.16148379817605,123.4495906391129,48.50429240711011
truth,related_same,500,2,1,EXECUTE,published_after_gate_recheck,16.990710981190205,5.6902701035141945,123.4495906391129,48.50429240711011
truth,related_same,500,3,1,EXECUTE,published_after_gate_recheck,26.09520312398672,7.292734924703836,123.4495906391129,48.50429240711011
truth,related_same,500,4,1,EXECUTE,published_after_gate_recheck,22.275570780038834,7.168652024120092,123.4495906391129,48.50429240711011
truth,related_same,500,5,1,EXECUTE,published_after_gate_recheck,17.387354746460915,5.8957957662642,123.4495906391129,48.50429240711011
truth,related_same,500,6,1,EXECUTE,published_after_gate_recheck,21.14393888041377,6.027422845363617,123.4495906391129,48.50429240711011
truth,related_same,500,7,1,EXECUTE,published_after_gate_recheck,18.06433405727148,6.138521246612072,123.4495906391129,48.50429240711011
truth,related_same,500,8,1,EXECUTE,published_after_gate_recheck,17.109402921050787,6.676839664578438,123.4495906391129,48.50429240711011
truth,related_same,500,9,1,EXECUTE,published_after_gate_recheck,17.32053980231285,6.0295769944787025,123.4495906391129,48.50429240711011
truth,related_same,500,10,1,EXECUTE,published_after_gate_recheck,23.069449700415134,7.464296650141478,123.4495906391129,48.50429240711011
truth,related_same,500,11,1,EXECUTE,published_after_gate_recheck,16.857790760695934,6.122301332652569,123.4495906391129,48.50429240711011
truth,related_same,500,12,1,EXECUTE,published_after_gate_recheck,17.36541325226426,5.9546357952058315,123.4495906391129,48.50429240711011
truth,related_same,500,13,1,EXECUTE,published_after_gate_recheck,22.69912464544177,7.664983160793781,123.4495906391129,48.50429240711011
truth,related_same,500,14,1,EXECUTE,published_after_gate_recheck,21.340588107705116,6.4819748513400555,123.4495906391129,48.50429240711011
truth,related_same,500,15,1,EXECUTE,published_after_gate_recheck,16.8535141274333,6.090900860726833,123.4495906391129,48.50429240711011
truth,related_same,500,16,1,EXECUTE,published_after_gate_recheck,23.267189972102642,7.750402670353651,123.4495906391129,48.50429240711011
truth,related_same,500,17,1,EXECUTE,published_after_gate_recheck,17.55547011271119,6.247145123779774,123.4495906391129,48.50429240711011
truth,related_same,500,18,1,EXECUTE,published_after_gate_recheck,17.781913746148348,6.493377033621073,123.4495906391129,48.50429240711011
truth,related_same,500,19,1,EXECUTE,published_after_gate_recheck,22.589549887925386,7.867993786931038,123.4495906391129,48.50429240711011
truth,related_same,500,20,1,EXECUTE,published_after_gate_recheck,24.215037003159523,7.386151235550642,123.4495906391129,48.50429240711011
truth,related_same,500,21,1,EXECUTE,published_after_gate_recheck,23.792526219040155,7.464095950126648,123.4495906391129,48.50429240711011
truth,related_same,500,22,1,EXECUTE,published_after_gate_recheck,24.040971882641315,8.923453278839588,123.4495906391129,48.50429240711011
truth,related_same,500,23,1,EXECUTE,published_after_gate_recheck,26.45691204816103,8.03869403898716,123.4495906391129,48.50429240711011
truth,related_same,500,24,1,EXECUTE,published_after_gate_recheck,25.253385305404663,6.598243024200201,123.4495906391129,48.50429240711011
truth,related_same,500,25,1,EXECUTE,published_after_gate_recheck,24.554335046559572,8.699854370206594,123.4495906391129,48.50429240711011
truth,related_same,500,26,1,EXECUTE,published_after_gate_recheck,16.945645678788424,5.967350210994482,123.4495906391129,48.50429240711011
truth,related_same,500,27,1,EXECUTE,published_after_gate_recheck,17.367647029459476,6.1081829480826855,123.4495906391129,48.50429240711011
truth,related_same,500,28,1,EXECUTE,published_after_gate_recheck,23.203009739518166,7.878955453634262,123.4495906391129,48.50429240711011
truth,related_same,500,29,1,EXECUTE,published_after_gate_recheck,15.920334029942751,4.3823979794979095,123.4495906391129,48.50429240711011
truth,related_same,500,30,1,EXECUTE,published_after_gate_recheck,19.013384357094765,8.134162984788418,123.4495906391129,48.50429240711011
truth,related_same,500,31,1,EXECUTE,published_after_gate_recheck,17.49965501949191,6.907803006470203,123.4495906391129,48.50429240711011
truth,related_same,500,32,1,EXECUTE,published_after_gate_recheck,16.787460073828697,6.112280767410994,123.4495906391129,48.50429240711011
truth,related_same,500,33,1,EXECUTE,published_after_gate_recheck,18.735993187874556,7.19212694093585,123.4495906391129,48.50429240711011
truth,related_same,500,34,1,EXECUTE,published_after_gate_recheck,21.56148198992014,7.370790932327509,123.4495906391129,48.50429240711011
truth,related_same,500,35,1,EXECUTE,published_after_gate_recheck,24.319713935256004,8.023967035114765,123.4495906391129,48.50429240711011
truth,related_same,500,36,1,EXECUTE,published_after_gate_recheck,23.145692888647318,8.12504580244422,123.4495906391129,48.50429240711011
truth,related_same,500,37,1,EXECUTE,published_after_gate_recheck,18.70972430333495,6.712255999445915,123.4495906391129,48.50429240711011
truth,related_same,500,38,1,EXECUTE,published_after_gate_recheck,23.055213037878275,7.326238788664341,123.4495906391129,48.50429240711011
truth,related_same,500,39,1,EXECUTE,published_after_gate_recheck,16.996581107378006,6.676889955997467,123.4495906391129,48.50429240711011
truth,related_same,500,40,1,EXECUTE,published_after_gate_recheck,17.014465294778347,6.142417900264263,123.4495906391129,48.50429240711011
truth,related_same,500,41,1,EXECUTE,published_after_gate_recheck,21.564997732639313,6.623971275985241,123.4495906391129,48.50429240711011
truth,related_same,500,42,1,EXECUTE,published_after_gate_recheck,17.304759938269854,6.1088246293365955,123.4495906391129,48.50429240711011
truth,related_same,500,43,1,EXECUTE,published_after_gate_recheck,17.217575572431087,6.719099823385477,123.4495906391129,48.50429240711011
truth,related_same,500,44,1,EXECUTE,published_after_gate_recheck,21.97416592389345,7.520262151956558,123.4495906391129,48.50429240711011
truth,related_same,500,45,1,EXECUTE,published_after_gate_recheck,23.557234089821577,7.697224151343107,123.4495906391129,48.50429240711011
truth,related_same,500,46,1,EXECUTE,published_after_gate_recheck,21.407904103398323,6.791996769607067,123.4495906391129,48.50429240711011
truth,related_same,500,47,1,EXECUTE,published_after_gate_recheck,23.63430941477418,8.464182261377573,123.4495906391129,48.50429240711011
truth,related_same,500,48,1,EXECUTE,published_after_gate_recheck,21.836047060787678,8.398299105465412,123.4495906391129,48.50429240711011
truth,related_same,500,49,1,EXECUTE,published_after_gate_recheck,17.187390010803938,5.94383617863059,123.4495906391129,48.50429240711011
truth,related_same,500,50,1,EXECUTE,published_after_gate_recheck,16.90717414021492,6.356278900057077,123.4495906391129,48.50429240711011
truth,related_same,500,51,1,EXECUTE,published_after_gate_recheck,16.48311922326684,5.980894900858402,123.4495906391129,48.50429240711011
truth,related_same,500,52,1,EXECUTE,published_after_gate_recheck,17.294160090386868,6.301445886492729,123.4495906391129,48.50429240711011
truth,related_same,500,53,1,EXECUTE,published_after_gate_recheck,22.945035714656115,6.748024374246597,123.4495906391129,48.50429240711011
truth,related_same,500,54,1,EXECUTE,published_after_gate_recheck,18.190159928053617,7.130621001124382,123.4495906391129,48.50429240711011
truth,related_same,500,55,1,EXECUTE,published_after_gate_recheck,16.94146916270256,6.095048971474171,123.4495906391129,48.50429240711011
truth,related_same,500,56,1,EXECUTE,published_after_gate_recheck,23.890398908406496,8.775676134973764,123.4495906391129,48.50429240711011
truth,related_same,500,57,1,EXECUTE,published_after_gate_recheck,23.528219666332006,7.201233878731728,123.4495906391129,48.50429240711011
truth,related_same,500,58,1,EXECUTE,published_after_gate_recheck,23.49227201193571,7.879404816776514,123.4495906391129,48.50429240711011
truth,related_same,500,59,1,EXECUTE,published_after_gate_recheck,17.466583754867315,6.678383331745863,123.4495906391129,48.50429240711011
truth,related_same,500,60,1,EXECUTE,published_after_gate_recheck,24.165906012058258,7.640176918357611,123.4495906391129,48.50429240711011
truth,related_same,500,61,1,EXECUTE,published_after_gate_recheck,21.592449862509966,7.215179968625307,123.4495906391129,48.50429240711011
truth,related_same,500,62,1,EXECUTE,published_after_gate_recheck,17.139339819550514,6.3241287134587765,123.4495906391129,48.50429240711011
truth,related_same,500,63,1,EXECUTE,published_after_gate_recheck,17.636201810091734,5.90806920081377,123.4495906391129,48.50429240711011
truth,related_same,500,64,1,EXECUTE,published_after_gate_recheck,17.87652214989066,6.876043975353241,123.4495906391129,48.50429240711011
truth,related_same,500,65,1,EXECUTE,published_after_gate_recheck,23.51574692875147,8.610035758465528,123.4495906391129,48.50429240711011
truth,related_same,500,66,1,EXECUTE,published_after_gate_recheck,17.312343697994947,6.472116801887751,123.4495906391129,48.50429240711011
truth,related_same,500,67,1,EXECUTE,published_after_gate_recheck,23.207117803394794,8.368072099983692,123.4495906391129,48.50429240711011
truth,related_same,500,68,1,EXECUTE,published_after_gate_recheck,16.906704287976027,6.40271557494998,123.4495906391129,48.50429240711011
truth,related_same,500,69,1,EXECUTE,published_after_gate_recheck,23.709570057690144,8.45074700191617,123.4495906391129,48.50429240711011
truth,related_same,500,70,1,EXECUTE,published_after_gate_recheck,22.94403500854969,8.20778077468276,123.4495906391129,48.50429240711011
truth,related_same,500,71,1,EXECUTE,published_after_gate_recheck,22.570463828742504,7.671636063605547,123.4495906391129,48.50429240711011
truth,related_same,500,72,1,EXECUTE,published_after_gate_recheck,23.448660969734192,8.277262095361948,123.4495906391129,48.50429240711011
truth,related_same,500,73,1,EXECUTE,published_after_gate_recheck,21.311592776328325,7.428339682519436,123.4495906391129,48.50429240711011
truth,related_same,500,74,1,EXECUTE,published_after_gate_recheck,23.344034794718027,7.909662090241909,123.4495906391129,48.50429240711011
truth,related_same,500,75,1,EXECUTE,published_after_gate_recheck,23.4027449041605,7.766764145344496,123.4495906391129,48.50429240711011
truth,related_same,500,76,1,EXECUTE,published_after_gate_recheck,16.185231041163206,6.35181088000536,123.4495906391129,48.50429240711011
truth,related_same,500,77,1,EXECUTE,published_after_gate_recheck,17.476611770689487,6.416290998458862,123.4495906391129,48.50429240711011
truth,related_same,500,78,1,EXECUTE,published_after_gate_recheck,24.015542585402727,8.387277834117413,123.4495906391129,48.50429240711011
truth,related_same,500,79,1,EXECUTE,published_after_gate_recheck,17.930313013494015,6.8599930964410305,123.4495906391129,48.50429240711011
truth,related_same,500,80,1,EXECUTE,published_after_gate_recheck,23.480860982090235,8.359806146472692,123.4495906391129,48.50429240711011
truth,related_same,500,81,1,EXECUTE,published_after_gate_recheck,17.403284087777138,6.785763893276453,123.4495906391129,48.50429240711011
truth,related_same,500,82,1,EXECUTE,published_after_gate_recheck,17.734967172145844,6.659208331257105,123.4495906391129,48.50429240711011
truth,related_same,500,83,1,EXECUTE,published_after_gate_recheck,23.32002017647028,8.182383142411709,123.4495906391129,48.50429240711011
truth,related_same,500,84,1,EXECUTE,published_after_gate_recheck,23.131755646318197,8.109738118946552,123.4495906391129,48.50429240711011
truth,related_same,500,85,1,EXECUTE,published_after_gate_recheck,17.7367995493114,6.33800495415926,123.4495906391129,48.50429240711011
truth,related_same,500,86,1,EXECUTE,published_after_gate_recheck,23.760666139423847,8.788940962404013,123.4495906391129,48.50429240711011
truth,related_same,500,87,1,EXECUTE,published_after_gate_recheck,23.050693795084953,6.9527882151305676,123.4495906391129,48.50429240711011
truth,related_same,500,88,1,EXECUTE,published_after_gate_recheck,22.540057078003883,7.227201946079731,123.4495906391129,48.50429240711011
truth,related_same,500,89,1,EXECUTE,published_after_gate_recheck,21.70264581218362,5.295449867844582,123.4495906391129,48.50429240711011
truth,related_same,500,90,1,EXECUTE,published_after_gate_recheck,18.623472191393375,6.949793081730604,123.4495906391129,48.50429240711011
truth,related_same,500,91,1,EXECUTE,published_after_gate_recheck,17.011390067636967,5.907237064093351,123.4495906391129,48.50429240711011
truth,related_same,500,92,1,EXECUTE,published_after_gate_recheck,17.786153126507998,6.6408128477633,123.4495906391129,48.50429240711011
truth,related_same,500,93,1,EXECUTE,published_after_gate_recheck,24.75784532725811,7.45658203959465,123.4495906391129,48.50429240711011
truth,related_same,500,94,1,EXECUTE,published_after_gate_recheck,24.00080719962716,8.399821817874908,123.4495906391129,48.50429240711011
truth,related_same,500,95,1,EXECUTE,published_after_gate_recheck,17.577229999005795,6.25652214512229,123.4495906391129,48.50429240711011
truth,related_same,500,96,1,EXECUTE,published_after_gate_recheck,17.74907298386097,6.478638853877783,123.4495906391129,48.50429240711011
truth,related_same,500,97,1,EXECUTE,published_after_gate_recheck,23.46781687811017,9.055971633642912,123.4495906391129,48.50429240711011
truth,related_same,500,98,1,EXECUTE,published_after_gate_recheck,24.794233962893486,8.869672194123268,123.4495906391129,48.50429240711011
truth,related_same,500,99,1,EXECUTE,published_after_gate_recheck,17.413072753697634,7.176458369940519,123.4495906391129,48.50429240711011
opa,related_same,500,0,1,EXECUTE,opa_allowed_at_gate,10.615156032145023,3.179342020303011,123.59057623090493,104.62726420178547
opa,related_same,500,1,1,EXECUTE,opa_allowed_at_gate,10.379433166235685,4.000251181423664,123.59057623090493,104.62726420178547
opa,related_same,500,2,1,EXECUTE,opa_allowed_at_gate,9.102419018745422,3.1291572377085686,123.59057623090493,104.62726420178547
opa,related_same,500,3,1,EXECUTE,opa_allowed_at_gate,9.714656975120306,3.6590811796486378,123.59057623090493,104.62726420178547
opa,related_same,500,4,1,EXECUTE,opa_allowed_at_gate,9.04968986287713,3.129868768155575,123.59057623090493,104.62726420178547
opa,related_same,500,5,1,EXECUTE,opa_allowed_at_gate,9.078222792595625,3.184701781719923,123.59057623090493,104.62726420178547
opa,related_same,500,6,1,EXECUTE,opa_allowed_at_gate,11.066181119531393,4.391965921968222,123.59057623090493,104.62726420178547
opa,related_same,500,7,1,EXECUTE,opa_allowed_at_gate,9.554717224091291,3.091977909207344,123.59057623090493,104.62726420178547
opa,related_same,500,8,1,EXECUTE,opa_allowed_at_gate,10.31149597838521,4.282429814338684,123.59057623090493,104.62726420178547
opa,related_same,500,9,1,EXECUTE,opa_allowed_at_gate,9.668930899351835,2.9923408292233944,123.59057623090493,104.62726420178547
opa,related_same,500,10,1,EXECUTE,opa_allowed_at_gate,10.038754902780056,2.95655382797122,123.59057623090493,104.62726420178547
opa,related_same,500,11,1,EXECUTE,opa_allowed_at_gate,11.08935521915555,4.1159577667713165,123.59057623090493,104.62726420178547
opa,related_same,500,12,1,EXECUTE,opa_allowed_at_gate,10.347102768719196,3.540449310094118,123.59057623090493,104.62726420178547
opa,related_same,500,13,1,EXECUTE,opa_allowed_at_gate,9.953323751688004,3.098471090197563,123.59057623090493,104.62726420178547
opa,related_same,500,14,1,EXECUTE,opa_allowed_at_gate,10.053021367639303,3.2266108319163322,123.59057623090493,104.62726420178547
opa,related_same,500,15,1,EXECUTE,opa_allowed_at_gate,9.265633765608072,3.234816249459982,123.59057623090493,104.62726420178547
opa,related_same,500,16,1,EXECUTE,opa_allowed_at_gate,9.895375929772854,3.1797331757843494,123.59057623090493,104.62726420178547
opa,related_same,500,17,1,EXECUTE,opa_allowed_at_gate,8.966473862528801,2.832902129739523,123.59057623090493,104.62726420178547
opa,related_same,500,18,1,EXECUTE,opa_allowed_at_gate,9.603448212146759,3.2634087838232517,123.59057623090493,104.62726420178547
opa,related_same,500,19,1,EXECUTE,opa_allowed_at_gate,9.825184009969234,3.0817892402410507,123.59057623090493,104.62726420178547
opa,related_same,500,20,1,EXECUTE,opa_allowed_at_gate,8.914717007428408,2.8232838958501816,123.59057623090493,104.62726420178547
opa,related_same,500,21,1,EXECUTE,opa_allowed_at_gate,9.306090883910656,3.1340671703219414,123.59057623090493,104.62726420178547
opa,related_same,500,22,1,EXECUTE,opa_allowed_at_gate,8.891382720321417,3.085555974394083,123.59057623090493,104.62726420178547
opa,related_same,500,23,1,EXECUTE,opa_allowed_at_gate,9.391951840370893,3.5138502717018127,123.59057623090493,104.62726420178547
opa,related_same,500,24,1,EXECUTE,opa_allowed_at_gate,9.67142591252923,2.9811598360538483,123.59057623090493,104.62726420178547
opa,related_same,500,25,1,EXECUTE,opa_allowed_at_gate,9.027698077261448,3.293275833129883,123.59057623090493,104.62726420178547
opa,related_same,500,26,1,EXECUTE,opa_allowed_at_gate,9.997196961194277,3.039760049432516,123.59057623090493,104.62726420178547
opa,related_same,500,27,1,EXECUTE,opa_allowed_at_gate,9.717503096908331,3.438628278672695,123.59057623090493,104.62726420178547
opa,related_same,500,28,1,EXECUTE,opa_allowed_at_gate,9.21058189123869,2.94919079169631,123.59057623090493,104.62726420178547
opa,related_same,500,29,1,EXECUTE,opa_allowed_at_gate,10.058833286166191,3.3269478008151054,123.59057623090493,104.62726420178547
opa,related_same,500,30,1,EXECUTE,opa_allowed_at_gate,8.59168078750372,3.095554653555155,123.59057623090493,104.62726420178547
opa,related_same,500,31,1,EXECUTE,opa_allowed_at_gate,9.346707258373499,3.2685291953384876,123.59057623090493,104.62726420178547
opa,related_same,500,32,1,EXECUTE,opa_allowed_at_gate,10.081394109874964,3.69058083742857,123.59057623090493,104.62726420178547
opa,related_same,500,33,1,EXECUTE,opa_allowed_at_gate,9.269803296774626,2.974867820739746,123.59057623090493,104.62726420178547
opa,related_same,500,34,1,EXECUTE,opa_allowed_at_gate,10.162014979869127,3.204659093171358,123.59057623090493,104.62726420178547
opa,related_same,500,35,1,EXECUTE,opa_allowed_at_gate,8.743044920265675,3.1822770833969116,123.59057623090493,104.62726420178547
opa,related_same,500,36,1,EXECUTE,opa_allowed_at_gate,9.527887217700481,3.3566737547516823,123.59057623090493,104.62726420178547
opa,related_same,500,37,1,EXECUTE,opa_allowed_at_gate,9.343961719423532,3.3991443924605846,123.59057623090493,104.62726420178547
opa,related_same,500,38,1,EXECUTE,opa_allowed_at_gate,8.556736167520285,3.107947763055563,123.59057623090493,104.62726420178547
opa,related_same,500,39,1,EXECUTE,opa_allowed_at_gate,10.032512713223696,4.03533736243844,123.59057623090493,104.62726420178547
opa,related_same,500,40,1,EXECUTE,opa_allowed_at_gate,9.227803908288479,2.874501049518585,123.59057623090493,104.62726420178547
opa,related_same,500,41,1,EXECUTE,opa_allowed_at_gate,9.198890067636967,3.1867758370935917,123.59057623090493,104.62726420178547
opa,related_same,500,42,1,EXECUTE,opa_allowed_at_gate,8.903085254132748,3.135258797556162,123.59057623090493,104.62726420178547
opa,related_same,500,43,1,EXECUTE,opa_allowed_at_gate,9.695770684629679,2.816370688378811,123.59057623090493,104.62726420178547
opa,related_same,500,44,1,EXECUTE,opa_allowed_at_gate,9.409785736352205,3.3921711146831512,123.59057623090493,104.62726420178547
opa,related_same,500,45,1,EXECUTE,opa_allowed_at_gate,9.954286273568869,3.529719077050686,123.59057623090493,104.62726420178547
opa,related_same,500,46,1,EXECUTE,opa_allowed_at_gate,9.126934222877026,2.9714517295360565,123.59057623090493,104.62726420178547
opa,related_same,500,47,1,EXECUTE,opa_allowed_at_gate,8.795653004199266,2.87542212754488,123.59057623090493,104.62726420178547
opa,related_same,500,48,1,EXECUTE,opa_allowed_at_gate,8.666691835969687,2.9391818679869175,123.59057623090493,104.62726420178547
opa,related_same,500,49,1,EXECUTE,opa_allowed_at_gate,9.044819977134466,2.9586181044578552,123.59057623090493,104.62726420178547
opa,related_same,500,50,1,EXECUTE,opa_allowed_at_gate,9.65062715113163,3.6019450053572655,123.59057623090493,104.62726420178547
opa,related_same,500,51,1,EXECUTE,opa_allowed_at_gate,9.347158018499613,3.0644768849015236,123.59057623090493,104.62726420178547
opa,related_same,500,52,1,EXECUTE,opa_allowed_at_gate,8.918432984501123,3.2081161625683308,123.59057623090493,104.62726420178547
opa,related_same,500,53,1,EXECUTE,opa_allowed_at_gate,9.511535987257957,3.635598346590996,123.59057623090493,104.62726420178547
opa,related_same,500,54,1,EXECUTE,opa_allowed_at_gate,9.448096621781588,3.1422721222043037,123.59057623090493,104.62726420178547
opa,related_same,500,55,1,EXECUTE,opa_allowed_at_gate,9.508631192147732,3.2571679912507534,123.59057623090493,104.62726420178547
opa,related_same,500,56,1,EXECUTE,opa_allowed_at_gate,9.197216015309095,3.0553387477993965,123.59057623090493,104.62726420178547
opa,related_same,500,57,1,EXECUTE,opa_allowed_at_gate,10.063461028039455,3.4176791086792946,123.59057623090493,104.62726420178547
opa,related_same,500,58,1,EXECUTE,opa_allowed_at_gate,8.470374159514904,3.1680013053119183,123.59057623090493,104.62726420178547
opa,related_same,500,59,1,EXECUTE,opa_allowed_at_gate,9.412229992449284,3.6523290909826756,123.59057623090493,104.62726420178547
opa,related_same,500,60,1,EXECUTE,opa_allowed_at_gate,9.638604708015919,3.2064327970147133,123.59057623090493,104.62726420178547
opa,related_same,500,61,1,EXECUTE,opa_allowed_at_gate,9.05075203627348,3.1171347945928574,123.59057623090493,104.62726420178547
opa,related_same,500,62,1,EXECUTE,opa_allowed_at_gate,9.202887304127216,3.087459597736597,123.59057623090493,104.62726420178547
opa,related_same,500,63,1,EXECUTE,opa_allowed_at_gate,9.644505567848682,3.4308540634810925,123.59057623090493,104.62726420178547
opa,related_same,500,64,1,EXECUTE,opa_allowed_at_gate,9.279601275920868,3.364088013768196,123.59057623090493,104.62726420178547
opa,related_same,500,65,1,EXECUTE,opa_allowed_at_gate,9.322061203420162,3.4209047444164753,123.59057623090493,104.62726420178547
opa,related_same,500,66,1,EXECUTE,opa_allowed_at_gate,9.22935688868165,3.0382173135876656,123.59057623090493,104.62726420178547
opa,related_same,500,67,1,EXECUTE,opa_allowed_at_gate,9.409265127032995,2.9947860166430473,123.59057623090493,104.62726420178547
opa,related_same,500,68,1,EXECUTE,opa_allowed_at_gate,9.594150818884373,3.364008851349354,123.59057623090493,104.62726420178547
opa,related_same,500,69,1,EXECUTE,opa_allowed_at_gate,10.205306112766266,3.071119077503681,123.59057623090493,104.62726420178547
opa,related_same,500,70,1,EXECUTE,opa_allowed_at_gate,10.833114851266146,3.2646511681377888,123.59057623090493,104.62726420178547
opa,related_same,500,71,1,EXECUTE,opa_allowed_at_gate,9.810145944356918,3.1658471561968327,123.59057623090493,104.62726420178547
opa,related_same,500,72,1,EXECUTE,opa_allowed_at_gate,9.29195387288928,2.9863608069717884,123.59057623090493,104.62726420178547
opa,related_same,500,73,1,EXECUTE,opa_allowed_at_gate,10.103045031428337,3.117005340754986,123.59057623090493,104.62726420178547
opa,related_same,500,74,1,EXECUTE,opa_allowed_at_gate,8.657725062221289,2.7815960347652435,123.59057623090493,104.62726420178547
opa,related_same,500,75,1,EXECUTE,opa_allowed_at_gate,9.487560950219631,3.371812868863344,123.59057623090493,104.62726420178547
opa,related_same,500,76,1,EXECUTE,opa_allowed_at_gate,9.109301026910543,3.051802981644869,123.59057623090493,104.62726420178547
opa,related_same,500,77,1,EXECUTE,opa_allowed_at_gate,9.276886004954576,3.0608801171183586,123.59057623090493,104.62726420178547
opa,related_same,500,78,1,EXECUTE,opa_allowed_at_gate,8.604964707046747,3.143755253404379,123.59057623090493,104.62726420178547
opa,related_same,500,79,1,EXECUTE,opa_allowed_at_gate,8.946144953370094,2.8962711803615093,123.59057623090493,104.62726420178547
opa,related_same,500,80,1,EXECUTE,opa_allowed_at_gate,9.945790749043226,3.564734011888504,123.59057623090493,104.62726420178547
opa,related_same,500,81,1,EXECUTE,opa_allowed_at_gate,9.791601914912462,3.314466215670109,123.59057623090493,104.62726420178547
opa,related_same,500,82,1,EXECUTE,opa_allowed_at_gate,9.03514213860035,3.1612678430974483,123.59057623090493,104.62726420178547
opa,related_same,500,83,1,EXECUTE,opa_allowed_at_gate,8.986682165414095,2.9803491197526455,123.59057623090493,104.62726420178547
opa,related_same,500,84,1,EXECUTE,opa_allowed_at_gate,9.183140005916357,2.4376013316214085,123.59057623090493,104.62726420178547
opa,related_same,500,85,1,EXECUTE,opa_allowed_at_gate,10.172224137932062,3.3394121564924717,123.59057623090493,104.62726420178547
opa,related_same,500,86,1,EXECUTE,opa_allowed_at_gate,9.027577936649323,3.1263031996786594,123.59057623090493,104.62726420178547
opa,related_same,500,87,1,EXECUTE,opa_allowed_at_gate,10.244329925626516,3.369648940861225,123.59057623090493,104.62726420178547
opa,related_same,500,88,1,EXECUTE,opa_allowed_at_gate,10.464052204042673,2.874129917472601,123.59057623090493,104.62726420178547
opa,related_same,500,89,1,EXECUTE,opa_allowed_at_gate,9.209189098328352,2.820578869432211,123.59057623090493,104.62726420178547
opa,related_same,500,90,1,EXECUTE,opa_allowed_at_gate,9.712533093988895,3.3671241253614426,123.59057623090493,104.62726420178547
opa,related_same,500,91,1,EXECUTE,opa_allowed_at_gate,9.215029887855053,2.8650020249187946,123.59057623090493,104.62726420178547
opa,related_same,500,92,1,EXECUTE,opa_allowed_at_gate,9.199261199682951,3.2467180863022804,123.59057623090493,104.62726420178547
opa,related_same,500,93,1,EXECUTE,opa_allowed_at_gate,9.144057054072618,2.8156396001577377,123.59057623090493,104.62726420178547
opa,related_same,500,94,1,EXECUTE,opa_allowed_at_gate,9.445081930607557,3.4432057291269302,123.59057623090493,104.62726420178547
opa,related_same,500,95,1,EXECUTE,opa_allowed_at_gate,11.241619940847158,3.3400128595530987,123.59057623090493,104.62726420178547
opa,related_same,500,96,1,EXECUTE,opa_allowed_at_gate,8.747453335672617,2.9478478245437145,123.59057623090493,104.62726420178547
opa,related_same,500,97,1,EXECUTE,opa_allowed_at_gate,9.065108839422464,2.9890849255025387,123.59057623090493,104.62726420178547
opa,related_same,500,98,1,EXECUTE,opa_allowed_at_gate,9.597036987543106,3.3265380188822746,123.59057623090493,104.62726420178547
opa,related_same,500,99,1,EXECUTE,opa_allowed_at_gate,9.401189163327217,2.9587377794086933,123.59057623090493,104.62726420178547
opa_readset,related_same,500,0,1,EXECUTE,opa_allowed_at_gate,10.642887093126774,3.098900895565748,127.2973683940377,104.69973886647823
opa_readset,related_same,500,1,1,EXECUTE,opa_allowed_at_gate,11.17303129285574,4.070061724632978,127.2973683940377,104.69973886647823
opa_readset,related_same,500,2,1,EXECUTE,opa_allowed_at_gate,10.194377042353153,3.1372830271720886,127.2973683940377,104.69973886647823
opa_readset,related_same,500,3,1,EXECUTE,opa_allowed_at_gate,9.864958003163338,3.1176158227026463,127.2973683940377,104.69973886647823
opa_readset,related_same,500,4,1,EXECUTE,opa_allowed_at_gate,9.230217896401882,3.0496888794004917,127.2973683940377,104.69973886647823
opa_readset,related_same,500,5,1,EXECUTE,opa_allowed_at_gate,9.558362886309624,3.1878878362476826,127.2973683940377,104.69973886647823
opa_readset,related_same,500,6,1,EXECUTE,opa_allowed_at_gate,8.956554811447859,3.11609311029315,127.2973683940377,104.69973886647823
opa_readset,related_same,500,7,1,EXECUTE,opa_allowed_at_gate,9.364178869873285,2.908043097704649,127.2973683940377,104.69973886647823
opa_readset,related_same,500,8,1,EXECUTE,opa_allowed_at_gate,9.798604063689709,3.1349677592515945,127.2973683940377,104.69973886647823
opa_readset,related_same,500,9,1,EXECUTE,opa_allowed_at_gate,9.75565379485488,3.5381149500608444,127.2973683940377,104.69973886647823
opa_readset,related_same,500,10,1,EXECUTE,opa_allowed_at_gate,8.63706599920988,2.7853427454829216,127.2973683940377,104.69973886647823
opa_readset,related_same,500,11,1,EXECUTE,opa_allowed_at_gate,8.640713058412075,2.842240035533905,127.2973683940377,104.69973886647823
opa_readset,related_same,500,12,1,EXECUTE,opa_allowed_at_gate,9.091808926314116,3.1319228000938892,127.2973683940377,104.69973886647823
opa_readset,related_same,500,13,1,EXECUTE,opa_allowed_at_gate,9.255646262317896,3.2049701549112797,127.2973683940377,104.69973886647823
opa_readset,related_same,500,14,1,EXECUTE,opa_allowed_at_gate,12.131718918681145,3.205730579793453,127.2973683940377,104.69973886647823
opa_readset,related_same,500,15,1,EXECUTE,opa_allowed_at_gate,9.993699844926596,3.1178761273622513,127.2973683940377,104.69973886647823
opa_readset,related_same,500,16,1,EXECUTE,opa_allowed_at_gate,9.13760531693697,3.079515416175127,127.2973683940377,104.69973886647823
opa_readset,related_same,500,17,1,EXECUTE,opa_allowed_at_gate,9.224548004567623,3.178670071065426,127.2973683940377,104.69973886647823
opa_readset,related_same,500,18,1,EXECUTE,opa_allowed_at_gate,9.707122575491667,3.2335827127099037,127.2973683940377,104.69973886647823
opa_readset,related_same,500,19,1,EXECUTE,opa_allowed_at_gate,9.302804246544838,2.993985079228878,127.2973683940377,104.69973886647823
opa_readset,related_same,500,20,1,EXECUTE,opa_allowed_at_gate,10.132569819688797,3.2210801728069782,127.2973683940377,104.69973886647823
opa_readset,related_same,500,21,1,EXECUTE,opa_allowed_at_gate,15.91501384973526,3.9220540784299374,127.2973683940377,104.69973886647823
opa_readset,related_same,500,22,1,EXECUTE,opa_allowed_at_gate,10.385475121438503,3.2297163270413876,127.2973683940377,104.69973886647823
opa_readset,related_same,500,23,1,EXECUTE,opa_allowed_at_gate,8.87189619243145,3.0922680161893368,127.2973683940377,104.69973886647823
opa_readset,related_same,500,24,1,EXECUTE,opa_allowed_at_gate,10.439355857670307,3.9994888938963413,127.2973683940377,104.69973886647823
opa_readset,related_same,500,25,1,EXECUTE,opa_allowed_at_gate,9.734333027154207,3.2507856376469135,127.2973683940377,104.69973886647823
opa_readset,related_same,500,26,1,EXECUTE,opa_allowed_at_gate,9.565628133714199,3.434981219470501,127.2973683940377,104.69973886647823
opa_readset,related_same,500,27,1,EXECUTE,opa_allowed_at_gate,9.06089087948203,2.9388107359409332,127.2973683940377,104.69973886647823
opa_readset,related_same,500,28,1,EXECUTE,opa_allowed_at_gate,9.119401220232248,2.855324186384678,127.2973683940377,104.69973886647823
opa_readset,related_same,500,29,1,EXECUTE,opa_allowed_at_gate,9.168692864477634,3.0228779651224613,127.2973683940377,104.69973886647823
opa_readset,related_same,500,30,1,EXECUTE,opa_allowed_at_gate,8.50973790511489,3.1682909466326237,127.2973683940377,104.69973886647823
opa_readset,related_same,500,31,1,EXECUTE,opa_allowed_at_gate,9.481439366936684,3.495806362479925,127.2973683940377,104.69973886647823
opa_readset,related_same,500,32,1,EXECUTE,opa_allowed_at_gate,8.525266777724028,2.606657799333334,127.2973683940377,104.69973886647823
opa_readset,related_same,500,33,1,EXECUTE,opa_allowed_at_gate,9.878844954073429,3.4870989620685577,127.2973683940377,104.69973886647823
opa_readset,related_same,500,34,1,EXECUTE,opa_allowed_at_gate,9.243032429367304,2.832951955497265,127.2973683940377,104.69973886647823
opa_readset,related_same,500,35,1,EXECUTE,opa_allowed_at_gate,9.64009715244174,3.6371201276779175,127.2973683940377,104.69973886647823
opa_readset,related_same,500,36,1,EXECUTE,opa_allowed_at_gate,9.150028228759766,3.5316431894898415,127.2973683940377,104.69973886647823
opa_readset,related_same,500,37,1,EXECUTE,opa_allowed_at_gate,9.208288043737411,3.2631889916956425,127.2973683940377,104.69973886647823
opa_readset,related_same,500,38,1,EXECUTE,opa_allowed_at_gate,8.770036045461893,2.97987787052989,127.2973683940377,104.69973886647823
opa_readset,related_same,500,39,1,EXECUTE,opa_allowed_at_gate,8.80123395472765,3.0835927464067936,127.2973683940377,104.69973886647823
opa_readset,related_same,500,40,1,EXECUTE,opa_allowed_at_gate,9.28588304668665,3.079053945839405,127.2973683940377,104.69973886647823
opa_readset,related_same,500,41,1,EXECUTE,opa_allowed_at_gate,9.422709234058857,3.615711349993944,127.2973683940377,104.69973886647823
opa_readset,related_same,500,42,1,EXECUTE,opa_allowed_at_gate,9.483333211392164,3.49472276866436,127.2973683940377,104.69973886647823
opa_readset,related_same,500,43,1,EXECUTE,opa_allowed_at_gate,9.28822671994567,3.070227336138487,127.2973683940377,104.69973886647823
opa_readset,related_same,500,44,1,EXECUTE,opa_allowed_at_gate,9.65381320565939,3.266145009547472,127.2973683940377,104.69973886647823
opa_readset,related_same,500,45,1,EXECUTE,opa_allowed_at_gate,9.09502524882555,3.040492068976164,127.2973683940377,104.69973886647823
opa_readset,related_same,500,46,1,EXECUTE,opa_allowed_at_gate,9.56952478736639,3.1703459098935127,127.2973683940377,104.69973886647823
opa_readset,related_same,500,47,1,EXECUTE,opa_allowed_at_gate,9.000157006084919,3.20372823625803,127.2973683940377,104.69973886647823
opa_readset,related_same,500,48,1,EXECUTE,opa_allowed_at_gate,8.834796957671642,2.7694529853761196,127.2973683940377,104.69973886647823
opa_readset,related_same,500,49,1,EXECUTE,opa_allowed_at_gate,9.420174174010754,3.3458340913057327,127.2973683940377,104.69973886647823
opa_readset,related_same,500,50,1,EXECUTE,opa_allowed_at_gate,9.357247035950422,3.5661780275404453,127.2973683940377,104.69973886647823
opa_readset,related_same,500,51,1,EXECUTE,opa_allowed_at_gate,9.398944675922394,3.085204865783453,127.2973683940377,104.69973886647823
opa_readset,related_same,500,52,1,EXECUTE,opa_allowed_at_gate,9.544929023832083,3.083182033151388,127.2973683940377,104.69973886647823
opa_readset,related_same,500,53,1,EXECUTE,opa_allowed_at_gate,9.014092851430178,3.3176010474562645,127.2973683940377,104.69973886647823
opa_readset,related_same,500,54,1,EXECUTE,opa_allowed_at_gate,9.241089224815369,3.123065922409296,127.2973683940377,104.69973886647823
opa_readset,related_same,500,55,1,EXECUTE,opa_allowed_at_gate,8.710864000022411,2.661852166056633,127.2973683940377,104.69973886647823
opa_readset,related_same,500,56,1,EXECUTE,opa_allowed_at_gate,9.706682059913874,3.2544517889618874,127.2973683940377,104.69973886647823
opa_readset,related_same,500,57,1,EXECUTE,opa_allowed_at_gate,9.381210897117853,2.82877404242754,127.2973683940377,104.69973886647823
opa_readset,related_same,500,58,1,EXECUTE,opa_allowed_at_gate,8.995007257908583,2.801152877509594,127.2973683940377,104.69973886647823
opa_readset,related_same,500,59,1,EXECUTE,opa_allowed_at_gate,9.494253899902105,3.174171783030033,127.2973683940377,104.69973886647823
opa_readset,related_same,500,60,1,EXECUTE,opa_allowed_at_gate,9.61995916441083,3.3311969600617886,127.2973683940377,104.69973886647823
opa_readset,related_same,500,61,1,EXECUTE,opa_allowed_at_gate,9.253712836652994,3.11333779245615,127.2973683940377,104.69973886647823
opa_readset,related_same,500,62,1,EXECUTE,opa_allowed_at_gate,9.003182873129845,2.6162960566580296,127.2973683940377,104.69973886647823
opa_readset,related_same,500,63,1,EXECUTE,opa_allowed_at_gate,8.655852172523737,2.918391954153776,127.2973683940377,104.69973886647823
opa_readset,related_same,500,64,1,EXECUTE,opa_allowed_at_gate,9.231902193278074,3.3878330141305923,127.2973683940377,104.69973886647823
opa_readset,related_same,500,65,1,EXECUTE,opa_allowed_at_gate,9.589482098817825,3.124409355223179,127.2973683940377,104.69973886647823
opa_readset,related_same,500,66,1,EXECUTE,opa_allowed_at_gate,9.038298856467009,2.8329920023679733,127.2973683940377,104.69973886647823
opa_readset,related_same,500,67,1,EXECUTE,opa_allowed_at_gate,9.02628619223833,3.0937111005187035,127.2973683940377,104.69973886647823
opa_readset,related_same,500,68,1,EXECUTE,opa_allowed_at_gate,9.022117592394352,2.931916620582342,127.2973683940377,104.69973886647823
opa_readset,related_same,500,69,1,EXECUTE,opa_allowed_at_gate,9.234015829861164,3.175013232976198,127.2973683940377,104.69973886647823
opa_readset,related_same,500,70,1,EXECUTE,opa_allowed_at_gate,9.62717179208994,3.4831510856747627,127.2973683940377,104.69973886647823
opa_readset,related_same,500,71,1,EXECUTE,opa_allowed_at_gate,9.738271124660969,3.1710262410342693,127.2973683940377,104.69973886647823
opa_readset,related_same,500,72,1,EXECUTE,opa_allowed_at_gate,9.097558911889791,3.1194398179650307,127.2973683940377,104.69973886647823
opa_readset,related_same,500,73,1,EXECUTE,opa_allowed_at_gate,9.45816608145833,3.039809875190258,127.2973683940377,104.69973886647823
opa_readset,related_same,500,74,1,EXECUTE,opa_allowed_at_gate,9.344151709228754,3.1806938350200653,127.2973683940377,104.69973886647823
opa_readset,related_same,500,75,1,EXECUTE,opa_allowed_at_gate,9.182658977806568,3.3080531284213066,127.2973683940377,104.69973886647823
opa_readset,related_same,500,76,1,EXECUTE,opa_allowed_at_gate,9.05583193525672,2.963207196444273,127.2973683940377,104.69973886647823
opa_readset,related_same,500,77,1,EXECUTE,opa_allowed_at_gate,8.938070852309465,3.093190025538206,127.2973683940377,104.69973886647823
opa_readset,related_same,500,78,1,EXECUTE,opa_allowed_at_gate,9.554045740514994,3.37405689060688,127.2973683940377,104.69973886647823
opa_readset,related_same,500,79,1,EXECUTE,opa_allowed_at_gate,8.802556898444891,3.131201956421137,127.2973683940377,104.69973886647823
opa_readset,related_same,500,80,1,EXECUTE,opa_allowed_at_gate,8.686428889632225,3.009352833032608,127.2973683940377,104.69973886647823
opa_readset,related_same,500,81,1,EXECUTE,opa_allowed_at_gate,9.355893824249506,3.3243042416870594,127.2973683940377,104.69973886647823
opa_readset,related_same,500,82,1,EXECUTE,opa_allowed_at_gate,8.990618865936995,2.880251035094261,127.2973683940377,104.69973886647823
opa_readset,related_same,500,83,1,EXECUTE,opa_allowed_at_gate,9.612365160137415,3.214868251234293,127.2973683940377,104.69973886647823
opa_readset,related_same,500,84,1,EXECUTE,opa_allowed_at_gate,10.640382766723633,3.888422157615423,127.2973683940377,104.69973886647823
opa_readset,related_same,500,85,1,EXECUTE,opa_allowed_at_gate,9.832717943936586,2.5607720017433167,127.2973683940377,104.69973886647823
opa_readset,related_same,500,86,1,EXECUTE,opa_allowed_at_gate,9.884936269372702,3.43500217422843,127.2973683940377,104.69973886647823
opa_readset,related_same,500,87,1,EXECUTE,opa_allowed_at_gate,9.303946979343891,3.3656610175967216,127.2973683940377,104.69973886647823
opa_readset,related_same,500,88,1,EXECUTE,opa_allowed_at_gate,11.52695482596755,3.2400060445070267,127.2973683940377,104.69973886647823
opa_readset,related_same,500,89,1,EXECUTE,opa_allowed_at_gate,9.175465442240238,3.111383877694607,127.2973683940377,104.69973886647823
opa_readset,related_same,500,90,1,EXECUTE,opa_allowed_at_gate,9.199571330100298,3.356955014169216,127.2973683940377,104.69973886647823
opa_readset,related_same,500,91,1,EXECUTE,opa_allowed_at_gate,9.397702757269144,3.0727419070899487,127.2973683940377,104.69973886647823
opa_readset,related_same,500,92,1,EXECUTE,opa_allowed_at_gate,9.632772766053677,3.4238998778164387,127.2973683940377,104.69973886647823
opa_readset,related_same,500,93,1,EXECUTE,opa_allowed_at_gate,9.31063899770379,3.248421009629965,127.2973683940377,104.69973886647823
opa_readset,related_same,500,94,1,EXECUTE,opa_allowed_at_gate,9.628695901483297,3.2605337910354137,127.2973683940377,104.69973886647823
opa_readset,related_same,500,95,1,EXECUTE,opa_allowed_at_gate,9.994542226195335,3.221430815756321,127.2973683940377,104.69973886647823
opa_readset,related_same,500,96,1,EXECUTE,opa_allowed_at_gate,8.795973844826221,2.6450911536812782,127.2973683940377,104.69973886647823
opa_readset,related_same,500,97,1,EXECUTE,opa_allowed_at_gate,9.239485953003168,3.1206123530864716,127.2973683940377,104.69973886647823
opa_readset,related_same,500,98,1,EXECUTE,opa_allowed_at_gate,9.69156390056014,3.074344713240862,127.2973683940377,104.69973886647823
opa_readset,related_same,500,99,1,EXECUTE,opa_allowed_at_gate,9.241228923201561,3.2355771400034428,127.2973683940377,104.69973886647823
