mode,actuator,inject,event,aba_gap_ms,mirrored,start_version,witness_version,version_at_effect,history_violation,inject_offset_ms,run,gateway_released,reason,cell_result,executed,state_at_effect,stale_effect,refused_by_controller,e2e_latency_ms,pause_after_submit_ms
xair_atomic,plc_plain,1,pause,,1,0,,,0,4,0,0,read_set_version_changed_at_commit,,0,,0,0,20.572646986693144,4.421872086822987
xair,plc_predicate,0,,,1,2,2,2,0,,1,1,published_after_gate_recheck,executed:RUN:2,1,RUN,0,0,383.96089104935527,
xair_atomic,plc_conditional,0,,,1,2,2,2,0,,2,1,authorization_committed,executed:RUN:2,1,RUN,0,0,27.789511252194643,
xair,plc_predicate,1,pause,,1,2,2,3,0,8,3,1,published_after_gate_recheck,refused:predicate_false:3,0,,0,1,23.103243205696344,8.367221336811781
xair,plc_conditional,1,pause,,1,4,,,0,4,4,0,read_set_version_changed_at_gate,,0,,0,0,23.015859071165323,4.163847770541906
xair,plc_plain,1,pause,,1,6,,,0,4,5,0,read_set_version_changed_at_gate,,0,,0,0,22.885465063154697,4.163406789302826
xair_atomic,plc_conditional,1,pause,,1,8,8,8,0,30,6,1,authorization_committed,executed:RUN:8,1,RUN,0,0,24.674609769135714,30.37990815937519
xair,plc_plain,1,pause,,1,10,,,0,2,7,0,precondition_failed: line.state == 'RUN',,0,,0,0,17.03327987343073,2.2118370980024338
xair,plc_conditional,1,pause,,1,12,12,13,0,8,8,1,published_after_gate_recheck,refused:version_changed:13,0,,0,1,24.55322165042162,8.172564674168825
xair_atomic,plc_conditional,1,pause,,1,14,14,15,0,14,9,1,authorization_committed,refused:version_changed:15,0,,0,1,23.57902517542243,14.293071813881397
xair,plc_predicate,0,,,1,16,16,16,0,,10,1,published_after_gate_recheck,executed:RUN:16,1,RUN,0,0,21.3140482082963,
xair_atomic,plc_plain,1,pause,,1,16,16,17,0,14,11,1,authorization_committed,executed:PAUSED:17,1,PAUSED,1,0,18.595360219478607,14.226077124476433
xair,plc_plain,1,pause,,1,18,18,19,0,16,12,1,published_after_gate_recheck,executed:PAUSED:19,1,PAUSED,1,0,24.665611796081066,16.215146984905005
xair,plc_conditional,1,pause,,1,20,20,21,0,10,13,1,published_after_gate_recheck,refused:version_changed:21,0,,0,1,23.43322243541479,10.219864081591368
xair_atomic,plc_plain,1,pause,,1,22,22,23,0,14,14,1,authorization_committed,executed:PAUSED:23,1,PAUSED,1,0,22.977586835622787,14.254650101065636
xair_atomic,plc_conditional,1,pause,,1,24,24,25,0,4,15,1,authorization_committed,refused:version_changed:25,0,,0,1,20.230085123330355,4.21975227072835
xair,plc_plain,1,pause,,1,26,26,27,0,16,16,1,published_after_gate_recheck,executed:PAUSED:27,1,PAUSED,1,0,29.31136405095458,16.586854122579098
xair_atomic,plc_plain,1,pause,,1,28,28,29,0,8,17,1,authorization_committed,executed:PAUSED:29,1,PAUSED,1,0,14.375025872141123,8.265950717031956
xair_atomic,plc_predicate,1,pause,,1,30,30,31,0,6,18,1,authorization_committed,refused:predicate_false:31,0,,0,1,17.58817071095109,6.297850050032139
xair_atomic,plc_plain,1,pause,,1,32,32,33,0,6,19,1,authorization_committed,executed:PAUSED:33,1,PAUSED,1,0,19.78343678638339,6.230784114450216
xair_atomic,plc_conditional,0,,,1,34,34,34,0,,20,1,authorization_committed,executed:RUN:34,1,RUN,0,0,16.93956460803747,
xair,plc_predicate,1,pause,,1,34,,,0,0,21,0,precondition_failed: line.state == 'RUN',,0,,0,0,13.464319054037333,0.39252592250704765
xair,plc_conditional,1,pause,,1,36,,,0,4,22,0,read_set_version_changed_at_gate,,0,,0,0,19.696515053510666,4.243387840688229
xair,plc_plain,1,pause,,1,38,38,39,0,8,23,1,published_after_gate_recheck,executed:PAUSED:39,1,PAUSED,1,0,26.691962033510208,8.228470105677843
xair_atomic,plc_conditional,1,pause,,1,40,40,40,0,20,24,1,authorization_committed,executed:RUN:40,1,RUN,0,0,22.480114828795195,20.25487180799246
xair_atomic,plc_conditional,1,pause,,1,42,42,43,0,10,25,1,authorization_committed,refused:version_changed:43,0,,0,1,18.18407839164138,10.309611912816763
xair_atomic,plc_conditional,1,pause,,1,44,44,45,0,14,26,1,authorization_committed,refused:version_changed:45,0,,0,1,22.839979268610477,14.256502967327833
xair_atomic,plc_conditional,1,pause,,1,46,46,47,0,12,27,1,authorization_committed,refused:version_changed:47,0,,0,1,21.803244948387146,12.238800060003996
xair,plc_predicate,1,pause,,1,48,48,49,0,6,28,1,published_after_gate_recheck,refused:predicate_false:49,0,,0,1,27.776366099715233,6.2294309027493
xair_atomic,plc_predicate,1,pause,,1,50,50,51,0,16,29,1,authorization_committed,refused:predicate_false:51,0,,0,1,22.69291365519166,16.195991076529026
xair_atomic,plc_predicate,1,pause,,1,52,,,0,0,30,0,read_set_version_changed_at_commit,,0,,0,0,14.47111601009965,0.2529239282011986
xair_atomic,plc_conditional,1,pause,,1,54,54,55,0,14,31,1,authorization_committed,refused:version_changed:55,0,,0,1,24.949614889919758,14.314471744000912
xair_atomic,plc_conditional,1,pause,,1,56,56,57,0,6,32,1,authorization_committed,refused:version_changed:57,0,,0,1,18.061248119920492,6.246823817491531
xair_atomic,plc_conditional,1,pause,,1,58,58,59,0,12,33,1,authorization_committed,refused:version_changed:59,0,,0,1,17.537787090986967,12.231667060405016
xair_atomic,plc_plain,1,pause,,1,60,60,61,0,10,34,1,authorization_committed,executed:PAUSED:61,1,PAUSED,1,0,21.00491803139448,10.234893299639225
xair,plc_plain,1,pause,,1,62,62,63,0,12,35,1,published_after_gate_recheck,executed:PAUSED:63,1,PAUSED,1,0,29.751319903880358,12.36668974161148
xair,plc_plain,1,pause,,1,64,64,65,0,8,36,1,published_after_gate_recheck,executed:PAUSED:65,1,PAUSED,1,0,27.471955865621567,8.281849790364504
xair,plc_predicate,1,pause,,1,66,,,0,2,37,0,read_set_version_changed_at_gate,,0,,0,0,18.617581110447645,2.3058736696839333
xair_atomic,plc_predicate,1,pause,,1,68,,,0,2,38,0,read_set_version_changed_at_commit,,0,,0,0,15.77682513743639,2.2597569040954113
xair,plc_conditional,1,pause,,1,70,70,71,0,4,39,1,published_after_gate_recheck,refused:version_changed:71,0,,0,1,19.421750213950872,4.269906785339117
xair_atomic,plc_plain,1,pause,,1,72,72,73,0,20,40,1,authorization_committed,executed:PAUSED:73,1,PAUSED,1,0,24.898950941860676,20.252957940101624
xair_atomic,plc_predicate,1,pause,,1,74,,,0,0,41,0,precondition_failed: line.state == 'RUN',,0,,0,0,11.895686853677034,0.27741072699427605
xair,plc_conditional,1,pause,,1,76,,,0,2,42,0,read_set_version_changed_at_gate,,0,,0,0,18.982726149260998,2.2875298745930195
xair_atomic,plc_predicate,1,pause,,1,78,78,78,0,20,43,1,authorization_committed,executed:RUN:78,1,RUN,0,0,23.296114057302475,20.29566839337349
xair,plc_conditional,1,pause,,1,80,80,81,0,12,44,1,published_after_gate_recheck,refused:version_changed:81,0,,0,1,30.404143035411835,12.331123929470778
xair,plc_conditional,1,pause,,1,82,82,83,0,6,45,1,published_after_gate_recheck,refused:version_changed:83,0,,0,1,26.986274868249893,6.395932752639055
xair,plc_conditional,1,pause,,1,84,,,0,4,46,0,read_set_version_changed_at_gate,,0,,0,0,20.246495958417654,4.207409918308258
xair,plc_predicate,0,,,1,86,86,86,0,,47,1,published_after_gate_recheck,executed:RUN:86,1,RUN,0,0,27.574266772717237,
xair_atomic,plc_predicate,1,pause,,1,86,86,87,0,8,48,1,authorization_committed,refused:predicate_false:87,0,,0,1,18.239201977849007,8.25816486030817
xair,plc_conditional,1,pause,,1,88,88,89,0,16,49,1,published_after_gate_recheck,refused:version_changed:89,0,,0,1,26.65022388100624,16.345219686627388
xair,plc_conditional,1,pause,,1,90,90,90,0,30,50,1,published_after_gate_recheck,executed:RUN:90,1,RUN,0,0,21.607547998428345,30.244875233620405
xair_atomic,plc_predicate,1,pause,,1,92,92,93,0,8,51,1,authorization_committed,refused:predicate_false:93,0,,0,1,24.77115113288164,8.20533698424697
xair_atomic,plc_conditional,1,pause,,1,94,,,0,0,52,0,precondition_failed: line.state == 'RUN',,0,,0,0,13.535060919821262,0.3422223962843418
xair_atomic,plc_plain,1,pause,,1,96,,,0,2,53,0,read_set_version_changed_at_commit,,0,,0,0,15.748592093586922,2.2095227614045143
xair,plc_plain,0,,,1,98,98,98,0,,54,1,published_after_gate_recheck,executed:RUN:98,1,RUN,0,0,20.45093011111021,
xair,plc_conditional,1,pause,,1,98,,,0,0,55,0,read_set_version_changed_at_gate,,0,,0,0,17.361215315759182,0.36898208782076836
xair,plc_conditional,1,pause,,1,100,100,101,0,6,56,1,published_after_gate_recheck,refused:version_changed:101,0,,0,1,22.110240999609232,6.229471880942583
xair_atomic,plc_predicate,1,pause,,1,102,102,103,0,12,57,1,authorization_committed,refused:predicate_false:103,0,,0,1,24.189500138163567,12.277413159608841
xair_atomic,plc_predicate,1,pause,,1,104,,,0,0,58,0,read_set_version_changed_at_commit,,0,,0,0,14.57885792478919,0.3956318832933903
xair,plc_predicate,1,pause,,1,106,106,106,0,20,59,1,published_after_gate_recheck,executed:RUN:106,1,RUN,0,0,21.653874777257442,20.244623068720102
xair_atomic,plc_conditional,1,pause,,1,108,108,108,0,12,60,1,authorization_committed,executed:RUN:108,1,RUN,0,0,15.474106650799513,13.174133840948343
xair,plc_conditional,1,pause,,1,110,110,111,0,6,61,1,published_after_gate_recheck,refused:version_changed:111,0,,0,1,23.25540781021118,6.237215828150511
xair,plc_plain,1,pause,,1,112,112,113,0,6,62,1,published_after_gate_recheck,executed:PAUSED:113,1,PAUSED,1,0,18.113746773451567,6.221245974302292
xair_atomic,plc_conditional,1,pause,,1,114,114,115,0,6,63,1,authorization_committed,refused:version_changed:115,0,,0,1,24.25453206524253,6.217039190232754
xair,plc_conditional,1,pause,,1,116,116,116,0,30,64,1,published_after_gate_recheck,executed:RUN:116,1,RUN,0,0,20.142481196671724,30.25763900950551
xair_atomic,plc_conditional,1,pause,,1,118,,,0,0,65,0,read_set_version_changed_at_commit,,0,,0,0,13.286374043673277,0.3007641062140465
xair_atomic,plc_conditional,1,pause,,1,120,120,121,0,16,66,1,authorization_committed,refused:version_changed:121,0,,0,1,22.83193403854966,16.32106490433216
xair,plc_predicate,1,pause,,1,122,122,123,0,10,67,1,published_after_gate_recheck,refused:predicate_false:123,0,,0,1,26.660993695259094,10.280497837811708
xair_atomic,plc_conditional,0,,,1,124,124,124,0,,68,1,authorization_committed,executed:RUN:124,1,RUN,0,0,23.849402088671923,
xair,plc_conditional,1,pause,,1,124,124,125,0,10,69,1,published_after_gate_recheck,refused:version_changed:125,0,,0,1,26.09216794371605,10.34071994945407
xair,plc_predicate,1,pause,,1,126,,,0,0,70,0,precondition_failed: line.state == 'RUN',,0,,0,0,12.622379697859287,0.33960677683353424
xair_atomic,plc_conditional,1,pause,,1,128,128,129,0,14,71,1,authorization_committed,refused:version_changed:129,0,,0,1,19.51485499739647,14.26922669634223
xair,plc_predicate,1,pause,,1,130,130,130,0,20,72,1,published_after_gate_recheck,executed:RUN:130,1,RUN,0,0,24.80513509362936,20.272715017199516
xair_atomic,plc_conditional,1,pause,,1,132,132,133,0,12,73,1,authorization_committed,refused:version_changed:133,0,,0,1,18.47218908369541,12.215776834636927
xair,plc_conditional,0,,,1,134,134,134,0,,74,1,published_after_gate_recheck,executed:RUN:134,1,RUN,0,0,25.388747919350863,
xair_atomic,plc_plain,1,pause,,1,134,134,134,0,30,75,1,authorization_committed,executed:RUN:134,1,RUN,0,0,18.577456939965487,30.354611109942198
xair_atomic,plc_predicate,1,pause,,1,136,136,137,0,14,76,1,authorization_committed,refused:predicate_false:137,0,,0,1,24.71673907712102,17.262351233512163
xair_atomic,plc_plain,1,pause,,1,138,138,138,0,30,77,1,authorization_committed,executed:RUN:138,1,RUN,0,0,20.046821795403957,30.26037383824587
xair_atomic,plc_predicate,1,pause,,1,140,,,0,2,78,0,read_set_version_changed_at_commit,,0,,0,0,15.565226785838604,2.661852166056633
xair,plc_plain,1,pause,,1,142,142,143,0,16,79,1,published_after_gate_recheck,executed:PAUSED:143,1,PAUSED,1,0,30.425594188272953,16.194177325814962
xair,plc_predicate,1,pause,,1,144,144,145,0,12,80,1,published_after_gate_recheck,refused:predicate_false:145,0,,0,1,22.440049331635237,12.23828922957182
xair,plc_conditional,1,pause,,1,146,146,146,0,16,81,1,published_after_gate_recheck,executed:RUN:146,1,RUN,0,0,21.44100610166788,16.231448389589787
xair_atomic,plc_conditional,1,pause,,1,148,148,149,0,6,82,1,authorization_committed,refused:version_changed:149,0,,0,1,19.58128809928894,6.339899264276028
xair_atomic,plc_plain,1,pause,,1,150,150,151,0,8,83,1,authorization_committed,executed:PAUSED:151,1,PAUSED,1,0,17.41661923006177,8.229611907154322
xair_atomic,plc_plain,1,pause,,1,152,152,153,0,8,84,1,authorization_committed,executed:PAUSED:153,1,PAUSED,1,0,21.885670255869627,8.216007146984339
xair_atomic,plc_predicate,1,pause,,1,154,154,155,0,10,85,1,authorization_committed,refused:predicate_false:155,0,,0,1,18.540827091783285,10.205196682363749
xair_atomic,plc_predicate,1,pause,,1,156,,,0,0,86,0,read_set_version_changed_at_commit,,0,,0,0,15.008262824267149,0.43286196887493134
xair_atomic,plc_conditional,1,pause,,1,158,158,159,0,8,87,1,authorization_committed,refused:version_changed:159,0,,0,1,25.38064308464527,8.297389838844538
xair_atomic,plc_conditional,1,pause,,1,160,160,160,0,30,88,1,authorization_committed,executed:RUN:160,1,RUN,0,0,17.690513283014297,30.22581012919545
xair,plc_predicate,1,pause,,1,162,162,163,0,6,89,1,published_after_gate_recheck,refused:predicate_false:163,0,,0,1,29.107842594385147,6.272291764616966
xair_atomic,plc_plain,1,pause,,1,164,164,165,0,10,90,1,authorization_committed,executed:PAUSED:165,1,PAUSED,1,0,22.077530156821012,10.320793371647596
xair_atomic,plc_conditional,1,pause,,1,166,166,167,0,8,91,1,authorization_committed,refused:version_changed:167,0,,0,1,17.297246027737856,8.259208407253027
xair_atomic,plc_plain,1,pause,,1,168,168,169,0,14,92,1,authorization_committed,executed:PAUSED:169,1,PAUSED,1,0,23.661018814891577,14.28111968562007
xair,plc_predicate,1,pause,,1,170,,,0,4,93,0,read_set_version_changed_at_gate,,0,,0,0,20.235445350408554,4.274314735084772
xair_atomic,plc_conditional,1,pause,,1,172,172,173,0,14,94,1,authorization_committed,refused:version_changed:173,0,,0,1,18.724462017416954,14.249200001358986
xair_atomic,plc_predicate,1,pause,,1,174,174,174,0,30,95,1,authorization_committed,executed:RUN:174,1,RUN,0,0,20.49786690622568,30.222964007407427
xair,plc_conditional,0,,,1,176,176,176,0,,96,1,published_after_gate_recheck,executed:RUN:176,1,RUN,0,0,19.96293431147933,
xair_atomic,plc_conditional,1,pause,,1,176,,,0,0,97,0,read_set_version_changed_at_commit,,0,,0,0,13.216945342719555,0.3018956631422043
xair,plc_conditional,1,pause,,1,178,,,0,2,98,0,read_set_version_changed_at_gate,,0,,0,0,18.098308239132166,2.198031172156334
xair,plc_conditional,1,pause,,1,180,180,181,0,6,99,1,published_after_gate_recheck,refused:version_changed:181,0,,0,1,26.158331893384457,6.282099988311529
xair_atomic,plc_plain,1,pause,,1,182,182,182,0,16,100,1,authorization_committed,executed:RUN:182,1,RUN,0,0,18.53968622162938,16.30596723407507
xair,plc_predicate,1,pause,,1,184,184,185,0,4,101,1,published_after_gate_recheck,refused:predicate_false:185,0,,0,1,22.049576975405216,4.267673008143902
xair,plc_plain,1,pause,,1,186,186,187,0,12,102,1,published_after_gate_recheck,executed:PAUSED:187,1,PAUSED,1,0,28.148244135081768,12.272242922335863
xair,plc_conditional,1,pause,,1,188,188,189,0,16,103,1,published_after_gate_recheck,refused:version_changed:189,0,,0,1,26.75700467079878,16.260582022368908
xair,plc_predicate,0,,,1,190,190,190,0,,104,1,published_after_gate_recheck,executed:RUN:190,1,RUN,0,0,28.27663393691182,
xair,plc_plain,1,pause,,1,190,,,0,2,105,0,read_set_version_changed_at_gate,,0,,0,0,18.486676272004843,2.2644661366939545
xair_atomic,plc_plain,1,pause,,1,192,192,193,0,8,106,1,authorization_committed,executed:PAUSED:193,1,PAUSED,1,0,17.082422971725464,8.24823696166277
xair,plc_conditional,1,pause,,1,194,,,0,0,107,0,read_set_version_changed_at_gate,,0,,0,0,17.019524704664946,0.30651455745100975
xair,plc_predicate,1,pause,,1,196,,,0,2,108,0,read_set_version_changed_at_gate,,0,,0,0,22.662236355245113,2.331020776182413
xair,plc_conditional,1,pause,,1,198,198,199,0,8,109,1,published_after_gate_recheck,refused:version_changed:199,0,,0,1,22.611331194639206,8.383440785109997
xair_atomic,plc_conditional,0,,,1,200,200,200,0,,110,1,authorization_committed,executed:RUN:200,1,RUN,0,0,18.8509589061141,
xair_atomic,plc_predicate,1,pause,,1,200,200,201,0,10,111,1,authorization_committed,refused:predicate_false:201,0,,0,1,22.574912291020155,10.243609081953764
xair,plc_predicate,1,pause,,1,202,,,0,0,112,0,read_set_version_changed_at_gate,,0,,0,0,18.98622279986739,0.3305496647953987
xair,plc_predicate,1,pause,,1,204,204,204,0,30,113,1,published_after_gate_recheck,executed:RUN:204,1,RUN,0,0,29.006762895733118,30.248532071709633
xair,plc_conditional,1,pause,,1,206,206,206,0,30,114,1,published_after_gate_recheck,executed:RUN:206,1,RUN,0,0,23.718836717307568,30.314374715089798
xair,plc_predicate,1,pause,,1,208,208,209,0,12,115,1,published_after_gate_recheck,refused:predicate_false:209,0,,0,1,20.79065702855587,12.26609107106924
xair_atomic,plc_plain,1,pause,,1,210,210,211,0,10,116,1,authorization_committed,executed:PAUSED:211,1,PAUSED,1,0,18.986071925610304,10.237737093120813
xair_atomic,plc_predicate,1,pause,,1,212,212,213,0,4,117,1,authorization_committed,refused:predicate_false:213,0,,0,1,23.41757295653224,4.322074819356203
xair,plc_conditional,1,pause,,1,214,214,214,0,16,118,1,published_after_gate_recheck,executed:RUN:214,1,RUN,0,0,21.33255312219262,16.23903214931488
xair,plc_plain,1,pause,,1,216,,,0,4,119,0,read_set_version_changed_at_gate,,0,,0,0,19.46053234860301,4.2401207610964775
xair_atomic,plc_predicate,1,pause,,1,218,218,219,0,6,120,1,authorization_committed,refused:predicate_false:219,0,,0,1,16.49454003199935,6.243668030947447
xair,plc_conditional,1,pause,,1,220,220,220,0,14,121,1,published_after_gate_recheck,executed:RUN:220,1,RUN,0,0,19.577511120587587,14.24275804311037
xair,plc_plain,1,pause,,1,222,,,0,0,122,0,read_set_version_changed_at_gate,,0,,0,0,16.66495017707348,0.36500534042716026
xair_atomic,plc_plain,1,pause,,1,224,224,225,0,16,123,1,authorization_committed,executed:PAUSED:225,1,PAUSED,1,0,20.6795078702271,16.254589892923832
xair_atomic,plc_plain,1,pause,,1,226,,,0,0,124,0,read_set_version_changed_at_commit,,0,,0,0,14.160093385726213,0.2878098748624325
xair_atomic,plc_plain,1,pause,,1,228,,,0,2,125,0,read_set_version_changed_at_commit,,0,,0,0,14.541096985340118,2.2689150646328926
xair_atomic,plc_predicate,1,pause,,1,230,,,0,4,126,0,read_set_version_changed_at_commit,,0,,0,0,15.586818102747202,4.247503820806742
xair_atomic,plc_conditional,1,pause,,1,232,232,233,0,10,127,1,authorization_committed,refused:version_changed:233,0,,0,1,19.996908027678728,10.20353427156806
xair_atomic,plc_predicate,1,pause,,1,234,,,0,0,128,0,read_set_version_changed_at_commit,,0,,0,0,15.393676236271858,0.3890800289809704
xair_atomic,plc_predicate,1,pause,,1,236,236,237,0,6,129,1,authorization_committed,refused:predicate_false:237,0,,0,1,21.595305763185024,7.650827057659626
xair,plc_predicate,1,pause,,1,238,238,239,0,10,130,1,published_after_gate_recheck,refused:predicate_false:239,0,,0,1,18.924216274172068,10.205367114394903
xair,plc_plain,1,pause,,1,240,240,240,0,16,131,1,published_after_gate_recheck,executed:RUN:240,1,RUN,0,0,23.4438912011683,16.260741744190454
xair,plc_plain,1,pause,,1,242,242,242,0,30,132,1,published_after_gate_recheck,executed:RUN:242,1,RUN,0,0,21.858127787709236,30.24528594687581
xair_atomic,plc_plain,1,pause,,1,244,244,245,0,8,133,1,authorization_committed,executed:PAUSED:245,1,PAUSED,1,0,17.607678193598986,8.271581027656794
xair,plc_conditional,1,pause,,1,246,246,247,0,10,134,1,published_after_gate_recheck,refused:version_changed:247,0,,0,1,23.778910282999277,10.275577660650015
xair,plc_conditional,1,pause,,1,248,248,249,0,14,135,1,published_after_gate_recheck,refused:version_changed:249,0,,0,1,28.558221645653248,14.290247112512589
xair_atomic,plc_conditional,1,pause,,1,250,250,251,0,16,136,1,authorization_committed,refused:version_changed:251,0,,0,1,23.4239948913455,16.233031172305346
xair,plc_plain,0,,,1,252,252,252,0,,137,1,published_after_gate_recheck,executed:RUN:252,1,RUN,0,0,26.53355523943901,
xair,plc_conditional,1,pause,,1,252,252,253,0,4,138,1,published_after_gate_recheck,refused:version_changed:253,0,,0,1,21.702125668525696,4.286016803234816
xair_atomic,plc_plain,1,pause,,1,254,254,255,0,8,139,1,authorization_committed,executed:PAUSED:255,1,PAUSED,1,0,24.518256075680256,8.235733956098557
xair,plc_plain,1,pause,,1,256,256,256,0,30,140,1,published_after_gate_recheck,executed:RUN:256,1,RUN,0,0,20.49479214474559,30.19965998828411
xair,plc_conditional,1,pause,,1,258,,,0,0,141,0,precondition_failed: line.state == 'RUN',,0,,0,0,13.33337277173996,0.30672596767544746
xair,plc_conditional,1,pause,,1,260,260,261,0,14,142,1,published_after_gate_recheck,refused:version_changed:261,0,,0,1,21.88753429800272,14.208163134753704
xair,plc_plain,1,pause,,1,262,262,263,0,10,143,1,published_after_gate_recheck,executed:PAUSED:263,1,PAUSED,1,0,22.149744909256697,10.343906935304403
xair_atomic,plc_plain,1,pause,,1,264,,,0,2,144,0,read_set_version_changed_at_commit,,0,,0,0,14.832683838903904,2.2381567396223545
xair,plc_conditional,1,pause,,1,266,266,267,0,10,145,1,published_after_gate_recheck,refused:version_changed:267,0,,0,1,19.7590421885252,10.284184943884611
xair,plc_plain,1,pause,,1,268,268,269,0,14,146,1,published_after_gate_recheck,executed:PAUSED:269,1,PAUSED,1,0,23.11854064464569,14.216368086636066
xair_atomic,plc_predicate,1,pause,,1,270,270,271,0,10,147,1,authorization_committed,refused:predicate_false:271,0,,0,1,19.794297870248556,10.218210984021425
xair,plc_plain,1,pause,,1,272,272,273,0,12,148,1,published_after_gate_recheck,executed:PAUSED:273,1,PAUSED,1,0,24.833528324961662,12.348245363682508
xair_atomic,plc_predicate,1,pause,,1,274,274,275,0,16,149,1,authorization_committed,refused:predicate_false:275,0,,0,1,23.70309829711914,16.225647181272507
xair,plc_conditional,1,pause,,1,276,276,276,0,20,150,1,published_after_gate_recheck,executed:RUN:276,1,RUN,0,0,26.08933299779892,20.30819235369563
xair,plc_conditional,1,pause,,1,278,,,0,2,151,0,read_set_version_changed_at_gate,,0,,0,0,19.93387984111905,2.3113940842449665
xair_atomic,plc_plain,1,pause,,1,280,280,280,0,30,152,1,authorization_committed,executed:RUN:280,1,RUN,0,0,25.85691586136818,30.27668409049511
xair,plc_conditional,1,pause,,1,282,282,282,0,16,153,1,published_after_gate_recheck,executed:RUN:282,1,RUN,0,0,23.061004001647234,16.234884038567543
xair,plc_conditional,1,pause,,1,284,284,285,0,12,154,1,published_after_gate_recheck,refused:version_changed:285,0,,0,1,21.457317285239697,12.601409573107958
xair,plc_conditional,1,pause,,1,286,286,286,0,16,155,1,published_after_gate_recheck,executed:RUN:286,1,RUN,0,0,22.249622270464897,16.252005007117987
xair_atomic,plc_conditional,1,pause,,1,288,288,289,0,14,156,1,authorization_committed,refused:version_changed:289,0,,0,1,18.772132229059935,14.239100739359856
xair,plc_conditional,1,pause,,1,290,290,291,0,16,157,1,published_after_gate_recheck,refused:version_changed:291,0,,0,1,27.10987674072385,16.254200134426355
xair_atomic,plc_conditional,1,pause,,1,292,292,293,0,10,158,1,authorization_committed,refused:version_changed:293,0,,0,1,16.321525909006596,10.271640960127115
xair,plc_plain,1,pause,,1,294,294,294,0,30,159,1,published_after_gate_recheck,executed:RUN:294,1,RUN,0,0,25.9250751696527,30.222472734749317
xair_atomic,plc_conditional,1,pause,,1,296,296,297,0,10,160,1,authorization_committed,refused:version_changed:297,0,,0,1,18.261273857206106,10.295876767486334
xair_atomic,plc_plain,1,pause,,1,298,,,0,2,161,0,read_set_version_changed_at_commit,,0,,0,0,14.669548254460096,2.2227084264159203
xair,plc_predicate,1,pause,,1,300,300,301,0,12,162,1,published_after_gate_recheck,refused:predicate_false:301,0,,0,1,27.62471092864871,12.176543939858675
xair_atomic,plc_conditional,1,pause,,1,302,302,303,0,10,163,1,authorization_committed,refused:version_changed:303,0,,0,1,15.26043564081192,10.184216778725386
xair,plc_conditional,1,pause,,1,304,,,0,2,164,0,read_set_version_changed_at_gate,,0,,0,0,16.212482005357742,2.1931626833975315
xair,plc_conditional,1,pause,,1,306,306,307,0,10,165,1,published_after_gate_recheck,refused:version_changed:307,0,,0,1,26.858795899897814,10.312347207218409
xair_atomic,plc_predicate,0,,,1,308,308,308,0,,166,1,authorization_committed,executed:RUN:308,1,RUN,0,0,26.31280105561018,
xair,plc_predicate,1,pause,,1,308,308,308,0,30,167,1,published_after_gate_recheck,executed:RUN:308,1,RUN,0,0,23.64207385107875,30.256567057222128
xair_atomic,plc_plain,1,pause,,1,310,310,311,0,6,168,1,authorization_committed,executed:PAUSED:311,1,PAUSED,1,0,18.486556131392717,6.216648034751415
xair_atomic,plc_predicate,1,pause,,1,312,312,312,0,30,169,1,authorization_committed,executed:RUN:312,1,RUN,0,0,18.60208297148347,30.228514224290848
xair,plc_plain,1,pause,,1,314,314,315,0,12,170,1,published_after_gate_recheck,executed:PAUSED:315,1,PAUSED,1,0,28.029621113091707,12.225755956023932
xair_atomic,plc_plain,1,pause,,1,316,316,316,0,20,171,1,authorization_committed,executed:RUN:316,1,RUN,0,0,20.98470041528344,20.17964981496334
xair,plc_plain,1,pause,,1,318,318,319,0,14,172,1,published_after_gate_recheck,executed:PAUSED:319,1,PAUSED,1,0,22.070335689932108,14.272463973611593
xair_atomic,plc_conditional,1,pause,,1,320,320,321,0,8,173,1,authorization_committed,refused:version_changed:321,0,,0,1,18.70112819597125,8.29764874652028
xair_atomic,plc_predicate,1,pause,,1,322,322,323,0,6,174,1,authorization_committed,refused:predicate_false:323,0,,0,1,17.176750116050243,6.2243216671049595
xair,plc_conditional,1,pause,,1,324,,,0,0,175,0,read_set_version_changed_at_gate,,0,,0,0,18.497475888580084,0.2899537794291973
xair,plc_predicate,1,pause,,1,326,,,0,2,176,0,read_set_version_changed_at_gate,,0,,0,0,18.869233317673206,2.238017041236162
xair,plc_predicate,1,pause,,1,328,328,329,0,6,177,1,published_after_gate_recheck,refused:predicate_false:329,0,,0,1,20.72995202615857,6.210765801370144
xair_atomic,plc_predicate,1,pause,,1,330,330,331,0,12,178,1,authorization_committed,refused:predicate_false:331,0,,0,1,26.30956517532468,12.198624201118946
xair,plc_conditional,1,pause,,1,332,332,332,0,20,179,1,published_after_gate_recheck,executed:RUN:332,1,RUN,0,0,18.87294976040721,20.194048061966896
xair,plc_predicate,1,pause,,1,334,334,334,0,20,180,1,published_after_gate_recheck,executed:RUN:334,1,RUN,0,0,26.29659092053771,20.271302666515112
xair,plc_predicate,1,pause,,1,336,,,0,2,181,0,read_set_version_changed_at_gate,,0,,0,0,18.70076823979616,2.231544815003872
xair_atomic,plc_plain,1,pause,,1,338,338,338,0,16,182,1,authorization_committed,executed:RUN:338,1,RUN,0,0,17.1679831109941,16.242637764662504
xair_atomic,plc_conditional,1,pause,,1,340,340,340,0,16,183,1,authorization_committed,executed:RUN:340,1,RUN,0,0,18.253399059176445,16.25027321279049
xair,plc_predicate,0,,,1,342,342,342,0,,184,1,published_after_gate_recheck,executed:RUN:342,1,RUN,0,0,21.773268934339285,
xair_atomic,plc_plain,1,pause,,1,342,342,343,0,6,185,1,authorization_committed,executed:PAUSED:343,1,PAUSED,1,0,20.630525890737772,6.237596273422241
xair_atomic,plc_predicate,1,pause,,1,344,344,345,0,6,186,1,authorization_committed,refused:predicate_false:345,0,,0,1,16.629774123430252,6.238759029656649
xair_atomic,plc_plain,1,pause,,1,346,346,347,0,4,187,1,authorization_committed,executed:PAUSED:347,1,PAUSED,1,0,17.83568598330021,4.2127203196287155
xair_atomic,plc_predicate,0,,,1,348,348,348,0,,188,1,authorization_committed,executed:RUN:348,1,RUN,0,0,23.85361958295107,
xair_atomic,plc_plain,1,pause,,1,348,,,0,4,189,0,read_set_version_changed_at_commit,,0,,0,0,16.944854985922575,4.242905881255865
xair,plc_conditional,1,pause,,1,350,350,351,0,14,190,1,published_after_gate_recheck,refused:version_changed:351,0,,0,1,30.360891949385405,14.215516857802868
xair,plc_conditional,1,pause,,1,352,352,352,0,30,191,1,published_after_gate_recheck,executed:RUN:352,1,RUN,0,0,25.124904233962297,30.229225754737854
xair_atomic,plc_predicate,1,pause,,1,354,354,354,0,14,192,1,authorization_committed,executed:RUN:354,1,RUN,0,0,17.987489700317383,14.176643919199705
xair_atomic,plc_conditional,1,pause,,1,356,356,357,0,12,193,1,authorization_committed,refused:version_changed:357,0,,0,1,20.760188810527325,12.151566334068775
xair,plc_plain,1,pause,,1,358,,,0,4,194,0,read_set_version_changed_at_gate,,0,,0,0,20.2963687479496,4.272702150046825
xair_atomic,plc_predicate,1,pause,,1,360,,,0,2,195,0,read_set_version_changed_at_commit,,0,,0,0,15.474647749215364,2.2398396395146847
xair,plc_plain,1,pause,,1,362,362,363,0,12,196,1,published_after_gate_recheck,executed:PAUSED:363,1,PAUSED,1,0,28.906264808028936,12.163238599896431
xair_atomic,plc_plain,1,pause,,1,364,,,0,4,197,0,read_set_version_changed_at_commit,,0,,0,0,16.675369814038277,4.154209978878498
xair,plc_plain,0,,,1,366,366,366,0,,198,1,published_after_gate_recheck,executed:RUN:366,1,RUN,0,0,19.93822818621993,
xair_atomic,plc_predicate,1,pause,,1,366,366,367,0,10,199,1,authorization_committed,refused:predicate_false:367,0,,0,1,19.67715797945857,10.22557495161891
xair,plc_conditional,1,pause,,1,368,368,369,0,14,200,1,published_after_gate_recheck,refused:version_changed:369,0,,0,1,26.091645937412977,14.172556810081005
xair_atomic,plc_predicate,1,pause,,1,370,370,371,0,20,201,1,authorization_committed,refused:predicate_false:371,0,,0,1,23.625121917575598,20.17034310847521
xair,plc_predicate,1,pause,,1,372,372,373,0,12,202,1,published_after_gate_recheck,refused:predicate_false:373,0,,0,1,25.18008789047599,12.279164977371693
xair_atomic,plc_plain,1,pause,,1,374,374,374,0,30,203,1,authorization_committed,executed:RUN:374,1,RUN,0,0,26.01989172399044,30.23817203938961
xair_atomic,plc_predicate,1,pause,,1,376,376,376,0,20,204,1,authorization_committed,executed:RUN:376,1,RUN,0,0,21.51982393115759,20.19408717751503
xair,plc_predicate,1,pause,,1,378,378,378,0,30,205,1,published_after_gate_recheck,executed:RUN:378,1,RUN,0,0,21.17950515821576,30.14579927548766
xair_atomic,plc_conditional,1,pause,,1,380,380,380,0,20,206,1,authorization_committed,executed:RUN:380,1,RUN,0,0,16.27237442880869,20.1519588008523
xair_atomic,plc_conditional,1,pause,,1,382,382,383,0,8,207,1,authorization_committed,refused:version_changed:383,0,,0,1,23.47464906051755,8.170811925083399
xair,plc_predicate,1,pause,,1,384,,,0,4,208,0,read_set_version_changed_at_gate,,0,,0,0,20.54061694070697,4.296587314456701
xair_atomic,plc_plain,1,pause,,1,386,386,387,0,8,209,1,authorization_committed,executed:PAUSED:387,1,PAUSED,1,0,15.665134880691767,8.315443061292171
xair,plc_predicate,1,pause,,1,388,,,0,4,210,0,read_set_version_changed_at_gate,,0,,0,0,20.107956137508154,4.368061199784279
xair_atomic,plc_plain,0,,,1,390,390,390,0,,211,1,authorization_committed,executed:RUN:390,1,RUN,0,0,20.762043073773384,
xair,plc_conditional,1,pause,,1,390,390,391,0,6,212,1,published_after_gate_recheck,refused:version_changed:391,0,,0,1,24.67266609892249,6.192873232066631
xair_atomic,plc_conditional,1,pause,,1,392,392,393,0,12,213,1,authorization_committed,refused:version_changed:393,0,,0,1,25.321251712739468,12.265120167285204
xair,plc_conditional,1,pause,,1,394,394,395,0,6,214,1,published_after_gate_recheck,refused:version_changed:395,0,,0,1,19.466302823275328,6.20013615116477
xair_atomic,plc_predicate,1,pause,,1,396,396,397,0,16,215,1,authorization_committed,refused:predicate_false:397,0,,0,1,24.954163935035467,16.261573880910873
xair,plc_plain,1,pause,,1,398,398,399,0,10,216,1,published_after_gate_recheck,executed:PAUSED:399,1,PAUSED,1,0,25.848800782114267,10.254819877445698
xair_atomic,plc_plain,1,pause,,1,400,400,401,0,8,217,1,authorization_committed,executed:PAUSED:401,1,PAUSED,1,0,23.173495195806026,8.282691240310669
xair,plc_predicate,1,pause,,1,402,402,403,0,16,218,1,published_after_gate_recheck,refused:predicate_false:403,0,,0,1,29.64693307876587,16.205909196287394
xair,plc_plain,1,pause,,1,404,,,0,0,219,0,precondition_failed: line.state == 'RUN',,0,,0,0,13.48960492759943,0.41421689093112946
xair,plc_conditional,1,pause,,1,406,406,407,0,14,220,1,published_after_gate_recheck,refused:version_changed:407,0,,0,1,22.761571686714888,14.280308037996292
xair,plc_conditional,1,pause,,1,408,,,0,0,221,0,read_set_version_changed_at_gate,,0,,0,0,17.742640804499388,0.31976914033293724
xair,plc_predicate,1,pause,,1,410,,,0,4,222,0,read_set_version_changed_at_gate,,0,,0,0,19.51501378789544,4.236613865941763
xair,plc_conditional,1,pause,,1,412,412,413,0,12,223,1,published_after_gate_recheck,refused:version_changed:413,0,,0,1,21.03879116475582,12.22908217459917
xair_atomic,plc_conditional,1,pause,,1,414,414,415,0,12,224,1,authorization_committed,refused:version_changed:415,0,,0,1,20.38041688501835,12.221809010952711
xair_atomic,plc_predicate,1,pause,,1,416,416,417,0,10,225,1,authorization_committed,refused:predicate_false:417,0,,0,1,22.69576909020543,10.27232175692916
xair_atomic,plc_predicate,1,pause,,1,418,,,0,0,226,0,read_set_version_changed_at_commit,,0,,0,0,49.152991734445095,0.26789261028170586
xair,plc_plain,1,pause,,1,420,420,421,0,10,227,1,published_after_gate_recheck,executed:PAUSED:421,1,PAUSED,1,0,21.746237762272358,10.297239758074284
xair,plc_plain,1,pause,,1,422,422,423,0,20,228,1,published_after_gate_recheck,executed:PAUSED:423,1,PAUSED,1,0,28.398022055625916,20.21298324689269
xair_atomic,plc_conditional,0,,,1,424,424,424,0,,229,1,authorization_committed,executed:RUN:424,1,RUN,0,0,20.31454397365451,
xair_atomic,plc_predicate,1,pause,,1,424,424,425,0,16,230,1,authorization_committed,refused:predicate_false:425,0,,0,1,21.950320806354284,16.224784776568413
xair_atomic,plc_plain,0,,,1,426,426,426,0,,231,1,authorization_committed,executed:RUN:426,1,RUN,0,0,22.334821987897158,
xair_atomic,plc_plain,1,pause,,1,426,426,427,0,12,232,1,authorization_committed,executed:PAUSED:427,1,PAUSED,1,0,22.32261886820197,12.212280184030533
xair,plc_conditional,1,pause,,1,428,428,428,0,30,233,1,published_after_gate_recheck,executed:RUN:428,1,RUN,0,0,20.157810300588608,30.184471048414707
xair,plc_predicate,1,pause,,1,430,430,430,0,20,234,1,published_after_gate_recheck,executed:RUN:430,1,RUN,0,0,26.045590173453093,20.264910999685526
xair_atomic,plc_predicate,1,pause,,1,432,,,0,0,235,0,read_set_version_changed_at_commit,,0,,0,0,14.745230320841074,0.306794885545969
xair_atomic,plc_plain,1,pause,,1,434,434,435,0,6,236,1,authorization_committed,executed:PAUSED:435,1,PAUSED,1,0,23.18608807399869,6.190688814967871
xair,plc_predicate,1,pause,,1,436,436,437,0,6,237,1,published_after_gate_recheck,refused:predicate_false:437,0,,0,1,22.56898069754243,6.163918878883123
xair_atomic,plc_conditional,1,pause,,1,438,,,0,2,238,0,read_set_version_changed_at_commit,,0,,0,0,15.234697610139847,2.155300695449114
xair_atomic,plc_plain,1,pause,,1,440,440,441,0,20,239,1,authorization_committed,executed:PAUSED:441,1,PAUSED,1,0,25.545312091708183,20.14339342713356
xair,plc_plain,1,pause,,1,442,442,442,0,30,240,1,published_after_gate_recheck,executed:RUN:442,1,RUN,0,0,22.66570320352912,30.273528303951025
xair,plc_predicate,1,pause,,1,444,444,445,0,14,241,1,published_after_gate_recheck,refused:predicate_false:445,0,,0,1,28.206332121044397,14.274768065661192
xair,plc_predicate,1,pause,,1,446,446,447,0,6,242,1,published_after_gate_recheck,refused:predicate_false:447,0,,0,1,25.83950525149703,6.279506254941225
xair,plc_plain,1,pause,,1,448,448,449,0,10,243,1,published_after_gate_recheck,executed:PAUSED:449,1,PAUSED,1,0,26.92442899569869,10.241033975034952
xair_atomic,plc_predicate,1,pause,,1,450,,,0,4,244,0,read_set_version_changed_at_commit,,0,,0,0,17.81055796891451,4.187962971627712
xair_atomic,plc_plain,1,pause,,1,452,452,453,0,10,245,1,authorization_committed,executed:PAUSED:453,1,PAUSED,1,0,21.103582810610533,10.343937203288078
xair_atomic,plc_predicate,1,pause,,1,454,,,0,2,246,0,read_set_version_changed_at_commit,,0,,0,0,18.671922851353884,2.3120250552892685
xair,plc_conditional,1,pause,,1,456,456,457,0,8,247,1,published_after_gate_recheck,refused:version_changed:457,0,,0,1,29.46924092248082,8.25341697782278
xair,plc_conditional,1,pause,,1,458,458,459,0,20,248,1,published_after_gate_recheck,refused:version_changed:459,0,,0,1,27.672531083226204,20.250193309038877
xair_atomic,plc_predicate,1,pause,,1,460,460,460,0,16,249,1,authorization_committed,executed:RUN:460,1,RUN,0,0,20.10897872969508,16.221679281443357
xair_atomic,plc_plain,1,pause,,1,462,462,463,0,12,250,1,authorization_committed,executed:PAUSED:463,1,PAUSED,1,0,18.72593490406871,12.297290377318859
xair,plc_predicate,1,pause,,1,464,464,465,0,6,251,1,published_after_gate_recheck,refused:predicate_false:465,0,,0,1,24.853164330124855,6.379153113812208
xair,plc_plain,1,pause,,1,466,466,467,0,6,252,1,published_after_gate_recheck,executed:PAUSED:467,1,PAUSED,1,0,19.337762147188187,6.242847070097923
xair,plc_plain,0,,,1,468,468,468,0,,253,1,published_after_gate_recheck,executed:RUN:468,1,RUN,0,0,27.555611915886402,
xair,plc_plain,1,pause,,1,468,468,469,0,8,254,1,published_after_gate_recheck,executed:PAUSED:469,1,PAUSED,1,0,23.380202241241932,8.244811091572046
xair,plc_conditional,1,pause,,1,470,470,470,0,30,255,1,published_after_gate_recheck,executed:RUN:470,1,RUN,0,0,27.479039039462805,30.258640181273222
xair_atomic,plc_conditional,1,pause,,1,472,,,0,4,256,0,read_set_version_changed_at_commit,,0,,0,0,17.483995761722326,4.249920137226582
xair,plc_conditional,1,pause,,1,474,474,475,0,10,257,1,published_after_gate_recheck,refused:version_changed:475,0,,0,1,24.140789173543453,10.225905105471611
xair,plc_conditional,1,pause,,1,476,476,476,0,16,258,1,published_after_gate_recheck,executed:RUN:476,1,RUN,0,0,18.17415002733469,16.23717788606882
xair_atomic,plc_predicate,1,pause,,1,478,478,478,0,14,259,1,authorization_committed,executed:RUN:478,1,RUN,0,0,17.00096996501088,14.232098124921322
xair_atomic,plc_conditional,1,pause,,1,480,480,481,0,6,260,1,authorization_committed,refused:version_changed:481,0,,0,1,20.711056888103485,6.232687272131443
xair_atomic,plc_predicate,1,pause,,1,482,482,482,0,20,261,1,authorization_committed,executed:RUN:482,1,RUN,0,0,17.11448235437274,20.258137956261635
xair,plc_plain,1,pause,,1,484,484,485,0,14,262,1,published_after_gate_recheck,executed:PAUSED:485,1,PAUSED,1,0,27.907101903110743,14.216848649084568
xair_atomic,plc_conditional,1,pause,,1,486,486,486,0,30,263,1,authorization_committed,executed:RUN:486,1,RUN,0,0,27.351058088243008,30.26945097371936
xair,plc_conditional,1,pause,,1,488,,,0,4,264,0,read_set_version_changed_at_gate,,0,,0,0,20.691461395472288,4.203221760690212
xair_atomic,plc_conditional,1,pause,,1,490,490,490,0,14,265,1,authorization_committed,executed:RUN:490,1,RUN,0,0,18.390176352113485,14.216759242117405
xair_atomic,plc_plain,1,pause,,1,492,492,492,0,30,266,1,authorization_committed,executed:RUN:492,1,RUN,0,0,20.949072670191526,30.22590931504965
xair,plc_predicate,1,pause,,1,494,494,494,0,14,267,1,published_after_gate_recheck,executed:RUN:494,1,RUN,0,0,20.799092017114162,14.166644774377346
xair,plc_conditional,1,pause,,1,496,,,0,4,268,0,read_set_version_changed_at_gate,,0,,0,0,19.099234137684107,4.3143900111317635
xair,plc_conditional,0,,,1,498,498,498,0,,269,1,published_after_gate_recheck,executed:RUN:498,1,RUN,0,0,19.173343665897846,
xair_atomic,plc_conditional,1,pause,,1,498,498,499,0,10,270,1,authorization_committed,refused:version_changed:499,0,,0,1,18.494289834052324,10.220385156571865
xair,plc_plain,1,pause,,1,500,500,501,0,16,271,1,published_after_gate_recheck,executed:PAUSED:501,1,PAUSED,1,0,26.556869968771935,16.239081043750048
xair,plc_conditional,1,pause,,1,502,502,503,0,12,272,1,published_after_gate_recheck,refused:version_changed:503,0,,0,1,25.047358591109514,12.284886091947556
xair,plc_plain,1,pause,,1,504,504,505,0,14,273,1,published_after_gate_recheck,executed:PAUSED:505,1,PAUSED,1,0,28.50325871258974,14.289394952356815
xair,plc_predicate,1,pause,,1,506,506,507,0,4,274,1,published_after_gate_recheck,refused:predicate_false:507,0,,0,1,26.43877686932683,4.336811602115631
xair_atomic,plc_plain,1,pause,,1,508,508,508,0,20,275,1,authorization_committed,executed:RUN:508,1,RUN,0,0,22.964963223785162,20.294916816055775
xair_atomic,plc_predicate,1,pause,,1,510,,,0,0,276,0,read_set_version_changed_at_commit,,0,,0,0,16.48771809414029,0.34507783129811287
xair,plc_plain,1,pause,,1,512,512,512,0,16,277,1,published_after_gate_recheck,executed:RUN:512,1,RUN,0,0,23.573344107717276,16.39798004180193
xair,plc_conditional,1,pause,,1,514,,,0,0,278,0,precondition_failed: line.state == 'RUN',,0,,0,0,13.434201944619417,0.2851150929927826
xair_atomic,plc_predicate,1,pause,,1,516,516,517,0,8,279,1,authorization_committed,refused:predicate_false:517,0,,0,1,23.149960674345493,8.194687310606241
xair,plc_predicate,1,pause,,1,518,518,519,0,8,280,1,published_after_gate_recheck,refused:predicate_false:519,0,,0,1,20.78632777556777,8.2084434106946
xair,plc_predicate,1,pause,,1,520,,,0,2,281,0,read_set_version_changed_at_gate,,0,,0,0,18.82345788180828,2.2607287392020226
xair,plc_predicate,0,,,1,522,522,522,0,,282,1,published_after_gate_recheck,executed:RUN:522,1,RUN,0,0,26.55448531731963,
xair_atomic,plc_conditional,1,pause,,1,522,522,523,0,10,283,1,authorization_committed,refused:version_changed:523,0,,0,1,18.466458190232515,10.24231594055891
xair,plc_conditional,1,pause,,1,524,524,525,0,6,284,1,published_after_gate_recheck,refused:version_changed:525,0,,0,1,26.066369842737913,6.2112268060445786
xair_atomic,plc_conditional,1,pause,,1,526,526,527,0,12,285,1,authorization_committed,refused:version_changed:527,0,,0,1,24.444859009236097,12.267373967915773
xair_atomic,plc_predicate,1,pause,,1,528,,,0,2,286,0,read_set_version_changed_at_commit,,0,,0,0,15.238055028021336,2.2583953104913235
xair_atomic,plc_predicate,1,pause,,1,530,530,531,0,8,287,1,authorization_committed,refused:predicate_false:531,0,,0,1,20.755330100655556,8.244310040026903
xair_atomic,plc_predicate,1,pause,,1,532,532,533,0,4,288,1,authorization_committed,refused:predicate_false:533,0,,0,1,17.847727984189987,4.235432017594576
xair,plc_plain,1,pause,,1,534,534,535,0,6,289,1,published_after_gate_recheck,executed:PAUSED:535,1,PAUSED,1,0,23.355286102741957,6.226034834980965
xair,plc_predicate,1,pause,,1,536,536,537,0,14,290,1,published_after_gate_recheck,refused:predicate_false:537,0,,0,1,26.901655830442905,14.28254321217537
xair,plc_predicate,1,pause,,1,538,538,539,0,14,291,1,published_after_gate_recheck,refused:predicate_false:539,0,,0,1,25.523751974105835,14.270039275288582
xair,plc_conditional,1,pause,,1,540,540,541,0,6,292,1,published_after_gate_recheck,refused:version_changed:541,0,,0,1,27.43333298712969,6.290135905146599
xair_atomic,plc_conditional,0,,,1,542,542,542,0,,293,1,authorization_committed,executed:RUN:542,1,RUN,0,0,25.52470425143838,
xair_atomic,plc_plain,1,pause,,1,542,542,543,0,16,294,1,authorization_committed,executed:PAUSED:543,1,PAUSED,1,0,20.19493980333209,16.23934181407094
xair_atomic,plc_predicate,1,pause,,1,544,,,0,4,295,0,read_set_version_changed_at_commit,,0,,0,0,17.519582994282246,4.31220605969429
xair,plc_plain,1,pause,,1,546,,,0,2,296,0,read_set_version_changed_at_gate,,0,,0,0,18.064524978399277,2.2888220846652985
xair,plc_predicate,0,,,1,548,548,548,0,,297,1,published_after_gate_recheck,executed:RUN:548,1,RUN,0,0,26.678788010030985,
xair_atomic,plc_predicate,1,pause,,1,548,548,549,0,4,298,1,authorization_committed,refused:predicate_false:549,0,,0,1,18.21590820327401,4.345257766544819
xair,plc_conditional,1,pause,,1,550,550,551,0,10,299,1,published_after_gate_recheck,refused:version_changed:551,0,,0,1,20.908968057483435,10.189257096499205
xair_atomic,plc_predicate,1,pause,,1,552,552,553,0,14,300,1,authorization_committed,refused:predicate_false:553,0,,0,1,25.373270269483328,14.14351211860776
xair,plc_predicate,1,pause,,1,554,554,555,0,8,301,1,published_after_gate_recheck,refused:predicate_false:555,0,,0,1,22.0458609983325,8.24357895180583
xair,plc_predicate,1,pause,,1,556,556,557,0,6,302,1,published_after_gate_recheck,refused:predicate_false:557,0,,0,1,27.22192695364356,6.263525225222111
xair,plc_plain,0,,,1,558,558,558,0,,303,1,published_after_gate_recheck,executed:RUN:558,1,RUN,0,0,27.326952666044235,
xair,plc_plain,1,pause,,1,558,558,559,0,8,304,1,published_after_gate_recheck,executed:PAUSED:559,1,PAUSED,1,0,21.65263332426548,8.25854716822505
xair_atomic,plc_predicate,1,pause,,1,560,560,560,0,20,305,1,authorization_committed,executed:RUN:560,1,RUN,0,0,16.43791515380144,20.367423072457314
xair,plc_predicate,1,pause,,1,562,562,563,0,10,306,1,published_after_gate_recheck,refused:predicate_false:563,0,,0,1,25.31529078260064,10.30816975980997
xair_atomic,plc_conditional,1,pause,,1,564,564,565,0,10,307,1,authorization_committed,refused:version_changed:565,0,,0,1,24.640486110001802,10.240992996841669
xair_atomic,plc_predicate,1,pause,,1,566,566,566,0,30,308,1,authorization_committed,executed:RUN:566,1,RUN,0,0,18.62129895016551,30.223876237869263
xair,plc_plain,1,pause,,1,568,568,568,0,20,309,1,published_after_gate_recheck,executed:RUN:568,1,RUN,0,0,18.941840156912804,20.2349741011858
xair_atomic,plc_plain,1,pause,,1,570,570,571,0,6,310,1,authorization_committed,executed:PAUSED:571,1,PAUSED,1,0,24.028347805142403,6.197871640324593
xair,plc_conditional,1,pause,,1,572,,,0,4,311,0,read_set_version_changed_at_gate,,0,,0,0,19.57313297316432,4.230413120239973
xair,plc_plain,1,pause,,1,574,574,575,0,12,312,1,published_after_gate_recheck,executed:PAUSED:575,1,PAUSED,1,0,20.91652201488614,12.211379129439592
xair,plc_conditional,1,pause,,1,576,,,0,0,313,0,precondition_failed: line.state == 'RUN',,0,,0,0,13.592859264463186,0.3085690550506115
xair_atomic,plc_conditional,1,pause,,1,578,,,0,0,314,0,read_set_version_changed_at_commit,,0,,0,0,15.617204830050468,0.32670237123966217
xair,plc_predicate,1,pause,,1,580,580,581,0,10,315,1,published_after_gate_recheck,refused:predicate_false:581,0,,0,1,28.415463864803314,10.239932220429182
xair,plc_plain,1,pause,,1,582,,,0,2,316,0,read_set_version_changed_at_gate,,0,,0,0,18.346474040299654,2.259107306599617
xair_atomic,plc_predicate,1,pause,,1,584,584,585,0,20,317,1,authorization_committed,refused:predicate_false:585,0,,0,1,24.51113285496831,20.238700788468122
xair,plc_plain,1,pause,,1,586,586,587,0,12,318,1,published_after_gate_recheck,executed:PAUSED:587,1,PAUSED,1,0,26.135349180549383,12.230784632265568
xair,plc_conditional,1,pause,,1,588,588,589,0,6,319,1,published_after_gate_recheck,refused:version_changed:589,0,,0,1,26.82365896180272,6.226605735719204
xair_atomic,plc_plain,1,pause,,1,590,,,0,2,320,0,read_set_version_changed_at_commit,,0,,0,0,14.642155729234219,2.199884969741106
xair,plc_plain,1,pause,,1,592,592,593,0,14,321,1,published_after_gate_recheck,executed:PAUSED:593,1,PAUSED,1,0,21.75540616735816,14.202472288161516
xair_atomic,plc_conditional,1,pause,,1,594,,,0,2,322,0,read_set_version_changed_at_commit,,0,,0,0,15.227084048092365,2.27656913921237
xair,plc_conditional,0,,,1,596,596,596,0,,323,1,published_after_gate_recheck,executed:RUN:596,1,RUN,0,0,25.144009850919247,
xair_atomic,plc_predicate,1,pause,,1,596,596,596,0,20,324,1,authorization_committed,executed:RUN:596,1,RUN,0,0,19.437418784946203,20.234182942658663
xair_atomic,plc_predicate,0,,,1,598,598,598,0,,325,1,authorization_committed,executed:RUN:598,1,RUN,0,0,16.308561898767948,
xair,plc_predicate,1,pause,,1,598,,,0,0,326,0,read_set_version_changed_at_gate,,0,,0,0,17.07672281190753,0.3706151619553566
xair,plc_plain,1,pause,,1,600,600,601,0,10,327,1,published_after_gate_recheck,executed:PAUSED:601,1,PAUSED,1,0,26.182758156210184,10.28147991746664
xair,plc_conditional,1,pause,,1,602,,,0,4,328,0,read_set_version_changed_at_gate,,0,,0,0,20.220307167619467,4.2366948910057545
xair_atomic,plc_predicate,1,pause,,1,604,604,605,0,14,329,1,authorization_committed,refused:predicate_false:605,0,,0,1,22.785738110542297,14.23743786290288
xair,plc_conditional,1,pause,,1,606,606,606,0,30,330,1,published_after_gate_recheck,executed:RUN:606,1,RUN,0,0,25.19921399652958,30.231450218707323
xair,plc_plain,1,pause,,1,608,608,608,0,20,331,1,published_after_gate_recheck,executed:RUN:608,1,RUN,0,0,22.478440776467323,20.256194286048412
xair_atomic,plc_conditional,1,pause,,1,610,610,611,0,8,332,1,authorization_committed,refused:version_changed:611,0,,0,1,25.689824018627405,8.314291015267372
xair,plc_conditional,1,pause,,1,612,,,0,0,333,0,read_set_version_changed_at_gate,,0,,0,0,18.053913954645395,1.2474390678107738
xair,plc_conditional,1,pause,,1,614,614,615,0,12,334,1,published_after_gate_recheck,refused:version_changed:615,0,,0,1,28.067583218216896,12.239200994372368
xair,plc_predicate,1,pause,,1,616,616,617,0,14,335,1,published_after_gate_recheck,refused:predicate_false:617,0,,0,1,26.780689135193825,14.236525632441044
xair,plc_conditional,1,pause,,1,618,618,618,0,20,336,1,published_after_gate_recheck,executed:RUN:618,1,RUN,0,0,27.10308413952589,20.228181965649128
xair,plc_plain,1,pause,,1,620,,,0,2,337,0,read_set_version_changed_at_gate,,0,,0,0,18.827535212039948,2.235592808574438
xair_atomic,plc_conditional,1,pause,,1,622,622,623,0,10,338,1,authorization_committed,refused:version_changed:623,0,,0,1,17.707595136016607,10.1557238958776
xair,plc_predicate,1,pause,,1,624,624,625,0,8,339,1,published_after_gate_recheck,refused:predicate_false:625,0,,0,1,27.795301284641027,8.165921550244093
xair_atomic,plc_predicate,1,pause,,1,626,626,627,0,12,340,1,authorization_committed,refused:predicate_false:627,0,,0,1,24.217241909354925,12.177796103060246
xair_atomic,plc_predicate,1,pause,,1,628,628,629,0,12,341,1,authorization_committed,refused:predicate_false:629,0,,0,1,17.451834864914417,12.32830761000514
xair_atomic,plc_plain,1,pause,,1,630,630,631,0,14,342,1,authorization_committed,executed:PAUSED:631,1,PAUSED,1,0,22.587495855987072,14.242086093872786
xair,plc_conditional,1,pause,,1,632,632,633,0,10,343,1,published_after_gate_recheck,refused:version_changed:633,0,,0,1,24.84021009877324,10.301257017999887
xair,plc_plain,1,pause,,1,634,634,634,0,30,344,1,published_after_gate_recheck,executed:RUN:634,1,RUN,0,0,28.316569048911333,30.243441928178072
xair,plc_conditional,1,pause,,1,636,,,0,0,345,0,read_set_version_changed_at_gate,,0,,0,0,17.697596922516823,0.3171749413013458
xair_atomic,plc_plain,1,pause,,1,638,,,0,2,346,0,read_set_version_changed_at_commit,,0,,0,0,15.866131987422705,2.2220173850655556
xair_atomic,plc_predicate,1,pause,,1,640,640,640,0,30,347,1,authorization_committed,executed:RUN:640,1,RUN,0,0,23.137136828154325,30.222292989492416
xair_atomic,plc_conditional,1,pause,,1,642,642,642,0,16,348,1,authorization_committed,executed:RUN:642,1,RUN,0,0,19.0595299936831,16.23442303389311
xair_atomic,plc_plain,1,pause,,1,644,644,645,0,10,349,1,authorization_committed,executed:PAUSED:645,1,PAUSED,1,0,19.4299747236073,10.251253377646208
xair,plc_conditional,1,pause,,1,646,,,0,0,350,0,read_set_version_changed_at_gate,,0,,0,0,17.396261915564537,0.30532199889421463
xair_atomic,plc_plain,1,pause,,1,648,648,648,0,12,351,1,authorization_committed,executed:RUN:648,1,RUN,0,0,15.623937826603651,12.221626937389374
xair_atomic,plc_plain,1,pause,,1,650,,,0,0,352,0,read_set_version_changed_at_commit,,0,,0,0,15.520283952355385,0.33921562135219574
xair_atomic,plc_plain,1,pause,,1,652,,,0,4,353,0,read_set_version_changed_at_commit,,0,,0,0,17.14084204286337,4.226576071232557
xair_atomic,plc_conditional,1,pause,,1,654,,,0,4,354,0,read_set_version_changed_at_commit,,0,,0,0,16.362352296710014,4.228630103170872
xair_atomic,plc_predicate,1,pause,,1,656,656,656,0,20,355,1,authorization_committed,executed:RUN:656,1,RUN,0,0,18.37982516735792,20.26563184335828
xair,plc_plain,0,,,1,658,658,658,0,,356,1,published_after_gate_recheck,executed:RUN:658,1,RUN,0,0,28.675091918557882,
xair,plc_conditional,1,pause,,1,658,,,0,4,357,0,read_set_version_changed_at_gate,,0,,0,0,20.247879438102245,4.27164975553751
xair_atomic,plc_plain,1,pause,,1,660,660,660,0,30,358,1,authorization_committed,executed:RUN:660,1,RUN,0,0,15.307473950088024,30.218365136533976
xair_atomic,plc_plain,0,,,1,662,662,662,0,,359,1,authorization_committed,executed:RUN:662,1,RUN,0,0,22.06681901589036,
xair_atomic,plc_plain,1,pause,,1,662,,,0,4,360,0,read_set_version_changed_at_commit,,0,,0,0,17.341108061373234,4.262814298272133
xair_atomic,plc_plain,1,pause,,1,664,,,0,0,361,0,precondition_failed: line.state == 'RUN',,0,,0,0,14.055676758289337,0.29682694002985954
xair_atomic,plc_predicate,1,pause,,1,666,,,0,2,362,0,read_set_version_changed_at_commit,,0,,0,0,15.611465089023113,2.269566059112549
xair,plc_predicate,1,pause,,1,668,668,669,0,12,363,1,published_after_gate_recheck,refused:predicate_false:669,0,,0,1,24.698594119399786,12.205648235976696
xair,plc_predicate,1,pause,,1,670,670,670,0,30,364,1,published_after_gate_recheck,executed:RUN:670,1,RUN,0,0,25.197268929332495,30.154735781252384
xair,plc_conditional,1,pause,,1,672,672,673,0,10,365,1,published_after_gate_recheck,refused:version_changed:673,0,,0,1,21.396382246166468,10.288442950695753
xair,plc_plain,1,pause,,1,674,,,0,0,366,0,read_set_version_changed_at_gate,,0,,0,0,17.501438036561012,0.29530422762036324
xair_atomic,plc_predicate,1,pause,,1,676,676,677,0,4,367,1,authorization_committed,refused:predicate_false:677,0,,0,1,15.863456763327122,4.251532722264528
xair,plc_plain,1,pause,,1,678,678,678,0,20,368,1,published_after_gate_recheck,executed:RUN:678,1,RUN,0,0,20.969511941075325,20.25058399885893
xair_atomic,plc_predicate,1,pause,,1,680,680,681,0,12,369,1,authorization_committed,refused:predicate_false:681,0,,0,1,26.225316803902388,12.29326194152236
xair,plc_plain,1,pause,,1,682,682,683,0,10,370,1,published_after_gate_recheck,executed:PAUSED:683,1,PAUSED,1,0,19.470902159810066,10.223109740763903
xair,plc_plain,1,pause,,1,684,684,685,0,6,371,1,published_after_gate_recheck,executed:PAUSED:685,1,PAUSED,1,0,22.000225260853767,6.167023908346891
xair,plc_predicate,1,pause,,1,686,,,0,4,372,0,read_set_version_changed_at_gate,,0,,0,0,19.91321099922061,4.225202836096287
xair_atomic,plc_predicate,1,pause,,1,688,688,689,0,10,373,1,authorization_committed,refused:predicate_false:689,0,,0,1,22.56477391347289,10.209474712610245
xair_atomic,plc_predicate,1,pause,,1,690,690,691,0,6,374,1,authorization_committed,refused:predicate_false:691,0,,0,1,17.56913587450981,6.222808733582497
xair_atomic,plc_plain,1,pause,,1,692,692,693,0,8,375,1,authorization_committed,executed:PAUSED:693,1,PAUSED,1,0,17.74955401197076,8.212571032345295
xair_atomic,plc_conditional,1,pause,,1,694,694,694,0,14,376,1,authorization_committed,executed:RUN:694,1,RUN,0,0,17.039101105183363,14.24855925142765
xair,plc_plain,1,pause,,1,696,696,697,0,10,377,1,published_after_gate_recheck,executed:PAUSED:697,1,PAUSED,1,0,22.388543002307415,10.23247791454196
xair_atomic,plc_conditional,1,pause,,1,698,698,699,0,6,378,1,authorization_committed,refused:version_changed:699,0,,0,1,25.588131975382566,6.217348854988813
xair_atomic,plc_plain,1,pause,,1,700,700,701,0,6,379,1,authorization_committed,executed:PAUSED:701,1,PAUSED,1,0,17.19696819782257,6.223601289093494
xair,plc_predicate,1,pause,,1,702,,,0,2,380,0,read_set_version_changed_at_gate,,0,,0,0,17.973083071410656,2.2247619926929474
xair_atomic,plc_plain,1,pause,,1,704,704,704,0,14,381,1,authorization_committed,executed:RUN:704,1,RUN,0,0,16.995440237224102,14.28803289309144
xair_atomic,plc_plain,0,,,1,706,706,706,0,,382,1,authorization_committed,executed:RUN:706,1,RUN,0,0,20.56358102709055,
xair,plc_conditional,1,pause,,1,706,706,707,0,6,383,1,published_after_gate_recheck,refused:version_changed:707,0,,0,1,24.928705766797066,6.268003024160862
xair_atomic,plc_conditional,1,pause,,1,708,708,709,0,8,384,1,authorization_committed,refused:version_changed:709,0,,0,1,23.477535229176283,8.208252023905516
xair_atomic,plc_conditional,1,pause,,1,710,710,710,0,16,385,1,authorization_committed,executed:RUN:710,1,RUN,0,0,21.26258099451661,16.194819007068872
xair,plc_predicate,1,pause,,1,712,712,712,0,20,386,1,published_after_gate_recheck,executed:RUN:712,1,RUN,0,0,26.314204093068838,20.35336708649993
xair_atomic,plc_predicate,1,pause,,1,714,,,0,4,387,0,read_set_version_changed_at_commit,,0,,0,0,17.421408090740442,4.205536097288132
xair,plc_predicate,1,pause,,1,716,716,716,0,14,388,1,published_after_gate_recheck,executed:RUN:716,1,RUN,0,0,21.420928183943033,14.1944270581007
xair,plc_conditional,1,pause,,1,718,,,0,2,389,0,read_set_version_changed_at_gate,,0,,0,0,19.15417704731226,2.3184879682958126
xair_atomic,plc_predicate,1,pause,,1,720,720,720,0,16,390,1,authorization_committed,executed:RUN:720,1,RUN,0,0,17.738001886755228,16.255722381174564
xair_atomic,plc_conditional,1,pause,,1,722,722,723,0,10,391,1,authorization_committed,refused:version_changed:723,0,,0,1,17.964967992156744,10.2207250893116
xair_atomic,plc_plain,1,pause,,1,724,724,725,0,14,392,1,authorization_committed,executed:PAUSED:725,1,PAUSED,1,0,23.599283769726753,14.20425483956933
xair_atomic,plc_plain,1,pause,,1,726,726,726,0,16,393,1,authorization_committed,executed:RUN:726,1,RUN,0,0,15.833210200071335,16.225475817918777
xair,plc_plain,1,pause,,1,728,,,0,2,394,0,read_set_version_changed_at_gate,,0,,0,0,18.55326071381569,2.2086920216679573
xair_atomic,plc_predicate,1,pause,,1,730,730,730,0,20,395,1,authorization_committed,executed:RUN:730,1,RUN,0,0,15.08350484073162,20.253758877515793
xair,plc_predicate,1,pause,,1,732,,,0,0,396,0,read_set_version_changed_at_gate,,0,,0,0,16.300546936690807,0.29407069087028503
xair_atomic,plc_plain,0,,,1,734,734,734,0,,397,1,authorization_committed,executed:RUN:734,1,RUN,0,0,22.552570793777704,
xair,plc_conditional,1,pause,,1,734,734,734,0,20,398,1,published_after_gate_recheck,executed:RUN:734,1,RUN,0,0,25.819506030529737,20.266823936253786
xair_atomic,plc_predicate,1,pause,,1,736,736,737,0,14,399,1,authorization_committed,refused:predicate_false:737,0,,0,1,19.580747932195663,14.233711175620556
xair_atomic,plc_conditional,0,,,1,738,738,738,0,,400,1,authorization_committed,executed:RUN:738,1,RUN,0,0,22.720125038176775,
xair_atomic,plc_conditional,1,pause,,1,738,738,738,0,30,401,1,authorization_committed,executed:RUN:738,1,RUN,0,0,18.161656334996223,30.302041675895452
xair_atomic,plc_conditional,1,pause,,1,740,,,0,0,402,0,read_set_version_changed_at_commit,,0,,0,0,14.543702825903893,0.31303707510232925
xair,plc_predicate,1,pause,,1,742,742,742,0,16,403,1,published_after_gate_recheck,executed:RUN:742,1,RUN,0,0,19.22668283805251,16.22349303215742
xair_atomic,plc_conditional,1,pause,,1,744,744,745,0,10,404,1,authorization_committed,refused:version_changed:745,0,,0,1,18.693283200263977,10.239299852401018
xair_atomic,plc_plain,1,pause,,1,746,,,0,2,405,0,read_set_version_changed_at_commit,,0,,0,0,15.341408085078001,2.2268560715019703
xair,plc_conditional,1,pause,,1,748,748,749,0,4,406,1,published_after_gate_recheck,refused:version_changed:749,0,,0,1,27.628308162093163,4.212748724967241
xair_atomic,plc_plain,1,pause,,1,750,,,0,0,407,0,precondition_failed: line.state == 'RUN',,0,,0,0,13.221894390881062,0.3033480606973171
xair_atomic,plc_plain,1,pause,,1,752,752,753,0,12,408,1,authorization_committed,executed:PAUSED:753,1,PAUSED,1,0,19.523861352354288,12.262895703315735
xair,plc_predicate,1,pause,,1,754,754,755,0,16,409,1,published_after_gate_recheck,refused:predicate_false:755,0,,0,1,25.280205067247152,16.32283814251423
xair,plc_plain,1,pause,,1,756,,,0,0,410,0,read_set_version_changed_at_gate,,0,,0,0,18.624544143676758,0.4764930345118046
xair_atomic,plc_plain,1,pause,,1,758,758,758,0,14,411,1,authorization_committed,executed:RUN:758,1,RUN,0,0,17.986649181693792,14.306557830423117
xair_atomic,plc_plain,1,pause,,1,760,,,0,0,412,0,read_set_version_changed_at_commit,,0,,0,0,14.97723488137126,0.8741496130824089
xair_atomic,plc_plain,1,pause,,1,762,,,0,2,413,0,read_set_version_changed_at_commit,,0,,0,0,14.069623779505491,2.3019867949187756
xair,plc_plain,1,pause,,1,764,764,764,0,30,414,1,published_after_gate_recheck,executed:RUN:764,1,RUN,0,0,20.057771820575,30.2721057087183
xair,plc_predicate,1,pause,,1,766,,,0,2,415,0,read_set_version_changed_at_gate,,0,,0,0,20.062892232090235,2.3117349483072758
xair,plc_plain,1,pause,,1,768,768,769,0,12,416,1,published_after_gate_recheck,executed:PAUSED:769,1,PAUSED,1,0,22.559333126991987,12.206480372697115
xair,plc_conditional,1,pause,,1,770,770,770,0,16,417,1,published_after_gate_recheck,executed:RUN:770,1,RUN,0,0,19.21163499355316,16.3818197324872
xair_atomic,plc_conditional,0,,,1,772,772,772,0,,418,1,authorization_committed,executed:RUN:772,1,RUN,0,0,18.670751247555017,
xair,plc_plain,1,pause,,1,772,772,773,0,14,419,1,published_after_gate_recheck,executed:PAUSED:773,1,PAUSED,1,0,25.335459038615227,14.184047933667898
xair_atomic,plc_plain,1,pause,,1,774,,,0,2,420,0,read_set_version_changed_at_commit,,0,,0,0,15.193200204521418,2.2942121140658855
xair,plc_predicate,1,pause,,1,776,776,776,0,30,421,1,published_after_gate_recheck,executed:RUN:776,1,RUN,0,0,30.94280371442437,30.281102750450373
xair,plc_conditional,1,pause,,1,778,778,779,0,14,422,1,published_after_gate_recheck,refused:version_changed:779,0,,0,1,29.925696086138487,14.260430820286274
xair_atomic,plc_conditional,1,pause,,1,780,780,781,0,6,423,1,authorization_committed,refused:version_changed:781,0,,0,1,22.826384287327528,6.25128298997879
xair,plc_plain,1,pause,,1,782,,,0,4,424,0,read_set_version_changed_at_gate,,0,,0,0,20.77813306823373,4.266449715942144
xair,plc_conditional,1,pause,,1,784,784,785,0,14,425,1,published_after_gate_recheck,refused:version_changed:785,0,,0,1,27.045204769819975,14.235123060643673
xair,plc_plain,1,pause,,1,786,786,787,0,14,426,1,published_after_gate_recheck,executed:PAUSED:787,1,PAUSED,1,0,28.6259688436985,14.316435903310776
xair_atomic,plc_plain,1,pause,,1,788,788,789,0,8,427,1,authorization_committed,executed:PAUSED:789,1,PAUSED,1,0,24.322548881173134,8.230313658714294
xair,plc_predicate,1,pause,,1,790,790,791,0,6,428,1,published_after_gate_recheck,refused:predicate_false:791,0,,0,1,20.557369105517864,6.218890659511089
xair_atomic,plc_predicate,1,pause,,1,792,792,793,0,6,429,1,authorization_committed,refused:predicate_false:793,0,,0,1,21.48251421749592,6.25013979151845
xair,plc_predicate,1,pause,,1,794,,,0,2,430,0,read_set_version_changed_at_gate,,0,,0,0,17.702174838632345,2.2712289355695248
xair_atomic,plc_plain,1,pause,,1,796,796,796,0,30,431,1,authorization_committed,executed:RUN:796,1,RUN,0,0,17.944089137017727,30.203087255358696
xair_atomic,plc_plain,1,pause,,1,798,798,799,0,6,432,1,authorization_committed,executed:PAUSED:799,1,PAUSED,1,0,23.41587981209159,6.233408581465483
xair,plc_plain,1,pause,,1,800,800,801,0,12,433,1,published_after_gate_recheck,executed:PAUSED:801,1,PAUSED,1,0,20.885915029793978,12.191541027277708
xair,plc_plain,1,pause,,1,802,,,0,4,434,0,read_set_version_changed_at_gate,,0,,0,0,20.290859043598175,4.1922819800674915
xair,plc_plain,1,pause,,1,804,804,805,0,12,435,1,published_after_gate_recheck,executed:PAUSED:805,1,PAUSED,1,0,19.975187722593546,12.289354111999273
xair_atomic,plc_plain,1,pause,,1,806,,,0,0,436,0,precondition_failed: line.state == 'RUN',,0,,0,0,11.368778999894857,0.27274200692772865
xair_atomic,plc_predicate,1,pause,,1,808,808,808,0,30,437,1,authorization_committed,executed:RUN:808,1,RUN,0,0,19.783718045800924,30.26205813512206
xair,plc_predicate,1,pause,,1,810,,,0,0,438,0,precondition_failed: line.state == 'RUN',,0,,0,0,12.520677875727415,0.2707480452954769
xair,plc_plain,1,pause,,1,812,812,813,0,8,439,1,published_after_gate_recheck,executed:PAUSED:813,1,PAUSED,1,0,23.729518055915833,8.207670878618956
xair_atomic,plc_conditional,1,pause,,1,814,814,814,0,30,440,1,authorization_committed,executed:RUN:814,1,RUN,0,0,25.477734860032797,30.191794969141483
xair,plc_predicate,1,pause,,1,816,,,0,2,441,0,read_set_version_changed_at_gate,,0,,0,0,16.61439472809434,2.2559603676199913
xair,plc_predicate,0,,,1,818,818,818,0,,442,1,published_after_gate_recheck,executed:RUN:818,1,RUN,0,0,28.324584010988474,
xair_atomic,plc_conditional,1,pause,,1,818,818,818,0,30,443,1,authorization_committed,executed:RUN:818,1,RUN,0,0,18.92919559031725,30.170215293765068
xair_atomic,plc_predicate,1,pause,,1,820,,,0,2,444,0,read_set_version_changed_at_commit,,0,,0,0,15.917357988655567,2.2315941751003265
xair_atomic,plc_conditional,1,pause,,1,822,,,0,0,445,0,precondition_failed: line.state == 'RUN',,0,,0,0,13.333332724869251,0.6058062426745892
xair_atomic,plc_predicate,1,pause,,1,824,824,825,0,8,446,1,authorization_committed,refused:predicate_false:825,0,,0,1,18.028346821665764,8.577955886721611
xair,plc_conditional,1,pause,,1,826,826,827,0,8,447,1,published_after_gate_recheck,refused:version_changed:827,0,,0,1,20.643990952521563,8.244930766522884
xair,plc_predicate,1,pause,,1,828,,,0,0,448,0,read_set_version_changed_at_gate,,0,,0,0,20.147359929978848,0.2848738804459572
xair,plc_predicate,1,pause,,1,830,830,830,0,30,449,1,published_after_gate_recheck,executed:RUN:830,1,RUN,0,0,27.633497957140207,30.2506061270833
xair,plc_plain,1,pause,,1,832,,,0,0,450,0,read_set_version_changed_at_gate,,0,,0,0,17.203970812261105,0.369213055819273
xair,plc_conditional,1,pause,,1,834,834,834,0,30,451,1,published_after_gate_recheck,executed:RUN:834,1,RUN,0,0,25.01486800611019,30.198898632079363
xair,plc_predicate,1,pause,,1,836,836,837,0,6,452,1,published_after_gate_recheck,refused:predicate_false:837,0,,0,1,20.19620221108198,6.3325949013233185
xair_atomic,plc_conditional,1,pause,,1,838,838,838,0,30,453,1,authorization_committed,executed:RUN:838,1,RUN,0,0,21.71127311885357,30.18827922642231
xair,plc_predicate,1,pause,,1,840,840,841,0,14,454,1,published_after_gate_recheck,refused:predicate_false:841,0,,0,1,27.037551160901785,14.20099986717105
xair_atomic,plc_plain,1,pause,,1,842,842,843,0,16,455,1,authorization_committed,executed:PAUSED:843,1,PAUSED,1,0,23.29239808022976,16.17433037608862
xair,plc_conditional,1,pause,,1,844,844,845,0,16,456,1,published_after_gate_recheck,refused:version_changed:845,0,,0,1,24.100433103740215,16.208964865654707
xair,plc_plain,1,pause,,1,846,846,847,0,4,457,1,published_after_gate_recheck,executed:PAUSED:847,1,PAUSED,1,0,23.272760678082705,4.145332612097263
xair,plc_plain,1,pause,,1,848,848,849,0,6,458,1,published_after_gate_recheck,executed:PAUSED:849,1,PAUSED,1,0,19.355365075170994,6.150833796709776
xair_atomic,plc_conditional,1,pause,,1,850,850,851,0,16,459,1,authorization_committed,refused:version_changed:851,0,,0,1,26.70719102025032,16.143491957336664
xair_atomic,plc_predicate,1,pause,,1,852,,,0,4,460,0,read_set_version_changed_at_commit,,0,,0,0,17.60963164269924,4.144492093473673
xair,plc_predicate,1,pause,,1,854,854,855,0,14,461,1,published_after_gate_recheck,refused:predicate_false:855,0,,0,1,28.8793439976871,14.975732192397118
xair,plc_plain,1,pause,,1,856,856,856,0,30,462,1,published_after_gate_recheck,executed:RUN:856,1,RUN,0,0,29.26501724869013,30.22523783147335
xair_atomic,plc_plain,1,pause,,1,858,858,859,0,10,463,1,authorization_committed,executed:PAUSED:859,1,PAUSED,1,0,20.397578831762075,10.207270737737417
xair_atomic,plc_predicate,1,pause,,1,860,,,0,0,464,0,precondition_failed: line.state == 'RUN',,0,,0,0,13.233494944870472,0.3580222837626934
xair_atomic,plc_conditional,1,pause,,1,862,,,0,2,465,0,read_set_version_changed_at_commit,,0,,0,0,15.070088673382998,2.16303626075387
xair,plc_predicate,0,,,1,864,864,864,0,,466,1,published_after_gate_recheck,executed:RUN:864,1,RUN,0,0,27.408506721258163,
xair,plc_plain,1,pause,,1,864,864,865,0,10,467,1,published_after_gate_recheck,executed:PAUSED:865,1,PAUSED,1,0,21.07516024261713,10.233999695628881
xair_atomic,plc_conditional,1,pause,,1,866,,,0,0,468,0,read_set_version_changed_at_commit,,0,,0,0,15.000559389591217,0.25496818125247955
xair,plc_plain,1,pause,,1,868,868,868,0,16,469,1,published_after_gate_recheck,executed:RUN:868,1,RUN,0,0,21.278521046042442,16.180040780454874
xair_atomic,plc_plain,1,pause,,1,870,870,871,0,12,470,1,authorization_committed,executed:PAUSED:871,1,PAUSED,1,0,19.42683896049857,12.151455972343683
xair_atomic,plc_plain,0,,,1,872,872,872,0,,471,1,authorization_committed,executed:RUN:872,1,RUN,0,0,23.600334767252207,
xair,plc_plain,1,pause,,1,872,872,872,0,20,472,1,published_after_gate_recheck,executed:RUN:872,1,RUN,0,0,25.088717229664326,20.15390293672681
xair_atomic,plc_plain,1,pause,,1,874,874,874,0,16,473,1,authorization_committed,executed:RUN:874,1,RUN,0,0,17.1054657548666,16.38766983523965
xair,plc_conditional,1,pause,,1,876,876,877,0,10,474,1,published_after_gate_recheck,refused:version_changed:877,0,,0,1,29.684884939342737,10.31737681478262
xair,plc_predicate,1,pause,,1,878,878,879,0,12,475,1,published_after_gate_recheck,refused:predicate_false:879,0,,0,1,26.957770809531212,12.256714049726725
xair_atomic,plc_predicate,1,pause,,1,880,880,881,0,6,476,1,authorization_committed,refused:predicate_false:881,0,,0,1,25.001953821629286,6.32106326520443
xair_atomic,plc_conditional,0,,,1,882,882,882,0,,477,1,authorization_committed,executed:RUN:882,1,RUN,0,0,20.22535726428032,
xair,plc_conditional,1,pause,,1,882,882,883,0,16,478,1,published_after_gate_recheck,refused:version_changed:883,0,,0,1,25.370874907821417,16.322888899594545
xair_atomic,plc_conditional,1,pause,,1,884,884,885,0,14,479,1,authorization_committed,refused:version_changed:885,0,,0,1,23.62869866192341,14.428717084228992
xair,plc_predicate,1,pause,,1,886,,,0,2,480,0,read_set_version_changed_at_gate,,0,,0,0,16.755760181695223,2.214653417468071
xair,plc_plain,1,pause,,1,888,888,889,0,14,481,1,published_after_gate_recheck,executed:PAUSED:889,1,PAUSED,1,0,22.046652156859636,14.155544340610504
xair,plc_predicate,1,pause,,1,890,890,891,0,10,482,1,published_after_gate_recheck,refused:predicate_false:891,0,,0,1,23.5834838822484,10.409429669380188
xair_atomic,plc_predicate,1,pause,,1,892,,,0,0,483,0,precondition_failed: line.state == 'RUN',,0,,0,0,13.536072801798582,0.40522031486034393
xair_atomic,plc_predicate,1,pause,,1,894,894,895,0,12,484,1,authorization_committed,refused:predicate_false:895,0,,0,1,16.919006127864122,12.205708306282759
xair,plc_conditional,1,pause,,1,896,,,0,4,485,0,read_set_version_changed_at_gate,,0,,0,0,20.479463040828705,4.188304301351309
xair,plc_conditional,1,pause,,1,898,898,899,0,10,486,1,published_after_gate_recheck,refused:version_changed:899,0,,0,1,22.873752750456333,10.268636047840118
xair_atomic,plc_plain,1,pause,,1,900,,,0,0,487,0,read_set_version_changed_at_commit,,0,,0,0,15.329155139625072,0.3281859681010246
xair,plc_predicate,1,pause,,1,902,,,0,0,488,0,precondition_failed: line.state == 'RUN',,0,,0,0,12.593133840709925,0.3747427836060524
xair,plc_plain,1,pause,,1,904,,,0,0,489,0,read_set_version_changed_at_gate,,0,,0,0,17.11923209950328,0.3424021415412426
xair,plc_conditional,1,pause,,1,906,,,0,4,490,0,read_set_version_changed_at_gate,,0,,0,0,19.398135133087635,4.184736870229244
xair_atomic,plc_plain,1,pause,,1,908,908,909,0,8,491,1,authorization_committed,executed:PAUSED:909,1,PAUSED,1,0,19.664946012198925,8.15281830728054
xair,plc_conditional,1,pause,,1,910,910,911,0,10,492,1,published_after_gate_recheck,refused:version_changed:911,0,,0,1,25.60510393232107,10.162997990846634
xair,plc_plain,1,pause,,1,912,912,913,0,14,493,1,published_after_gate_recheck,executed:PAUSED:913,1,PAUSED,1,0,28.607895132154226,14.32898873463273
xair_atomic,plc_predicate,1,pause,,1,914,914,915,0,6,494,1,authorization_committed,refused:predicate_false:915,0,,0,1,23.942928295582533,6.257082801312208
xair_atomic,plc_conditional,1,pause,,1,916,916,916,0,20,495,1,authorization_committed,executed:RUN:916,1,RUN,0,0,17.679743003100157,20.263057202100754
xair_atomic,plc_plain,1,pause,,1,918,918,919,0,20,496,1,authorization_committed,executed:PAUSED:919,1,PAUSED,1,0,25.206727907061577,20.31770022585988
xair_atomic,plc_plain,1,pause,,1,920,920,921,0,14,497,1,authorization_committed,executed:PAUSED:921,1,PAUSED,1,0,19.70096305012703,14.247637242078781
xair_atomic,plc_plain,0,,,1,922,922,922,0,,498,1,authorization_committed,executed:RUN:922,1,RUN,0,0,22.305718157440424,
xair_atomic,plc_predicate,1,pause,,1,922,,,0,0,499,0,read_set_version_changed_at_commit,,0,,0,0,16.207081265747547,0.8119628764688969
xair,plc_conditional,1,pause,,1,924,924,924,0,20,500,1,published_after_gate_recheck,executed:RUN:924,1,RUN,0,0,25.877324864268303,20.163810811936855
xair_atomic,plc_plain,1,pause,,1,926,926,927,0,12,501,1,authorization_committed,executed:PAUSED:927,1,PAUSED,1,0,19.625871907919645,12.172224931418896
xair_atomic,plc_plain,1,pause,,1,928,928,929,0,8,502,1,authorization_committed,executed:PAUSED:929,1,PAUSED,1,0,22.91230484843254,8.138411212712526
xair_atomic,plc_predicate,1,pause,,1,930,930,930,0,14,503,1,authorization_committed,executed:RUN:930,1,RUN,0,0,17.177871894091368,14.320454094558954
xair_atomic,plc_predicate,0,,,1,932,932,932,0,,504,1,authorization_committed,executed:RUN:932,1,RUN,0,0,21.389800123870373,
xair,plc_conditional,1,pause,,1,932,,,0,2,505,0,read_set_version_changed_at_gate,,0,,0,0,17.946091946214437,2.1963780745863914
xair,plc_predicate,1,pause,,1,934,934,935,0,8,506,1,published_after_gate_recheck,refused:predicate_false:935,0,,0,1,25.103735271841288,8.282901719212532
xair,plc_plain,1,pause,,1,936,936,937,0,8,507,1,published_after_gate_recheck,executed:PAUSED:937,1,PAUSED,1,0,27.427450753748417,8.26589995995164
xair,plc_predicate,1,pause,,1,938,,,0,0,508,0,read_set_version_changed_at_gate,,0,,0,0,18.497596960514784,0.3607659600675106
xair,plc_predicate,1,pause,,1,940,940,941,0,6,509,1,published_after_gate_recheck,refused:predicate_false:941,0,,0,1,26.04486932978034,6.242406088858843
xair_atomic,plc_predicate,1,pause,,1,942,942,942,0,30,510,1,authorization_committed,executed:RUN:942,1,RUN,0,0,24.71219003200531,30.48094781115651
xair_atomic,plc_plain,1,pause,,1,944,944,944,0,20,511,1,authorization_committed,executed:RUN:944,1,RUN,0,0,20.739049185067415,20.314613822847605
xair_atomic,plc_plain,1,pause,,1,946,946,946,0,20,512,1,authorization_committed,executed:RUN:946,1,RUN,0,0,16.36147079989314,20.23177919909358
xair,plc_predicate,1,pause,,1,948,948,948,0,30,513,1,published_after_gate_recheck,executed:RUN:948,1,RUN,0,0,24.143774062395096,30.255886260420084
xair,plc_plain,1,pause,,1,950,950,950,0,20,514,1,published_after_gate_recheck,executed:RUN:950,1,RUN,0,0,21.05545299127698,20.331315230578184
xair_atomic,plc_conditional,1,pause,,1,952,952,952,0,20,515,1,authorization_committed,executed:RUN:952,1,RUN,0,0,23.893985897302628,20.24054480716586
xair,plc_predicate,1,pause,,1,954,954,955,0,6,516,1,published_after_gate_recheck,refused:predicate_false:955,0,,0,1,24.693254847079515,6.231985986232758
xair_atomic,plc_conditional,1,pause,,1,956,956,957,0,6,517,1,authorization_committed,refused:version_changed:957,0,,0,1,16.180801670998335,6.229260936379433
xair_atomic,plc_conditional,1,pause,,1,958,958,958,0,30,518,1,authorization_committed,executed:RUN:958,1,RUN,0,0,16.821674071252346,30.217493884265423
xair_atomic,plc_predicate,1,pause,,1,960,,,0,2,519,0,read_set_version_changed_at_commit,,0,,0,0,15.872613992542028,2.2712787613272667
xair_atomic,plc_plain,1,pause,,1,962,,,0,2,520,0,read_set_version_changed_at_commit,,0,,0,0,14.222450088709593,2.2105746902525425
xair_atomic,plc_predicate,1,pause,,1,964,964,965,0,10,521,1,authorization_committed,refused:predicate_false:965,0,,0,1,20.635665860027075,10.225554928183556
xair,plc_conditional,1,pause,,1,966,,,0,2,522,0,read_set_version_changed_at_gate,,0,,0,0,18.294214736670256,2.2773207165300846
xair,plc_conditional,1,pause,,1,968,968,969,0,10,523,1,published_after_gate_recheck,refused:version_changed:969,0,,0,1,20.641976967453957,10.251122061163187
xair_atomic,plc_plain,1,pause,,1,970,,,0,4,524,0,read_set_version_changed_at_commit,,0,,0,0,22.109820041805506,4.286588169634342
xair,plc_conditional,1,pause,,1,972,972,973,0,20,525,1,published_after_gate_recheck,refused:version_changed:973,0,,0,1,32.04827709123492,20.277364179491997
xair,plc_plain,1,pause,,1,974,974,975,0,14,526,1,published_after_gate_recheck,executed:PAUSED:975,1,PAUSED,1,0,26.976095978170633,14.161595143377781
xair,plc_predicate,1,pause,,1,976,,,0,2,527,0,read_set_version_changed_at_gate,,0,,0,0,18.05021706968546,2.16355687007308
xair_atomic,plc_plain,1,pause,,1,978,,,0,2,528,0,read_set_version_changed_at_commit,,0,,0,0,15.123068355023861,2.2842432372272015
xair,plc_plain,1,pause,,1,980,980,981,0,12,529,1,published_after_gate_recheck,executed:PAUSED:981,1,PAUSED,1,0,21.282379049807787,12.215425726026297
xair,plc_conditional,1,pause,,1,982,,,0,0,530,0,read_set_version_changed_at_gate,,0,,0,0,17.691364977508783,0.3313720226287842
xair_atomic,plc_conditional,1,pause,,1,984,,,0,2,531,0,read_set_version_changed_at_commit,,0,,0,0,15.432699117809534,2.2081900388002396
xair_atomic,plc_plain,1,pause,,1,986,,,0,2,532,0,read_set_version_changed_at_commit,,0,,0,0,15.175305772572756,2.2069578990340233
xair_atomic,plc_predicate,1,pause,,1,988,988,988,0,14,533,1,authorization_committed,executed:RUN:988,1,RUN,0,0,16.12957613542676,14.191712252795696
xair_atomic,plc_plain,1,pause,,1,990,990,991,0,10,534,1,authorization_committed,executed:PAUSED:991,1,PAUSED,1,0,19.597689155489206,10.285097174346447
xair_atomic,plc_plain,1,pause,,1,992,,,0,0,535,0,read_set_version_changed_at_commit,,0,,0,0,14.478530269116163,0.25540916249156
xair_atomic,plc_plain,1,pause,,1,994,994,994,0,12,536,1,authorization_committed,executed:RUN:994,1,RUN,0,0,15.444541815668344,12.200277764350176
xair_atomic,plc_conditional,1,pause,,1,996,996,997,0,12,537,1,authorization_committed,refused:version_changed:997,0,,0,1,19.90967383608222,12.264718767255545
xair_atomic,plc_plain,1,pause,,1,998,998,999,0,16,538,1,authorization_committed,executed:PAUSED:999,1,PAUSED,1,0,21.571951918303967,16.230696346610785
xair,plc_plain,1,pause,,1,1000,1000,1000,0,30,539,1,published_after_gate_recheck,executed:RUN:1000,1,RUN,0,0,25.684824213385582,30.311439651995897
xair_atomic,plc_predicate,1,pause,,1,1002,1002,1002,0,20,540,1,authorization_committed,executed:RUN:1002,1,RUN,0,0,19.31549096480012,20.213515032082796
xair,plc_plain,1,pause,,1,1004,1004,1005,0,6,541,1,published_after_gate_recheck,executed:PAUSED:1005,1,PAUSED,1,0,28.765170834958553,6.264247000217438
xair,plc_predicate,1,pause,,1,1006,1006,1006,0,20,542,1,published_after_gate_recheck,executed:RUN:1006,1,RUN,0,0,27.440765872597694,20.20655060186982
xair_atomic,plc_predicate,1,pause,,1,1008,1008,1008,0,20,543,1,authorization_committed,executed:RUN:1008,1,RUN,0,0,19.90519603714347,20.306117832660675
xair_atomic,plc_plain,1,pause,,1,1010,1010,1010,0,16,544,1,authorization_committed,executed:RUN:1010,1,RUN,0,0,16.526299994438887,16.237237956374884
xair_atomic,plc_conditional,1,pause,,1,1012,1012,1012,0,20,545,1,authorization_committed,executed:RUN:1012,1,RUN,0,0,16.724330838769674,20.26019198819995
xair_atomic,plc_conditional,1,pause,,1,1014,,,0,2,546,0,read_set_version_changed_at_commit,,0,,0,0,15.046305023133755,2.2984901443123817
xair_atomic,plc_conditional,1,pause,,1,1016,1016,1017,0,12,547,1,authorization_committed,refused:version_changed:1017,0,,0,1,27.558527886867523,12.261282186955214
xair,plc_conditional,1,pause,,1,1018,1018,1018,0,16,548,1,published_after_gate_recheck,executed:RUN:1018,1,RUN,0,0,18.978418316692114,16.227059066295624
xair,plc_plain,0,,,1,1020,1020,1020,0,,549,1,published_after_gate_recheck,executed:RUN:1020,1,RUN,0,0,20.64697677269578,
xair,plc_conditional,1,pause,,1,1020,1020,1020,0,30,550,1,published_after_gate_recheck,executed:RUN:1020,1,RUN,0,0,20.07640665397048,30.425903853029013
xair_atomic,plc_conditional,1,pause,,1,1022,1022,1023,0,8,551,1,authorization_committed,refused:version_changed:1023,0,,0,1,24.67916812747717,8.286198135465384
xair,plc_predicate,1,pause,,1,1024,1024,1024,0,12,552,1,published_after_gate_recheck,executed:RUN:1024,1,RUN,0,0,19.347148947417736,12.305936310440302
xair_atomic,plc_plain,1,pause,,1,1026,1026,1027,0,14,553,1,authorization_committed,executed:PAUSED:1027,1,PAUSED,1,0,19.652762915939093,14.2855579033494
xair,plc_plain,1,pause,,1,1028,,,0,0,554,0,read_set_version_changed_at_gate,,0,,0,0,17.452667001634836,0.5128420889377594
xair,plc_plain,1,pause,,1,1030,1030,1030,0,20,555,1,published_after_gate_recheck,executed:RUN:1030,1,RUN,0,0,24.696871172636747,20.284367259591818
xair_atomic,plc_conditional,1,pause,,1,1032,1032,1032,0,30,556,1,authorization_committed,executed:RUN:1032,1,RUN,0,0,22.518867161124945,30.2113420329988
xair,plc_conditional,1,pause,,1,1034,,,0,0,557,0,read_set_version_changed_at_gate,,0,,0,0,17.47515005990863,0.3435038961470127
xair,plc_plain,1,pause,,1,1036,1036,1036,0,16,558,1,published_after_gate_recheck,executed:RUN:1036,1,RUN,0,0,19.075931049883366,16.482067294418812
xair_atomic,plc_conditional,1,pause,,1,1038,1038,1039,0,6,559,1,authorization_committed,refused:version_changed:1039,0,,0,1,16.120239160954952,6.269475910812616
xair,plc_predicate,0,,,1,1040,1040,1040,0,,560,1,published_after_gate_recheck,executed:RUN:1040,1,RUN,0,0,20.871859043836594,
xair_atomic,plc_predicate,1,pause,,1,1040,,,0,4,561,0,read_set_version_changed_at_commit,,0,,0,0,16.41914900392294,4.227477125823498
xair_atomic,plc_plain,0,,,1,1042,1042,1042,0,,562,1,authorization_committed,executed:RUN:1042,1,RUN,0,0,21.189293824136257,
xair_atomic,plc_plain,1,pause,,1,1042,1042,1042,0,30,563,1,authorization_committed,executed:RUN:1042,1,RUN,0,0,21.752470638602972,30.282095074653625
xair_atomic,plc_plain,1,pause,,1,1044,1044,1045,0,12,564,1,authorization_committed,executed:PAUSED:1045,1,PAUSED,1,0,18.370619043707848,12.223231140524149
xair,plc_predicate,1,pause,,1,1046,,,0,2,565,0,read_set_version_changed_at_gate,,0,,0,0,18.52972712367773,2.286616712808609
xair_atomic,plc_conditional,1,pause,,1,1048,1048,1049,0,6,566,1,authorization_committed,refused:version_changed:1049,0,,0,1,21.348292008042336,6.231233943253756
xair,plc_predicate,1,pause,,1,1050,1050,1050,0,20,567,1,published_after_gate_recheck,executed:RUN:1050,1,RUN,0,0,20.5973032861948,20.217782352119684
xair,plc_predicate,1,pause,,1,1052,,,0,2,568,0,read_set_version_changed_at_gate,,0,,0,0,18.260623328387737,2.259235829114914
xair,plc_predicate,1,pause,,1,1054,1054,1055,0,14,569,1,published_after_gate_recheck,refused:predicate_false:1055,0,,0,1,28.163152281194925,14.21597832813859
xair,plc_predicate,1,pause,,1,1056,,,0,2,570,0,read_set_version_changed_at_gate,,0,,0,0,17.848759423941374,2.2168471477925777
xair,plc_predicate,1,pause,,1,1058,1058,1059,0,10,571,1,published_after_gate_recheck,refused:predicate_false:1059,0,,0,1,28.285691048949957,10.290146339684725
xair,plc_conditional,1,pause,,1,1060,1060,1061,0,8,572,1,published_after_gate_recheck,refused:version_changed:1061,0,,0,1,24.38857313245535,8.249850012362003
xair,plc_plain,1,pause,,1,1062,1062,1062,0,20,573,1,published_after_gate_recheck,executed:RUN:1062,1,RUN,0,0,27.29177800938487,20.277633797377348
xair,plc_predicate,1,pause,,1,1064,1064,1065,0,4,574,1,published_after_gate_recheck,refused:predicate_false:1065,0,,0,1,21.639166865497828,4.222879186272621
xair_atomic,plc_conditional,1,pause,,1,1066,1066,1067,0,12,575,1,authorization_committed,refused:version_changed:1067,0,,0,1,23.47431890666485,12.204505037516356
xair,plc_plain,1,pause,,1,1068,,,0,2,576,0,read_set_version_changed_at_gate,,0,,0,0,18.627170007675886,2.2928998805582523
xair,plc_conditional,1,pause,,1,1070,1070,1071,0,8,577,1,published_after_gate_recheck,refused:version_changed:1071,0,,0,1,22.36812375485897,8.303651120513678
xair,plc_conditional,1,pause,,1,1072,,,0,2,578,0,read_set_version_changed_at_gate,,0,,0,0,17.48367492109537,2.1992139518260956
xair_atomic,plc_predicate,0,,,1,1074,1074,1074,0,,579,1,authorization_committed,executed:RUN:1074,1,RUN,0,0,24.444228038191795,
xair,plc_predicate,0,,,1,1074,1074,1074,0,,580,1,published_after_gate_recheck,executed:RUN:1074,1,RUN,0,0,24.938183836638927,
xair_atomic,plc_plain,1,pause,,1,1074,,,0,0,581,0,read_set_version_changed_at_commit,,0,,0,0,15.119181014597416,0.34188106656074524
xair,plc_predicate,0,,,1,1076,1076,1076,0,,582,1,published_after_gate_recheck,executed:RUN:1076,1,RUN,0,0,26.77162177860737,
xair,plc_conditional,1,pause,,1,1076,1076,1077,0,12,583,1,published_after_gate_recheck,refused:version_changed:1077,0,,0,1,22.70554704591632,12.278714682906866
xair_atomic,plc_predicate,1,pause,,1,1078,1078,1079,0,8,584,1,authorization_committed,refused:predicate_false:1079,0,,0,1,24.145388044416904,8.256933651864529
xair_atomic,plc_predicate,1,pause,,1,1080,1080,1081,0,12,585,1,authorization_committed,refused:predicate_false:1081,0,,0,1,18.426773138344288,12.233769986778498
xair,plc_plain,1,pause,,1,1082,,,0,2,586,0,read_set_version_changed_at_gate,,0,,0,0,17.961752135306597,2.2220872342586517
xair_atomic,plc_predicate,0,,,1,1084,1084,1084,0,,587,1,authorization_committed,executed:RUN:1084,1,RUN,0,0,23.690002970397472,
xair,plc_conditional,1,pause,,1,1084,1084,1084,0,20,588,1,published_after_gate_recheck,executed:RUN:1084,1,RUN,0,0,25.43097734451294,20.320325158536434
xair,plc_predicate,1,pause,,1,1086,1086,1087,0,4,589,1,published_after_gate_recheck,refused:predicate_false:1087,0,,0,1,21.076202392578125,4.298731219023466
xair,plc_conditional,1,pause,,1,1088,1088,1089,0,6,590,1,published_after_gate_recheck,refused:version_changed:1089,0,,0,1,19.692055881023407,6.228449754416943
xair_atomic,plc_conditional,1,pause,,1,1090,1090,1091,0,8,591,1,authorization_committed,refused:version_changed:1091,0,,0,1,24.952370207756758,8.193033281713724
xair,plc_predicate,1,pause,,1,1092,1092,1092,0,16,592,1,published_after_gate_recheck,executed:RUN:1092,1,RUN,0,0,20.331114996224642,16.19436778128147
xair_atomic,plc_predicate,1,pause,,1,1094,,,0,0,593,0,read_set_version_changed_at_commit,,0,,0,0,14.107544906437397,0.2742842771112919
xair,plc_plain,1,pause,,1,1096,1096,1097,0,14,594,1,published_after_gate_recheck,executed:PAUSED:1097,1,PAUSED,1,0,24.41783808171749,14.236365910619497
xair_atomic,plc_plain,1,pause,,1,1098,1098,1098,0,12,595,1,authorization_committed,executed:RUN:1098,1,RUN,0,0,15.562181826680899,12.150945141911507
xair_atomic,plc_conditional,1,pause,,1,1100,1100,1101,0,6,596,1,authorization_committed,refused:version_changed:1101,0,,0,1,17.55661331117153,6.173526868224144
xair,plc_plain,1,pause,,1,1102,1102,1102,0,16,597,1,published_after_gate_recheck,executed:RUN:1102,1,RUN,0,0,21.626354195177555,16.160995233803988
xair_atomic,plc_plain,1,pause,,1,1104,1104,1105,0,4,598,1,authorization_committed,executed:PAUSED:1105,1,PAUSED,1,0,20.012747962027788,4.151083994656801
xair,plc_predicate,1,pause,,1,1106,1106,1107,0,8,599,1,published_after_gate_recheck,refused:predicate_false:1107,0,,0,1,20.659590605646372,8.146986830979586
xair_atomic,plc_predicate,1,pause,,1,1108,,,0,2,600,0,read_set_version_changed_at_commit,,0,,0,0,14.986852649599314,2.1478980779647827
xair_atomic,plc_conditional,0,,,1,1110,1110,1110,0,,601,1,authorization_committed,executed:RUN:1110,1,RUN,0,0,23.008424788713455,
xair,plc_predicate,1,pause,,1,1110,1110,1111,0,10,602,1,published_after_gate_recheck,refused:predicate_false:1111,0,,0,1,24.355091154575348,10.16169460490346
xair,plc_plain,1,pause,,1,1112,1112,1112,0,20,603,1,published_after_gate_recheck,executed:RUN:1112,1,RUN,0,0,27.124965097755194,20.157388877123594
xair_atomic,plc_plain,1,pause,,1,1114,1114,1115,0,12,604,1,authorization_committed,executed:PAUSED:1115,1,PAUSED,1,0,19.19611683115363,12.24987069144845
xair,plc_conditional,1,pause,,1,1116,1116,1117,0,6,605,1,published_after_gate_recheck,refused:version_changed:1117,0,,0,1,26.65678597986698,6.1735170893371105
xair_atomic,plc_plain,1,pause,,1,1118,,,0,0,606,0,read_set_version_changed_at_commit,,0,,0,0,14.28895490244031,0.3073061816394329
xair,plc_predicate,1,pause,,1,1120,1120,1121,0,8,607,1,published_after_gate_recheck,refused:predicate_false:1121,0,,0,1,21.67843095958233,8.194255642592907
xair_atomic,plc_conditional,1,pause,,1,1122,1122,1123,0,6,608,1,authorization_committed,refused:version_changed:1123,0,,0,1,24.33784818276763,6.15018280223012
xair_atomic,plc_plain,1,pause,,1,1124,1124,1124,0,16,609,1,authorization_committed,executed:RUN:1124,1,RUN,0,0,17.169326078146696,16.206088941544294
xair,plc_plain,1,pause,,1,1126,1126,1127,0,6,610,1,published_after_gate_recheck,executed:PAUSED:1127,1,PAUSED,1,0,20.18070314079523,6.168497260659933
xair,plc_plain,0,,,1,1128,1128,1128,0,,611,1,published_after_gate_recheck,executed:RUN:1128,1,RUN,0,0,18.59947806224227,
xair,plc_conditional,1,pause,,1,1128,1128,1129,0,12,612,1,published_after_gate_recheck,refused:version_changed:1129,0,,0,1,23.812683764845133,12.167517095804214
xair,plc_plain,1,pause,,1,1130,,,0,4,613,0,read_set_version_changed_at_gate,,0,,0,0,19.661678932607174,4.143780097365379
xair,plc_predicate,1,pause,,1,1132,1132,1132,0,14,614,1,published_after_gate_recheck,executed:RUN:1132,1,RUN,0,0,18.773493822664022,14.14452400058508
xair,plc_predicate,1,pause,,1,1134,,,0,0,615,0,read_set_version_changed_at_gate,,0,,0,0,17.4765819683671,0.3219330683350563
xair,plc_plain,1,pause,,1,1136,1136,1137,0,8,616,1,published_after_gate_recheck,executed:PAUSED:1137,1,PAUSED,1,0,25.007264222949743,8.092745207250118
xair_atomic,plc_predicate,1,pause,,1,1138,1138,1139,0,10,617,1,authorization_committed,refused:predicate_false:1139,0,,0,1,24.649792816489935,10.140164755284786
xair_atomic,plc_predicate,1,pause,,1,1140,1140,1141,0,8,618,1,authorization_committed,refused:predicate_false:1141,0,,0,1,20.40925109758973,8.118082769215107
xair_atomic,plc_plain,1,pause,,1,1142,1142,1142,0,30,619,1,authorization_committed,executed:RUN:1142,1,RUN,0,0,17.949328292161226,30.14397481456399
xair_atomic,plc_predicate,1,pause,,1,1144,1144,1145,0,4,620,1,authorization_committed,refused:predicate_false:1145,0,,0,1,25.94485180452466,4.265649244189262
xair,plc_predicate,1,pause,,1,1146,1146,1146,0,30,621,1,published_after_gate_recheck,executed:RUN:1146,1,RUN,0,0,19.997028168290854,30.162660870701075
xair_atomic,plc_predicate,0,,,1,1148,1148,1148,0,,622,1,authorization_committed,executed:RUN:1148,1,RUN,0,0,21.16807410493493,
xair_atomic,plc_predicate,1,pause,,1,1148,1148,1148,0,30,623,1,authorization_committed,executed:RUN:1148,1,RUN,0,0,22.85347506403923,30.303644947707653
xair_atomic,plc_predicate,1,pause,,1,1150,1150,1150,0,16,624,1,authorization_committed,executed:RUN:1150,1,RUN,0,0,20.023358054459095,16.2465856410563
xair_atomic,plc_conditional,0,,,1,1152,1152,1152,0,,625,1,authorization_committed,executed:RUN:1152,1,RUN,0,0,20.788222085684538,
xair_atomic,plc_plain,1,pause,,1,1152,,,0,0,626,0,read_set_version_changed_at_commit,,0,,0,0,14.274918008595705,0.3233663737773895
xair_atomic,plc_predicate,1,pause,,1,1154,1154,1155,0,6,627,1,authorization_committed,refused:predicate_false:1155,0,,0,1,26.26459114253521,6.211637984961271
xair_atomic,plc_conditional,1,pause,,1,1156,1156,1157,0,8,628,1,authorization_committed,refused:version_changed:1157,0,,0,1,17.79817510396242,8.20112880319357
xair,plc_conditional,1,pause,,1,1158,1158,1159,0,14,629,1,published_after_gate_recheck,refused:version_changed:1159,0,,0,1,25.72199422866106,14.162447303533554
xair_atomic,plc_predicate,1,pause,,1,1160,1160,1161,0,12,630,1,authorization_committed,refused:predicate_false:1161,0,,0,1,24.859786964952946,12.15086504817009
xair_atomic,plc_predicate,0,,,1,1162,1162,1162,0,,631,1,authorization_committed,executed:RUN:1162,1,RUN,0,0,16.98254607617855,
xair,plc_plain,1,pause,,1,1162,1162,1163,0,6,632,1,published_after_gate_recheck,executed:PAUSED:1163,1,PAUSED,1,0,25.921418331563473,6.1499131843447685
xair,plc_plain,1,pause,,1,1164,,,0,4,633,0,read_set_version_changed_at_gate,,0,,0,0,20.492257084697485,4.138750955462456
xair,plc_plain,1,pause,,1,1166,,,0,2,634,0,read_set_version_changed_at_gate,,0,,0,0,17.812492325901985,2.138970885425806
xair_atomic,plc_conditional,1,pause,,1,1168,1168,1169,0,8,635,1,authorization_committed,refused:version_changed:1169,0,,0,1,23.18302309140563,8.139864075928926
xair_atomic,plc_conditional,1,pause,,1,1170,,,0,4,636,0,read_set_version_changed_at_commit,,0,,0,0,15.970698092132807,4.136146046221256
xair_atomic,plc_predicate,1,pause,,1,1172,,,0,2,637,0,read_set_version_changed_at_commit,,0,,0,0,15.063075814396143,2.147046383470297
xair_atomic,plc_conditional,1,pause,,1,1174,1174,1175,0,8,638,1,authorization_committed,refused:version_changed:1175,0,,0,1,23.13379989936948,8.138642180711031
xair_atomic,plc_plain,1,pause,,1,1176,1176,1177,0,8,639,1,authorization_committed,executed:PAUSED:1177,1,PAUSED,1,0,18.36526906117797,8.148368913680315
xair,plc_predicate,1,pause,,1,1178,1178,1178,0,20,640,1,published_after_gate_recheck,executed:RUN:1178,1,RUN,0,0,25.205214973539114,20.15037601813674
xair_atomic,plc_conditional,1,pause,,1,1180,,,0,4,641,0,read_set_version_changed_at_commit,,0,,0,0,16.958360094577074,4.201128147542477
xair_atomic,plc_plain,1,pause,,1,1182,1182,1183,0,6,642,1,authorization_committed,executed:PAUSED:1183,1,PAUSED,1,0,20.835600793361664,6.153990048915148
xair,plc_plain,1,pause,,1,1184,1184,1184,0,30,643,1,published_after_gate_recheck,executed:RUN:1184,1,RUN,0,0,21.214631851762533,30.14284372329712
xair,plc_plain,1,pause,,1,1186,1186,1187,0,8,644,1,published_after_gate_recheck,executed:PAUSED:1187,1,PAUSED,1,0,29.034955892711878,8.174168411642313
xair_atomic,plc_plain,1,pause,,1,1188,1188,1189,0,14,645,1,authorization_committed,executed:PAUSED:1189,1,PAUSED,1,0,20.029648672789335,14.141988009214401
xair,plc_predicate,1,pause,,1,1190,,,0,4,646,0,read_set_version_changed_at_gate,,0,,0,0,19.466523081064224,4.159590695053339
xair_atomic,plc_conditional,1,pause,,1,1192,,,0,0,647,0,read_set_version_changed_at_commit,,0,,0,0,14.576624147593975,0.2738041803240776
xair_atomic,plc_conditional,0,,,1,1194,1194,1194,0,,648,1,authorization_committed,executed:RUN:1194,1,RUN,0,0,24.723981972783804,
xair,plc_conditional,1,pause,,1,1194,1194,1195,0,16,649,1,published_after_gate_recheck,refused:version_changed:1195,0,,0,1,25.23811673745513,16.148963011801243
xair,plc_predicate,1,pause,,1,1196,1196,1197,0,8,650,1,published_after_gate_recheck,refused:predicate_false:1197,0,,0,1,24.88898206502199,8.143050130456686
xair_atomic,plc_plain,1,pause,,1,1198,1198,1199,0,10,651,1,authorization_committed,executed:PAUSED:1199,1,PAUSED,1,0,24.21947568655014,10.143181309103966
xair_atomic,plc_conditional,1,pause,,1,1200,,,0,2,652,0,read_set_version_changed_at_commit,,0,,0,0,14.826472382992506,2.1431390196084976
xair,plc_predicate,1,pause,,1,1202,1202,1203,0,14,653,1,published_after_gate_recheck,refused:predicate_false:1203,0,,0,1,26.698966044932604,14.154742937535048
xair,plc_predicate,1,pause,,1,1204,1204,1204,0,20,654,1,published_after_gate_recheck,executed:RUN:1204,1,RUN,0,0,26.831043884158134,20.17197571694851
xair_atomic,plc_plain,1,pause,,1,1206,1206,1207,0,10,655,1,authorization_committed,executed:PAUSED:1207,1,PAUSED,1,0,18.774275202304125,10.210276115685701
xair_atomic,plc_conditional,1,pause,,1,1208,1208,1209,0,10,656,1,authorization_committed,refused:version_changed:1209,0,,0,1,24.211802054196596,10.278875008225441
xair_atomic,plc_plain,1,pause,,1,1210,1210,1210,0,20,657,1,authorization_committed,executed:RUN:1210,1,RUN,0,0,19.034924916923046,20.251004956662655
xair_atomic,plc_conditional,1,pause,,1,1212,1212,1213,0,16,658,1,authorization_committed,refused:version_changed:1213,0,,0,1,24.068562779575586,16.177786979824305
xair,plc_conditional,0,,,1,1214,1214,1214,0,,659,1,published_after_gate_recheck,executed:RUN:1214,1,RUN,0,0,26.53249306604266,
xair,plc_predicate,1,pause,,1,1214,1214,1215,0,4,660,1,published_after_gate_recheck,refused:predicate_false:1215,0,,0,1,21.958777215331793,4.15820674970746
xair,plc_conditional,1,pause,,1,1216,1216,1216,0,30,661,1,published_after_gate_recheck,executed:RUN:1216,1,RUN,0,0,27.965861838310957,30.282265041023493
xair,plc_predicate,1,pause,,1,1218,1218,1219,0,6,662,1,published_after_gate_recheck,refused:predicate_false:1219,0,,0,1,23.648174945265055,6.261841859668493
xair_atomic,plc_conditional,1,pause,,1,1220,,,0,2,663,0,read_set_version_changed_at_commit,,0,,0,0,14.753926079720259,2.252002712339163
xair_atomic,plc_conditional,1,pause,,1,1222,1222,1223,0,12,664,1,authorization_committed,refused:version_changed:1223,0,,0,1,17.42357201874256,12.225484941154718
xair,plc_conditional,1,pause,,1,1224,1224,1225,0,12,665,1,published_after_gate_recheck,refused:version_changed:1225,0,,0,1,26.09815914183855,12.214104179292917
xair_atomic,plc_conditional,1,pause,,1,1226,1226,1227,0,14,666,1,authorization_committed,refused:version_changed:1227,0,,0,1,24.834820069372654,14.190919697284698
xair,plc_plain,1,pause,,1,1228,,,0,4,667,0,read_set_version_changed_at_gate,,0,,0,0,21.46561210975051,4.395992960780859
xair,plc_plain,0,,,1,1230,1230,1230,0,,668,1,published_after_gate_recheck,executed:RUN:1230,1,RUN,0,0,25.72050131857395,
xair,plc_conditional,1,pause,,1,1230,1230,1231,0,10,669,1,published_after_gate_recheck,refused:version_changed:1231,0,,0,1,21.471483167260885,10.265490040183067
xair,plc_predicate,1,pause,,1,1232,,,0,4,670,0,read_set_version_changed_at_gate,,0,,0,0,18.975613173097372,4.179478157311678
xair_atomic,plc_conditional,1,pause,,1,1234,1234,1235,0,16,671,1,authorization_committed,refused:version_changed:1235,0,,0,1,23.233416955918074,16.153942327946424
xair_atomic,plc_plain,1,pause,,1,1236,,,0,4,672,0,read_set_version_changed_at_commit,,0,,0,0,16.58193487673998,4.139773081988096
xair,plc_conditional,1,pause,,1,1238,1238,1238,0,20,673,1,published_after_gate_recheck,executed:RUN:1238,1,RUN,0,0,27.149750851094723,20.144724752753973
xair,plc_conditional,1,pause,,1,1240,1240,1240,0,20,674,1,published_after_gate_recheck,executed:RUN:1240,1,RUN,0,0,21.32736286148429,20.163390319794416
xair,plc_predicate,0,,,1,1242,1242,1242,0,,675,1,published_after_gate_recheck,executed:RUN:1242,1,RUN,0,0,19.74474499002099,
xair_atomic,plc_conditional,1,pause,,1,1242,1242,1243,0,20,676,1,authorization_committed,refused:version_changed:1243,0,,0,1,26.115430984646082,20.29322274029255
xair,plc_conditional,1,pause,,1,1244,1244,1245,0,8,677,1,published_after_gate_recheck,refused:version_changed:1245,0,,0,1,21.787926089018583,8.229241706430912
xair,plc_plain,1,pause,,1,1246,1246,1247,0,8,678,1,published_after_gate_recheck,executed:PAUSED:1247,1,PAUSED,1,0,27.38022292032838,8.161212783306837
xair,plc_plain,1,pause,,1,1248,1248,1249,0,10,679,1,published_after_gate_recheck,executed:PAUSED:1249,1,PAUSED,1,0,28.127844911068678,10.13409299775958
xair_atomic,plc_predicate,1,pause,,1,1250,1250,1251,0,8,680,1,authorization_committed,refused:predicate_false:1251,0,,0,1,23.488295264542103,8.145985193550587
xair_atomic,plc_conditional,1,pause,,1,1252,1252,1252,0,16,681,1,authorization_committed,executed:RUN:1252,1,RUN,0,0,19.565749913454056,16.132791992276907
xair,plc_plain,1,pause,,1,1254,1254,1255,0,8,682,1,published_after_gate_recheck,executed:PAUSED:1255,1,PAUSED,1,0,23.89077004045248,8.13252991065383
xair,plc_plain,1,pause,,1,1256,,,0,0,683,0,precondition_failed: line.state == 'RUN',,0,,0,0,12.421642895787954,0.26881368830800056
xair,plc_plain,1,pause,,1,1258,1258,1259,0,12,684,1,published_after_gate_recheck,executed:PAUSED:1259,1,PAUSED,1,0,22.38093875348568,12.211688794195652
xair,plc_plain,1,pause,,1,1260,1260,1261,0,6,685,1,published_after_gate_recheck,executed:PAUSED:1261,1,PAUSED,1,0,24.15591711178422,6.203643046319485
xair_atomic,plc_plain,1,pause,,1,1262,,,0,4,686,0,read_set_version_changed_at_commit,,0,,0,0,16.86126785352826,4.2254738509655
xair_atomic,plc_plain,1,pause,,1,1264,,,0,0,687,0,read_set_version_changed_at_commit,,0,,0,0,14.23373119905591,0.29472168534994125
xair,plc_plain,1,pause,,1,1266,1266,1267,0,8,688,1,published_after_gate_recheck,executed:PAUSED:1267,1,PAUSED,1,0,23.71437894180417,8.163658902049065
xair_atomic,plc_predicate,0,,,1,1268,1268,1268,0,,689,1,authorization_committed,executed:RUN:1268,1,RUN,0,0,14.611780177801847,
xair,plc_predicate,1,pause,,1,1268,1268,1269,0,4,690,1,published_after_gate_recheck,refused:predicate_false:1269,0,,0,1,25.339235551655293,4.151746165007353
xair_atomic,plc_conditional,1,pause,,1,1270,1270,1271,0,14,691,1,authorization_committed,refused:version_changed:1271,0,,0,1,24.52251361683011,14.147278852760792
xair_atomic,plc_plain,1,pause,,1,1272,1272,1273,0,10,692,1,authorization_committed,executed:PAUSED:1273,1,PAUSED,1,0,17.054449766874313,10.306367184966803
xair,plc_plain,0,,,1,1274,1274,1274,0,,693,1,published_after_gate_recheck,executed:RUN:1274,1,RUN,0,0,25.295353960245848,
xair,plc_predicate,1,pause,,1,1274,1274,1275,0,8,694,1,published_after_gate_recheck,refused:predicate_false:1275,0,,0,1,21.7231847345829,8.270259015262127
xair,plc_plain,0,,,1,1276,1276,1276,0,,695,1,published_after_gate_recheck,executed:RUN:1276,1,RUN,0,0,28.663378674536943,
xair,plc_predicate,1,pause,,1,1276,1276,1276,0,14,696,1,published_after_gate_recheck,executed:RUN:1276,1,RUN,0,0,21.10275160521269,14.26962809637189
xair_atomic,plc_conditional,0,,,1,1278,1278,1278,0,,697,1,authorization_committed,executed:RUN:1278,1,RUN,0,0,19.59918299689889,
xair_atomic,plc_plain,1,pause,,1,1278,1278,1279,0,16,698,1,authorization_committed,executed:PAUSED:1279,1,PAUSED,1,0,22.58944883942604,16.24512206763029
xair_atomic,plc_predicate,0,,,1,1280,1280,1280,0,,699,1,authorization_committed,executed:RUN:1280,1,RUN,0,0,22.8858245536685,
xair,plc_conditional,0,,,1,1280,1280,1280,0,,700,1,published_after_gate_recheck,executed:RUN:1280,1,RUN,0,0,24.871479254215956,
xair,plc_plain,1,pause,,1,1280,,,0,2,701,0,read_set_version_changed_at_gate,,0,,0,0,19.40685184672475,2.2804969921708107
xair,plc_conditional,1,pause,,1,1282,1282,1282,0,20,702,1,published_after_gate_recheck,executed:RUN:1282,1,RUN,0,0,19.65644909068942,20.27950808405876
xair,plc_plain,1,pause,,1,1284,1284,1284,0,30,703,1,published_after_gate_recheck,executed:RUN:1284,1,RUN,0,0,25.5953473970294,30.307022389024496
xair,plc_predicate,1,pause,,1,1286,1286,1287,0,10,704,1,published_after_gate_recheck,refused:predicate_false:1287,0,,0,1,21.10644755885005,10.22372068837285
xair,plc_plain,1,pause,,1,1288,1288,1289,0,4,705,1,published_after_gate_recheck,executed:PAUSED:1289,1,PAUSED,1,0,19.531324971467257,4.222508054226637
xair,plc_plain,1,pause,,1,1290,1290,1290,0,30,706,1,published_after_gate_recheck,executed:RUN:1290,1,RUN,0,0,26.4380662702024,30.22448718547821
xair,plc_plain,1,pause,,1,1292,1292,1292,0,20,707,1,published_after_gate_recheck,executed:RUN:1292,1,RUN,0,0,22.978409193456173,20.259400364011526
xair,plc_conditional,0,,,1,1294,1294,1294,0,,708,1,published_after_gate_recheck,executed:RUN:1294,1,RUN,0,0,19.847818184643984,
xair_atomic,plc_predicate,1,pause,,1,1294,1294,1294,0,20,709,1,authorization_committed,executed:RUN:1294,1,RUN,0,0,20.337556954473257,20.24159673601389
xair_atomic,plc_conditional,1,pause,,1,1296,1296,1297,0,10,710,1,authorization_committed,refused:version_changed:1297,0,,0,1,16.815030947327614,10.224302299320698
xair_atomic,plc_plain,1,pause,,1,1298,1298,1298,0,30,711,1,authorization_committed,executed:RUN:1298,1,RUN,0,0,22.971075028181076,30.255283694714308
xair,plc_plain,1,pause,,1,1300,1300,1300,0,30,712,1,published_after_gate_recheck,executed:RUN:1300,1,RUN,0,0,22.990661673247814,30.213134828954935
xair,plc_predicate,1,pause,,1,1302,1302,1303,0,8,713,1,published_after_gate_recheck,refused:predicate_false:1303,0,,0,1,24.805524852126837,8.230193052440882
xair,plc_conditional,1,pause,,1,1304,,,0,2,714,0,read_set_version_changed_at_gate,,0,,0,0,17.659544944763184,2.1468158811330795
xair_atomic,plc_predicate,1,pause,,1,1306,,,0,4,715,0,read_set_version_changed_at_commit,,0,,0,0,17.04225828871131,4.150371998548508
xair,plc_conditional,1,pause,,1,1308,1308,1309,0,6,716,1,published_after_gate_recheck,refused:version_changed:1309,0,,0,1,21.181318908929825,6.154029630124569
xair,plc_plain,1,pause,,1,1310,,,0,0,717,0,precondition_failed: line.state == 'RUN',,0,,0,0,12.54307059571147,0.2780109643936157
xair_atomic,plc_plain,1,pause,,1,1312,,,0,2,718,0,read_set_version_changed_at_commit,,0,,0,0,14.77015670388937,2.281458117067814
xair,plc_conditional,1,pause,,1,1314,1314,1315,0,8,719,1,published_after_gate_recheck,refused:version_changed:1315,0,,0,1,25.933940894901752,8.211879059672356
xair,plc_conditional,1,pause,,1,1316,1316,1317,0,20,720,1,published_after_gate_recheck,refused:version_changed:1317,0,,0,1,27.895560022443533,20.240434911102057
xair,plc_conditional,1,pause,,1,1318,1318,1319,0,12,721,1,published_after_gate_recheck,refused:version_changed:1319,0,,0,1,22.558982949703932,12.234281282871962
xair,plc_plain,1,pause,,1,1320,1320,1320,0,20,722,1,published_after_gate_recheck,executed:RUN:1320,1,RUN,0,0,27.148870285600424,20.190891809761524
xair_atomic,plc_plain,1,pause,,1,1322,1322,1323,0,4,723,1,authorization_committed,executed:PAUSED:1323,1,PAUSED,1,0,19.45494208484888,4.211758263409138
xair,plc_plain,1,pause,,1,1324,1324,1325,0,12,724,1,published_after_gate_recheck,executed:PAUSED:1325,1,PAUSED,1,0,20.55372204631567,12.152337934821844
xair_atomic,plc_conditional,1,pause,,1,1326,1326,1326,0,16,725,1,authorization_committed,executed:RUN:1326,1,RUN,0,0,20.005424972623587,16.166113782674074
xair,plc_plain,1,pause,,1,1328,,,0,0,726,0,precondition_failed: line.state == 'RUN',,0,,0,0,12.698371894657612,0.3087189979851246
xair_atomic,plc_plain,1,pause,,1,1330,1330,1330,0,16,727,1,authorization_committed,executed:RUN:1330,1,RUN,0,0,16.497616190463305,16.157448291778564
xair,plc_conditional,0,,,1,1332,1332,1332,0,,728,1,published_after_gate_recheck,executed:RUN:1332,1,RUN,0,0,20.33716579899192,
xair_atomic,plc_predicate,1,pause,,1,1332,1332,1333,0,6,729,1,authorization_committed,refused:predicate_false:1333,0,,0,1,20.350882317870855,6.183895748108625
xair_atomic,plc_predicate,1,pause,,1,1334,1334,1335,0,14,730,1,authorization_committed,refused:predicate_false:1335,0,,0,1,18.05438520386815,14.148580841720104
xair_atomic,plc_predicate,1,pause,,1,1336,1336,1337,0,16,731,1,authorization_committed,refused:predicate_false:1337,0,,0,1,20.628432743251324,16.261593904346228
xair_atomic,plc_conditional,1,pause,,1,1338,1338,1339,0,4,732,1,authorization_committed,refused:version_changed:1339,0,,0,1,23.900427855551243,4.225953947752714
xair_atomic,plc_predicate,1,pause,,1,1340,1340,1340,0,20,733,1,authorization_committed,executed:RUN:1340,1,RUN,0,0,16.507074236869812,20.251105073839426
xair,plc_predicate,1,pause,,1,1342,1342,1342,0,20,734,1,published_after_gate_recheck,executed:RUN:1342,1,RUN,0,0,27.1036340855062,20.221929997205734
xair_atomic,plc_predicate,1,pause,,1,1344,1344,1344,0,16,735,1,authorization_committed,executed:RUN:1344,1,RUN,0,0,19.149939995259047,16.22859202325344
xair,plc_predicate,1,pause,,1,1346,,,0,4,736,0,read_set_version_changed_at_gate,,0,,0,0,19.802764058113098,4.231323953717947
xair,plc_conditional,1,pause,,1,1348,1348,1349,0,14,737,1,published_after_gate_recheck,refused:version_changed:1349,0,,0,1,21.36916108429432,14.22407291829586
xair,plc_predicate,1,pause,,1,1350,,,0,4,738,0,read_set_version_changed_at_gate,,0,,0,0,19.713866990059614,4.269646946340799
xair_atomic,plc_conditional,1,pause,,1,1352,1352,1353,0,20,739,1,authorization_committed,refused:version_changed:1353,0,,0,1,24.940689094364643,21.480729803442955
xair,plc_predicate,0,,,1,1354,1354,1354,0,,740,1,published_after_gate_recheck,executed:RUN:1354,1,RUN,0,0,24.500844068825245,
xair,plc_plain,1,pause,,1,1354,,,0,0,741,0,precondition_failed: line.state == 'RUN',,0,,0,0,13.084826059639454,0.3635017201304436
xair,plc_predicate,1,pause,,1,1356,1356,1357,0,16,742,1,published_after_gate_recheck,refused:predicate_false:1357,0,,0,1,26.580403093248606,16.212502028793097
xair_atomic,plc_conditional,1,pause,,1,1358,1358,1359,0,14,743,1,authorization_committed,refused:version_changed:1359,0,,0,1,24.32357193902135,14.255310874432325
xair_atomic,plc_plain,1,pause,,1,1360,1360,1361,0,8,744,1,authorization_committed,executed:PAUSED:1361,1,PAUSED,1,0,17.349804285913706,8.240262046456337
xair,plc_plain,1,pause,,1,1362,1362,1363,0,10,745,1,published_after_gate_recheck,executed:PAUSED:1363,1,PAUSED,1,0,18.96670600399375,10.26105135679245
xair,plc_plain,1,pause,,1,1364,1364,1364,0,20,746,1,published_after_gate_recheck,executed:RUN:1364,1,RUN,0,0,23.807484190911055,20.212903153151274
xair,plc_predicate,0,,,1,1366,1366,1366,0,,747,1,published_after_gate_recheck,executed:RUN:1366,1,RUN,0,0,20.470175426453352,
xair_atomic,plc_plain,1,pause,,1,1366,1366,1367,0,6,748,1,authorization_committed,executed:PAUSED:1367,1,PAUSED,1,0,19.074338022619486,6.337734404951334
xair,plc_conditional,1,pause,,1,1368,1368,1369,0,10,749,1,published_after_gate_recheck,refused:version_changed:1369,0,,0,1,19.84068565070629,10.284055024385452
xair_atomic,plc_predicate,1,pause,,1,1370,1370,1371,0,6,750,1,authorization_committed,refused:predicate_false:1371,0,,0,1,18.698572646826506,6.281028036028147
xair,plc_plain,1,pause,,1,1372,1372,1372,0,20,751,1,published_after_gate_recheck,executed:RUN:1372,1,RUN,0,0,22.334020119160414,20.247478038072586
xair_atomic,plc_predicate,1,pause,,1,1374,1374,1375,0,6,752,1,authorization_committed,refused:predicate_false:1375,0,,0,1,26.45457675680518,6.253265775740147
xair_atomic,plc_predicate,1,pause,,1,1376,,,0,0,753,0,precondition_failed: line.state == 'RUN',,0,,0,0,12.631856836378574,0.7845009677112103
xair,plc_plain,1,pause,,1,1378,1378,1379,0,14,754,1,published_after_gate_recheck,executed:PAUSED:1379,1,PAUSED,1,0,25.074969977140427,14.166695065796375
xair_atomic,plc_predicate,1,pause,,1,1380,1380,1381,0,14,755,1,authorization_committed,refused:predicate_false:1381,0,,0,1,24.173290003091097,14.162918087095022
xair,plc_conditional,1,pause,,1,1382,1382,1383,0,14,756,1,published_after_gate_recheck,refused:version_changed:1383,0,,0,1,26.51936886832118,14.195358846336603
xair_atomic,plc_conditional,1,pause,,1,1384,,,0,4,757,0,read_set_version_changed_at_commit,,0,,0,0,16.168239060789347,4.161023069173098
xair_atomic,plc_predicate,1,pause,,1,1386,1386,1387,0,10,758,1,authorization_committed,refused:predicate_false:1387,0,,0,1,18.43507867306471,10.175360832363367
xair_atomic,plc_plain,1,pause,,1,1388,1388,1389,0,14,759,1,authorization_committed,executed:PAUSED:1389,1,PAUSED,1,0,23.26204115524888,14.310293830931187
xair,plc_conditional,1,pause,,1,1390,,,0,0,760,0,precondition_failed: line.state == 'RUN',,0,,0,0,13.035824988037348,0.3434238024055958
xair,plc_plain,1,pause,,1,1392,,,0,0,761,0,read_set_version_changed_at_gate,,0,,0,0,17.777075059711933,0.29278919100761414
xair_atomic,plc_conditional,1,pause,,1,1394,1394,1394,0,20,762,1,authorization_committed,executed:RUN:1394,1,RUN,0,0,17.2348590567708,20.146839320659637
xair,plc_conditional,1,pause,,1,1396,1396,1396,0,20,763,1,published_after_gate_recheck,executed:RUN:1396,1,RUN,0,0,27.41820504888892,20.264820661395788
xair,plc_plain,1,pause,,1,1398,,,0,4,764,0,read_set_version_changed_at_gate,,0,,0,0,19.748671911656857,4.252553917467594
xair,plc_conditional,1,pause,,1,1400,1400,1401,0,14,765,1,published_after_gate_recheck,refused:version_changed:1401,0,,0,1,28.465368319302797,14.356039930135012
xair_atomic,plc_predicate,1,pause,,1,1402,1402,1403,0,10,766,1,authorization_committed,refused:predicate_false:1403,0,,0,1,26.007600128650665,10.192503221333027
xair_atomic,plc_plain,1,pause,,1,1404,1404,1404,0,20,767,1,authorization_committed,executed:RUN:1404,1,RUN,0,0,16.683253925293684,20.167406648397446
xair,plc_predicate,1,pause,,1,1406,1406,1407,0,10,768,1,published_after_gate_recheck,refused:predicate_false:1407,0,,0,1,27.18936512246728,10.227307677268982
xair,plc_predicate,1,pause,,1,1408,,,0,2,769,0,read_set_version_changed_at_gate,,0,,0,0,17.875068821012974,2.2059758193790913
xair,plc_plain,1,pause,,1,1410,,,0,2,770,0,read_set_version_changed_at_gate,,0,,0,0,17.916216980665922,2.4467078037559986
xair,plc_predicate,1,pause,,1,1412,1412,1412,0,30,771,1,published_after_gate_recheck,executed:RUN:1412,1,RUN,0,0,27.894306927919388,30.20774619653821
xair_atomic,plc_predicate,1,pause,,1,1414,1414,1415,0,16,772,1,authorization_committed,refused:predicate_false:1415,0,,0,1,27.159157674759626,16.257836017757654
xair,plc_conditional,1,pause,,1,1416,1416,1417,0,6,773,1,published_after_gate_recheck,refused:version_changed:1417,0,,0,1,28.508117888122797,6.2972079031169415
xair_atomic,plc_predicate,1,pause,,1,1418,,,0,0,774,0,read_set_version_changed_at_commit,,0,,0,0,14.09762492403388,0.3415299579501152
xair,plc_plain,1,pause,,1,1420,,,0,2,775,0,read_set_version_changed_at_gate,,0,,0,0,17.648925073444843,2.213741187006235
xair,plc_predicate,1,pause,,1,1422,1422,1423,0,6,776,1,published_after_gate_recheck,refused:predicate_false:1423,0,,0,1,21.702476777136326,6.199475843459368
xair_atomic,plc_plain,1,pause,,1,1424,1424,1425,0,6,777,1,authorization_committed,executed:PAUSED:1425,1,PAUSED,1,0,15.578493010252714,6.195948924869299
xair_atomic,plc_predicate,1,pause,,1,1426,1426,1427,0,12,778,1,authorization_committed,refused:predicate_false:1427,0,,0,1,23.63010123372078,12.210847809910774
xair_atomic,plc_predicate,1,pause,,1,1428,1428,1429,0,10,779,1,authorization_committed,refused:predicate_false:1429,0,,0,1,23.839803878217936,10.230784770101309
xair,plc_predicate,1,pause,,1,1430,1430,1430,0,16,780,1,published_after_gate_recheck,executed:RUN:1430,1,RUN,0,0,20.880935713648796,16.200509387999773
xair_atomic,plc_plain,1,pause,,1,1432,1432,1432,0,20,781,1,authorization_committed,executed:RUN:1432,1,RUN,0,0,19.7535608895123,20.197594072669744
xair_atomic,plc_predicate,1,pause,,1,1434,1434,1435,0,12,782,1,authorization_committed,refused:predicate_false:1435,0,,0,1,16.71956293284893,12.20215205103159
xair,plc_conditional,1,pause,,1,1436,,,0,2,783,0,read_set_version_changed_at_gate,,0,,0,0,20.922955125570297,2.3471410386264324
xair,plc_conditional,1,pause,,1,1438,1438,1439,0,10,784,1,published_after_gate_recheck,refused:version_changed:1439,0,,0,1,29.990638140589,10.232547763735056
xair,plc_predicate,1,pause,,1,1440,1440,1440,0,20,785,1,published_after_gate_recheck,executed:RUN:1440,1,RUN,0,0,21.76002413034439,20.238842349499464
xair,plc_conditional,1,pause,,1,1442,,,0,2,786,0,read_set_version_changed_at_gate,,0,,0,0,18.101452849805355,2.259687054902315
xair,plc_predicate,1,pause,,1,1444,,,0,2,787,0,read_set_version_changed_at_gate,,0,,0,0,18.384724855422974,2.1652299910783768
xair,plc_conditional,1,pause,,1,1446,1446,1447,0,4,788,1,published_after_gate_recheck,refused:version_changed:1447,0,,0,1,26.157460175454617,4.181741736829281
xair,plc_predicate,1,pause,,1,1448,1448,1449,0,14,789,1,published_after_gate_recheck,refused:predicate_false:1449,0,,0,1,28.528035152703524,14.174891170114279
xair_atomic,plc_plain,1,pause,,1,1450,1450,1451,0,8,790,1,authorization_committed,executed:PAUSED:1451,1,PAUSED,1,0,23.932787589728832,8.139754179865122
xair,plc_conditional,1,pause,,1,1452,1452,1453,0,14,791,1,published_after_gate_recheck,refused:version_changed:1453,0,,0,1,21.736860740929842,14.142740983515978
xair_atomic,plc_conditional,1,pause,,1,1454,1454,1454,0,20,792,1,authorization_committed,executed:RUN:1454,1,RUN,0,0,20.756852813065052,20.145987160503864
xair_atomic,plc_predicate,1,pause,,1,1456,,,0,2,793,0,read_set_version_changed_at_commit,,0,,0,0,15.496840234845877,2.146204002201557
xair,plc_plain,1,pause,,1,1458,1458,1459,0,10,794,1,published_after_gate_recheck,executed:PAUSED:1459,1,PAUSED,1,0,22.34960999339819,10.148008819669485
xair,plc_plain,1,pause,,1,1460,1460,1461,0,16,795,1,published_after_gate_recheck,executed:PAUSED:1461,1,PAUSED,1,0,28.49532477557659,16.143102198839188
xair_atomic,plc_conditional,1,pause,,1,1462,1462,1462,0,14,796,1,authorization_committed,executed:RUN:1462,1,RUN,0,0,16.487697139382362,14.143561944365501
xair_atomic,plc_conditional,1,pause,,1,1464,1464,1464,0,30,797,1,authorization_committed,executed:RUN:1464,1,RUN,0,0,19.99590639024973,30.152370687574148
xair_atomic,plc_conditional,1,pause,,1,1466,1466,1466,0,20,798,1,authorization_committed,executed:RUN:1466,1,RUN,0,0,17.884708009660244,20.143762696534395
xair,plc_conditional,1,pause,,1,1468,1468,1469,0,16,799,1,published_after_gate_recheck,refused:version_changed:1469,0,,0,1,27.715961914509535,16.260080970823765
xair_atomic,plc_predicate,1,pause,,1,1470,1470,1471,0,14,800,1,authorization_committed,refused:predicate_false:1471,0,,0,1,23.99648819118738,14.25598282366991
xair,plc_plain,1,pause,,1,1472,1472,1472,0,20,801,1,published_after_gate_recheck,executed:RUN:1472,1,RUN,0,0,19.704709760844707,20.267555955797434
xair,plc_plain,1,pause,,1,1474,1474,1475,0,10,802,1,published_after_gate_recheck,executed:PAUSED:1475,1,PAUSED,1,0,27.280546259135008,10.187883861362934
xair,plc_conditional,1,pause,,1,1476,,,0,0,803,0,precondition_failed: line.state == 'RUN',,0,,0,0,13.337940908968449,0.31315675005316734
xair,plc_plain,1,pause,,1,1478,1478,1479,0,6,804,1,published_after_gate_recheck,executed:PAUSED:1479,1,PAUSED,1,0,22.148361895233393,6.284323986619711
xair,plc_plain,1,pause,,1,1480,1480,1481,0,6,805,1,published_after_gate_recheck,executed:PAUSED:1481,1,PAUSED,1,0,18.729161005467176,6.15346897393465
xair,plc_conditional,1,pause,,1,1482,1482,1483,0,14,806,1,published_after_gate_recheck,refused:version_changed:1483,0,,0,1,28.58604397624731,14.15555365383625
xair,plc_conditional,1,pause,,1,1484,,,0,6,807,0,read_set_version_changed_at_gate,,0,,0,0,23.873587138950825,6.224682088941336
xair_atomic,plc_conditional,1,pause,,1,1486,1486,1486,0,30,808,1,authorization_committed,executed:RUN:1486,1,RUN,0,0,24.19291576370597,30.15212109312415
xair,plc_conditional,1,pause,,1,1488,1488,1489,0,14,809,1,published_after_gate_recheck,refused:version_changed:1489,0,,0,1,24.658289272338152,14.281200245022774
xair_atomic,plc_plain,1,pause,,1,1490,1490,1490,0,16,810,1,authorization_committed,executed:RUN:1490,1,RUN,0,0,19.65814270079136,16.160724218934774
xair_atomic,plc_predicate,1,pause,,1,1492,1492,1493,0,10,811,1,authorization_committed,refused:predicate_false:1493,0,,0,1,21.251370664685965,10.141497943550348
xair,plc_plain,1,pause,,1,1494,,,0,4,812,0,read_set_version_changed_at_gate,,0,,0,0,19.396872259676456,4.141466226428747
xair_atomic,plc_predicate,1,pause,,1,1496,1496,1497,0,10,813,1,authorization_committed,refused:predicate_false:1497,0,,0,1,17.67134713009,10.137460194528103
xair_atomic,plc_plain,1,pause,,1,1498,1498,1498,0,30,814,1,authorization_committed,executed:RUN:1498,1,RUN,0,0,22.740772925317287,30.138245318084955
xair,plc_predicate,1,pause,,1,1500,1500,1501,0,16,815,1,published_after_gate_recheck,refused:predicate_false:1501,0,,0,1,23.50030792877078,16.13942487165332
xair,plc_conditional,1,pause,,1,1502,1502,1502,0,20,816,1,published_after_gate_recheck,executed:RUN:1502,1,RUN,0,0,23.502551950514317,20.18503099679947
xair,plc_conditional,1,pause,,1,1504,,,0,0,817,0,precondition_failed: line.state == 'RUN',,0,,0,0,14.076205901801586,0.29571494087576866
xair_atomic,plc_plain,1,pause,,1,1506,1506,1507,0,14,818,1,authorization_committed,executed:PAUSED:1507,1,PAUSED,1,0,20.31282987445593,14.144743792712688
xair_atomic,plc_conditional,1,pause,,1,1508,1508,1508,0,20,819,1,authorization_committed,executed:RUN:1508,1,RUN,0,0,22.676261607557535,20.161626860499382
xair_atomic,plc_plain,1,pause,,1,1510,1510,1510,0,20,820,1,authorization_committed,executed:RUN:1510,1,RUN,0,0,19.480600021779537,20.278675947338343
xair_atomic,plc_predicate,1,pause,,1,1512,1512,1513,0,8,821,1,authorization_committed,refused:predicate_false:1513,0,,0,1,15.667870175093412,8.252584841102362
xair_atomic,plc_predicate,1,pause,,1,1514,1514,1515,0,12,822,1,authorization_committed,refused:predicate_false:1515,0,,0,1,22.31819089502096,12.276420835405588
xair_atomic,plc_predicate,1,pause,,1,1516,1516,1517,0,10,823,1,authorization_committed,refused:predicate_false:1517,0,,0,1,20.451711025089025,10.239841882139444
xair_atomic,plc_plain,1,pause,,1,1518,1518,1519,0,10,824,1,authorization_committed,executed:PAUSED:1519,1,PAUSED,1,0,18.311097286641598,10.215315967798233
xair_atomic,plc_predicate,1,pause,,1,1520,1520,1521,0,8,825,1,authorization_committed,refused:predicate_false:1521,0,,0,1,21.98272105306387,8.1932139582932
xair_atomic,plc_conditional,1,pause,,1,1522,,,0,2,826,0,read_set_version_changed_at_commit,,0,,0,0,14.932140242308378,2.2101649083197117
xair,plc_conditional,1,pause,,1,1524,1524,1525,0,8,827,1,published_after_gate_recheck,refused:version_changed:1525,0,,0,1,30.63906542956829,8.255850989371538
xair_atomic,plc_conditional,1,pause,,1,1526,1526,1526,0,30,828,1,authorization_committed,executed:RUN:1526,1,RUN,0,0,26.042503770440817,30.20476968958974
xair_atomic,plc_conditional,1,pause,,1,1528,1528,1529,0,14,829,1,authorization_committed,refused:version_changed:1529,0,,0,1,21.18109865114093,14.228501357138157
xair_atomic,plc_predicate,1,pause,,1,1530,,,0,4,830,0,read_set_version_changed_at_commit,,0,,0,0,16.97961986064911,4.292369354516268
xair_atomic,plc_plain,0,,,1,1532,1532,1532,0,,831,1,authorization_committed,executed:RUN:1532,1,RUN,0,0,23.775413166731596,
xair_atomic,plc_plain,0,,,1,1532,1532,1532,0,,832,1,authorization_committed,executed:RUN:1532,1,RUN,0,0,22.198596969246864,
xair_atomic,plc_plain,1,pause,,1,1532,1532,1533,0,4,833,1,authorization_committed,executed:PAUSED:1533,1,PAUSED,1,0,20.949765108525753,4.247013945132494
xair_atomic,plc_conditional,0,,,1,1534,1534,1534,0,,834,1,authorization_committed,executed:RUN:1534,1,RUN,0,0,17.51442300155759,
xair,plc_conditional,1,pause,,1,1534,,,0,2,835,0,read_set_version_changed_at_gate,,0,,0,0,20.313763059675694,2.2018789313733578
xair,plc_predicate,1,pause,,1,1536,1536,1537,0,8,836,1,published_after_gate_recheck,refused:predicate_false:1537,0,,0,1,23.779551032930613,8.170882239937782
xair,plc_predicate,1,pause,,1,1538,1538,1538,0,30,837,1,published_after_gate_recheck,executed:RUN:1538,1,RUN,0,0,25.623429100960493,30.249173287302256
xair_atomic,plc_conditional,1,pause,,1,1540,1540,1540,0,30,838,1,authorization_committed,executed:RUN:1540,1,RUN,0,0,17.80611975118518,30.180454719811678
xair,plc_plain,1,pause,,1,1542,1542,1543,0,8,839,1,published_after_gate_recheck,executed:PAUSED:1543,1,PAUSED,1,0,26.32373198866844,8.147918619215488
xair,plc_predicate,1,pause,,1,1544,1544,1545,0,16,840,1,published_after_gate_recheck,refused:predicate_false:1545,0,,0,1,27.316694147884846,16.156465746462345
xair_atomic,plc_plain,1,pause,,1,1546,,,0,2,841,0,read_set_version_changed_at_commit,,0,,0,0,15.502610243856907,2.254477236419916
xair,plc_conditional,1,pause,,1,1548,1548,1549,0,8,842,1,published_after_gate_recheck,refused:version_changed:1549,0,,0,1,19.094225950539112,8.198653813451529
xair_atomic,plc_conditional,1,pause,,1,1550,1550,1551,0,8,843,1,authorization_committed,refused:version_changed:1551,0,,0,1,25.495820213109255,8.196299895644188
xair_atomic,plc_conditional,1,pause,,1,1552,1552,1552,0,16,844,1,authorization_committed,executed:RUN:1552,1,RUN,0,0,18.354417756199837,16.214134637266397
xair,plc_predicate,1,pause,,1,1554,1554,1554,0,20,845,1,published_after_gate_recheck,executed:RUN:1554,1,RUN,0,0,21.63650281727314,20.208914764225483
xair,plc_predicate,0,,,1,1556,1556,1556,0,,846,1,published_after_gate_recheck,executed:RUN:1556,1,RUN,0,0,28.68867665529251,
xair,plc_plain,1,pause,,1,1556,,,0,0,847,0,read_set_version_changed_at_gate,,0,,0,0,16.61187130957842,0.2746949903666973
xair_atomic,plc_conditional,1,pause,,1,1558,,,0,2,848,0,read_set_version_changed_at_commit,,0,,0,0,15.102089382708073,2.1374477073550224
xair,plc_plain,1,pause,,1,1560,1560,1560,0,20,849,1,published_after_gate_recheck,executed:RUN:1560,1,RUN,0,0,18.208744935691357,20.160525105893612
xair,plc_conditional,1,pause,,1,1562,,,0,0,850,0,precondition_failed: line.state == 'RUN',,0,,0,0,12.49576173722744,0.2701571211218834
xair_atomic,plc_conditional,1,pause,,1,1564,,,0,4,851,0,read_set_version_changed_at_commit,,0,,0,0,16.9394351541996,4.290235228836536
xair_atomic,plc_predicate,1,pause,,1,1566,1566,1567,0,10,852,1,authorization_committed,refused:predicate_false:1567,0,,0,1,19.761397037655115,10.2110980078578
xair_atomic,plc_predicate,1,pause,,1,1568,,,0,2,853,0,read_set_version_changed_at_commit,,0,,0,0,15.05422918125987,2.1623452194035053
xair_atomic,plc_plain,1,pause,,1,1570,1570,1570,0,30,854,1,authorization_committed,executed:RUN:1570,1,RUN,0,0,15.620442107319832,30.259151943027973
xair_atomic,plc_conditional,1,pause,,1,1572,1572,1573,0,14,855,1,authorization_committed,refused:version_changed:1573,0,,0,1,23.68693705648184,14.232147950679064
xair,plc_plain,1,pause,,1,1574,,,0,4,856,0,read_set_version_changed_at_gate,,0,,0,0,20.28860477730632,4.177664406597614
xair_atomic,plc_conditional,0,,,1,1576,1576,1576,0,,857,1,authorization_committed,executed:RUN:1576,1,RUN,0,0,23.696214891970158,
xair_atomic,plc_plain,1,pause,,1,1576,1576,1577,0,12,858,1,authorization_committed,executed:PAUSED:1577,1,PAUSED,1,0,22.95955317094922,12.280968949198723
xair,plc_conditional,1,pause,,1,1578,,,0,4,859,0,read_set_version_changed_at_gate,,0,,0,0,20.40773769840598,4.277370870113373
xair,plc_predicate,1,pause,,1,1580,1580,1581,0,4,860,1,published_after_gate_recheck,refused:predicate_false:1581,0,,0,1,26.412237901240587,4.298681393265724
xair_atomic,plc_conditional,1,pause,,1,1582,,,0,2,861,0,read_set_version_changed_at_commit,,0,,0,0,15.61441132798791,2.284554298967123
xair,plc_predicate,1,pause,,1,1584,1584,1585,0,12,862,1,published_after_gate_recheck,refused:predicate_false:1585,0,,0,1,19.530413206666708,12.305526062846184
xair,plc_conditional,1,pause,,1,1586,1586,1587,0,14,863,1,published_after_gate_recheck,refused:version_changed:1587,0,,0,1,21.28213783726096,14.276341069489717
xair_atomic,plc_plain,0,,,1,1588,1588,1588,0,,864,1,authorization_committed,executed:RUN:1588,1,RUN,0,0,19.671889021992683,
xair_atomic,plc_plain,1,pause,,1,1588,1588,1589,0,12,865,1,authorization_committed,executed:PAUSED:1589,1,PAUSED,1,0,22.33234792947769,12.270478997379541
xair,plc_plain,1,pause,,1,1590,,,0,0,866,0,precondition_failed: line.state == 'RUN',,0,,0,0,13.986096251755953,0.36380207166075706
xair_atomic,plc_predicate,1,pause,,1,1592,1592,1592,0,16,867,1,authorization_committed,executed:RUN:1592,1,RUN,0,0,19.887764006853104,16.236426308751106
xair,plc_plain,1,pause,,1,1594,1594,1595,0,14,868,1,published_after_gate_recheck,executed:PAUSED:1595,1,PAUSED,1,0,23.5081329010427,14.257485046982765
xair_atomic,plc_predicate,1,pause,,1,1596,1596,1597,0,8,869,1,authorization_committed,refused:predicate_false:1597,0,,0,1,18.22111802175641,8.246373850852251
xair_atomic,plc_conditional,1,pause,,1,1598,1598,1599,0,8,870,1,authorization_committed,refused:version_changed:1599,0,,0,1,23.16076122224331,8.22921097278595
xair,plc_conditional,0,,,1,1600,1600,1600,0,,871,1,published_after_gate_recheck,executed:RUN:1600,1,RUN,0,0,21.594524383544922,
xair_atomic,plc_plain,1,pause,,1,1600,1600,1600,0,20,872,1,authorization_committed,executed:RUN:1600,1,RUN,0,0,18.323550932109356,20.208605099469423
xair_atomic,plc_plain,1,pause,,1,1602,,,0,4,873,0,read_set_version_changed_at_commit,,0,,0,0,17.019854858517647,4.200506955385208
xair,plc_conditional,1,pause,,1,1604,1604,1605,0,12,874,1,published_after_gate_recheck,refused:version_changed:1605,0,,0,1,19.20096529647708,12.155233416706324
xair_atomic,plc_conditional,1,pause,,1,1606,1606,1607,0,12,875,1,authorization_committed,refused:version_changed:1607,0,,0,1,19.382194615900517,12.195609044283628
xair,plc_predicate,0,,,1,1608,1608,1608,0,,876,1,published_after_gate_recheck,executed:RUN:1608,1,RUN,0,0,27.027021162211895,
xair_atomic,plc_conditional,1,pause,,1,1608,1608,1608,0,16,877,1,authorization_committed,executed:RUN:1608,1,RUN,0,0,18.874083179980516,16.20370475575328
xair_atomic,plc_conditional,1,pause,,1,1610,1610,1611,0,8,878,1,authorization_committed,refused:version_changed:1611,0,,0,1,18.654440995305777,8.193363901227713
xair,plc_predicate,1,pause,,1,1612,1612,1613,0,8,879,1,published_after_gate_recheck,refused:predicate_false:1613,0,,0,1,20.795416086912155,8.210466243326664
xair,plc_predicate,1,pause,,1,1614,1614,1614,0,30,880,1,published_after_gate_recheck,executed:RUN:1614,1,RUN,0,0,29.00162385776639,30.171798076480627
xair,plc_conditional,0,,,1,1616,1616,1616,0,,881,1,published_after_gate_recheck,executed:RUN:1616,1,RUN,0,0,26.342426892369986,
xair_atomic,plc_conditional,1,pause,,1,1616,1616,1616,0,20,882,1,authorization_committed,executed:RUN:1616,1,RUN,0,0,19.488153979182243,20.17299784347415
xair,plc_predicate,1,pause,,1,1618,1618,1618,0,20,883,1,published_after_gate_recheck,executed:RUN:1618,1,RUN,0,0,19.607808906584978,20.15236997976899
xair,plc_conditional,1,pause,,1,1620,1620,1621,0,10,884,1,published_after_gate_recheck,refused:version_changed:1621,0,,0,1,26.42544312402606,10.144934058189392
xair,plc_predicate,1,pause,,1,1622,1622,1622,0,30,885,1,published_after_gate_recheck,executed:RUN:1622,1,RUN,0,0,29.2914267629385,30.178419779986143
xair,plc_predicate,1,pause,,1,1624,1624,1625,0,16,886,1,published_after_gate_recheck,refused:predicate_false:1625,0,,0,1,24.741145316511393,16.171866096556187
xair,plc_predicate,1,pause,,1,1626,1626,1627,0,10,887,1,published_after_gate_recheck,refused:predicate_false:1627,0,,0,1,23.68731889873743,10.14510402455926
xair,plc_predicate,1,pause,,1,1628,1628,1629,0,8,888,1,published_after_gate_recheck,refused:predicate_false:1629,0,,0,1,27.822623029351234,8.142850361764431
xair_atomic,plc_plain,1,pause,,1,1630,1630,1631,0,6,889,1,authorization_committed,executed:PAUSED:1631,1,PAUSED,1,0,22.378623951226473,6.139853037893772
xair,plc_predicate,1,pause,,1,1632,1632,1633,0,10,890,1,published_after_gate_recheck,refused:predicate_false:1633,0,,0,1,21.38075279071927,10.139192920178175
xair,plc_conditional,1,pause,,1,1634,1634,1635,0,10,891,1,published_after_gate_recheck,refused:version_changed:1635,0,,0,1,27.951054275035858,10.13989420607686
xair_atomic,plc_plain,1,pause,,1,1636,1636,1637,0,8,892,1,authorization_committed,executed:PAUSED:1637,1,PAUSED,1,0,19.776223693042994,8.140914607793093
xair_atomic,plc_plain,1,pause,,1,1638,1638,1638,0,20,893,1,authorization_committed,executed:RUN:1638,1,RUN,0,0,16.142759937793016,20.170934963971376
xair,plc_plain,1,pause,,1,1640,1640,1641,0,14,894,1,published_after_gate_recheck,executed:PAUSED:1641,1,PAUSED,1,0,23.383879102766514,14.19853512197733
xair_atomic,plc_predicate,1,pause,,1,1642,,,0,4,895,0,read_set_version_changed_at_commit,,0,,0,0,15.097471419721842,4.144100937992334
xair_atomic,plc_conditional,1,pause,,1,1644,1644,1645,0,6,896,1,authorization_committed,refused:version_changed:1645,0,,0,1,16.65512239560485,6.145053077489138
xair_atomic,plc_plain,1,pause,,1,1646,1646,1646,0,20,897,1,authorization_committed,executed:RUN:1646,1,RUN,0,0,18.112814985215664,20.137981977313757
xair,plc_conditional,1,pause,,1,1648,1648,1649,0,8,898,1,published_after_gate_recheck,refused:version_changed:1649,0,,0,1,18.399663269519806,8.254839107394218
xair_atomic,plc_predicate,1,pause,,1,1650,1650,1650,0,30,899,1,authorization_committed,executed:RUN:1650,1,RUN,0,0,14.551687054336071,30.21580958738923
xair,plc_predicate,1,pause,,1,1652,1652,1652,0,30,900,1,published_after_gate_recheck,executed:RUN:1652,1,RUN,0,0,24.874374736100435,30.226219911128283
xair,plc_conditional,0,,,1,1654,1654,1654,0,,901,1,published_after_gate_recheck,executed:RUN:1654,1,RUN,0,0,21.55033079907298,
xair,plc_conditional,1,pause,,1,1654,1654,1654,0,16,902,1,published_after_gate_recheck,executed:RUN:1654,1,RUN,0,0,22.017075680196285,16.246536280959845
xair_atomic,plc_predicate,1,pause,,1,1656,,,0,2,903,0,read_set_version_changed_at_commit,,0,,0,0,15.64499782398343,2.311364281922579
xair_atomic,plc_conditional,1,pause,,1,1658,1658,1659,0,14,904,1,authorization_committed,refused:version_changed:1659,0,,0,1,22.393792867660522,14.284196309745312
xair_atomic,plc_predicate,1,pause,,1,1660,1660,1660,0,30,905,1,authorization_committed,executed:RUN:1660,1,RUN,0,0,21.658984944224358,30.242871027439833
xair,plc_plain,1,pause,,1,1662,1662,1663,0,10,906,1,published_after_gate_recheck,executed:PAUSED:1663,1,PAUSED,1,0,22.07784028723836,10.240913834422827
xair,plc_plain,1,pause,,1,1664,1664,1665,0,14,907,1,published_after_gate_recheck,executed:PAUSED:1665,1,PAUSED,1,0,29.301926959306,14.210908208042383
xair_atomic,plc_predicate,1,pause,,1,1666,1666,1667,0,4,908,1,authorization_committed,refused:predicate_false:1667,0,,0,1,24.52295506373048,4.247304983437061
xair_atomic,plc_plain,1,pause,,1,1668,1668,1669,0,10,909,1,authorization_committed,executed:PAUSED:1669,1,PAUSED,1,0,18.32509320229292,10.267973877489567
xair_atomic,plc_predicate,1,pause,,1,1670,1670,1671,0,12,910,1,authorization_committed,refused:predicate_false:1671,0,,0,1,21.938839927315712,12.269127182662487
xair_atomic,plc_predicate,1,pause,,1,1672,1672,1672,0,30,911,1,authorization_committed,executed:RUN:1672,1,RUN,0,0,23.029934614896774,30.240135733038187
xair,plc_conditional,1,pause,,1,1674,1674,1675,0,6,912,1,published_after_gate_recheck,refused:version_changed:1675,0,,0,1,23.468477185815573,6.234019994735718
xair_atomic,plc_conditional,1,pause,,1,1676,1676,1676,0,30,913,1,authorization_committed,executed:RUN:1676,1,RUN,0,0,24.29546881467104,30.245776753872633
xair,plc_conditional,1,pause,,1,1678,1678,1678,0,20,914,1,published_after_gate_recheck,executed:RUN:1678,1,RUN,0,0,25.083917193114758,20.26262693107128
xair_atomic,plc_predicate,1,pause,,1,1680,,,0,0,915,0,read_set_version_changed_at_commit,,0,,0,0,14.73985007032752,0.29119569808244705
xair_atomic,plc_conditional,1,pause,,1,1682,,,0,0,916,0,read_set_version_changed_at_commit,,0,,0,0,15.143908094614744,0.27069728821516037
xair,plc_predicate,1,pause,,1,1684,1684,1685,0,12,917,1,published_after_gate_recheck,refused:predicate_false:1685,0,,0,1,20.159592851996422,12.188285123556852
xair,plc_plain,1,pause,,1,1686,1686,1686,0,16,918,1,published_after_gate_recheck,executed:RUN:1686,1,RUN,0,0,23.007503245025873,16.14409266039729
xair,plc_conditional,1,pause,,1,1688,1688,1689,0,14,919,1,published_after_gate_recheck,refused:version_changed:1689,0,,0,1,22.731807082891464,14.168158173561096
xair_atomic,plc_conditional,1,pause,,1,1690,,,0,2,920,0,read_set_version_changed_at_commit,,0,,0,0,15.002432279288769,2.3484239354729652
xair,plc_predicate,1,pause,,1,1692,1692,1692,0,30,921,1,published_after_gate_recheck,executed:RUN:1692,1,RUN,0,0,23.987150285393,30.250995885580778
xair_atomic,plc_plain,1,pause,,1,1694,1694,1694,0,16,922,1,authorization_committed,executed:RUN:1694,1,RUN,0,0,16.73533208668232,16.275519970804453
xair_atomic,plc_plain,1,pause,,1,1696,1696,1696,0,16,923,1,authorization_committed,executed:RUN:1696,1,RUN,0,0,17.440213821828365,16.262526158243418
xair_atomic,plc_predicate,1,pause,,1,1698,,,0,2,924,0,read_set_version_changed_at_commit,,0,,0,0,15.984965022653341,2.193131949752569
xair,plc_predicate,1,pause,,1,1700,1700,1701,0,10,925,1,published_after_gate_recheck,refused:predicate_false:1701,0,,0,1,22.746114060282707,10.157196782529354
xair_atomic,plc_plain,1,pause,,1,1702,1702,1702,0,20,926,1,authorization_committed,executed:RUN:1702,1,RUN,0,0,16.220776829868555,20.14335198327899
xair,plc_plain,1,pause,,1,1704,1704,1705,0,10,927,1,published_after_gate_recheck,executed:PAUSED:1705,1,PAUSED,1,0,23.729337379336357,10.154210962355137
xair_atomic,plc_predicate,1,pause,,1,1706,1706,1707,0,14,928,1,authorization_committed,refused:predicate_false:1707,0,,0,1,24.41955078393221,14.157809317111969
xair_atomic,plc_predicate,1,pause,,1,1708,1708,1709,0,14,929,1,authorization_committed,refused:predicate_false:1709,0,,0,1,23.151854053139687,14.143402222543955
xair,plc_predicate,1,pause,,1,1710,,,0,4,930,0,read_set_version_changed_at_gate,,0,,0,0,19.74406372755766,4.139873199164867
xair_atomic,plc_conditional,1,pause,,1,1712,1712,1713,0,6,931,1,authorization_committed,refused:version_changed:1713,0,,0,1,21.419344935566187,6.1326599679887295
xair_atomic,plc_predicate,1,pause,,1,1714,1714,1714,0,16,932,1,authorization_committed,executed:RUN:1714,1,RUN,0,0,19.310872070491314,16.1333829164505
xair,plc_plain,1,pause,,1,1716,1716,1717,0,8,933,1,published_after_gate_recheck,executed:PAUSED:1717,1,PAUSED,1,0,23.55895796790719,8.352342061698437
xair_atomic,plc_plain,1,pause,,1,1718,1718,1719,0,8,934,1,authorization_committed,executed:PAUSED:1719,1,PAUSED,1,0,23.94117508083582,8.184536825865507
xair_atomic,plc_conditional,1,pause,,1,1720,,,0,0,935,0,read_set_version_changed_at_commit,,0,,0,0,13.807260897010565,0.33664098009467125
xair_atomic,plc_predicate,1,pause,,1,1722,,,0,2,936,0,read_set_version_changed_at_commit,,0,,0,0,15.68385073915124,2.2897529415786266
xair_atomic,plc_predicate,1,pause,,1,1724,1724,1725,0,12,937,1,authorization_committed,refused:predicate_false:1725,0,,0,1,24.294898379594088,12.237257324159145
xair_atomic,plc_predicate,1,pause,,1,1726,1726,1727,0,6,938,1,authorization_committed,refused:predicate_false:1727,0,,0,1,17.94295571744442,6.273403763771057
xair,plc_predicate,1,pause,,1,1728,,,0,2,939,0,read_set_version_changed_at_gate,,0,,0,0,19.309900235384703,2.2567822597920895
xair,plc_conditional,1,pause,,1,1730,1730,1730,0,12,940,1,published_after_gate_recheck,executed:RUN:1730,1,RUN,0,0,19.35014594346285,12.237267103046179
xair_atomic,plc_predicate,1,pause,,1,1732,1732,1733,0,8,941,1,authorization_committed,refused:predicate_false:1733,0,,0,1,18.725895322859287,8.254729211330414
xair_atomic,plc_plain,1,pause,,1,1734,1734,1735,0,12,942,1,authorization_committed,executed:PAUSED:1735,1,PAUSED,1,0,18.80451198667288,12.35992694273591
xair_atomic,plc_plain,1,pause,,1,1736,1736,1737,0,4,943,1,authorization_committed,executed:PAUSED:1737,1,PAUSED,1,0,21.570960059762,4.266740754246712
xair,plc_plain,0,,,1,1738,1738,1738,0,,944,1,published_after_gate_recheck,executed:RUN:1738,1,RUN,0,0,39.01764517650008,
xair,plc_conditional,1,pause,,1,1738,1738,1738,0,20,945,1,published_after_gate_recheck,executed:RUN:1738,1,RUN,0,0,27.86859916523099,20.364807918667793
xair,plc_plain,1,pause,,1,1740,,,0,4,946,0,read_set_version_changed_at_gate,,0,,0,0,19.79631232097745,4.249006975442171
xair_atomic,plc_predicate,1,pause,,1,1742,1742,1743,0,16,947,1,authorization_committed,refused:predicate_false:1743,0,,0,1,27.40182401612401,16.242708079516888
xair,plc_predicate,1,pause,,1,1744,,,0,0,948,0,read_set_version_changed_at_gate,,0,,0,0,16.890162136405706,0.3524012863636017
xair,plc_conditional,1,pause,,1,1746,1746,1747,0,16,949,1,published_after_gate_recheck,refused:version_changed:1747,0,,0,1,34.34935165569186,16.308190766721964
xair_atomic,plc_predicate,1,pause,,1,1748,1748,1749,0,10,950,1,authorization_committed,refused:predicate_false:1749,0,,0,1,22.68938673660159,10.42370731011033
xair,plc_plain,0,,,1,1750,1750,1750,0,,951,1,published_after_gate_recheck,executed:RUN:1750,1,RUN,0,0,30.914670787751675,
xair,plc_predicate,1,pause,,1,1750,1750,1750,0,30,952,1,published_after_gate_recheck,executed:RUN:1750,1,RUN,0,0,20.26787679642439,30.293756630271673
xair_atomic,plc_plain,1,pause,,1,1752,1752,1753,0,16,953,1,authorization_committed,executed:PAUSED:1753,1,PAUSED,1,0,23.144280072301626,16.28675078973174
xair,plc_predicate,1,pause,,1,1754,1754,1755,0,12,954,1,published_after_gate_recheck,refused:predicate_false:1755,0,,0,1,26.02338930591941,12.276550754904747
xair_atomic,plc_conditional,1,pause,,1,1756,,,0,2,955,0,read_set_version_changed_at_commit,,0,,0,0,15.789198223501444,2.2589061409235
xair,plc_plain,1,pause,,1,1758,1758,1758,0,14,956,1,published_after_gate_recheck,executed:RUN:1758,1,RUN,0,0,17.780521418899298,14.250582084059715
xair,plc_conditional,1,pause,,1,1760,,,0,0,957,0,read_set_version_changed_at_gate,,0,,0,0,16.73474069684744,0.31204475089907646
xair_atomic,plc_predicate,1,pause,,1,1762,1762,1763,0,8,958,1,authorization_committed,refused:predicate_false:1763,0,,0,1,19.8676660656929,8.223641198128462
xair,plc_plain,1,pause,,1,1764,1764,1765,0,12,959,1,published_after_gate_recheck,executed:PAUSED:1765,1,PAUSED,1,0,20.929777063429356,12.242657132446766
xair_atomic,plc_predicate,1,pause,,1,1766,1766,1767,0,12,960,1,authorization_committed,refused:predicate_false:1767,0,,0,1,19.257111009210348,12.232077773660421
xair,plc_plain,1,pause,,1,1768,1768,1769,0,8,961,1,published_after_gate_recheck,executed:PAUSED:1769,1,PAUSED,1,0,25.475600734353065,8.236936293542385
xair_atomic,plc_conditional,1,pause,,1,1770,1770,1771,0,20,962,1,authorization_committed,refused:version_changed:1771,0,,0,1,24.50529206544161,20.238762255758047
xair,plc_predicate,1,pause,,1,1772,1772,1773,0,12,963,1,published_after_gate_recheck,refused:predicate_false:1773,0,,0,1,23.72455783188343,12.243890203535557
xair_atomic,plc_conditional,1,pause,,1,1774,1774,1775,0,8,964,1,authorization_committed,refused:version_changed:1775,0,,0,1,25.21498268470168,8.245310746133327
xair_atomic,plc_plain,1,pause,,1,1776,1776,1777,0,12,965,1,authorization_committed,executed:PAUSED:1777,1,PAUSED,1,0,17.86509109660983,12.230714783072472
xair_atomic,plc_conditional,1,pause,,1,1778,1778,1779,0,12,966,1,authorization_committed,refused:version_changed:1779,0,,0,1,22.287001833319664,12.23349990323186
xair_atomic,plc_predicate,1,pause,,1,1780,1780,1780,0,14,967,1,authorization_committed,executed:RUN:1780,1,RUN,0,0,18.06237129494548,14.244291000068188
xair,plc_predicate,1,pause,,1,1782,1782,1783,0,12,968,1,published_after_gate_recheck,refused:predicate_false:1783,0,,0,1,25.97521897405386,12.225826270878315
xair,plc_predicate,1,pause,,1,1784,1784,1784,0,12,969,1,published_after_gate_recheck,executed:RUN:1784,1,RUN,0,0,18.146959133446217,12.241404969245195
xair_atomic,plc_conditional,1,pause,,1,1786,1786,1787,0,8,970,1,authorization_committed,refused:version_changed:1787,0,,0,1,18.91351630911231,8.248968049883842
xair,plc_conditional,0,,,1,1788,1788,1788,0,,971,1,published_after_gate_recheck,executed:RUN:1788,1,RUN,0,0,30.12041188776493,
xair,plc_predicate,1,pause,,1,1788,,,0,2,972,0,read_set_version_changed_at_gate,,0,,0,0,17.76161603629589,2.2957250475883484
xair_atomic,plc_plain,1,pause,,1,1790,1790,1790,0,30,973,1,authorization_committed,executed:RUN:1790,1,RUN,0,0,18.087377306073904,30.198819003999233
xair,plc_conditional,1,pause,,1,1792,,,0,2,974,0,read_set_version_changed_at_gate,,0,,0,0,19.42393369972706,2.285356167703867
xair_atomic,plc_conditional,1,pause,,1,1794,,,0,2,975,0,read_set_version_changed_at_commit,,0,,0,0,15.347328968346119,2.27161031216383
xair_atomic,plc_plain,1,pause,,1,1796,1796,1797,0,14,976,1,authorization_committed,executed:PAUSED:1797,1,PAUSED,1,0,25.51416400820017,14.269568026065826
xair,plc_plain,1,pause,,1,1798,1798,1799,0,14,977,1,published_after_gate_recheck,executed:PAUSED:1799,1,PAUSED,1,0,22.24748767912388,14.2814707942307
xair_atomic,plc_plain,1,pause,,1,1800,,,0,2,978,0,read_set_version_changed_at_commit,,0,,0,0,14.810923021286726,2.253956161439419
xair_atomic,plc_predicate,1,pause,,1,1802,1802,1803,0,6,979,1,authorization_committed,refused:predicate_false:1803,0,,0,1,22.132521960884333,6.2521640211343765
xair,plc_conditional,1,pause,,1,1804,1804,1805,0,12,980,1,published_after_gate_recheck,refused:version_changed:1805,0,,0,1,21.240490023046732,12.240683194249868
xair_atomic,plc_predicate,1,pause,,1,1806,1806,1806,0,16,981,1,authorization_committed,executed:RUN:1806,1,RUN,0,0,19.017009995877743,16.30127802491188
xair_atomic,plc_conditional,1,pause,,1,1808,1808,1809,0,10,982,1,authorization_committed,refused:version_changed:1809,0,,0,1,20.12329502031207,10.238227900117636
xair_atomic,plc_plain,0,,,1,1810,1810,1810,0,,983,1,authorization_committed,executed:RUN:1810,1,RUN,0,0,17.15812413021922,
xair_atomic,plc_plain,1,pause,,1,1810,1810,1811,0,16,984,1,authorization_committed,executed:PAUSED:1811,1,PAUSED,1,0,22.244703024625778,16.320485156029463
xair,plc_predicate,1,pause,,1,1812,,,0,6,985,0,read_set_version_changed_at_gate,,0,,0,0,22.34176592901349,6.322986911982298
xair,plc_conditional,1,pause,,1,1814,1814,1815,0,12,986,1,published_after_gate_recheck,refused:version_changed:1815,0,,0,1,19.64774401858449,12.26019999012351
xair,plc_plain,1,pause,,1,1816,1816,1816,0,30,987,1,published_after_gate_recheck,executed:RUN:1816,1,RUN,0,0,21.078186109662056,30.365871731191874
xair_atomic,plc_conditional,1,pause,,1,1818,1818,1819,0,4,988,1,authorization_committed,refused:version_changed:1819,0,,0,1,15.939529985189438,4.196167923510075
xair_atomic,plc_plain,1,pause,,1,1820,1820,1821,0,14,989,1,authorization_committed,executed:PAUSED:1821,1,PAUSED,1,0,19.501959905028343,14.1973034478724
xair,plc_predicate,1,pause,,1,1822,,,0,0,990,0,read_set_version_changed_at_gate,,0,,0,0,17.129189800471067,0.3617177717387676
xair,plc_predicate,1,pause,,1,1824,1824,1825,0,8,991,1,published_after_gate_recheck,refused:predicate_false:1825,0,,0,1,25.81455698236823,8.238307666033506
xair,plc_conditional,0,,,1,1826,1826,1826,0,,992,1,published_after_gate_recheck,executed:RUN:1826,1,RUN,0,0,29.170670080929995,
xair,plc_conditional,1,pause,,1,1826,1826,1826,0,30,993,1,published_after_gate_recheck,executed:RUN:1826,1,RUN,0,0,19.06586205586791,30.31195094808936
xair,plc_conditional,1,pause,,1,1828,1828,1829,0,14,994,1,published_after_gate_recheck,refused:version_changed:1829,0,,0,1,26.201963890343904,14.280900359153748
xair,plc_conditional,1,pause,,1,1830,,,0,4,995,0,read_set_version_changed_at_gate,,0,,0,0,20.84560925140977,4.294393118470907
xair_atomic,plc_predicate,1,pause,,1,1832,1832,1832,0,20,996,1,authorization_committed,executed:RUN:1832,1,RUN,0,0,20.963179878890514,20.27986804023385
xair,plc_conditional,1,pause,,1,1834,1834,1835,0,8,997,1,published_after_gate_recheck,refused:version_changed:1835,0,,0,1,20.063714124262333,8.291227743029594
xair_atomic,plc_predicate,1,pause,,1,1836,1836,1837,0,16,998,1,authorization_committed,refused:predicate_false:1837,0,,0,1,24.830111302435398,16.253468114882708
xair,plc_conditional,0,,,1,1838,1838,1838,0,,999,1,published_after_gate_recheck,executed:RUN:1838,1,RUN,0,0,25.054792873561382,
xair,plc_predicate,1,pause,,1,1838,1838,1839,0,14,1000,1,published_after_gate_recheck,refused:predicate_false:1839,0,,0,1,22.752054035663605,14.276812318712473
xair_atomic,plc_predicate,1,pause,,1,1840,1840,1840,0,20,1001,1,authorization_committed,executed:RUN:1840,1,RUN,0,0,17.926826141774654,20.252166781574488
xair,plc_plain,1,pause,,1,1842,1842,1843,0,10,1002,1,published_after_gate_recheck,executed:PAUSED:1843,1,PAUSED,1,0,28.124328702688217,10.244280099868774
xair,plc_predicate,1,pause,,1,1844,1844,1845,0,16,1003,1,published_after_gate_recheck,refused:predicate_false:1845,0,,0,1,28.353678062558174,16.250942833721638
xair_atomic,plc_predicate,0,,,1,1846,1846,1846,0,,1004,1,authorization_committed,executed:RUN:1846,1,RUN,0,0,23.756667971611023,
xair_atomic,plc_plain,1,pause,,1,1846,,,0,4,1005,0,read_set_version_changed_at_commit,,0,,0,0,15.954778995364904,4.284734837710857
xair,plc_plain,1,pause,,1,1848,1848,1849,0,6,1006,1,published_after_gate_recheck,executed:PAUSED:1849,1,PAUSED,1,0,26.622782927006483,6.264918018132448
xair_atomic,plc_conditional,1,pause,,1,1850,1850,1851,0,12,1007,1,authorization_committed,refused:version_changed:1851,0,,0,1,25.230843108147383,12.277834117412567
xair_atomic,plc_predicate,0,,,1,1852,1852,1852,0,,1008,1,authorization_committed,executed:RUN:1852,1,RUN,0,0,17.05054333433509,
xair_atomic,plc_predicate,1,pause,,1,1852,1852,1853,0,14,1009,1,authorization_committed,refused:predicate_false:1853,0,,0,1,20.453042816370726,14.284727163612843
xair,plc_conditional,1,pause,,1,1854,,,0,2,1010,0,read_set_version_changed_at_gate,,0,,0,0,17.37087406218052,2.2611599415540695
xair,plc_plain,0,,,1,1856,1856,1856,0,,1011,1,published_after_gate_recheck,executed:RUN:1856,1,RUN,0,0,21.727233193814754,
xair,plc_predicate,1,pause,,1,1856,1856,1856,0,16,1012,1,published_after_gate_recheck,executed:RUN:1856,1,RUN,0,0,22.015913855284452,16.263776924461126
xair,plc_predicate,1,pause,,1,1858,1858,1858,0,16,1013,1,published_after_gate_recheck,executed:RUN:1858,1,RUN,0,0,21.70034311711788,16.310235019773245
xair_atomic,plc_predicate,0,,,1,1860,1860,1860,0,,1014,1,authorization_committed,executed:RUN:1860,1,RUN,0,0,18.694635946303606,
xair,plc_predicate,1,pause,,1,1860,1860,1861,0,10,1015,1,published_after_gate_recheck,refused:predicate_false:1861,0,,0,1,25.125695392489433,10.26517990976572
xair_atomic,plc_predicate,1,pause,,1,1862,,,0,2,1016,0,read_set_version_changed_at_commit,,0,,0,0,15.083233825862408,2.2696261294186115
xair,plc_predicate,1,pause,,1,1864,1864,1865,0,8,1017,1,published_after_gate_recheck,refused:predicate_false:1865,0,,0,1,24.028827901929617,8.261611685156822
xair_atomic,plc_predicate,0,,,1,1866,1866,1866,0,,1018,1,authorization_committed,executed:RUN:1866,1,RUN,0,0,24.689889047294855,
xair_atomic,plc_predicate,1,pause,,1,1866,1866,1867,0,16,1019,1,authorization_committed,refused:predicate_false:1867,0,,0,1,22.382490802556276,16.25974103808403
xair,plc_predicate,0,,,1,1868,1868,1868,0,,1020,1,published_after_gate_recheck,executed:RUN:1868,1,RUN,0,0,25.10653017088771,
xair,plc_predicate,1,pause,,1,1868,1868,1869,0,6,1021,1,published_after_gate_recheck,refused:predicate_false:1869,0,,0,1,21.936284843832254,6.255651358515024
xair_atomic,plc_predicate,1,pause,,1,1870,1870,1871,0,10,1022,1,authorization_committed,refused:predicate_false:1871,0,,0,1,24.151799269020557,10.27993718162179
xair_atomic,plc_predicate,1,pause,,1,1872,1872,1872,0,30,1023,1,authorization_committed,executed:RUN:1872,1,RUN,0,0,16.77935430780053,30.245517380535603
xair_atomic,plc_conditional,1,pause,,1,1874,1874,1875,0,10,1024,1,authorization_committed,refused:version_changed:1875,0,,0,1,24.99018097296357,10.272263083606958
xair,plc_conditional,1,pause,,1,1876,1876,1876,0,20,1025,1,published_after_gate_recheck,executed:RUN:1876,1,RUN,0,0,19.570397678762674,20.230024587363005
xair_atomic,plc_plain,1,pause,,1,1878,1878,1879,0,10,1026,1,authorization_committed,executed:PAUSED:1879,1,PAUSED,1,0,25.714469142258167,10.233419947326183
xair_atomic,plc_plain,1,pause,,1,1880,1880,1881,0,6,1027,1,authorization_committed,executed:PAUSED:1881,1,PAUSED,1,0,16.02627197280526,6.257202941924334
xair_atomic,plc_plain,1,pause,,1,1882,,,0,0,1028,0,precondition_failed: line.state == 'RUN',,0,,0,0,12.937049847096205,0.3190683200955391
xair,plc_predicate,1,pause,,1,1884,1884,1884,0,20,1029,1,published_after_gate_recheck,executed:RUN:1884,1,RUN,0,0,25.060282554477453,20.45720163732767
xair_atomic,plc_plain,1,pause,,1,1886,1886,1886,0,30,1030,1,authorization_committed,executed:RUN:1886,1,RUN,0,0,17.551612108945847,30.27707478031516
xair_atomic,plc_plain,1,pause,,1,1888,1888,1889,0,12,1031,1,authorization_committed,executed:PAUSED:1889,1,PAUSED,1,0,22.706449031829834,12.318108230829239
xair,plc_plain,1,pause,,1,1890,1890,1891,0,6,1032,1,published_after_gate_recheck,executed:PAUSED:1891,1,PAUSED,1,0,20.942081231623888,6.251923274248838
xair,plc_predicate,1,pause,,1,1892,1892,1892,0,14,1033,1,published_after_gate_recheck,executed:RUN:1892,1,RUN,0,0,17.767457757145166,14.24913015216589
xair_atomic,plc_predicate,1,pause,,1,1894,,,0,0,1034,0,read_set_version_changed_at_commit,,0,,0,0,17.21863867715001,0.38373982533812523
xair_atomic,plc_conditional,1,pause,,1,1896,,,0,0,1035,0,read_set_version_changed_at_commit,,0,,0,0,15.65038738772273,0.6661391817033291
xair_atomic,plc_conditional,1,pause,,1,1898,1898,1899,0,14,1036,1,authorization_committed,refused:version_changed:1899,0,,0,1,19.23657301813364,14.268485829234123
xair,plc_conditional,1,pause,,1,1900,1900,1901,0,12,1037,1,published_after_gate_recheck,refused:version_changed:1901,0,,0,1,26.461801026016474,12.190518900752068
xair,plc_plain,1,pause,,1,1902,,,0,0,1038,0,read_set_version_changed_at_gate,,0,,0,0,18.589839804917574,0.30887965112924576
xair_atomic,plc_conditional,1,pause,,1,1904,,,0,2,1039,0,read_set_version_changed_at_commit,,0,,0,0,15.570977702736855,2.1419860422611237
xair_atomic,plc_predicate,1,pause,,1,1906,1906,1907,0,6,1040,1,authorization_committed,refused:predicate_false:1907,0,,0,1,25.73279431089759,6.293912883847952
xair_atomic,plc_conditional,0,,,1,1908,1908,1908,0,,1041,1,authorization_committed,executed:RUN:1908,1,RUN,0,0,17.17646000906825,
xair_atomic,plc_conditional,1,pause,,1,1908,1908,1909,0,6,1042,1,authorization_committed,refused:version_changed:1909,0,,0,1,21.976199932396412,6.296977866441011
xair_atomic,plc_conditional,1,pause,,1,1910,1910,1910,0,20,1043,1,authorization_committed,executed:RUN:1910,1,RUN,0,0,17.462114803493023,20.18593205139041
xair,plc_conditional,1,pause,,1,1912,1912,1912,0,30,1044,1,published_after_gate_recheck,executed:RUN:1912,1,RUN,0,0,26.015443727374077,30.32418293878436
xair,plc_conditional,1,pause,,1,1914,1914,1914,0,20,1045,1,published_after_gate_recheck,executed:RUN:1914,1,RUN,0,0,21.76726795732975,20.376008935272694
xair_atomic,plc_conditional,1,pause,,1,1916,,,0,0,1046,0,read_set_version_changed_at_commit,,0,,0,0,14.098887797445059,0.3621489740908146
xair,plc_plain,1,pause,,1,1918,1918,1919,0,8,1047,1,published_after_gate_recheck,executed:PAUSED:1919,1,PAUSED,1,0,20.959503017365932,8.166964165866375
xair_atomic,plc_predicate,1,pause,,1,1920,1920,1921,0,12,1048,1,authorization_committed,refused:predicate_false:1921,0,,0,1,24.95687920600176,12.184198014438152
xair,plc_plain,1,pause,,1,1922,,,0,0,1049,0,precondition_failed: line.state == 'RUN',,0,,0,0,13.121745083481073,0.3824369050562382
xair,plc_predicate,1,pause,,1,1924,1924,1925,0,8,1050,1,published_after_gate_recheck,refused:predicate_false:1925,0,,0,1,23.94916908815503,8.17166268825531
xair_atomic,plc_plain,0,,,1,1926,1926,1926,0,,1051,1,authorization_committed,executed:RUN:1926,1,RUN,0,0,24.897677823901176,
xair,plc_plain,1,pause,,1,1926,1926,1927,0,12,1052,1,published_after_gate_recheck,executed:PAUSED:1927,1,PAUSED,1,0,26.151640340685844,12.201099190860987
xair,plc_conditional,1,pause,,1,1928,1928,1929,0,12,1053,1,published_after_gate_recheck,refused:version_changed:1929,0,,0,1,25.87947901338339,12.203152757138014
xair,plc_predicate,1,pause,,1,1930,,,0,0,1054,0,precondition_failed: line.state == 'RUN',,0,,0,0,12.625464703887701,0.29455311596393585
xair_atomic,plc_plain,1,pause,,1,1932,1932,1933,0,14,1055,1,authorization_committed,executed:PAUSED:1933,1,PAUSED,1,0,20.31845087185502,14.150875620543957
xair_atomic,plc_plain,1,pause,,1,1934,1934,1935,0,4,1056,1,authorization_committed,executed:PAUSED:1935,1,PAUSED,1,0,21.564117167145014,4.217979963868856
xair,plc_plain,1,pause,,1,1936,1936,1937,0,14,1057,1,published_after_gate_recheck,executed:PAUSED:1937,1,PAUSED,1,0,25.732462760061026,14.15886078029871
xair,plc_conditional,1,pause,,1,1938,1938,1938,0,30,1058,1,published_after_gate_recheck,executed:RUN:1938,1,RUN,0,0,25.197149254381657,30.139157082885504
xair,plc_plain,1,pause,,1,1940,,,0,0,1059,0,read_set_version_changed_at_gate,,0,,0,0,20.100702065974474,0.29619503766298294
xair_atomic,plc_conditional,1,pause,,1,1942,1942,1942,0,30,1060,1,authorization_committed,executed:RUN:1942,1,RUN,0,0,16.613904386758804,30.12241516262293
xair_atomic,plc_conditional,1,pause,,1,1944,1944,1945,0,16,1061,1,authorization_committed,refused:version_changed:1945,0,,0,1,24.92647198960185,16.15365082398057
xair,plc_plain,0,,,1,1946,1946,1946,0,,1062,1,published_after_gate_recheck,executed:RUN:1946,1,RUN,0,0,26.26484166830778,
xair,plc_conditional,1,pause,,1,1946,1946,1946,0,16,1063,1,published_after_gate_recheck,executed:RUN:1946,1,RUN,0,0,21.988832857459784,16.212542075663805
xair,plc_conditional,0,,,1,1948,1948,1948,0,,1064,1,published_after_gate_recheck,executed:RUN:1948,1,RUN,0,0,23.029884789139032,
xair,plc_conditional,1,pause,,1,1948,1948,1949,0,8,1065,1,published_after_gate_recheck,refused:version_changed:1949,0,,0,1,22.467741277068853,8.173276670277119
xair_atomic,plc_conditional,1,pause,,1,1950,,,0,0,1066,0,read_set_version_changed_at_commit,,0,,0,0,13.586857821792364,0.2636546269059181
xair,plc_plain,1,pause,,1,1952,1952,1953,0,16,1067,1,published_after_gate_recheck,executed:PAUSED:1953,1,PAUSED,1,0,24.556878954172134,16.1489718593657
xair,plc_plain,1,pause,,1,1954,1954,1955,0,16,1068,1,published_after_gate_recheck,executed:PAUSED:1955,1,PAUSED,1,0,23.49015884101391,16.13811170682311
xair_atomic,plc_plain,0,,,1,1956,1956,1956,0,,1069,1,authorization_committed,executed:RUN:1956,1,RUN,0,0,20.142841152846813,
xair,plc_predicate,1,pause,,1,1956,1956,1957,0,6,1070,1,published_after_gate_recheck,refused:predicate_false:1957,0,,0,1,25.909624993801117,6.159469950944185
xair_atomic,plc_conditional,1,pause,,1,1958,,,0,4,1071,0,read_set_version_changed_at_commit,,0,,0,0,17.24136108532548,4.243507981300354
xair_atomic,plc_plain,1,pause,,1,1960,,,0,0,1072,0,read_set_version_changed_at_commit,,0,,0,0,14.559702947735786,0.37508271634578705
xair_atomic,plc_plain,1,pause,,1,1962,1962,1963,0,6,1073,1,authorization_committed,executed:PAUSED:1963,1,PAUSED,1,0,18.91329698264599,6.249678786844015
xair,plc_plain,1,pause,,1,1964,1964,1965,0,12,1074,1,published_after_gate_recheck,executed:PAUSED:1965,1,PAUSED,1,0,21.375854033976793,12.757644057273865
xair_atomic,plc_plain,1,pause,,1,1966,1966,1967,0,8,1075,1,authorization_committed,executed:PAUSED:1967,1,PAUSED,1,0,19.401611760258675,8.269445970654488
xair,plc_predicate,1,pause,,1,1968,,,0,0,1076,0,read_set_version_changed_at_gate,,0,,0,0,16.836361959576607,0.34483568742871284
xair,plc_plain,1,pause,,1,1970,,,0,4,1077,0,read_set_version_changed_at_gate,,0,,0,0,19.513440784066916,4.20759990811348
xair_atomic,plc_conditional,1,pause,,1,1972,1972,1973,0,16,1078,1,authorization_committed,refused:version_changed:1973,0,,0,1,25.424565188586712,16.17154385894537
xair_atomic,plc_conditional,1,pause,,1,1974,1974,1975,0,6,1079,1,authorization_committed,refused:version_changed:1975,0,,0,1,23.05511338636279,6.223340053111315
xair,plc_conditional,1,pause,,1,1976,1976,1977,0,12,1080,1,published_after_gate_recheck,refused:version_changed:1977,0,,0,1,21.259444765746593,12.23902078345418
xair_atomic,plc_conditional,1,pause,,1,1978,,,0,0,1081,0,precondition_failed: line.state == 'RUN',,0,,0,0,13.078975025564432,0.3043408505618572
xair,plc_predicate,1,pause,,1,1980,1980,1981,0,14,1082,1,published_after_gate_recheck,refused:predicate_false:1981,0,,0,1,28.043386060744524,14.275470282882452
xair,plc_predicate,1,pause,,1,1982,1982,1983,0,10,1083,1,published_after_gate_recheck,refused:predicate_false:1983,0,,0,1,27.263584081083536,10.281649883836508
xair,plc_predicate,1,pause,,1,1984,1984,1984,0,20,1084,1,published_after_gate_recheck,executed:RUN:1984,1,RUN,0,0,29.794080182909966,20.851600915193558
xair_atomic,plc_predicate,1,pause,,1,1986,,,0,4,1085,0,read_set_version_changed_at_commit,,0,,0,0,17.643604893237352,4.197041038423777
xair_atomic,plc_plain,1,pause,,1,1988,1988,1989,0,20,1086,1,authorization_committed,executed:PAUSED:1989,1,PAUSED,1,0,26.134646963328123,20.162438973784447
xair_atomic,plc_plain,1,pause,,1,1990,1990,1990,0,30,1087,1,authorization_committed,executed:RUN:1990,1,RUN,0,0,23.631393909454346,30.145167838782072
xair_atomic,plc_predicate,0,,,1,1992,1992,1992,0,,1088,1,authorization_committed,executed:RUN:1992,1,RUN,0,0,20.167258102446795,
xair_atomic,plc_conditional,1,pause,,1,1992,1992,1993,0,12,1089,1,authorization_committed,refused:version_changed:1993,0,,0,1,22.616731002926826,12.26019999012351
xair_atomic,plc_plain,1,pause,,1,1994,,,0,2,1090,0,read_set_version_changed_at_commit,,0,,0,0,14.433344826102257,2.2214059717953205
xair,plc_predicate,1,pause,,1,1996,1996,1996,0,20,1091,1,published_after_gate_recheck,executed:RUN:1996,1,RUN,0,0,24.60205415263772,20.273545756936073
xair_atomic,plc_plain,1,pause,,1,1998,1998,1999,0,6,1092,1,authorization_committed,executed:PAUSED:1999,1,PAUSED,1,0,24.482018779963255,6.28278125077486
xair,plc_conditional,1,pause,,1,2000,2000,2001,0,8,1093,1,published_after_gate_recheck,refused:version_changed:2001,0,,0,1,21.024814806878567,8.279385976493359
xair_atomic,plc_conditional,0,,,1,2002,2002,2002,0,,1094,1,authorization_committed,executed:RUN:2002,1,RUN,0,0,24.7973189689219,
xair,plc_plain,1,pause,,1,2002,2002,2003,0,12,1095,1,published_after_gate_recheck,executed:PAUSED:2003,1,PAUSED,1,0,24.617151357233524,12.242026161402464
xair_atomic,plc_plain,1,pause,,1,2004,,,0,2,1096,0,read_set_version_changed_at_commit,,0,,0,0,16.046631149947643,3.2345051877200603
xair,plc_conditional,1,pause,,1,2006,2006,2007,0,6,1097,1,published_after_gate_recheck,refused:version_changed:2007,0,,0,1,25.351128075271845,6.276729982346296
xair,plc_conditional,1,pause,,1,2008,2008,2009,0,16,1098,1,published_after_gate_recheck,refused:version_changed:2009,0,,0,1,26.826594956219196,16.239651944488287
xair,plc_plain,1,pause,,1,2010,2010,2011,0,12,1099,1,published_after_gate_recheck,executed:PAUSED:2011,1,PAUSED,1,0,27.311995159834623,12.228971812874079
xair_atomic,plc_plain,1,pause,,1,2012,2012,2013,0,6,1100,1,authorization_committed,executed:PAUSED:2013,1,PAUSED,1,0,24.1419211961329,6.355347111821175
xair_atomic,plc_plain,1,pause,,1,2014,2014,2015,0,12,1101,1,authorization_committed,executed:PAUSED:2015,1,PAUSED,1,0,16.913666855543852,12.31203693896532
xair,plc_predicate,1,pause,,1,2016,2016,2017,0,10,1102,1,published_after_gate_recheck,refused:predicate_false:2017,0,,0,1,24.07339308410883,10.25724457576871
xair_atomic,plc_conditional,1,pause,,1,2018,2018,2018,0,20,1103,1,authorization_committed,executed:RUN:2018,1,RUN,0,0,24.191053118556738,20.240924786776304
xair_atomic,plc_predicate,1,pause,,1,2020,2020,2021,0,12,1104,1,authorization_committed,refused:predicate_false:2021,0,,0,1,20.083871204406023,12.226396705955267
xair,plc_conditional,0,,,1,2022,2022,2022,0,,1105,1,published_after_gate_recheck,executed:RUN:2022,1,RUN,0,0,26.39200072735548,
xair_atomic,plc_plain,0,,,1,2022,2022,2022,0,,1106,1,authorization_committed,executed:RUN:2022,1,RUN,0,0,18.6247150413692,
xair,plc_plain,0,,,1,2022,2022,2022,0,,1107,1,published_after_gate_recheck,executed:RUN:2022,1,RUN,0,0,24.850809946656227,
xair,plc_predicate,1,pause,,1,2022,2022,2023,0,8,1108,1,published_after_gate_recheck,refused:predicate_false:2023,0,,0,1,22.915160283446312,8.28555691987276
xair_atomic,plc_predicate,1,pause,,1,2024,2024,2024,0,12,1109,1,authorization_committed,executed:RUN:2024,1,RUN,0,0,15.658773016184568,12.236665934324265
xair_atomic,plc_predicate,1,pause,,1,2026,2026,2027,0,14,1110,1,authorization_committed,refused:predicate_false:2027,0,,0,1,20.5194978043437,14.263436663895845
xair,plc_plain,1,pause,,1,2028,,,0,0,1111,0,read_set_version_changed_at_gate,,0,,0,0,18.12536781653762,0.5738856270909309
xair_atomic,plc_conditional,1,pause,,1,2030,,,0,4,1112,0,read_set_version_changed_at_commit,,0,,0,0,17.7107909694314,4.329267889261246
xair,plc_plain,1,pause,,1,2032,2032,2033,0,12,1113,1,published_after_gate_recheck,executed:PAUSED:2033,1,PAUSED,1,0,24.05960625037551,12.20684964209795
xair_atomic,plc_conditional,1,pause,,1,2034,2034,2035,0,20,1114,1,authorization_committed,refused:version_changed:2035,0,,0,1,26.0825389996171,20.162438042461872
xair_atomic,plc_plain,1,pause,,1,2036,2036,2036,0,16,1115,1,authorization_committed,executed:RUN:2036,1,RUN,0,0,17.393184825778008,16.248980071395636
xair,plc_conditional,1,pause,,1,2038,,,0,2,1116,0,read_set_version_changed_at_gate,,0,,0,0,17.06173410639167,2.171242143958807
xair_atomic,plc_predicate,0,,,1,2040,2040,2040,0,,1117,1,authorization_committed,executed:RUN:2040,1,RUN,0,0,21.497671958059072,
xair_atomic,plc_conditional,1,pause,,1,2040,2040,2041,0,12,1118,1,authorization_committed,refused:version_changed:2041,0,,0,1,20.044466946274042,12.153490912169218
xair,plc_conditional,1,pause,,1,2042,2042,2042,0,30,1119,1,published_after_gate_recheck,executed:RUN:2042,1,RUN,0,0,24.29004805162549,30.240848194807768
xair,plc_plain,1,pause,,1,2044,,,0,2,1120,0,read_set_version_changed_at_gate,,0,,0,0,19.551903009414673,2.2162161767482758
xair,plc_conditional,0,,,1,2046,2046,2046,0,,1121,1,published_after_gate_recheck,executed:RUN:2046,1,RUN,0,0,18.862230237573385,
xair_atomic,plc_predicate,1,pause,,1,2046,2046,2047,0,8,1122,1,authorization_committed,refused:predicate_false:2047,0,,0,1,19.27478425204754,8.262223098427057
xair_atomic,plc_predicate,1,pause,,1,2048,2048,2048,0,14,1123,1,authorization_committed,executed:RUN:2048,1,RUN,0,0,18.096785061061382,14.208223205059767
xair_atomic,plc_conditional,1,pause,,1,2050,2050,2051,0,14,1124,1,authorization_committed,refused:version_changed:2051,0,,0,1,21.552464924752712,14.310024213045835
xair,plc_conditional,1,pause,,1,2052,,,0,2,1125,0,read_set_version_changed_at_gate,,0,,0,0,18.064234405755997,2.2376859560608864
xair,plc_predicate,1,pause,,1,2054,2054,2055,0,16,1126,1,published_after_gate_recheck,refused:predicate_false:2055,0,,0,1,25.365815963596106,16.22567605227232
xair,plc_plain,1,pause,,1,2056,2056,2057,0,6,1127,1,published_after_gate_recheck,executed:PAUSED:2057,1,PAUSED,1,0,21.63411770015955,6.2118880450725555
xair,plc_predicate,1,pause,,1,2058,2058,2058,0,30,1128,1,published_after_gate_recheck,executed:RUN:2058,1,RUN,0,0,18.35369737818837,30.219517182558775
xair,plc_predicate,1,pause,,1,2060,2060,2061,0,6,1129,1,published_after_gate_recheck,refused:predicate_false:2061,0,,0,1,24.42770591005683,6.214393302798271
xair_atomic,plc_predicate,1,pause,,1,2062,2062,2063,0,8,1130,1,authorization_committed,refused:predicate_false:2063,0,,0,1,19.33203125372529,8.21780925616622
xair_atomic,plc_conditional,1,pause,,1,2064,2064,2064,0,30,1131,1,authorization_committed,executed:RUN:2064,1,RUN,0,0,23.512651212513447,30.208917800337076
xair_atomic,plc_conditional,1,pause,,1,2066,2066,2067,0,12,1132,1,authorization_committed,refused:version_changed:2067,0,,0,1,20.57536318898201,12.205798178911209
xair,plc_conditional,1,pause,,1,2068,2068,2069,0,8,1133,1,published_after_gate_recheck,refused:version_changed:2069,0,,0,1,24.15653830394149,8.245872799307108
xair_atomic,plc_predicate,1,pause,,1,2070,2070,2070,0,30,1134,1,authorization_committed,executed:RUN:2070,1,RUN,0,0,23.94554205238819,30.51694529131055
xair_atomic,plc_conditional,1,pause,,1,2072,2072,2072,0,20,1135,1,authorization_committed,executed:RUN:2072,1,RUN,0,0,19.338763784617186,20.23990359157324
xair_atomic,plc_conditional,1,pause,,1,2074,2074,2075,0,8,1136,1,authorization_committed,refused:version_changed:2075,0,,0,1,25.27444390580058,8.154761977493763
xair,plc_plain,1,pause,,1,2076,2076,2077,0,10,1137,1,published_after_gate_recheck,executed:PAUSED:2077,1,PAUSED,1,0,20.461970008909702,10.231615975499153
xair_atomic,plc_conditional,1,pause,,1,2078,2078,2078,0,14,1138,1,authorization_committed,executed:RUN:2078,1,RUN,0,0,14.592413790524006,14.23068530857563
xair_atomic,plc_conditional,1,pause,,1,2080,2080,2081,0,8,1139,1,authorization_committed,refused:version_changed:2081,0,,0,1,17.59329065680504,8.192723151296377
xair,plc_predicate,1,pause,,1,2082,2082,2082,0,30,1140,1,published_after_gate_recheck,executed:RUN:2082,1,RUN,0,0,25.306505151093006,30.234865844249725
xair_atomic,plc_plain,1,pause,,1,2084,2084,2084,0,30,1141,1,authorization_committed,executed:RUN:2084,1,RUN,0,0,18.577075097709894,30.226450879126787
xair_atomic,plc_plain,1,pause,,1,2086,2086,2087,0,10,1142,1,authorization_committed,executed:PAUSED:2087,1,PAUSED,1,0,14.911191072314978,10.222408920526505
xair,plc_conditional,1,pause,,1,2088,2088,2088,0,30,1143,1,published_after_gate_recheck,executed:RUN:2088,1,RUN,0,0,25.13960190117359,30.222592875361443
xair_atomic,plc_plain,1,pause,,1,2090,2090,2090,0,30,1144,1,authorization_committed,executed:RUN:2090,1,RUN,0,0,20.233162213116884,30.20045207813382
xair_atomic,plc_conditional,1,pause,,1,2092,2092,2093,0,6,1145,1,authorization_committed,refused:version_changed:2093,0,,0,1,17.406931146979332,6.278584245592356
xair_atomic,plc_predicate,1,pause,,1,2094,2094,2094,0,14,1146,1,authorization_committed,executed:RUN:2094,1,RUN,0,0,17.999421805143356,14.268816914409399
xair,plc_conditional,1,pause,,1,2096,2096,2097,0,12,1147,1,published_after_gate_recheck,refused:version_changed:2097,0,,0,1,24.411906953901052,12.247095350176096
xair,plc_plain,1,pause,,1,2098,2098,2099,0,8,1148,1,published_after_gate_recheck,executed:PAUSED:2099,1,PAUSED,1,0,20.617071073502302,8.262654300779104
xair,plc_predicate,1,pause,,1,2100,2100,2100,0,20,1149,1,published_after_gate_recheck,executed:RUN:2100,1,RUN,0,0,18.48697615787387,20.20815433934331
xair_atomic,plc_predicate,1,pause,,1,2102,2102,2103,0,10,1150,1,authorization_committed,refused:predicate_false:2103,0,,0,1,22.45906600728631,10.20012702792883
xair_atomic,plc_predicate,1,pause,,1,2104,2104,2105,0,6,1151,1,authorization_committed,refused:predicate_false:2105,0,,0,1,18.85169092565775,6.195167079567909
xair_atomic,plc_plain,1,pause,,1,2106,,,0,4,1152,0,read_set_version_changed_at_commit,,0,,0,0,16.335271764546633,4.21924190595746
xair,plc_conditional,1,pause,,1,2108,,,0,4,1153,0,read_set_version_changed_at_gate,,0,,0,0,19.968925043940544,4.2203739285469055
xair,plc_predicate,1,pause,,1,2110,2110,2110,0,20,1154,1,published_after_gate_recheck,executed:RUN:2110,1,RUN,0,0,21.85918018221855,20.263456739485264
xair,plc_conditional,0,,,1,2112,2112,2112,0,,1155,1,published_after_gate_recheck,executed:RUN:2112,1,RUN,0,0,29.14412086829543,
xair,plc_predicate,1,pause,,1,2112,,,0,0,1156,0,read_set_version_changed_at_gate,,0,,0,0,17.862424720078707,0.344074796885252
xair,plc_conditional,1,pause,,1,2114,2114,2114,0,30,1157,1,published_after_gate_recheck,executed:RUN:2114,1,RUN,0,0,20.446271169930696,30.220297630876303
xair_atomic,plc_conditional,1,pause,,1,2116,2116,2117,0,8,1158,1,authorization_committed,refused:version_changed:2117,0,,0,1,24.773084092885256,8.11247294768691
xair,plc_conditional,1,pause,,1,2118,,,0,0,1159,0,read_set_version_changed_at_gate,,0,,0,0,18.409842159599066,0.31929928809404373
xair_atomic,plc_predicate,0,,,1,2120,2120,2120,0,,1160,1,authorization_committed,executed:RUN:2120,1,RUN,0,0,18.733359407633543,
xair,plc_plain,0,,,1,2120,2120,2120,0,,1161,1,published_after_gate_recheck,executed:RUN:2120,1,RUN,0,0,24.831022135913372,
xair,plc_predicate,1,pause,,1,2120,2120,2120,0,30,1162,1,published_after_gate_recheck,executed:RUN:2120,1,RUN,0,0,22.358897142112255,30.15473624691367
xair_atomic,plc_predicate,1,pause,,1,2122,2122,2122,0,30,1163,1,authorization_committed,executed:RUN:2122,1,RUN,0,0,16.21805178001523,30.1515799947083
xair_atomic,plc_plain,1,pause,,1,2124,2124,2124,0,30,1164,1,authorization_committed,executed:RUN:2124,1,RUN,0,0,22.07469381392002,30.143594834953547
xair_atomic,plc_plain,1,pause,,1,2126,2126,2126,0,30,1165,1,authorization_committed,executed:RUN:2126,1,RUN,0,0,17.824565060436726,30.177197884768248
xair_atomic,plc_plain,1,pause,,1,2128,2128,2129,0,10,1166,1,authorization_committed,executed:PAUSED:2129,1,PAUSED,1,0,25.05526365712285,10.165071114897728
xair,plc_plain,1,pause,,1,2130,2130,2130,0,20,1167,1,published_after_gate_recheck,executed:RUN:2130,1,RUN,0,0,21.76696714013815,20.149182993918657
xair_atomic,plc_predicate,1,pause,,1,2132,,,0,4,1168,0,read_set_version_changed_at_commit,,0,,0,0,16.594958025962114,4.140483681112528
xair_atomic,plc_plain,1,pause,,1,2134,,,0,4,1169,0,read_set_version_changed_at_commit,,0,,0,0,16.830469947308302,4.168716724961996
xair,plc_plain,1,pause,,1,2136,2136,2137,0,6,1170,1,published_after_gate_recheck,executed:PAUSED:2137,1,PAUSED,1,0,25.15635220333934,6.1408462934195995
xair_atomic,plc_predicate,1,pause,,1,2138,,,0,0,1171,0,read_set_version_changed_at_commit,,0,,0,0,15.020817052572966,0.5173198878765106
xair,plc_plain,1,pause,,1,2140,2140,2140,0,30,1172,1,published_after_gate_recheck,executed:RUN:2140,1,RUN,0,0,26.450861245393753,30.224245972931385
xair,plc_plain,1,pause,,1,2142,2142,2143,0,8,1173,1,published_after_gate_recheck,executed:PAUSED:2143,1,PAUSED,1,0,20.984540227800608,8.244990836828947
xair,plc_plain,1,pause,,1,2144,2144,2145,0,8,1174,1,published_after_gate_recheck,executed:PAUSED:2145,1,PAUSED,1,0,26.482739951461554,8.253887761384249
xair_atomic,plc_conditional,1,pause,,1,2146,2146,2147,0,6,1175,1,authorization_committed,refused:version_changed:2147,0,,0,1,19.80113098397851,6.228699814528227
xair_atomic,plc_conditional,1,pause,,1,2148,2148,2148,0,20,1176,1,authorization_committed,executed:RUN:2148,1,RUN,0,0,17.62269577011466,20.233521703630686
xair,plc_conditional,1,pause,,1,2150,2150,2151,0,8,1177,1,published_after_gate_recheck,refused:version_changed:2151,0,,0,1,27.367208618670702,8.252605330199003
xair,plc_predicate,1,pause,,1,2152,2152,2152,0,16,1178,1,published_after_gate_recheck,executed:RUN:2152,1,RUN,0,0,18.207000568509102,16.2705909460783
xair_atomic,plc_plain,1,pause,,1,2154,2154,2155,0,6,1179,1,authorization_committed,executed:PAUSED:2155,1,PAUSED,1,0,16.615256667137146,6.263005081564188
xair_atomic,plc_plain,1,pause,,1,2156,,,0,4,1180,0,read_set_version_changed_at_commit,,0,,0,0,15.121344942599535,4.277119878679514
xair,plc_plain,1,pause,,1,2158,,,0,2,1181,0,read_set_version_changed_at_gate,,0,,0,0,16.969190910458565,2.318928949534893
xair_atomic,plc_plain,1,pause,,1,2160,2160,2160,0,14,1182,1,authorization_committed,executed:RUN:2160,1,RUN,0,0,16.70509483665228,14.245022553950548
xair_atomic,plc_plain,1,pause,,1,2162,,,0,2,1183,0,read_set_version_changed_at_commit,,0,,0,0,15.526444651186466,2.2565023973584175
xair,plc_plain,1,pause,,1,2164,2164,2165,0,8,1184,1,published_after_gate_recheck,executed:PAUSED:2165,1,PAUSED,1,0,25.607207790017128,8.234941866248846
xair_atomic,plc_conditional,1,pause,,1,2166,2166,2166,0,30,1185,1,authorization_committed,executed:RUN:2166,1,RUN,0,0,25.160289835184813,30.23294173181057
xair_atomic,plc_conditional,1,pause,,1,2168,2168,2169,0,16,1186,1,authorization_committed,refused:version_changed:2169,0,,0,1,21.63845580071211,16.242426820099354
xair,plc_predicate,1,pause,,1,2170,2170,2171,0,16,1187,1,published_after_gate_recheck,refused:predicate_false:2171,0,,0,1,26.36362612247467,16.22509490698576
xair_atomic,plc_predicate,1,pause,,1,2172,2172,2173,0,6,1188,1,authorization_committed,refused:predicate_false:2173,0,,0,1,18.490253016352654,6.249489262700081
xair_atomic,plc_predicate,1,pause,,1,2174,2174,2174,0,14,1189,1,authorization_committed,executed:RUN:2174,1,RUN,0,0,17.7821246907115,14.265120029449463
xair,plc_conditional,1,pause,,1,2176,2176,2177,0,16,1190,1,published_after_gate_recheck,refused:version_changed:2177,0,,0,1,24.78903392329812,16.230524983257055
xair_atomic,plc_plain,1,pause,,1,2178,2178,2179,0,14,1191,1,authorization_committed,executed:PAUSED:2179,1,PAUSED,1,0,19.593282137066126,14.235143084079027
xair,plc_plain,1,pause,,1,2180,2180,2180,0,20,1192,1,published_after_gate_recheck,executed:RUN:2180,1,RUN,0,0,24.302721954882145,20.25678474456072
xair_atomic,plc_plain,1,pause,,1,2182,2182,2183,0,8,1193,1,authorization_committed,executed:PAUSED:2183,1,PAUSED,1,0,18.818498123437166,8.211378008127213
xair_atomic,plc_conditional,1,pause,,1,2184,,,0,4,1194,0,read_set_version_changed_at_commit,,0,,0,0,15.855302102863789,4.148961044847965
xair_atomic,plc_predicate,1,pause,,1,2186,2186,2187,0,8,1195,1,authorization_committed,refused:predicate_false:2187,0,,0,1,19.03680805116892,8.139322977513075
xair_atomic,plc_plain,1,pause,,1,2188,2188,2188,0,20,1196,1,authorization_committed,executed:RUN:2188,1,RUN,0,0,17.851904965937138,20.136198960244656
xair,plc_predicate,0,,,1,2190,2190,2190,0,,1197,1,published_after_gate_recheck,executed:RUN:2190,1,RUN,0,0,20.911953877657652,
xair,plc_plain,1,pause,,1,2190,2190,2190,0,16,1198,1,published_after_gate_recheck,executed:RUN:2190,1,RUN,0,0,21.934681106358767,16.30508527159691
xair_atomic,plc_predicate,1,pause,,1,2192,2192,2193,0,16,1199,1,authorization_committed,refused:predicate_false:2193,0,,0,1,27.07440871745348,16.38279063627124
xair_atomic,plc_conditional,1,pause,,1,2194,2194,2194,0,12,1200,1,authorization_committed,executed:RUN:2194,1,RUN,0,0,15.966900624334812,12.3704569414258
xair,plc_conditional,1,pause,,1,2196,2196,2197,0,8,1201,1,published_after_gate_recheck,refused:version_changed:2197,0,,0,1,24.179351050406694,8.26883502304554
xair_atomic,plc_conditional,1,pause,,1,2198,2198,2199,0,4,1202,1,authorization_committed,refused:version_changed:2199,0,,0,1,24.428718257695436,4.233087878674269
xair,plc_predicate,1,pause,,1,2200,2200,2201,0,6,1203,1,published_after_gate_recheck,refused:predicate_false:2201,0,,0,1,20.789575297385454,6.226356141269207
xair_atomic,plc_plain,1,pause,,1,2202,,,0,0,1204,0,read_set_version_changed_at_commit,,0,,0,0,15.88978711515665,0.6072390824556351
xair,plc_predicate,1,pause,,1,2204,2204,2205,0,8,1205,1,published_after_gate_recheck,refused:predicate_false:2205,0,,0,1,29.336771927773952,8.160512428730726
xair,plc_plain,0,,,1,2206,2206,2206,0,,1206,1,published_after_gate_recheck,executed:RUN:2206,1,RUN,0,0,27.80939918011427,
xair,plc_plain,1,pause,,1,2206,,,0,0,1207,0,read_set_version_changed_at_gate,,0,,0,0,17.413484398275614,0.28719939291477203
xair,plc_conditional,1,pause,,1,2208,,,0,2,1208,0,read_set_version_changed_at_gate,,0,,0,0,17.83653674647212,2.165521029382944
xair_atomic,plc_conditional,1,pause,,1,2210,,,0,4,1209,0,read_set_version_changed_at_commit,,0,,0,0,16.604376025497913,4.157286137342453
xair,plc_predicate,1,pause,,1,2212,2212,2213,0,12,1210,1,published_after_gate_recheck,refused:predicate_false:2213,0,,0,1,25.773589964956045,12.149563059210777
xair_atomic,plc_plain,1,pause,,1,2214,,,0,2,1211,0,read_set_version_changed_at_commit,,0,,0,0,14.7469537332654,2.172103151679039
xair,plc_conditional,1,pause,,1,2216,2216,2217,0,6,1212,1,published_after_gate_recheck,refused:version_changed:2217,0,,0,1,19.264474045485258,6.246883887797594
xair_atomic,plc_plain,1,pause,,1,2218,,,0,0,1213,0,read_set_version_changed_at_commit,,0,,0,0,13.615943025797606,0.35432493314146996
xair_atomic,plc_predicate,1,pause,,1,2220,2220,2221,0,8,1214,1,authorization_committed,refused:predicate_false:2221,0,,0,1,18.570432905107737,8.25611175969243
xair,plc_conditional,1,pause,,1,2222,2222,2222,0,14,1215,1,published_after_gate_recheck,executed:RUN:2222,1,RUN,0,0,20.074613392353058,14.237628318369389
xair_atomic,plc_plain,1,pause,,1,2224,2224,2225,0,6,1216,1,authorization_committed,executed:PAUSED:2225,1,PAUSED,1,0,20.356561988592148,6.218611262738705
xair,plc_predicate,1,pause,,1,2226,2226,2227,0,10,1217,1,published_after_gate_recheck,refused:predicate_false:2227,0,,0,1,19.984234124422073,10.290046222507954
xair,plc_predicate,1,pause,,1,2228,,,0,0,1218,0,precondition_failed: line.state == 'RUN',,0,,0,0,13.790419790893793,0.34694094210863113
xair_atomic,plc_predicate,1,pause,,1,2230,2230,2231,0,12,1219,1,authorization_committed,refused:predicate_false:2231,0,,0,1,16.85001701116562,12.25429866462946
xair,plc_plain,1,pause,,1,2232,2232,2232,0,20,1220,1,published_after_gate_recheck,executed:RUN:2232,1,RUN,0,0,25.69206804037094,20.233773160725832
xair,plc_predicate,1,pause,,1,2234,2234,2235,0,12,1221,1,published_after_gate_recheck,refused:predicate_false:2235,0,,0,1,31.75101988017559,12.19374593347311
xair,plc_plain,0,,,1,2236,2236,2236,0,,1222,1,published_after_gate_recheck,executed:RUN:2236,1,RUN,0,0,24.808961898088455,
xair,plc_predicate,1,pause,,1,2236,2236,2237,0,8,1223,1,published_after_gate_recheck,refused:predicate_false:2237,0,,0,1,21.790701895952225,8.180580101907253
xair_atomic,plc_conditional,1,pause,,1,2238,,,0,2,1224,0,precondition_failed: line.state == 'RUN',,0,,0,0,17.012692987918854,2.1499809809029102
xair,plc_conditional,1,pause,,1,2240,2240,2241,0,8,1225,1,published_after_gate_recheck,refused:version_changed:2241,0,,0,1,27.606877963989973,8.282963186502457
xair_atomic,plc_predicate,1,pause,,1,2242,2242,2243,0,20,1226,1,authorization_committed,refused:predicate_false:2243,0,,0,1,24.623483885079622,20.23877203464508
xair,plc_plain,1,pause,,1,2244,2244,2245,0,8,1227,1,published_after_gate_recheck,executed:PAUSED:2245,1,PAUSED,1,0,23.384450003504753,8.22928175330162
xair_atomic,plc_predicate,1,pause,,1,2246,2246,2247,0,12,1228,1,authorization_committed,refused:predicate_false:2247,0,,0,1,23.02906382828951,12.192873749881983
xair_atomic,plc_plain,1,pause,,1,2248,2248,2249,0,10,1229,1,authorization_committed,executed:PAUSED:2249,1,PAUSED,1,0,17.737542279064655,10.197552386671305
xair_atomic,plc_predicate,1,pause,,1,2250,,,0,2,1230,0,read_set_version_changed_at_commit,,0,,0,0,18.513766583055258,2.168666571378708
xair,plc_predicate,1,pause,,1,2252,2252,2253,0,12,1231,1,published_after_gate_recheck,refused:predicate_false:2253,0,,0,1,24.875537026673555,12.174098752439022
xair,plc_predicate,1,pause,,1,2254,2254,2255,0,16,1232,1,published_after_gate_recheck,refused:predicate_false:2255,0,,0,1,28.16241979598999,16.143301967531443
xair_atomic,plc_predicate,1,pause,,1,2256,,,0,4,1233,0,read_set_version_changed_at_commit,,0,,0,0,18.25364911928773,4.139581695199013
xair_atomic,plc_predicate,1,pause,,1,2258,2258,2258,0,16,1234,1,authorization_committed,executed:RUN:2258,1,RUN,0,0,18.88576475903392,16.16718713194132
xair,plc_predicate,1,pause,,1,2260,2260,2260,0,30,1235,1,published_after_gate_recheck,executed:RUN:2260,1,RUN,0,0,22.776881232857704,30.262888874858618
xair,plc_predicate,1,pause,,1,2262,2262,2263,0,14,1236,1,published_after_gate_recheck,refused:predicate_false:2263,0,,0,1,30.039379838854074,14.64170590043068
xair_atomic,plc_predicate,1,pause,,1,2264,2264,2264,0,20,1237,1,authorization_committed,executed:RUN:2264,1,RUN,0,0,21.02818200364709,20.31469391658902
xair,plc_conditional,1,pause,,1,2266,,,0,4,1238,0,read_set_version_changed_at_gate,,0,,0,0,19.971030298620462,4.176180809736252
xair,plc_plain,1,pause,,1,2268,,,0,2,1239,0,read_set_version_changed_at_gate,,0,,0,0,17.920875921845436,2.1612229757010937
xair_atomic,plc_conditional,1,pause,,1,2270,2270,2271,0,16,1240,1,authorization_committed,refused:version_changed:2271,0,,0,1,25.38916002959013,16.150083858519793
xair,plc_conditional,1,pause,,1,2272,2272,2273,0,12,1241,1,published_after_gate_recheck,refused:version_changed:2273,0,,0,1,25.765955913811922,12.167747132480145
xair,plc_plain,1,pause,,1,2274,2274,2275,0,12,1242,1,published_after_gate_recheck,executed:PAUSED:2275,1,PAUSED,1,0,26.605920866131783,12.297340203076601
xair,plc_predicate,1,pause,,1,2276,,,0,2,1243,0,read_set_version_changed_at_gate,,0,,0,0,16.54423400759697,2.130294218659401
xair,plc_plain,1,pause,,1,2278,2278,2278,0,16,1244,1,published_after_gate_recheck,executed:RUN:2278,1,RUN,0,0,19.811651203781366,16.146989073604345
xair,plc_predicate,1,pause,,1,2280,2280,2281,0,10,1245,1,published_after_gate_recheck,refused:predicate_false:2281,0,,0,1,19.845493603497744,10.14626631513238
xair,plc_predicate,1,pause,,1,2282,2282,2283,0,16,1246,1,published_after_gate_recheck,refused:predicate_false:2283,0,,0,1,23.576389998197556,16.13690983504057
xair,plc_conditional,1,pause,,1,2284,2284,2284,0,30,1247,1,published_after_gate_recheck,executed:RUN:2284,1,RUN,0,0,22.892777808010578,30.162660870701075
xair,plc_conditional,1,pause,,1,2286,2286,2286,0,20,1248,1,published_after_gate_recheck,executed:RUN:2286,1,RUN,0,0,19.097090233117342,20.1628590002656
xair_atomic,plc_predicate,0,,,1,2288,2288,2288,0,,1249,1,authorization_committed,executed:RUN:2288,1,RUN,0,0,22.130629047751427,
xair_atomic,plc_conditional,1,pause,,1,2288,,,0,2,1250,0,read_set_version_changed_at_commit,,0,,0,0,17.197339329868555,2.3216139525175095
xair_atomic,plc_conditional,1,pause,,1,2290,,,0,0,1251,0,read_set_version_changed_at_commit,,0,,0,0,14.964190777391195,0.2962960861623287
xair_atomic,plc_conditional,1,pause,,1,2292,2292,2293,0,12,1252,1,authorization_committed,refused:version_changed:2293,0,,0,1,25.459310971200466,12.204995844513178
xair,plc_conditional,1,pause,,1,2294,2294,2295,0,10,1253,1,published_after_gate_recheck,refused:version_changed:2295,0,,0,1,20.37646993994713,10.153959970921278
xair,plc_predicate,1,pause,,1,2296,2296,2297,0,12,1254,1,published_after_gate_recheck,refused:predicate_false:2297,0,,0,1,23.527889046818018,12.225364800542593
xair_atomic,plc_predicate,1,pause,,1,2298,2298,2298,0,30,1255,1,authorization_committed,executed:RUN:2298,1,RUN,0,0,17.557143233716488,30.183620285242796
xair,plc_plain,1,pause,,1,2300,2300,2301,0,16,1256,1,published_after_gate_recheck,executed:PAUSED:2301,1,PAUSED,1,0,24.767854250967503,16.175131779164076
xair_atomic,plc_predicate,1,pause,,1,2302,2302,2302,0,30,1257,1,authorization_committed,executed:RUN:2302,1,RUN,0,0,19.388095941394567,30.159885995090008
xair_atomic,plc_plain,0,,,1,2304,2304,2304,0,,1258,1,authorization_committed,executed:RUN:2304,1,RUN,0,0,25.316222105175257,
xair_atomic,plc_plain,1,pause,,1,2304,2304,2305,0,12,1259,1,authorization_committed,executed:PAUSED:2305,1,PAUSED,1,0,20.67358698695898,12.25129421800375
xair,plc_plain,1,pause,,1,2306,2306,2307,0,6,1260,1,published_after_gate_recheck,executed:PAUSED:2307,1,PAUSED,1,0,24.800084996968508,6.3737318851053715
xair_atomic,plc_plain,1,pause,,1,2308,2308,2308,0,20,1261,1,authorization_committed,executed:RUN:2308,1,RUN,0,0,24.869144894182682,20.591433160007
xair_atomic,plc_predicate,1,pause,,1,2310,2310,2311,0,16,1262,1,authorization_committed,refused:predicate_false:2311,0,,0,1,28.690229170024395,16.215417068451643
xair_atomic,plc_plain,1,pause,,1,2312,2312,2313,0,6,1263,1,authorization_committed,executed:PAUSED:2313,1,PAUSED,1,0,18.221919890493155,6.1797588132321835
xair,plc_plain,1,pause,,1,2314,,,0,4,1264,0,read_set_version_changed_at_gate,,0,,0,0,20.76073968783021,4.136436618864536
xair,plc_plain,0,,,1,2316,2316,2316,0,,1265,1,published_after_gate_recheck,executed:RUN:2316,1,RUN,0,0,29.123341664671898,
xair_atomic,plc_predicate,1,pause,,1,2316,,,0,2,1266,0,read_set_version_changed_at_commit,,0,,0,0,15.293518081307411,2.2237501107156277
xair,plc_plain,1,pause,,1,2318,,,0,0,1267,0,read_set_version_changed_at_gate,,0,,0,0,17.38928910344839,0.4332521930336952
xair,plc_predicate,1,pause,,1,2320,2320,2321,0,10,1268,1,published_after_gate_recheck,refused:predicate_false:2321,0,,0,1,25.097342673689127,10.14372194185853
xair_atomic,plc_plain,0,,,1,2322,2322,2322,0,,1269,1,authorization_committed,executed:RUN:2322,1,RUN,0,0,15.224388800561428,
xair,plc_conditional,1,pause,,1,2322,2322,2323,0,8,1270,1,published_after_gate_recheck,refused:version_changed:2323,0,,0,1,25.771015789359808,8.147317916154861
xair_atomic,plc_conditional,1,pause,,1,2324,,,0,4,1271,0,read_set_version_changed_at_commit,,0,,0,0,16.55626716092229,4.152457229793072
xair,plc_predicate,1,pause,,1,2326,,,0,4,1272,0,read_set_version_changed_at_gate,,0,,0,0,19.710762426257133,4.142367281019688
xair_atomic,plc_plain,1,pause,,1,2328,,,0,0,1273,0,precondition_failed: line.state == 'RUN',,0,,0,0,12.854774948209524,0.30723586678504944
xair_atomic,plc_conditional,1,pause,,1,2330,,,0,0,1274,0,precondition_failed: line.state == 'RUN',,0,,0,0,12.986121233552694,0.27285097166895866
xair_atomic,plc_conditional,1,pause,,1,2332,,,0,4,1275,0,read_set_version_changed_at_commit,,0,,0,0,16.993856988847256,4.141104873269796
xair_atomic,plc_predicate,1,pause,,1,2334,,,0,2,1276,0,read_set_version_changed_at_commit,,0,,0,0,15.127977821975946,2.1575158461928368
xair,plc_plain,1,pause,,1,2336,2336,2337,0,16,1277,1,published_after_gate_recheck,executed:PAUSED:2337,1,PAUSED,1,0,25.412502698600292,16.149433329701424
xair_atomic,plc_conditional,1,pause,,1,2338,2338,2338,0,30,1278,1,authorization_committed,executed:RUN:2338,1,RUN,0,0,19.294370897114277,30.135490000247955
xair,plc_predicate,1,pause,,1,2340,2340,2341,0,6,1279,1,published_after_gate_recheck,refused:predicate_false:2341,0,,0,1,28.75201590359211,6.147017236799002
xair,plc_conditional,1,pause,,1,2342,,,0,0,1280,0,precondition_failed: line.state == 'RUN',,0,,0,0,12.999796774238348,0.31594280153512955
xair_atomic,plc_conditional,1,pause,,1,2344,2344,2345,0,4,1281,1,authorization_committed,refused:version_changed:2345,0,,0,1,18.820422235876322,4.239991307258606
xair_atomic,plc_predicate,1,pause,,1,2346,,,0,2,1282,0,read_set_version_changed_at_commit,,0,,0,0,15.260767191648483,2.156103029847145
xair_atomic,plc_plain,1,pause,,1,2348,2348,2349,0,6,1283,1,authorization_committed,executed:PAUSED:2349,1,PAUSED,1,0,20.017296075820923,6.164920050650835
xair,plc_plain,1,pause,,1,2350,,,0,4,1284,0,read_set_version_changed_at_gate,,0,,0,0,20.50868794322014,4.2174579575657845
xair_atomic,plc_plain,1,pause,,1,2352,,,0,0,1285,0,precondition_failed: line.state == 'RUN',,0,,0,0,12.89075193926692,0.3336761146783829
xair,plc_predicate,1,pause,,1,2354,2354,2355,0,14,1286,1,published_after_gate_recheck,refused:predicate_false:2355,0,,0,1,23.225572891533375,14.140445739030838
xair,plc_plain,1,pause,,1,2356,2356,2357,0,10,1287,1,published_after_gate_recheck,executed:PAUSED:2357,1,PAUSED,1,0,23.40026991441846,10.14020387083292
xair_atomic,plc_conditional,1,pause,,1,2358,,,0,2,1288,0,read_set_version_changed_at_commit,,0,,0,0,16.324992291629314,2.148729283362627
xair_atomic,plc_conditional,1,pause,,1,2360,2360,2361,0,14,1289,1,authorization_committed,refused:version_changed:2361,0,,0,1,24.60617059841752,14.144053217023611
xair_atomic,plc_conditional,1,pause,,1,2362,,,0,4,1290,0,read_set_version_changed_at_commit,,0,,0,0,16.706017311662436,4.158428404480219
xair,plc_predicate,1,pause,,1,2364,2364,2364,0,16,1291,1,published_after_gate_recheck,executed:RUN:2364,1,RUN,0,0,21.915585733950138,16.148932743817568
xair_atomic,plc_predicate,1,pause,,1,2366,2366,2366,0,16,1292,1,authorization_committed,executed:RUN:2366,1,RUN,0,0,17.635240219533443,16.155133955180645
xair_atomic,plc_predicate,1,pause,,1,2368,2368,2368,0,30,1293,1,authorization_committed,executed:RUN:2368,1,RUN,0,0,18.010292667895555,30.18217720091343
xair,plc_predicate,1,pause,,1,2370,2370,2371,0,16,1294,1,published_after_gate_recheck,refused:predicate_false:2371,0,,0,1,27.13861083611846,16.22399315237999
xair_atomic,plc_plain,0,,,1,2372,2372,2372,0,,1295,1,authorization_committed,executed:RUN:2372,1,RUN,0,0,24.29197309538722,
xair_atomic,plc_conditional,1,pause,,1,2372,2372,2372,0,30,1296,1,authorization_committed,executed:RUN:2372,1,RUN,0,0,22.01428124681115,30.232551973313093
xair,plc_plain,1,pause,,1,2374,2374,2375,0,14,1297,1,published_after_gate_recheck,executed:PAUSED:2375,1,PAUSED,1,0,22.777933161705732,14.197222888469696
xair_atomic,plc_predicate,1,pause,,1,2376,2376,2376,0,20,1298,1,authorization_committed,executed:RUN:2376,1,RUN,0,0,19.564567133784294,20.171144977211952
xair_atomic,plc_conditional,1,pause,,1,2378,2378,2379,0,16,1299,1,authorization_committed,refused:version_changed:2379,0,,0,1,26.661455631256104,16.163740772753954
xair_atomic,plc_plain,1,pause,,1,2380,2380,2381,0,10,1300,1,authorization_committed,executed:PAUSED:2381,1,PAUSED,1,0,25.238628033548594,10.244991164654493
xair_atomic,plc_predicate,1,pause,,1,2382,2382,2382,0,20,1301,1,authorization_committed,executed:RUN:2382,1,RUN,0,0,17.608860041946173,20.215868018567562
xair_atomic,plc_predicate,1,pause,,1,2384,,,0,4,1302,0,read_set_version_changed_at_commit,,0,,0,0,17.074848990887403,4.219772759824991
xair_atomic,plc_conditional,0,,,1,2386,2386,2386,0,,1303,1,authorization_committed,executed:RUN:2386,1,RUN,0,0,25.515997782349586,
xair,plc_plain,1,pause,,1,2386,,,0,2,1304,0,read_set_version_changed_at_gate,,0,,0,0,18.15059594810009,2.2933906875550747
xair_atomic,plc_plain,1,pause,,1,2388,2388,2389,0,10,1305,1,authorization_committed,executed:PAUSED:2389,1,PAUSED,1,0,20.933174062520266,10.158650111407042
xair_atomic,plc_predicate,1,pause,,1,2390,2390,2390,0,30,1306,1,authorization_committed,executed:RUN:2390,1,RUN,0,0,18.678175285458565,30.166456941515207
xair,plc_plain,1,pause,,1,2392,2392,2392,0,30,1307,1,published_after_gate_recheck,executed:RUN:2392,1,RUN,0,0,26.182367000728846,30.21629201248288
xair,plc_predicate,1,pause,,1,2394,2394,2395,0,6,1308,1,published_after_gate_recheck,refused:predicate_false:2395,0,,0,1,22.88600569590926,6.147957872599363
xair,plc_predicate,1,pause,,1,2396,,,0,4,1309,0,read_set_version_changed_at_gate,,0,,0,0,18.03536992520094,4.162163939327002
xair_atomic,plc_conditional,1,pause,,1,2398,,,0,4,1310,0,read_set_version_changed_at_commit,,0,,0,0,16.940827015787363,4.177554044872522
xair_atomic,plc_conditional,1,pause,,1,2400,,,0,0,1311,0,read_set_version_changed_at_commit,,0,,0,0,15.080178156495094,0.2789427526295185
xair_atomic,plc_plain,1,pause,,1,2402,2402,2403,0,12,1312,1,authorization_committed,executed:PAUSED:2403,1,PAUSED,1,0,18.006986938416958,12.16830825433135
xair,plc_conditional,1,pause,,1,2404,2404,2404,0,30,1313,1,published_after_gate_recheck,executed:RUN:2404,1,RUN,0,0,24.433627724647522,30.169974081218243
xair_atomic,plc_conditional,1,pause,,1,2406,,,0,2,1314,0,read_set_version_changed_at_commit,,0,,0,0,15.259434003382921,2.226595301181078
xair,plc_plain,1,pause,,1,2408,2408,2408,0,30,1315,1,published_after_gate_recheck,executed:RUN:2408,1,RUN,0,0,22.169692907482386,30.2740097977221
xair,plc_plain,1,pause,,1,2410,2410,2410,0,20,1316,1,published_after_gate_recheck,executed:RUN:2410,1,RUN,0,0,18.354338128119707,20.220296923071146
xair,plc_conditional,0,,,1,2412,2412,2412,0,,1317,1,published_after_gate_recheck,executed:RUN:2412,1,RUN,0,0,25.03401320427656,
xair,plc_predicate,1,pause,,1,2412,2412,2412,0,16,1318,1,published_after_gate_recheck,executed:RUN:2412,1,RUN,0,0,20.703002344816923,16.226308420300484
xair,plc_conditional,1,pause,,1,2414,2414,2415,0,6,1319,1,published_after_gate_recheck,refused:version_changed:2415,0,,0,1,20.3107469715178,6.234219763427973
xair_atomic,plc_plain,1,pause,,1,2416,2416,2416,0,20,1320,1,authorization_committed,executed:RUN:2416,1,RUN,0,0,24.104639887809753,20.14405420050025
xair_atomic,plc_conditional,1,pause,,1,2418,,,0,2,1321,0,read_set_version_changed_at_commit,,0,,0,0,16.539104282855988,2.204704098403454
xair,plc_conditional,1,pause,,1,2420,2420,2421,0,6,1322,1,published_after_gate_recheck,refused:version_changed:2421,0,,0,1,23.66891410201788,6.14182697609067
xair,plc_predicate,1,pause,,1,2422,2422,2423,0,10,1323,1,published_after_gate_recheck,refused:predicate_false:2423,0,,0,1,26.023589074611664,10.173205751925707
xair,plc_plain,1,pause,,1,2424,2424,2425,0,14,1324,1,published_after_gate_recheck,executed:PAUSED:2425,1,PAUSED,1,0,28.58417108654976,14.154361560940742
xair,plc_plain,1,pause,,1,2426,2426,2427,0,6,1325,1,published_after_gate_recheck,executed:PAUSED:2427,1,PAUSED,1,0,18.859765026718378,6.159901153296232
xair_atomic,plc_plain,1,pause,,1,2428,2428,2429,0,16,1326,1,authorization_committed,executed:PAUSED:2429,1,PAUSED,1,0,25.266879703849554,16.152569092810154
xair,plc_conditional,1,pause,,1,2430,2430,2431,0,12,1327,1,published_after_gate_recheck,refused:version_changed:2431,0,,0,1,26.689588092267513,12.15405110269785
xair_atomic,plc_predicate,1,pause,,1,2432,2432,2433,0,10,1328,1,authorization_committed,refused:predicate_false:2433,0,,0,1,25.76478384435177,10.147608816623688
xair,plc_plain,1,pause,,1,2434,,,0,2,1329,0,read_set_version_changed_at_gate,,0,,0,0,17.802282702177763,2.1580271422863007
xair_atomic,plc_predicate,1,pause,,1,2436,2436,2437,0,4,1330,1,authorization_committed,refused:predicate_false:2437,0,,0,1,18.581433687359095,4.145483952015638
xair,plc_plain,1,pause,,1,2438,2438,2438,0,20,1331,1,published_after_gate_recheck,executed:RUN:2438,1,RUN,0,0,20.58867784217,20.142430905252695
xair,plc_conditional,1,pause,,1,2440,,,0,2,1332,0,read_set_version_changed_at_gate,,0,,0,0,18.071867991238832,2.1466249600052834
xair_atomic,plc_conditional,1,pause,,1,2442,,,0,0,1333,0,precondition_failed: line.state == 'RUN',,0,,0,0,13.554247096180916,0.3524511121213436
xair,plc_plain,1,pause,,1,2444,2444,2445,0,10,1334,1,published_after_gate_recheck,executed:PAUSED:2445,1,PAUSED,1,0,22.566265892237425,10.123764164745808
xair,plc_predicate,1,pause,,1,2446,,,0,0,1335,0,read_set_version_changed_at_gate,,0,,0,0,16.91045006737113,0.2892916090786457
xair,plc_plain,1,pause,,1,2448,,,0,2,1336,0,read_set_version_changed_at_gate,,0,,0,0,18.62235087901354,2.2521228529512882
xair,plc_predicate,1,pause,,1,2450,,,0,2,1337,0,read_set_version_changed_at_gate,,0,,0,0,18.488440196961164,2.2268351167440414
xair_atomic,plc_plain,1,pause,,1,2452,2452,2453,0,10,1338,1,authorization_committed,executed:PAUSED:2453,1,PAUSED,1,0,17.5524540245533,10.204966180026531
xair,plc_plain,1,pause,,1,2454,,,0,4,1339,0,read_set_version_changed_at_gate,,0,,0,0,19.944129046052694,4.1890861466526985
xair_atomic,plc_predicate,1,pause,,1,2456,2456,2456,0,14,1340,1,authorization_committed,executed:RUN:2456,1,RUN,0,0,18.368273973464966,14.249781146645546
xair_atomic,plc_predicate,1,pause,,1,2458,2458,2458,0,20,1341,1,authorization_committed,executed:RUN:2458,1,RUN,0,0,20.130648743361235,20.439017098397017
xair_atomic,plc_conditional,1,pause,,1,2460,,,0,20,1342,0,read_set_version_changed_at_commit,,0,,0,0,37.06219885498285,20.198587328195572
xair,plc_plain,1,pause,,1,2462,2462,2463,0,10,1343,1,published_after_gate_recheck,executed:PAUSED:2463,1,PAUSED,1,0,23.262581322342157,10.241233743727207
xair,plc_plain,1,pause,,1,2464,2464,2465,0,6,1344,1,published_after_gate_recheck,executed:PAUSED:2465,1,PAUSED,1,0,29.14421120658517,6.205206271260977
xair,plc_conditional,1,pause,,1,2466,,,0,4,1345,0,read_set_version_changed_at_gate,,0,,0,0,20.503317937254906,4.202431067824364
xair_atomic,plc_plain,1,pause,,1,2468,2468,2469,0,12,1346,1,authorization_committed,executed:PAUSED:2469,1,PAUSED,1,0,20.227952394634485,12.262164149433374
xair_atomic,plc_predicate,1,pause,,1,2470,2470,2471,0,12,1347,1,authorization_committed,refused:predicate_false:2471,0,,0,1,23.349043913185596,12.261040974408388
xair,plc_plain,1,pause,,1,2472,2472,2472,0,30,1348,1,published_after_gate_recheck,executed:RUN:2472,1,RUN,0,0,29.215555172413588,30.242561362683773
xair_atomic,plc_conditional,1,pause,,1,2474,2474,2475,0,10,1349,1,authorization_committed,refused:version_changed:2475,0,,0,1,21.327963564544916,10.178906843066216
xair_atomic,plc_plain,1,pause,,1,2476,2476,2477,0,6,1350,1,authorization_committed,executed:PAUSED:2477,1,PAUSED,1,0,17.107168678194284,6.259898189455271
xair_atomic,plc_conditional,1,pause,,1,2478,,,0,0,1351,0,precondition_failed: line.state == 'RUN',,0,,0,0,12.279356364160776,0.26813335716724396
xair_atomic,plc_predicate,1,pause,,1,2480,,,0,0,1352,0,read_set_version_changed_at_commit,,0,,0,0,14.540938194841146,0.24016108363866806
xair,plc_predicate,1,pause,,1,2482,,,0,4,1353,0,read_set_version_changed_at_gate,,0,,0,0,20.802919287234545,4.229691810905933
xair,plc_conditional,1,pause,,1,2484,2484,2485,0,12,1354,1,published_after_gate_recheck,refused:version_changed:2485,0,,0,1,29.630142264068127,12.277211993932724
xair_atomic,plc_plain,1,pause,,1,2486,,,0,2,1355,0,read_set_version_changed_at_commit,,0,,0,0,15.411278698593378,2.2024898789823055
xair_atomic,plc_conditional,1,pause,,1,2488,2488,2489,0,16,1356,1,authorization_committed,refused:version_changed:2489,0,,0,1,25.98731080070138,16.19626209139824
xair,plc_plain,1,pause,,1,2490,2490,2490,0,30,1357,1,published_after_gate_recheck,executed:RUN:2490,1,RUN,0,0,23.409548215568066,30.240226071327925
xair_atomic,plc_plain,1,pause,,1,2492,2492,2493,0,8,1358,1,authorization_committed,executed:PAUSED:2493,1,PAUSED,1,0,27.654777746647596,8.246214129030704
xair,plc_predicate,1,pause,,1,2494,2494,2495,0,8,1359,1,published_after_gate_recheck,refused:predicate_false:2495,0,,0,1,21.772867999970913,8.239199873059988
xair,plc_predicate,1,pause,,1,2496,,,0,0,1360,0,read_set_version_changed_at_gate,,0,,0,0,17.360585276037455,0.3307699225842953
xair_atomic,plc_conditional,1,pause,,1,2498,,,0,2,1361,0,read_set_version_changed_at_commit,,0,,0,0,15.735898166894913,2.205374650657177
xair_atomic,plc_conditional,0,,,1,2500,2500,2500,0,,1362,1,authorization_committed,executed:RUN:2500,1,RUN,0,0,17.07117212936282,
xair,plc_predicate,1,pause,,1,2500,2500,2500,0,20,1363,1,published_after_gate_recheck,executed:RUN:2500,1,RUN,0,0,26.626991108059883,20.369427278637886
xair_atomic,plc_conditional,1,pause,,1,2502,,,0,0,1364,0,precondition_failed: line.state == 'RUN',,0,,0,0,12.814881280064583,0.30909013003110886
xair,plc_predicate,1,pause,,1,2504,2504,2505,0,14,1365,1,published_after_gate_recheck,refused:predicate_false:2505,0,,0,1,28.251047246158123,14.208353124558926
xair_atomic,plc_predicate,1,pause,,1,2506,2506,2507,0,8,1366,1,authorization_committed,refused:predicate_false:2507,0,,0,1,24.067260324954987,8.320451714098454
xair_atomic,plc_plain,1,pause,,1,2508,,,0,0,1367,0,precondition_failed: line.state == 'RUN',,0,,0,0,13.581297360360622,0.32141292467713356
xair_atomic,plc_predicate,1,pause,,1,2510,,,0,0,1368,0,precondition_failed: line.state == 'RUN',,0,,0,0,13.507840223610401,0.2976381219923496
xair_atomic,plc_conditional,1,pause,,1,2512,2512,2513,0,10,1369,1,authorization_committed,refused:version_changed:2513,0,,0,1,18.931751139461994,10.203573852777481
xair,plc_predicate,1,pause,,1,2514,2514,2515,0,12,1370,1,published_after_gate_recheck,refused:predicate_false:2515,0,,0,1,24.045318830758333,12.189839035272598
xair_atomic,plc_predicate,0,,,1,2516,2516,2516,0,,1371,1,authorization_committed,executed:RUN:2516,1,RUN,0,0,25.98287258297205,
xair,plc_predicate,1,pause,,1,2516,2516,2517,0,12,1372,1,published_after_gate_recheck,refused:predicate_false:2517,0,,0,1,24.317940697073936,12.185701169073582
xair_atomic,plc_conditional,1,pause,,1,2518,2518,2519,0,6,1373,1,authorization_committed,refused:version_changed:2519,0,,0,1,24.52401677146554,6.157696712762117
xair,plc_plain,1,pause,,1,2520,2520,2521,0,6,1374,1,published_after_gate_recheck,executed:PAUSED:2521,1,PAUSED,1,0,20.469664596021175,6.152437999844551
xair_atomic,plc_predicate,1,pause,,1,2522,2522,2522,0,30,1375,1,authorization_committed,executed:RUN:2522,1,RUN,0,0,24.129597935825586,30.18459165468812
xair,plc_plain,1,pause,,1,2524,2524,2524,0,30,1376,1,published_after_gate_recheck,executed:RUN:2524,1,RUN,0,0,22.314193192869425,30.16900224611163
xair,plc_plain,1,pause,,1,2526,2526,2527,0,16,1377,1,published_after_gate_recheck,executed:PAUSED:2527,1,PAUSED,1,0,26.460768654942513,16.171704977750778
xair_atomic,plc_plain,1,pause,,1,2528,,,0,0,1378,0,read_set_version_changed_at_commit,,0,,0,0,14.752252958714962,0.4020840860903263
xair_atomic,plc_conditional,1,pause,,1,2530,2530,2531,0,8,1379,1,authorization_committed,refused:version_changed:2531,0,,0,1,24.858373682945967,8.173767011612654
xair_atomic,plc_plain,1,pause,,1,2532,2532,2532,0,20,1380,1,authorization_committed,executed:RUN:2532,1,RUN,0,0,17.774089705199003,20.213623996824026
xair,plc_conditional,1,pause,,1,2534,2534,2534,0,20,1381,1,published_after_gate_recheck,executed:RUN:2534,1,RUN,0,0,25.98257316276431,20.152790006250143
xair,plc_predicate,0,,,1,2536,2536,2536,0,,1382,1,published_after_gate_recheck,executed:RUN:2536,1,RUN,0,0,21.71831578016281,
xair_atomic,plc_predicate,1,pause,,1,2536,,,0,0,1383,0,read_set_version_changed_at_commit,,0,,0,0,14.783252030611038,0.4117521457374096
xair,plc_conditional,1,pause,,1,2538,2538,2538,0,30,1384,1,published_after_gate_recheck,executed:RUN:2538,1,RUN,0,0,27.502052020281553,30.352146364748478
xair_atomic,plc_plain,1,pause,,1,2540,2540,2541,0,14,1385,1,authorization_committed,executed:PAUSED:2541,1,PAUSED,1,0,18.57964973896742,14.18557995930314
xair_atomic,plc_plain,1,pause,,1,2542,2542,2543,0,14,1386,1,authorization_committed,executed:PAUSED:2543,1,PAUSED,1,0,20.210287999361753,14.345040079206228
xair_atomic,plc_plain,1,pause,,1,2544,2544,2545,0,10,1387,1,authorization_committed,executed:PAUSED:2545,1,PAUSED,1,0,19.46025202050805,10.263044852763414
xair_atomic,plc_conditional,1,pause,,1,2546,2546,2546,0,30,1388,1,authorization_committed,executed:RUN:2546,1,RUN,0,0,23.477804847061634,30.245926696807146
xair_atomic,plc_predicate,0,,,1,2548,2548,2548,0,,1389,1,authorization_committed,executed:RUN:2548,1,RUN,0,0,19.01441579684615,
xair,plc_conditional,1,pause,,1,2548,,,0,2,1390,0,read_set_version_changed_at_gate,,0,,0,0,19.450373016297817,2.255088649690151
xair_atomic,plc_conditional,1,pause,,1,2550,2550,2551,0,10,1391,1,authorization_committed,refused:version_changed:2551,0,,0,1,19.950501155108213,10.283664334565401
xair,plc_conditional,1,pause,,1,2552,2552,2553,0,10,1392,1,published_after_gate_recheck,refused:version_changed:2553,0,,0,1,20.511032082140446,10.459805373102427
xair_atomic,plc_plain,1,pause,,1,2554,2554,2555,0,14,1393,1,authorization_committed,executed:PAUSED:2555,1,PAUSED,1,0,22.83035172149539,14.26922669634223
xair,plc_conditional,1,pause,,1,2556,2556,2557,0,8,1394,1,published_after_gate_recheck,refused:version_changed:2557,0,,0,1,25.93899006024003,8.211798965930939
xair_atomic,plc_conditional,0,,,1,2558,2558,2558,0,,1395,1,authorization_committed,executed:RUN:2558,1,RUN,0,0,24.255202617496252,
xair_atomic,plc_conditional,1,pause,,1,2558,2558,2559,0,6,1396,1,authorization_committed,refused:version_changed:2559,0,,0,1,21.10170992091298,6.227416917681694
xair,plc_predicate,1,pause,,1,2560,2560,2560,0,30,1397,1,published_after_gate_recheck,executed:RUN:2560,1,RUN,0,0,19.71274521201849,30.227461829781532
xair_atomic,plc_plain,0,,,1,2562,2562,2562,0,,1398,1,authorization_committed,executed:RUN:2562,1,RUN,0,0,22.688875906169415,
xair,plc_predicate,1,pause,,1,2562,2562,2563,0,12,1399,1,published_after_gate_recheck,refused:predicate_false:2563,0,,0,1,25.193221867084503,12.269277125597
xair_atomic,plc_conditional,1,pause,,1,2564,2564,2565,0,6,1400,1,authorization_committed,refused:version_changed:2565,0,,0,1,23.507872130721807,6.246503908187151
xair,plc_conditional,0,,,1,2566,2566,2566,0,,1401,1,published_after_gate_recheck,executed:RUN:2566,1,RUN,0,0,20.46987507492304,
xair_atomic,plc_conditional,1,pause,,1,2566,,,0,4,1402,0,read_set_version_changed_at_commit,,0,,0,0,17.93657522648573,4.203172400593758
xair_atomic,plc_predicate,1,pause,,1,2568,2568,2569,0,8,1403,1,authorization_committed,refused:predicate_false:2569,0,,0,1,26.23316179960966,8.146066218614578
xair,plc_predicate,1,pause,,1,2570,,,0,0,1404,0,read_set_version_changed_at_gate,,0,,0,0,17.852515913546085,0.3207419067621231
xair_atomic,plc_conditional,1,pause,,1,2572,2572,2572,0,16,1405,1,authorization_committed,executed:RUN:2572,1,RUN,0,0,17.12790783494711,16.228761989623308
xair_atomic,plc_plain,1,pause,,1,2574,2574,2575,0,12,1406,1,authorization_committed,executed:PAUSED:2575,1,PAUSED,1,0,18.054435960948467,12.29582680389285
xair_atomic,plc_plain,0,,,1,2576,2576,2576,0,,1407,1,authorization_committed,executed:RUN:2576,1,RUN,0,0,22.479733917862177,
xair_atomic,plc_predicate,1,pause,,1,2576,2576,2577,0,8,1408,1,authorization_committed,refused:predicate_false:2577,0,,0,1,21.109734196215868,8.370106108486652
xair_atomic,plc_conditional,1,pause,,1,2578,2578,2579,0,10,1409,1,authorization_committed,refused:version_changed:2579,0,,0,1,27.81765256077051,10.24472014978528
xair,plc_plain,1,pause,,1,2580,2580,2581,0,6,1410,1,published_after_gate_recheck,executed:PAUSED:2581,1,PAUSED,1,0,21.82680880650878,6.289574783295393
xair_atomic,plc_plain,1,pause,,1,2582,2582,2582,0,30,1411,1,authorization_committed,executed:RUN:2582,1,RUN,0,0,23.724698927253485,30.261075124144554
xair,plc_plain,1,pause,,1,2584,2584,2585,0,10,1412,1,published_after_gate_recheck,executed:PAUSED:2585,1,PAUSED,1,0,21.639106795191765,10.30901214107871
xair_atomic,plc_predicate,1,pause,,1,2586,2586,2587,0,6,1413,1,authorization_committed,refused:predicate_false:2587,0,,0,1,24.78627860546112,6.244539283216
xair,plc_conditional,1,pause,,1,2588,,,0,0,1414,0,read_set_version_changed_at_gate,,0,,0,0,17.883775290101767,0.39133382961153984
xair_atomic,plc_conditional,1,pause,,1,2590,2590,2590,0,20,1415,1,authorization_committed,executed:RUN:2590,1,RUN,0,0,17.485549207776785,20.145225804299116
xair,plc_conditional,1,pause,,1,2592,2592,2593,0,16,1416,1,published_after_gate_recheck,refused:version_changed:2593,0,,0,1,27.03026682138443,16.259869560599327
xair,plc_plain,1,pause,,1,2594,,,0,4,1417,0,read_set_version_changed_at_gate,,0,,0,0,20.472771022468805,4.203453194350004
xair_atomic,plc_predicate,1,pause,,1,2596,2596,2596,0,30,1418,1,authorization_committed,executed:RUN:2596,1,RUN,0,0,21.19038626551628,30.20106302574277
xair,plc_conditional,1,pause,,1,2598,2598,2598,0,14,1419,1,published_after_gate_recheck,executed:RUN:2598,1,RUN,0,0,20.076307002454996,14.21820092946291
xair,plc_plain,1,pause,,1,2600,2600,2600,0,16,1420,1,published_after_gate_recheck,executed:RUN:2600,1,RUN,0,0,23.529052268713713,16.231015790253878
xair,plc_plain,1,pause,,1,2602,2602,2602,0,30,1421,1,published_after_gate_recheck,executed:RUN:2602,1,RUN,0,0,20.818288903683424,30.275722965598106
xair,plc_plain,1,pause,,1,2604,2604,2605,0,4,1422,1,published_after_gate_recheck,executed:PAUSED:2605,1,PAUSED,1,0,27.546245139092207,4.257042892277241
xair,plc_conditional,1,pause,,1,2606,,,0,4,1423,0,read_set_version_changed_at_gate,,0,,0,0,20.373124163597822,4.248105920851231
xair_atomic,plc_conditional,1,pause,,1,2608,2608,2609,0,16,1424,1,authorization_committed,refused:version_changed:2609,0,,0,1,20.954913925379515,16.258076764643192
xair,plc_predicate,1,pause,,1,2610,,,0,0,1425,0,precondition_failed: line.state == 'RUN',,0,,0,0,14.572686981409788,0.2892729826271534
xair,plc_plain,1,pause,,1,2612,,,0,2,1426,0,read_set_version_changed_at_gate,,0,,0,0,18.726155161857605,2.447610255330801
xair,plc_conditional,1,pause,,1,2614,,,0,2,1427,0,read_set_version_changed_at_gate,,0,,0,0,18.18349724635482,2.2325958125293255
xair,plc_predicate,1,pause,,1,2616,2616,2617,0,10,1428,1,published_after_gate_recheck,refused:predicate_false:2617,0,,0,1,23.420267272740602,10.221387259662151
xair_atomic,plc_plain,1,pause,,1,2618,2618,2618,0,16,1429,1,authorization_committed,executed:RUN:2618,1,RUN,0,0,15.635448973625898,16.31689677014947
xair_atomic,plc_plain,1,pause,,1,2620,2620,2621,0,4,1430,1,authorization_committed,executed:PAUSED:2621,1,PAUSED,1,0,15.94274491071701,4.2131207883358
xair_atomic,plc_predicate,1,pause,,1,2622,2622,2623,0,6,1431,1,authorization_committed,refused:predicate_false:2623,0,,0,1,17.917789053171873,6.172344088554382
xair,plc_conditional,1,pause,,1,2624,2624,2624,0,30,1432,1,published_after_gate_recheck,executed:RUN:2624,1,RUN,0,0,19.519171677529812,30.321889091283083
xair_atomic,plc_predicate,1,pause,,1,2626,2626,2627,0,10,1433,1,authorization_committed,refused:predicate_false:2627,0,,0,1,19.94295697659254,10.310954879969358
xair_atomic,plc_predicate,1,pause,,1,2628,2628,2628,0,30,1434,1,authorization_committed,executed:RUN:2628,1,RUN,0,0,22.633771877735853,30.24756023660302
xair,plc_predicate,1,pause,,1,2630,2630,2630,0,20,1435,1,published_after_gate_recheck,executed:RUN:2630,1,RUN,0,0,21.449641790241003,20.223472733050585
xair_atomic,plc_conditional,1,pause,,1,2632,2632,2633,0,10,1436,1,authorization_committed,refused:version_changed:2633,0,,0,1,23.632504977285862,10.268616024404764
xair,plc_plain,1,pause,,1,2634,,,0,2,1437,0,read_set_version_changed_at_gate,,0,,0,0,17.585976980626583,2.1926709450781345
xair,plc_plain,1,pause,,1,2636,2636,2636,0,16,1438,1,published_after_gate_recheck,executed:RUN:2636,1,RUN,0,0,20.213384181261063,16.23935205861926
xair,plc_predicate,1,pause,,1,2638,2638,2638,0,14,1439,1,published_after_gate_recheck,executed:RUN:2638,1,RUN,0,0,18.83965777233243,14.22217907384038
