mode,actuator,inject,event,aba_gap_ms,mirrored,start_version,witness_version,version_at_effect,history_violation,inject_offset_ms,run,gateway_released,reason,cell_result,executed,state_at_effect,stale_effect,refused_by_controller,e2e_latency_ms,pause_after_submit_ms
xair,plc_plain,1,aba,3.0,1,2640,,,0,4.0,0,0,read_set_version_changed_at_gate,,0,,0,0,20.891294814646244,4.25097206607461
xair_atomic,plc_conditional,1,aba,3.0,1,2642,,,0,0.0,1,0,read_set_version_changed_at_commit,,0,,0,0,16.182835679501295,0.5443510599434376
xair_atomic,plc_predicate,1,aba,3.0,1,2644,2644,2645,0,14.0,2,1,authorization_committed,refused:predicate_false:2645,0,,0,1,22.940758150070906,14.160282909870148
xair_atomic,plc_conditional,1,aba,3.0,1,2646,2646,2647,0,12.0,3,1,authorization_committed,refused:version_changed:2647,0,,0,1,22.101044189184904,12.237587943673134
xair,plc_conditional,1,aba,3.0,1,2648,,,0,2.0,4,0,read_set_version_changed_at_gate,,0,,0,0,19.66215018182993,2.1523460745811462
xair_atomic,plc_predicate,1,aba,3.0,1,2650,2650,2651,0,16.0,5,1,authorization_committed,refused:predicate_false:2651,0,,0,1,23.68852123618126,16.18966832756996
xair,plc_plain,1,aba,3.0,1,2652,2652,2653,0,10.0,6,1,published_after_gate_recheck,executed:PAUSED:2653,1,PAUSED,1,0,23.09914631769061,10.540465358644724
xair_atomic,plc_conditional,1,aba,3.0,1,2654,2654,2655,0,20.0,7,1,authorization_committed,refused:version_changed:2655,0,,0,1,25.381436105817556,20.26104275137186
xair_atomic,plc_plain,0,,,1,2656,2656,2656,0,,8,1,authorization_committed,executed:RUN:2656,1,RUN,0,0,17.539761029183865,
xair_atomic,plc_plain,1,aba,3.0,1,2656,2656,2658,1,8.0,9,1,authorization_committed,executed:RUN:2658,1,RUN,0,0,20.970414392650127,8.432412054389715
xair_atomic,plc_conditional,1,aba,3.0,1,2658,,,0,0.0,10,0,read_set_version_changed_at_commit,,0,,0,0,15.89262206107378,0.5884128622710705
xair_atomic,plc_conditional,1,aba,3.0,1,2660,2660,2661,0,14.0,11,1,authorization_committed,refused:version_changed:2661,0,,0,1,22.045670077204704,14.230915810912848
xair,plc_plain,0,,,1,2662,2662,2662,0,,12,1,published_after_gate_recheck,executed:RUN:2662,1,RUN,0,0,24.625858291983604,
xair,plc_plain,1,aba,3.0,1,2662,2662,2663,0,10.0,13,1,published_after_gate_recheck,executed:PAUSED:2663,1,PAUSED,1,0,21.248955745249987,10.288112331181765
xair,plc_predicate,0,,,1,2664,2664,2664,0,,14,1,published_after_gate_recheck,executed:RUN:2664,1,RUN,0,0,26.162669993937016,
xair_atomic,plc_predicate,1,aba,3.0,1,2664,2664,2666,1,8.0,15,1,authorization_committed,executed:RUN:2666,1,RUN,0,0,19.67414189130068,8.23637517169118
xair,plc_conditional,1,aba,3.0,1,2666,,,0,4.0,16,0,read_set_version_changed_at_gate,,0,,0,0,19.13889916613698,4.192030988633633
xair_atomic,plc_conditional,1,aba,3.0,1,2668,2668,2668,0,16.0,17,1,authorization_committed,executed:RUN:2668,1,RUN,0,0,19.824875984340906,16.194758005440235
xair_atomic,plc_plain,1,aba,3.0,1,2670,,,0,2.0,18,0,read_set_version_changed_at_commit,,0,,0,0,17.281657084822655,4.002845846116543
xair_atomic,plc_conditional,1,aba,3.0,1,2672,2672,2672,0,20.0,19,1,authorization_committed,executed:RUN:2672,1,RUN,0,0,20.211270079016685,20.225156098604202
xair,plc_conditional,1,aba,3.0,1,2674,2674,2675,0,14.0,20,1,published_after_gate_recheck,refused:version_changed:2675,0,,0,1,25.575709994882345,14.212451875209808
xair_atomic,plc_predicate,1,aba,3.0,1,2676,2676,2678,1,8.0,21,1,authorization_committed,executed:RUN:2678,1,RUN,0,0,24.610709864646196,8.286167867481709
xair_atomic,plc_predicate,1,aba,3.0,1,2678,2678,2680,1,4.0,22,1,authorization_committed,executed:RUN:2680,1,RUN,0,0,21.46503096446395,4.241233225911856
xair,plc_predicate,1,aba,3.0,1,2680,2680,2682,1,6.0,23,1,published_after_gate_recheck,executed:RUN:2682,1,RUN,0,0,25.281046982854605,6.234800908714533
xair,plc_plain,1,aba,3.0,1,2682,2682,2683,0,10.0,24,1,published_after_gate_recheck,executed:PAUSED:2683,1,PAUSED,1,0,21.466965321451426,10.233990848064423
xair_atomic,plc_predicate,1,aba,3.0,1,2684,2684,2685,0,16.0,25,1,authorization_committed,refused:predicate_false:2685,0,,0,1,24.850930087268353,16.22296078130603
xair_atomic,plc_predicate,1,aba,3.0,1,2686,2686,2686,0,16.0,26,1,authorization_committed,executed:RUN:2686,1,RUN,0,0,15.875999815762043,16.230635810643435
xair,plc_predicate,1,aba,3.0,1,2688,2688,2690,1,8.0,27,1,published_after_gate_recheck,executed:RUN:2690,1,RUN,0,0,26.650174986571074,8.223921060562134
xair,plc_predicate,1,aba,3.0,1,2690,,,0,0.0,28,0,read_set_version_changed_at_gate,,0,,0,0,18.089531920850277,0.23830682039260864
xair,plc_predicate,1,aba,3.0,1,2692,2692,2694,1,6.0,29,1,published_after_gate_recheck,executed:RUN:2694,1,RUN,0,0,24.913727771490812,6.216417066752911
xair,plc_plain,1,aba,3.0,1,2694,,,0,0.0,30,0,read_set_version_changed_at_gate,,0,,0,0,17.147114034742117,0.2584741450846195
xair_atomic,plc_conditional,1,aba,3.0,1,2696,2696,2697,0,14.0,31,1,authorization_committed,refused:version_changed:2697,0,,0,1,24.305637925863266,14.204476028680801
xair,plc_plain,1,aba,3.0,1,2698,,,0,4.0,32,0,read_set_version_changed_at_gate,,0,,0,0,19.647293258458376,4.196369089186192
xair,plc_conditional,1,aba,3.0,1,2700,2700,2701,0,10.0,33,1,published_after_gate_recheck,refused:version_changed:2701,0,,0,1,18.35642196238041,10.191882029175758
xair_atomic,plc_predicate,1,aba,3.0,1,2702,2702,2704,1,4.0,34,1,authorization_committed,executed:RUN:2704,1,RUN,0,0,20.04233282059431,4.183333832770586
xair,plc_conditional,1,aba,3.0,1,2704,,,0,2.0,35,0,read_set_version_changed_at_gate,,0,,0,0,17.25604897364974,2.2067781537771225
xair_atomic,plc_conditional,1,aba,3.0,1,2706,2706,2706,0,14.0,36,1,authorization_committed,executed:RUN:2706,1,RUN,0,0,16.818437725305557,14.219964854419231
xair,plc_predicate,1,aba,3.0,1,2708,2708,2709,0,14.0,37,1,published_after_gate_recheck,refused:predicate_false:2709,0,,0,1,27.40239491686225,14.274788089096546
xair,plc_conditional,1,aba,3.0,1,2710,,,0,2.0,38,0,read_set_version_changed_at_gate,,0,,0,0,21.059290040284395,2.233819104731083
xair,plc_conditional,1,aba,3.0,1,2712,,,0,4.0,39,0,read_set_version_changed_at_gate,,0,,0,0,20.29835293069482,4.240131005644798
xair,plc_plain,1,aba,3.0,1,2714,,,0,2.0,40,0,read_set_version_changed_at_gate,,0,,0,0,17.793796956539154,2.2418340668082237
xair,plc_conditional,0,,,1,2716,2716,2716,0,,41,1,published_after_gate_recheck,executed:RUN:2716,1,RUN,0,0,26.655334047973156,
xair_atomic,plc_plain,1,aba,3.0,1,2716,2716,2718,1,4.0,42,1,authorization_committed,executed:RUN:2718,1,RUN,0,0,19.409826956689358,4.308588802814484
xair,plc_plain,1,aba,3.0,1,2718,2718,2719,0,16.0,43,1,published_after_gate_recheck,executed:PAUSED:2719,1,PAUSED,1,0,23.790160659700632,16.218923963606358
xair_atomic,plc_conditional,1,aba,3.0,1,2720,2720,2722,0,6.0,44,1,authorization_committed,refused:version_changed:2722,0,,0,1,21.208809688687325,6.212299223989248
xair,plc_conditional,1,aba,3.0,1,2722,2722,2724,0,8.0,45,1,published_after_gate_recheck,refused:version_changed:2724,0,,0,1,26.14787220954895,8.225864730775356
xair,plc_plain,1,aba,3.0,1,2724,,,0,2.0,46,0,read_set_version_changed_at_gate,,0,,0,0,18.708032090216875,2.2328472696244717
xair_atomic,plc_predicate,1,aba,3.0,1,2726,2726,2727,0,16.0,47,1,authorization_committed,refused:predicate_false:2727,0,,0,1,21.162373013794422,16.21516700834036
xair,plc_plain,1,aba,3.0,1,2728,,,0,0.0,48,0,read_set_version_changed_at_gate,,0,,0,0,18.125989940017462,0.35058800131082535
xair_atomic,plc_plain,1,aba,3.0,1,2730,2730,2732,1,4.0,49,1,authorization_committed,executed:RUN:2732,1,RUN,0,0,20.70460468530655,4.373841919004917
xair_atomic,plc_plain,1,aba,3.0,1,2732,2732,2734,1,6.0,50,1,authorization_committed,executed:RUN:2734,1,RUN,0,0,21.885219030082226,6.220514886081219
xair_atomic,plc_predicate,1,aba,3.0,1,2734,2734,2735,0,14.0,51,1,authorization_committed,refused:predicate_false:2735,0,,0,1,21.560901310294867,14.22087661921978
xair,plc_conditional,1,aba,3.0,1,2736,2736,2738,0,12.0,52,1,published_after_gate_recheck,refused:version_changed:2738,0,,0,1,27.14386908337474,12.282702140510082
xair_atomic,plc_plain,1,aba,3.0,1,2738,2738,2738,0,16.0,53,1,authorization_committed,executed:RUN:2738,1,RUN,0,0,18.89504212886095,16.249450854957104
xair,plc_plain,0,,,1,2740,2740,2740,0,,54,1,published_after_gate_recheck,executed:RUN:2740,1,RUN,0,0,29.233388137072325,
xair,plc_predicate,1,aba,3.0,1,2740,2740,2742,1,4.0,55,1,published_after_gate_recheck,executed:RUN:2742,1,RUN,0,0,21.132668014615774,4.25031129270792
xair_atomic,plc_plain,1,aba,3.0,1,2742,2742,2743,0,14.0,56,1,authorization_committed,executed:PAUSED:2743,1,PAUSED,1,0,18.63046595826745,14.229943975806236
xair,plc_predicate,1,aba,3.0,1,2744,2744,2745,0,14.0,57,1,published_after_gate_recheck,refused:predicate_false:2745,0,,0,1,25.59575717896223,14.332635793834925
xair_atomic,plc_predicate,1,aba,3.0,1,2746,2746,2748,1,8.0,58,1,authorization_committed,executed:RUN:2748,1,RUN,0,0,24.29415611550212,8.247995749115944
xair,plc_plain,1,aba,3.0,1,2748,2748,2748,0,20.0,59,1,published_after_gate_recheck,executed:RUN:2748,1,RUN,0,0,24.500092025846243,20.2803798019886
xair_atomic,plc_plain,1,aba,3.0,1,2750,2750,2752,1,8.0,60,1,authorization_committed,executed:RUN:2752,1,RUN,0,0,19.510376267135143,8.266451768577099
xair_atomic,plc_plain,1,aba,3.0,1,2752,,,0,2.0,61,0,read_set_version_changed_at_commit,,0,,0,0,14.371398836374283,2.2506704553961754
xair,plc_predicate,0,,,1,2754,2754,2754,0,,62,1,published_after_gate_recheck,executed:RUN:2754,1,RUN,0,0,25.99396277219057,
xair,plc_plain,1,aba,3.0,1,2754,,,0,2.0,63,0,read_set_version_changed_at_gate,,0,,0,0,18.9271317794919,2.3684711195528507
xair,plc_conditional,0,,,1,2756,2756,2756,0,,64,1,published_after_gate_recheck,executed:RUN:2756,1,RUN,0,0,25.858350098133087,
xair_atomic,plc_conditional,1,aba,3.0,1,2756,2756,2758,0,12.0,65,1,authorization_committed,refused:version_changed:2758,0,,0,1,25.150952860713005,12.377339880913496
xair_atomic,plc_conditional,1,aba,3.0,1,2758,2758,2759,0,12.0,66,1,authorization_committed,refused:version_changed:2759,0,,0,1,17.40986667573452,12.280638795346022
xair,plc_conditional,1,aba,3.0,1,2760,,,0,4.0,67,0,read_set_version_changed_at_gate,,0,,0,0,19.375774078071117,4.307257942855358
xair_atomic,plc_plain,1,aba,3.0,1,2762,2762,2763,0,10.0,68,1,authorization_committed,executed:PAUSED:2763,1,PAUSED,1,0,17.71057117730379,10.220566298812628
xair,plc_conditional,1,aba,3.0,1,2764,,,0,0.0,69,0,read_set_version_changed_at_gate,,0,,0,0,17.610051669180393,0.29583461582660675
xair,plc_conditional,1,aba,3.0,1,2766,2766,2768,0,4.0,70,1,published_after_gate_recheck,refused:version_changed:2768,0,,0,1,18.565514124929905,4.238847643136978
xair,plc_plain,1,aba,3.0,1,2768,2768,2770,1,6.0,71,1,published_after_gate_recheck,executed:RUN:2770,1,RUN,0,0,20.25342872366309,6.220624782145023
xair_atomic,plc_predicate,1,aba,3.0,1,2770,2770,2772,1,6.0,72,1,authorization_committed,executed:RUN:2772,1,RUN,0,0,18.226769287139177,6.3820481300354
xair,plc_conditional,1,aba,3.0,1,2772,2772,2773,0,14.0,73,1,published_after_gate_recheck,refused:version_changed:2773,0,,0,1,22.181985899806023,14.238069299608469
xair,plc_predicate,1,aba,3.0,1,2774,2774,2776,1,6.0,74,1,published_after_gate_recheck,executed:RUN:2776,1,RUN,0,0,20.16856987029314,6.227197591215372
xair_atomic,plc_conditional,1,aba,3.0,1,2776,2776,2777,0,12.0,75,1,authorization_committed,refused:version_changed:2777,0,,0,1,17.759642098098993,12.202491983771324
xair,plc_conditional,1,aba,3.0,1,2778,,,0,2.0,76,0,read_set_version_changed_at_gate,,0,,0,0,18.49466096609831,2.296245191246271
xair_atomic,plc_plain,1,aba,3.0,1,2780,2780,2782,1,6.0,77,1,authorization_committed,executed:RUN:2782,1,RUN,0,0,20.950966980308294,6.30777794867754
xair,plc_predicate,1,aba,3.0,1,2782,2782,2784,1,10.0,78,1,published_after_gate_recheck,executed:RUN:2784,1,RUN,0,0,24.86188104376197,10.28852304443717
xair,plc_predicate,1,aba,3.0,1,2784,,,0,2.0,79,0,read_set_version_changed_at_gate,,0,,0,0,18.070895690470934,2.2708792239427567
xair_atomic,plc_plain,1,aba,3.0,1,2786,2786,2787,0,14.0,80,1,authorization_committed,executed:PAUSED:2787,1,PAUSED,1,0,22.63734908774495,14.236205723136663
xair_atomic,plc_plain,1,aba,3.0,1,2788,2788,2789,0,14.0,81,1,authorization_committed,executed:PAUSED:2789,1,PAUSED,1,0,21.999051794409752,14.203323982656002
xair_atomic,plc_conditional,1,aba,3.0,1,2790,2790,2790,0,20.0,82,1,authorization_committed,executed:RUN:2790,1,RUN,0,0,16.10762532800436,20.212120842188597
xair_atomic,plc_predicate,1,aba,3.0,1,2792,2792,2794,1,8.0,83,1,authorization_committed,executed:RUN:2794,1,RUN,0,0,18.069222569465637,8.245871867984533
xair_atomic,plc_predicate,1,aba,3.0,1,2794,2794,2794,0,20.0,84,1,authorization_committed,executed:RUN:2794,1,RUN,0,0,18.153551034629345,20.208094269037247
xair,plc_conditional,0,,,1,2796,2796,2796,0,,85,1,published_after_gate_recheck,executed:RUN:2796,1,RUN,0,0,33.77689886838198,
xair,plc_predicate,1,aba,3.0,1,2796,2796,2797,0,20.0,86,1,published_after_gate_recheck,refused:predicate_false:2797,0,,0,1,29.545754194259644,20.318070892244577
xair_atomic,plc_conditional,1,aba,3.0,1,2798,2798,2800,0,12.0,87,1,authorization_committed,refused:version_changed:2800,0,,0,1,24.766762275248766,12.261162046343088
xair_atomic,plc_predicate,0,,,1,2800,2800,2800,0,,88,1,authorization_committed,executed:RUN:2800,1,RUN,0,0,20.82872809842229,
xair_atomic,plc_plain,0,,,1,2800,2800,2800,0,,89,1,authorization_committed,executed:RUN:2800,1,RUN,0,0,23.225832730531693,
xair_atomic,plc_conditional,1,aba,3.0,1,2800,2800,2802,0,6.0,90,1,authorization_committed,refused:version_changed:2802,0,,0,1,21.363820880651474,6.834736093878746
xair_atomic,plc_conditional,1,aba,3.0,1,2802,,,0,0.0,91,0,precondition_failed: line.state == 'RUN',,0,,0,0,13.620370998978615,0.3421921283006668
xair_atomic,plc_plain,1,aba,3.0,1,2804,2804,2806,1,6.0,92,1,authorization_committed,executed:RUN:2806,1,RUN,0,0,16.082528047263622,6.232236977666616
xair,plc_plain,1,aba,3.0,1,2806,2806,2807,0,10.0,93,1,published_after_gate_recheck,executed:PAUSED:2807,1,PAUSED,1,0,20.119597669690847,10.244871024042368
xair_atomic,plc_plain,1,aba,3.0,1,2808,2808,2810,1,6.0,94,1,authorization_committed,executed:RUN:2810,1,RUN,0,0,20.053624641150236,6.297089159488678
xair_atomic,plc_conditional,1,aba,3.0,1,2810,,,0,2.0,95,0,read_set_version_changed_at_commit,,0,,0,0,15.286854933947325,2.238547895103693
xair,plc_conditional,1,aba,3.0,1,2812,2812,2812,0,14.0,96,1,published_after_gate_recheck,executed:RUN:2812,1,RUN,0,0,19.055391661822796,14.207280706614256
xair,plc_conditional,1,aba,3.0,1,2814,2814,2815,0,8.0,97,1,published_after_gate_recheck,refused:version_changed:2815,0,,0,1,18.12337525188923,8.214132860302925
xair,plc_predicate,1,aba,3.0,1,2816,2816,2818,1,6.0,98,1,published_after_gate_recheck,executed:RUN:2818,1,RUN,0,0,26.830351911485195,6.3070571050047874
xair_atomic,plc_plain,1,aba,3.0,1,2818,2818,2820,1,4.0,99,1,authorization_committed,executed:RUN:2820,1,RUN,0,0,18.295657820999622,4.24577109515667
xair_atomic,plc_plain,1,aba,3.0,1,2820,2820,2821,0,10.0,100,1,authorization_committed,executed:PAUSED:2821,1,PAUSED,1,0,20.433247089385986,10.224183090031147
xair_atomic,plc_conditional,1,aba,3.0,1,2822,2822,2823,0,10.0,101,1,authorization_committed,refused:version_changed:2823,0,,0,1,20.57787822559476,10.262694209814072
xair,plc_conditional,1,aba,3.0,1,2824,2824,2826,0,8.0,102,1,published_after_gate_recheck,refused:version_changed:2826,0,,0,1,25.896820705384016,8.221697062253952
xair_atomic,plc_predicate,1,aba,3.0,1,2826,2826,2826,0,20.0,103,1,authorization_committed,executed:RUN:2826,1,RUN,0,0,17.34084729105234,20.256824791431427
xair,plc_conditional,1,aba,3.0,1,2828,,,0,2.0,104,0,read_set_version_changed_at_gate,,0,,0,0,18.129987642169,2.312656957656145
xair,plc_predicate,1,aba,3.0,1,2830,2830,2831,0,10.0,105,1,published_after_gate_recheck,refused:predicate_false:2831,0,,0,1,20.203085150569677,10.242977645248175
xair_atomic,plc_plain,1,aba,3.0,1,2832,2832,2834,1,10.0,106,1,authorization_committed,executed:RUN:2834,1,RUN,0,0,24.479504209011793,10.224143043160439
xair,plc_conditional,1,aba,3.0,1,2834,2834,2835,0,12.0,107,1,published_after_gate_recheck,refused:version_changed:2835,0,,0,1,24.266474414616823,12.283043935894966
xair_atomic,plc_plain,1,aba,3.0,1,2836,,,0,2.0,108,0,read_set_version_changed_at_commit,,0,,0,0,14.876346103847027,2.253876067698002
xair,plc_conditional,1,aba,3.0,1,2838,,,0,4.0,109,0,read_set_version_changed_at_gate,,0,,0,0,20.25077398866415,4.246101714670658
xair,plc_predicate,1,aba,3.0,1,2840,,,0,2.0,110,0,read_set_version_changed_at_gate,,0,,0,0,18.65531224757433,2.3141386918723583
xair_atomic,plc_predicate,1,aba,3.0,1,2842,2842,2843,0,14.0,111,1,authorization_committed,refused:predicate_false:2843,0,,0,1,24.172167759388685,14.255722053349018
xair_atomic,plc_conditional,1,aba,3.0,1,2844,,,0,4.0,112,0,read_set_version_changed_at_commit,,0,,0,0,17.339596059173346,4.219482187181711
xair_atomic,plc_plain,1,aba,3.0,1,2846,2846,2847,0,6.0,113,1,authorization_committed,executed:PAUSED:2847,1,PAUSED,1,0,15.925764106214046,6.259667687118053
xair,plc_plain,1,aba,3.0,1,2848,,,0,4.0,114,0,read_set_version_changed_at_gate,,0,,0,0,20.435620564967394,4.274916835129261
xair_atomic,plc_conditional,1,aba,3.0,1,2850,2850,2851,0,8.0,115,1,authorization_committed,refused:version_changed:2851,0,,0,1,17.978824209421873,8.248657919466496
xair,plc_conditional,1,aba,3.0,1,2852,,,0,2.0,116,0,read_set_version_changed_at_gate,,0,,0,0,18.648680299520493,2.280246000736952
xair_atomic,plc_conditional,1,aba,3.0,1,2854,2854,2856,0,8.0,117,1,authorization_committed,refused:version_changed:2856,0,,0,1,25.023703929036856,8.241042960435152
xair_atomic,plc_predicate,1,aba,3.0,1,2856,,,0,0.0,118,0,read_set_version_changed_at_commit,,0,,0,0,14.975240919739008,0.5024317651987076
xair_atomic,plc_predicate,1,aba,3.0,1,2858,2858,2858,0,16.0,119,1,authorization_committed,executed:RUN:2858,1,RUN,0,0,15.466241631656885,16.236095689237118
xair,plc_predicate,1,aba,3.0,1,2860,,,0,4.0,120,0,read_set_version_changed_at_gate,,0,,0,0,20.605849102139473,4.200065974146128
xair,plc_plain,1,aba,3.0,1,2862,2862,2864,1,12.0,121,1,published_after_gate_recheck,executed:RUN:2864,1,RUN,0,0,26.83227462694049,12.21411395817995
xair,plc_plain,1,aba,3.0,1,2864,2864,2866,1,8.0,122,1,published_after_gate_recheck,executed:RUN:2866,1,RUN,0,0,31.24230494722724,8.28227074816823
xair,plc_plain,0,,,1,2866,2866,2866,0,,123,1,published_after_gate_recheck,executed:RUN:2866,1,RUN,0,0,21.716863848268986,
xair_atomic,plc_conditional,1,aba,3.0,1,2866,,,0,4.0,124,0,read_set_version_changed_at_commit,,0,,0,0,17.44870003312826,4.2357128113508224
xair,plc_predicate,1,aba,3.0,1,2868,2868,2868,0,20.0,125,1,published_after_gate_recheck,executed:RUN:2868,1,RUN,0,0,24.298463948071003,20.270450972020626
xair,plc_conditional,1,aba,3.0,1,2870,,,0,0.0,126,0,read_set_version_changed_at_gate,,0,,0,0,17.297205980867147,0.4182341508567333
xair_atomic,plc_plain,1,aba,3.0,1,2872,2872,2873,0,8.0,127,1,authorization_committed,executed:PAUSED:2873,1,PAUSED,1,0,18.37837276980281,8.252234198153019
xair_atomic,plc_conditional,1,aba,3.0,1,2874,2874,2875,0,16.0,128,1,authorization_committed,refused:version_changed:2875,0,,0,1,25.40581114590168,16.244891565293074
xair,plc_conditional,1,aba,3.0,1,2876,2876,2877,0,10.0,129,1,published_after_gate_recheck,refused:version_changed:2877,0,,0,1,23.443820886313915,10.259958915412426
xair,plc_conditional,1,aba,3.0,1,2878,2878,2878,0,20.0,130,1,published_after_gate_recheck,executed:RUN:2878,1,RUN,0,0,20.874193403869867,21.191418170928955
xair,plc_conditional,1,aba,3.0,1,2880,2880,2882,0,8.0,131,1,published_after_gate_recheck,refused:version_changed:2882,0,,0,1,22.647358011454344,8.272703271359205
xair,plc_conditional,1,aba,3.0,1,2882,2882,2883,0,12.0,132,1,published_after_gate_recheck,refused:version_changed:2883,0,,0,1,22.480174899101257,12.370727956295013
xair_atomic,plc_plain,1,aba,3.0,1,2884,,,0,2.0,133,0,read_set_version_changed_at_commit,,0,,0,0,14.278145041316748,2.219432033598423
xair,plc_plain,1,aba,3.0,1,2886,2886,2888,1,6.0,134,1,published_after_gate_recheck,executed:RUN:2888,1,RUN,0,0,27.62495167553425,6.223590113222599
xair,plc_conditional,1,aba,3.0,1,2888,,,0,2.0,135,0,read_set_version_changed_at_gate,,0,,0,0,17.5899351015687,2.2574830800294876
xair,plc_plain,1,aba,3.0,1,2890,2890,2892,1,6.0,136,1,published_after_gate_recheck,executed:RUN:2892,1,RUN,0,0,27.193973772227764,6.205014884471893
xair,plc_conditional,1,aba,3.0,1,2892,2892,2893,0,10.0,137,1,published_after_gate_recheck,refused:version_changed:2893,0,,0,1,21.424404811114073,10.239951778203249
xair_atomic,plc_predicate,1,aba,3.0,1,2894,2894,2896,1,8.0,138,1,authorization_committed,executed:RUN:2896,1,RUN,0,0,24.233201052993536,8.212609682232141
xair,plc_predicate,1,aba,3.0,1,2896,2896,2896,0,20.0,139,1,published_after_gate_recheck,executed:RUN:2896,1,RUN,0,0,24.340162053704262,20.267294719815254
xair_atomic,plc_predicate,1,aba,3.0,1,2898,2898,2900,1,4.0,140,1,authorization_committed,executed:RUN:2900,1,RUN,0,0,17.700301948934793,4.256511107087135
xair_atomic,plc_conditional,1,aba,3.0,1,2900,2900,2900,0,16.0,141,1,authorization_committed,executed:RUN:2900,1,RUN,0,0,19.85774701461196,16.27471763640642
xair_atomic,plc_conditional,1,aba,3.0,1,2902,2902,2904,0,8.0,142,1,authorization_committed,refused:version_changed:2904,0,,0,1,25.336922146379948,8.276830893009901
xair,plc_predicate,1,aba,3.0,1,2904,2904,2905,0,14.0,143,1,published_after_gate_recheck,refused:predicate_false:2905,0,,0,1,24.890083353966475,14.217110350728035
xair,plc_plain,1,aba,3.0,1,2906,2906,2908,1,8.0,144,1,published_after_gate_recheck,executed:RUN:2908,1,RUN,0,0,25.92778019607067,8.291767910122871
xair_atomic,plc_predicate,1,aba,3.0,1,2908,,,0,4.0,145,0,read_set_version_changed_at_commit,,0,,0,0,17.287136986851692,4.166402854025364
xair_atomic,plc_conditional,1,aba,3.0,1,2910,,,0,2.0,146,0,read_set_version_changed_at_commit,,0,,0,0,15.492241363972425,2.279534935951233
xair,plc_predicate,1,aba,3.0,1,2912,2912,2914,1,6.0,147,1,published_after_gate_recheck,executed:RUN:2914,1,RUN,0,0,22.050839848816395,6.241282913833857
xair,plc_predicate,1,aba,3.0,1,2914,2914,2914,0,20.0,148,1,published_after_gate_recheck,executed:RUN:2914,1,RUN,0,0,20.685618743300438,20.216258708387613
xair,plc_predicate,0,,,1,2916,2916,2916,0,,149,1,published_after_gate_recheck,executed:RUN:2916,1,RUN,0,0,23.87454966083169,
xair_atomic,plc_plain,1,aba,3.0,1,2916,2916,2917,0,10.0,150,1,authorization_committed,executed:PAUSED:2917,1,PAUSED,1,0,18.448644783347845,10.286019183695316
xair_atomic,plc_plain,1,aba,3.0,1,2918,,,0,0.0,151,0,read_set_version_changed_at_commit,,0,,0,0,14.376037754118443,0.2916567027568817
xair,plc_predicate,1,aba,3.0,1,2920,2920,2921,0,8.0,152,1,published_after_gate_recheck,refused:predicate_false:2921,0,,0,1,20.450318232178688,8.262863848358393
xair_atomic,plc_conditional,1,aba,3.0,1,2922,2922,2924,0,6.0,153,1,authorization_committed,refused:version_changed:2924,0,,0,1,16.13550679758191,6.260219030082226
xair_atomic,plc_predicate,1,aba,3.0,1,2924,2924,2926,1,6.0,154,1,authorization_committed,executed:RUN:2926,1,RUN,0,0,22.40334078669548,6.264277268201113
xair_atomic,plc_predicate,1,aba,3.0,1,2926,,,0,0.0,155,0,read_set_version_changed_at_commit,,0,,0,0,13.994402717798948,0.37360982969403267
xair_atomic,plc_conditional,1,aba,3.0,1,2928,2928,2928,0,14.0,156,1,authorization_committed,executed:RUN:2928,1,RUN,0,0,17.920253798365593,14.24296759068966
xair,plc_conditional,1,aba,3.0,1,2930,2930,2932,0,4.0,157,1,published_after_gate_recheck,refused:version_changed:2932,0,,0,1,19.46129323914647,4.302376881241798
xair,plc_plain,1,aba,3.0,1,2932,2932,2933,0,12.0,158,1,published_after_gate_recheck,executed:PAUSED:2933,1,PAUSED,1,0,22.373134270310402,12.238769792020321
xair_atomic,plc_plain,1,aba,3.0,1,2934,2934,2934,0,14.0,159,1,authorization_committed,executed:RUN:2934,1,RUN,0,0,16.44439622759819,14.227540232241154
xair_atomic,plc_plain,1,aba,3.0,1,2936,2936,2937,0,4.0,160,1,authorization_committed,executed:PAUSED:2937,1,PAUSED,1,0,14.440618921071291,4.230122081935406
xair_atomic,plc_plain,1,aba,3.0,1,2938,,,0,0.0,161,0,precondition_failed: line.state == 'RUN',,0,,0,0,12.236366048455238,0.2893628552556038
xair_atomic,plc_conditional,1,aba,3.0,1,2940,2940,2941,0,10.0,162,1,authorization_committed,refused:version_changed:2941,0,,0,1,19.90299206227064,10.208683088421822
xair_atomic,plc_predicate,1,aba,3.0,1,2942,2942,2942,0,14.0,163,1,authorization_committed,executed:RUN:2942,1,RUN,0,0,17.908151261508465,14.172515831887722
xair,plc_predicate,1,aba,3.0,1,2944,2944,2944,0,20.0,164,1,published_after_gate_recheck,executed:RUN:2944,1,RUN,0,0,23.245580028742552,20.98170481622219
xair,plc_predicate,1,aba,3.0,1,2946,2946,2947,0,10.0,165,1,published_after_gate_recheck,refused:predicate_false:2947,0,,0,1,26.893831323832273,11.596586089581251
xair_atomic,plc_predicate,1,aba,3.0,1,2948,2948,2950,1,10.0,166,1,authorization_committed,executed:RUN:2950,1,RUN,0,0,24.010193068534136,10.889069177210331
xair,plc_predicate,1,aba,3.0,1,2950,2950,2950,0,20.0,167,1,published_after_gate_recheck,executed:RUN:2950,1,RUN,0,0,22.33913028612733,20.244471728801727
xair_atomic,plc_plain,1,aba,3.0,1,2952,2952,2952,0,20.0,168,1,authorization_committed,executed:RUN:2952,1,RUN,0,0,21.46264724433422,20.35802509635687
xair_atomic,plc_plain,1,aba,3.0,1,2954,,,0,4.0,169,0,read_set_version_changed_at_commit,,0,,0,0,16.7796453461051,4.257612861692905
xair_atomic,plc_plain,1,aba,3.0,1,2956,2956,2957,0,8.0,170,1,authorization_committed,executed:PAUSED:2957,1,PAUSED,1,0,17.324937041848898,8.386105298995972
xair_atomic,plc_conditional,1,aba,3.0,1,2958,,,0,2.0,171,0,read_set_version_changed_at_commit,,0,,0,0,15.24051884189248,2.2930498234927654
xair_atomic,plc_plain,1,aba,3.0,1,2960,,,0,2.0,172,0,read_set_version_changed_at_commit,,0,,0,0,14.821202959865332,2.204214222729206
xair,plc_predicate,1,aba,3.0,1,2962,2962,2964,1,10.0,173,1,published_after_gate_recheck,executed:RUN:2964,1,RUN,0,0,25.254026055336,10.215785820037127
xair,plc_plain,1,aba,3.0,1,2964,2964,2965,0,10.0,174,1,published_after_gate_recheck,executed:PAUSED:2965,1,PAUSED,1,0,22.06690004095435,10.29547629877925
xair_atomic,plc_conditional,0,,,1,2966,2966,2966,0,,175,1,authorization_committed,executed:RUN:2966,1,RUN,0,0,14.386587776243687,
xair_atomic,plc_conditional,0,,,1,2966,2966,2966,0,,176,1,authorization_committed,executed:RUN:2966,1,RUN,0,0,22.69683126360178,
xair,plc_conditional,1,aba,3.0,1,2966,2966,2967,0,16.0,177,1,published_after_gate_recheck,refused:version_changed:2967,0,,0,1,25.451466906815767,16.241796780377626
xair,plc_conditional,1,aba,3.0,1,2968,2968,2969,0,16.0,178,1,published_after_gate_recheck,refused:version_changed:2969,0,,0,1,23.47954921424389,16.210278030484915
xair_atomic,plc_plain,1,aba,3.0,1,2970,2970,2971,0,12.0,179,1,authorization_committed,executed:PAUSED:2971,1,PAUSED,1,0,17.554468009620905,12.251803651452065
xair_atomic,plc_predicate,1,aba,3.0,1,2972,,,0,0.0,180,0,precondition_failed: line.state == 'RUN',,0,,0,0,12.323558796197176,0.19022682681679726
xair,plc_plain,1,aba,3.0,1,2974,,,0,0.0,181,0,read_set_version_changed_at_gate,,0,,0,0,16.316846944391727,0.24602096527814865
xair_atomic,plc_conditional,1,aba,3.0,1,2976,2976,2978,0,8.0,182,1,authorization_committed,refused:version_changed:2978,0,,0,1,21.72512887045741,8.177654817700386
xair,plc_plain,1,aba,3.0,1,2978,2978,2979,0,14.0,183,1,published_after_gate_recheck,executed:PAUSED:2979,1,PAUSED,1,0,24.75184528157115,14.226057101041079
xair,plc_plain,1,aba,3.0,1,2980,2980,2982,1,4.0,184,1,published_after_gate_recheck,executed:RUN:2982,1,RUN,0,0,27.078357059508562,4.288983065634966
xair,plc_predicate,0,,,1,2982,2982,2982,0,,185,1,published_after_gate_recheck,executed:RUN:2982,1,RUN,0,0,22.549194283783436,
xair,plc_predicate,1,aba,3.0,1,2982,,,0,2.0,186,0,read_set_version_changed_at_gate,,0,,0,0,19.47303581982851,2.2173579782247543
xair_atomic,plc_conditional,1,aba,3.0,1,2984,2984,2985,0,12.0,187,1,authorization_committed,refused:version_changed:2985,0,,0,1,21.917219273746014,12.157898861914873
xair,plc_conditional,0,,,1,2986,2986,2986,0,,188,1,published_after_gate_recheck,executed:RUN:2986,1,RUN,0,0,25.150121189653873,
xair,plc_predicate,1,aba,3.0,1,2986,,,0,2.0,189,0,read_set_version_changed_at_gate,,0,,0,0,16.98844600468874,2.2765491157770157
xair,plc_conditional,1,aba,3.0,1,2988,2988,2988,0,20.0,190,1,published_after_gate_recheck,executed:RUN:2988,1,RUN,0,0,25.779842864722013,20.289366133511066
xair,plc_plain,1,aba,3.0,1,2990,2990,2992,1,14.0,191,1,published_after_gate_recheck,executed:RUN:2992,1,RUN,0,0,27.793508023023605,14.263878110796213
xair_atomic,plc_plain,1,aba,3.0,1,2992,,,0,4.0,192,0,read_set_version_changed_at_commit,,0,,0,0,16.82745525613427,4.256751853972673
xair,plc_conditional,0,,,1,2994,2994,2994,0,,193,1,published_after_gate_recheck,executed:RUN:2994,1,RUN,0,0,23.73012900352478,
xair,plc_predicate,1,aba,3.0,1,2994,2994,2995,0,10.0,194,1,published_after_gate_recheck,refused:predicate_false:2995,0,,0,1,21.28695696592331,10.33756509423256
xair_atomic,plc_plain,1,aba,3.0,1,2996,,,0,4.0,195,0,read_set_version_changed_at_commit,,0,,0,0,17.92758796364069,4.312004894018173
xair_atomic,plc_plain,1,aba,3.0,1,2998,2998,3000,1,4.0,196,1,authorization_committed,executed:RUN:3000,1,RUN,0,0,20.633491687476635,4.322625230997801
xair,plc_plain,1,aba,3.0,1,3000,3000,3002,1,8.0,197,1,published_after_gate_recheck,executed:RUN:3002,1,RUN,0,0,21.52861002832651,8.263275027275085
xair_atomic,plc_conditional,1,aba,3.0,1,3002,3002,3003,0,16.0,198,1,authorization_committed,refused:version_changed:3003,0,,0,1,26.738869957625866,16.27975795418024
xair_atomic,plc_conditional,1,aba,3.0,1,3004,3004,3006,0,8.0,199,1,authorization_committed,refused:version_changed:3006,0,,0,1,21.709308959543705,8.372409734874964
xair_atomic,plc_plain,1,aba,3.0,1,3006,,,0,0.0,200,0,read_set_version_changed_at_commit,,0,,0,0,14.524867292493582,0.31198514625430107
xair,plc_conditional,1,aba,3.0,1,3008,3008,3010,0,6.0,201,1,published_after_gate_recheck,refused:version_changed:3010,0,,0,1,18.449225928634405,6.1506237834692
xair,plc_predicate,1,aba,3.0,1,3010,3010,3011,0,12.0,202,1,published_after_gate_recheck,refused:predicate_false:3011,0,,0,1,19.987229723483324,12.13725982233882
xair,plc_predicate,1,aba,3.0,1,3012,,,0,2.0,203,0,read_set_version_changed_at_gate,,0,,0,0,17.83583639189601,2.131285611540079
xair_atomic,plc_conditional,1,aba,3.0,1,3014,3014,3014,0,20.0,204,1,authorization_committed,executed:RUN:3014,1,RUN,0,0,21.915715653449297,20.133585203438997
xair_atomic,plc_predicate,1,aba,3.0,1,3016,3016,3017,0,10.0,205,1,authorization_committed,refused:predicate_false:3017,0,,0,1,19.25767119973898,10.207101237028837
xair,plc_plain,1,aba,3.0,1,3018,,,0,2.0,206,0,read_set_version_changed_at_gate,,0,,0,0,18.675480037927628,2.272991929203272
xair_atomic,plc_plain,1,aba,3.0,1,3020,3020,3021,0,12.0,207,1,authorization_committed,executed:PAUSED:3021,1,PAUSED,1,0,18.581042997539043,12.215977068990469
xair_atomic,plc_conditional,1,aba,3.0,1,3022,3022,3022,0,20.0,208,1,authorization_committed,executed:RUN:3022,1,RUN,0,0,22.911864332854748,20.203374791890383
xair_atomic,plc_conditional,1,aba,3.0,1,3024,3024,3024,0,20.0,209,1,authorization_committed,executed:RUN:3024,1,RUN,0,0,21.430226042866707,20.206361077725887
xair,plc_conditional,1,aba,3.0,1,3026,,,0,0.0,210,0,read_set_version_changed_at_gate,,0,,0,0,19.997167866677046,0.24281488731503487
xair,plc_conditional,1,aba,3.0,1,3028,3028,3030,0,8.0,211,1,published_after_gate_recheck,refused:version_changed:3030,0,,0,1,28.776902239769697,8.186941966414452
xair_atomic,plc_predicate,1,aba,3.0,1,3030,3030,3031,0,8.0,212,1,authorization_committed,refused:predicate_false:3031,0,,0,1,17.834011930972338,8.201319724321365
xair_atomic,plc_plain,1,aba,3.0,1,3032,3032,3033,0,14.0,213,1,authorization_committed,executed:PAUSED:3033,1,PAUSED,1,0,23.80657196044922,14.209134969860315
xair_atomic,plc_plain,1,aba,3.0,1,3034,3034,3034,0,20.0,214,1,authorization_committed,executed:RUN:3034,1,RUN,0,0,23.21967203170061,20.221459213644266
xair,plc_plain,1,aba,3.0,1,3036,,,0,0.0,215,0,precondition_failed: line.state == 'RUN',,0,,0,0,13.809455092996359,0.28812000527977943
xair,plc_conditional,1,aba,3.0,1,3038,3038,3040,0,6.0,216,1,published_after_gate_recheck,refused:version_changed:3040,0,,0,1,24.652367923408747,6.121368613094091
xair,plc_plain,1,aba,3.0,1,3040,3040,3041,0,14.0,217,1,published_after_gate_recheck,executed:PAUSED:3041,1,PAUSED,1,0,23.761858232319355,14.191100839525461
xair,plc_predicate,1,aba,3.0,1,3042,3042,3044,1,6.0,218,1,published_after_gate_recheck,executed:RUN:3044,1,RUN,0,0,25.51668882369995,9.722671937197447
xair_atomic,plc_predicate,0,,,1,3044,3044,3044,0,,219,1,authorization_committed,executed:RUN:3044,1,RUN,0,0,17.99806021153927,
xair_atomic,plc_predicate,1,aba,3.0,1,3044,3044,3045,0,14.0,220,1,authorization_committed,refused:predicate_false:3045,0,,0,1,20.922533702105284,14.227459207177162
xair_atomic,plc_predicate,1,aba,3.0,1,3046,,,0,0.0,221,0,read_set_version_changed_at_commit,,0,,0,0,15.535432379692793,0.32505905255675316
xair_atomic,plc_predicate,0,,,1,3048,3048,3048,0,,222,1,authorization_committed,executed:RUN:3048,1,RUN,0,0,14.7721110843122,
xair_atomic,plc_predicate,1,aba,3.0,1,3048,3048,3050,1,8.0,223,1,authorization_committed,executed:RUN:3050,1,RUN,0,0,21.105127409100533,8.211366832256317
xair,plc_conditional,1,aba,3.0,1,3050,,,0,0.0,224,0,read_set_version_changed_at_gate,,0,,0,0,17.17164972797036,0.2758870832622051
xair_atomic,plc_predicate,1,aba,3.0,1,3052,3052,3054,1,10.0,225,1,authorization_committed,executed:RUN:3054,1,RUN,0,0,24.883621372282505,10.228810831904411
xair,plc_predicate,1,aba,3.0,1,3054,3054,3056,1,8.0,226,1,published_after_gate_recheck,executed:RUN:3056,1,RUN,0,0,24.279088247567415,8.249279111623764
xair_atomic,plc_plain,1,aba,3.0,1,3056,3056,3058,1,6.0,227,1,authorization_committed,executed:RUN:3058,1,RUN,0,0,18.752173986285925,6.259447894990444
xair,plc_predicate,1,aba,3.0,1,3058,3058,3059,0,12.0,228,1,published_after_gate_recheck,refused:predicate_false:3059,0,,0,1,22.41414086893201,12.25219527259469
xair,plc_conditional,1,aba,3.0,1,3060,3060,3060,0,20.0,229,1,published_after_gate_recheck,executed:RUN:3060,1,RUN,0,0,18.982525914907455,20.93050815165043
xair_atomic,plc_plain,0,,,1,3062,3062,3062,0,,230,1,authorization_committed,executed:RUN:3062,1,RUN,0,0,18.64785887300968,
xair_atomic,plc_predicate,0,,,1,3062,3062,3062,0,,231,1,authorization_committed,executed:RUN:3062,1,RUN,0,0,21.379490848630667,
xair,plc_plain,1,aba,3.0,1,3062,3062,3064,1,4.0,232,1,published_after_gate_recheck,executed:RUN:3064,1,RUN,0,0,25.322875939309597,4.320191685110331
xair_atomic,plc_plain,1,aba,3.0,1,3064,3064,3065,0,14.0,233,1,authorization_committed,executed:PAUSED:3065,1,PAUSED,1,0,17.93167507275939,14.350289013236761
xair,plc_predicate,1,aba,3.0,1,3066,,,0,0.0,234,0,read_set_version_changed_at_gate,,0,,0,0,17.22041191533208,0.3724992275238037
xair_atomic,plc_predicate,1,aba,3.0,1,3068,3068,3070,1,6.0,235,1,authorization_committed,executed:RUN:3070,1,RUN,0,0,16.437754034996033,6.18461798876524
xair_atomic,plc_conditional,1,aba,3.0,1,3070,3070,3072,0,12.0,236,1,authorization_committed,refused:version_changed:3072,0,,0,1,22.43490982800722,12.242176104336977
xair,plc_conditional,1,aba,3.0,1,3072,3072,3074,0,4.0,237,1,published_after_gate_recheck,refused:version_changed:3074,0,,0,1,20.428357180207968,4.299812950193882
xair,plc_conditional,0,,,1,3074,3074,3074,0,,238,1,published_after_gate_recheck,executed:RUN:3074,1,RUN,0,0,20.937110763043165,
xair_atomic,plc_plain,1,aba,3.0,1,3074,,,0,0.0,239,0,read_set_version_changed_at_commit,,0,,0,0,14.317639172077179,0.358381774276495
xair,plc_conditional,1,aba,3.0,1,3076,,,0,0.0,240,0,precondition_failed: line.state == 'RUN',,0,,0,0,12.610356789082289,0.2762177027761936
xair,plc_plain,1,aba,3.0,1,3078,3078,3079,0,16.0,241,1,published_after_gate_recheck,executed:PAUSED:3079,1,PAUSED,1,0,25.94596380367875,16.231397166848183
xair_atomic,plc_plain,1,aba,3.0,1,3080,3080,3082,1,8.0,242,1,authorization_committed,executed:RUN:3082,1,RUN,0,0,21.969066001474857,8.73442878946662
xair_atomic,plc_conditional,1,aba,3.0,1,3082,,,0,2.0,243,0,read_set_version_changed_at_commit,,0,,0,0,15.032447874546051,2.2712089121341705
xair,plc_conditional,1,aba,3.0,1,3084,3084,3084,0,12.0,244,1,published_after_gate_recheck,executed:RUN:3084,1,RUN,0,0,18.988166004419327,12.263637036085129
xair_atomic,plc_plain,1,aba,3.0,1,3086,3086,3086,0,12.0,245,1,authorization_committed,executed:RUN:3086,1,RUN,0,0,16.05325285345316,12.267804704606533
xair_atomic,plc_conditional,1,aba,3.0,1,3088,3088,3089,0,16.0,246,1,authorization_committed,refused:version_changed:3089,0,,0,1,20.236227195709944,16.371400095522404
xair,plc_conditional,1,aba,3.0,1,3090,3090,3091,0,8.0,247,1,published_after_gate_recheck,refused:version_changed:3091,0,,0,1,21.389189176261425,8.369604125618935
xair_atomic,plc_conditional,1,aba,3.0,1,3092,,,0,2.0,248,0,read_set_version_changed_at_commit,,0,,0,0,14.752353075891733,2.1957880817353725
xair,plc_predicate,0,,,1,3094,3094,3094,0,,249,1,published_after_gate_recheck,executed:RUN:3094,1,RUN,0,0,25.52236896008253,
xair_atomic,plc_conditional,1,aba,3.0,1,3094,3094,3096,0,6.0,250,1,authorization_committed,refused:version_changed:3096,0,,0,1,19.55348625779152,6.215354893356562
xair,plc_conditional,1,aba,3.0,1,3096,3096,3097,0,12.0,251,1,published_after_gate_recheck,refused:version_changed:3097,0,,0,1,24.484924040734768,12.27342477068305
xair_atomic,plc_predicate,1,aba,3.0,1,3098,3098,3100,1,10.0,252,1,authorization_committed,executed:RUN:3100,1,RUN,0,0,24.124206975102425,10.208081919699907
xair,plc_plain,1,aba,3.0,1,3100,3100,3101,0,12.0,253,1,published_after_gate_recheck,executed:PAUSED:3101,1,PAUSED,1,0,23.718797136098146,12.207791209220886
xair,plc_conditional,1,aba,3.0,1,3102,3102,3104,0,6.0,254,1,published_after_gate_recheck,refused:version_changed:3104,0,,0,1,27.325800620019436,6.200888194143772
xair_atomic,plc_predicate,1,aba,3.0,1,3104,3104,3105,0,10.0,255,1,authorization_committed,refused:predicate_false:3105,0,,0,1,18.857591319829226,10.19199239090085
xair_atomic,plc_plain,1,aba,3.0,1,3106,3106,3106,0,20.0,256,1,authorization_committed,executed:RUN:3106,1,RUN,0,0,22.708573378622532,20.23456385359168
xair,plc_plain,1,aba,3.0,1,3108,3108,3109,0,16.0,257,1,published_after_gate_recheck,executed:PAUSED:3109,1,PAUSED,1,0,25.149580091238022,16.23838022351265
xair_atomic,plc_predicate,1,aba,3.0,1,3110,,,0,0.0,258,0,precondition_failed: line.state == 'RUN',,0,,0,0,13.204521033912897,0.3093099221587181
xair,plc_plain,1,aba,3.0,1,3112,3112,3113,0,6.0,259,1,published_after_gate_recheck,executed:PAUSED:3113,1,PAUSED,1,0,18.803308717906475,6.20919419452548
xair_atomic,plc_conditional,1,aba,3.0,1,3114,3114,3114,0,14.0,260,1,authorization_committed,executed:RUN:3114,1,RUN,0,0,16.7817291803658,14.211358968168497
xair_atomic,plc_plain,1,aba,3.0,1,3116,3116,3117,0,10.0,261,1,authorization_committed,executed:PAUSED:3117,1,PAUSED,1,0,15.846604947000742,10.217991191893816
xair,plc_conditional,1,aba,3.0,1,3118,3118,3118,0,20.0,262,1,published_after_gate_recheck,executed:RUN:3118,1,RUN,0,0,21.563005167990923,20.220317412167788
xair,plc_predicate,1,aba,3.0,1,3120,,,0,0.0,263,0,read_set_version_changed_at_gate,,0,,0,0,17.218828201293945,0.3299294039607048
xair,plc_plain,1,aba,3.0,1,3122,3122,3124,1,6.0,264,1,published_after_gate_recheck,executed:RUN:3124,1,RUN,0,0,28.75370904803276,6.262472830712795
xair,plc_predicate,0,,,1,3124,3124,3124,0,,265,1,published_after_gate_recheck,executed:RUN:3124,1,RUN,0,0,20.354248117655516,
xair_atomic,plc_predicate,0,,,1,3124,3124,3124,0,,266,1,authorization_committed,executed:RUN:3124,1,RUN,0,0,19.65129002928734,
xair,plc_plain,1,aba,3.0,1,3124,,,0,0.0,267,0,read_set_version_changed_at_gate,,0,,0,0,17.883986234664917,0.4013730213046074
xair,plc_conditional,1,aba,3.0,1,3126,,,0,4.0,268,0,read_set_version_changed_at_gate,,0,,0,0,19.862776156514883,4.4449749402701855
xair_atomic,plc_predicate,1,aba,3.0,1,3128,,,0,0.0,269,0,read_set_version_changed_at_commit,,0,,0,0,15.129470732063055,0.34662988036870956
xair,plc_predicate,1,aba,3.0,1,3130,,,0,2.0,270,0,read_set_version_changed_at_gate,,0,,0,0,18.71560513973236,2.1696090698242188
xair,plc_plain,1,aba,3.0,1,3132,3132,3134,1,8.0,271,1,published_after_gate_recheck,executed:RUN:3134,1,RUN,0,0,29.07577296718955,8.14792886376381
xair,plc_predicate,1,aba,3.0,1,3134,,,0,2.0,272,0,read_set_version_changed_at_gate,,0,,0,0,18.1830869987607,2.139402087777853
xair_atomic,plc_plain,1,aba,3.0,1,3136,3136,3138,1,10.0,273,1,authorization_committed,executed:RUN:3138,1,RUN,0,0,22.619605995714664,10.246644727885723
xair_atomic,plc_conditional,1,aba,3.0,1,3138,3138,3140,0,6.0,274,1,authorization_committed,refused:version_changed:3140,0,,0,1,21.631142124533653,6.157485768198967
xair_atomic,plc_conditional,1,aba,3.0,1,3140,3140,3141,0,16.0,275,1,authorization_committed,refused:version_changed:3141,0,,0,1,21.312876138836145,16.28059893846512
xair_atomic,plc_predicate,1,aba,3.0,1,3142,3142,3142,0,20.0,276,1,authorization_committed,executed:RUN:3142,1,RUN,0,0,22.65037363395095,20.308632869273424
xair_atomic,plc_conditional,1,aba,3.0,1,3144,3144,3145,0,12.0,277,1,authorization_committed,refused:version_changed:3145,0,,0,1,19.103712867945433,12.186070904135704
xair_atomic,plc_plain,1,aba,3.0,1,3146,3146,3147,0,12.0,278,1,authorization_committed,executed:PAUSED:3147,1,PAUSED,1,0,20.043475087732077,12.208372820168734
xair,plc_predicate,1,aba,3.0,1,3148,3148,3149,0,14.0,279,1,published_after_gate_recheck,refused:predicate_false:3149,0,,0,1,25.896350853145123,14.191621914505959
xair,plc_conditional,1,aba,3.0,1,3150,3150,3152,0,6.0,280,1,published_after_gate_recheck,refused:version_changed:3152,0,,0,1,19.249998033046722,6.210575811564922
xair,plc_predicate,1,aba,3.0,1,3152,3152,3154,1,10.0,281,1,published_after_gate_recheck,executed:RUN:3154,1,RUN,0,0,29.720401857048273,10.251583997160196
xair,plc_plain,1,aba,3.0,1,3154,3154,3154,0,14.0,282,1,published_after_gate_recheck,executed:RUN:3154,1,RUN,0,0,21.16244425997138,14.295777305960655
xair,plc_conditional,1,aba,3.0,1,3156,3156,3157,0,10.0,283,1,published_after_gate_recheck,refused:version_changed:3157,0,,0,1,19.366485998034477,10.295565705746412
xair_atomic,plc_plain,1,aba,3.0,1,3158,3158,3158,0,20.0,284,1,authorization_committed,executed:RUN:3158,1,RUN,0,0,19.214461091905832,20.23504488170147
xair,plc_plain,1,aba,3.0,1,3160,3160,3162,1,6.0,285,1,published_after_gate_recheck,executed:RUN:3162,1,RUN,0,0,25.37262812256813,6.2207248993217945
xair_atomic,plc_conditional,1,aba,3.0,1,3162,3162,3164,0,8.0,286,1,authorization_committed,refused:version_changed:3164,0,,0,1,18.97259708493948,8.252716157585382
xair,plc_conditional,1,aba,3.0,1,3164,,,0,0.0,287,0,read_set_version_changed_at_gate,,0,,0,0,17.102249898016453,0.26137009263038635
xair_atomic,plc_conditional,1,aba,3.0,1,3166,3166,3168,0,6.0,288,1,authorization_committed,refused:version_changed:3168,0,,0,1,23.749083746224642,6.192692089825869
xair_atomic,plc_predicate,1,aba,3.0,1,3168,3168,3170,1,10.0,289,1,authorization_committed,executed:RUN:3170,1,RUN,0,0,21.83083724230528,10.198444128036499
xair_atomic,plc_plain,1,aba,3.0,1,3170,3170,3171,0,10.0,290,1,authorization_committed,executed:PAUSED:3171,1,PAUSED,1,0,18.85276287794113,10.188926011323929
xair,plc_plain,1,aba,3.0,1,3172,3172,3173,0,12.0,291,1,published_after_gate_recheck,executed:PAUSED:3173,1,PAUSED,1,0,25.25043999776244,12.265029828995466
xair_atomic,plc_predicate,1,aba,3.0,1,3174,3174,3174,0,20.0,292,1,authorization_committed,executed:RUN:3174,1,RUN,0,0,17.588281072676182,20.226408261805773
xair,plc_conditional,1,aba,3.0,1,3176,3176,3177,0,14.0,293,1,published_after_gate_recheck,refused:version_changed:3177,0,,0,1,23.09940569102764,14.21336317434907
xair_atomic,plc_plain,1,aba,3.0,1,3178,3178,3179,0,16.0,294,1,authorization_committed,executed:PAUSED:3179,1,PAUSED,1,0,26.269550900906324,16.48971112444997
xair_atomic,plc_plain,1,aba,3.0,1,3180,,,0,4.0,295,0,read_set_version_changed_at_commit,,0,,0,0,18.496545031666756,4.377519246190786
xair_atomic,plc_conditional,1,aba,3.0,1,3182,,,0,0.0,296,0,precondition_failed: line.state == 'RUN',,0,,0,0,15.340276062488556,0.5226600915193558
xair_atomic,plc_predicate,1,aba,3.0,1,3184,3184,3185,0,12.0,297,1,authorization_committed,refused:predicate_false:3185,0,,0,1,22.221860010176897,12.32778700068593
xair_atomic,plc_predicate,1,aba,3.0,1,3186,3186,3188,1,8.0,298,1,authorization_committed,executed:RUN:3188,1,RUN,0,0,23.624871391803026,8.253577165305614
xair_atomic,plc_plain,1,aba,3.0,1,3188,,,0,4.0,299,0,read_set_version_changed_at_commit,,0,,0,0,17.609762027859688,4.2423950508236885
xair_atomic,plc_conditional,1,aba,3.0,1,3190,3190,3192,0,12.0,300,1,authorization_committed,refused:version_changed:3192,0,,0,1,24.357785936444998,12.232197914272547
xair_atomic,plc_conditional,1,aba,3.0,1,3192,3192,3192,0,16.0,301,1,authorization_committed,executed:RUN:3192,1,RUN,0,0,19.82685923576355,16.211790032684803
xair_atomic,plc_predicate,1,aba,3.0,1,3194,3194,3194,0,20.0,302,1,authorization_committed,executed:RUN:3194,1,RUN,0,0,17.225720919668674,20.249290857464075
xair_atomic,plc_conditional,1,aba,3.0,1,3196,,,0,0.0,303,0,read_set_version_changed_at_commit,,0,,0,0,14.927943237125874,0.2656076103448868
xair,plc_predicate,0,,,1,3198,3198,3198,0,,304,1,published_after_gate_recheck,executed:RUN:3198,1,RUN,0,0,18.101444002240896,
xair_atomic,plc_predicate,1,aba,3.0,1,3198,3198,3198,0,20.0,305,1,authorization_committed,executed:RUN:3198,1,RUN,0,0,19.459200091660023,20.231186877936125
xair,plc_plain,1,aba,3.0,1,3200,3200,3201,0,10.0,306,1,published_after_gate_recheck,executed:PAUSED:3201,1,PAUSED,1,0,19.5977003313601,10.293882805854082
xair,plc_plain,1,aba,3.0,1,3202,3202,3204,1,4.0,307,1,published_after_gate_recheck,executed:RUN:3204,1,RUN,0,0,21.897521801292896,4.217067733407021
xair_atomic,plc_conditional,1,aba,3.0,1,3204,,,0,2.0,308,0,read_set_version_changed_at_commit,,0,,0,0,15.279872808605433,2.2020493634045124
xair,plc_conditional,1,aba,3.0,1,3206,,,0,0.0,309,0,read_set_version_changed_at_gate,,0,,0,0,17.36667612567544,0.2532447688281536
xair_atomic,plc_conditional,1,aba,3.0,1,3208,3208,3209,0,10.0,310,1,authorization_committed,refused:version_changed:3209,0,,0,1,17.71146198734641,10.188494808971882
xair_atomic,plc_plain,1,aba,3.0,1,3210,,,0,2.0,311,0,read_set_version_changed_at_commit,,0,,0,0,14.296698849648237,2.234901301562786
xair_atomic,plc_conditional,1,aba,3.0,1,3212,3212,3213,0,10.0,312,1,authorization_committed,refused:version_changed:3213,0,,0,1,18.283335026353598,10.217300150543451
xair_atomic,plc_plain,1,aba,3.0,1,3214,3214,3215,0,16.0,313,1,authorization_committed,executed:PAUSED:3215,1,PAUSED,1,0,21.79940789937973,16.267735045403242
xair_atomic,plc_plain,1,aba,3.0,1,3216,,,0,0.0,314,0,read_set_version_changed_at_commit,,0,,0,0,14.785424806177616,0.30343933030962944
xair_atomic,plc_conditional,1,aba,3.0,1,3218,3218,3218,0,20.0,315,1,authorization_committed,executed:RUN:3218,1,RUN,0,0,18.649751786142588,20.230436231940985
xair_atomic,plc_plain,1,aba,3.0,1,3220,3220,3221,0,12.0,316,1,authorization_committed,executed:PAUSED:3221,1,PAUSED,1,0,20.29476733878255,12.225284706801176
xair_atomic,plc_plain,1,aba,3.0,1,3222,3222,3224,1,10.0,317,1,authorization_committed,executed:RUN:3224,1,RUN,0,0,28.981185983866453,10.186560917645693
xair,plc_predicate,1,aba,3.0,1,3224,3224,3226,1,10.0,318,1,published_after_gate_recheck,executed:RUN:3226,1,RUN,0,0,24.70849407836795,10.235643945634365
xair,plc_predicate,1,aba,3.0,1,3226,3226,3227,0,10.0,319,1,published_after_gate_recheck,refused:predicate_false:3227,0,,0,1,21.96176303550601,10.278976056724787
xair,plc_predicate,1,aba,3.0,1,3228,3228,3230,1,4.0,320,1,published_after_gate_recheck,executed:RUN:3230,1,RUN,0,0,28.462722897529602,4.237135872244835
xair,plc_conditional,1,aba,3.0,1,3230,3230,3230,0,20.0,321,1,published_after_gate_recheck,executed:RUN:3230,1,RUN,0,0,20.941590424627066,20.325543824583292
xair_atomic,plc_plain,0,,,1,3232,3232,3232,0,,322,1,authorization_committed,executed:RUN:3232,1,RUN,0,0,20.481797866523266,
xair,plc_predicate,1,aba,3.0,1,3232,,,0,0.0,323,0,read_set_version_changed_at_gate,,0,,0,0,17.493524122983217,0.39058178663253784
xair,plc_plain,1,aba,3.0,1,3234,3234,3234,0,16.0,324,1,published_after_gate_recheck,executed:RUN:3234,1,RUN,0,0,18.705776892602444,16.268135979771614
xair,plc_plain,1,aba,3.0,1,3236,3236,3236,0,20.0,325,1,published_after_gate_recheck,executed:RUN:3236,1,RUN,0,0,25.366296991705894,20.267103798687458
xair_atomic,plc_plain,1,aba,3.0,1,3238,3238,3239,0,12.0,326,1,authorization_committed,executed:PAUSED:3239,1,PAUSED,1,0,19.71998903900385,12.211828958243132
xair_atomic,plc_plain,1,aba,3.0,1,3240,,,0,0.0,327,0,read_set_version_changed_at_commit,,0,,0,0,14.056358020752668,0.37972209975123405
xair,plc_predicate,1,aba,3.0,1,3242,3242,3244,1,6.0,328,1,published_after_gate_recheck,executed:RUN:3244,1,RUN,0,0,23.33716070279479,6.247785873711109
xair,plc_predicate,1,aba,3.0,1,3244,3244,3246,1,6.0,329,1,published_after_gate_recheck,executed:RUN:3246,1,RUN,0,0,21.039043087512255,6.238228175789118
xair_atomic,plc_plain,1,aba,3.0,1,3246,,,0,2.0,330,0,read_set_version_changed_at_commit,,0,,0,0,13.502970803529024,2.2454308345913887
xair_atomic,plc_conditional,1,aba,3.0,1,3248,3248,3249,0,10.0,331,1,authorization_committed,refused:version_changed:3249,0,,0,1,18.934595864266157,10.219714138656855
xair,plc_plain,1,aba,3.0,1,3250,3250,3252,1,4.0,332,1,published_after_gate_recheck,executed:RUN:3252,1,RUN,0,0,19.96251381933689,4.1897171176970005
xair_atomic,plc_plain,1,aba,3.0,1,3252,3252,3254,1,4.0,333,1,authorization_committed,executed:RUN:3254,1,RUN,0,0,17.733783926814795,4.191469866782427
xair,plc_conditional,1,aba,3.0,1,3254,3254,3256,0,6.0,334,1,published_after_gate_recheck,refused:version_changed:3256,0,,0,1,23.26395409181714,6.19752099737525
xair_atomic,plc_predicate,1,aba,3.0,1,3256,,,0,2.0,335,0,read_set_version_changed_at_commit,,0,,0,0,14.986391644924879,2.293671015650034
xair,plc_predicate,1,aba,3.0,1,3258,3258,3258,0,20.0,336,1,published_after_gate_recheck,executed:RUN:3258,1,RUN,0,0,28.39928399771452,20.260663237422705
xair_atomic,plc_predicate,1,aba,3.0,1,3260,3260,3260,0,12.0,337,1,authorization_committed,executed:RUN:3260,1,RUN,0,0,14.823317062109709,12.277412228286266
xair,plc_predicate,1,aba,3.0,1,3262,,,0,0.0,338,0,read_set_version_changed_at_gate,,0,,0,0,17.876231111586094,0.41960738599300385
xair_atomic,plc_conditional,1,aba,3.0,1,3264,3264,3266,0,4.0,339,1,authorization_committed,refused:version_changed:3266,0,,0,1,18.99626199156046,4.203352145850658
xair_atomic,plc_predicate,1,aba,3.0,1,3266,3266,3266,0,20.0,340,1,authorization_committed,executed:RUN:3266,1,RUN,0,0,19.43603716790676,20.256253890693188
xair_atomic,plc_conditional,0,,,1,3268,3268,3268,0,,341,1,authorization_committed,executed:RUN:3268,1,RUN,0,0,20.017406903207302,
xair,plc_plain,1,aba,3.0,1,3268,3268,3269,0,14.0,342,1,published_after_gate_recheck,executed:PAUSED:3269,1,PAUSED,1,0,26.068282779306173,14.255061279982328
xair_atomic,plc_conditional,1,aba,3.0,1,3270,,,0,2.0,343,0,read_set_version_changed_at_commit,,0,,0,0,14.807858038693666,2.2266251035034657
xair_atomic,plc_conditional,1,aba,3.0,1,3272,3272,3273,0,16.0,344,1,authorization_committed,refused:version_changed:3273,0,,0,1,20.787450950592756,16.334800980985165
xair,plc_predicate,1,aba,3.0,1,3274,,,0,0.0,345,0,read_set_version_changed_at_gate,,0,,0,0,17.103862948715687,0.47504017129540443
xair_atomic,plc_predicate,1,aba,3.0,1,3276,3276,3276,0,12.0,346,1,authorization_committed,executed:RUN:3276,1,RUN,0,0,15.701643656939268,12.247205711901188
xair_atomic,plc_conditional,0,,,1,3278,3278,3278,0,,347,1,authorization_committed,executed:RUN:3278,1,RUN,0,0,19.728645216673613,
xair_atomic,plc_plain,1,aba,3.0,1,3278,3278,3280,1,6.0,348,1,authorization_committed,executed:RUN:3280,1,RUN,0,0,23.757569957524538,6.261121015995741
xair,plc_conditional,1,aba,3.0,1,3280,3280,3281,0,14.0,349,1,published_after_gate_recheck,refused:version_changed:3281,0,,0,1,24.25058465451002,14.411034062504768
xair,plc_plain,1,aba,3.0,1,3282,3282,3284,1,10.0,350,1,published_after_gate_recheck,executed:RUN:3284,1,RUN,0,0,26.38852270320058,10.351842269301414
xair,plc_conditional,1,aba,3.0,1,3284,3284,3284,0,20.0,351,1,published_after_gate_recheck,executed:RUN:3284,1,RUN,0,0,21.03084698319435,20.28420614078641
xair,plc_plain,1,aba,3.0,1,3286,,,0,4.0,352,0,read_set_version_changed_at_gate,,0,,0,0,19.677419681102037,4.26474679261446
xair_atomic,plc_plain,1,aba,3.0,1,3288,3288,3289,0,10.0,353,1,authorization_committed,executed:PAUSED:3289,1,PAUSED,1,0,17.207746859639883,10.276470333337784
xair,plc_predicate,1,aba,3.0,1,3290,3290,3291,0,14.0,354,1,published_after_gate_recheck,refused:predicate_false:3291,0,,0,1,22.608324885368347,14.295447152107954
xair,plc_plain,1,aba,3.0,1,3292,3292,3293,0,10.0,355,1,published_after_gate_recheck,executed:PAUSED:3293,1,PAUSED,1,0,22.84289477393031,10.365336667746305
xair,plc_plain,1,aba,3.0,1,3294,,,0,0.0,356,0,precondition_failed: line.state == 'RUN',,0,,0,0,13.284831773489714,0.3132568672299385
xair,plc_conditional,1,aba,3.0,1,3296,,,0,0.0,357,0,read_set_version_changed_at_gate,,0,,0,0,16.885153017938137,0.28811022639274597
xair_atomic,plc_conditional,0,,,1,3298,3298,3298,0,,358,1,authorization_committed,executed:RUN:3298,1,RUN,0,0,15.618348028510809,
xair,plc_plain,1,aba,3.0,1,3298,3298,3299,0,16.0,359,1,published_after_gate_recheck,executed:PAUSED:3299,1,PAUSED,1,0,25.702776852995157,16.294525004923344
xair,plc_plain,1,aba,3.0,1,3300,3300,3302,1,4.0,360,1,published_after_gate_recheck,executed:RUN:3302,1,RUN,0,0,21.99704898521304,4.210354760289192
xair,plc_plain,1,aba,3.0,1,3302,,,0,0.0,361,0,precondition_failed: line.state == 'RUN',,0,,0,0,13.796190731227398,0.40527014061808586
xair_atomic,plc_plain,1,aba,3.0,1,3304,3304,3304,0,16.0,362,1,authorization_committed,executed:RUN:3304,1,RUN,0,0,15.136302914470434,16.201832331717014
xair,plc_plain,1,aba,3.0,1,3306,3306,3306,0,14.0,363,1,published_after_gate_recheck,executed:RUN:3306,1,RUN,0,0,19.403736107051373,14.229122083634138
xair_atomic,plc_plain,1,aba,3.0,1,3308,3308,3308,0,20.0,364,1,authorization_committed,executed:RUN:3308,1,RUN,0,0,23.000039160251617,20.31996287405491
xair_atomic,plc_conditional,1,aba,3.0,1,3310,3310,3312,0,6.0,365,1,authorization_committed,refused:version_changed:3312,0,,0,1,24.84479872509837,6.231494713574648
xair_atomic,plc_predicate,1,aba,3.0,1,3312,3312,3313,0,12.0,366,1,authorization_committed,refused:predicate_false:3313,0,,0,1,21.934942808002234,12.216939125210047
xair,plc_conditional,1,aba,3.0,1,3314,,,0,2.0,367,0,read_set_version_changed_at_gate,,0,,0,0,17.771275248378515,2.2129202261567116
xair_atomic,plc_predicate,1,aba,3.0,1,3316,,,0,0.0,368,0,read_set_version_changed_at_commit,,0,,0,0,15.153075102716684,0.38068369030952454
xair,plc_plain,1,aba,3.0,1,3318,3318,3318,0,16.0,369,1,published_after_gate_recheck,executed:RUN:3318,1,RUN,0,0,22.9857019148767,16.23315131291747
xair,plc_conditional,1,aba,3.0,1,3320,,,0,0.0,370,0,read_set_version_changed_at_gate,,0,,0,0,17.757649067789316,0.3541242331266403
xair,plc_predicate,1,aba,3.0,1,3322,3322,3322,0,20.0,371,1,published_after_gate_recheck,executed:RUN:3322,1,RUN,0,0,24.629144929349422,20.190291106700897
xair_atomic,plc_conditional,1,aba,3.0,1,3324,3324,3324,0,20.0,372,1,authorization_committed,executed:RUN:3324,1,RUN,0,0,18.762542866170406,20.285107661038637
xair,plc_conditional,1,aba,3.0,1,3326,,,0,2.0,373,0,read_set_version_changed_at_gate,,0,,0,0,17.493173014372587,2.2495179437100887
xair,plc_predicate,1,aba,3.0,1,3328,3328,3330,1,6.0,374,1,published_after_gate_recheck,executed:RUN:3330,1,RUN,0,0,27.994615025818348,6.204444915056229
xair,plc_predicate,1,aba,3.0,1,3330,,,0,4.0,375,0,read_set_version_changed_at_gate,,0,,0,0,20.35080175846815,4.18768310919404
xair_atomic,plc_conditional,1,aba,3.0,1,3332,3332,3334,0,4.0,376,1,authorization_committed,refused:version_changed:3334,0,,0,1,19.829735159873962,4.216205794364214
xair,plc_predicate,1,aba,3.0,1,3334,3334,3336,1,6.0,377,1,published_after_gate_recheck,executed:RUN:3336,1,RUN,0,0,24.291541893035173,6.276439875364304
xair_atomic,plc_conditional,1,aba,3.0,1,3336,3336,3337,0,10.0,378,1,authorization_committed,refused:version_changed:3337,0,,0,1,18.53519817814231,10.205487255007029
xair,plc_conditional,1,aba,3.0,1,3338,3338,3339,0,16.0,379,1,published_after_gate_recheck,refused:version_changed:3339,0,,0,1,40.639227256178856,16.18879707530141
xair,plc_plain,1,aba,3.0,1,3340,3340,3342,1,6.0,380,1,published_after_gate_recheck,executed:RUN:3342,1,RUN,0,0,29.06914008781314,6.292509846389294
xair,plc_conditional,1,aba,3.0,1,3342,3342,3344,0,10.0,381,1,published_after_gate_recheck,refused:version_changed:3344,0,,0,1,32.07806218415499,10.19078865647316
xair_atomic,plc_predicate,1,aba,3.0,1,3344,3344,3344,0,14.0,382,1,authorization_committed,executed:RUN:3344,1,RUN,0,0,17.83668715506792,14.321685768663883
xair_atomic,plc_conditional,1,aba,3.0,1,3346,3346,3347,0,10.0,383,1,authorization_committed,refused:version_changed:3347,0,,0,1,23.107450921088457,10.315433610230684
xair,plc_predicate,0,,,1,3348,3348,3348,0,,384,1,published_after_gate_recheck,executed:RUN:3348,1,RUN,0,0,30.100764241069555,
xair,plc_predicate,1,aba,3.0,1,3348,3348,3349,0,12.0,385,1,published_after_gate_recheck,refused:predicate_false:3349,0,,0,1,19.575948361307383,12.568847741931677
xair,plc_predicate,1,aba,3.0,1,3350,,,0,0.0,386,0,read_set_version_changed_at_gate,,0,,0,0,16.72003325074911,0.3454182296991348
xair,plc_conditional,0,,,1,3352,3352,3352,0,,387,1,published_after_gate_recheck,executed:RUN:3352,1,RUN,0,0,25.515456218272448,
xair,plc_plain,1,aba,3.0,1,3352,3352,3354,1,6.0,388,1,published_after_gate_recheck,executed:RUN:3354,1,RUN,0,0,24.131360929459333,6.218249909579754
xair,plc_predicate,1,aba,3.0,1,3354,3354,3356,1,4.0,389,1,published_after_gate_recheck,executed:RUN:3356,1,RUN,0,0,20.913406275212765,4.226235207170248
xair_atomic,plc_plain,1,aba,3.0,1,3356,,,0,2.0,390,0,read_set_version_changed_at_commit,,0,,0,0,15.797312837094069,2.21850024536252
xair,plc_predicate,0,,,1,3358,3358,3358,0,,391,1,published_after_gate_recheck,executed:RUN:3358,1,RUN,0,0,25.434615090489388,
xair_atomic,plc_plain,1,aba,3.0,1,3358,,,0,2.0,392,0,read_set_version_changed_at_commit,,0,,0,0,15.506837982684374,2.2315047681331635
xair,plc_predicate,1,aba,3.0,1,3360,3360,3362,1,8.0,393,1,published_after_gate_recheck,executed:RUN:3362,1,RUN,0,0,26.85503801330924,8.208432700484991
xair,plc_conditional,1,aba,3.0,1,3362,3362,3364,0,8.0,394,1,published_after_gate_recheck,refused:version_changed:3364,0,,0,1,22.362262941896915,8.208202198147774
xair_atomic,plc_plain,1,aba,3.0,1,3364,3364,3364,0,20.0,395,1,authorization_committed,executed:RUN:3364,1,RUN,0,0,19.283520989120007,20.195821300148964
xair,plc_conditional,1,aba,3.0,1,3366,3366,3367,0,14.0,396,1,published_after_gate_recheck,refused:version_changed:3367,0,,0,1,25.845014955848455,14.376849867403507
xair,plc_conditional,1,aba,3.0,1,3368,,,0,0.0,397,0,precondition_failed: line.state == 'RUN',,0,,0,0,12.307709082961082,0.23294705897569656
xair,plc_conditional,1,aba,3.0,1,3370,3370,3371,0,8.0,398,1,published_after_gate_recheck,refused:version_changed:3371,0,,0,1,20.66579321399331,8.207309991121292
xair_atomic,plc_conditional,1,aba,3.0,1,3372,3372,3374,0,4.0,399,1,authorization_committed,refused:version_changed:3374,0,,0,1,15.922858845442533,4.208842292428017
xair,plc_conditional,1,aba,3.0,1,3374,3374,3375,0,14.0,400,1,published_after_gate_recheck,refused:version_changed:3375,0,,0,1,25.59270104393363,14.200629200786352
xair_atomic,plc_plain,1,aba,3.0,1,3376,3376,3376,0,16.0,401,1,authorization_committed,executed:RUN:3376,1,RUN,0,0,15.57454513385892,16.154523007571697
xair,plc_plain,0,,,1,3378,3378,3378,0,,402,1,published_after_gate_recheck,executed:RUN:3378,1,RUN,0,0,28.957310132682323,
xair,plc_plain,1,aba,3.0,1,3378,,,0,0.0,403,0,read_set_version_changed_at_gate,,0,,0,0,18.93510716035962,0.29170699417591095
xair_atomic,plc_conditional,1,aba,3.0,1,3380,,,0,2.0,404,0,read_set_version_changed_at_commit,,0,,0,0,17.16593001037836,2.2319648414850235
xair_atomic,plc_conditional,1,aba,3.0,1,3382,,,0,0.0,405,0,read_set_version_changed_at_commit,,0,,0,0,14.203453902155161,0.3716968931257725
xair_atomic,plc_predicate,1,aba,3.0,1,3384,3384,3385,0,6.0,406,1,authorization_committed,refused:predicate_false:3385,0,,0,1,15.93994116410613,6.304602138698101
xair_atomic,plc_predicate,1,aba,3.0,1,3386,3386,3387,0,14.0,407,1,authorization_committed,refused:predicate_false:3387,0,,0,1,22.334842011332512,14.22571623697877
xair_atomic,plc_predicate,1,aba,3.0,1,3388,3388,3388,0,20.0,408,1,authorization_committed,executed:RUN:3388,1,RUN,0,0,21.047138143330812,20.20004903897643
xair_atomic,plc_predicate,1,aba,3.0,1,3390,3390,3392,1,10.0,409,1,authorization_committed,executed:RUN:3392,1,RUN,0,0,23.364763241261244,10.222218930721283
xair,plc_plain,1,aba,3.0,1,3392,3392,3393,0,10.0,410,1,published_after_gate_recheck,executed:PAUSED:3393,1,PAUSED,1,0,23.452267050743103,10.336142033338547
xair,plc_conditional,1,aba,3.0,1,3394,3394,3394,0,14.0,411,1,published_after_gate_recheck,executed:RUN:3394,1,RUN,0,0,18.69749091565609,14.242216944694519
xair,plc_plain,1,aba,3.0,1,3396,3396,3398,1,8.0,412,1,published_after_gate_recheck,executed:RUN:3398,1,RUN,0,0,27.567313984036446,8.219884242862463
xair_atomic,plc_conditional,1,aba,3.0,1,3398,3398,3398,0,20.0,413,1,authorization_committed,executed:RUN:3398,1,RUN,0,0,18.728799652308226,20.20933572202921
xair,plc_predicate,1,aba,3.0,1,3400,3400,3402,1,4.0,414,1,published_after_gate_recheck,executed:RUN:3402,1,RUN,0,0,25.231733918190002,4.329318646341562
xair_atomic,plc_plain,0,,,1,3402,3402,3402,0,,415,1,authorization_committed,executed:RUN:3402,1,RUN,0,0,19.938739016652107,
xair,plc_conditional,1,aba,3.0,1,3402,3402,3403,0,16.0,416,1,published_after_gate_recheck,refused:version_changed:3403,0,,0,1,25.580267887562513,16.224374063313007
xair_atomic,plc_predicate,1,aba,3.0,1,3404,,,0,2.0,417,0,read_set_version_changed_at_commit,,0,,0,0,15.125363133847713,2.2716899402439594
xair,plc_predicate,1,aba,3.0,1,3406,3406,3407,0,12.0,418,1,published_after_gate_recheck,refused:predicate_false:3407,0,,0,1,24.23385391011834,12.244420126080513
xair,plc_conditional,1,aba,3.0,1,3408,3408,3408,0,16.0,419,1,published_after_gate_recheck,executed:RUN:3408,1,RUN,0,0,20.277935080230236,16.20623003691435
xair_atomic,plc_conditional,0,,,1,3410,3410,3410,0,,420,1,authorization_committed,executed:RUN:3410,1,RUN,0,0,25.492412969470024,
xair_atomic,plc_predicate,1,aba,3.0,1,3410,3410,3411,0,16.0,421,1,authorization_committed,refused:predicate_false:3411,0,,0,1,20.55412344634533,16.27432694658637
xair,plc_predicate,1,aba,3.0,1,3412,3412,3413,0,10.0,422,1,published_after_gate_recheck,refused:predicate_false:3413,0,,0,1,20.34692419692874,10.229612700641155
xair,plc_predicate,1,aba,3.0,1,3414,3414,3415,0,14.0,423,1,published_after_gate_recheck,refused:predicate_false:3415,0,,0,1,23.56377663090825,14.193115290254354
xair,plc_predicate,1,aba,3.0,1,3416,3416,3418,1,8.0,424,1,published_after_gate_recheck,executed:RUN:3418,1,RUN,0,0,21.723515819758177,8.197902701795101
xair_atomic,plc_conditional,1,aba,3.0,1,3418,3418,3419,0,10.0,425,1,authorization_committed,refused:version_changed:3419,0,,0,1,18.67680298164487,10.285486932843924
xair_atomic,plc_plain,1,aba,3.0,1,3420,,,0,2.0,426,0,read_set_version_changed_at_commit,,0,,0,0,15.13538183644414,2.2404612973332405
xair_atomic,plc_predicate,1,aba,3.0,1,3422,3422,3423,0,10.0,427,1,authorization_committed,refused:predicate_false:3423,0,,0,1,16.903436742722988,10.2030117996037
xair,plc_plain,1,aba,3.0,1,3424,,,0,0.0,428,0,read_set_version_changed_at_gate,,0,,0,0,17.45688496157527,0.33694179728627205
xair,plc_predicate,1,aba,3.0,1,3426,3426,3427,0,16.0,429,1,published_after_gate_recheck,refused:predicate_false:3427,0,,0,1,28.441142290830612,16.218151897192
xair_atomic,plc_plain,0,,,1,3428,3428,3428,0,,430,1,authorization_committed,executed:RUN:3428,1,RUN,0,0,25.85592493414879,
xair_atomic,plc_plain,1,aba,3.0,1,3428,,,0,0.0,431,0,read_set_version_changed_at_commit,,0,,0,0,15.676256269216537,0.34411484375596046
xair,plc_plain,1,aba,3.0,1,3430,3430,3431,0,10.0,432,1,published_after_gate_recheck,executed:PAUSED:3431,1,PAUSED,1,0,19.5101760327816,10.276650078594685
xair,plc_predicate,1,aba,3.0,1,3432,,,0,0.0,433,0,precondition_failed: line.state == 'RUN',,0,,0,0,13.733111787587404,0.3787199966609478
xair_atomic,plc_predicate,1,aba,3.0,1,3434,3434,3436,1,4.0,434,1,authorization_committed,executed:RUN:3436,1,RUN,0,0,19.001612439751625,4.268554039299488
xair_atomic,plc_predicate,1,aba,3.0,1,3436,,,0,2.0,435,0,read_set_version_changed_at_commit,,0,,0,0,18.563310150057077,2.4026050232350826
xair_atomic,plc_predicate,1,aba,3.0,1,3438,3438,3439,0,12.0,436,1,authorization_committed,refused:predicate_false:3439,0,,0,1,20.840609911829233,12.376298196613789
xair,plc_plain,1,aba,3.0,1,3440,3440,3440,0,20.0,437,1,published_after_gate_recheck,executed:RUN:3440,1,RUN,0,0,23.81440717726946,20.245122723281384
xair_atomic,plc_plain,1,aba,3.0,1,3442,,,0,2.0,438,0,read_set_version_changed_at_commit,,0,,0,0,14.669287949800491,2.216386143118143
xair,plc_plain,1,aba,3.0,1,3444,,,0,4.0,439,0,read_set_version_changed_at_gate,,0,,0,0,20.10031184181571,4.332655109465122
xair,plc_plain,0,,,1,3446,3446,3446,0,,440,1,published_after_gate_recheck,executed:RUN:3446,1,RUN,0,0,30.62893496826291,
xair,plc_predicate,1,aba,3.0,1,3446,,,0,2.0,441,0,read_set_version_changed_at_gate,,0,,0,0,21.02545602247119,2.26328382268548
xair_atomic,plc_conditional,1,aba,3.0,1,3448,,,0,4.0,442,0,read_set_version_changed_at_commit,,0,,0,0,18.54175003245473,4.307727795094252
xair_atomic,plc_predicate,1,aba,3.0,1,3450,3450,3452,1,4.0,443,1,authorization_committed,executed:RUN:3452,1,RUN,0,0,15.038460027426481,4.3066758662462234
xair,plc_plain,1,aba,3.0,1,3452,3452,3453,0,12.0,444,1,published_after_gate_recheck,executed:PAUSED:3453,1,PAUSED,1,0,21.470289677381516,12.273625005036592
xair_atomic,plc_plain,1,aba,3.0,1,3454,,,0,2.0,445,0,read_set_version_changed_at_commit,,0,,0,0,16.98663318529725,2.2896239534020424
xair_atomic,plc_conditional,1,aba,3.0,1,3456,,,0,2.0,446,0,read_set_version_changed_at_commit,,0,,0,0,15.744063071906567,2.266970928758383
xair,plc_predicate,1,aba,3.0,1,3458,3458,3459,0,16.0,447,1,published_after_gate_recheck,refused:predicate_false:3459,0,,0,1,25.829175021499395,16.190399881452322
xair_atomic,plc_conditional,1,aba,3.0,1,3460,3460,3462,0,6.0,448,1,authorization_committed,refused:version_changed:3462,0,,0,1,16.470555681735277,6.202580872923136
xair,plc_plain,1,aba,3.0,1,3462,3462,3463,0,8.0,449,1,published_after_gate_recheck,executed:PAUSED:3463,1,PAUSED,1,0,20.008789841085672,8.245902135968208
xair_atomic,plc_plain,1,aba,3.0,1,3464,3464,3465,0,8.0,450,1,authorization_committed,executed:PAUSED:3465,1,PAUSED,1,0,17.178733833134174,8.239409886300564
xair_atomic,plc_conditional,1,aba,3.0,1,3466,3466,3468,0,6.0,451,1,authorization_committed,refused:version_changed:3468,0,,0,1,22.12505927309394,6.197622045874596
xair_atomic,plc_predicate,1,aba,3.0,1,3468,,,0,0.0,452,0,read_set_version_changed_at_commit,,0,,0,0,14.180691912770271,0.3954418934881687
xair,plc_plain,1,aba,3.0,1,3470,3470,3471,0,8.0,453,1,published_after_gate_recheck,executed:PAUSED:3471,1,PAUSED,1,0,20.36595018580556,8.16930877044797
xair,plc_predicate,1,aba,3.0,1,3472,3472,3473,0,12.0,454,1,published_after_gate_recheck,refused:predicate_false:3473,0,,0,1,20.485623739659786,12.146367225795984
xair_atomic,plc_plain,1,aba,3.0,1,3474,3474,3474,0,20.0,455,1,authorization_committed,executed:RUN:3474,1,RUN,0,0,18.945266027003527,20.235175266861916
xair,plc_plain,1,aba,3.0,1,3476,,,0,2.0,456,0,read_set_version_changed_at_gate,,0,,0,0,17.274672631174326,2.210825216025114
xair_atomic,plc_plain,1,aba,3.0,1,3478,3478,3478,0,16.0,457,1,authorization_committed,executed:RUN:3478,1,RUN,0,0,15.226873103529215,16.1970523186028
xair,plc_predicate,0,,,1,3480,3480,3480,0,,458,1,published_after_gate_recheck,executed:RUN:3480,1,RUN,0,0,28.004273772239685,
xair,plc_predicate,1,aba,3.0,1,3480,3480,3480,0,16.0,459,1,published_after_gate_recheck,executed:RUN:3480,1,RUN,0,0,20.114007871598005,16.255632042884827
xair_atomic,plc_conditional,1,aba,3.0,1,3482,3482,3484,0,4.0,460,1,authorization_committed,refused:version_changed:3484,0,,0,1,24.255433585494757,4.213240928947926
xair_atomic,plc_plain,1,aba,3.0,1,3484,3484,3486,1,8.0,461,1,authorization_committed,executed:RUN:3486,1,RUN,0,0,22.758066188544035,8.235744200646877
xair,plc_plain,1,aba,3.0,1,3486,,,0,2.0,462,0,read_set_version_changed_at_gate,,0,,0,0,17.46546197682619,2.1858690306544304
xair,plc_plain,1,aba,3.0,1,3488,3488,3488,0,14.0,463,1,published_after_gate_recheck,executed:RUN:3488,1,RUN,0,0,18.19632202386856,14.19941708445549
xair_atomic,plc_predicate,1,aba,3.0,1,3490,,,0,2.0,464,0,read_set_version_changed_at_commit,,0,,0,0,14.97639436274767,2.198072150349617
xair,plc_plain,1,aba,3.0,1,3492,3492,3493,0,14.0,465,1,published_after_gate_recheck,executed:PAUSED:3493,1,PAUSED,1,0,24.0091010928154,14.194937888532877
xair,plc_conditional,1,aba,3.0,1,3494,3494,3494,0,16.0,466,1,published_after_gate_recheck,executed:RUN:3494,1,RUN,0,0,24.908789433538914,16.211469192057848
xair_atomic,plc_plain,1,aba,3.0,1,3496,3496,3497,0,16.0,467,1,authorization_committed,executed:PAUSED:3497,1,PAUSED,1,0,22.155215963721275,16.32383093237877
xair,plc_plain,1,aba,3.0,1,3498,3498,3499,0,12.0,468,1,published_after_gate_recheck,executed:PAUSED:3499,1,PAUSED,1,0,24.546779692173004,12.194427195936441
xair,plc_predicate,1,aba,3.0,1,3500,3500,3500,0,20.0,469,1,published_after_gate_recheck,executed:RUN:3500,1,RUN,0,0,21.389268804341555,20.195831079035997
xair,plc_predicate,1,aba,3.0,1,3502,3502,3503,0,14.0,470,1,published_after_gate_recheck,refused:predicate_false:3503,0,,0,1,25.18533729016781,14.189647976309061
xair_atomic,plc_plain,1,aba,3.0,1,3504,3504,3505,0,12.0,471,1,authorization_committed,executed:PAUSED:3505,1,PAUSED,1,0,16.47722814232111,12.175561860203743
xair,plc_plain,1,aba,3.0,1,3506,,,0,2.0,472,0,read_set_version_changed_at_gate,,0,,0,0,17.301693558692932,2.1655107848346233
xair,plc_plain,0,,,1,3508,3508,3508,0,,473,1,published_after_gate_recheck,executed:RUN:3508,1,RUN,0,0,26.73800801858306,
xair,plc_predicate,1,aba,3.0,1,3508,3508,3509,0,12.0,474,1,published_after_gate_recheck,refused:predicate_false:3509,0,,0,1,21.21055405586958,12.267995160073042
xair,plc_predicate,1,aba,3.0,1,3510,,,0,2.0,475,0,read_set_version_changed_at_gate,,0,,0,0,18.299604766070843,2.289152704179287
xair_atomic,plc_plain,1,aba,3.0,1,3512,3512,3513,0,14.0,476,1,authorization_committed,executed:PAUSED:3513,1,PAUSED,1,0,23.73474696651101,14.216798823326826
xair_atomic,plc_predicate,1,aba,3.0,1,3514,3514,3515,0,10.0,477,1,authorization_committed,refused:predicate_false:3515,0,,0,1,16.992454417049885,10.178917087614536
xair_atomic,plc_conditional,1,aba,3.0,1,3516,3516,3518,0,8.0,478,1,authorization_committed,refused:version_changed:3518,0,,0,1,19.892442040145397,8.197091054171324
xair,plc_conditional,1,aba,3.0,1,3518,3518,3518,0,16.0,479,1,published_after_gate_recheck,executed:RUN:3518,1,RUN,0,0,22.20754325389862,16.216108109802008
xair,plc_predicate,1,aba,3.0,1,3520,,,0,4.0,480,0,read_set_version_changed_at_gate,,0,,0,0,19.800439942628145,4.1939448565244675
xair,plc_plain,1,aba,3.0,1,3522,3522,3523,0,10.0,481,1,published_after_gate_recheck,executed:PAUSED:3523,1,PAUSED,1,0,22.326807025820017,10.302809998393059
xair_atomic,plc_conditional,1,aba,3.0,1,3524,,,0,0.0,482,0,read_set_version_changed_at_commit,,0,,0,0,14.244672376662493,0.34713139757514
xair,plc_predicate,1,aba,3.0,1,3526,3526,3528,1,4.0,483,1,published_after_gate_recheck,executed:RUN:3528,1,RUN,0,0,23.67369318380952,4.176812246441841
xair,plc_plain,1,aba,3.0,1,3528,3528,3530,1,6.0,484,1,published_after_gate_recheck,executed:RUN:3530,1,RUN,0,0,21.783187054097652,6.2279291450977325
xair_atomic,plc_plain,1,aba,3.0,1,3530,3530,3532,1,4.0,485,1,authorization_committed,executed:RUN:3532,1,RUN,0,0,19.28796898573637,4.257182590663433
xair_atomic,plc_plain,1,aba,3.0,1,3532,3532,3534,1,8.0,486,1,authorization_committed,executed:RUN:3534,1,RUN,0,0,18.799172714352608,8.221667259931564
xair_atomic,plc_plain,0,,,1,3534,3534,3534,0,,487,1,authorization_committed,executed:RUN:3534,1,RUN,0,0,19.66475509107113,
xair,plc_predicate,1,aba,3.0,1,3534,3534,3536,1,6.0,488,1,published_after_gate_recheck,executed:RUN:3536,1,RUN,0,0,25.700333062559366,6.238569039851427
xair,plc_plain,1,aba,3.0,1,3536,3536,3538,1,8.0,489,1,published_after_gate_recheck,executed:RUN:3538,1,RUN,0,0,22.12546905502677,8.158199023455381
xair,plc_plain,1,aba,3.0,1,3538,3538,3540,1,6.0,490,1,published_after_gate_recheck,executed:RUN:3540,1,RUN,0,0,22.159173153340816,6.183736026287079
xair_atomic,plc_predicate,1,aba,3.0,1,3540,,,0,0.0,491,0,read_set_version_changed_at_commit,,0,,0,0,13.414795976132154,0.25171181187033653
xair,plc_predicate,1,aba,3.0,1,3542,3542,3543,0,8.0,492,1,published_after_gate_recheck,refused:predicate_false:3543,0,,0,1,18.815954215824604,8.297920692712069
xair_atomic,plc_conditional,0,,,1,3544,3544,3544,0,,493,1,authorization_committed,executed:RUN:3544,1,RUN,0,0,23.05834786966443,
xair_atomic,plc_predicate,1,aba,3.0,1,3544,,,0,2.0,494,0,read_set_version_changed_at_commit,,0,,0,0,15.40678134188056,2.219792455434799
xair_atomic,plc_plain,1,aba,3.0,1,3546,,,0,2.0,495,0,read_set_version_changed_at_commit,,0,,0,0,13.678650837391615,2.2366740740835667
xair,plc_predicate,1,aba,3.0,1,3548,3548,3549,0,12.0,496,1,published_after_gate_recheck,refused:predicate_false:3549,0,,0,1,23.55355815961957,12.180119752883911
xair,plc_predicate,1,aba,3.0,1,3550,3550,3550,0,20.0,497,1,published_after_gate_recheck,executed:RUN:3550,1,RUN,0,0,18.912524916231632,20.1896489597857
xair_atomic,plc_conditional,1,aba,3.0,1,3552,3552,3553,0,10.0,498,1,authorization_committed,refused:version_changed:3553,0,,0,1,19.89771192893386,10.198925156146288
xair,plc_predicate,1,aba,3.0,1,3554,3554,3555,0,14.0,499,1,published_after_gate_recheck,refused:predicate_false:3555,0,,0,1,26.711368933320045,14.190019108355045
xair_atomic,plc_conditional,1,aba,3.0,1,3556,3556,3556,0,14.0,500,1,authorization_committed,executed:RUN:3556,1,RUN,0,0,14.742354862391949,14.225115068256855
xair_atomic,plc_plain,1,aba,3.0,1,3558,3558,3560,1,10.0,501,1,authorization_committed,executed:RUN:3560,1,RUN,0,0,24.41185712814331,10.310434270650148
xair_atomic,plc_conditional,1,aba,3.0,1,3560,,,0,2.0,502,0,read_set_version_changed_at_commit,,0,,0,0,16.856058035045862,3.560826648026705
xair,plc_plain,1,aba,3.0,1,3562,3562,3564,1,12.0,503,1,published_after_gate_recheck,executed:RUN:3564,1,RUN,0,0,32.43745677173138,14.423065818846226
xair,plc_predicate,1,aba,3.0,1,3564,3564,3566,1,20.0,504,1,published_after_gate_recheck,executed:RUN:3566,1,RUN,0,0,44.202438089996576,20.25117538869381
xair_atomic,plc_plain,1,aba,3.0,1,3566,,,0,0.0,505,0,read_set_version_changed_at_commit,,0,,0,0,16.513496171683073,0.2518128603696823
xair,plc_plain,1,aba,3.0,1,3568,,,0,4.0,506,0,read_set_version_changed_at_gate,,0,,0,0,21.068087313324213,4.196508787572384
xair,plc_predicate,1,aba,3.0,1,3570,3570,3570,0,20.0,507,1,published_after_gate_recheck,executed:RUN:3570,1,RUN,0,0,26.357595343142748,21.55596110969782
xair,plc_predicate,1,aba,3.0,1,3572,3572,3573,0,12.0,508,1,published_after_gate_recheck,refused:predicate_false:3573,0,,0,1,18.8921969383955,12.16378016397357
xair,plc_plain,1,aba,3.0,1,3574,3574,3574,0,20.0,509,1,published_after_gate_recheck,executed:RUN:3574,1,RUN,0,0,23.042389191687107,20.247609354555607
xair_atomic,plc_conditional,1,aba,3.0,1,3576,3576,3576,0,20.0,510,1,authorization_committed,executed:RUN:3576,1,RUN,0,0,16.65564300492406,20.269889384508133
xair,plc_predicate,1,aba,3.0,1,3578,3578,3578,0,16.0,511,1,published_after_gate_recheck,executed:RUN:3578,1,RUN,0,0,23.188622668385506,16.224634367972612
xair_atomic,plc_predicate,1,aba,3.0,1,3580,,,0,2.0,512,0,read_set_version_changed_at_commit,,0,,0,0,15.19877091050148,2.222237177193165
xair_atomic,plc_plain,1,aba,3.0,1,3582,3582,3584,1,8.0,513,1,authorization_committed,executed:RUN:3584,1,RUN,0,0,22.12330512702465,8.173227310180664
xair_atomic,plc_conditional,1,aba,3.0,1,3584,3584,3585,0,14.0,514,1,authorization_committed,refused:version_changed:3585,0,,0,1,19.1506608389318,14.17733496055007
xair_atomic,plc_predicate,1,aba,3.0,1,3586,3586,3588,1,8.0,515,1,authorization_committed,executed:RUN:3588,1,RUN,0,0,20.849998109042645,8.215575944632292
xair,plc_predicate,0,,,1,3588,3588,3588,0,,516,1,published_after_gate_recheck,executed:RUN:3588,1,RUN,0,0,18.48627533763647,
xair_atomic,plc_conditional,1,aba,3.0,1,3588,3588,3588,0,20.0,517,1,authorization_committed,executed:RUN:3588,1,RUN,0,0,18.00952199846506,21.655729040503502
xair_atomic,plc_conditional,1,aba,3.0,1,3590,3590,3591,0,14.0,518,1,authorization_committed,refused:version_changed:3591,0,,0,1,18.839077092707157,14.218763448297977
xair,plc_conditional,1,aba,3.0,1,3592,,,0,2.0,519,0,read_set_version_changed_at_gate,,0,,0,0,18.411905970424414,2.261631190776825
xair_atomic,plc_conditional,1,aba,3.0,1,3594,3594,3595,0,10.0,520,1,authorization_committed,refused:version_changed:3595,0,,0,1,18.859203904867172,10.204716119915247
xair,plc_conditional,1,aba,3.0,1,3596,3596,3598,0,14.0,521,1,published_after_gate_recheck,refused:version_changed:3598,0,,0,1,35.81574186682701,14.230645261704922
xair,plc_predicate,1,aba,3.0,1,3598,3598,3599,0,12.0,522,1,published_after_gate_recheck,refused:predicate_false:3599,0,,0,1,22.111894097179174,12.201531324535608
xair_atomic,plc_predicate,1,aba,3.0,1,3600,3600,3601,0,10.0,523,1,authorization_committed,refused:predicate_false:3601,0,,0,1,15.464980155229568,10.261232033371925
xair,plc_plain,1,aba,3.0,1,3602,3602,3602,0,20.0,524,1,published_after_gate_recheck,executed:RUN:3602,1,RUN,0,0,22.598606999963522,20.224223844707012
xair,plc_plain,0,,,1,3604,3604,3604,0,,525,1,published_after_gate_recheck,executed:RUN:3604,1,RUN,0,0,21.787405014038086,
xair,plc_conditional,1,aba,3.0,1,3604,3604,3605,0,10.0,526,1,published_after_gate_recheck,refused:version_changed:3605,0,,0,1,23.531716782599688,10.176392272114754
xair,plc_conditional,1,aba,3.0,1,3606,3606,3606,0,14.0,527,1,published_after_gate_recheck,executed:RUN:3606,1,RUN,0,0,19.97385499998927,14.194036833941936
xair_atomic,plc_plain,1,aba,3.0,1,3608,3608,3609,0,6.0,528,1,authorization_committed,executed:PAUSED:3609,1,PAUSED,1,0,15.77010191977024,6.1689079739153385
xair_atomic,plc_plain,1,aba,3.0,1,3610,3610,3610,0,16.0,529,1,authorization_committed,executed:RUN:3610,1,RUN,0,0,18.40815879404545,16.293544322252274
xair,plc_plain,1,aba,3.0,1,3612,3612,3612,0,14.0,530,1,published_after_gate_recheck,executed:RUN:3612,1,RUN,0,0,17.399266827851534,14.212029986083508
xair,plc_conditional,1,aba,3.0,1,3614,3614,3614,0,16.0,531,1,published_after_gate_recheck,executed:RUN:3614,1,RUN,0,0,21.33573917672038,16.308752354234457
xair,plc_plain,1,aba,3.0,1,3616,,,0,4.0,532,0,read_set_version_changed_at_gate,,0,,0,0,20.044818054884672,4.195678047835827
xair,plc_plain,1,aba,3.0,1,3618,3618,3620,1,12.0,533,1,published_after_gate_recheck,executed:RUN:3620,1,RUN,0,0,27.27620769292116,12.205107137560844
xair_atomic,plc_predicate,1,aba,3.0,1,3620,3620,3622,1,4.0,534,1,authorization_committed,executed:RUN:3622,1,RUN,0,0,19.451876170933247,4.15089400485158
xair_atomic,plc_predicate,1,aba,3.0,1,3622,,,0,0.0,535,0,read_set_version_changed_at_commit,,0,,0,0,14.255041256546974,1.4208341017365456
xair,plc_plain,1,aba,3.0,1,3624,,,0,2.0,536,0,read_set_version_changed_at_gate,,0,,0,0,17.019844613969326,2.28515500202775
xair,plc_predicate,1,aba,3.0,1,3626,3626,3627,0,12.0,537,1,published_after_gate_recheck,refused:predicate_false:3627,0,,0,1,21.64266398176551,12.274506967514753
xair_atomic,plc_predicate,1,aba,3.0,1,3628,3628,3629,0,12.0,538,1,authorization_committed,refused:predicate_false:3629,0,,0,1,17.61685498058796,12.2053069062531
xair_atomic,plc_predicate,1,aba,3.0,1,3630,3630,3630,0,16.0,539,1,authorization_committed,executed:RUN:3630,1,RUN,0,0,17.895346973091364,16.222019214183092
xair_atomic,plc_conditional,1,aba,3.0,1,3632,3632,3634,0,12.0,540,1,authorization_committed,refused:version_changed:3634,0,,0,1,23.957404773682356,12.245962861925364
xair_atomic,plc_conditional,1,aba,3.0,1,3634,3634,3635,0,8.0,541,1,authorization_committed,refused:version_changed:3635,0,,0,1,18.50265683606267,8.22471221908927
xair,plc_conditional,1,aba,3.0,1,3636,3636,3637,0,12.0,542,1,published_after_gate_recheck,refused:version_changed:3637,0,,0,1,25.09919600561261,12.241294141858816
xair_atomic,plc_predicate,1,aba,3.0,1,3638,3638,3640,1,4.0,543,1,authorization_committed,executed:RUN:3640,1,RUN,0,0,17.217676155269146,4.235482774674892
xair_atomic,plc_plain,1,aba,3.0,1,3640,3640,3640,0,20.0,544,1,authorization_committed,executed:RUN:3640,1,RUN,0,0,18.037653993815184,20.23202832788229
xair_atomic,plc_predicate,0,,,1,3642,3642,3642,0,,545,1,authorization_committed,executed:RUN:3642,1,RUN,0,0,22.569792345166206,
xair_atomic,plc_predicate,1,aba,3.0,1,3642,3642,3643,0,14.0,546,1,authorization_committed,refused:predicate_false:3643,0,,0,1,22.47569616883993,14.20989679172635
xair_atomic,plc_predicate,1,aba,3.0,1,3644,3644,3646,1,8.0,547,1,authorization_committed,executed:RUN:3646,1,RUN,0,0,20.258399192243814,8.284955751150846
xair_atomic,plc_predicate,1,aba,3.0,1,3646,3646,3647,0,10.0,548,1,authorization_committed,refused:predicate_false:3647,0,,0,1,17.02798018231988,11.498392093926668
xair,plc_plain,1,aba,3.0,1,3648,3648,3649,0,10.0,549,1,published_after_gate_recheck,executed:PAUSED:3649,1,PAUSED,1,0,21.397153846919537,10.292711202055216
xair,plc_predicate,0,,,1,3650,3650,3650,0,,550,1,published_after_gate_recheck,executed:RUN:3650,1,RUN,0,0,18.08416098356247,
xair_atomic,plc_conditional,1,aba,3.0,1,3650,3650,3652,0,4.0,551,1,authorization_committed,refused:version_changed:3652,0,,0,1,19.347019959241152,4.254257772117853
xair,plc_plain,1,aba,3.0,1,3652,3652,3654,1,8.0,552,1,published_after_gate_recheck,executed:RUN:3654,1,RUN,0,0,24.082369171082973,8.232768159359694
xair,plc_predicate,1,aba,3.0,1,3654,,,0,2.0,553,0,read_set_version_changed_at_gate,,0,,0,0,18.84838379919529,2.2145123220980167
xair,plc_conditional,0,,,1,3656,3656,3656,0,,554,1,published_after_gate_recheck,executed:RUN:3656,1,RUN,0,0,24.453403893858194,
xair,plc_conditional,1,aba,3.0,1,3656,,,0,0.0,555,0,read_set_version_changed_at_gate,,0,,0,0,17.37583288922906,0.2975882962346077
xair_atomic,plc_predicate,1,aba,3.0,1,3658,3658,3658,0,20.0,556,1,authorization_committed,executed:RUN:3658,1,RUN,0,0,24.61598999798298,20.22912399843335
xair,plc_conditional,1,aba,3.0,1,3660,3660,3662,0,4.0,557,1,published_after_gate_recheck,refused:version_changed:3662,0,,0,1,19.963053986430168,4.238678142428398
xair,plc_plain,1,aba,3.0,1,3662,3662,3662,0,20.0,558,1,published_after_gate_recheck,executed:RUN:3662,1,RUN,0,0,19.14217509329319,20.256274845451117
xair_atomic,plc_predicate,1,aba,3.0,1,3664,3664,3666,1,6.0,559,1,authorization_committed,executed:RUN:3666,1,RUN,0,0,26.497236918658018,6.174467969685793
xair_atomic,plc_predicate,1,aba,3.0,1,3666,3666,3667,0,14.0,560,1,authorization_committed,refused:predicate_false:3667,0,,0,1,22.87149801850319,14.252395834773779
xair_atomic,plc_conditional,1,aba,3.0,1,3668,3668,3669,0,12.0,561,1,authorization_committed,refused:version_changed:3669,0,,0,1,21.272229962050915,12.250712607055902
xair,plc_conditional,1,aba,3.0,1,3670,3670,3671,0,12.0,562,1,published_after_gate_recheck,refused:version_changed:3671,0,,0,1,21.23334677889943,12.251272797584534
xair,plc_plain,1,aba,3.0,1,3672,3672,3674,1,4.0,563,1,published_after_gate_recheck,executed:RUN:3674,1,RUN,0,0,27.611016295850277,4.226265009492636
xair_atomic,plc_conditional,1,aba,3.0,1,3674,3674,3675,0,14.0,564,1,authorization_committed,refused:version_changed:3675,0,,0,1,18.02700525149703,14.192784205079079
xair_atomic,plc_predicate,1,aba,3.0,1,3676,3676,3678,1,8.0,565,1,authorization_committed,executed:RUN:3678,1,RUN,0,0,27.967825066298246,8.35394486784935
xair,plc_conditional,1,aba,3.0,1,3678,3678,3680,0,6.0,566,1,published_after_gate_recheck,refused:version_changed:3680,0,,0,1,23.99058686569333,6.271830759942532
xair,plc_conditional,1,aba,3.0,1,3680,3680,3681,0,8.0,567,1,published_after_gate_recheck,refused:version_changed:3681,0,,0,1,21.013023797422647,8.349397219717503
xair_atomic,plc_plain,1,aba,3.0,1,3682,3682,3682,0,20.0,568,1,authorization_committed,executed:RUN:3682,1,RUN,0,0,15.93311782926321,20.241446793079376
xair_atomic,plc_predicate,1,aba,3.0,1,3684,3684,3685,0,16.0,569,1,authorization_committed,refused:predicate_false:3685,0,,0,1,23.342682048678398,16.227338928729296
xair_atomic,plc_predicate,1,aba,3.0,1,3686,3686,3686,0,20.0,570,1,authorization_committed,executed:RUN:3686,1,RUN,0,0,15.591868199408054,20.167659036815166
xair_atomic,plc_conditional,1,aba,3.0,1,3688,3688,3690,0,6.0,571,1,authorization_committed,refused:version_changed:3690,0,,0,1,19.019125029444695,6.251942832022905
xair,plc_plain,1,aba,3.0,1,3690,3690,3691,0,10.0,572,1,published_after_gate_recheck,executed:PAUSED:3691,1,PAUSED,1,0,22.669449914246798,10.220325086265802
xair_atomic,plc_predicate,1,aba,3.0,1,3692,3692,3694,1,10.0,573,1,authorization_committed,executed:RUN:3694,1,RUN,0,0,25.1655001193285,10.2432481944561
xair,plc_plain,1,aba,3.0,1,3694,3694,3696,1,8.0,574,1,published_after_gate_recheck,executed:RUN:3696,1,RUN,0,0,24.65146593749523,8.193152956664562
xair_atomic,plc_predicate,1,aba,3.0,1,3696,3696,3698,1,6.0,575,1,authorization_committed,executed:RUN:3698,1,RUN,0,0,18.311327323317528,6.246414035558701
xair_atomic,plc_conditional,1,aba,3.0,1,3698,,,0,4.0,576,0,read_set_version_changed_at_commit,,0,,0,0,16.996060963720083,4.209783859550953
xair_atomic,plc_conditional,1,aba,3.0,1,3700,3700,3701,0,14.0,577,1,authorization_committed,refused:version_changed:3701,0,,0,1,22.895864211022854,14.243760146200657
xair_atomic,plc_conditional,1,aba,3.0,1,3702,3702,3704,0,8.0,578,1,authorization_committed,refused:version_changed:3704,0,,0,1,22.17193692922592,8.167446125298738
xair,plc_plain,1,aba,3.0,1,3704,,,0,2.0,579,0,read_set_version_changed_at_gate,,0,,0,0,18.00138596445322,2.183804754167795
xair,plc_conditional,1,aba,3.0,1,3706,3706,3707,0,14.0,580,1,published_after_gate_recheck,refused:version_changed:3707,0,,0,1,27.079339139163494,14.174950774759054
xair_atomic,plc_predicate,1,aba,3.0,1,3708,3708,3708,0,16.0,581,1,authorization_committed,executed:RUN:3708,1,RUN,0,0,18.135287333279848,16.19007857516408
xair_atomic,plc_plain,1,aba,3.0,1,3710,3710,3710,0,16.0,582,1,authorization_committed,executed:RUN:3710,1,RUN,0,0,15.915504656732082,16.620838083326817
xair,plc_conditional,1,aba,3.0,1,3712,3712,3714,0,10.0,583,1,published_after_gate_recheck,refused:version_changed:3714,0,,0,1,25.36706766113639,10.197543073445559
xair,plc_predicate,1,aba,3.0,1,3714,3714,3714,0,16.0,584,1,published_after_gate_recheck,executed:RUN:3714,1,RUN,0,0,20.100723020732403,16.170622780919075
xair_atomic,plc_predicate,1,aba,3.0,1,3716,3716,3718,1,12.0,585,1,authorization_committed,executed:RUN:3718,1,RUN,0,0,24.287182837724686,12.208953965455294
xair_atomic,plc_plain,1,aba,3.0,1,3718,3718,3718,0,20.0,586,1,authorization_committed,executed:RUN:3718,1,RUN,0,0,18.48210720345378,20.330213010311127
xair_atomic,plc_predicate,1,aba,3.0,1,3720,3720,3722,1,8.0,587,1,authorization_committed,executed:RUN:3722,1,RUN,0,0,21.82885305956006,8.206479251384735
xair_atomic,plc_plain,1,aba,3.0,1,3722,3722,3724,1,8.0,588,1,authorization_committed,executed:RUN:3724,1,RUN,0,0,19.286525901407003,8.191960863769054
xair_atomic,plc_plain,1,aba,3.0,1,3724,3724,3724,0,20.0,589,1,authorization_committed,executed:RUN:3724,1,RUN,0,0,19.33755213394761,20.188457798212767
xair_atomic,plc_predicate,1,aba,3.0,1,3726,3726,3728,1,6.0,590,1,authorization_committed,executed:RUN:3728,1,RUN,0,0,15.902659855782986,6.225293967872858
xair,plc_plain,1,aba,3.0,1,3728,3728,3728,0,20.0,591,1,published_after_gate_recheck,executed:RUN:3728,1,RUN,0,0,20.871246699243784,20.23275988176465
xair,plc_conditional,1,aba,3.0,1,3730,3730,3731,0,12.0,592,1,published_after_gate_recheck,refused:version_changed:3731,0,,0,1,24.843276012688875,12.182083912193775
xair,plc_predicate,1,aba,3.0,1,3732,3732,3734,1,6.0,593,1,published_after_gate_recheck,executed:RUN:3734,1,RUN,0,0,20.78384393826127,6.242807023227215
xair,plc_plain,1,aba,3.0,1,3734,3734,3736,1,6.0,594,1,published_after_gate_recheck,executed:RUN:3736,1,RUN,0,0,21.053088828921318,6.194425746798515
xair,plc_conditional,1,aba,3.0,1,3736,3736,3738,0,6.0,595,1,published_after_gate_recheck,refused:version_changed:3738,0,,0,1,22.393261082470417,6.187552586197853
xair,plc_predicate,1,aba,3.0,1,3738,3738,3739,0,10.0,596,1,published_after_gate_recheck,refused:predicate_false:3739,0,,0,1,21.707686129957438,10.203985031694174
xair,plc_conditional,1,aba,3.0,1,3740,3740,3741,0,8.0,597,1,published_after_gate_recheck,refused:version_changed:3741,0,,0,1,20.256975665688515,8.209934923797846
xair_atomic,plc_plain,1,aba,3.0,1,3742,3742,3742,0,16.0,598,1,authorization_committed,executed:RUN:3742,1,RUN,0,0,17.91919209063053,16.20946591719985
xair,plc_predicate,1,aba,3.0,1,3744,,,0,2.0,599,0,read_set_version_changed_at_gate,,0,,0,0,18.329532351344824,2.2452897392213345
xair,plc_predicate,1,aba,3.0,1,3746,3746,3746,0,16.0,600,1,published_after_gate_recheck,executed:RUN:3746,1,RUN,0,0,20.029079169034958,16.204397194087505
xair,plc_predicate,1,aba,3.0,1,3748,3748,3750,1,4.0,601,1,published_after_gate_recheck,executed:RUN:3750,1,RUN,0,0,18.291298765689135,4.232075996696949
xair,plc_conditional,1,aba,3.0,1,3750,3750,3750,0,20.0,602,1,published_after_gate_recheck,executed:RUN:3750,1,RUN,0,0,19.818603992462158,20.241946913301945
xair_atomic,plc_predicate,1,aba,3.0,1,3752,3752,3754,1,4.0,603,1,authorization_committed,executed:RUN:3754,1,RUN,0,0,20.026553887873888,4.1835252195596695
xair,plc_predicate,1,aba,3.0,1,3754,3754,3756,1,6.0,604,1,published_after_gate_recheck,executed:RUN:3756,1,RUN,0,0,24.42335896193981,6.196248810738325
xair,plc_predicate,1,aba,3.0,1,3756,3756,3757,0,12.0,605,1,published_after_gate_recheck,refused:predicate_false:3757,0,,0,1,21.897593047469854,12.162677012383938
xair,plc_conditional,1,aba,3.0,1,3758,,,0,4.0,606,0,read_set_version_changed_at_gate,,0,,0,0,19.4553816691041,4.136696923524141
xair_atomic,plc_conditional,1,aba,3.0,1,3760,3760,3762,0,6.0,607,1,authorization_committed,refused:version_changed:3762,0,,0,1,22.578879725188017,6.222167052328587
xair,plc_plain,1,aba,3.0,1,3762,3762,3763,0,16.0,608,1,published_after_gate_recheck,executed:PAUSED:3763,1,PAUSED,1,0,25.704521220177412,16.192493960261345
xair_atomic,plc_predicate,1,aba,3.0,1,3764,3764,3766,1,6.0,609,1,authorization_committed,executed:RUN:3766,1,RUN,0,0,19.307915586978197,6.273633800446987
xair,plc_predicate,1,aba,3.0,1,3766,,,0,0.0,610,0,read_set_version_changed_at_gate,,0,,0,0,17.53556216135621,0.3174450248479843
xair,plc_predicate,1,aba,3.0,1,3768,3768,3770,1,14.0,611,1,published_after_gate_recheck,executed:RUN:3770,1,RUN,0,0,26.656546164304018,14.187264256179333
xair,plc_conditional,1,aba,3.0,1,3770,3770,3772,0,6.0,612,1,published_after_gate_recheck,refused:version_changed:3772,0,,0,1,20.44401690363884,6.154931616038084
xair,plc_plain,1,aba,3.0,1,3772,3772,3774,1,16.0,613,1,published_after_gate_recheck,executed:RUN:3774,1,RUN,0,0,33.61546574160457,16.215156763792038
xair_atomic,plc_conditional,1,aba,3.0,1,3774,3774,3776,0,10.0,614,1,authorization_committed,refused:version_changed:3776,0,,0,1,25.96059115603566,10.341502260416746
xair,plc_plain,1,aba,3.0,1,3776,3776,3778,1,6.0,615,1,published_after_gate_recheck,executed:RUN:3778,1,RUN,0,0,23.787575773894787,6.2317559495568275
xair_atomic,plc_predicate,1,aba,3.0,1,3778,,,0,0.0,616,0,precondition_failed: line.state == 'RUN',,0,,0,0,12.883468996733427,0.22513233125209808
xair,plc_predicate,1,aba,3.0,1,3780,3780,3782,1,6.0,617,1,published_after_gate_recheck,executed:RUN:3782,1,RUN,0,0,22.087187971919775,6.164859980344772
xair_atomic,plc_predicate,1,aba,3.0,1,3782,3782,3783,0,12.0,618,1,authorization_committed,refused:predicate_false:3783,0,,0,1,18.390455283224583,12.17677304521203
xair,plc_predicate,1,aba,3.0,1,3784,3784,3786,1,6.0,619,1,published_after_gate_recheck,executed:RUN:3786,1,RUN,0,0,27.987411711364985,6.1746384017169476
xair,plc_conditional,1,aba,3.0,1,3786,,,0,0.0,620,0,precondition_failed: line.state == 'RUN',,0,,0,0,12.31058407574892,0.22137491032481194
xair_atomic,plc_plain,1,aba,3.0,1,3788,3788,3790,1,12.0,621,1,authorization_committed,executed:RUN:3790,1,RUN,0,0,24.53600987792015,12.212350964546204
xair,plc_conditional,1,aba,3.0,1,3790,3790,3792,0,6.0,622,1,published_after_gate_recheck,refused:version_changed:3792,0,,0,1,22.487258072942495,6.185930222272873
xair_atomic,plc_plain,1,aba,3.0,1,3792,3792,3793,0,12.0,623,1,authorization_committed,executed:PAUSED:3793,1,PAUSED,1,0,18.611048813909292,12.266422156244516
xair,plc_plain,1,aba,3.0,1,3794,3794,3796,1,8.0,624,1,published_after_gate_recheck,executed:RUN:3796,1,RUN,0,0,22.034509107470512,8.209323976188898
xair,plc_predicate,1,aba,3.0,1,3796,3796,3798,1,8.0,625,1,published_after_gate_recheck,executed:RUN:3798,1,RUN,0,0,22.84419722855091,8.183977100998163
xair,plc_plain,1,aba,3.0,1,3798,3798,3799,0,10.0,626,1,published_after_gate_recheck,executed:PAUSED:3799,1,PAUSED,1,0,22.022696677595377,10.177514050155878
xair_atomic,plc_conditional,1,aba,3.0,1,3800,3800,3801,0,16.0,627,1,authorization_committed,refused:version_changed:3801,0,,0,1,23.92985299229622,16.340611968189478
xair,plc_conditional,1,aba,3.0,1,3802,3802,3804,0,6.0,628,1,published_after_gate_recheck,refused:version_changed:3804,0,,0,1,28.29731209203601,6.269326433539391
xair,plc_plain,1,aba,3.0,1,3804,3804,3806,1,12.0,629,1,published_after_gate_recheck,executed:RUN:3806,1,RUN,0,0,31.143870670348406,12.267282698303461
xair,plc_predicate,1,aba,3.0,1,3806,3806,3806,0,20.0,630,1,published_after_gate_recheck,executed:RUN:3806,1,RUN,0,0,22.232681047171354,20.229003857821226
xair_atomic,plc_plain,1,aba,3.0,1,3808,,,0,0.0,631,0,precondition_failed: line.state == 'RUN',,0,,0,0,13.349342625588179,0.3631911240518093
xair,plc_conditional,1,aba,3.0,1,3810,3810,3812,0,6.0,632,1,published_after_gate_recheck,refused:version_changed:3812,0,,0,1,20.738097839057446,6.228198762983084
xair_atomic,plc_predicate,1,aba,3.0,1,3812,3812,3813,0,12.0,633,1,authorization_committed,refused:predicate_false:3813,0,,0,1,17.849179916083813,12.191541958600283
xair,plc_predicate,1,aba,3.0,1,3814,3814,3816,1,8.0,634,1,published_after_gate_recheck,executed:RUN:3816,1,RUN,0,0,23.544149938970804,8.179639000445604
xair,plc_conditional,1,aba,3.0,1,3816,3816,3817,0,10.0,635,1,published_after_gate_recheck,refused:version_changed:3817,0,,0,1,22.20267429947853,10.19250275567174
xair_atomic,plc_conditional,1,aba,3.0,1,3818,3818,3819,0,6.0,636,1,authorization_committed,refused:version_changed:3819,0,,0,1,14.78048600256443,6.182683166116476
xair,plc_conditional,1,aba,3.0,1,3820,,,0,4.0,637,0,read_set_version_changed_at_gate,,0,,0,0,19.60613625124097,4.182252567261457
xair_atomic,plc_plain,1,aba,3.0,1,3822,3822,3824,1,6.0,638,1,authorization_committed,executed:RUN:3824,1,RUN,0,0,25.96094086766243,6.183824967592955
xair,plc_plain,1,aba,3.0,1,3824,,,0,2.0,639,0,read_set_version_changed_at_gate,,0,,0,0,17.047187313437462,2.220593858510256
xair,plc_predicate,1,aba,3.0,1,3826,3826,3827,0,10.0,640,1,published_after_gate_recheck,refused:predicate_false:3827,0,,0,1,20.08500276133418,10.149693116545677
xair,plc_plain,1,aba,3.0,1,3828,3828,3829,0,4.0,641,1,published_after_gate_recheck,executed:PAUSED:3829,1,PAUSED,1,0,20.847662817686796,7.190213073045015
xair,plc_plain,1,aba,3.0,1,3830,3830,3830,0,16.0,642,1,published_after_gate_recheck,executed:RUN:3830,1,RUN,0,0,21.923671010881662,16.301138326525688
xair,plc_plain,0,,,1,3832,3832,3832,0,,643,1,published_after_gate_recheck,executed:RUN:3832,1,RUN,0,0,24.10513162612915,
xair,plc_predicate,1,aba,3.0,1,3832,,,0,4.0,644,0,read_set_version_changed_at_gate,,0,,0,0,20.161427091807127,4.227618221193552
xair,plc_conditional,0,,,1,3834,3834,3834,0,,645,1,published_after_gate_recheck,executed:RUN:3834,1,RUN,0,0,24.673657026141882,
xair_atomic,plc_plain,1,aba,3.0,1,3834,3834,3834,0,16.0,646,1,authorization_committed,executed:RUN:3834,1,RUN,0,0,18.779095262289047,16.220367047935724
xair,plc_conditional,0,,,1,3836,3836,3836,0,,647,1,published_after_gate_recheck,executed:RUN:3836,1,RUN,0,0,23.369211703538895,
xair_atomic,plc_plain,1,aba,3.0,1,3836,3836,3838,1,6.0,648,1,authorization_committed,executed:RUN:3838,1,RUN,0,0,19.531635101884604,6.23406982049346
xair,plc_conditional,1,aba,3.0,1,3838,,,0,0.0,649,0,read_set_version_changed_at_gate,,0,,0,0,16.959673259407282,0.24349568411707878
xair_atomic,plc_plain,1,aba,3.0,1,3840,3840,3841,0,6.0,650,1,authorization_committed,executed:PAUSED:3841,1,PAUSED,1,0,16.64555398747325,6.178274750709534
xair_atomic,plc_plain,1,aba,3.0,1,3842,3842,3842,0,14.0,651,1,authorization_committed,executed:RUN:3842,1,RUN,0,0,17.10963388904929,14.276170171797276
xair,plc_predicate,1,aba,3.0,1,3844,3844,3846,1,8.0,652,1,published_after_gate_recheck,executed:RUN:3846,1,RUN,0,0,25.137928780168295,8.182303979992867
xair,plc_conditional,1,aba,3.0,1,3846,3846,3848,0,4.0,653,1,published_after_gate_recheck,refused:version_changed:3848,0,,0,1,22.447593044489622,4.201699048280716
xair_atomic,plc_predicate,1,aba,3.0,1,3848,3848,3850,1,6.0,654,1,authorization_committed,executed:RUN:3850,1,RUN,0,0,18.127191811800003,6.190999411046505
xair,plc_plain,1,aba,3.0,1,3850,,,0,0.0,655,0,read_set_version_changed_at_gate,,0,,0,0,17.305390909314156,0.37565408274531364
xair_atomic,plc_conditional,1,aba,3.0,1,3852,3852,3854,0,10.0,656,1,authorization_committed,refused:version_changed:3854,0,,0,1,24.80912208557129,10.230944957584143
xair,plc_conditional,1,aba,3.0,1,3854,3854,3855,0,12.0,657,1,published_after_gate_recheck,refused:version_changed:3855,0,,0,1,24.631609208881855,12.243568897247314
xair,plc_predicate,1,aba,3.0,1,3856,3856,3858,1,4.0,658,1,published_after_gate_recheck,executed:RUN:3858,1,RUN,0,0,19.997518975287676,4.242094699293375
xair_atomic,plc_predicate,1,aba,3.0,1,3858,3858,3859,0,12.0,659,1,authorization_committed,refused:predicate_false:3859,0,,0,1,17.714147921651602,12.179289013147354
xair_atomic,plc_predicate,1,aba,3.0,1,3860,3860,3862,1,10.0,660,1,authorization_committed,executed:RUN:3862,1,RUN,0,0,23.3093099668622,10.178796947002411
xair_atomic,plc_plain,1,aba,3.0,1,3862,3862,3863,0,16.0,661,1,authorization_committed,executed:PAUSED:3863,1,PAUSED,1,0,21.32634073495865,16.190330032259226
xair,plc_conditional,1,aba,3.0,1,3864,3864,3866,0,6.0,662,1,published_after_gate_recheck,refused:version_changed:3866,0,,0,1,26.337998919188976,6.2136417254805565
xair_atomic,plc_conditional,1,aba,3.0,1,3866,,,0,0.0,663,0,read_set_version_changed_at_commit,,0,,0,0,14.508686028420925,0.2478049136698246
xair,plc_plain,1,aba,3.0,1,3868,3868,3868,0,12.0,664,1,published_after_gate_recheck,executed:RUN:3868,1,RUN,0,0,18.653268925845623,12.192514259368181
xair,plc_predicate,1,aba,3.0,1,3870,3870,3870,0,20.0,665,1,published_after_gate_recheck,executed:RUN:3870,1,RUN,0,0,20.566425751894712,20.18315764144063
xair,plc_predicate,1,aba,3.0,1,3872,3872,3874,1,4.0,666,1,published_after_gate_recheck,executed:RUN:3874,1,RUN,0,0,17.872994765639305,4.231194965541363
xair_atomic,plc_conditional,1,aba,3.0,1,3874,3874,3876,0,4.0,667,1,authorization_committed,refused:version_changed:3876,0,,0,1,17.627534922212362,4.19910391792655
xair,plc_predicate,0,,,1,3876,3876,3876,0,,668,1,published_after_gate_recheck,executed:RUN:3876,1,RUN,0,0,22.932001389563084,
xair_atomic,plc_conditional,1,aba,3.0,1,3876,3876,3878,0,6.0,669,1,authorization_committed,refused:version_changed:3878,0,,0,1,19.420918077230453,6.193253211677074
xair,plc_conditional,0,,,1,3878,3878,3878,0,,670,1,published_after_gate_recheck,executed:RUN:3878,1,RUN,0,0,24.661194998770952,
xair_atomic,plc_conditional,1,aba,3.0,1,3878,,,0,2.0,671,0,read_set_version_changed_at_commit,,0,,0,0,15.288308262825012,2.1851579658687115
xair,plc_plain,1,aba,3.0,1,3880,3880,3880,0,20.0,672,1,published_after_gate_recheck,executed:RUN:3880,1,RUN,0,0,25.852558203041553,20.172798074781895
xair,plc_conditional,1,aba,3.0,1,3882,3882,3882,0,20.0,673,1,published_after_gate_recheck,executed:RUN:3882,1,RUN,0,0,25.119845289736986,20.172386895865202
xair,plc_predicate,1,aba,3.0,1,3884,,,0,0.0,674,0,precondition_failed: line.state == 'RUN',,0,,0,0,11.624999344348907,0.16487902030348778
xair,plc_plain,0,,,1,3886,3886,3886,0,,675,1,published_after_gate_recheck,executed:RUN:3886,1,RUN,0,0,25.19870176911354,
xair_atomic,plc_predicate,1,aba,3.0,1,3886,,,0,0.0,676,0,read_set_version_changed_at_commit,,0,,0,0,14.736964832991362,0.27016596868634224
xair,plc_predicate,1,aba,3.0,1,3888,,,0,0.0,677,0,read_set_version_changed_at_gate,,0,,0,0,16.956686973571777,0.2822801470756531
xair_atomic,plc_predicate,1,aba,3.0,1,3890,3890,3892,1,6.0,678,1,authorization_committed,executed:RUN:3892,1,RUN,0,0,20.417516119778156,6.164168938994408
xair,plc_conditional,1,aba,3.0,1,3892,3892,3893,0,16.0,679,1,published_after_gate_recheck,refused:version_changed:3893,0,,0,1,23.16770376637578,16.18440868332982
xair,plc_plain,1,aba,3.0,1,3894,3894,3895,0,16.0,680,1,published_after_gate_recheck,executed:PAUSED:3895,1,PAUSED,1,0,26.81507309898734,16.244641039520502
xair_atomic,plc_conditional,1,aba,3.0,1,3896,3896,3896,0,16.0,681,1,authorization_committed,executed:RUN:3896,1,RUN,0,0,15.978092327713966,16.18617307394743
xair_atomic,plc_conditional,0,,,1,3898,3898,3898,0,,682,1,authorization_committed,executed:RUN:3898,1,RUN,0,0,17.52483192831278,
xair_atomic,plc_conditional,1,aba,3.0,1,3898,,,0,4.0,683,0,read_set_version_changed_at_commit,,0,,0,0,17.298858147114515,4.2205736972391605
xair_atomic,plc_predicate,1,aba,3.0,1,3900,3900,3900,0,16.0,684,1,authorization_committed,executed:RUN:3900,1,RUN,0,0,15.558725222945213,16.208765096962452
xair_atomic,plc_plain,1,aba,3.0,1,3902,3902,3903,0,8.0,685,1,authorization_committed,executed:PAUSED:3903,1,PAUSED,1,0,18.215917982161045,8.171021938323975
xair,plc_predicate,1,aba,3.0,1,3904,3904,3906,1,12.0,686,1,published_after_gate_recheck,executed:RUN:3906,1,RUN,0,0,26.927695143967867,12.179458979517221
xair,plc_conditional,1,aba,3.0,1,3906,3906,3907,0,12.0,687,1,published_after_gate_recheck,refused:version_changed:3907,0,,0,1,20.89440170675516,12.145385146141052
xair,plc_predicate,1,aba,3.0,1,3908,3908,3909,0,12.0,688,1,published_after_gate_recheck,refused:predicate_false:3909,0,,0,1,21.59332111477852,12.145365122705698
xair_atomic,plc_conditional,0,,,1,3910,3910,3910,0,,689,1,authorization_committed,executed:RUN:3910,1,RUN,0,0,19.985707011073828,
xair,plc_conditional,1,aba,3.0,1,3910,3910,3912,0,8.0,690,1,published_after_gate_recheck,refused:version_changed:3912,0,,0,1,26.816576719284058,8.206387981772423
xair,plc_predicate,1,aba,3.0,1,3912,3912,3913,0,14.0,691,1,published_after_gate_recheck,refused:predicate_false:3913,0,,0,1,22.411605808883905,14.213132206350565
xair_atomic,plc_predicate,0,,,1,3914,3914,3914,0,,692,1,authorization_committed,executed:RUN:3914,1,RUN,0,0,26.14220092073083,
xair,plc_plain,1,aba,3.0,1,3914,3914,3916,1,8.0,693,1,published_after_gate_recheck,executed:RUN:3916,1,RUN,0,0,24.339199997484684,8.2003278657794
xair,plc_conditional,1,aba,3.0,1,3916,,,0,0.0,694,0,read_set_version_changed_at_gate,,0,,0,0,19.031567964702845,0.2921679988503456
xair_atomic,plc_predicate,1,aba,3.0,1,3918,3918,3919,0,12.0,695,1,authorization_committed,refused:predicate_false:3919,0,,0,1,17.767627723515034,12.365126982331276
xair_atomic,plc_plain,1,aba,3.0,1,3920,,,0,2.0,696,0,read_set_version_changed_at_commit,,0,,0,0,15.739585272967815,2.2447300143539906
xair_atomic,plc_plain,1,aba,3.0,1,3922,,,0,2.0,697,0,read_set_version_changed_at_commit,,0,,0,0,15.34072682261467,2.204763703048229
xair,plc_conditional,1,aba,3.0,1,3924,3924,3924,0,20.0,698,1,published_after_gate_recheck,executed:RUN:3924,1,RUN,0,0,24.93488695472479,20.221358630806208
xair,plc_predicate,1,aba,3.0,1,3926,,,0,0.0,699,0,read_set_version_changed_at_gate,,0,,0,0,17.376313917338848,0.35665789619088173
xair,plc_plain,1,aba,3.0,1,3928,3928,3930,1,4.0,700,1,published_after_gate_recheck,executed:RUN:3930,1,RUN,0,0,25.941955856978893,4.227587953209877
xair,plc_conditional,1,aba,3.0,1,3930,3930,3930,0,20.0,701,1,published_after_gate_recheck,executed:RUN:3930,1,RUN,0,0,20.875485613942146,20.232730079442263
xair,plc_conditional,1,aba,3.0,1,3932,,,0,2.0,702,0,read_set_version_changed_at_gate,,0,,0,0,18.215967807918787,2.190015744417906
xair_atomic,plc_predicate,1,aba,3.0,1,3934,3934,3935,0,6.0,703,1,authorization_committed,refused:predicate_false:3935,0,,0,1,16.08704635873437,6.196700036525726
xair,plc_plain,1,aba,3.0,1,3936,3936,3936,0,20.0,704,1,published_after_gate_recheck,executed:RUN:3936,1,RUN,0,0,24.935469031333923,20.18810622394085
xair,plc_plain,0,,,1,3938,3938,3938,0,,705,1,published_after_gate_recheck,executed:RUN:3938,1,RUN,0,0,29.190026689320803,
xair_atomic,plc_predicate,1,aba,3.0,1,3938,3938,3939,0,12.0,706,1,authorization_committed,refused:predicate_false:3939,0,,0,1,17.510825768113136,12.204695958644152
xair_atomic,plc_plain,1,aba,3.0,1,3940,3940,3940,0,16.0,707,1,authorization_committed,executed:RUN:3940,1,RUN,0,0,19.683500286191702,16.24518306925893
xair,plc_conditional,1,aba,3.0,1,3942,,,0,2.0,708,0,read_set_version_changed_at_gate,,0,,0,0,19.561070948839188,2.194535918533802
xair_atomic,plc_plain,1,aba,3.0,1,3944,3944,3945,0,10.0,709,1,authorization_committed,executed:PAUSED:3945,1,PAUSED,1,0,17.383297439664602,10.241894982755184
xair_atomic,plc_conditional,1,aba,3.0,1,3946,3946,3948,0,4.0,710,1,authorization_committed,refused:version_changed:3948,0,,0,1,20.795295014977455,4.189556930214167
xair_atomic,plc_plain,1,aba,3.0,1,3948,3948,3949,0,10.0,711,1,authorization_committed,executed:PAUSED:3949,1,PAUSED,1,0,19.62138433009386,10.190739296376705
xair_atomic,plc_conditional,1,aba,3.0,1,3950,3950,3950,0,16.0,712,1,authorization_committed,executed:RUN:3950,1,RUN,0,0,18.1455472484231,16.169991809874773
xair_atomic,plc_plain,1,aba,3.0,1,3952,3952,3952,0,12.0,713,1,authorization_committed,executed:RUN:3952,1,RUN,0,0,15.608549118041992,12.179648969322443
xair_atomic,plc_conditional,1,aba,3.0,1,3954,3954,3955,0,8.0,714,1,authorization_committed,refused:version_changed:3955,0,,0,1,15.913090668618679,8.22060601785779
xair_atomic,plc_predicate,1,aba,3.0,1,3956,3956,3958,1,14.0,715,1,authorization_committed,executed:RUN:3958,1,RUN,0,0,24.653049185872078,14.195890165865421
xair_atomic,plc_plain,1,aba,3.0,1,3958,3958,3959,0,14.0,716,1,authorization_committed,executed:PAUSED:3959,1,PAUSED,1,0,22.754578851163387,15.004315879195929
xair,plc_predicate,1,aba,3.0,1,3960,3960,3962,1,14.0,717,1,published_after_gate_recheck,executed:RUN:3962,1,RUN,0,0,33.11757184565067,14.303010888397694
xair_atomic,plc_plain,0,,,1,3962,3962,3962,0,,718,1,authorization_committed,executed:RUN:3962,1,RUN,0,0,18.44699215143919,
xair,plc_plain,1,aba,3.0,1,3962,,,0,4.0,719,0,read_set_version_changed_at_gate,,0,,0,0,20.643299911171198,4.213941749185324
xair,plc_plain,0,,,1,3964,3964,3964,0,,720,1,published_after_gate_recheck,executed:RUN:3964,1,RUN,0,0,25.17665084451437,
xair_atomic,plc_predicate,1,aba,3.0,1,3964,3964,3965,0,10.0,721,1,authorization_committed,refused:predicate_false:3965,0,,0,1,18.79421202465892,10.276129934936762
xair_atomic,plc_conditional,0,,,1,3966,3966,3966,0,,722,1,authorization_committed,executed:RUN:3966,1,RUN,0,0,20.892968401312828,
xair,plc_conditional,1,aba,3.0,1,3966,3966,3968,0,10.0,723,1,published_after_gate_recheck,refused:version_changed:3968,0,,0,1,26.296029798686504,10.191540699452162
xair,plc_conditional,1,aba,3.0,1,3968,3968,3970,0,8.0,724,1,published_after_gate_recheck,refused:version_changed:3970,0,,0,1,22.438777144998312,8.203201927244663
xair,plc_predicate,1,aba,3.0,1,3970,3970,3971,0,12.0,725,1,published_after_gate_recheck,refused:predicate_false:3971,0,,0,1,21.503203082829714,12.174058705568314
xair_atomic,plc_predicate,1,aba,3.0,1,3972,,,0,0.0,726,0,read_set_version_changed_at_commit,,0,,0,0,13.990473933517933,0.277521088719368
xair,plc_predicate,1,aba,3.0,1,3974,,,0,0.0,727,0,read_set_version_changed_at_gate,,0,,0,0,16.99945703148842,0.2543567679822445
xair_atomic,plc_predicate,1,aba,3.0,1,3976,3976,3978,1,16.0,728,1,authorization_committed,executed:RUN:3978,1,RUN,0,0,26.61635121330619,16.24980103224516
xair,plc_plain,1,aba,3.0,1,3978,3978,3980,1,8.0,729,1,published_after_gate_recheck,executed:RUN:3980,1,RUN,0,0,25.7506868802011,8.22321092709899
xair_atomic,plc_predicate,1,aba,3.0,1,3980,3980,3981,0,14.0,730,1,authorization_committed,refused:predicate_false:3981,0,,0,1,19.410307984799147,14.197642914950848
xair,plc_predicate,1,aba,3.0,1,3982,3982,3983,0,10.0,731,1,published_after_gate_recheck,refused:predicate_false:3983,0,,0,1,22.040441166609526,10.186291299760342
xair,plc_conditional,1,aba,3.0,1,3984,3984,3984,0,16.0,732,1,published_after_gate_recheck,executed:RUN:3984,1,RUN,0,0,18.826191779226065,16.191703267395496
xair_atomic,plc_predicate,1,aba,3.0,1,3986,3986,3986,0,20.0,733,1,authorization_committed,executed:RUN:3986,1,RUN,0,0,23.84638600051403,20.215517841279507
xair,plc_predicate,1,aba,3.0,1,3988,3988,3990,1,4.0,734,1,published_after_gate_recheck,executed:RUN:3990,1,RUN,0,0,19.183281809091568,4.186340142041445
xair,plc_predicate,1,aba,3.0,1,3990,,,0,2.0,735,0,read_set_version_changed_at_gate,,0,,0,0,16.164691653102636,2.188724000006914
xair,plc_predicate,1,aba,3.0,1,3992,3992,3994,1,8.0,736,1,published_after_gate_recheck,executed:RUN:3994,1,RUN,0,0,25.59800073504448,8.179037366062403
xair_atomic,plc_conditional,1,aba,3.0,1,3994,3994,3996,0,8.0,737,1,authorization_committed,refused:version_changed:3996,0,,0,1,18.4546560049057,8.176863193511963
xair,plc_plain,1,aba,3.0,1,3996,3996,3996,0,16.0,738,1,published_after_gate_recheck,executed:RUN:3996,1,RUN,0,0,21.589133888483047,16.193746589124203
xair,plc_predicate,1,aba,3.0,1,3998,3998,4000,1,14.0,739,1,published_after_gate_recheck,executed:RUN:4000,1,RUN,0,0,27.260467875748873,14.170812908560038
xair_atomic,plc_predicate,1,aba,3.0,1,4000,4000,4001,0,12.0,740,1,authorization_committed,refused:predicate_false:4001,0,,0,1,16.796225681900978,12.320093344897032
xair,plc_plain,1,aba,3.0,1,4002,,,0,2.0,741,0,read_set_version_changed_at_gate,,0,,0,0,17.87118101492524,2.227196004241705
xair,plc_conditional,1,aba,3.0,1,4004,4004,4005,0,14.0,742,1,published_after_gate_recheck,refused:version_changed:4005,0,,0,1,24.73649475723505,14.223161153495312
xair_atomic,plc_conditional,1,aba,3.0,1,4006,,,0,0.0,743,0,read_set_version_changed_at_commit,,0,,0,0,13.627273961901665,0.2196519635617733
xair_atomic,plc_conditional,1,aba,3.0,1,4008,4008,4008,0,20.0,744,1,authorization_committed,executed:RUN:4008,1,RUN,0,0,20.580862648785114,20.179409999400377
xair_atomic,plc_predicate,1,aba,3.0,1,4010,4010,4012,1,10.0,745,1,authorization_committed,executed:RUN:4012,1,RUN,0,0,24.386059027165174,10.181481949985027
xair,plc_plain,1,aba,3.0,1,4012,,,0,2.0,746,0,read_set_version_changed_at_gate,,0,,0,0,18.023065757006407,2.1872520446777344
xair,plc_conditional,1,aba,3.0,1,4014,,,0,0.0,747,0,read_set_version_changed_at_gate,,0,,0,0,17.44846999645233,0.23375917226076126
xair,plc_plain,1,aba,3.0,1,4016,4016,4016,0,16.0,748,1,published_after_gate_recheck,executed:RUN:4016,1,RUN,0,0,23.0993558652699,16.18168316781521
xair,plc_conditional,1,aba,3.0,1,4018,,,0,2.0,749,0,read_set_version_changed_at_gate,,0,,0,0,18.506723921746016,2.187711652368307
xair_atomic,plc_conditional,0,,,1,4020,4020,4020,0,,750,1,authorization_committed,executed:RUN:4020,1,RUN,0,0,21.334927063435316,
xair,plc_predicate,1,aba,3.0,1,4020,4020,4021,0,12.0,751,1,published_after_gate_recheck,refused:predicate_false:4021,0,,0,1,25.227847043424845,12.2677949257195
xair,plc_plain,1,aba,3.0,1,4022,4022,4023,0,10.0,752,1,published_after_gate_recheck,executed:PAUSED:4023,1,PAUSED,1,0,20.14663815498352,10.1753412745893
xair_atomic,plc_conditional,1,aba,3.0,1,4024,4024,4026,0,10.0,753,1,authorization_committed,refused:version_changed:4026,0,,0,1,23.724977858364582,10.187142994254827
xair_atomic,plc_plain,0,,,1,4026,4026,4026,0,,754,1,authorization_committed,executed:RUN:4026,1,RUN,0,0,22.13457692414522,
xair_atomic,plc_plain,1,aba,3.0,1,4026,4026,4027,0,14.0,755,1,authorization_committed,executed:PAUSED:4027,1,PAUSED,1,0,21.996798925101757,14.264187775552273
xair_atomic,plc_plain,1,aba,3.0,1,4028,4028,4028,0,20.0,756,1,authorization_committed,executed:RUN:4028,1,RUN,0,0,19.59515456110239,20.310986787080765
xair_atomic,plc_plain,1,aba,3.0,1,4030,4030,4031,0,16.0,757,1,authorization_committed,executed:PAUSED:4031,1,PAUSED,1,0,22.169202100485563,16.215406823903322
xair_atomic,plc_conditional,1,aba,3.0,1,4032,4032,4032,0,14.0,758,1,authorization_committed,executed:RUN:4032,1,RUN,0,0,18.108827993273735,14.259279239922762
xair_atomic,plc_plain,1,aba,3.0,1,4034,4034,4034,0,14.0,759,1,authorization_committed,executed:RUN:4034,1,RUN,0,0,18.00716621801257,14.206200372427702
xair,plc_predicate,1,aba,3.0,1,4036,,,0,0.0,760,0,read_set_version_changed_at_gate,,0,,0,0,18.98155501112342,0.3040200099349022
xair,plc_predicate,1,aba,3.0,1,4038,4038,4038,0,16.0,761,1,published_after_gate_recheck,executed:RUN:4038,1,RUN,0,0,20.325975958257914,16.233631409704685
xair,plc_predicate,1,aba,3.0,1,4040,,,0,2.0,762,0,read_set_version_changed_at_gate,,0,,0,0,19.03637684881687,2.2048838436603546
xair,plc_conditional,1,aba,3.0,1,4042,,,0,2.0,763,0,read_set_version_changed_at_gate,,0,,0,0,17.825285904109478,2.1857176907360554
xair,plc_plain,1,aba,3.0,1,4044,4044,4046,1,8.0,764,1,published_after_gate_recheck,executed:RUN:4046,1,RUN,0,0,25.256671011447906,8.285767398774624
xair,plc_predicate,0,,,1,4046,4046,4046,0,,765,1,published_after_gate_recheck,executed:RUN:4046,1,RUN,0,0,21.518301218748093,
xair_atomic,plc_predicate,1,aba,3.0,1,4046,,,0,2.0,766,0,read_set_version_changed_at_commit,,0,,0,0,17.560929991304874,2.3567788302898407
xair_atomic,plc_predicate,1,aba,3.0,1,4048,4048,4050,1,6.0,767,1,authorization_committed,executed:RUN:4050,1,RUN,0,0,18.569181207567453,6.2903049401938915
xair_atomic,plc_plain,0,,,1,4050,4050,4050,0,,768,1,authorization_committed,executed:RUN:4050,1,RUN,0,0,16.13252190873027,
xair,plc_conditional,1,aba,3.0,1,4050,4050,4051,0,14.0,769,1,published_after_gate_recheck,refused:version_changed:4051,0,,0,1,26.021815836429596,14.198845252394676
xair,plc_conditional,1,aba,3.0,1,4052,4052,4053,0,12.0,770,1,published_after_gate_recheck,refused:version_changed:4053,0,,0,1,20.443966146558523,12.175371870398521
xair_atomic,plc_predicate,0,,,1,4054,4054,4054,0,,771,1,authorization_committed,executed:RUN:4054,1,RUN,0,0,24.265182204544544,
xair,plc_plain,1,aba,3.0,1,4054,4054,4055,0,14.0,772,1,published_after_gate_recheck,executed:PAUSED:4055,1,PAUSED,1,0,26.14333387464285,14.188485685735941
xair,plc_predicate,1,aba,3.0,1,4056,,,0,2.0,773,0,read_set_version_changed_at_gate,,0,,0,0,17.044501844793558,2.1627862006425858
xair_atomic,plc_plain,0,,,1,4058,4058,4058,0,,774,1,authorization_committed,executed:RUN:4058,1,RUN,0,0,20.01753682270646,
xair_atomic,plc_predicate,1,aba,3.0,1,4058,4058,4060,1,6.0,775,1,authorization_committed,executed:RUN:4060,1,RUN,0,0,22.21912471577525,6.198693998157978
xair,plc_plain,1,aba,3.0,1,4060,4060,4061,0,12.0,776,1,published_after_gate_recheck,executed:PAUSED:4061,1,PAUSED,1,0,24.131350684911013,12.239651754498482
xair,plc_conditional,1,aba,3.0,1,4062,4062,4062,0,16.0,777,1,published_after_gate_recheck,executed:RUN:4062,1,RUN,0,0,19.789148587733507,16.243520192801952
xair,plc_conditional,1,aba,3.0,1,4064,4064,4065,0,14.0,778,1,published_after_gate_recheck,refused:version_changed:4065,0,,0,1,25.92055592685938,14.22716910019517
xair_atomic,plc_conditional,1,aba,3.0,1,4066,4066,4068,0,6.0,779,1,authorization_committed,refused:version_changed:4068,0,,0,1,24.446140974760056,6.235533393919468
xair_atomic,plc_plain,1,aba,3.0,1,4068,4068,4070,1,8.0,780,1,authorization_committed,executed:RUN:4070,1,RUN,0,0,22.7748965844512,8.205325808376074
xair_atomic,plc_conditional,1,aba,3.0,1,4070,,,0,4.0,781,0,read_set_version_changed_at_commit,,0,,0,0,17.11599575355649,4.183585289865732
xair,plc_plain,1,aba,3.0,1,4072,4072,4074,1,14.0,782,1,published_after_gate_recheck,executed:RUN:4074,1,RUN,0,0,29.59004743024707,14.195608906447887
xair,plc_conditional,1,aba,3.0,1,4074,4074,4075,0,12.0,783,1,published_after_gate_recheck,refused:version_changed:4075,0,,0,1,20.53577871993184,12.182294391095638
xair_atomic,plc_conditional,0,,,1,4076,4076,4076,0,,784,1,authorization_committed,executed:RUN:4076,1,RUN,0,0,19.616514910012484,
xair,plc_plain,1,aba,3.0,1,4076,4076,4078,1,6.0,785,1,published_after_gate_recheck,executed:RUN:4078,1,RUN,0,0,26.006145868450403,6.158968899399042
xair,plc_plain,1,aba,3.0,1,4078,,,0,0.0,786,0,read_set_version_changed_at_gate,,0,,0,0,16.8379838578403,0.3095311112701893
xair,plc_predicate,1,aba,3.0,1,4080,4080,4082,1,10.0,787,1,published_after_gate_recheck,executed:RUN:4082,1,RUN,0,0,27.51669893041253,10.303891729563475
xair,plc_plain,0,,,1,4082,4082,4082,0,,788,1,published_after_gate_recheck,executed:RUN:4082,1,RUN,0,0,22.78792206197977,
xair_atomic,plc_conditional,1,aba,3.0,1,4082,4082,4083,0,8.0,789,1,authorization_committed,refused:version_changed:4083,0,,0,1,19.316342193633318,8.297399152070284
xair_atomic,plc_conditional,1,aba,3.0,1,4084,4084,4085,0,8.0,790,1,authorization_committed,refused:version_changed:4085,0,,0,1,17.018893733620644,8.207069244235754
xair_atomic,plc_plain,1,aba,3.0,1,4086,4086,4088,1,6.0,791,1,authorization_committed,executed:RUN:4088,1,RUN,0,0,20.707490853965282,6.194816902279854
xair_atomic,plc_conditional,1,aba,3.0,1,4088,,,0,4.0,792,0,read_set_version_changed_at_commit,,0,,0,0,17.52268895506859,4.201969131827354
xair_atomic,plc_predicate,1,aba,3.0,1,4090,,,0,0.0,793,0,read_set_version_changed_at_commit,,0,,0,0,15.660256147384644,0.2698870375752449
xair_atomic,plc_predicate,1,aba,3.0,1,4092,4092,4093,0,10.0,794,1,authorization_committed,refused:predicate_false:4093,0,,0,1,18.276942893862724,10.182453785091639
xair,plc_plain,1,aba,3.0,1,4094,4094,4096,1,6.0,795,1,published_after_gate_recheck,executed:RUN:4096,1,RUN,0,0,23.80131185054779,6.187472026795149
xair_atomic,plc_predicate,0,,,1,4096,4096,4096,0,,796,1,authorization_committed,executed:RUN:4096,1,RUN,0,0,19.961931742727757,
xair,plc_predicate,1,aba,3.0,1,4096,4096,4098,1,6.0,797,1,published_after_gate_recheck,executed:RUN:4098,1,RUN,0,0,26.228733826428652,6.199785973876715
xair_atomic,plc_plain,0,,,1,4098,4098,4098,0,,798,1,authorization_committed,executed:RUN:4098,1,RUN,0,0,18.708602990955114,
xair_atomic,plc_conditional,1,aba,3.0,1,4098,4098,4098,0,20.0,799,1,authorization_committed,executed:RUN:4098,1,RUN,0,0,22.840680088847876,20.25400986894965
xair,plc_conditional,1,aba,3.0,1,4100,,,0,2.0,800,0,read_set_version_changed_at_gate,,0,,0,0,17.806250136345625,2.2443877533078194
xair_atomic,plc_plain,1,aba,3.0,1,4102,,,0,2.0,801,0,read_set_version_changed_at_commit,,0,,0,0,16.062600072473288,2.1952372044324875
xair_atomic,plc_plain,1,aba,3.0,1,4104,,,0,0.0,802,0,read_set_version_changed_at_commit,,0,,0,0,14.616880100220442,0.2641761675477028
xair,plc_plain,1,aba,3.0,1,4106,4106,4107,0,10.0,803,1,published_after_gate_recheck,executed:PAUSED:4107,1,PAUSED,1,0,23.167092818766832,10.41900785639882
xair_atomic,plc_conditional,1,aba,3.0,1,4108,4108,4108,0,12.0,804,1,authorization_committed,executed:RUN:4108,1,RUN,0,0,15.628465916961432,12.25444907322526
xair,plc_plain,1,aba,3.0,1,4110,4110,4110,0,12.0,805,1,published_after_gate_recheck,executed:RUN:4110,1,RUN,0,0,19.000539556145668,12.235083151608706
xair_atomic,plc_predicate,0,,,1,4112,4112,4112,0,,806,1,authorization_committed,executed:RUN:4112,1,RUN,0,0,16.29203138872981,
xair,plc_predicate,1,aba,3.0,1,4112,4112,4113,0,16.0,807,1,published_after_gate_recheck,refused:predicate_false:4113,0,,0,1,26.05142118409276,16.22243970632553
xair_atomic,plc_plain,1,aba,3.0,1,4114,4114,4115,0,12.0,808,1,authorization_committed,executed:PAUSED:4115,1,PAUSED,1,0,20.16689581796527,12.195087969303131
xair_atomic,plc_plain,0,,,1,4116,4116,4116,0,,809,1,authorization_committed,executed:RUN:4116,1,RUN,0,0,22.4570007994771,
xair_atomic,plc_plain,1,aba,3.0,1,4116,,,0,0.0,810,0,read_set_version_changed_at_commit,,0,,0,0,14.656453859061003,0.32084202393889427
xair,plc_plain,1,aba,3.0,1,4118,4118,4118,0,14.0,811,1,published_after_gate_recheck,executed:RUN:4118,1,RUN,0,0,19.98723018914461,14.188225846737623
xair,plc_conditional,0,,,1,4120,4120,4120,0,,812,1,published_after_gate_recheck,executed:RUN:4120,1,RUN,0,0,20.839357748627663,
xair_atomic,plc_conditional,0,,,1,4120,4120,4120,0,,813,1,authorization_committed,executed:RUN:4120,1,RUN,0,0,19.11953277885914,
xair,plc_plain,1,aba,3.0,1,4120,4120,4121,0,14.0,814,1,published_after_gate_recheck,executed:PAUSED:4121,1,PAUSED,1,0,26.121342089027166,14.304853975772858
xair,plc_conditional,1,aba,3.0,1,4122,,,0,4.0,815,0,read_set_version_changed_at_gate,,0,,0,0,19.84805939719081,4.177764058113098
xair_atomic,plc_conditional,1,aba,3.0,1,4124,4124,4126,0,6.0,816,1,authorization_committed,refused:version_changed:4126,0,,0,1,16.95083687081933,6.210125051438808
xair_atomic,plc_conditional,1,aba,3.0,1,4126,4126,4126,0,14.0,817,1,authorization_committed,executed:RUN:4126,1,RUN,0,0,17.774550709873438,14.198595192283392
xair_atomic,plc_plain,1,aba,3.0,1,4128,,,0,0.0,818,0,read_set_version_changed_at_commit,,0,,0,0,17.687037121504545,0.2971966750919819
xair,plc_conditional,1,aba,3.0,1,4130,4130,4132,0,14.0,819,1,published_after_gate_recheck,refused:version_changed:4132,0,,0,1,31.094428151845932,14.156355988234282
xair_atomic,plc_plain,1,aba,3.0,1,4132,4132,4132,0,16.0,820,1,authorization_committed,executed:RUN:4132,1,RUN,0,0,16.652867197990417,16.159612219780684
xair,plc_conditional,1,aba,3.0,1,4134,4134,4135,0,16.0,821,1,published_after_gate_recheck,refused:version_changed:4135,0,,0,1,25.90569807216525,16.180331353098154
xair_atomic,plc_conditional,1,aba,3.0,1,4136,4136,4137,0,14.0,822,1,authorization_committed,refused:version_changed:4137,0,,0,1,19.709539134055376,14.240243006497622
xair,plc_conditional,1,aba,3.0,1,4138,4138,4139,0,8.0,823,1,published_after_gate_recheck,refused:version_changed:4139,0,,0,1,20.349639002233744,8.256823290139437
xair_atomic,plc_conditional,1,aba,3.0,1,4140,,,0,0.0,824,0,read_set_version_changed_at_commit,,0,,0,0,14.12310404703021,0.3848620690405369
xair,plc_predicate,1,aba,3.0,1,4142,4142,4144,1,10.0,825,1,published_after_gate_recheck,executed:RUN:4144,1,RUN,0,0,25.32713394612074,10.21777093410492
xair,plc_plain,1,aba,3.0,1,4144,4144,4144,0,14.0,826,1,published_after_gate_recheck,executed:RUN:4144,1,RUN,0,0,20.063441712409258,14.25652438774705
xair_atomic,plc_predicate,1,aba,3.0,1,4146,4146,4148,1,10.0,827,1,authorization_committed,executed:RUN:4148,1,RUN,0,0,26.109911035746336,10.25341683998704
xair,plc_conditional,1,aba,3.0,1,4148,4148,4150,0,10.0,828,1,published_after_gate_recheck,refused:version_changed:4150,0,,0,1,25.235531851649284,10.247796773910522
xair,plc_plain,1,aba,3.0,1,4150,4150,4150,0,20.0,829,1,published_after_gate_recheck,executed:RUN:4150,1,RUN,0,0,22.458864841610193,20.247427746653557
xair,plc_plain,1,aba,3.0,1,4152,4152,4154,1,8.0,830,1,published_after_gate_recheck,executed:RUN:4154,1,RUN,0,0,29.222738929092884,8.237767964601517
xair,plc_predicate,1,aba,3.0,1,4154,4154,4155,0,6.0,831,1,published_after_gate_recheck,refused:predicate_false:4155,0,,0,1,18.72272789478302,6.200817879289389
xair,plc_plain,1,aba,3.0,1,4156,,,0,2.0,832,0,read_set_version_changed_at_gate,,0,,0,0,18.68858514353633,2.19174986705184
xair_atomic,plc_plain,1,aba,3.0,1,4158,4158,4159,0,16.0,833,1,authorization_committed,executed:PAUSED:4159,1,PAUSED,1,0,21.870872005820274,16.1659037694335
xair,plc_predicate,1,aba,3.0,1,4160,4160,4161,0,14.0,834,1,published_after_gate_recheck,refused:predicate_false:4161,0,,0,1,22.404050920158625,14.150455128401518
xair_atomic,plc_conditional,1,aba,3.0,1,4162,4162,4164,0,6.0,835,1,authorization_committed,refused:version_changed:4164,0,,0,1,19.01560788974166,6.235042121261358
xair,plc_conditional,1,aba,3.0,1,4164,4164,4164,0,16.0,836,1,published_after_gate_recheck,executed:RUN:4164,1,RUN,0,0,21.86350803822279,16.27036975696683
xair_atomic,plc_plain,1,aba,3.0,1,4166,4166,4167,0,20.0,837,1,authorization_committed,executed:PAUSED:4167,1,PAUSED,1,0,25.05325013771653,20.147059578448534
xair_atomic,plc_conditional,1,aba,3.0,1,4168,,,0,0.0,838,0,precondition_failed: line.state == 'RUN',,0,,0,0,11.385439895093441,0.2674511633813381
xair_atomic,plc_predicate,1,aba,3.0,1,4170,4170,4170,0,14.0,839,1,authorization_committed,executed:RUN:4170,1,RUN,0,0,17.0484590344131,14.209385961294174
xair,plc_predicate,1,aba,3.0,1,4172,4172,4173,0,16.0,840,1,published_after_gate_recheck,refused:predicate_false:4173,0,,0,1,28.500304091721773,16.231826972216368
xair,plc_conditional,1,aba,3.0,1,4174,4174,4176,0,8.0,841,1,published_after_gate_recheck,refused:version_changed:4176,0,,0,1,27.119123842567205,8.236975874751806
xair_atomic,plc_predicate,1,aba,3.0,1,4176,,,0,2.0,842,0,read_set_version_changed_at_commit,,0,,0,0,15.152854844927788,2.2064573131501675
xair,plc_plain,0,,,1,4178,4178,4178,0,,843,1,published_after_gate_recheck,executed:RUN:4178,1,RUN,0,0,25.71518113836646,
xair_atomic,plc_predicate,1,aba,3.0,1,4178,4178,4178,0,16.0,844,1,authorization_committed,executed:RUN:4178,1,RUN,0,0,18.961746711283922,16.200058162212372
xair,plc_plain,1,aba,3.0,1,4180,,,0,0.0,845,0,read_set_version_changed_at_gate,,0,,0,0,18.467589747160673,0.29006414115428925
xair_atomic,plc_predicate,1,aba,3.0,1,4182,4182,4183,0,12.0,846,1,authorization_committed,refused:predicate_false:4183,0,,0,1,20.475083962082863,12.197643052786589
xair_atomic,plc_conditional,1,aba,3.0,1,4184,4184,4185,0,16.0,847,1,authorization_committed,refused:version_changed:4185,0,,0,1,24.928024969995022,16.172807198017836
xair_atomic,plc_predicate,1,aba,3.0,1,4186,,,0,2.0,848,0,read_set_version_changed_at_commit,,0,,0,0,15.049430076032877,2.1842452697455883
xair,plc_predicate,1,aba,3.0,1,4188,4188,4189,0,8.0,849,1,published_after_gate_recheck,refused:predicate_false:4189,0,,0,1,19.603540189564228,8.16763611510396
xair_atomic,plc_conditional,1,aba,3.0,1,4190,4190,4192,0,12.0,850,1,authorization_committed,refused:version_changed:4192,0,,0,1,26.14075830206275,12.178247328847647
xair,plc_plain,1,aba,3.0,1,4192,4192,4193,0,12.0,851,1,published_after_gate_recheck,executed:PAUSED:4193,1,PAUSED,1,0,23.640991188585758,12.207540683448315
xair_atomic,plc_plain,0,,,1,4194,4194,4194,0,,852,1,authorization_committed,executed:RUN:4194,1,RUN,0,0,24.543542880564928,
xair_atomic,plc_conditional,1,aba,3.0,1,4194,4194,4194,0,20.0,853,1,authorization_committed,executed:RUN:4194,1,RUN,0,0,21.816228982061148,20.33104468137026
xair,plc_predicate,1,aba,3.0,1,4196,,,0,0.0,854,0,read_set_version_changed_at_gate,,0,,0,0,17.157292924821377,0.367830041795969
xair_atomic,plc_predicate,1,aba,3.0,1,4198,4198,4200,1,8.0,855,1,authorization_committed,executed:RUN:4200,1,RUN,0,0,24.457803927361965,8.262644056230783
xair,plc_conditional,1,aba,3.0,1,4200,4200,4202,0,6.0,856,1,published_after_gate_recheck,refused:version_changed:4202,0,,0,1,24.85685097053647,6.265828851610422
xair_atomic,plc_conditional,0,,,1,4202,4202,4202,0,,857,1,authorization_committed,executed:RUN:4202,1,RUN,0,0,18.53117998689413,
xair_atomic,plc_conditional,1,aba,3.0,1,4202,4202,4204,0,4.0,858,1,authorization_committed,refused:version_changed:4204,0,,0,1,22.33058400452137,4.201148170977831
xair,plc_conditional,1,aba,3.0,1,4204,4204,4206,0,6.0,859,1,published_after_gate_recheck,refused:version_changed:4206,0,,0,1,25.043781846761703,6.201619282364845
xair,plc_conditional,1,aba,3.0,1,4206,4206,4206,0,20.0,860,1,published_after_gate_recheck,executed:RUN:4206,1,RUN,0,0,22.229003719985485,20.24859981611371
xair_atomic,plc_conditional,1,aba,3.0,1,4208,4208,4208,0,20.0,861,1,authorization_committed,executed:RUN:4208,1,RUN,0,0,22.017846815288067,20.206922199577093
xair,plc_plain,1,aba,3.0,1,4210,4210,4212,1,6.0,862,1,published_after_gate_recheck,executed:RUN:4212,1,RUN,0,0,21.346108987927437,6.206048186868429
xair_atomic,plc_conditional,1,aba,3.0,1,4212,4212,4214,0,6.0,863,1,authorization_committed,refused:version_changed:4214,0,,0,1,20.092747174203396,6.14829920232296
xair,plc_conditional,0,,,1,4214,4214,4214,0,,864,1,published_after_gate_recheck,executed:RUN:4214,1,RUN,0,0,25.31134383752942,
xair_atomic,plc_conditional,1,aba,3.0,1,4214,4214,4216,0,8.0,865,1,authorization_committed,refused:version_changed:4216,0,,0,1,19.90198018029332,8.142768871039152
xair,plc_conditional,1,aba,3.0,1,4216,4216,4216,0,16.0,866,1,published_after_gate_recheck,executed:RUN:4216,1,RUN,0,0,21.184455137699842,16.235785093158484
xair,plc_conditional,1,aba,3.0,1,4218,4218,4218,0,16.0,867,1,published_after_gate_recheck,executed:RUN:4218,1,RUN,0,0,23.12697796151042,16.35665213689208
xair,plc_plain,1,aba,3.0,1,4220,4220,4220,0,16.0,868,1,published_after_gate_recheck,executed:RUN:4220,1,RUN,0,0,19.258813932538033,16.211479902267456
xair_atomic,plc_conditional,1,aba,3.0,1,4222,4222,4223,0,12.0,869,1,authorization_committed,refused:version_changed:4223,0,,0,1,18.549454398453236,12.17056205496192
xair,plc_plain,1,aba,3.0,1,4224,4224,4224,0,16.0,870,1,published_after_gate_recheck,executed:RUN:4224,1,RUN,0,0,22.927322890609503,16.183437313884497
xair_atomic,plc_conditional,1,aba,3.0,1,4226,4226,4228,0,12.0,871,1,authorization_committed,refused:version_changed:4228,0,,0,1,24.942832998931408,12.201268691569567
xair,plc_conditional,1,aba,3.0,1,4228,4228,4230,0,6.0,872,1,published_after_gate_recheck,refused:version_changed:4230,0,,0,1,25.062165688723326,6.181420758366585
xair_atomic,plc_predicate,1,aba,3.0,1,4230,4230,4230,0,16.0,873,1,authorization_committed,executed:RUN:4230,1,RUN,0,0,20.129306241869926,16.260612290352583
xair,plc_predicate,1,aba,3.0,1,4232,4232,4233,0,8.0,874,1,published_after_gate_recheck,refused:predicate_false:4233,0,,0,1,19.530562683939934,8.228580001741648
xair_atomic,plc_plain,1,aba,3.0,1,4234,4234,4234,0,12.0,875,1,authorization_committed,executed:RUN:4234,1,RUN,0,0,15.807673335075378,12.16838788241148
xair,plc_conditional,1,aba,3.0,1,4236,4236,4237,0,8.0,876,1,published_after_gate_recheck,refused:version_changed:4237,0,,0,1,20.119287073612213,8.209525141865015
xair_atomic,plc_plain,1,aba,3.0,1,4238,4238,4239,0,8.0,877,1,authorization_committed,executed:PAUSED:4239,1,PAUSED,1,0,15.8395329490304,8.18837434053421
xair_atomic,plc_plain,0,,,1,4240,4240,4240,0,,878,1,authorization_committed,executed:RUN:4240,1,RUN,0,0,20.41841810569167,
xair,plc_predicate,1,aba,3.0,1,4240,4240,4241,0,16.0,879,1,published_after_gate_recheck,refused:predicate_false:4241,0,,0,1,26.708142831921577,16.378002241253853
xair_atomic,plc_plain,1,aba,3.0,1,4242,4242,4242,0,14.0,880,1,authorization_committed,executed:RUN:4242,1,RUN,0,0,16.736243851482868,14.262204989790916
xair,plc_conditional,1,aba,3.0,1,4244,4244,4246,0,10.0,881,1,published_after_gate_recheck,refused:version_changed:4246,0,,0,1,28.299336787313223,10.399721097201109
xair,plc_plain,1,aba,3.0,1,4246,4246,4246,0,20.0,882,1,published_after_gate_recheck,executed:RUN:4246,1,RUN,0,0,21.319687832146883,20.231336820870638
xair_atomic,plc_predicate,1,aba,3.0,1,4248,,,0,2.0,883,0,read_set_version_changed_at_commit,,0,,0,0,15.22721303626895,2.2187307476997375
xair_atomic,plc_predicate,1,aba,3.0,1,4250,,,0,4.0,884,0,read_set_version_changed_at_commit,,0,,0,0,16.927081625908613,4.384402185678482
xair_atomic,plc_conditional,1,aba,3.0,1,4252,4252,4253,0,10.0,885,1,authorization_committed,refused:version_changed:4253,0,,0,1,18.332577776163816,10.327816940844059
xair,plc_plain,1,aba,3.0,1,4254,,,0,0.0,886,0,precondition_failed: line.state == 'RUN',,0,,0,0,13.024884276092052,0.32671308144927025
xair,plc_plain,1,aba,3.0,1,4256,4256,4257,0,12.0,887,1,published_after_gate_recheck,executed:PAUSED:4257,1,PAUSED,1,0,20.609376020729542,12.309482786804438
xair,plc_plain,0,,,1,4258,4258,4258,0,,888,1,published_after_gate_recheck,executed:RUN:4258,1,RUN,0,0,22.593527100980282,
xair,plc_predicate,1,aba,3.0,1,4258,4258,4259,0,10.0,889,1,published_after_gate_recheck,refused:predicate_false:4259,0,,0,1,22.3562722094357,10.230193380266428
xair,plc_predicate,0,,,1,4260,4260,4260,0,,890,1,published_after_gate_recheck,executed:RUN:4260,1,RUN,0,0,19.268141593784094,
xair_atomic,plc_predicate,1,aba,3.0,1,4260,4260,4262,1,8.0,891,1,authorization_committed,executed:RUN:4262,1,RUN,0,0,19.76647600531578,8.244449272751808
xair_atomic,plc_plain,1,aba,3.0,1,4262,,,0,0.0,892,0,precondition_failed: line.state == 'RUN',,0,,0,0,12.272343039512634,0.4122229292988777
xair,plc_predicate,1,aba,3.0,1,4264,4264,4266,1,14.0,893,1,published_after_gate_recheck,executed:RUN:4266,1,RUN,0,0,27.736150193959475,14.206360094249249
xair,plc_predicate,1,aba,3.0,1,4266,4266,4268,1,4.0,894,1,published_after_gate_recheck,executed:RUN:4268,1,RUN,0,0,20.385656971484423,4.269136115908623
xair_atomic,plc_conditional,1,aba,3.0,1,4268,4268,4269,0,14.0,895,1,authorization_committed,refused:version_changed:4269,0,,0,1,19.44543421268463,14.255561865866184
xair,plc_conditional,1,aba,3.0,1,4270,4270,4271,0,10.0,896,1,published_after_gate_recheck,refused:version_changed:4271,0,,0,1,21.571862045675516,10.170291643589735
xair_atomic,plc_plain,1,aba,3.0,1,4272,4272,4274,1,8.0,897,1,authorization_committed,executed:RUN:4274,1,RUN,0,0,25.330509059131145,8.281329181045294
xair,plc_conditional,1,aba,3.0,1,4274,4274,4276,0,10.0,898,1,published_after_gate_recheck,refused:version_changed:4276,0,,0,1,25.819475762546062,10.194617323577404
xair_atomic,plc_predicate,1,aba,3.0,1,4276,4276,4278,1,4.0,899,1,authorization_committed,executed:RUN:4278,1,RUN,0,0,17.25015789270401,4.217277746647596
xair,plc_predicate,0,,,1,4278,4278,4278,0,,900,1,published_after_gate_recheck,executed:RUN:4278,1,RUN,0,0,21.92462282255292,
xair_atomic,plc_predicate,0,,,1,4278,4278,4278,0,,901,1,authorization_committed,executed:RUN:4278,1,RUN,0,0,18.467960879206657,
xair,plc_predicate,1,aba,3.0,1,4278,,,0,2.0,902,0,read_set_version_changed_at_gate,,0,,0,0,17.543327063322067,2.239679917693138
xair,plc_plain,1,aba,3.0,1,4280,4280,4281,0,12.0,903,1,published_after_gate_recheck,executed:PAUSED:4281,1,PAUSED,1,0,20.932332146912813,12.325373012572527
xair_atomic,plc_predicate,1,aba,3.0,1,4282,4282,4284,1,6.0,904,1,authorization_committed,executed:RUN:4284,1,RUN,0,0,23.112561088055372,6.327875889837742
xair,plc_predicate,1,aba,3.0,1,4284,4284,4285,0,10.0,905,1,published_after_gate_recheck,refused:predicate_false:4285,0,,0,1,23.10990495607257,10.231314692646265
xair,plc_plain,1,aba,3.0,1,4286,4286,4286,0,14.0,906,1,published_after_gate_recheck,executed:RUN:4286,1,RUN,0,0,18.776580225676298,14.210988767445087
xair,plc_plain,0,,,1,4288,4288,4288,0,,907,1,published_after_gate_recheck,executed:RUN:4288,1,RUN,0,0,18.747814930975437,
xair_atomic,plc_conditional,1,aba,3.0,1,4288,,,0,2.0,908,0,read_set_version_changed_at_commit,,0,,0,0,15.362256672233343,2.2120382636785507
xair_atomic,plc_plain,1,aba,3.0,1,4290,4290,4291,0,12.0,909,1,authorization_committed,executed:PAUSED:4291,1,PAUSED,1,0,16.404602210968733,12.180631048977375
xair,plc_plain,0,,,1,4292,4292,4292,0,,910,1,published_after_gate_recheck,executed:RUN:4292,1,RUN,0,0,26.64925204589963,
xair,plc_predicate,1,aba,3.0,1,4292,4292,4292,0,20.0,911,1,published_after_gate_recheck,executed:RUN:4292,1,RUN,0,0,22.455018013715744,20.216699689626694
xair,plc_conditional,0,,,1,4294,4294,4294,0,,912,1,published_after_gate_recheck,executed:RUN:4294,1,RUN,0,0,17.630741000175476,
xair,plc_predicate,1,aba,3.0,1,4294,4294,4295,0,14.0,913,1,published_after_gate_recheck,refused:predicate_false:4295,0,,0,1,22.1648127771914,14.210247434675694
xair,plc_predicate,1,aba,3.0,1,4296,,,0,2.0,914,0,read_set_version_changed_at_gate,,0,,0,0,18.043325282633305,2.1933121606707573
xair,plc_plain,1,aba,3.0,1,4298,4298,4300,1,6.0,915,1,published_after_gate_recheck,executed:RUN:4300,1,RUN,0,0,26.586465071886778,6.187923718243837
xair_atomic,plc_predicate,1,aba,3.0,1,4300,,,0,0.0,916,0,precondition_failed: line.state == 'RUN',,0,,0,0,12.841430958360434,0.30531175434589386
xair,plc_plain,1,aba,3.0,1,4302,4302,4302,0,16.0,917,1,published_after_gate_recheck,executed:RUN:4302,1,RUN,0,0,19.638475961983204,16.174630261957645
xair_atomic,plc_plain,1,aba,3.0,1,4304,4304,4305,0,10.0,918,1,authorization_committed,executed:PAUSED:4305,1,PAUSED,1,0,21.49955602362752,10.428415145725012
xair,plc_plain,1,aba,3.0,1,4306,,,0,0.0,919,0,precondition_failed: line.state == 'RUN',,0,,0,0,12.897885870188475,0.38627488538622856
xair_atomic,plc_predicate,1,aba,3.0,1,4308,,,0,0.0,920,0,read_set_version_changed_at_commit,,0,,0,0,13.80458613857627,0.22906018421053886
xair_atomic,plc_predicate,1,aba,3.0,1,4310,4310,4311,0,8.0,921,1,authorization_committed,refused:predicate_false:4311,0,,0,1,16.63511386141181,8.20349296554923
xair,plc_conditional,1,aba,3.0,1,4312,4312,4313,0,14.0,922,1,published_after_gate_recheck,refused:version_changed:4313,0,,0,1,23.448840714991093,14.181954320520163
xair_atomic,plc_plain,1,aba,3.0,1,4314,4314,4316,1,8.0,923,1,authorization_committed,executed:RUN:4316,1,RUN,0,0,20.680028945207596,8.1625459715724
xair_atomic,plc_plain,1,aba,3.0,1,4316,4316,4317,0,10.0,924,1,authorization_committed,executed:PAUSED:4317,1,PAUSED,1,0,20.852121990174055,10.332575999200344
xair_atomic,plc_predicate,1,aba,3.0,1,4318,4318,4318,0,16.0,925,1,authorization_committed,executed:RUN:4318,1,RUN,0,0,17.04230811446905,16.33168524131179
xair_atomic,plc_plain,1,aba,3.0,1,4320,4320,4322,1,10.0,926,1,authorization_committed,executed:RUN:4322,1,RUN,0,0,23.462056182324886,10.197933297604322
xair,plc_conditional,1,aba,3.0,1,4322,4322,4322,0,16.0,927,1,published_after_gate_recheck,executed:RUN:4322,1,RUN,0,0,21.93543314933777,16.20849408209324
xair_atomic,plc_conditional,1,aba,3.0,1,4324,4324,4325,0,12.0,928,1,authorization_committed,refused:version_changed:4325,0,,0,1,20.581373944878578,12.189457193017006
xair,plc_conditional,1,aba,3.0,1,4326,,,0,2.0,929,0,read_set_version_changed_at_gate,,0,,0,0,17.891180235892534,2.1786349825561047
xair,plc_conditional,1,aba,3.0,1,4328,,,0,2.0,930,0,read_set_version_changed_at_gate,,0,,0,0,16.379153821617365,2.203431911766529
xair,plc_predicate,1,aba,3.0,1,4330,4330,4332,1,6.0,931,1,published_after_gate_recheck,executed:RUN:4332,1,RUN,0,0,24.587837047874928,6.254467647522688
xair_atomic,plc_conditional,1,aba,3.0,1,4332,4332,4332,0,16.0,932,1,authorization_committed,executed:RUN:4332,1,RUN,0,0,20.111212972551584,16.20291406288743
xair_atomic,plc_predicate,1,aba,3.0,1,4334,4334,4335,0,12.0,933,1,authorization_committed,refused:predicate_false:4335,0,,0,1,16.104530077427626,12.190158944576979
xair,plc_plain,1,aba,3.0,1,4336,4336,4337,0,12.0,934,1,published_after_gate_recheck,executed:PAUSED:4337,1,PAUSED,1,0,21.542375907301903,12.251943815499544
xair_atomic,plc_plain,1,aba,3.0,1,4338,4338,4339,0,10.0,935,1,authorization_committed,executed:PAUSED:4339,1,PAUSED,1,0,19.002543296664953,10.215375106781721
xair_atomic,plc_predicate,1,aba,3.0,1,4340,4340,4341,0,12.0,936,1,authorization_committed,refused:predicate_false:4341,0,,0,1,22.27641176432371,12.223601806908846
xair,plc_plain,1,aba,3.0,1,4342,4342,4343,0,14.0,937,1,published_after_gate_recheck,executed:PAUSED:4343,1,PAUSED,1,0,25.410880334675312,14.177965931594372
xair_atomic,plc_plain,1,aba,3.0,1,4344,4344,4344,0,20.0,938,1,authorization_committed,executed:RUN:4344,1,RUN,0,0,17.42762979120016,20.17263788729906
xair,plc_plain,1,aba,3.0,1,4346,4346,4346,0,20.0,939,1,published_after_gate_recheck,executed:RUN:4346,1,RUN,0,0,24.175003170967102,20.234824158251286
xair_atomic,plc_predicate,1,aba,3.0,1,4348,4348,4349,0,12.0,940,1,authorization_committed,refused:predicate_false:4349,0,,0,1,19.543749280273914,12.18074094504118
xair_atomic,plc_plain,1,aba,3.0,1,4350,4350,4352,1,14.0,941,1,authorization_committed,executed:RUN:4352,1,RUN,0,0,24.25789786502719,14.18435899540782
xair_atomic,plc_conditional,1,aba,3.0,1,4352,,,0,2.0,942,0,read_set_version_changed_at_commit,,0,,0,0,14.89164400845766,2.281367778778076
xair,plc_predicate,1,aba,3.0,1,4354,,,0,4.0,943,0,read_set_version_changed_at_gate,,0,,0,0,23.535223212093115,4.167084116488695
xair_atomic,plc_plain,1,aba,3.0,1,4356,4356,4356,0,12.0,944,1,authorization_committed,executed:RUN:4356,1,RUN,0,0,19.71361692994833,12.272192165255547
xair_atomic,plc_conditional,1,aba,3.0,1,4358,,,0,2.0,945,0,read_set_version_changed_at_commit,,0,,0,0,16.11169194802642,2.290775068104267
xair_atomic,plc_plain,1,aba,3.0,1,4360,4360,4362,1,10.0,946,1,authorization_committed,executed:RUN:4362,1,RUN,0,0,22.69033808261156,10.222108103334904
xair_atomic,plc_plain,0,,,1,4362,4362,4362,0,,947,1,authorization_committed,executed:RUN:4362,1,RUN,0,0,17.396151088178158,
xair_atomic,plc_plain,1,aba,3.0,1,4362,4362,4364,1,6.0,948,1,authorization_committed,executed:RUN:4364,1,RUN,0,0,20.904218778014183,7.017428986728191
xair,plc_plain,1,aba,3.0,1,4364,4364,4366,1,8.0,949,1,published_after_gate_recheck,executed:RUN:4366,1,RUN,0,0,24.00709828361869,8.247505873441696
xair_atomic,plc_predicate,1,aba,3.0,1,4366,4366,4368,1,8.0,950,1,authorization_committed,executed:RUN:4368,1,RUN,0,0,19.029443617910147,8.273444138467312
xair,plc_conditional,1,aba,3.0,1,4368,4368,4370,0,6.0,951,1,published_after_gate_recheck,refused:version_changed:4370,0,,0,1,19.871694035828114,6.166634149849415
xair_atomic,plc_predicate,1,aba,3.0,1,4370,4370,4371,0,14.0,952,1,authorization_committed,refused:predicate_false:4371,0,,0,1,19.41239181905985,14.184629078954458
xair_atomic,plc_conditional,0,,,1,4372,4372,4372,0,,953,1,authorization_committed,executed:RUN:4372,1,RUN,0,0,18.79031490534544,
xair,plc_predicate,1,aba,3.0,1,4372,4372,4373,0,16.0,954,1,published_after_gate_recheck,refused:predicate_false:4373,0,,0,1,25.291145779192448,16.197183169424534
xair,plc_predicate,1,aba,3.0,1,4374,4374,4375,0,14.0,955,1,published_after_gate_recheck,refused:predicate_false:4375,0,,0,1,22.71935297176242,14.238901436328888
xair_atomic,plc_conditional,1,aba,3.0,1,4376,4376,4377,0,12.0,956,1,authorization_committed,refused:version_changed:4377,0,,0,1,19.45459097623825,12.19477690756321
xair_atomic,plc_predicate,1,aba,3.0,1,4378,,,0,0.0,957,0,read_set_version_changed_at_commit,,0,,0,0,15.117126982659101,0.2475040964782238
xair,plc_conditional,1,aba,3.0,1,4380,4380,4380,0,16.0,958,1,published_after_gate_recheck,executed:RUN:4380,1,RUN,0,0,18.792941235005856,16.179810278117657
xair_atomic,plc_plain,1,aba,3.0,1,4382,,,0,4.0,959,0,read_set_version_changed_at_commit,,0,,0,0,16.648889984935522,4.175139125436544
xair_atomic,plc_plain,0,,,1,4384,4384,4384,0,,960,1,authorization_committed,executed:RUN:4384,1,RUN,0,0,15.757518820464611,
xair_atomic,plc_plain,1,aba,3.0,1,4384,4384,4386,1,6.0,961,1,authorization_committed,executed:RUN:4386,1,RUN,0,0,23.274855222553015,6.201247684657574
xair,plc_conditional,1,aba,3.0,1,4386,,,0,2.0,962,0,read_set_version_changed_at_gate,,0,,0,0,17.698497977107763,2.171421889215708
xair_atomic,plc_plain,1,aba,3.0,1,4388,4388,4388,0,16.0,963,1,authorization_committed,executed:RUN:4388,1,RUN,0,0,16.976815182715654,16.315594781190157
xair_atomic,plc_conditional,1,aba,3.0,1,4390,4390,4390,0,14.0,964,1,authorization_committed,executed:RUN:4390,1,RUN,0,0,16.840198077261448,14.233881141990423
xair,plc_predicate,1,aba,3.0,1,4392,4392,4394,1,12.0,965,1,published_after_gate_recheck,executed:RUN:4394,1,RUN,0,0,28.23471510782838,12.237908784300089
xair,plc_conditional,1,aba,3.0,1,4394,,,0,4.0,966,0,read_set_version_changed_at_gate,,0,,0,0,20.783332642167807,4.188363905996084
xair,plc_predicate,1,aba,3.0,1,4396,4396,4398,1,4.0,967,1,published_after_gate_recheck,executed:RUN:4398,1,RUN,0,0,22.778394166380167,4.184336867183447
xair,plc_plain,1,aba,3.0,1,4398,4398,4399,0,10.0,968,1,published_after_gate_recheck,executed:PAUSED:4399,1,PAUSED,1,0,21.477664355188608,10.185990948230028
xair,plc_conditional,1,aba,3.0,1,4400,4400,4400,0,12.0,969,1,published_after_gate_recheck,executed:RUN:4400,1,RUN,0,0,19.081431906670332,12.169219087809324
xair_atomic,plc_conditional,1,aba,3.0,1,4402,4402,4404,0,8.0,970,1,authorization_committed,refused:version_changed:4404,0,,0,1,20.128754898905754,8.309501688927412
xair_atomic,plc_conditional,1,aba,3.0,1,4404,,,0,0.0,971,0,precondition_failed: line.state == 'RUN',,0,,0,0,12.298281770199537,0.40904711931943893
xair,plc_predicate,1,aba,3.0,1,4406,4406,4406,0,12.0,972,1,published_after_gate_recheck,executed:RUN:4406,1,RUN,0,0,17.68960105255246,12.21822202205658
xair,plc_predicate,1,aba,3.0,1,4408,,,0,2.0,973,0,read_set_version_changed_at_gate,,0,,0,0,17.86115299910307,2.1333997137844563
xair_atomic,plc_conditional,1,aba,3.0,1,4410,,,0,0.0,974,0,read_set_version_changed_at_commit,,0,,0,0,14.30053636431694,0.35004690289497375
xair_atomic,plc_conditional,1,aba,3.0,1,4412,4412,4412,0,16.0,975,1,authorization_committed,executed:RUN:4412,1,RUN,0,0,16.506091691553593,16.285489313304424
xair_atomic,plc_plain,1,aba,3.0,1,4414,4414,4416,1,8.0,976,1,authorization_committed,executed:RUN:4416,1,RUN,0,0,23.539460729807615,8.191600907593966
xair,plc_predicate,0,,,1,4416,4416,4416,0,,977,1,published_after_gate_recheck,executed:RUN:4416,1,RUN,0,0,25.710882619023323,
xair,plc_conditional,0,,,1,4416,4416,4416,0,,978,1,published_after_gate_recheck,executed:RUN:4416,1,RUN,0,0,22.396497894078493,
xair_atomic,plc_conditional,1,aba,3.0,1,4416,,,0,0.0,979,0,read_set_version_changed_at_commit,,0,,0,0,14.504589140415192,0.2973782829940319
xair_atomic,plc_plain,1,aba,3.0,1,4418,,,0,0.0,980,0,read_set_version_changed_at_commit,,0,,0,0,14.037453103810549,0.27145911008119583
xair_atomic,plc_conditional,1,aba,3.0,1,4420,4420,4421,0,14.0,981,1,authorization_committed,refused:version_changed:4421,0,,0,1,19.372285809367895,14.2026930116117
xair,plc_predicate,1,aba,3.0,1,4422,4422,4423,0,12.0,982,1,published_after_gate_recheck,refused:predicate_false:4423,0,,0,1,21.38770604506135,12.181441765278578
xair_atomic,plc_predicate,0,,,1,4424,4424,4424,0,,983,1,authorization_committed,executed:RUN:4424,1,RUN,0,0,19.665146246552467,
xair_atomic,plc_conditional,1,aba,3.0,1,4424,,,0,4.0,984,0,read_set_version_changed_at_commit,,0,,0,0,16.696399077773094,4.24328725785017
xair,plc_predicate,0,,,1,4426,4426,4426,0,,985,1,published_after_gate_recheck,executed:RUN:4426,1,RUN,0,0,18.43748427927494,
xair_atomic,plc_plain,0,,,1,4426,4426,4426,0,,986,1,authorization_committed,executed:RUN:4426,1,RUN,0,0,19.66786105185747,
xair_atomic,plc_plain,1,aba,3.0,1,4426,4426,4428,1,8.0,987,1,authorization_committed,executed:RUN:4428,1,RUN,0,0,22.905601654201746,8.237677160650492
xair_atomic,plc_conditional,1,aba,3.0,1,4428,,,0,2.0,988,0,read_set_version_changed_at_commit,,0,,0,0,15.114332549273968,2.1721739321947098
xair_atomic,plc_conditional,1,aba,3.0,1,4430,,,0,0.0,989,0,read_set_version_changed_at_commit,,0,,0,0,14.165173284709454,0.2416130155324936
xair_atomic,plc_plain,1,aba,3.0,1,4432,4432,4434,1,6.0,990,1,authorization_committed,executed:RUN:4434,1,RUN,0,0,20.57231729850173,6.191920954734087
xair,plc_conditional,1,aba,3.0,1,4434,4434,4434,0,20.0,991,1,published_after_gate_recheck,executed:RUN:4434,1,RUN,0,0,23.326983209699392,20.180643070489168
xair,plc_conditional,1,aba,3.0,1,4436,,,0,4.0,992,0,read_set_version_changed_at_gate,,0,,0,0,20.2906490303576,4.177283961325884
xair_atomic,plc_plain,1,aba,3.0,1,4438,4438,4438,0,12.0,993,1,authorization_committed,executed:RUN:4438,1,RUN,0,0,14.769615139812231,12.321063783019781
xair_atomic,plc_predicate,1,aba,3.0,1,4440,,,0,0.0,994,0,read_set_version_changed_at_commit,,0,,0,0,14.642186928540468,0.6157546304166317
xair_atomic,plc_conditional,1,aba,3.0,1,4442,4442,4443,0,16.0,995,1,authorization_committed,refused:version_changed:4443,0,,0,1,24.127704091370106,16.188606154173613
xair,plc_conditional,1,aba,3.0,1,4444,4444,4444,0,20.0,996,1,published_after_gate_recheck,executed:RUN:4444,1,RUN,0,0,25.44109709560871,20.277745090425014
xair_atomic,plc_conditional,1,aba,3.0,1,4446,,,0,4.0,997,0,read_set_version_changed_at_commit,,0,,0,0,17.674462869763374,4.297978710383177
xair_atomic,plc_predicate,1,aba,3.0,1,4448,4448,4449,0,16.0,998,1,authorization_committed,refused:predicate_false:4449,0,,0,1,20.49383893609047,16.225375700742006
xair,plc_plain,0,,,1,4450,4450,4450,0,,999,1,published_after_gate_recheck,executed:RUN:4450,1,RUN,0,0,20.720585249364376,
xair,plc_conditional,1,aba,3.0,1,4450,,,0,4.0,1000,0,read_set_version_changed_at_gate,,0,,0,0,20.75000014156103,4.2148130014538765
xair_atomic,plc_predicate,1,aba,3.0,1,4452,,,0,4.0,1001,0,read_set_version_changed_at_commit,,0,,0,0,16.68105972930789,4.17213374748826
xair_atomic,plc_plain,1,aba,3.0,1,4454,4454,4456,1,8.0,1002,1,authorization_committed,executed:RUN:4456,1,RUN,0,0,22.78632903471589,8.209583815187216
xair_atomic,plc_predicate,1,aba,3.0,1,4456,4456,4457,0,14.0,1003,1,authorization_committed,refused:predicate_false:4457,0,,0,1,21.162684075534344,14.143662061542273
xair,plc_predicate,1,aba,3.0,1,4458,4458,4459,0,16.0,1004,1,published_after_gate_recheck,refused:predicate_false:4459,0,,0,1,23.73543893918395,16.26315712928772
xair_atomic,plc_plain,1,aba,3.0,1,4460,4460,4462,1,4.0,1005,1,authorization_committed,executed:RUN:4462,1,RUN,0,0,16.880003735423088,4.3832091614604
xair_atomic,plc_conditional,1,aba,3.0,1,4462,4462,4464,0,6.0,1006,1,authorization_committed,refused:version_changed:4464,0,,0,1,18.186694011092186,6.680648308247328
xair,plc_predicate,1,aba,3.0,1,4464,,,0,4.0,1007,0,read_set_version_changed_at_gate,,0,,0,0,20.491586066782475,4.2777820490300655
xair,plc_plain,1,aba,3.0,1,4466,,,0,2.0,1008,0,read_set_version_changed_at_gate,,0,,0,0,21.64971688762307,2.1946351043879986
xair_atomic,plc_plain,1,aba,3.0,1,4468,,,0,0.0,1009,0,read_set_version_changed_at_commit,,0,,0,0,15.443178825080395,0.3840099088847637
xair,plc_plain,1,aba,3.0,1,4470,4470,4470,0,12.0,1010,1,published_after_gate_recheck,executed:RUN:4470,1,RUN,0,0,18.897036090493202,12.214485090225935
xair_atomic,plc_predicate,1,aba,3.0,1,4472,4472,4473,0,10.0,1011,1,authorization_committed,refused:predicate_false:4473,0,,0,1,17.40455674007535,10.243016760796309
xair_atomic,plc_plain,1,aba,3.0,1,4474,4474,4475,0,14.0,1012,1,authorization_committed,executed:PAUSED:4475,1,PAUSED,1,0,20.938653964549303,14.173949137330055
xair_atomic,plc_plain,1,aba,3.0,1,4476,4476,4476,0,16.0,1013,1,authorization_committed,executed:RUN:4476,1,RUN,0,0,18.8218648545444,16.285467892885208
xair,plc_conditional,1,aba,3.0,1,4478,4478,4478,0,14.0,1014,1,published_after_gate_recheck,executed:RUN:4478,1,RUN,0,0,19.62837716564536,14.237668830901384
xair,plc_predicate,1,aba,3.0,1,4480,4480,4482,1,10.0,1015,1,published_after_gate_recheck,executed:RUN:4482,1,RUN,0,0,28.69092021137476,10.235824156552553
xair,plc_conditional,1,aba,3.0,1,4482,4482,4483,0,8.0,1016,1,published_after_gate_recheck,refused:version_changed:4483,0,,0,1,21.476983092725277,8.244780823588371
xair,plc_predicate,1,aba,3.0,1,4484,4484,4486,1,4.0,1017,1,published_after_gate_recheck,executed:RUN:4486,1,RUN,0,0,20.815703086555004,4.309570882469416
xair_atomic,plc_predicate,1,aba,3.0,1,4486,,,0,0.0,1018,0,precondition_failed: line.state == 'RUN',,0,,0,0,12.966865207999945,0.33516762778162956
xair_atomic,plc_plain,1,aba,3.0,1,4488,4488,4490,1,4.0,1019,1,authorization_committed,executed:RUN:4490,1,RUN,0,0,25.254447013139725,4.1899969801306725
xair_atomic,plc_plain,1,aba,3.0,1,4490,4490,4492,1,4.0,1020,1,authorization_committed,executed:RUN:4492,1,RUN,0,0,22.415283136069775,4.174719098955393
xair_atomic,plc_conditional,1,aba,3.0,1,4492,4492,4492,0,20.0,1021,1,authorization_committed,executed:RUN:4492,1,RUN,0,0,20.891034975647926,20.19124198704958
xair,plc_conditional,1,aba,3.0,1,4494,,,0,4.0,1022,0,read_set_version_changed_at_gate,,0,,0,0,19.28327977657318,4.185618832707405
xair,plc_plain,1,aba,3.0,1,4496,4496,4497,0,8.0,1023,1,published_after_gate_recheck,executed:PAUSED:4497,1,PAUSED,1,0,21.832719910889864,8.251163177192211
xair,plc_conditional,1,aba,3.0,1,4498,4498,4499,0,12.0,1024,1,published_after_gate_recheck,refused:version_changed:4499,0,,0,1,19.297697115689516,12.251142878085375
xair_atomic,plc_predicate,1,aba,3.0,1,4500,,,0,2.0,1025,0,read_set_version_changed_at_commit,,0,,0,0,14.239782933145761,2.2227191366255283
xair_atomic,plc_plain,1,aba,3.0,1,4502,4502,4502,0,20.0,1026,1,authorization_committed,executed:RUN:4502,1,RUN,0,0,19.825996831059456,20.238311029970646
xair_atomic,plc_predicate,1,aba,3.0,1,4504,,,0,2.0,1027,0,read_set_version_changed_at_commit,,0,,0,0,15.489195939153433,2.1743676625192165
xair_atomic,plc_predicate,1,aba,3.0,1,4506,,,0,2.0,1028,0,read_set_version_changed_at_commit,,0,,0,0,14.607131015509367,2.1766722202301025
xair,plc_plain,1,aba,3.0,1,4508,,,0,2.0,1029,0,read_set_version_changed_at_gate,,0,,0,0,19.442538730800152,2.316214144229889
xair_atomic,plc_predicate,1,aba,3.0,1,4510,,,0,2.0,1030,0,read_set_version_changed_at_commit,,0,,0,0,14.431121293455362,2.1930327638983727
xair,plc_conditional,1,aba,3.0,1,4512,4512,4512,0,20.0,1031,1,published_after_gate_recheck,executed:RUN:4512,1,RUN,0,0,25.21272888407111,20.248970948159695
xair_atomic,plc_plain,1,aba,3.0,1,4514,4514,4516,1,14.0,1032,1,authorization_committed,executed:RUN:4516,1,RUN,0,0,24.67096270993352,14.207832980901003
xair_atomic,plc_predicate,0,,,1,4516,4516,4516,0,,1033,1,authorization_committed,executed:RUN:4516,1,RUN,0,0,22.22492592409253,
xair,plc_plain,1,aba,3.0,1,4516,,,0,2.0,1034,0,read_set_version_changed_at_gate,,0,,0,0,18.620526883751154,2.194854896515608
xair,plc_predicate,1,aba,3.0,1,4518,4518,4519,0,10.0,1035,1,published_after_gate_recheck,refused:predicate_false:4519,0,,0,1,18.564883153885603,10.273043997585773
xair_atomic,plc_conditional,1,aba,3.0,1,4520,4520,4522,0,8.0,1036,1,authorization_committed,refused:version_changed:4522,0,,0,1,22.907376289367676,8.222799748182297
xair,plc_predicate,1,aba,3.0,1,4522,4522,4524,1,8.0,1037,1,published_after_gate_recheck,executed:RUN:4524,1,RUN,0,0,25.835586711764336,8.197681978344917
xair,plc_conditional,1,aba,3.0,1,4524,4524,4525,0,12.0,1038,1,published_after_gate_recheck,refused:version_changed:4525,0,,0,1,21.306765265762806,12.267053127288818
xair,plc_predicate,1,aba,3.0,1,4526,4526,4526,0,16.0,1039,1,published_after_gate_recheck,executed:RUN:4526,1,RUN,0,0,23.156733717769384,16.201830934733152
xair,plc_conditional,1,aba,3.0,1,4528,4528,4529,0,8.0,1040,1,published_after_gate_recheck,refused:version_changed:4529,0,,0,1,19.59924167022109,8.199505042284727
xair_atomic,plc_plain,1,aba,3.0,1,4530,4530,4530,0,16.0,1041,1,authorization_committed,executed:RUN:4530,1,RUN,0,0,16.53254171833396,16.18432905524969
xair_atomic,plc_predicate,1,aba,3.0,1,4532,,,0,2.0,1042,0,read_set_version_changed_at_commit,,0,,0,0,14.715213794261217,2.2195721976459026
xair_atomic,plc_conditional,1,aba,3.0,1,4534,,,0,2.0,1043,0,read_set_version_changed_at_commit,,0,,0,0,14.557118061929941,2.1949857473373413
xair,plc_predicate,1,aba,3.0,1,4536,,,0,2.0,1044,0,read_set_version_changed_at_gate,,0,,0,0,17.369891982525587,2.3286868818104267
xair_atomic,plc_conditional,1,aba,3.0,1,4538,,,0,0.0,1045,0,read_set_version_changed_at_commit,,0,,0,0,14.525027014315128,0.2831313759088516
xair,plc_conditional,1,aba,3.0,1,4540,4540,4542,0,10.0,1046,1,published_after_gate_recheck,refused:version_changed:4542,0,,0,1,25.731090921908617,10.192401707172394
xair,plc_plain,1,aba,3.0,1,4542,4542,4542,0,20.0,1047,1,published_after_gate_recheck,executed:RUN:4542,1,RUN,0,0,22.196081932634115,20.17672499641776
xair,plc_plain,1,aba,3.0,1,4544,,,0,0.0,1048,0,read_set_version_changed_at_gate,,0,,0,0,16.05857303366065,0.22689485922455788
xair_atomic,plc_predicate,1,aba,3.0,1,4546,4546,4546,0,20.0,1049,1,authorization_committed,executed:RUN:4546,1,RUN,0,0,17.737790942192078,20.264550112187862
xair,plc_conditional,1,aba,3.0,1,4548,4548,4550,0,10.0,1050,1,published_after_gate_recheck,refused:version_changed:4550,0,,0,1,24.378895293921232,10.252574924379587
xair,plc_plain,1,aba,3.0,1,4550,4550,4550,0,20.0,1051,1,published_after_gate_recheck,executed:RUN:4550,1,RUN,0,0,21.738693583756685,20.297330804169178
xair,plc_conditional,1,aba,3.0,1,4552,,,0,0.0,1052,0,read_set_version_changed_at_gate,,0,,0,0,17.38406904041767,0.27674902230501175
xair,plc_plain,1,aba,3.0,1,4554,4554,4554,0,20.0,1053,1,published_after_gate_recheck,executed:RUN:4554,1,RUN,0,0,26.405795942991972,20.200801081955433
xair_atomic,plc_conditional,1,aba,3.0,1,4556,,,0,2.0,1054,0,read_set_version_changed_at_commit,,0,,0,0,14.2804691568017,2.1767420694231987
xair_atomic,plc_plain,1,aba,3.0,1,4558,4558,4560,1,10.0,1055,1,authorization_committed,executed:RUN:4560,1,RUN,0,0,20.31893189996481,10.188274551182985
xair,plc_conditional,0,,,1,4560,4560,4560,0,,1056,1,published_after_gate_recheck,executed:RUN:4560,1,RUN,0,0,26.28215402364731,
xair_atomic,plc_plain,1,aba,3.0,1,4560,4560,4562,1,6.0,1057,1,authorization_committed,executed:RUN:4562,1,RUN,0,0,19.403213635087013,6.216578185558319
xair,plc_plain,1,aba,3.0,1,4562,4562,4562,0,20.0,1058,1,published_after_gate_recheck,executed:RUN:4562,1,RUN,0,0,24.189009331166744,20.21918399259448
xair,plc_predicate,1,aba,3.0,1,4564,4564,4566,1,8.0,1059,1,published_after_gate_recheck,executed:RUN:4566,1,RUN,0,0,26.752647012472153,8.18428723141551
xair_atomic,plc_plain,1,aba,3.0,1,4566,4566,4568,1,6.0,1060,1,authorization_committed,executed:RUN:4568,1,RUN,0,0,18.42492027208209,6.187763065099716
xair,plc_conditional,1,aba,3.0,1,4568,4568,4570,0,6.0,1061,1,published_after_gate_recheck,refused:version_changed:4570,0,,0,1,24.740934371948242,6.19096914306283
xair_atomic,plc_plain,1,aba,3.0,1,4570,4570,4572,1,14.0,1062,1,authorization_committed,executed:RUN:4572,1,RUN,0,0,28.221451211720705,14.212090987712145
xair,plc_conditional,1,aba,3.0,1,4572,4572,4573,0,16.0,1063,1,published_after_gate_recheck,refused:version_changed:4573,0,,0,1,24.837205186486244,16.20753202587366
xair_atomic,plc_predicate,1,aba,3.0,1,4574,4574,4576,1,6.0,1064,1,authorization_committed,executed:RUN:4576,1,RUN,0,0,24.51818622648716,6.182612851262093
xair_atomic,plc_conditional,1,aba,3.0,1,4576,4576,4578,0,10.0,1065,1,authorization_committed,refused:version_changed:4578,0,,0,1,21.781914867460728,10.178096126765013
xair_atomic,plc_plain,1,aba,3.0,1,4578,4578,4578,0,20.0,1066,1,authorization_committed,executed:RUN:4578,1,RUN,0,0,20.671573001891375,20.21672995761037
xair_atomic,plc_plain,1,aba,3.0,1,4580,4580,4581,0,12.0,1067,1,authorization_committed,executed:PAUSED:4581,1,PAUSED,1,0,18.606370780617,12.209685053676367
xair_atomic,plc_plain,1,aba,3.0,1,4582,,,0,0.0,1068,0,read_set_version_changed_at_commit,,0,,0,0,13.827549293637276,0.2397787757217884
xair_atomic,plc_predicate,0,,,1,4584,4584,4584,0,,1069,1,authorization_committed,executed:RUN:4584,1,RUN,0,0,27.659236919134855,
xair,plc_predicate,1,aba,3.0,1,4584,,,0,4.0,1070,0,read_set_version_changed_at_gate,,0,,0,0,26.830411981791258,4.21894108876586
xair,plc_predicate,1,aba,3.0,1,4586,4586,4588,1,16.0,1071,1,published_after_gate_recheck,executed:RUN:4588,1,RUN,0,0,33.22651609778404,16.340421978384256
xair_atomic,plc_plain,1,aba,3.0,1,4588,4588,4590,1,12.0,1072,1,authorization_committed,executed:RUN:4590,1,RUN,0,0,25.915275793522596,12.31835875660181
xair,plc_conditional,1,aba,3.0,1,4590,4590,4591,0,10.0,1073,1,published_after_gate_recheck,refused:version_changed:4591,0,,0,1,23.131375201046467,10.219173040241003
xair_atomic,plc_predicate,1,aba,3.0,1,4592,4592,4592,0,14.0,1074,1,authorization_committed,executed:RUN:4592,1,RUN,0,0,16.286100260913372,14.231606852263212
xair_atomic,plc_plain,1,aba,3.0,1,4594,,,0,0.0,1075,0,read_set_version_changed_at_commit,,0,,0,0,15.5860367231071,0.30211685225367546
xair,plc_conditional,1,aba,3.0,1,4596,,,0,0.0,1076,0,read_set_version_changed_at_gate,,0,,0,0,16.94147801026702,0.25382591411471367
xair,plc_conditional,1,aba,3.0,1,4598,4598,4599,0,10.0,1077,1,published_after_gate_recheck,refused:version_changed:4599,0,,0,1,20.885563921183348,10.26098057627678
xair,plc_conditional,1,aba,3.0,1,4600,4600,4602,0,12.0,1078,1,published_after_gate_recheck,refused:version_changed:4602,0,,0,1,28.08916289359331,12.205718085169792
xair_atomic,plc_predicate,1,aba,3.0,1,4602,4602,4602,0,16.0,1079,1,authorization_committed,executed:RUN:4602,1,RUN,0,0,18.4334060177207,16.211249865591526
xair,plc_predicate,1,aba,3.0,1,4604,4604,4605,0,8.0,1080,1,published_after_gate_recheck,refused:predicate_false:4605,0,,0,1,19.01629939675331,8.186521008610725
xair_atomic,plc_conditional,1,aba,3.0,1,4606,4606,4606,0,20.0,1081,1,authorization_committed,executed:RUN:4606,1,RUN,0,0,16.54953369870782,20.196262281388044
xair_atomic,plc_predicate,1,aba,3.0,1,4608,,,0,2.0,1082,0,read_set_version_changed_at_commit,,0,,0,0,14.428857248276472,2.204693853855133
xair_atomic,plc_predicate,1,aba,3.0,1,4610,4610,4610,0,20.0,1083,1,authorization_committed,executed:RUN:4610,1,RUN,0,0,23.537246976047754,20.17580298706889
xair_atomic,plc_conditional,1,aba,3.0,1,4612,4612,4614,0,10.0,1084,1,authorization_committed,refused:version_changed:4614,0,,0,1,26.407348923385143,10.199385229498148
xair,plc_predicate,1,aba,3.0,1,4614,4614,4614,0,20.0,1085,1,published_after_gate_recheck,executed:RUN:4614,1,RUN,0,0,25.266689714044333,20.286931190639734
xair,plc_conditional,1,aba,3.0,1,4616,4616,4618,0,8.0,1086,1,published_after_gate_recheck,refused:version_changed:4618,0,,0,1,25.338014122098684,8.222248870879412
xair,plc_predicate,1,aba,3.0,1,4618,,,0,0.0,1087,0,read_set_version_changed_at_gate,,0,,0,0,17.354383133351803,0.2536959946155548
xair_atomic,plc_conditional,1,aba,3.0,1,4620,4620,4620,0,20.0,1088,1,authorization_committed,executed:RUN:4620,1,RUN,0,0,22.624424658715725,20.188868045806885
xair_atomic,plc_conditional,1,aba,3.0,1,4622,4622,4624,0,14.0,1089,1,authorization_committed,refused:version_changed:4624,0,,0,1,24.681983049958944,14.198024291545153
xair,plc_plain,1,aba,3.0,1,4624,4624,4624,0,14.0,1090,1,published_after_gate_recheck,executed:RUN:4624,1,RUN,0,0,20.54579695686698,14.181372709572315
xair_atomic,plc_predicate,1,aba,3.0,1,4626,4626,4626,0,20.0,1091,1,authorization_committed,executed:RUN:4626,1,RUN,0,0,16.422634944319725,20.28225315734744
xair_atomic,plc_plain,1,aba,3.0,1,4628,4628,4629,0,12.0,1092,1,authorization_committed,executed:PAUSED:4629,1,PAUSED,1,0,19.075701013207436,12.205798178911209
xair_atomic,plc_conditional,1,aba,3.0,1,4630,,,0,4.0,1093,0,read_set_version_changed_at_commit,,0,,0,0,16.86942297965288,4.189205821603537
xair_atomic,plc_plain,1,aba,3.0,1,4632,4632,4634,1,6.0,1094,1,authorization_committed,executed:RUN:4634,1,RUN,0,0,23.873116821050644,6.169439293444157
xair_atomic,plc_conditional,1,aba,3.0,1,4634,4634,4636,0,10.0,1095,1,authorization_committed,refused:version_changed:4636,0,,0,1,23.330228868871927,10.18105074763298
xair,plc_plain,1,aba,3.0,1,4636,4636,4638,1,8.0,1096,1,published_after_gate_recheck,executed:RUN:4638,1,RUN,0,0,23.764161858707666,8.203714154660702
xair_atomic,plc_predicate,1,aba,3.0,1,4638,4638,4638,0,16.0,1097,1,authorization_committed,executed:RUN:4638,1,RUN,0,0,18.009801860898733,16.16468094289303
xair,plc_predicate,1,aba,3.0,1,4640,4640,4642,1,8.0,1098,1,published_after_gate_recheck,executed:RUN:4642,1,RUN,0,0,28.359489049762487,8.173476904630661
xair_atomic,plc_predicate,1,aba,3.0,1,4642,4642,4644,1,6.0,1099,1,authorization_committed,executed:RUN:4644,1,RUN,0,0,19.547004252672195,6.197781767696142
xair_atomic,plc_predicate,1,aba,3.0,1,4644,4644,4644,0,20.0,1100,1,authorization_committed,executed:RUN:4644,1,RUN,0,0,19.673271104693413,20.252497401088476
xair_atomic,plc_plain,1,aba,3.0,1,4646,4646,4646,0,20.0,1101,1,authorization_committed,executed:RUN:4646,1,RUN,0,0,22.852983325719833,20.1967628672719
xair_atomic,plc_plain,1,aba,3.0,1,4648,,,0,2.0,1102,0,read_set_version_changed_at_commit,,0,,0,0,15.99144795909524,2.1823630668222904
xair,plc_plain,1,aba,3.0,1,4650,4650,4650,0,16.0,1103,1,published_after_gate_recheck,executed:RUN:4650,1,RUN,0,0,23.11499509960413,16.210037283599377
xair_atomic,plc_predicate,1,aba,3.0,1,4652,4652,4653,0,10.0,1104,1,authorization_committed,refused:predicate_false:4653,0,,0,1,17.3345860093832,10.183896869421005
xair,plc_plain,1,aba,3.0,1,4654,4654,4656,1,4.0,1105,1,published_after_gate_recheck,executed:RUN:4656,1,RUN,0,0,22.39135792478919,4.177624359726906
xair,plc_conditional,1,aba,3.0,1,4656,,,0,0.0,1106,0,precondition_failed: line.state == 'RUN',,0,,0,0,12.90104165673256,0.3042910248041153
xair_atomic,plc_plain,1,aba,3.0,1,4658,4658,4660,1,12.0,1107,1,authorization_committed,executed:RUN:4660,1,RUN,0,0,25.31856717541814,12.167076114565134
xair,plc_predicate,1,aba,3.0,1,4660,4660,4660,0,20.0,1108,1,published_after_gate_recheck,executed:RUN:4660,1,RUN,0,0,24.070496670901775,20.18027100712061
xair,plc_plain,1,aba,3.0,1,4662,4662,4664,1,8.0,1109,1,published_after_gate_recheck,executed:RUN:4664,1,RUN,0,0,27.589004021137953,8.173888083547354
xair,plc_predicate,1,aba,3.0,1,4664,4664,4666,1,4.0,1110,1,published_after_gate_recheck,executed:RUN:4666,1,RUN,0,0,21.748903207480907,4.177433904260397
xair,plc_predicate,1,aba,3.0,1,4666,4666,4667,0,14.0,1111,1,published_after_gate_recheck,refused:predicate_false:4667,0,,0,1,22.593016270548105,14.259448740631342
xair_atomic,plc_conditional,0,,,1,4668,4668,4668,0,,1112,1,authorization_committed,executed:RUN:4668,1,RUN,0,0,31.86909109354019,
xair_atomic,plc_predicate,1,aba,3.0,1,4668,4668,4668,0,20.0,1113,1,authorization_committed,executed:RUN:4668,1,RUN,0,0,16.85683010146022,20.182545762509108
xair,plc_conditional,1,aba,3.0,1,4670,4670,4671,0,10.0,1114,1,published_after_gate_recheck,refused:version_changed:4671,0,,0,1,21.386655047535896,10.280366986989975
xair_atomic,plc_conditional,1,aba,3.0,1,4672,4672,4674,0,14.0,1115,1,authorization_committed,refused:version_changed:4674,0,,0,1,24.524888955056667,14.251294080168009
xair,plc_plain,1,aba,3.0,1,4674,,,0,0.0,1116,0,precondition_failed: line.state == 'RUN',,0,,0,0,13.603779952973127,0.2912059426307678
xair_atomic,plc_predicate,1,aba,3.0,1,4676,,,0,2.0,1117,0,read_set_version_changed_at_commit,,0,,0,0,14.343596994876862,2.179136034101248
xair,plc_predicate,1,aba,3.0,1,4678,4678,4680,1,8.0,1118,1,published_after_gate_recheck,executed:RUN:4680,1,RUN,0,0,28.197284787893295,8.173436857759953
xair,plc_predicate,1,aba,3.0,1,4680,4680,4681,0,10.0,1119,1,published_after_gate_recheck,refused:predicate_false:4681,0,,0,1,21.988132037222385,10.20710077136755
xair_atomic,plc_predicate,1,aba,3.0,1,4682,4682,4683,0,12.0,1120,1,authorization_committed,refused:predicate_false:4683,0,,0,1,16.11267402768135,12.174941133707762
xair_atomic,plc_conditional,0,,,1,4684,4684,4684,0,,1121,1,authorization_committed,executed:RUN:4684,1,RUN,0,0,19.118160009384155,
xair_atomic,plc_predicate,1,aba,3.0,1,4684,4684,4686,1,8.0,1122,1,authorization_committed,executed:RUN:4686,1,RUN,0,0,22.078741807490587,8.152747992426157
xair_atomic,plc_predicate,0,,,1,4686,4686,4686,0,,1123,1,authorization_committed,executed:RUN:4686,1,RUN,0,0,20.986864808946848,
xair,plc_plain,1,aba,3.0,1,4686,4686,4687,0,16.0,1124,1,published_after_gate_recheck,executed:PAUSED:4687,1,PAUSED,1,0,24.72572587430477,16.214504837989807
xair,plc_plain,1,aba,3.0,1,4688,4688,4690,1,4.0,1125,1,published_after_gate_recheck,executed:RUN:4690,1,RUN,0,0,21.601517219096422,4.166462924331427
xair_atomic,plc_conditional,1,aba,3.0,1,4690,4690,4690,0,16.0,1126,1,authorization_committed,executed:RUN:4690,1,RUN,0,0,18.863072153180838,16.177414916455746
xair,plc_plain,1,aba,3.0,1,4692,,,0,0.0,1127,0,read_set_version_changed_at_gate,,0,,0,0,16.830038744956255,0.24335598573088646
xair,plc_predicate,1,aba,3.0,1,4694,4694,4696,1,8.0,1128,1,published_after_gate_recheck,executed:RUN:4696,1,RUN,0,0,25.804337579756975,8.171383291482925
xair_atomic,plc_predicate,1,aba,3.0,1,4696,4696,4698,1,6.0,1129,1,authorization_committed,executed:RUN:4698,1,RUN,0,0,19.457427319139242,6.173857022076845
xair,plc_conditional,1,aba,3.0,1,4698,4698,4698,0,14.0,1130,1,published_after_gate_recheck,executed:RUN:4698,1,RUN,0,0,20.209867041558027,14.23621503636241
xair,plc_conditional,1,aba,3.0,1,4700,4700,4702,0,14.0,1131,1,published_after_gate_recheck,refused:version_changed:4702,0,,0,1,28.63910375162959,14.225516002625227
xair_atomic,plc_conditional,1,aba,3.0,1,4702,4702,4703,0,10.0,1132,1,authorization_committed,refused:version_changed:4703,0,,0,1,18.414991907775402,10.218280833214521
xair_atomic,plc_plain,0,,,1,4704,4704,4704,0,,1133,1,authorization_committed,executed:RUN:4704,1,RUN,0,0,22.206160705536604,
xair_atomic,plc_plain,1,aba,3.0,1,4704,4704,4706,1,8.0,1134,1,authorization_committed,executed:RUN:4706,1,RUN,0,0,21.556181833148003,8.193925023078918
xair_atomic,plc_plain,1,aba,3.0,1,4706,4706,4708,1,6.0,1135,1,authorization_committed,executed:RUN:4708,1,RUN,0,0,20.32978180795908,6.188824772834778
xair_atomic,plc_conditional,1,aba,3.0,1,4708,4708,4710,0,8.0,1136,1,authorization_committed,refused:version_changed:4710,0,,0,1,20.28176188468933,8.214613888412714
xair,plc_conditional,1,aba,3.0,1,4710,4710,4712,0,4.0,1137,1,published_after_gate_recheck,refused:version_changed:4712,0,,0,1,21.997118834406137,4.169098101556301
xair_atomic,plc_plain,1,aba,3.0,1,4712,4712,4713,0,14.0,1138,1,authorization_committed,executed:PAUSED:4713,1,PAUSED,1,0,18.774034921079874,14.206951018422842
xair_atomic,plc_plain,1,aba,3.0,1,4714,,,0,0.0,1139,0,read_set_version_changed_at_commit,,0,,0,0,13.468835968524218,0.2862871624529362
xair,plc_predicate,1,aba,3.0,1,4716,4716,4718,1,12.0,1140,1,published_after_gate_recheck,executed:RUN:4718,1,RUN,0,0,27.74881524965167,12.186982668936253
xair_atomic,plc_conditional,1,aba,3.0,1,4718,4718,4719,0,14.0,1141,1,authorization_committed,refused:version_changed:4719,0,,0,1,19.48098000138998,14.177985955029726
xair,plc_predicate,0,,,1,4720,4720,4720,0,,1142,1,published_after_gate_recheck,executed:RUN:4720,1,RUN,0,0,25.844022631645203,
xair_atomic,plc_conditional,1,aba,3.0,1,4720,4720,4720,0,20.0,1143,1,authorization_committed,executed:RUN:4720,1,RUN,0,0,19.005910027772188,20.232008770108223
xair,plc_plain,1,aba,3.0,1,4722,4722,4723,0,16.0,1144,1,published_after_gate_recheck,executed:PAUSED:4723,1,PAUSED,1,0,24.67974927276373,16.410944052040577
xair,plc_predicate,1,aba,3.0,1,4724,,,0,0.0,1145,0,precondition_failed: line.state == 'RUN',,0,,0,0,11.744482908397913,0.27132919058203697
xair,plc_predicate,1,aba,3.0,1,4726,4726,4726,0,14.0,1146,1,published_after_gate_recheck,executed:RUN:4726,1,RUN,0,0,19.60132597014308,14.175932854413986
xair,plc_conditional,1,aba,3.0,1,4728,4728,4729,0,12.0,1147,1,published_after_gate_recheck,refused:version_changed:4729,0,,0,1,20.127472933381796,12.138411868363619
xair_atomic,plc_conditional,1,aba,3.0,1,4730,,,0,0.0,1148,0,read_set_version_changed_at_commit,,0,,0,0,13.641050085425377,0.22215582430362701
xair_atomic,plc_predicate,1,aba,3.0,1,4732,4732,4733,0,20.0,1149,1,authorization_committed,refused:predicate_false:4733,0,,0,1,26.40267973765731,20.193757954984903
xair_atomic,plc_predicate,1,aba,3.0,1,4734,4734,4736,1,8.0,1150,1,authorization_committed,executed:RUN:4736,1,RUN,0,0,19.020947627723217,8.181741926819086
xair_atomic,plc_plain,1,aba,3.0,1,4736,,,0,0.0,1151,0,read_set_version_changed_at_commit,,0,,0,0,13.58028594404459,0.3126664087176323
xair_atomic,plc_predicate,1,aba,3.0,1,4738,4738,4739,0,8.0,1152,1,authorization_committed,refused:predicate_false:4739,0,,0,1,16.204135958105326,8.174639195203781
xair_atomic,plc_plain,1,aba,3.0,1,4740,4740,4742,1,6.0,1153,1,authorization_committed,executed:RUN:4742,1,RUN,0,0,22.64358103275299,6.262734066694975
xair_atomic,plc_predicate,0,,,1,4742,4742,4742,0,,1154,1,authorization_committed,executed:RUN:4742,1,RUN,0,0,20.05745191127062,
xair_atomic,plc_predicate,1,aba,3.0,1,4742,4742,4744,1,6.0,1155,1,authorization_committed,executed:RUN:4744,1,RUN,0,0,18.887026235461235,6.20304187759757
xair_atomic,plc_predicate,1,aba,3.0,1,4744,4744,4746,1,6.0,1156,1,authorization_committed,executed:RUN:4746,1,RUN,0,0,19.035564735531807,6.170951295644045
xair,plc_predicate,1,aba,3.0,1,4746,4746,4746,0,20.0,1157,1,published_after_gate_recheck,executed:RUN:4746,1,RUN,0,0,22.593037225306034,20.299395080655813
xair_atomic,plc_conditional,1,aba,3.0,1,4748,,,0,0.0,1158,0,precondition_failed: line.state == 'RUN',,0,,0,0,13.244095258414745,0.3581014461815357
xair_atomic,plc_conditional,1,aba,3.0,1,4750,4750,4750,0,16.0,1159,1,authorization_committed,executed:RUN:4750,1,RUN,0,0,19.792394246906042,16.171124298125505
xair,plc_plain,1,aba,3.0,1,4752,,,0,2.0,1160,0,read_set_version_changed_at_gate,,0,,0,0,18.807989079505205,2.230241894721985
xair,plc_plain,1,aba,3.0,1,4754,4754,4756,1,6.0,1161,1,published_after_gate_recheck,executed:RUN:4756,1,RUN,0,0,24.404834024608135,6.154500879347324
xair,plc_conditional,0,,,1,4756,4756,4756,0,,1162,1,published_after_gate_recheck,executed:RUN:4756,1,RUN,0,0,23.214742075651884,
xair_atomic,plc_conditional,1,aba,3.0,1,4756,,,0,2.0,1163,0,read_set_version_changed_at_commit,,0,,0,0,14.393419958651066,2.1994439885020256
xair,plc_plain,1,aba,3.0,1,4758,4758,4759,0,20.0,1164,1,published_after_gate_recheck,executed:PAUSED:4759,1,PAUSED,1,0,27.236483991146088,20.291400142014027
xair_atomic,plc_predicate,1,aba,3.0,1,4760,4760,4760,0,14.0,1165,1,authorization_committed,executed:RUN:4760,1,RUN,0,0,16.851600259542465,14.195628929883242
xair,plc_plain,0,,,1,4762,4762,4762,0,,1166,1,published_after_gate_recheck,executed:RUN:4762,1,RUN,0,0,19.151852931827307,
xair_atomic,plc_plain,1,aba,3.0,1,4762,,,0,2.0,1167,0,read_set_version_changed_at_commit,,0,,0,0,15.269593801349401,2.188773825764656
xair_atomic,plc_conditional,1,aba,3.0,1,4764,4764,4764,0,20.0,1168,1,authorization_committed,executed:RUN:4764,1,RUN,0,0,22.9182755574584,20.313350949436426
xair_atomic,plc_conditional,1,aba,3.0,1,4766,4766,4767,0,12.0,1169,1,authorization_committed,refused:version_changed:4767,0,,0,1,24.073743261396885,12.25458923727274
xair,plc_predicate,1,aba,3.0,1,4768,,,0,2.0,1170,0,read_set_version_changed_at_gate,,0,,0,0,19.591127056628466,2.2347113117575645
xair,plc_plain,0,,,1,4770,4770,4770,0,,1171,1,published_after_gate_recheck,executed:RUN:4770,1,RUN,0,0,24.409512989223003,
xair,plc_plain,1,aba,3.0,1,4770,4770,4771,0,8.0,1172,1,published_after_gate_recheck,executed:PAUSED:4771,1,PAUSED,1,0,21.715660579502583,8.240923751145601
xair,plc_conditional,1,aba,3.0,1,4772,4772,4773,0,12.0,1173,1,published_after_gate_recheck,refused:version_changed:4773,0,,0,1,20.027054008096457,12.176673859357834
xair_atomic,plc_plain,1,aba,3.0,1,4774,4774,4776,1,8.0,1174,1,authorization_committed,executed:RUN:4776,1,RUN,0,0,19.217616878449917,8.194976951926947
xair,plc_plain,1,aba,3.0,1,4776,4776,4776,0,20.0,1175,1,published_after_gate_recheck,executed:RUN:4776,1,RUN,0,0,21.1849850602448,20.18490107730031
xair,plc_plain,1,aba,3.0,1,4778,,,0,4.0,1176,0,read_set_version_changed_at_gate,,0,,0,0,19.796170759946108,4.222608171403408
xair,plc_conditional,1,aba,3.0,1,4780,,,0,4.0,1177,0,read_set_version_changed_at_gate,,0,,0,0,20.138262771070004,4.231264814734459
xair_atomic,plc_plain,1,aba,3.0,1,4782,4782,4783,0,10.0,1178,1,authorization_committed,executed:PAUSED:4783,1,PAUSED,1,0,17.30334758758545,10.256974026560783
xair_atomic,plc_predicate,0,,,1,4784,4784,4784,0,,1179,1,authorization_committed,executed:RUN:4784,1,RUN,0,0,19.852316938340664,
xair_atomic,plc_predicate,1,aba,3.0,1,4784,4784,4785,0,16.0,1180,1,authorization_committed,refused:predicate_false:4785,0,,0,1,23.01244204863906,16.27029897645116
xair_atomic,plc_conditional,0,,,1,4786,4786,4786,0,,1181,1,authorization_committed,executed:RUN:4786,1,RUN,0,0,18.2621949352324,
xair,plc_conditional,1,aba,3.0,1,4786,4786,4788,0,8.0,1182,1,published_after_gate_recheck,refused:version_changed:4788,0,,0,1,25.677460245788097,8.170001208782196
xair_atomic,plc_conditional,1,aba,3.0,1,4788,4788,4788,0,16.0,1183,1,authorization_committed,executed:RUN:4788,1,RUN,0,0,18.844266422092915,16.209225170314312
xair,plc_plain,1,aba,3.0,1,4790,,,0,2.0,1184,0,read_set_version_changed_at_gate,,0,,0,0,18.261052668094635,2.1407543681561947
xair,plc_plain,1,aba,3.0,1,4792,4792,4794,1,12.0,1185,1,published_after_gate_recheck,executed:RUN:4794,1,RUN,0,0,27.570320293307304,12.186992913484573
xair,plc_plain,1,aba,3.0,1,4794,4794,4795,0,14.0,1186,1,published_after_gate_recheck,executed:PAUSED:4795,1,PAUSED,1,0,22.044647950679064,14.24199715256691
xair,plc_predicate,1,aba,3.0,1,4796,,,0,0.0,1187,0,read_set_version_changed_at_gate,,0,,0,0,17.130021937191486,0.2531846985220909
xair_atomic,plc_plain,1,aba,3.0,1,4798,4798,4798,0,20.0,1188,1,authorization_committed,executed:RUN:4798,1,RUN,0,0,24.24071589484811,20.269640255719423
xair,plc_predicate,1,aba,3.0,1,4800,,,0,0.0,1189,0,read_set_version_changed_at_gate,,0,,0,0,16.61268202587962,0.29643625020980835
xair,plc_conditional,0,,,1,4802,4802,4802,0,,1190,1,published_after_gate_recheck,executed:RUN:4802,1,RUN,0,0,24.375578854233027,
xair_atomic,plc_conditional,1,aba,3.0,1,4802,4802,4802,0,16.0,1191,1,authorization_committed,executed:RUN:4802,1,RUN,0,0,18.11549998819828,16.241155099123716
xair,plc_plain,1,aba,3.0,1,4804,4804,4805,0,16.0,1192,1,published_after_gate_recheck,executed:PAUSED:4805,1,PAUSED,1,0,25.991369038820267,16.18777494877577
xair,plc_predicate,1,aba,3.0,1,4806,4806,4807,0,14.0,1193,1,published_after_gate_recheck,refused:predicate_false:4807,0,,0,1,22.853484842926264,14.230064116418362
xair,plc_plain,1,aba,3.0,1,4808,4808,4808,0,20.0,1194,1,published_after_gate_recheck,executed:RUN:4808,1,RUN,0,0,20.671272184699774,20.248450338840485
xair,plc_conditional,1,aba,3.0,1,4810,4810,4810,0,20.0,1195,1,published_after_gate_recheck,executed:RUN:4810,1,RUN,0,0,23.821690119802952,20.209907088428736
xair,plc_predicate,1,aba,3.0,1,4812,4812,4814,1,6.0,1196,1,published_after_gate_recheck,executed:RUN:4814,1,RUN,0,0,26.58766694366932,6.213000975549221
xair,plc_plain,1,aba,3.0,1,4814,,,0,2.0,1197,0,read_set_version_changed_at_gate,,0,,0,0,18.048334401100874,2.1746279671788216
xair,plc_plain,1,aba,3.0,1,4816,4816,4818,1,6.0,1198,1,published_after_gate_recheck,executed:RUN:4818,1,RUN,0,0,25.771055836230516,6.25200429931283
xair_atomic,plc_conditional,1,aba,3.0,1,4818,4818,4820,0,4.0,1199,1,authorization_committed,refused:version_changed:4820,0,,0,1,19.822641741484404,4.2731729336082935
xair_atomic,plc_predicate,1,aba,3.0,1,4820,4820,4821,0,14.0,1200,1,authorization_committed,refused:predicate_false:4821,0,,0,1,20.546088460832834,14.206651132553816
xair_atomic,plc_predicate,1,aba,3.0,1,4822,4822,4823,0,8.0,1201,1,authorization_committed,refused:predicate_false:4823,0,,0,1,17.988651990890503,8.182524237781763
xair,plc_conditional,1,aba,3.0,1,4824,4824,4826,0,8.0,1202,1,published_after_gate_recheck,refused:version_changed:4826,0,,0,1,27.156001888215542,8.416453376412392
xair,plc_conditional,1,aba,3.0,1,4826,4826,4828,0,6.0,1203,1,published_after_gate_recheck,refused:version_changed:4828,0,,0,1,22.10254594683647,6.194806192070246
xair_atomic,plc_predicate,0,,,1,4828,4828,4828,0,,1204,1,authorization_committed,executed:RUN:4828,1,RUN,0,0,17.27233873680234,
xair_atomic,plc_plain,1,aba,3.0,1,4828,4828,4829,0,14.0,1205,1,authorization_committed,executed:PAUSED:4829,1,PAUSED,1,0,23.015940096229315,14.223992824554443
xair,plc_predicate,1,aba,3.0,1,4830,4830,4830,0,20.0,1206,1,published_after_gate_recheck,executed:RUN:4830,1,RUN,0,0,25.821580085903406,20.241436082869768
xair,plc_conditional,0,,,1,4832,4832,4832,0,,1207,1,published_after_gate_recheck,executed:RUN:4832,1,RUN,0,0,28.90879986807704,
xair_atomic,plc_predicate,0,,,1,4832,4832,4832,0,,1208,1,authorization_committed,executed:RUN:4832,1,RUN,0,0,18.508417066186666,
xair_atomic,plc_plain,1,aba,3.0,1,4832,,,0,0.0,1209,0,read_set_version_changed_at_commit,,0,,0,0,14.693883713334799,0.33281417563557625
xair_atomic,plc_plain,1,aba,3.0,1,4834,4834,4834,0,14.0,1210,1,authorization_committed,executed:RUN:4834,1,RUN,0,0,16.055807936936617,14.208244159817696
xair_atomic,plc_predicate,1,aba,3.0,1,4836,4836,4838,1,6.0,1211,1,authorization_committed,executed:RUN:4838,1,RUN,0,0,24.945618119090796,6.247214041650295
xair_atomic,plc_predicate,1,aba,3.0,1,4838,4838,4840,1,4.0,1212,1,authorization_committed,executed:RUN:4840,1,RUN,0,0,22.47975440695882,4.174998961389065
xair,plc_conditional,1,aba,3.0,1,4840,,,0,0.0,1213,0,read_set_version_changed_at_gate,,0,,0,0,17.32704183086753,0.29720691964030266
xair,plc_plain,1,aba,3.0,1,4842,,,0,4.0,1214,0,read_set_version_changed_at_gate,,0,,0,0,20.624536089599133,4.144882317632437
xair_atomic,plc_predicate,1,aba,3.0,1,4844,4844,4844,0,20.0,1215,1,authorization_committed,executed:RUN:4844,1,RUN,0,0,19.157735165208578,20.23869100958109
xair,plc_conditional,1,aba,3.0,1,4846,4846,4846,0,20.0,1216,1,published_after_gate_recheck,executed:RUN:4846,1,RUN,0,0,26.69103117659688,20.346893928945065
xair,plc_conditional,1,aba,3.0,1,4848,4848,4848,0,16.0,1217,1,published_after_gate_recheck,executed:RUN:4848,1,RUN,0,0,21.241111680865288,16.338949091732502
xair,plc_predicate,1,aba,3.0,1,4850,4850,4852,1,12.0,1218,1,published_after_gate_recheck,executed:RUN:4852,1,RUN,0,0,28.35572324693203,12.231896631419659
xair,plc_conditional,1,aba,3.0,1,4852,,,0,2.0,1219,0,read_set_version_changed_at_gate,,0,,0,0,18.048464320600033,2.197541296482086
xair_atomic,plc_conditional,1,aba,3.0,1,4854,,,0,2.0,1220,0,read_set_version_changed_at_commit,,0,,0,0,15.157632995396852,2.2467332892119884
xair,plc_conditional,1,aba,3.0,1,4856,4856,4858,0,6.0,1221,1,published_after_gate_recheck,refused:version_changed:4858,0,,0,1,20.009592175483704,6.187662947922945
xair,plc_predicate,1,aba,3.0,1,4858,4858,4858,0,16.0,1222,1,published_after_gate_recheck,executed:RUN:4858,1,RUN,0,0,20.64504288136959,16.20349520817399
xair,plc_conditional,1,aba,3.0,1,4860,4860,4860,0,14.0,1223,1,published_after_gate_recheck,executed:RUN:4860,1,RUN,0,0,17.895296681672335,14.232918620109558
xair,plc_predicate,1,aba,3.0,1,4862,4862,4862,0,16.0,1224,1,published_after_gate_recheck,executed:RUN:4862,1,RUN,0,0,17.574775964021683,16.21809182688594
xair,plc_plain,1,aba,3.0,1,4864,4864,4865,0,16.0,1225,1,published_after_gate_recheck,executed:PAUSED:4865,1,PAUSED,1,0,24.970273952931166,16.180310864001513
xair,plc_plain,1,aba,3.0,1,4866,4866,4868,1,6.0,1226,1,published_after_gate_recheck,executed:RUN:4868,1,RUN,0,0,22.16519368812442,6.199045106768608
xair,plc_conditional,1,aba,3.0,1,4868,4868,4868,0,20.0,1227,1,published_after_gate_recheck,executed:RUN:4868,1,RUN,0,0,21.806370932608843,20.164703018963337
xair_atomic,plc_conditional,1,aba,3.0,1,4870,,,0,0.0,1228,0,precondition_failed: line.state == 'RUN',,0,,0,0,13.327220920473337,0.22657494992017746
xair_atomic,plc_plain,1,aba,3.0,1,4872,4872,4873,0,12.0,1229,1,authorization_committed,executed:PAUSED:4873,1,PAUSED,1,0,17.547625117003918,12.3589551076293
xair_atomic,plc_predicate,1,aba,3.0,1,4874,4874,4876,1,4.0,1230,1,authorization_committed,executed:RUN:4876,1,RUN,0,0,17.611424904316664,4.2501091957092285
xair,plc_conditional,1,aba,3.0,1,4876,4876,4877,0,10.0,1231,1,published_after_gate_recheck,refused:version_changed:4877,0,,0,1,22.36221358180046,10.186430998146534
xair_atomic,plc_conditional,1,aba,3.0,1,4878,4878,4879,0,10.0,1232,1,authorization_committed,refused:version_changed:4879,0,,0,1,15.6362010166049,10.319982189685106
xair,plc_plain,1,aba,3.0,1,4880,,,0,2.0,1233,0,read_set_version_changed_at_gate,,0,,0,0,17.77894888073206,2.2305422462522984
xair,plc_predicate,1,aba,3.0,1,4882,4882,4884,1,8.0,1234,1,published_after_gate_recheck,executed:RUN:4884,1,RUN,0,0,25.342462118715048,8.169570006430149
xair_atomic,plc_plain,1,aba,3.0,1,4884,,,0,2.0,1235,0,read_set_version_changed_at_commit,,0,,0,0,14.241044875234365,2.4656937457621098
xair_atomic,plc_predicate,1,aba,3.0,1,4886,4886,4887,0,14.0,1236,1,authorization_committed,refused:predicate_false:4887,0,,0,1,24.29450722411275,14.248257968574762
xair_atomic,plc_predicate,1,aba,3.0,1,4888,4888,4888,0,16.0,1237,1,authorization_committed,executed:RUN:4888,1,RUN,0,0,17.64323515817523,16.199185978621244
xair_atomic,plc_predicate,1,aba,3.0,1,4890,4890,4891,0,16.0,1238,1,authorization_committed,refused:predicate_false:4891,0,,0,1,23.75347213819623,16.221448313444853
xair_atomic,plc_conditional,0,,,1,4892,4892,4892,0,,1239,1,authorization_committed,executed:RUN:4892,1,RUN,0,0,20.93222178518772,
xair,plc_plain,1,aba,3.0,1,4892,,,0,0.0,1240,0,read_set_version_changed_at_gate,,0,,0,0,18.200148828327656,0.29053492471575737
xair,plc_plain,1,aba,3.0,1,4894,4894,4896,1,14.0,1241,1,published_after_gate_recheck,executed:RUN:4896,1,RUN,0,0,27.904636226594448,14.214534778147936
xair,plc_conditional,1,aba,3.0,1,4896,4896,4896,0,20.0,1242,1,published_after_gate_recheck,executed:RUN:4896,1,RUN,0,0,19.33149015530944,20.241636782884598
xair_atomic,plc_predicate,1,aba,3.0,1,4898,,,0,2.0,1243,0,read_set_version_changed_at_commit,,0,,0,0,15.650838147848845,2.2170371375977993
xair,plc_conditional,1,aba,3.0,1,4900,4900,4902,0,12.0,1244,1,published_after_gate_recheck,refused:version_changed:4902,0,,0,1,28.85835524648428,12.19659112393856
xair_atomic,plc_conditional,1,aba,3.0,1,4902,4902,4903,0,10.0,1245,1,authorization_committed,refused:version_changed:4903,0,,0,1,18.13080906867981,10.186021216213703
xair,plc_plain,0,,,1,4904,4904,4904,0,,1246,1,published_after_gate_recheck,executed:RUN:4904,1,RUN,0,0,25.707106105983257,
xair_atomic,plc_predicate,1,aba,3.0,1,4904,4904,4905,0,12.0,1247,1,authorization_committed,refused:predicate_false:4905,0,,0,1,18.434687983244658,12.265088967978954
xair,plc_conditional,1,aba,3.0,1,4906,4906,4906,0,16.0,1248,1,published_after_gate_recheck,executed:RUN:4906,1,RUN,0,0,22.694115061312914,16.189137939363718
xair_atomic,plc_plain,0,,,1,4908,4908,4908,0,,1249,1,authorization_committed,executed:RUN:4908,1,RUN,0,0,18.105871975421906,
xair,plc_conditional,1,aba,3.0,1,4908,4908,4909,0,12.0,1250,1,published_after_gate_recheck,refused:version_changed:4909,0,,0,1,25.58854315429926,12.192393187433481
xair_atomic,plc_predicate,1,aba,3.0,1,4910,4910,4910,0,20.0,1251,1,authorization_committed,executed:RUN:4910,1,RUN,0,0,17.586126923561096,20.18524194136262
xair_atomic,plc_plain,1,aba,3.0,1,4912,4912,4912,0,20.0,1252,1,authorization_committed,executed:RUN:4912,1,RUN,0,0,19.053439144045115,20.212673116475344
xair,plc_predicate,1,aba,3.0,1,4914,,,0,0.0,1253,0,read_set_version_changed_at_gate,,0,,0,0,17.645408865064383,0.26945536956191063
xair_atomic,plc_predicate,1,aba,3.0,1,4916,4916,4917,0,10.0,1254,1,authorization_committed,refused:predicate_false:4917,0,,0,1,15.25626890361309,10.17976924777031
xair,plc_predicate,1,aba,3.0,1,4918,4918,4918,0,16.0,1255,1,published_after_gate_recheck,executed:RUN:4918,1,RUN,0,0,21.56533906236291,16.20597904548049
xair,plc_conditional,1,aba,3.0,1,4920,,,0,2.0,1256,0,read_set_version_changed_at_gate,,0,,0,0,21.159247029572725,5.0618513487279415
xair,plc_plain,1,aba,3.0,1,4922,4922,4923,0,10.0,1257,1,published_after_gate_recheck,executed:PAUSED:4923,1,PAUSED,1,0,20.58279700577259,10.265028104186058
xair,plc_plain,1,aba,3.0,1,4924,,,0,0.0,1258,0,read_set_version_changed_at_gate,,0,,0,0,16.388271003961563,0.20146789029240608
xair_atomic,plc_predicate,1,aba,3.0,1,4926,,,0,4.0,1259,0,read_set_version_changed_at_commit,,0,,0,0,16.439226921647787,4.171291831880808
xair_atomic,plc_plain,1,aba,3.0,1,4928,4928,4930,1,4.0,1260,1,authorization_committed,executed:RUN:4930,1,RUN,0,0,19.314287696033716,4.1758110746741295
xair,plc_plain,1,aba,3.0,1,4930,4930,4930,0,20.0,1261,1,published_after_gate_recheck,executed:RUN:4930,1,RUN,0,0,24.56234907731414,20.16489300876856
xair_atomic,plc_plain,1,aba,3.0,1,4932,4932,4934,1,10.0,1262,1,authorization_committed,executed:RUN:4934,1,RUN,0,0,24.636639282107353,10.225755162537098
xair,plc_plain,1,aba,3.0,1,4934,4934,4935,0,12.0,1263,1,published_after_gate_recheck,executed:PAUSED:4935,1,PAUSED,1,0,24.303744081407785,12.256642803549767
xair_atomic,plc_plain,1,aba,3.0,1,4936,4936,4937,0,4.0,1264,1,authorization_committed,executed:PAUSED:4937,1,PAUSED,1,0,15.204330906271935,4.970009904354811
xair_atomic,plc_conditional,1,aba,3.0,1,4938,4938,4939,0,14.0,1265,1,authorization_committed,refused:version_changed:4939,0,,0,1,23.679424077272415,14.182144310325384
xair_atomic,plc_predicate,1,aba,3.0,1,4940,4940,4941,0,14.0,1266,1,authorization_committed,refused:predicate_false:4941,0,,0,1,22.481546737253666,14.20552795752883
xair,plc_plain,1,aba,3.0,1,4942,4942,4944,1,6.0,1267,1,published_after_gate_recheck,executed:RUN:4944,1,RUN,0,0,24.12710292264819,6.193143781274557
xair_atomic,plc_plain,1,aba,3.0,1,4944,,,0,2.0,1268,0,read_set_version_changed_at_commit,,0,,0,0,15.512608923017979,2.16507026925683
xair_atomic,plc_plain,1,aba,3.0,1,4946,4946,4947,0,16.0,1269,1,authorization_committed,executed:PAUSED:4947,1,PAUSED,1,0,23.21240771561861,16.177866142243147
xair_atomic,plc_predicate,1,aba,3.0,1,4948,4948,4948,0,20.0,1270,1,authorization_committed,executed:RUN:4948,1,RUN,0,0,20.62944509088993,20.173760131001472
xair,plc_conditional,1,aba,3.0,1,4950,,,0,0.0,1271,0,read_set_version_changed_at_gate,,0,,0,0,17.168404068797827,0.26585860177874565
xair_atomic,plc_conditional,1,aba,3.0,1,4952,4952,4954,0,12.0,1272,1,authorization_committed,refused:version_changed:4954,0,,0,1,23.14942004159093,12.18707300722599
xair_atomic,plc_predicate,1,aba,3.0,1,4954,,,0,2.0,1273,0,read_set_version_changed_at_commit,,0,,0,0,16.079481691122055,2.3574898950755596
xair_atomic,plc_conditional,1,aba,3.0,1,4956,4956,4958,0,6.0,1274,1,authorization_committed,refused:version_changed:4958,0,,0,1,23.419667035341263,6.301636807620525
xair_atomic,plc_predicate,1,aba,3.0,1,4958,4958,4959,0,12.0,1275,1,authorization_committed,refused:predicate_false:4959,0,,0,1,21.850063931196928,12.188715860247612
xair,plc_plain,1,aba,3.0,1,4960,,,0,0.0,1276,0,read_set_version_changed_at_gate,,0,,0,0,17.20851892605424,0.29526371508836746
xair_atomic,plc_predicate,1,aba,3.0,1,4962,,,0,4.0,1277,0,read_set_version_changed_at_commit,,0,,0,0,17.136734910309315,4.203492775559425
xair,plc_predicate,1,aba,3.0,1,4964,4964,4965,0,14.0,1278,1,published_after_gate_recheck,refused:predicate_false:4965,0,,0,1,25.682179257273674,14.231367036700249
xair_atomic,plc_conditional,1,aba,3.0,1,4966,,,0,4.0,1279,0,read_set_version_changed_at_commit,,0,,0,0,16.990319825708866,4.2830719612538815
xair,plc_predicate,1,aba,3.0,1,4968,4968,4970,1,8.0,1280,1,published_after_gate_recheck,executed:RUN:4970,1,RUN,0,0,24.211902171373367,8.226536214351654
xair_atomic,plc_predicate,1,aba,3.0,1,4970,4970,4972,1,4.0,1281,1,authorization_committed,executed:RUN:4972,1,RUN,0,0,17.722213175147772,4.1707707569003105
xair_atomic,plc_plain,1,aba,3.0,1,4972,,,0,4.0,1282,0,read_set_version_changed_at_commit,,0,,0,0,17.799817956984043,4.260930232703686
xair_atomic,plc_predicate,1,aba,3.0,1,4974,4974,4975,0,14.0,1283,1,authorization_committed,refused:predicate_false:4975,0,,0,1,22.215628996491432,14.229201711714268
xair,plc_plain,1,aba,3.0,1,4976,4976,4977,0,12.0,1284,1,published_after_gate_recheck,executed:PAUSED:4977,1,PAUSED,1,0,20.291711203753948,12.21504621207714
xair,plc_predicate,1,aba,3.0,1,4978,,,0,2.0,1285,0,read_set_version_changed_at_gate,,0,,0,0,18.34349799901247,2.2262949496507645
xair,plc_predicate,1,aba,3.0,1,4980,4980,4980,0,20.0,1286,1,published_after_gate_recheck,executed:RUN:4980,1,RUN,0,0,25.421590078622103,20.166114903986454
xair_atomic,plc_predicate,1,aba,3.0,1,4982,,,0,4.0,1287,0,read_set_version_changed_at_commit,,0,,0,0,14.429518021643162,4.202841315418482
xair,plc_plain,1,aba,3.0,1,4984,4984,4986,1,10.0,1288,1,published_after_gate_recheck,executed:RUN:4986,1,RUN,0,0,27.33696298673749,10.208834428340197
xair_atomic,plc_plain,1,aba,3.0,1,4986,,,0,4.0,1289,0,read_set_version_changed_at_commit,,0,,0,0,16.699454747140408,4.281629342585802
xair,plc_predicate,1,aba,3.0,1,4988,4988,4990,1,10.0,1290,1,published_after_gate_recheck,executed:RUN:4990,1,RUN,0,0,24.663879070430994,10.20486606284976
xair_atomic,plc_conditional,1,aba,3.0,1,4990,4990,4991,0,12.0,1291,1,authorization_committed,refused:version_changed:4991,0,,0,1,19.770203158259392,12.176183052361012
xair_atomic,plc_predicate,1,aba,3.0,1,4992,,,0,4.0,1292,0,read_set_version_changed_at_commit,,0,,0,0,17.519663088023663,4.188563674688339
xair,plc_predicate,1,aba,3.0,1,4994,4994,4995,0,16.0,1293,1,published_after_gate_recheck,refused:predicate_false:4995,0,,0,1,26.349680963903666,16.16987120360136
xair,plc_conditional,1,aba,3.0,1,4996,4996,4998,0,6.0,1294,1,published_after_gate_recheck,refused:version_changed:4998,0,,0,1,22.50006189569831,6.205726880580187
xair,plc_predicate,0,,,1,4998,4998,4998,0,,1295,1,published_after_gate_recheck,executed:RUN:4998,1,RUN,0,0,22.76641083881259,
xair,plc_plain,1,aba,3.0,1,4998,4998,4999,0,10.0,1296,1,published_after_gate_recheck,executed:PAUSED:4999,1,PAUSED,1,0,22.361021023243666,10.208502877503633
xair_atomic,plc_conditional,1,aba,3.0,1,5000,,,0,0.0,1297,0,read_set_version_changed_at_commit,,0,,0,0,13.951973058283329,0.26729097589850426
xair_atomic,plc_conditional,1,aba,3.0,1,5002,5002,5004,0,6.0,1298,1,authorization_committed,refused:version_changed:5004,0,,0,1,21.250850055366755,6.1828941106796265
xair_atomic,plc_predicate,1,aba,3.0,1,5004,,,0,2.0,1299,0,read_set_version_changed_at_commit,,0,,0,0,15.244607347995043,2.1930132061243057
xair,plc_conditional,1,aba,3.0,1,5006,,,0,4.0,1300,0,read_set_version_changed_at_gate,,0,,0,0,19.34718992561102,4.1993241757154465
xair_atomic,plc_predicate,1,aba,3.0,1,5008,,,0,0.0,1301,0,read_set_version_changed_at_commit,,0,,0,0,14.67101089656353,0.5199545994400978
xair,plc_plain,1,aba,3.0,1,5010,5010,5012,1,14.0,1302,1,published_after_gate_recheck,executed:RUN:5012,1,RUN,0,0,27.294984087347984,14.216518960893154
xair_atomic,plc_conditional,0,,,1,5012,5012,5012,0,,1303,1,authorization_committed,executed:RUN:5012,1,RUN,0,0,18.0654670111835,
xair,plc_predicate,1,aba,3.0,1,5012,5012,5013,0,16.0,1304,1,published_after_gate_recheck,refused:predicate_false:5013,0,,0,1,25.668804068118334,16.229753848165274
xair,plc_conditional,1,aba,3.0,1,5014,5014,5015,0,10.0,1305,1,published_after_gate_recheck,refused:version_changed:5015,0,,0,1,22.455308120697737,10.188284795731306
xair,plc_conditional,1,aba,3.0,1,5016,5016,5016,0,20.0,1306,1,published_after_gate_recheck,executed:RUN:5016,1,RUN,0,0,19.640428945422173,20.17259830608964
xair_atomic,plc_conditional,1,aba,3.0,1,5018,5018,5020,0,8.0,1307,1,authorization_committed,refused:version_changed:5020,0,,0,1,19.450713880360126,8.204314857721329
xair_atomic,plc_predicate,1,aba,3.0,1,5020,,,0,4.0,1308,0,read_set_version_changed_at_commit,,0,,0,0,18.626417964696884,4.124725237488747
xair_atomic,plc_conditional,1,aba,3.0,1,5022,,,0,2.0,1309,0,read_set_version_changed_at_commit,,0,,0,0,15.489656012505293,2.3017358034849167
xair_atomic,plc_predicate,0,,,1,5024,5024,5024,0,,1310,1,authorization_committed,executed:RUN:5024,1,RUN,0,0,25.01934627071023,
xair_atomic,plc_plain,1,aba,3.0,1,5024,5024,5024,0,20.0,1311,1,authorization_committed,executed:RUN:5024,1,RUN,0,0,22.840600460767746,20.258838776499033
xair_atomic,plc_conditional,1,aba,3.0,1,5026,5026,5028,0,8.0,1312,1,authorization_committed,refused:version_changed:5028,0,,0,1,24.400475900620222,8.187653962522745
xair_atomic,plc_conditional,1,aba,3.0,1,5028,5028,5030,0,8.0,1313,1,authorization_committed,refused:version_changed:5030,0,,0,1,22.58572308346629,8.237156085669994
xair,plc_conditional,1,aba,3.0,1,5030,5030,5030,0,20.0,1314,1,published_after_gate_recheck,executed:RUN:5030,1,RUN,0,0,24.75008089095354,20.176434889435768
xair,plc_predicate,1,aba,3.0,1,5032,5032,5033,0,16.0,1315,1,published_after_gate_recheck,refused:predicate_false:5033,0,,0,1,27.618208900094032,16.190449707210064
xair,plc_predicate,1,aba,3.0,1,5034,5034,5035,0,6.0,1316,1,published_after_gate_recheck,refused:predicate_false:5035,0,,0,1,20.045308861881495,6.30937097594142
xair,plc_conditional,0,,,1,5036,5036,5036,0,,1317,1,published_after_gate_recheck,executed:RUN:5036,1,RUN,0,0,20.89863922446966,
xair_atomic,plc_plain,1,aba,3.0,1,5036,5036,5036,0,14.0,1318,1,authorization_committed,executed:RUN:5036,1,RUN,0,0,17.98675861209631,14.283474069088697
xair_atomic,plc_conditional,1,aba,3.0,1,5038,5038,5038,0,16.0,1319,1,authorization_committed,executed:RUN:5038,1,RUN,0,0,16.049304977059364,16.2592101842165
