run,mode,inject,inject_offset_ms,publish_delay_ms,injection_window,gateway_released,gate_blocked,stale_publish,potential_stale_publish,post_release_invalidation,injection_version,check_version,version_order,stale_exact,stale_in_open_interval,position_vs_middleware,residual_lo_ms,residual_hi_ms,t_middleware_ms,store_io_lo_ms,store_io_hi_ms,injection_store_lo_ms,injection_store_hi_ms,commit_status,commit_age_ms,outcome,reason,validation_to_gate_ms,validation_to_publish_ms,recheck_to_publish_ms,t_validate_end_ms,t_injection_start_ms,t_injection_end_ms,t_recheck_start_ms,t_recheck_end_ms,t_publish_end_ms
0,xair,1,0.0,50.0,before_recheck,0,1,0,0,0,3,3,before_check,0,0,,,,,61.49047613143921,62.70970217883587,13.522557448595762,14.73091309890151,,,REVOKE,read_set_version_changed_at_gate,55.00067723914981,,,8.803547825664282,8.940564934164286,18.97601317614317,59.138546232134104,63.80422506481409,
1,xair,0,,50.0,control,1,0,0,0,0,,4,control,0,0,,0.9360346011817455,2.175047993659973,59.40560670569539,57.23055871203542,58.469572104513645,,,,,EXECUTE,published_after_gate_recheck,54.63753594085574,54.64776512235403,0.010229181498289108,4.7678109258413315,,,54.85742771998048,59.40534686669707,59.41557604819536
2,xair,1,0.0,50.0,before_recheck,0,1,0,0,0,6,6,before_check,0,0,,,,,58.21758881211281,59.415504802018404,9.70495818182826,10.718740057200193,,,REVOKE,read_set_version_changed_at_gate,55.24621810764074,,,5.209397990256548,5.3803687915205956,15.483954921364784,55.670031812042,60.45561609789729,
3,xair,0,,50.0,control,1,0,0,0,0,,7,control,0,0,,1.0358719155192375,2.030576579272747,59.421445708721876,57.39086912944913,58.38557379320264,,,,,EXECUTE,published_after_gate_recheck,54.57762395963073,54.58946619182825,0.011842232197523117,4.8434617929160595,,,54.945243056863546,59.42108575254679,59.43292798474431
4,xair,1,0.0,50.0,before_recheck,0,1,0,0,0,9,9,before_check,0,0,,,,,56.91006779670715,58.03061882033944,9.13596199825406,10.165962856262922,,,REVOKE,read_set_version_changed_at_gate,54.746149107813835,,,4.145924933254719,4.271138925105333,14.893407933413982,54.509636014699936,58.892074041068554,
5,xair,1,0.0,50.0,before_recheck,0,1,0,0,0,11,11,before_check,0,0,,,,,56.44856207072735,57.57981305941939,9.302133228629827,10.267843957990408,,,REVOKE,read_set_version_changed_at_gate,54.192261304706335,,,4.128581844270229,4.218621179461479,15.159016009420156,54.38761692494154,58.320843148976564,
6,xair,0,,50.0,control,1,0,0,0,0,,12,control,0,0,,1.027517020702362,2.2568018175661564,59.66901080682874,57.41220898926258,58.641493786126375,,,,,EXECUTE,published_after_gate_recheck,54.65993797406554,54.66965585947037,0.00971788540482521,5.008922889828682,,,55.09744770824909,59.668860863894224,59.67857874929905
7,xair,1,0.0,50.0,before_recheck,0,1,0,0,0,14,14,before_check,0,0,,,,,58.51626908406615,60.260599944740534,10.179689154028893,11.225440073758364,,,REVOKE,read_set_version_changed_at_gate,56.42908485606313,,,5.063354969024658,5.262437742203474,16.14233013242483,55.551609955728054,61.492439825087786,
8,xair,1,0.0,50.0,before_recheck,0,1,0,0,0,16,16,before_check,0,0,,,,,57.26350983604789,58.44430485740304,9.214067831635475,10.364595800638199,,,REVOKE,read_set_version_changed_at_gate,55.50194624811411,,,4.17146272957325,4.340189043432474,15.172991901636124,54.604053031653166,59.67340897768736,
9,xair,1,0.0,50.0,before_recheck,0,1,0,0,0,18,18,before_check,0,0,,,,,57.837897911667824,59.136112220585346,10.084972251206636,11.061142664402723,,,REVOKE,read_set_version_changed_at_gate,54.981900844722986,,,5.0860680639743805,5.247469991445541,15.636502299457788,55.547752883285284,60.06796890869737,
10,xair,1,0.0,50.0,before_recheck,0,1,0,0,0,20,20,before_check,0,0,,,,,57.175896130502224,57.97108728438616,9.38681187108159,10.740590281784534,,,REVOKE,read_set_version_changed_at_gate,54.473679047077894,,,4.4890171848237514,4.6435268595814705,15.333283226937056,54.92857098579407,58.962696231901646,
11,xair,1,0.0,50.0,before_recheck,0,1,0,0,0,22,22,before_check,0,0,,,,,56.761499028652906,57.89636727422476,8.479952346533537,9.362396318465471,,,REVOKE,read_set_version_changed_at_gate,54.652064107358456,,,4.037781152874231,4.1546509601175785,13.95409693941474,54.342372342944145,58.68984526023269,
12,xair,0,,50.0,control,1,0,0,0,0,,23,control,0,0,,1.1671986430883408,2.4617058224976063,59.36067271977663,56.898966897279024,58.19347407668829,,,,,EXECUTE,published_after_gate_recheck,54.968646727502346,54.98225288465619,0.013606157153844833,4.391645081341267,,,54.48662303388119,59.36029180884361,59.37389796599746
13,xair,0,,50.0,control,1,0,0,0,0,,24,control,0,0,,0.9075519628822803,1.890494953840971,59.69083122909069,57.80033627524972,58.78327926620841,,,,,EXECUTE,published_after_gate_recheck,54.51479600742459,54.52897306531668,0.014177057892084122,5.1758550107479095,,,55.28867617249489,59.6906510181725,59.70482807606459
14,xair,1,0.0,50.0,before_recheck,0,1,0,0,0,26,26,before_check,0,0,,,,,56.98652984574437,58.32715379074216,9.129298850893974,10.053761769086123,,,REVOKE,read_set_version_changed_at_gate,54.756359197199345,,,4.348843824118376,4.512702114880085,14.792998787015676,54.83507597818971,59.10520302131772,
15,xair,1,0.0,50.0,before_recheck,0,1,0,0,0,28,28,before_check,0,0,,,,,57.5667186640203,58.60585765913129,9.40024759620428,10.970271658152342,,,REVOKE,read_set_version_changed_at_gate,54.39790617674589,,,5.090966820716858,5.184942856431007,16.330603044480085,55.37140183150768,59.48887299746275,
16,xair,1,0.0,50.0,before_recheck,0,1,0,0,0,30,30,before_check,0,0,,,,,57.63285281136632,58.6008676327765,9.770010598003864,11.06575969606638,,,REVOKE,read_set_version_changed_at_gate,54.74311392754316,,,4.643316846340895,4.7996798530220985,15.806489624083042,55.04122283309698,59.38643077388406,
17,xair,1,0.0,50.0,before_recheck,0,1,0,0,0,32,32,before_check,0,0,,,,,57.174884248524904,58.30030422657728,9.07440623268485,10.16573328524828,,,REVOKE,read_set_version_changed_at_gate,54.960671812295914,,,4.389481153339148,4.529072903096676,15.066192019730806,54.80096209794283,59.35015296563506,
18,xair,0,,50.0,control,1,0,0,0,0,,33,control,0,0,,0.9133019484579563,2.238938119262457,59.534317813813686,57.29537969455123,58.62101586535573,,,,,EXECUTE,published_after_gate_recheck,54.575009271502495,54.59032813087106,0.015318859368562698,4.9591585993766785,,,55.07096881046891,59.53416787087917,59.549486730247736
19,xair,1,0.0,50.0,before_recheck,0,1,0,0,0,35,35,before_check,0,0,,,,,56.87871901318431,58.01317607983947,8.770326152443886,10.104298125952482,,,REVOKE,read_set_version_changed_at_gate,54.67213084921241,,,4.06419113278389,4.214292857795954,14.525188133120537,54.39484119415283,58.7363219819963,
20,xair,1,0.0,50.0,before_recheck,0,1,0,0,0,37,37,before_check,0,0,,,,,57.32092820107937,58.40244609862566,9.212085045874119,10.339739266782999,,,REVOKE,read_set_version_changed_at_gate,54.49119210243225,,,4.681027960032225,4.792888183146715,14.927162323147058,54.98794326558709,59.172220062464476,
21,xair,1,0.0,50.0,before_recheck,0,1,0,0,0,39,39,before_check,0,0,,,,,57.62147204950452,58.91258316114545,9.110655169934034,10.149543173611164,,,REVOKE,read_set_version_changed_at_gate,55.198037065565586,,,4.598664119839668,4.762150347232819,15.018783044070005,54.968797136098146,59.796701185405254,
22,xair,0,,50.0,control,1,0,0,0,0,,40,control,0,0,,0.9306846186518669,2.124934922903776,58.96487971767783,56.839944794774055,58.034195099025965,,,,,EXECUTE,published_after_gate_recheck,54.4182937592268,54.433352779597044,0.01505902037024498,4.546144977211952,,,54.67100767418742,58.96443873643875,58.979497756808996
23,xair,1,0.0,50.0,before_recheck,0,1,0,0,0,42,42,before_check,0,0,,,,,56.867036037147045,57.83443106338382,9.223225060850382,10.892364662140608,,,REVOKE,read_set_version_changed_at_gate,54.560701828449965,,,4.121347796171904,4.2933807708323,15.645517967641354,54.591729771345854,58.68204962462187,
24,xair,1,0.0,50.0,before_recheck,0,1,0,0,0,44,44,before_check,0,0,,,,,57.69557040184736,59.13512036204338,8.993204217404127,10.087506379932165,,,REVOKE,read_set_version_changed_at_gate,55.144166108220816,,,4.739497322589159,4.889579024165869,14.864183031022549,55.100965313613415,59.883663430809975,
25,xair,0,,50.0,control,1,0,0,0,0,,45,control,0,0,,1.1098310351371765,2.324479166418314,58.831460773944855,56.50698160752654,57.72162973880768,,,,,EXECUTE,published_after_gate_recheck,54.428462870419025,54.438281804323196,0.00981893390417099,4.402806982398033,,,54.493185598403215,58.83126985281706,58.84108878672123
26,xair,1,0.0,50.0,before_recheck,0,1,0,0,0,47,47,before_check,0,0,,,,,57.19948001205921,58.55336878448725,9.544537868350744,10.507122613489628,,,REVOKE,read_set_version_changed_at_gate,54.809469264000654,,,4.702126607298851,4.8240358009934425,14.925207942724228,55.03608286380768,59.511595871299505,
27,xair,1,0.0,50.0,before_recheck,0,1,0,0,0,49,49,before_check,0,0,,,,,58.004570193588734,59.0338702313602,10.051289107650518,11.04246685281396,,,REVOKE,read_set_version_changed_at_gate,54.93715777993202,,,5.0411531701684,5.2684699185192585,16.00760780274868,55.639876052737236,59.97831095010042,
28,xair,1,0.0,50.0,before_recheck,0,1,0,0,0,51,51,before_check,0,0,,,,,57.328933384269476,58.471736032515764,9.297505021095276,10.463341139256954,,,REVOKE,read_set_version_changed_at_gate,55.068464018404484,,,4.380545113235712,4.531127400696278,15.107710380107164,54.799911100417376,59.449009131640196,
29,xair,1,0.0,50.0,before_recheck,0,1,0,0,0,53,53,before_check,0,0,,,,,57.732438668608665,59.08430367708206,10.098997969180346,11.199961882084608,,,REVOKE,read_set_version_changed_at_gate,55.32606737688184,,,4.746530670672655,4.884448833763599,15.928358770906925,55.06199179217219,60.07259804755449,
30,xair,1,0.0,50.0,before_recheck,0,1,0,0,0,55,55,before_check,0,0,,,,,57.74214817211032,58.99129994213581,10.052421130239964,11.251239106059074,,,REVOKE,read_set_version_changed_at_gate,55.44163379818201,,,4.6499501913785934,4.8595028929412365,16.599818132817745,55.26235792785883,60.091583989560604,
31,xair,1,0.0,50.0,before_recheck,0,1,0,0,0,57,57,before_check,0,0,,,,,58.12154896557331,59.29772416129708,10.52626920863986,11.528959032148123,,,REVOKE,read_set_version_changed_at_gate,55.32924272119999,,,4.759886302053928,4.889518953859806,16.535507049411535,55.086317006498575,60.08912902325392,
32,xair,0,,50.0,control,1,0,0,0,0,,58,control,0,0,,1.0794540867209435,2.0548729225993156,58.7998409755528,56.74496805295348,57.720386888831854,,,,,EXECUTE,published_after_gate_recheck,54.5203760266304,54.534632712602615,0.014256685972213745,4.279335029423237,,,54.38126577064395,58.79971105605364,58.81396774202585
33,xair,1,0.0,50.0,before_recheck,0,1,0,0,0,60,60,before_check,0,0,,,,,58.017454110085964,59.05914679169655,9.515051729977131,10.69583697244525,,,REVOKE,read_set_version_changed_at_gate,55.05361594259739,,,5.0816889852285385,5.287053994834423,15.316370874643326,55.5726089514792,60.13530492782593,
34,xair,1,0.0,50.0,before_recheck,0,1,0,0,0,62,62,before_check,0,0,,,,,57.32385301962495,58.528362307697535,9.729474782943726,11.048248037695885,,,REVOKE,read_set_version_changed_at_gate,54.686687886714935,,,4.636584315448999,4.753714427351952,15.97461523488164,54.96539128944278,59.323272202163935,
35,xair,1,0.0,50.0,before_recheck,0,1,0,0,0,64,64,before_check,0,0,,,,,57.17389192432165,58.254027273505926,8.91818292438984,10.0365299731493,,,REVOKE,read_set_version_changed_at_gate,55.15399528667331,,,4.339586943387985,4.429295193403959,14.619003050029278,54.61588501930237,59.49358223006129,
36,xair,0,,50.0,control,1,0,0,0,0,,65,control,0,0,,1.02145504206419,2.407223917543888,60.24542078375816,57.838196866214275,59.22396574169397,,,,,EXECUTE,published_after_gate_recheck,55.40778115391731,55.42399128898978,0.01621013507246971,4.8371898010373116,,,54.9595789052546,60.244970954954624,60.261181090027094
37,xair,1,0.0,50.0,before_recheck,0,1,0,0,0,67,67,before_check,0,0,,,,,58.6369251832366,59.91519242525101,10.182013269513845,11.32939476519823,,,REVOKE,read_set_version_changed_at_gate,55.78981712460518,,,5.273838993161917,5.439921282231808,16.55333023518324,55.64659833908081,61.063656117767096,
38,xair,1,0.0,50.0,before_recheck,0,1,0,0,0,69,69,before_check,0,0,,,,,58.3989298902452,59.804314747452736,8.854333776980639,10.1699810475111,,,REVOKE,read_set_version_changed_at_gate,56.26133130863309,,,4.726562649011612,4.875752609223127,15.37998067215085,55.15336291864514,60.9878939576447,
39,xair,1,0.0,50.0,before_recheck,0,1,0,0,0,71,71,before_check,0,0,,,,,58.18873504176736,59.4734838232398,10.85851201787591,12.070714961737394,,,REVOKE,read_set_version_changed_at_gate,55.172840133309364,,,5.4310038685798645,5.549545865505934,17.44963089004159,55.73784885928035,60.60384400188923,
40,xair,1,30.0,50.0,before_recheck,0,1,0,0,0,73,73,before_check,0,0,,,,,57.07678012549877,58.24686400592327,39.078500121831894,40.18523497506976,,,REVOKE,read_set_version_changed_at_gate,54.34130970388651,,,4.7571612522006035,34.92633393034339,45.18570192158222,54.96097216382623,59.09847095608711,
41,xair,1,30.0,50.0,before_recheck,0,1,0,0,0,75,75,before_check,0,0,,,,,57.20917833968997,58.15594317391515,39.55218801274896,40.595895145088434,,,REVOKE,read_set_version_changed_at_gate,54.289713967591524,,,4.758141934871674,34.898531157523394,45.977757312357426,54.92901196703315,59.0478559024632,
42,xair,0,,50.0,control,1,0,0,0,0,,76,control,0,0,,0.8769240230321884,1.8788431771099567,59.192366898059845,57.31352372094989,58.31544287502766,,,,,EXECUTE,published_after_gate_recheck,54.60390308871865,54.61440188810229,0.01049879938364029,4.588333889842033,,,54.68211881816387,59.192236978560686,59.202735777944326
43,xair,1,30.0,50.0,before_recheck,0,1,0,0,0,78,78,before_check,0,0,,,,,56.648096069693565,57.75693617761135,39.51877634972334,40.86359729990363,,,REVOKE,read_set_version_changed_at_gate,54.339617025107145,,,4.444555379450321,34.648032393306494,46.1529060266912,54.699613247066736,58.78417240455747,
44,xair,1,30.0,50.0,before_recheck,0,1,0,0,0,80,80,before_check,0,0,,,,,57.23618809133768,58.294774033129215,39.615847170352936,40.84338899701834,,,REVOKE,read_set_version_changed_at_gate,54.48355711996555,,,4.772678948938847,35.000963136553764,46.20782798156142,55.041613057255745,59.2562360689044,
45,xair,0,,50.0,control,1,0,0,0,0,,81,control,0,0,,0.9774230420589447,2.3805941455066204,59.51760709285736,57.13701294735074,58.540184050798416,,,,,EXECUTE,published_after_gate_recheck,54.74803410470486,54.759674705564976,0.011640600860118866,4.769403021782637,,,54.869059938937426,59.51743712648749,59.52907772734761
46,xair,1,30.0,50.0,before_recheck,0,1,0,0,0,83,83,before_check,0,0,,,,,56.54839891940355,57.456402108073235,39.18888699263334,40.146252140402794,,,REVOKE,read_set_version_changed_at_gate,54.16829604655504,,,4.173857159912586,34.39749218523502,44.90338312461972,54.442751221358776,58.34215320646763,
47,xair,1,30.0,50.0,before_recheck,0,1,0,0,0,85,85,before_check,0,0,,,,,56.94411089643836,58.28261096030474,38.71865477412939,40.0144150480628,,,REVOKE,read_set_version_changed_at_gate,55.11537240818143,,,4.203682765364647,34.37213506549597,44.43811997771263,54.38447184860706,59.319055173546076,
48,xair,0,,50.0,control,1,0,0,0,0,,86,control,0,0,,0.7826071232557297,1.7377580516040325,58.68998495861888,56.95222690701485,57.90737783536315,,,,,EXECUTE,published_after_gate_recheck,54.34927484020591,54.36118692159653,0.011912081390619278,4.340540152043104,,,54.419908206909895,58.68981499224901,58.70172707363963
49,xair,0,,50.0,control,1,0,0,0,0,,87,control,0,0,,1.0260939598083496,2.38838791847229,59.962961822748184,57.574573904275894,58.936867862939835,,,,,EXECUTE,published_after_gate_recheck,55.16348173841834,55.17866974696517,0.015188008546829224,4.79931989684701,,,54.90508768707514,59.96280163526535,59.97798964381218
50,xair,1,30.0,50.0,before_recheck,0,1,0,0,0,89,89,before_check,0,0,,,,,57.0982713252306,58.17528022453189,39.06383318826556,40.10038636624813,,,REVOKE,read_set_version_changed_at_gate,54.71216607838869,,,4.335691221058369,34.553705248981714,44.705572072416544,54.57873595878482,59.04785729944706,
51,xair,1,30.0,50.0,before_recheck,0,1,0,0,0,91,91,before_check,0,0,,,,,58.04469529539347,59.132274240255356,40.762647055089474,41.825410444289446,,,REVOKE,read_set_version_changed_at_gate,54.853841196745634,,,5.181997083127499,35.659478046000004,46.43391212448478,55.727449245750904,60.03583827987313,
52,xair,1,30.0,50.0,before_recheck,0,1,0,0,0,93,93,before_check,0,0,,,,,57.16698011383414,58.368812780827284,39.369485806673765,40.37649417296052,,,REVOKE,read_set_version_changed_at_gate,54.61148684844375,,,4.587713163346052,34.776662942022085,45.34575203433633,54.80117304250598,59.1992000117898,
53,xair,1,30.0,50.0,before_recheck,0,1,0,0,0,95,95,before_check,0,0,,,,,57.16951424255967,58.39208606630564,39.24141498282552,40.46037094667554,,,REVOKE,read_set_version_changed_at_gate,54.68318099156022,,,4.572805017232895,34.73738906905055,45.65428104251623,54.76056691259146,59.255986008793116,
54,xair,0,,50.0,control,1,0,0,0,0,,96,control,0,0,,1.037796027958393,2.3859036155045033,59.470738749951124,57.08483513444662,58.43294272199273,,,,,EXECUTE,published_after_gate_recheck,54.80706412345171,54.8268212005496,0.01975707709789276,4.663514904677868,,,54.74943574517965,59.47057902812958,59.49033610522747
55,xair,1,30.0,50.0,before_recheck,0,1,0,0,0,98,98,before_check,0,0,,,,,56.82336492463946,58.1164201721549,39.46502506732941,40.869709104299545,,,REVOKE,read_set_version_changed_at_gate,54.89177303388715,,,4.297568928450346,34.57390330731869,45.646516140550375,54.60206000134349,59.189341962337494,
56,xair,0,,50.0,control,1,0,0,0,0,,99,control,0,0,,0.947797205299139,2.2053061984479427,59.30194305256009,57.09663685411215,58.35414584726095,,,,,EXECUTE,published_after_gate_recheck,54.74018910899758,54.7514702193439,0.011281110346317291,4.56158397719264,,,54.64584194123745,59.301773086190224,59.31305419653654
57,xair,1,30.0,50.0,before_recheck,0,1,0,0,0,101,101,before_check,0,0,,,,,57.39634903147817,58.59601916745305,39.70488393679261,40.99135706201196,,,REVOKE,read_set_version_changed_at_gate,54.94704702869058,,,4.655109252780676,34.85723398625851,45.50925921648741,54.876002948731184,59.60215628147125,
58,xair,1,30.0,50.0,before_recheck,0,1,0,0,0,103,103,before_check,0,0,,,,,56.874982081353664,58.04045731201768,39.60673091933131,40.932346135377884,,,REVOKE,read_set_version_changed_at_gate,54.53854985535145,,,4.412094131112099,34.60220620036125,45.95358204096556,54.62172720581293,58.95064398646355,
59,xair,1,30.0,50.0,before_recheck,0,1,0,0,0,105,105,before_check,0,0,,,,,56.85853073373437,58.082565665245056,39.146837778389454,40.15053994953632,,,REVOKE,read_set_version_changed_at_gate,54.59222104400396,,,4.579236730933189,34.765010699629784,44.913571793586016,54.77001378312707,59.17145777493715,
60,xair,1,30.0,50.0,before_recheck,0,1,0,0,0,107,107,before_check,0,0,,,,,57.20497015863657,58.4406778216362,39.09248625859618,40.430204942822456,,,REVOKE,read_set_version_changed_at_gate,54.6550489962101,,,4.603042267262936,34.86645082011819,45.17919011414051,54.907162208110094,59.258091263473034,
61,xair,1,30.0,50.0,before_recheck,0,1,0,0,0,109,109,before_check,0,0,,,,,57.710257824510336,58.71850810945034,39.60934467613697,40.568814147263765,,,REVOKE,read_set_version_changed_at_gate,54.78013399988413,,,4.858450032770634,35.09652288630605,45.37533689290285,55.13416696339846,59.63858403265476,
62,xair,0,,50.0,control,1,0,0,0,0,,110,control,0,0,,1.0174582712352276,2.329468261450529,59.13578113541007,56.80631287395954,58.11832286417484,,,,,EXECUTE,published_after_gate_recheck,54.41975826397538,54.4343451038003,0.014586839824914932,4.71589295193553,,,54.7986482270062,59.13565121591091,59.15023805573583
63,xair,0,,50.0,control,1,0,0,0,0,,111,control,0,0,,1.0831407271325588,2.2986410185694695,59.12094283849001,56.82230181992054,58.03780211135745,,,,,EXECUTE,published_after_gate_recheck,54.38637500628829,54.39688405022025,0.01050904393196106,4.73443791270256,,,54.81488769873977,59.12081291899085,59.13132196292281
64,xair,0,,50.0,control,1,0,0,0,0,,112,control,0,0,,0.9396020323038101,2.3546461015939713,59.69668319448829,57.342037092894316,58.75708116218448,,,,,EXECUTE,published_after_gate_recheck,54.8069030046463,54.821751080453396,0.014848075807094574,4.8896390944719315,,,54.99488580971956,59.69654209911823,59.71139017492533
65,xair,1,30.0,50.0,before_recheck,0,1,0,0,0,114,114,before_check,0,0,,,,,57.47622903436422,58.55583306401968,40.1267153210938,41.25434020534158,,,REVOKE,read_set_version_changed_at_gate,54.58161095157266,,,4.949812311679125,35.182624123990536,46.59950314089656,55.20510021597147,59.53142326325178,
66,xair,1,30.0,50.0,before_recheck,0,1,0,0,0,116,116,before_check,0,0,,,,,57.23770195618272,58.34255367517471,39.69380399212241,40.99414171651006,,,REVOKE,read_set_version_changed_at_gate,54.37420168891549,,,4.8929559998214245,35.08678497746587,46.51353182271123,55.118829011917114,59.267157688736916,
67,xair,1,30.0,50.0,before_recheck,0,1,0,0,0,118,118,before_check,0,0,,,,,57.42668593302369,58.5094066336751,40.15563987195492,41.34432878345251,,,REVOKE,read_set_version_changed_at_gate,54.31668367236853,,,5.131313111633062,35.4179460555315,45.931209810078144,55.45412702485919,59.44799678400159,
68,xair,1,30.0,50.0,before_recheck,0,1,0,0,0,120,120,before_check,0,0,,,,,56.98378570377827,58.279494754970074,39.86442368477583,40.88483704254031,,,REVOKE,read_set_version_changed_at_gate,54.884017910808325,,,4.475823137909174,34.67322885990143,45.86838185787201,54.70367008820176,59.3598410487175,
69,xair,1,30.0,50.0,before_recheck,0,1,0,0,0,122,122,before_check,0,0,,,,,57.38385580480099,58.80003096535802,39.68421509489417,40.677567943930626,,,REVOKE,read_set_version_changed_at_gate,54.909165017306805,,,4.919895902276039,35.112091805785894,45.66443990916014,55.13082072138786,59.829060919582844,
70,xair,1,30.0,50.0,before_recheck,0,1,0,0,0,124,124,before_check,0,0,,,,,57.446722872555256,58.71237721294165,40.03908112645149,41.29324201494455,,,REVOKE,read_set_version_changed_at_gate,54.69856970012188,,,4.942728206515312,35.12836201116443,45.962337870150805,55.14991609379649,59.64129790663719,
71,xair,1,30.0,50.0,before_recheck,0,1,0,0,0,126,126,before_check,0,0,,,,,56.95813661441207,58.22000280022621,39.602030999958515,40.71180196478963,,,REVOKE,read_set_version_changed_at_gate,54.62214723229408,,,4.528811667114496,34.704526886343956,45.6020119599998,54.72142295911908,59.15095889940858,
72,xair,0,,50.0,control,1,0,0,0,0,,127,control,0,0,,1.1581010185182095,2.2421637549996376,59.70957688987255,57.46741313487291,58.55147587135434,,,,,EXECUTE,published_after_gate_recheck,54.846798069775105,54.86225709319115,0.015459023416042328,4.862628877162933,,,54.95215579867363,59.70942694693804,59.72488597035408
73,xair,1,30.0,50.0,before_recheck,0,1,0,0,0,129,129,before_check,0,0,,,,,56.868629064410925,57.90663603693247,40.06831534206867,41.40117531642318,,,REVOKE,read_set_version_changed_at_gate,54.42005768418312,,,4.548459313809872,34.73213920369744,46.231923159211874,54.76559605449438,58.96851699799299,
74,xair,1,30.0,50.0,before_recheck,0,1,0,0,0,131,131,before_check,0,0,,,,,57.366373017430305,58.588655199855566,40.23825516924262,41.329481173306704,,,REVOKE,read_set_version_changed_at_gate,55.0186806358397,,,4.766899161040783,34.9592249840498,47.03670321032405,54.977193009108305,59.785579796880484,
75,xair,1,30.0,50.0,before_recheck,0,1,0,0,0,133,133,before_check,0,0,,,,,57.775720953941345,59.16570732370019,40.429484099149704,41.71532532200217,,,REVOKE,read_set_version_changed_at_gate,55.46142114326358,,,4.763162229210138,34.97214009985328,47.178179025650024,55.006548296660185,60.22458337247372,
76,xair,1,30.0,50.0,before_recheck,0,1,0,0,0,135,135,before_check,0,0,,,,,57.89799988269806,59.2672280035913,41.024778969585896,42.23565012216568,,,REVOKE,read_set_version_changed_at_gate,54.988875053822994,,,5.244965199381113,35.50135204568505,47.13620990514755,55.55029818788171,60.23384025320411,
77,xair,1,30.0,50.0,before_recheck,0,1,0,0,0,137,137,before_check,0,0,,,,,57.04719386994839,58.332004118710756,39.193565025925636,40.33970506861806,,,REVOKE,read_set_version_changed_at_gate,54.55812718719244,,,4.485169891268015,34.68988975510001,44.99753890559077,54.72662299871445,59.043297078460455,
78,xair,1,30.0,50.0,before_recheck,0,1,0,0,0,139,139,before_check,0,0,,,,,56.97235418483615,58.15444095060229,39.505701046437025,40.76465219259262,,,REVOKE,read_set_version_changed_at_gate,54.52732881531119,,,4.657834302634001,34.834441263228655,45.830711256712675,54.851436987519264,59.185163117945194,
79,xair,1,30.0,50.0,before_recheck,0,1,0,0,0,141,141,before_check,0,0,,,,,56.93118693307042,58.031309861689806,39.8862948641181,40.94609199091792,,,REVOKE,read_set_version_changed_at_gate,54.49522892013192,,,4.586801864206791,34.747558645904064,46.471182722598314,54.828994907438755,59.08203078433871,
80,xair,1,40.0,50.0,concurrent,0,1,0,0,0,143,143,before_check,0,0,,,,,57.29104205965996,58.327795937657356,49.97151577845216,51.31500493735075,,,REVOKE,read_set_version_changed_at_gate,54.552976973354816,,,4.831579979509115,45.11022008955479,56.97346571832895,55.161918979138136,59.38455695286393,
81,xair,1,40.0,50.0,concurrent,0,1,0,0,0,145,145,before_check,0,0,,,,,57.17088608071208,58.370986953377724,49.7392313554883,51.08500411733985,,,REVOKE,read_set_version_changed_at_gate,55.15579832717776,,,4.447659943252802,44.716432224959135,56.3127170316875,54.76627731695771,59.603458270430565,
82,xair,1,40.0,50.0,concurrent,0,1,0,0,0,147,147,before_check,0,0,,,,,56.77859019488096,58.04732022807002,49.671273212879896,50.66381394863129,,,REVOKE,read_set_version_changed_at_gate,54.47220569476485,,,4.44784015417099,44.6089799515903,55.73878111317754,54.633006919175386,58.92004584893584,
83,xair,1,40.0,50.0,concurrent,0,1,0,0,0,149,149,before_check,0,0,,,,,57.484904769808054,58.68729995563626,49.996993970125914,51.305828150361776,,,REVOKE,read_set_version_changed_at_gate,54.86408108845353,,,4.79659391567111,45.056027825921774,56.24748487025499,55.09812897071242,59.66067500412464,
84,xair,1,40.0,50.0,concurrent,0,1,0,0,0,151,151,before_check,0,0,,,,,57.615309953689575,59.02749812230468,50.1525760628283,51.32480384781957,,,REVOKE,read_set_version_changed_at_gate,55.1289371214807,,,4.931036848574877,45.193325728178024,56.15566298365593,55.23965507745743,60.05997397005558,
85,xair,1,40.0,50.0,concurrent,0,1,0,0,0,153,153,before_check,0,0,,,,,57.64375301077962,58.77548502758145,50.10501714423299,51.28918727859855,,,REVOKE,read_set_version_changed_at_gate,54.82895486056805,,,4.824587143957615,45.02451000735164,55.706911254674196,55.05003919824958,59.65354200452566,
86,xair,1,40.0,50.0,concurrent,0,1,0,0,0,155,155,before_check,0,0,,,,,56.99345329776406,58.0772259272635,49.25732687115669,50.19333213567734,,,REVOKE,read_set_version_changed_at_gate,54.486422799527645,,,4.353904165327549,44.51915202662349,55.17468322068453,54.554820992052555,58.840326964855194,
87,xair,1,40.0,50.0,concurrent,0,1,0,0,0,157,157,before_check,0,0,,,,,57.57425259798765,58.88431891798973,50.81532895565033,51.972498651593924,,,REVOKE,read_set_version_changed_at_gate,55.08635798469186,,,4.733465611934662,45.028386637568474,57.56695894524455,55.05787394940853,59.81982359662652,
88,xair,1,40.0,50.0,concurrent,0,1,0,0,0,159,159,before_check,0,0,,,,,58.01436770707369,59.17892185971141,50.498784985393286,51.66321899741888,,,REVOKE,read_set_version_changed_at_gate,55.84167409688234,,,4.622798878699541,44.85963098704815,61.38166273012757,54.89459773525596,60.464472975581884,
89,xair,0,,50.0,control,1,0,0,0,0,,160,control,0,0,,0.9833141230046749,2.1878420375287533,60.06563501432538,57.87779297679663,59.082320891320705,,,,,EXECUTE,published_after_gate_recheck,54.895620327442884,54.914295207709074,0.018674880266189575,5.169233772903681,,,55.28587196022272,60.064854100346565,60.083528980612755
90,xair,1,40.0,50.0,concurrent,0,1,0,0,0,162,162,before_check,0,0,,,,,57.35390912741423,58.526188135147095,49.612883012741804,50.547296181321144,,,REVOKE,read_set_version_changed_at_gate,54.76203002035618,,,4.715140908956528,44.87777408212423,55.39382388815284,54.92779007181525,59.477170929312706,
91,xair,0,,50.0,control,1,0,0,0,0,,163,control,0,0,,1.149444840848446,2.120696008205414,59.673578944057226,57.55288293585181,58.52413410320878,,,,,EXECUTE,published_after_gate_recheck,54.539281874895096,54.55624358728528,0.016961712390184402,5.1341671496629715,,,55.23223103955388,59.67344902455807,59.69041073694825
92,xair,1,40.0,50.0,concurrent,0,1,0,0,0,165,165,before_check,0,0,,,,,57.820464950054884,59.18161664158106,50.61115603893995,51.65048502385616,,,REVOKE,read_set_version_changed_at_gate,55.09712779894471,,,5.137513857334852,45.40213802829385,56.56390869989991,55.44618284329772,60.234641656279564,
93,xair,1,40.0,50.0,concurrent,0,1,0,0,0,167,167,before_check,0,0,,,,,57.148836087435484,58.481554966419935,49.545276910066605,50.6822788156569,,,REVOKE,read_set_version_changed_at_gate,55.05217332392931,,,4.488336853682995,44.72340503707528,56.016202084720135,54.74649090319872,59.540510177612305,
94,xair,0,,50.0,control,1,0,0,0,0,,168,control,0,0,,0.9218682534992695,2.1185320802032948,59.168773237615824,57.05024115741253,58.246904984116554,,,,,EXECUTE,published_after_gate_recheck,54.2197423055768,54.22970140352845,0.00995909795165062,4.948901012539864,,,55.03702536225319,59.168643318116665,59.178602416068316
95,xair,0,,50.0,control,1,0,0,0,0,,169,control,0,0,,0.860072672367096,2.18675984069705,59.622413013130426,57.435653172433376,58.76234034076333,,,,,EXECUTE,published_after_gate_recheck,54.73978724330664,54.750397335737944,0.010610092431306839,4.882235080003738,,,55.08847115561366,59.622022323310375,59.63263241574168
96,xair,0,,50.0,control,1,0,0,0,0,,170,control,0,0,,0.9669424034655094,2.3340866900980473,59.32657886296511,56.99249217286706,58.3596364594996,,,,,EXECUTE,published_after_gate_recheck,54.6116572804749,54.621406365185976,0.009749084711074829,4.7145108692348,,,54.8118632286787,59.3261681497097,59.335917234420776
97,xair,0,,50.0,control,1,0,0,0,0,,171,control,0,0,,0.9217187762260437,2.206378150731325,59.43502299487591,57.22864484414458,58.513304218649864,,,,,EXECUTE,published_after_gate_recheck,54.530044086277485,54.53736800700426,0.007323920726776123,4.904837813228369,,,54.98840380460024,59.434881899505854,59.44220582023263
98,xair,0,,50.0,control,1,0,0,0,0,,172,control,0,0,,1.0783420875668526,2.126467414200306,59.03417011722922,56.90770270302892,57.95582802966237,,,,,EXECUTE,published_after_gate_recheck,54.47133397683501,54.47941878810525,0.008084811270236969,4.5626359060406685,,,54.645830765366554,59.03396988287568,59.04205469414592
99,xair,1,40.0,50.0,concurrent,0,1,0,0,0,174,174,before_check,0,0,,,,,57.26941116154194,58.61855112016201,49.599858932197094,50.79039093106985,,,REVOKE,read_set_version_changed_at_gate,54.694382939487696,,,4.687770269811153,44.862245209515095,55.67689426243305,54.87837688997388,59.38215320929885,
100,xair,1,40.0,50.0,concurrent,0,1,0,0,0,176,176,before_check,0,0,,,,,56.55235704034567,57.87724116817117,49.52052095904946,50.625201780349016,,,REVOKE,read_set_version_changed_at_gate,54.34516817331314,,,4.47849789634347,44.61367893964052,55.44084217399359,54.63081318885088,58.82366606965661,
101,xair,1,40.0,50.0,concurrent,0,1,0,0,0,178,178,before_check,0,0,,,,,57.55099980160594,58.49641282111406,49.49071491137147,50.51199998706579,,,REVOKE,read_set_version_changed_at_gate,54.75415475666523,,,4.621236119419336,44.759833719581366,55.67845795303583,54.77766878902912,59.375390876084566,
102,xair,1,40.0,50.0,concurrent,0,1,0,0,0,180,180,before_check,0,0,,,,,56.56731408089399,57.540168054401875,49.63589599356055,50.9541779756546,,,REVOKE,read_set_version_changed_at_gate,53.94515814259648,,,4.6111056581139565,44.753871858119965,55.68717373535037,54.766276851296425,58.55626380071044,
103,xair,1,40.0,50.0,concurrent,0,1,0,0,0,182,182,before_check,0,0,,,,,56.57947715371847,57.93903721496463,49.38900424167514,50.666579976677895,,,REVOKE,read_set_version_changed_at_gate,54.321462754160166,,,4.486243240535259,44.65064825490117,55.40708918124437,54.66967588290572,58.807705994695425,
104,xair,1,40.0,50.0,concurrent,0,1,0,0,0,184,184,before_check,0,0,,,,,57.392080780118704,60.13852171599865,50.28116703033447,51.56211880967021,,,REVOKE,read_set_version_changed_at_gate,56.63325823843479,,,4.676278680562973,45.00162694603205,56.688412092626095,55.0346109084785,61.309536918997765,
105,xair,1,40.0,50.0,concurrent,0,1,0,0,0,186,186,before_check,0,0,,,,,57.11442977190018,58.42103995382786,50.00194301828742,51.191614009439945,,,REVOKE,read_set_version_changed_at_gate,55.092799942940474,,,4.345388151705265,44.61773671209812,55.58106489479542,54.646752774715424,59.43818809464574,
106,xair,1,40.0,50.0,concurrent,0,1,0,0,0,188,188,before_check,0,0,,,,,56.83943489566445,58.26731165871024,48.936204984784126,50.111738964915276,,,REVOKE,read_set_version_changed_at_gate,54.68317121267319,,,4.509345628321171,44.66774081811309,55.13267405331135,54.69878064468503,59.19251684099436,
107,xair,1,40.0,50.0,concurrent,0,1,0,0,0,190,190,before_check,0,0,,,,,56.56018108129501,57.7442510984838,48.98339323699474,50.06552208214998,,,REVOKE,read_set_version_changed_at_gate,54.312927182763815,,,4.268413875252008,44.41002709791064,54.67750085517764,54.42439625039697,58.58134105801582,
108,xair,0,,50.0,control,1,0,0,0,0,,191,control,0,0,,0.976812094449997,2.119173761457205,58.67757182568312,56.55839806422591,57.70075973123312,,,,,EXECUTE,published_after_gate_recheck,54.30785799399018,54.318226873874664,0.01036887988448143,4.3695541098713875,,,54.45211799815297,58.67741210386157,58.68778098374605
109,xair,1,40.0,50.0,concurrent,0,1,0,0,0,193,193,before_check,0,0,,,,,56.83967564254999,58.20806184783578,49.39628764986992,50.58018770068884,,,REVOKE,read_set_version_changed_at_gate,54.67134900391102,,,4.486773628741503,44.644396752119064,55.593788623809814,54.6702379360795,59.15812263265252,
110,xair,1,40.0,50.0,concurrent,0,1,0,0,0,195,195,before_check,0,0,,,,,56.78985174745321,58.068218640983105,49.23819098621607,50.494125578552485,,,REVOKE,read_set_version_changed_at_gate,54.73946826532483,,,4.255017731338739,44.391571544110775,55.33191794529557,54.41526882350445,58.99448599666357,
111,xair,1,40.0,50.0,before_recheck,0,1,0,0,0,197,197,before_check,0,0,,,,,56.58917594701052,57.82999191433191,48.773229122161865,49.74586283788085,,,REVOKE,read_set_version_changed_at_gate,54.72151329740882,,,3.9979368448257446,44.136684853583574,54.02897484600544,54.15401887148619,58.719450142234564,
112,xair,1,40.0,50.0,concurrent,0,1,0,0,0,199,199,before_check,0,0,,,,,56.84066703543067,57.88024701178074,50.31870724633336,51.39507632702589,,,REVOKE,read_set_version_changed_at_gate,54.294191766530275,,,4.609714262187481,44.77886902168393,55.87172042578459,54.79919910430908,58.903906028717756,
113,xair,1,40.0,50.0,concurrent,0,1,0,0,0,201,201,before_check,0,0,,,,,59.15866419672966,60.51560817286372,50.95914797857404,52.248075138777494,,,REVOKE,read_set_version_changed_at_gate,56.108313612639904,,,5.58861019089818,45.92176200821996,57.33470385894179,56.0069540515542,61.696923803538084,
114,xair,1,40.0,50.0,concurrent,0,1,0,0,0,203,203,before_check,0,0,,,,,57.252309285104275,58.3084593527019,49.652818124741316,50.85453204810619,,,REVOKE,read_set_version_changed_at_gate,54.37048617750406,,,4.812193103134632,45.0585731305182,55.84276607260108,55.038117337971926,59.182679280638695,
115,xair,1,40.0,50.0,concurrent,0,1,0,0,0,205,205,before_check,0,0,,,,,58.35381522774696,59.456142131239176,51.97477340698242,53.09767834842205,,,REVOKE,read_set_version_changed_at_gate,55.59728527441621,,,4.927861038595438,45.209136325865984,58.33896715193987,55.264401249587536,60.525146313011646,
116,xair,0,,50.0,control,1,0,0,0,0,,206,control,0,0,,0.9583272039890289,2.114425413310528,59.75477211177349,57.64034669846296,58.79644490778446,,,,,EXECUTE,published_after_gate_recheck,54.72292611375451,54.736752063035965,0.013825949281454086,5.031725857406855,,,55.13231409713626,59.754651971161366,59.76847792044282
117,xair,1,40.0,50.0,concurrent,0,1,0,0,0,208,208,before_check,0,0,,,,,57.5832799077034,58.708560187369585,50.121606793254614,51.29034910351038,,,REVOKE,read_set_version_changed_at_gate,54.669936653226614,,,5.0901551730930805,45.24004412814975,56.1645389534533,55.27803720906377,59.760091826319695,
118,xair,0,,50.0,control,1,0,0,0,0,,209,control,0,0,,0.9978106245398521,2.1503218449652195,58.705464005470276,56.555142160505056,57.707653380930424,,,,,EXECUTE,published_after_gate_recheck,54.32254634797573,54.332885425537825,0.010339077562093735,4.382777959108353,,,54.4682783074677,58.705324307084084,58.71566338464618
119,xair,1,40.0,50.0,concurrent,0,1,0,0,0,211,211,before_check,0,0,,,,,57.79482703655958,59.03914012014866,49.80247002094984,50.84568588063121,,,REVOKE,read_set_version_changed_at_gate,54.94824890047312,,,5.08382311090827,45.31905194744468,55.740403942763805,55.37509871646762,60.03207201138139,
120,xair,1,45.0,50.0,concurrent,0,1,0,0,0,213,213,before_check,0,0,,,,,57.07631912082434,58.04077722132206,54.68418309465051,55.55545724928379,,,REVOKE,read_set_version_changed_at_gate,55.033809039741755,,,4.140544217079878,49.34386909008026,63.39789321646094,54.38718618825078,59.17435325682163,
121,xair,1,45.0,50.0,concurrent,0,1,0,0,0,215,215,before_check,0,0,,,,,59.125842060893774,60.24590181186795,56.36390298604965,57.68049182370305,,,REVOKE,read_set_version_changed_at_gate,55.96675770357251,,,5.576407071202993,50.759763922542334,63.55354515835643,55.79332308843732,61.543164774775505,
122,xair,1,45.0,50.0,concurrent,0,1,0,0,0,217,217,before_check,0,0,,,,,58.793028350919485,59.900515247136354,56.41737300902605,57.34029412269592,,,REVOKE,read_set_version_changed_at_gate,55.73444301262498,,,5.382202100008726,50.62510212883353,62.68769130110741,55.66142639145255,61.116645112633705,
123,xair,0,,50.0,control,1,0,0,0,0,,218,control,0,0,,0.9269979782402515,2.188905142247677,59.65920211747289,57.47029697522521,58.732204139232635,,,,,EXECUTE,published_after_gate_recheck,54.67497603967786,54.69091609120369,0.015940051525831223,4.984056111425161,,,55.08706904947758,59.65903215110302,59.67497220262885
124,xair,0,,50.0,control,1,0,0,0,0,,219,control,0,0,,0.8925339207053185,2.0940168760716915,59.24333306029439,57.1493161842227,58.35079913958907,,,,,EXECUTE,published_after_gate_recheck,54.593993816524744,54.60168793797493,0.007694121450185776,4.649209324270487,,,54.73567033186555,59.24320314079523,59.25089726224542
125,xair,0,,50.0,control,1,0,0,0,0,,220,control,0,0,,0.7606269791722298,2.002295106649399,58.9568461291492,56.9545510224998,58.19621914997697,,,,,EXECUTE,published_after_gate_recheck,54.499536752700806,54.50569884851575,0.006162095814943314,4.457188304513693,,,54.54010330140591,58.9567250572145,58.96288715302944
126,xair,1,45.0,50.0,concurrent,0,1,0,0,0,222,222,before_check,0,0,,,,,56.961433961987495,58.13956307247281,54.128922056406736,55.51330791786313,,,REVOKE,read_set_version_changed_at_gate,54.639329202473164,,,4.397796932607889,49.54216117039323,60.588676016777754,54.55559305846691,59.03712613508105,
127,xair,1,45.0,50.0,concurrent,0,1,0,0,0,224,224,before_check,0,0,,,,,57.38680111244321,58.67154989391565,54.42874412983656,55.76507980003953,,,REVOKE,read_set_version_changed_at_gate,54.932849016040564,,,4.5457337982952595,49.74276712164283,61.34785898029804,54.7764259390533,59.47858281433582,
128,xair,1,45.0,50.0,concurrent,0,1,0,0,0,226,226,before_check,0,0,,,,,57.34712677076459,58.510828763246536,54.644007701426744,55.71868270635605,,,REVOKE,read_set_version_changed_at_gate,54.76740002632141,,,4.665307700634003,49.80752896517515,60.26076106354594,54.82168076559901,59.432707726955414,
129,xair,0,,50.0,control,1,0,0,0,0,,227,control,0,0,,0.9095263667404652,1.8543782643973827,58.96257609128952,57.10819782689214,58.053049724549055,,,,,EXECUTE,published_after_gate_recheck,54.34028757736087,54.35024667531252,0.00995909795165062,4.622117150574923,,,54.70097390934825,58.96240472793579,58.97236382588744
130,xair,1,45.0,50.0,concurrent,0,1,0,0,0,229,229,before_check,0,0,,,,,57.50718666240573,58.85213892906904,54.447559639811516,55.66976172849536,,,REVOKE,read_set_version_changed_at_gate,55.16666825860739,,,4.708669614046812,49.863053020089865,61.13806599751115,54.87935896962881,59.8753378726542,
131,xair,1,45.0,50.0,concurrent,0,1,0,0,0,231,231,before_check,0,0,,,,,57.757757138460875,58.840286917984486,54.85199810937047,56.073106825351715,,,REVOKE,read_set_version_changed_at_gate,55.037135258316994,,,4.867747891694307,50.069550052285194,61.82309007272124,55.1072359085083,59.9048831500113,
132,xair,0,,50.0,control,1,0,0,0,0,,232,control,0,0,,1.0116570629179478,2.1940842270851135,59.09151816740632,56.89743394032121,58.07986110448837,,,,,EXECUTE,published_after_gate_recheck,54.45646680891514,54.46834908798337,0.011882279068231583,4.6348911710083485,,,54.73828501999378,59.09135797992349,59.10324025899172
133,xair,1,45.0,50.0,concurrent,0,1,0,0,0,234,234,before_check,0,0,,,,,56.863770354539156,57.89730837568641,54.07825717702508,55.24137802422047,,,REVOKE,read_set_version_changed_at_gate,54.44813100621104,,,4.387527238577604,49.62158016860485,59.777685441076756,54.665448144078255,58.83565824478865,
134,xair,1,45.0,50.0,concurrent,0,1,0,0,0,236,236,before_check,0,0,,,,,57.72973503917456,58.85412311181426,55.20776519551873,56.34797317907214,,,REVOKE,read_set_version_changed_at_gate,55.54434610530734,,,4.589246120303869,49.811395816504955,61.87153095379472,54.84415404498577,60.13359222561121,
135,xair,0,,50.0,control,1,0,0,0,0,,237,control,0,0,,1.006126869469881,2.139402087777853,58.66700178012252,56.527599692344666,57.66087491065264,,,,,EXECUTE,published_after_gate_recheck,54.46569295600057,54.47528092190623,0.009587965905666351,4.201197996735573,,,54.28218888118863,58.66689095273614,58.676478918641806
136,xair,1,45.0,50.0,concurrent,0,1,0,0,0,239,239,before_check,0,0,,,,,56.56667426228523,57.68129415810108,53.98458195850253,55.302944034338,,,REVOKE,read_set_version_changed_at_gate,54.65964786708355,,,4.0597631596028805,49.264641012996435,60.627819038927555,54.30975183844566,58.71941102668643,
137,xair,1,45.0,50.0,concurrent,0,1,0,0,0,241,241,before_check,0,0,,,,,57.662177830934525,58.97673266008496,54.82923565432429,56.207200046628714,,,REVOKE,read_set_version_changed_at_gate,55.27937971055508,,,4.700724966824055,49.87063677981496,61.449138913303614,54.86241774633527,59.98010467737913,
138,xair,1,45.0,50.0,concurrent,0,1,0,0,0,243,243,before_check,0,0,,,,,57.27169569581747,58.58391569927335,54.42182160913944,55.60690397396684,,,REVOKE,read_set_version_changed_at_gate,55.27646420523524,,,4.541315604001284,49.71063695847988,61.17504462599754,54.72494987770915,59.81777980923653,
139,xair,1,45.0,50.0,concurrent,0,1,0,0,0,245,245,before_check,0,0,,,,,57.19876801595092,58.080481830984354,54.299411829560995,55.49639603123069,,,REVOKE,read_set_version_changed_at_gate,54.19780081138015,,,4.715411923825741,49.88674679771066,60.09445758536458,54.91269193589687,58.91321273520589,
140,xair,1,45.0,50.0,concurrent,0,1,0,0,0,247,247,before_check,0,0,,,,,57.419451884925365,58.57621179893613,54.85158693045378,56.10746191814542,,,REVOKE,read_set_version_changed_at_gate,54.91506587713957,,,4.596178885549307,49.79199869558215,60.85447408258915,54.82045887038112,59.511244762688875,
141,xair,0,,50.0,control,1,0,0,0,0,,248,control,0,0,,1.2798602692782879,2.4010720662772655,59.77881606668234,57.37774400040507,58.49895579740405,,,,,EXECUTE,published_after_gate_recheck,55.14341499656439,55.15745095908642,0.014035962522029877,4.635070916265249,,,54.74004801362753,59.77848591282964,59.79252187535167
142,xair,1,45.0,50.0,concurrent,0,1,0,0,0,250,250,before_check,0,0,,,,,57.07810306921601,58.307568076997995,54.40719425678253,55.54704228416085,,,REVOKE,read_set_version_changed_at_gate,55.169032886624336,,,4.241273272782564,49.4608492590487,61.44039332866669,54.48916833847761,59.4103061594069,
143,xair,1,45.0,50.0,concurrent,0,1,0,0,0,252,252,before_check,0,0,,,,,57.35853826627135,58.50660102441907,54.62554330006242,55.9606971219182,,,REVOKE,read_set_version_changed_at_gate,54.619623348116875,,,4.871794953942299,50.00911606475711,61.00265122950077,55.0393289886415,59.491418302059174,
144,xair,1,45.0,50.0,concurrent,0,1,0,0,0,254,254,before_check,0,0,,,,,57.20354802906513,57.74714704602957,54.46016322821379,55.52247492596507,,,REVOKE,read_set_version_changed_at_gate,54.18210197240114,,,4.54742694273591,49.686041194945574,60.45299116522074,54.70380000770092,58.72952891513705,
145,xair,1,45.0,50.0,concurrent,0,1,0,0,0,256,256,before_check,0,0,,,,,57.455260306596756,58.80462098866701,54.91528706625104,55.947373155504465,,,REVOKE,read_set_version_changed_at_gate,55.14288367703557,,,4.728337284177542,49.93476811796427,61.01837195456028,54.97284512966871,59.87122096121311,
146,xair,0,,50.0,control,1,0,0,0,0,,257,control,0,0,,1.1037802323698997,2.361379098147154,59.31830406188965,56.956924963742495,58.21452382951975,,,,,EXECUTE,published_after_gate_recheck,54.85048471018672,54.860333912074566,0.009849201887845993,4.4676680117845535,,,54.56174397841096,59.31815272197127,59.32800192385912
147,xair,1,45.0,50.0,concurrent,0,1,0,0,0,259,259,before_check,0,0,,,,,58.09564981609583,59.40298177301884,55.3476270288229,56.545413099229336,,,REVOKE,read_set_version_changed_at_gate,55.706921964883804,,,5.05156209692359,50.2156438305974,61.30950711667538,55.23529602214694,60.758484061807394,
148,xair,1,45.0,50.0,concurrent,0,1,0,0,0,261,261,before_check,0,0,,,,,57.21145262941718,58.450095821172,54.41514868289232,55.5511899292469,,,REVOKE,read_set_version_changed_at_gate,55.396127980202436,,,4.188604652881622,49.361041747033596,61.36564305052161,54.37320098280907,59.58473263308406,
149,xair,0,,50.0,control,1,0,0,0,0,,262,control,0,0,,1.124850008636713,2.3620501160621643,60.1447531953454,57.78270307928324,59.01990318670869,,,,,EXECUTE,published_after_gate_recheck,55.58565305545926,55.602976121008396,0.017323065549135208,4.558959044516087,,,54.661469999700785,60.14461209997535,60.16193516552448
150,xair,1,45.0,50.0,concurrent,0,1,0,0,0,264,264,before_check,0,0,,,,,57.452864944934845,58.73088072985411,54.51946426182985,55.44776516035199,,,REVOKE,read_set_version_changed_at_gate,55.09066581726074,,,4.745308309793472,49.971265252679586,60.4359689168632,55.027136113494635,59.835974127054214,
151,xair,1,45.0,50.0,concurrent,0,1,0,0,0,266,266,before_check,0,0,,,,,56.86851032078266,57.81536502763629,53.73154720291495,54.901371244341135,,,REVOKE,read_set_version_changed_at_gate,54.34263311326504,,,4.348333925008774,49.573028925806284,59.97086735442281,54.6052660793066,58.69096703827381,
152,xair,1,45.0,50.0,concurrent,0,1,0,0,0,268,268,before_check,0,0,,,,,57.425112929195166,58.54913126677275,54.609894286841154,55.939918383955956,,,REVOKE,read_set_version_changed_at_gate,55.15049770474434,,,4.348614253103733,49.521342385560274,60.6519840657711,54.52593695372343,59.49911195784807,
153,xair,1,45.0,50.0,concurrent,0,1,0,0,0,270,270,before_check,0,0,,,,,57.38879507407546,58.71026311069727,54.33378694579005,55.452675092965364,,,REVOKE,read_set_version_changed_at_gate,54.9684870056808,,,4.59545711055398,49.74113404750824,61.42056593671441,54.75658876821399,59.56394411623478,
154,xair,1,45.0,50.0,concurrent,0,1,0,0,0,272,272,before_check,0,0,,,,,57.18464171513915,58.143971022218466,54.18009776622057,55.14758173376322,,,REVOKE,read_set_version_changed_at_gate,54.96806465089321,,,4.381767008453608,49.51748484745622,60.7506288215518,54.53029461205006,59.34983165934682,
155,xair,1,45.0,50.0,concurrent,0,1,0,0,0,274,274,before_check,0,0,,,,,56.92500527948141,58.11449605971575,54.25234418362379,55.32053718343377,,,REVOKE,read_set_version_changed_at_gate,54.65365573763847,,,4.390964284539223,49.5331441052258,60.21955283358693,54.522289894521236,59.044620022177696,
156,xair,1,45.0,50.0,concurrent,0,1,0,0,0,276,276,before_check,0,0,,,,,56.78771808743477,57.865839917212725,53.781259804964066,55.04194414243102,,,REVOKE,read_set_version_changed_at_gate,54.513041861355305,,,4.305453971028328,49.44511875510216,60.22123573347926,54.45578508079052,58.81849583238363,
157,xair,1,45.0,50.0,concurrent,0,1,0,0,0,278,278,before_check,0,0,,,,,57.003713212907314,57.99622414633632,54.0810520760715,55.11263711377978,,,REVOKE,read_set_version_changed_at_gate,54.49857469648123,,,4.420860204845667,49.569983035326004,59.9136590026319,54.58266334608197,58.919434901326895,
158,xair,1,45.0,50.0,concurrent,0,1,0,0,0,280,280,before_check,0,0,,,,,58.38256794959307,59.55875385552645,55.61463814228773,56.764163076877594,,,REVOKE,read_set_version_changed_at_gate,55.80501491203904,,,4.948870278894901,50.28028506785631,61.82211823761463,55.353157222270966,60.75388519093394,
159,xair,0,,50.0,control,1,0,0,0,0,,281,control,0,0,,1.4823498204350471,2.7784002013504505,61.91730685532093,59.13890665397048,60.43495703488588,,,,,EXECUTE,published_after_gate_recheck,57.402019854635,57.419752702116966,0.01773284748196602,4.5149060897529125,,,55.44580100104213,61.91692594438791,61.93465879186988
160,xair,0,,50.0,control,1,0,0,0,0,,282,control,0,0,,0.8563860319554806,1.9513191655278206,59.11507178097963,57.16375261545181,58.25868574902415,,,,,EXECUTE,published_after_gate_recheck,54.249357897788286,54.2584452778101,0.009087380021810532,4.8655737191438675,,,54.9565339460969,59.114931616932154,59.124018996953964
161,xair,0,,50.0,control,1,0,0,0,0,,283,control,0,0,,1.148913986980915,2.329117152839899,60.0991970859468,57.7700799331069,58.95028309896588,,,,,EXECUTE,published_after_gate_recheck,55.012339260429144,55.02468207851052,0.012342818081378937,5.086687859147787,,,55.184891913086176,60.09902711957693,60.11136993765831
162,xair,1,50.0,50.0,concurrent,1,0,0,1,0,285,284,after_check,0,0,after_middleware,1.147411298006773,2.338745165616274,59.429561253637075,57.0908160880208,58.2821499556303,60.44278107583523,61.84470001608133,,,EXECUTE,published_after_gate_recheck,55.04606198519468,55.05484761670232,0.008785631507635117,4.383119288831949,54.61332015693188,66.5805609896779,54.90209208801389,59.42918127402663,59.43796690553427
163,xair,0,,50.0,control,1,0,0,0,0,,286,control,0,0,,0.8164606988430023,1.8743639811873436,59.005886781960726,57.13152280077338,58.18942608311772,,,,,EXECUTE,published_after_gate_recheck,54.21389127150178,54.22248691320419,0.008595641702413559,4.791855812072754,,,54.88519975915551,59.00574708357453,59.01434272527695
164,xair,1,50.0,50.0,concurrent,1,0,0,1,0,288,287,after_check,0,0,after_middleware,1.1309911496937275,2.4631591513752937,59.569003991782665,57.10584484040737,58.43801284208894,61.10683688893914,62.23251763731241,,,EXECUTE,published_after_gate_recheck,55.31429499387741,55.327550042420626,0.013255048543214798,4.254587925970554,54.484298918396235,67.72505771368742,54.6470140106976,59.568882919847965,59.58213796839118
165,xair,1,50.0,50.0,concurrent,1,0,0,1,0,290,289,after_check,0,0,after_middleware,1.085515134036541,2.268454059958458,60.390033293515444,58.121579233556986,59.3045181594789,62.00018338859081,63.02462425082922,,,EXECUTE,published_after_gate_recheck,55.347146932035685,55.36905815824866,0.021911226212978363,5.04274619743228,55.247650016099215,68.12651129439473,55.46162137761712,60.389893129467964,60.41180435568094
166,xair,1,50.0,50.0,concurrent,1,0,0,1,0,292,291,after_check,0,0,after_middleware,1.228364184498787,2.733927220106125,59.9065269343555,57.17259971424937,58.67816274985671,61.45065184682608,62.514496967196465,,,EXECUTE,published_after_gate_recheck,55.27206463739276,55.284748785197735,0.01268414780497551,4.6343510039150715,54.83836308121681,67.93274683877826,55.014993995428085,59.90641564130783,59.919099789112806
167,xair,1,50.0,50.0,concurrent,0,1,0,0,0,294,294,before_check,0,0,,,,,64.34571091085672,65.27808913961053,60.90461788699031,62.09928821772337,,,REVOKE,read_set_version_changed_at_gate,61.37064192444086,,,5.159525200724602,55.387111846357584,68.14390327781439,55.633243173360825,66.53016712516546,
168,xair,1,50.0,50.0,concurrent,1,0,0,1,0,296,295,after_check,0,0,after_middleware,1.1722180061042309,2.400021068751812,62.43851501494646,60.03849394619465,61.26629700884223,63.953755889087915,65.392613876611,,,EXECUTE,published_after_gate_recheck,55.459397844970226,55.4888928309083,0.029494985938072205,6.978977005928755,57.20671406015754,70.42406871914864,57.53384670242667,62.43837485089898,62.46786983683705
169,xair,1,50.0,50.0,concurrent,1,0,0,1,0,298,297,after_check,0,0,after_middleware,1.0463818907737732,2.1988130174577236,59.4404018484056,57.241588830947876,58.394019957631826,60.65765488892794,61.92657398059964,,,EXECUTE,published_after_gate_recheck,55.144166108220816,55.15690008178353,0.012733973562717438,4.296096041798592,54.55382913351059,67.19409208744764,54.74933609366417,59.44026215001941,59.452996123582125
170,xair,1,50.0,50.0,concurrent,1,0,0,1,0,300,299,after_check,0,0,after_middleware,1.0469630360603333,2.223588991910219,59.3242640607059,57.10067506879568,58.27730102464557,60.85258023813367,62.10849527269602,,,EXECUTE,published_after_gate_recheck,55.13678211718798,55.148012936115265,0.011230818927288055,4.187342245131731,54.37831021845341,67.12618423625827,54.608491249382496,59.32412436231971,59.335355181246996
171,xair,1,50.0,50.0,concurrent,0,1,0,0,0,302,302,before_check,0,0,,,,,62.45349161326885,63.71143087744713,59.88042801618576,60.986851807683706,,,REVOKE,read_set_version_changed_at_gate,60.50221296027303,,,4.305984824895859,54.45637600496411,66.12928491085768,54.630552884191275,64.80819778516889,
172,xair,1,50.0,50.0,concurrent,0,1,0,0,0,304,304,before_check,0,0,,,,,61.74158724024892,63.066271133720875,60.42552925646305,61.708415392786264,,,REVOKE,read_set_version_changed_at_gate,59.56992506980896,,,4.628108348697424,54.774072021245956,68.96369019523263,55.12481927871704,64.19803341850638,
173,xair,1,50.0,50.0,concurrent,1,0,0,1,0,306,305,after_check,0,0,after_middleware,1.2911907397210598,2.737143076956272,64.02729405090213,61.290150973945856,62.73610331118107,67.6851631142199,69.03693825006485,,,EXECUTE,published_after_gate_recheck,58.66061011329293,58.672402054071426,0.011791940778493881,5.366554018110037,55.5436653085053,85.56091319769621,56.26123119145632,64.02716413140297,64.03895607218146
174,xair,1,50.0,50.0,concurrent,0,1,0,0,0,308,308,before_check,0,0,,,,,60.79914001747966,61.80904433131218,59.57949301227927,60.76799193397164,,,REVOKE,read_set_version_changed_at_gate,57.8066180460155,,,4.778360947966576,54.929994978010654,66.90976908430457,55.04595208913088,62.58497899398208,
175,xair,1,50.0,50.0,concurrent,0,1,0,0,0,310,310,before_check,0,0,,,,,59.941061306744814,61.23546836897731,58.92028613016009,59.912136290222406,,,REVOKE,read_set_version_changed_at_gate,57.81902093440294,,,4.258816130459309,54.398367181420326,65.92865940183401,54.49152225628495,62.07783706486225,
176,xair,1,50.0,50.0,concurrent,0,1,0,0,0,312,312,before_check,0,0,,,,,62.035918701440096,63.07798298075795,59.601453598588705,60.82857493311167,,,REVOKE,read_set_version_changed_at_gate,59.40654780715704,,,4.498575814068317,54.634610656648874,65.78320590779185,54.7425327822566,63.90512362122536,
177,xair,1,50.0,50.0,concurrent,1,0,0,1,0,314,313,after_check,0,0,after_middleware,0.8561653085052967,2.002695109695196,59.63160144165158,57.62890633195639,58.775436133146286,61.4997842349112,62.70730821415782,,,EXECUTE,published_after_gate_recheck,54.60265092551708,54.61517395451665,0.012523028999567032,5.028820130974054,55.26380008086562,67.99402227625251,55.44292600825429,59.63147105649114,59.643994085490704
178,xair,1,50.0,50.0,concurrent,1,0,0,1,0,316,315,after_check,0,0,after_middleware,1.4913557097315788,3.044629003852606,60.89385785162449,57.84922884777188,59.40250214189291,61.38572096824646,62.467790208756924,,,EXECUTE,published_after_gate_recheck,56.42653116956353,56.43885396420956,0.012322794646024704,4.467186983674765,54.63238712400198,67.90882302448153,54.875072091817856,60.8937181532383,60.90604094788432
179,xair,1,50.0,50.0,concurrent,0,1,0,0,0,318,318,before_check,0,0,,,,,61.84634380042553,63.083423767238855,59.25341183319688,60.50720298662782,,,REVOKE,read_set_version_changed_at_gate,59.8746370524168,,,4.259717650711536,54.397896863520145,65.45061292126775,54.51694969087839,64.13435470312834,
180,xair,1,50.0,50.0,concurrent,1,0,0,1,0,320,319,after_check,0,0,after_middleware,1.0928190313279629,2.3902622051537037,59.2446350492537,56.8543728441,58.15181601792574,60.61854213476181,61.8538879789412,,,EXECUTE,published_after_gate_recheck,54.86028362065554,54.86869998276234,0.00841636210680008,4.384211264550686,54.51686028391123,66.7723510414362,54.62696589529514,59.24449488520622,59.25291124731302
181,xair,0,,50.0,control,1,0,0,0,0,,321,control,0,0,,0.9064101614058018,1.8721409142017365,58.987592812627554,57.11545189842582,58.08118265122175,,,,,EXECUTE,published_after_gate_recheck,54.424937814474106,54.43358374759555,0.008645933121442795,4.562485031783581,,,54.643706884235144,58.98742284625769,58.99606877937913
182,xair,0,,50.0,control,1,0,0,0,0,,322,control,0,0,,0.7763258181512356,2.0513366907835007,59.657659847289324,57.60632315650582,58.88133402913809,,,,,EXECUTE,published_after_gate_recheck,54.774331860244274,54.781245067715645,0.006913207471370697,4.883186891674995,,,54.961223155260086,59.65751875191927,59.66443195939064
183,xair,1,50.0,50.0,concurrent,0,1,0,0,0,324,324,before_check,0,0,,,,,61.95209175348282,62.963258009403944,59.22329472377896,60.42966665700078,,,REVOKE,read_set_version_changed_at_gate,59.908028692007065,,,3.979342058300972,54.12911204621196,65.32787205651402,54.255038034170866,63.88737075030804,
184,xair,0,,50.0,control,1,0,0,0,0,,325,control,0,0,,1.0890630073845387,2.241394016891718,59.40360389649868,57.16220987960696,58.31454088911414,,,,,EXECUTE,published_after_gate_recheck,54.880580864846706,54.89083006978035,0.010249204933643341,4.5228819362819195,,,54.60539599880576,59.403462801128626,59.41371200606227
185,xair,1,50.0,50.0,concurrent,0,1,0,0,0,327,327,before_check,0,0,,,,,63.61744459718466,64.85483469441533,61.125561594963074,62.29345174506307,,,REVOKE,read_set_version_changed_at_gate,60.901411809027195,,,5.422787740826607,55.762013886123896,67.3720445483923,56.00442877039313,66.3241995498538,
186,xair,1,50.0,50.0,concurrent,1,0,0,1,0,329,328,after_check,0,0,after_middleware,1.1155721731483936,1.8835822120308876,59.54527901485562,57.661696802824736,58.42970684170723,60.735910665243864,62.09701392799616,,,EXECUTE,published_after_gate_recheck,54.90132002159953,54.91170007735491,0.010380055755376816,4.643767606467009,54.90398500114679,67.18291062861681,55.14112999662757,59.54508762806654,59.55546768382192
187,xair,1,50.0,50.0,concurrent,0,1,0,0,0,331,331,before_check,0,0,,,,,61.728622764348984,62.82279500737786,59.39148971810937,60.41163299232721,,,REVOKE,read_set_version_changed_at_gate,59.22097060829401,,,4.438022151589394,54.585548117756844,65.64230192452669,54.70186611637473,63.658992759883404,
188,xair,1,50.0,50.0,concurrent,1,0,0,1,0,333,332,after_check,0,0,after_middleware,1.0342299938201904,2.4064728058874607,59.73534472286701,57.32887191697955,58.70111472904682,61.203007120639086,62.38604476675391,,,EXECUTE,published_after_gate_recheck,55.323822889477015,55.33824022859335,0.014417339116334915,4.411371890455484,54.63592289015651,67.63222301378846,54.87546185031533,59.7351947799325,59.749612119048834
189,xair,1,50.0,50.0,concurrent,0,1,0,0,0,335,335,before_check,0,0,,,,,62.53242027014494,63.50867124274373,59.35729620978236,60.97645219415426,,,REVOKE,read_set_version_changed_at_gate,59.96146984398365,,,4.586450289934874,54.825508035719395,66.27863505855203,55.01645617187023,64.54792013391852,
190,xair,0,,50.0,control,1,0,0,0,0,,336,control,0,0,,1.0961350053548813,2.2371551021933556,59.430153109133244,57.19299800693989,58.33401810377836,,,,,EXECUTE,published_after_gate_recheck,54.59466576576233,54.60849171504378,0.013825949281454086,4.83523728325963,,,54.929123260080814,59.42990304902196,59.44372899830341
191,xair,1,50.0,50.0,concurrent,1,0,0,1,0,338,337,after_check,0,0,after_middleware,0.8988953195512295,2.1348129957914352,59.44004142656922,57.30522843077779,58.541146107017994,60.92162011191249,62.11302429437637,,,EXECUTE,published_after_gate_recheck,54.471013601869345,54.47713565081358,0.006122048944234848,4.968877416104078,55.11470139026642,66.67834520339966,55.22626033052802,59.43989101797342,59.44601306691766
192,xair,0,,50.0,control,1,0,0,0,0,,339,control,0,0,,1.068584155291319,2.3808549158275127,59.856642968952656,57.47578805312514,58.78805881366134,,,,,EXECUTE,published_after_gate_recheck,55.164172779768705,55.173952132463455,0.009779352694749832,4.692329093813896,,,54.78020291775465,59.8565018735826,59.86628122627735
193,xair,1,50.0,50.0,concurrent,0,1,0,0,0,341,341,before_check,0,0,,,,,65.28366915881634,66.44408497959375,59.896938037127256,61.1199215054512,,,REVOKE,read_set_version_changed_at_gate,63.27946111559868,,,4.272121004760265,54.528932087123394,69.3763941526413,54.827201180160046,67.55158212035894,
194,xair,1,50.0,50.0,concurrent,0,1,0,0,0,343,343,before_check,0,0,,,,,62.07387987524271,63.10476269572973,59.408331755548716,60.39814790710807,,,REVOKE,read_set_version_changed_at_gate,59.73818991333246,,,4.5057786628603935,54.78786677122116,65.97231095656753,55.01306988298893,64.24396857619286,
195,xair,1,50.0,50.0,concurrent,1,0,0,1,0,345,344,after_check,0,0,after_middleware,0.9220801293849945,1.8673120066523552,59.08232135698199,57.21500935032964,58.160241227597,60.657573863863945,61.85860699042678,,,EXECUTE,published_after_gate_recheck,54.696666076779366,54.709050338715315,0.012384261935949326,4.385523963719606,54.62940130382776,66.54342217370868,54.82500698417425,59.08219004049897,59.09457430243492
196,xair,0,,50.0,control,1,0,0,0,0,,346,control,0,0,,0.8295150473713875,2.233739010989666,59.18702716007829,56.95328814908862,58.3575121127069,,,,,EXECUTE,published_after_gate_recheck,54.73481770604849,54.74245175719261,0.007634051144123077,4.452069289982319,,,54.534363094717264,59.18688699603081,59.19452104717493
197,xair,1,50.0,50.0,concurrent,0,1,0,0,0,348,348,before_check,0,0,,,,,61.7981031537056,62.830820214003325,59.40288212150335,60.693161096423864,,,REVOKE,read_set_version_changed_at_gate,59.364338871091604,,,4.4340454041957855,54.611437022686005,65.46711316332221,54.75930403918028,63.79838427528739,
198,xair,1,50.0,50.0,concurrent,1,0,0,1,0,350,349,after_check,0,0,after_middleware,1.2581897899508476,2.44736997410655,59.78204309940338,57.33467312529683,58.523853309452534,60.719671193510294,62.33874708414078,,,EXECUTE,published_after_gate_recheck,55.223493836820126,55.23158982396126,0.008095987141132355,4.5584384351968765,54.70848921686411,67.17314245179296,54.82062930241227,59.781932272017,59.790028259158134
199,xair,0,,50.0,control,1,0,0,0,0,,351,control,0,0,,1.0441681370139122,2.240011002868414,59.320196975022554,57.08018597215414,58.27602883800864,,,,,EXECUTE,published_after_gate_recheck,54.99559687450528,55.00607658177614,0.010479707270860672,4.324479028582573,,,54.415178950876,59.320075903087854,59.330555610358715
200,xair,1,55.0,50.0,after_release,1,0,0,0,1,353,352,after_check,0,0,after_middleware,0.8382918313145638,2.093625720590353,59.57000609487295,57.4763803742826,58.73171426355839,65.07996795699,66.20434625074267,,,EXECUTE,published_after_gate_recheck,54.94876904413104,54.960520938038826,0.011751893907785416,4.6211061999201775,59.8585270345211,71.47628208622336,54.89833513274789,59.56987524405122,59.581627137959
201,xair,1,55.0,50.0,after_release,1,0,0,0,1,355,354,after_check,0,0,after_middleware,1.054977998137474,2.2145030088722706,59.36076305806637,57.1462600491941,58.305785059928894,64.09821705892682,65.12776715680957,,,EXECUTE,published_after_gate_recheck,54.930084850639105,54.94574410840869,0.015659257769584656,4.430568311363459,59.59529336541891,69.93145542219281,54.62838942185044,59.36065316200256,59.37631241977215
202,xair,1,55.0,50.0,after_release,1,0,0,0,1,357,356,after_check,0,0,after_middleware,1.2289541773498058,2.1336115896701813,60.125396121293306,57.991784531623125,58.8964419439435,65.09522628039122,66.13065721467137,,,EXECUTE,published_after_gate_recheck,55.25771901011467,55.26896007359028,0.011241063475608826,4.86736698076129,60.25516986846924,70.91802498325706,55.1650351844728,60.12508599087596,60.13632705435157
203,xair,1,55.0,50.0,after_release,1,0,0,0,1,359,358,after_check,0,0,after_middleware,1.049668062478304,2.041286788880825,59.35990111902356,57.318614330142736,58.31023305654526,64.79598488658667,66.16292800754309,,,EXECUTE,published_after_gate_recheck,54.534022230654955,54.551875218749046,0.017852988094091415,4.825608804821968,60.03012787550688,71.00296393036842,55.04753487184644,59.35963103547692,59.377484023571014
204,xair,1,55.0,50.0,after_release,1,0,0,0,1,361,360,after_check,0,0,after_middleware,0.9628157131373882,2.0571877248585224,58.946676552295685,56.88948882743716,57.9838608391583,63.55722155421972,64.68282267451286,,,EXECUTE,published_after_gate_recheck,54.811070673167706,54.82332408428192,0.01225341111421585,4.135144874453545,59.35464194044471,69.40741278231144,54.386344738304615,58.94621554762125,58.958468958735466
205,xair,0,,50.0,control,1,0,0,0,0,,362,control,0,0,,0.9729242883622646,2.161553129553795,59.44740539416671,57.28585226461291,58.47448110580444,,,,,EXECUTE,published_after_gate_recheck,54.531937930732965,54.54116594046354,0.009228009730577469,4.915317054837942,,,55.01357140019536,59.44725498557091,59.456482995301485
206,xair,1,55.0,50.0,after_release,1,0,0,0,1,364,363,after_check,0,0,after_middleware,0.9808498434722424,2.3129377514123917,59.500074945390224,57.18713719397783,58.51922510191798,65.53321797400713,66.60707201808691,,,EXECUTE,published_after_gate_recheck,54.25420729443431,54.26280293613672,0.008595641702413559,5.2457270212471485,60.55769789963961,71.63096219301224,55.596945341676474,59.49993431568146,59.50852995738387
207,xair,1,55.0,50.0,after_release,1,0,0,0,1,366,365,after_check,0,0,after_middleware,0.8861920796334743,2.22844909876585,59.49191888794303,57.26346978917718,58.605726808309555,64.6867398172617,65.82550564780831,,,EXECUTE,published_after_gate_recheck,54.89274533465505,54.9029940739274,0.010248739272356033,4.599043633788824,59.78989787399769,70.89522201567888,54.81004994362593,59.49178896844387,59.50203770771623
208,xair,0,,50.0,control,1,0,0,0,0,,367,control,0,0,,1.0426649823784828,1.8469030037522316,58.56738518923521,56.72048218548298,57.52472020685673,,,,,EXECUTE,published_after_gate_recheck,53.901846054941416,53.91035182401538,0.008505769073963165,4.665409214794636,,,54.75313309580088,58.56725526973605,58.575761038810015
209,xair,1,55.0,50.0,after_release,1,0,0,0,1,369,368,after_check,0,0,after_middleware,0.9649288840591908,2.1651899442076683,59.637360740453005,57.47217079624534,58.672431856393814,64.85886266455054,66.00239686667919,,,EXECUTE,published_after_gate_recheck,54.98375464230776,54.9902468919754,0.006492249667644501,4.653485957533121,59.847034979611635,70.83383668214083,54.86477166414261,59.63724059984088,59.643732849508524
210,xair,1,55.0,50.0,after_release,1,0,0,0,1,371,370,after_check,0,0,after_middleware,1.007589977234602,2.113854046911001,59.1188189573586,57.0049649104476,58.111228980124,64.63519297540188,65.77386753633618,,,EXECUTE,published_after_gate_recheck,54.6466032974422,54.65935729444027,0.01275399699807167,4.471874795854092,59.647019021213055,70.39265893399715,54.69126580283046,59.11847809329629,59.13123209029436
211,xair,1,55.0,50.0,after_release,1,0,0,0,1,373,372,after_check,0,0,after_middleware,1.0714703239500523,2.5531682185828686,60.091332998126745,57.53816477954388,59.01986267417669,65.25968387722969,66.36319402605295,,,EXECUTE,published_after_gate_recheck,55.17926113680005,55.18939020112157,0.010129064321517944,4.91193076595664,60.25981903076172,71.34473510086536,55.28282606974244,60.09119190275669,60.10132096707821
212,xair,1,55.0,50.0,after_release,1,0,0,0,1,375,374,after_check,0,0,after_middleware,0.8796993643045425,2.229620236903429,59.52376825734973,57.2941480204463,58.64406889304519,64.51939605176449,65.78720407560468,,,EXECUTE,published_after_gate_recheck,55.03258667886257,55.047374684363604,0.014788005501031876,4.491051193326712,59.772365260869265,71.00774301216006,54.83531719073653,59.52363787218928,59.538425877690315
213,xair,1,55.0,50.0,after_release,1,0,0,0,1,377,376,after_check,0,0,after_middleware,0.9009581990540028,2.1427678875625134,59.72096789628267,57.57820000872016,58.82000969722867,64.74595097824931,66.02736422792077,,,EXECUTE,published_after_gate_recheck,54.79214573279023,54.80391765013337,0.011771917343139648,4.928692243993282,60.12295186519623,71.01550791412592,55.147883016616106,59.720837976783514,59.732609894126654
214,xair,0,,50.0,control,1,0,0,0,0,,378,control,0,0,,0.9848671033978462,2.3593641817569733,59.76782599464059,57.408461812883615,58.78295889124274,,,,,EXECUTE,published_after_gate_recheck,55.0420843064785,55.05495937541127,0.012875068932771683,4.725410602986813,,,54.82703074812889,59.76749490946531,59.780369978398085
215,xair,1,55.0,50.0,after_release,1,0,0,0,1,380,379,after_check,0,0,after_middleware,1.0066376999020576,2.1702200174331665,59.03336871415377,56.8631486967206,58.02673101425171,64.41611191257834,65.62297604978085,,,EXECUTE,published_after_gate_recheck,54.65009016916156,54.66277338564396,0.012683216482400894,4.38314862549305,59.6268717199564,70.5586806870997,54.67790178954601,59.03323879465461,59.04592201113701
216,xair,1,55.0,50.0,after_release,1,0,0,0,1,382,381,after_check,0,0,after_middleware,0.8379514329135418,2.1997452713549137,58.51279338821769,56.313048116862774,57.674841955304146,63.91512416303158,65.09152939543128,,,EXECUTE,published_after_gate_recheck,54.4845387339592,54.49386592954397,0.009327195584774017,4.028084222227335,59.18402224779129,69.54796612262726,54.2023703455925,58.51262295618653,58.52195015177131
217,xair,1,55.0,50.0,after_release,1,0,0,0,1,384,383,after_check,0,0,after_middleware,1.062713097780943,2.2269259206950665,59.85353700816631,57.62661108747125,58.79082391038537,65.21016173064709,66.25963002443314,,,EXECUTE,published_after_gate_recheck,55.353809148073196,55.36499014124274,0.011180993169546127,4.499597940593958,59.97693911194801,73.13759671524167,54.874269757419825,59.853407088667154,59.8645880818367
218,xair,1,55.0,50.0,after_release,1,0,0,0,1,386,385,after_check,0,0,after_middleware,1.0044537484645844,1.9792416132986546,59.21567091718316,57.236429303884506,58.211217168718576,64.38701832666993,65.74193900451064,,,EXECUTE,published_after_gate_recheck,54.829737171530724,54.84003620222211,0.01029903069138527,4.385774023830891,59.59164630621672,70.8470419049263,54.627187084406614,59.215511195361614,59.225810226053
219,xair,1,55.0,50.0,after_release,1,0,0,0,1,388,387,after_check,0,0,after_middleware,0.9696576744318008,2.366236876696348,59.12478966638446,56.75855278968811,58.15513199195266,64.76101884618402,66.23819889500737,,,EXECUTE,published_after_gate_recheck,54.7018856741488,54.71583176404238,0.013946089893579483,4.422774072736502,59.67365996912122,71.18568662554026,54.72793569788337,59.1246597468853,59.13860583677888
220,xair,1,55.0,50.0,after_release,1,0,0,0,1,390,389,after_check,0,0,after_middleware,0.9059188887476921,1.9627311266958714,58.917270973324776,56.954539846628904,58.011352084577084,64.83777286484838,65.95367612317204,,,EXECUTE,published_after_gate_recheck,54.35142992064357,54.36189891770482,0.010468997061252594,4.565711133182049,59.72702894359827,71.60967215895653,54.72335685044527,58.91714105382562,58.92761005088687
221,xair,1,55.0,50.0,concurrent,1,0,0,1,0,392,391,after_check,0,0,after_middleware,1.2122229672968388,2.4270210415124893,60.661321971565485,58.234300930052996,59.449099004268646,66.45610835403204,67.60884029790759,,,EXECUTE,published_after_gate_recheck,55.53791392594576,55.5504378862679,0.012523960322141647,5.122987087816,60.429067350924015,72.68334599211812,55.29635213315487,60.66090101376176,60.6734249740839
222,xair,0,,50.0,control,1,0,0,0,0,,393,control,0,0,,1.1880183592438698,2.3729600943624973,60.023996978998184,57.65103688463569,58.835978619754314,,,,,EXECUTE,published_after_gate_recheck,54.75750099867582,54.76961424574256,0.012113247066736221,5.26636466383934,,,55.36048160865903,60.02386566251516,60.0359789095819
223,xair,1,55.0,50.0,after_release,1,0,0,0,1,395,394,after_check,0,0,after_middleware,0.9921402670443058,2.3614680394530296,59.4059769064188,57.04450886696577,58.413836639374495,64.81571169570088,66.03975687175989,,,EXECUTE,published_after_gate_recheck,54.737322963774204,54.74474700167775,0.007424037903547287,4.668303765356541,59.84631273895502,71.13583292812109,54.88271499052644,59.405626729130745,59.41305076703429
224,xair,0,,50.0,control,1,0,0,0,0,,396,control,0,0,,0.9713410399854183,2.2447388619184494,59.6734993159771,57.42876045405865,58.70215827599168,,,,,EXECUTE,published_after_gate_recheck,54.690906312316656,54.70764730125666,0.016740988940000534,4.982443060725927,,,55.11064315214753,59.67334937304258,59.690090361982584
225,xair,1,55.0,50.0,after_release,1,0,0,0,1,398,397,after_check,0,0,after_middleware,0.7792809046804905,2.0576678216457367,59.05670206993818,56.999034248292446,58.27742116525769,64.72036289051175,65.75680710375309,,,EXECUTE,published_after_gate_recheck,54.44903206080198,54.462095722556114,0.013063661754131317,4.607390146702528,59.75326895713806,70.5310688354075,54.781496059149504,59.05642220750451,59.06948586925864
226,xair,1,55.0,50.0,after_release,1,0,0,0,1,400,399,after_check,0,0,after_middleware,0.9446609765291214,2.1264678798615932,59.197546914219856,57.07107903435826,58.252885937690735,64.2713108099997,65.32483687624335,,,EXECUTE,published_after_gate_recheck,54.66892523691058,54.677390959113836,0.0084657222032547,4.528471734374762,59.669090900570154,71.83165801689029,54.69487374648452,59.19739697128534,59.2058626934886
227,xair,0,,50.0,control,1,0,0,0,0,,401,control,0,0,,0.9588678367435932,2.281447872519493,59.991825837641954,57.71037796512246,59.03295800089836,,,,,EXECUTE,published_after_gate_recheck,54.705483838915825,54.723917972296476,0.018434133380651474,5.285952240228653,,,55.39911426603794,59.99143607914448,60.00987021252513
228,xair,1,55.0,50.0,after_release,1,0,0,0,1,403,402,after_check,0,0,after_middleware,1.0347813367843628,2.1487101912498474,59.89925330504775,57.7505431137979,58.86447196826339,65.11466298252344,66.24816823750734,,,EXECUTE,published_after_gate_recheck,54.84296241775155,54.85940212383866,0.016439706087112427,5.056160967797041,60.31118519604206,70.99248515442014,55.37153221666813,59.89912338554859,59.915563091635704
229,xair,1,55.0,50.0,after_release,1,0,0,0,1,405,404,after_check,0,0,after_middleware,1.1683609336614609,2.4712239392101765,59.42013394087553,56.948910001665354,58.25177300721407,64.77155908942223,65.81510603427887,,,EXECUTE,published_after_gate_recheck,55.07237231358886,55.09496433660388,0.022592023015022278,4.347631707787514,59.57709811627865,71.37839775532484,54.56773471087217,59.42000402137637,59.442596044391394
230,xair,1,55.0,50.0,concurrent,1,0,0,1,0,407,406,after_check,0,0,after_middleware,1.297313254326582,2.5478783063590527,60.33053109422326,57.78265278786421,59.03321783989668,65.4003880918026,66.27705181017518,,,EXECUTE,published_after_gate_recheck,55.7766524143517,55.791269056499004,0.014616642147302628,4.553728736937046,59.738030191510916,71.78717479109764,54.76178880780935,60.33038115128875,60.34499779343605
231,xair,1,55.0,50.0,after_release,1,0,0,0,1,409,408,after_check,0,0,after_middleware,1.0361927561461926,2.317094709724188,59.568312019109726,57.25121730938554,58.53211926296353,64.47088625282049,65.31944731250405,,,EXECUTE,published_after_gate_recheck,55.2532603032887,55.26976101100445,0.01650070771574974,4.31493204087019,59.71089005470276,70.35283511504531,54.61275018751621,59.56819234415889,59.58469305187464
232,xair,0,,50.0,control,1,0,0,0,0,,410,control,0,0,,1.2433216907083988,2.3903828114271164,60.25061197578907,57.860229164361954,59.00729028508067,,,,,EXECUTE,published_after_gate_recheck,55.15488609671593,55.170945823192596,0.01605972647666931,5.095335189253092,,,55.21584115922451,60.25022128596902,60.26628101244569
233,xair,1,55.0,50.0,after_release,1,0,0,0,1,412,411,after_check,0,0,after_middleware,0.9399419650435448,2.02261283993721,58.619231916964054,56.596619077026844,57.67928995192051,64.29053703323007,65.2665770612657,,,EXECUTE,published_after_gate_recheck,54.44486532360315,54.46405103430152,0.019185710698366165,4.174106754362583,59.391920920461416,70.40557404980063,54.419636726379395,58.618972077965736,58.6381577886641
234,xair,0,,50.0,control,1,0,0,0,0,,413,control,0,0,,1.103258691728115,2.3607169277966022,59.71052870154381,57.349811773747206,58.60727000981569,,,,,EXECUTE,published_after_gate_recheck,54.896912071853876,54.91032684221864,0.013414770364761353,4.813506733626127,,,54.90279383957386,59.71041880548,59.723833575844765
235,xair,0,,50.0,control,1,0,0,0,0,,414,control,0,0,,0.7039699703454971,1.820995006710291,58.43435600399971,56.61336099728942,57.73038603365421,,,,,EXECUTE,published_after_gate_recheck,54.0436627343297,54.05806005001068,0.014397315680980682,4.390563350170851,,,54.49373601004481,58.43422608450055,58.44862340018153
236,xair,1,55.0,50.0,concurrent,1,0,0,1,0,416,415,after_check,0,0,after_middleware,1.3816696591675282,2.509554848074913,60.42036879807711,57.91081395000219,59.03869913890958,64.55584382638335,65.86014991626143,,,EXECUTE,published_after_gate_recheck,56.015248876065016,56.03198101744056,0.016732141375541687,4.404980223625898,59.693857096135616,70.86503505706787,54.754293989390135,60.420229099690914,60.436961241066456
237,xair,0,,50.0,control,1,0,0,0,0,,417,control,0,0,,1.0297298431396484,2.135123126208782,59.13451826199889,56.99939513579011,58.10478841885924,,,,,EXECUTE,published_after_gate_recheck,54.58007799461484,54.63177477940917,0.0516967847943306,4.554290324449539,,,54.65784436091781,59.13436831906438,59.18606510385871
238,xair,1,55.0,50.0,after_release,1,0,0,0,1,419,418,after_check,0,0,after_middleware,1.1151209473609924,2.341780811548233,59.72449481487274,57.38271400332451,58.60937386751175,64.57195477560163,65.92296902090311,,,EXECUTE,published_after_gate_recheck,55.26543315500021,55.27936900034547,0.013935845345258713,4.458931740373373,59.859158005565405,74.01673588901758,54.83565805479884,59.72436489537358,59.73830074071884
239,xair,1,55.0,50.0,concurrent,1,0,0,1,0,421,420,after_check,0,0,after_middleware,1.4668302610516548,2.715492155402899,60.39182608947158,57.67633393406868,58.924995828419924,65.94281597062945,67.1431771479547,,,EXECUTE,published_after_gate_recheck,55.54651003330946,55.55789079517126,0.011380761861801147,4.845106042921543,60.082385782152414,72.47729878872633,55.098429787904024,60.391616076231,60.402996838092804
240,xair,0,,50.0,control,1,0,0,0,0,,422,control,0,0,,0.8880859240889549,2.2263252176344395,58.701958041638136,56.475632824003696,57.81387211754918,,,,,EXECUTE,published_after_gate_recheck,54.47890795767307,54.48969779536128,0.010789837688207626,4.222848918288946,,,54.30491175502539,58.70175687596202,58.71254671365023
241,xair,1,60.0,50.0,after_release,1,0,0,0,1,424,423,after_check,0,0,after_middleware,1.1029383167624474,2.158878371119499,59.90590527653694,57.74702690541744,58.802966959774494,69.77945007383823,71.24941609799862,,,EXECUTE,published_after_gate_recheck,55.12904794886708,55.14494702219963,0.01589907333254814,4.7767371870577335,65.09096827358007,75.72594005614519,55.152010172605515,59.905785135924816,59.921684209257364
242,xair,0,,50.0,control,1,0,0,0,0,,425,control,0,0,,1.4166072942316532,2.7043819427490234,61.663060914725065,58.95867897197604,60.24645362049341,,,,,EXECUTE,published_after_gate_recheck,56.446388363838196,56.46465206518769,0.01826370134949684,5.2162716165184975,,,55.33317103981972,61.66265998035669,61.68092368170619
243,xair,1,60.0,50.0,after_release,1,0,0,0,1,427,426,after_check,0,0,after_middleware,1.4300420880317688,2.9641385190188885,61.24440487474203,58.28026635572314,59.81436278671026,70.08369965478778,71.29799667745829,,,EXECUTE,published_after_gate_recheck,56.32932763546705,56.34300364181399,0.013676006346940994,4.914876073598862,65.11031370609999,77.14362908154726,55.14684971421957,61.244203709065914,61.257879715412855
244,xair,0,,50.0,control,1,0,0,0,0,,428,control,0,0,,1.111533958464861,2.367268316447735,60.03352394327521,57.66625562682748,58.92198998481035,,,,,EXECUTE,published_after_gate_recheck,54.96447905898094,54.976170882582664,0.011691823601722717,5.068914964795113,,,55.16174901276827,60.033394023776054,60.04508584737778
245,xair,1,60.0,50.0,after_release,1,0,0,0,1,430,429,after_check,0,0,after_middleware,1.0779006406664848,2.4154186248779297,60.18887460231781,57.77345597743988,59.110973961651325,70.52903482690454,71.5191918425262,,,EXECUTE,published_after_gate_recheck,55.519429966807365,55.53755396977067,0.01812400296330452,4.6693249605596066,64.90179290995002,76.77802303805947,54.94375992566347,60.18875492736697,60.20687893033028
246,xair,0,,50.0,control,1,0,0,0,0,,431,control,0,0,,1.1241980828344822,2.510156948119402,60.329079162329435,57.81892221421003,59.20488107949495,,,,,EXECUTE,published_after_gate_recheck,55.50310900434852,55.51636312156916,0.013254117220640182,4.825800191611052,,,54.943370167165995,60.32890919595957,60.34216331318021
247,xair,1,60.0,50.0,after_release,1,0,0,0,1,433,432,after_check,0,0,after_middleware,0.7980968803167343,1.8730629235506058,58.74605104327202,56.87298811972141,57.947954162955284,70.14473527669907,71.26703020185232,,,EXECUTE,published_after_gate_recheck,54.08341670408845,54.09692181274295,0.013505108654499054,4.662173334509134,64.90253517404199,76.4404609799385,54.939703084528446,58.745590038597584,58.75909514725208
248,xair,1,60.0,50.0,after_release,1,0,0,0,1,435,434,after_check,0,0,after_middleware,0.8148378692567348,1.867801882326603,59.03725605458021,57.16945417225361,58.22241818532348,69.02607716619968,70.22735010832548,,,EXECUTE,published_after_gate_recheck,54.61446288973093,54.63029304519296,0.015830155462026596,4.422653000801802,64.58672229200602,75.37862891331315,54.651161190122366,59.03711589053273,59.05294604599476
249,xair,0,,50.0,control,1,0,0,0,0,,436,control,0,0,,0.9100772440433502,2.5391210801899433,59.695841278880835,57.15672019869089,58.785764034837484,,,,,EXECUTE,published_after_gate_recheck,55.10029383003712,55.118878837674856,0.01858500763773918,4.595136269927025,,,54.70247706398368,59.69543009996414,59.71401510760188
250,xair,1,60.0,50.0,after_release,1,0,0,0,1,438,437,after_check,0,0,after_middleware,1.163773238658905,2.5702202692627907,59.648032300174236,57.077812030911446,58.48425906151533,69.69666527584195,70.70508599281311,,,EXECUTE,published_after_gate_recheck,54.97055081650615,54.98341517522931,0.012864358723163605,4.677351098507643,64.91830525919795,75.6526542827487,54.94909035041928,59.64790191501379,59.660766273736954
251,xair,1,60.0,50.0,after_release,1,0,0,0,1,440,439,after_check,0,0,after_middleware,0.9178109467029572,2.0462367683649063,59.263229835778475,57.21699306741357,58.34541888907552,69.52896993607283,70.76037907972932,,,EXECUTE,published_after_gate_recheck,54.6731729991734,54.68600708991289,0.012834090739488602,4.589926917105913,64.89644292742014,76.03086298331618,54.952556733042,59.263099916279316,59.275934007018805
252,xair,1,60.0,50.0,after_release,1,0,0,0,1,442,441,after_check,0,0,after_middleware,1.101174857467413,2.2727916948497295,59.72707970067859,57.45428800582886,58.625904843211174,69.19418275356293,70.32577507197857,,,EXECUTE,published_after_gate_recheck,54.83152996748686,54.84362319111824,0.012093223631381989,4.8953997902572155,65.05347788333893,75.7572096772492,55.077220778912306,59.726929757744074,59.739022981375456
253,xair,1,60.0,50.0,after_release,1,0,0,0,1,444,443,after_check,0,0,after_middleware,1.2026447802782059,2.4042478762567043,59.79227181524038,57.38802393898368,58.58962703496218,70.0100427493453,71.40435697510839,,,EXECUTE,published_after_gate_recheck,55.08799105882645,55.10516278445721,0.017171725630760193,4.703870974481106,64.90924768149853,76.42112486064434,54.95959986001253,59.79186203330755,59.80903375893831
254,xair,1,60.0,50.0,after_release,1,0,0,0,1,446,445,after_check,0,0,after_middleware,1.1030081659555435,2.360295969992876,60.47120504081249,58.110909070819616,59.36819687485695,69.9055572040379,71.4124022051692,,,EXECUTE,published_after_gate_recheck,55.40077667683363,55.41469296440482,0.013916287571191788,5.070098210126162,65.28267823159695,76.60661218687892,55.32772000879049,60.47087488695979,60.48479117453098
255,xair,0,,50.0,control,1,0,0,0,0,,447,control,0,0,,0.9443000890314579,2.2655180655419827,59.34401089325547,57.07849282771349,58.399710804224014,,,,,EXECUTE,published_after_gate_recheck,54.73713204264641,54.75322203710675,0.016089994460344315,4.606758709996939,,,54.718296974897385,59.34389075264335,59.35998074710369
256,xair,1,60.0,50.0,after_release,1,0,0,0,1,449,448,after_check,0,0,after_middleware,1.1170650832355022,2.3840409703552723,59.64116891846061,57.257127948105335,58.524103835225105,69.3391440436244,70.50837716087699,,,EXECUTE,published_after_gate_recheck,55.130680091679096,55.137572810053825,0.0068927183747291565,4.510357975959778,64.72445093095303,75.62876911833882,54.74965600296855,59.641038067638874,59.6479307860136
257,xair,1,60.0,50.0,after_release,1,0,0,0,1,451,450,after_check,0,0,after_middleware,1.0015778243541718,2.3745419457554817,60.07140502333641,57.69686307758093,59.06982719898224,69.68450220301747,70.95477404072881,,,EXECUTE,published_after_gate_recheck,54.87797688692808,54.893095046281815,0.015118159353733063,5.193118005990982,65.37403911352158,75.48200292512774,55.39427511394024,60.071094892919064,60.0862130522728
258,xair,1,60.0,50.0,after_release,1,0,0,0,1,453,452,after_check,0,0,after_middleware,1.14479660987854,2.3773079738020897,60.94037555158138,58.56306757777929,59.79557894170284,69.946332834661,71.05366000905633,,,EXECUTE,published_after_gate_recheck,55.769218131899834,55.78702222555876,0.017804093658924103,5.17104659229517,65.48365484923124,76.35035179555416,55.55436573922634,60.940264724195,60.95806881785393
259,xair,1,60.0,50.0,after_release,1,0,0,0,1,455,454,after_check,0,0,after_middleware,1.0424451902508736,2.229149919003248,59.84317697584629,57.61402705684304,58.80073178559542,69.39762411639094,70.76617004349828,,,EXECUTE,published_after_gate_recheck,55.119930766522884,55.13208406046033,0.012153293937444687,4.723106045275927,64.95331972837448,75.98783215507865,55.00515503808856,59.84303681179881,59.855190105736256
260,xair,1,60.0,50.0,after_release,1,0,0,0,1,457,456,after_check,0,0,after_middleware,1.0065981186926365,2.164389006793499,59.6609958447516,57.4966068379581,58.65439772605896,69.74029587581754,71.06661284342408,,,EXECUTE,published_after_gate_recheck,54.81821484863758,54.835015907883644,0.016801059246063232,4.842299968004227,65.04321796819568,75.70634363219142,55.08113792166114,59.66051481664181,59.67731587588787
261,xair,1,60.0,50.0,after_release,1,0,0,0,1,459,458,after_check,0,0,after_middleware,1.0622814297676086,2.078999299556017,59.40666003152728,57.327660731971264,58.34437860175967,69.39347693696618,70.64944179728627,,,EXECUTE,published_after_gate_recheck,54.663495160639286,54.677021224051714,0.013526063412427902,4.7430237755179405,65.00234175473452,75.68857073783875,55.053896736353636,59.40651893615723,59.420044999569654
262,xair,1,60.0,50.0,after_release,1,0,0,0,1,461,460,after_check,0,0,after_middleware,1.0709981434047222,2.3000529035925865,59.01733925566077,56.717286352068186,57.94634111225605,69.24249324947596,70.35662233829498,,,EXECUTE,published_after_gate_recheck,54.849573876708746,54.86238794401288,0.012814067304134369,4.167645238339901,64.37329202890396,75.2327460795641,54.405962117016315,59.01721911504865,59.03003318235278
263,xair,1,60.0,50.0,after_release,1,0,0,0,1,463,462,after_check,0,0,after_middleware,0.9146756492555141,2.1358858793973923,59.24539687111974,57.109510991722345,58.33072122186422,70.18511090427637,71.38059195131063,,,EXECUTE,published_after_gate_recheck,54.65824482962489,54.67045772820711,0.012212898582220078,4.587001167237759,64.85263118520379,76.41282910481095,54.89240400493145,59.24524599686265,59.25745889544487
264,xair,0,,50.0,control,1,0,0,0,0,,464,control,0,0,,1.005454920232296,2.2405111230909824,59.281955007463694,57.04144388437271,58.2765000872314,,,,,EXECUTE,published_after_gate_recheck,54.73344586789608,54.74444665014744,0.011000782251358032,4.548368975520134,,,54.64101163670421,59.281814843416214,59.29281562566757
265,xair,1,60.0,50.0,after_release,1,0,0,0,1,466,465,after_check,0,0,after_middleware,0.9128223173320293,2.2817091085016727,60.14101626351476,57.859307155013084,59.22819394618273,69.68422094359994,71.00547896698117,,,EXECUTE,published_after_gate_recheck,55.55484630167484,55.56873232126236,0.013886019587516785,4.586020018905401,64.82077110558748,76.39973424375057,54.86386036500335,60.140866320580244,60.15475234016776
266,xair,1,60.0,50.0,after_release,1,0,0,0,1,468,467,after_check,0,0,after_middleware,1.090414822101593,2.0885057747364044,61.935792211443186,59.84728643670678,60.84537738934159,72.77661142870784,74.05829429626465,,,EXECUTE,published_after_gate_recheck,56.175580248236656,56.193233001977205,0.017652753740549088,5.759330000728369,65.94475032761693,79.14952142164111,55.98469311371446,61.934910248965025,61.952563002705574
267,xair,1,60.0,50.0,after_release,1,0,0,0,1,470,469,after_check,0,0,after_middleware,1.6301865689456463,3.093330655246973,63.07250261306763,59.979171957820654,61.44231604412198,71.76836859434843,72.9312296025455,,,EXECUTE,published_after_gate_recheck,57.15948482975364,57.177538983523846,0.01805415377020836,5.912696942687035,66.18742365390062,78.73802864924073,56.26726197078824,63.07218177244067,63.09023592621088
268,xair,0,,50.0,control,1,0,0,0,0,,471,control,0,0,,1.0253828950226307,2.247994765639305,60.262102633714676,58.01410786807537,59.236719738692045,,,,,EXECUTE,published_after_gate_recheck,54.90121012553573,54.91494620218873,0.013736076653003693,5.36055164411664,,,55.474374908953905,60.26176176965237,60.27549784630537
269,xair,1,60.0,50.0,after_release,1,0,0,0,1,473,472,after_check,0,0,after_middleware,1.1812052689492702,2.3693032562732697,59.33277029544115,56.96346703916788,58.15156502649188,69.06502041965723,70.26004139333963,,,EXECUTE,published_after_gate_recheck,55.09249912574887,55.104431230574846,0.01193210482597351,4.2401510290801525,64.47561411187053,75.79983910545707,54.51802210882306,59.332650154829025,59.344582259655
270,xair,1,60.0,50.0,after_release,1,0,0,0,1,475,474,after_check,0,0,after_middleware,0.8826148696243763,2.0024748519062996,59.58133703097701,57.57886217907071,58.698722161352634,70.02821704372764,71.06306729838252,,,EXECUTE,published_after_gate_recheck,54.832941852509975,54.843601770699024,0.010659918189048767,4.748054314404726,64.924456179142,75.85864001885056,54.94844913482666,59.5809961669147,59.59165608510375
271,xair,1,60.0,50.0,after_release,1,0,0,0,1,477,476,after_check,0,0,after_middleware,0.824436079710722,2.068769186735153,59.590503107756376,57.52173392102122,58.766067028045654,69.66480426490307,70.85396395996213,,,EXECUTE,published_after_gate_recheck,54.90030813962221,54.90838410332799,0.008075963705778122,4.689863882958889,64.85430430620909,75.94589330255985,54.87896827980876,59.5901720225811,59.59824798628688
272,xair,1,60.0,50.0,after_release,1,0,0,0,1,479,478,after_check,0,0,after_middleware,1.2712632305920124,2.654958050698042,60.4872852563858,57.83232720568776,59.21602202579379,69.48816403746605,70.51015039905906,,,EXECUTE,published_after_gate_recheck,55.662408005446196,55.678158067166805,0.015750061720609665,4.82470728456974,64.99072024598718,75.78861806541681,55.02381036058068,60.487115290015936,60.502865351736546
273,xair,1,60.0,50.0,after_release,1,0,0,0,1,481,480,after_check,0,0,after_middleware,0.9174700826406479,2.193382941186428,59.093321207910776,56.89993826672435,58.17585112527013,68.91601020470262,70.09493140503764,,,EXECUTE,published_after_gate_recheck,54.632867220789194,54.641983937472105,0.00911671668291092,4.460324067622423,64.64372901245952,74.88493295386434,54.65938709676266,59.09319128841162,59.10230800509453
274,xair,0,,50.0,control,1,0,0,0,0,,482,control,0,0,,1.091466285288334,2.3153210058808327,60.00590231269598,57.69058130681515,58.914436027407646,,,,,EXECUTE,published_after_gate_recheck,55.349941831082106,55.36390794441104,0.013966113328933716,4.655610304325819,,,54.76129800081253,60.005552135407925,60.01951824873686
275,xair,1,60.0,50.0,after_release,1,0,0,0,1,484,483,after_check,0,0,after_middleware,0.9556016884744167,2.0698606967926025,59.14053972810507,57.070679031312466,58.18493803963065,69.31896694004536,70.50872780382633,,,EXECUTE,published_after_gate_recheck,54.7063248232007,54.71740569919348,0.011080875992774963,4.433833993971348,64.68170089647174,75.3472507931292,54.723857901990414,59.14015881717205,59.151239693164825
276,xair,1,60.0,50.0,after_release,1,0,0,0,1,486,485,after_check,0,0,after_middleware,1.02566322311759,2.299492247402668,59.38987713307142,57.090384885668755,58.36421390995383,69.82876174151897,71.17291307076812,,,EXECUTE,published_after_gate_recheck,54.94174687191844,54.95472112670541,0.012974254786968231,4.447979852557182,64.72388887777925,75.94953989610076,54.74421614781022,59.38972672447562,59.40270097926259
277,xair,1,60.0,50.0,after_release,1,0,0,0,1,488,487,after_check,0,0,after_middleware,1.0447101667523384,2.3847022093832493,59.11547318100929,56.73077097162604,58.070763014256954,68.75566020607948,69.76031418889761,,,EXECUTE,published_after_gate_recheck,54.91051822900772,54.91694016382098,0.006421934813261032,4.204793833196163,64.39478183165193,74.36054013669491,54.42160088568926,59.115312062203884,59.121733997017145
278,xair,1,60.0,50.0,after_release,1,0,0,0,1,490,489,after_check,0,0,after_middleware,0.9562429040670395,2.0106397569179535,58.874289970844984,56.86365021392703,57.918047066777945,69.2171948030591,70.40290907025337,,,EXECUTE,published_after_gate_recheck,54.384410846978426,54.39111404120922,0.006703194230794907,4.489669110625982,64.65505994856358,74.72105603665113,54.68077678233385,58.87407995760441,58.8807831518352
279,xair,0,,50.0,control,1,0,0,0,0,,491,control,0,0,,0.8291439153254032,2.089838031679392,58.8220520876348,56.73221405595541,57.9929081723094,,,,,EXECUTE,published_after_gate_recheck,54.18976582586765,54.19620778411627,0.006441958248615265,4.63215634226799,,,54.71327807754278,58.82192216813564,58.82836412638426
280,xair,0,,50.0,control,1,0,0,0,0,,492,control,0,0,,1.100223045796156,2.6365439407527447,60.30271900817752,57.666175067424774,59.20249596238136,,,,,EXECUTE,published_after_gate_recheck,56.085831951349974,56.09942693263292,0.013594981282949448,4.216717090457678,,,54.31461986154318,60.30254904180765,60.3161440230906
281,xair,1,100.0,50.0,after_release,1,0,0,0,1,494,493,after_check,0,0,after_middleware,1.1092801578342915,2.4342238903045654,59.53067122027278,57.096447329968214,58.42139106243849,109.49387215077877,110.6635550968349,,,EXECUTE,published_after_gate_recheck,54.69276988878846,54.702918976545334,0.010149087756872177,4.837571177631617,105.0386680290103,115.53544132038951,55.07442494854331,59.53034106642008,59.54049015417695
282,xair,1,100.0,50.0,after_release,1,0,0,0,1,496,495,after_check,0,0,after_middleware,1.00269028916955,2.2470541298389435,59.493853244930506,57.24679911509156,58.491162955760956,109.78517914190888,111.0557010397315,,,EXECUTE,published_after_gate_recheck,54.66561811044812,54.678142070770264,0.012523960322141647,4.828074015676975,105.02835921943188,116.048704367131,55.07314298301935,59.4936921261251,59.50621608644724
283,xair,1,100.0,50.0,after_release,1,0,0,0,1,498,497,after_check,0,0,after_middleware,1.1677802540361881,2.4211201816797256,59.758157934993505,57.33703775331378,58.59037768095732,109.83906872570515,110.88550183922052,,,EXECUTE,published_after_gate_recheck,55.033018346875906,55.04277627915144,0.009757932275533676,4.724989645183086,104.91392388939857,115.44800689443946,54.95662381872535,59.75800799205899,59.767765924334526
284,xair,1,100.0,50.0,after_release,1,0,0,0,1,500,499,after_check,0,0,after_middleware,0.8556339889764786,1.800656784325838,59.140670113265514,57.340013328939676,58.285036124289036,110.0687300786376,111.07269302010536,,,EXECUTE,published_after_gate_recheck,54.45285001769662,54.4648221693933,0.011972151696681976,4.687670152634382,104.90977624431252,116.14312091842294,54.948518984019756,59.140520170331,59.15249232202768
285,xair,0,,50.0,control,1,0,0,0,0,,501,control,0,0,,0.899176113307476,2.2021401673555374,59.02139702811837,56.819256860762835,58.122220914810896,,,,,EXECUTE,published_after_gate_recheck,54.52036578208208,54.52952394261956,0.009158160537481308,4.50089992955327,,,54.58995699882507,59.02126571163535,59.03042387217283
286,xair,1,100.0,50.0,after_release,1,0,0,0,1,503,502,after_check,0,0,after_middleware,1.009602565318346,2.3808148689568043,59.70501899719238,57.32420412823558,58.69541643187404,109.69151323661208,110.82412721589208,,,EXECUTE,published_after_gate_recheck,55.1572609692812,55.16553716734052,0.00827619805932045,4.54733707010746,104.7771479934454,116.00260809063911,54.78394124656916,59.70459803938866,59.71287423744798
287,xair,1,100.0,50.0,after_release,1,0,0,0,1,505,504,after_check,0,0,after_middleware,1.0283077135682106,2.296796999871731,61.368186958134174,59.07138995826244,60.339879244565964,111.59164598211646,112.68120910972357,,,EXECUTE,published_after_gate_recheck,55.485977325588465,55.50375999882817,0.017782673239707947,5.882069934159517,106.13498324528337,118.1115722283721,56.19847308844328,61.36804725974798,61.38582993298769
288,xair,0,,50.0,control,1,0,0,0,0,,506,control,0,0,,1.3775830157101154,2.447649836540222,60.9207977540791,58.47314791753888,59.54321473836899,,,,,EXECUTE,published_after_gate_recheck,55.976316798478365,55.99569296464324,0.01937616616487503,4.944371059536934,,,55.05989817902446,60.9206878580153,60.940064024180174
289,xair,1,100.0,50.0,after_release,1,0,0,0,1,508,507,after_check,0,0,after_middleware,1.0246606543660164,2.2587147541344166,60.13925280421972,57.880538050085306,59.114592149853706,109.87518820911646,110.83712102845311,,,EXECUTE,published_after_gate_recheck,55.11590326204896,55.12978928163648,0.013886019587516785,5.023229867219925,105.24781001731753,116.00248795002699,55.28395902365446,60.139133129268885,60.1530191488564
290,xair,1,100.0,50.0,after_release,1,0,0,0,1,510,509,after_check,0,0,after_middleware,0.7004439830780029,1.8302416428923607,58.96682385355234,57.13658221065998,58.26637987047434,110.3510488756001,111.71801295131445,,,EXECUTE,published_after_gate_recheck,54.20638667419553,54.21476298943162,0.008376315236091614,4.760146141052246,104.95771607384086,116.13948410376906,54.975159000605345,58.966532815247774,58.974909130483866
291,xair,1,100.0,50.0,after_release,1,0,0,0,1,512,511,after_check,0,0,after_middleware,1.0301009751856327,2.2879596799612045,59.39361359924078,57.105653919279575,58.36351262405515,110.45237863436341,111.6200890392065,,,EXECUTE,published_after_gate_recheck,54.90603856742382,54.91661885753274,0.010580290108919144,4.487385042011738,104.65914569795132,116.81101284921169,54.66796271502972,59.39342360943556,59.40400389954448
292,xair,1,100.0,50.0,after_release,1,0,0,0,1,514,513,after_check,0,0,after_middleware,0.7766359485685825,1.9145999103784561,58.48039174452424,56.565791834145784,57.70375579595566,109.01607573032379,110.27875356376171,,,EXECUTE,published_after_gate_recheck,54.083668161183596,54.091282188892365,0.007614027708768845,4.396593663841486,104.56579085439444,115.07203197106719,54.5875015668571,58.48026182502508,58.48787585273385
293,xair,0,,50.0,control,1,0,0,0,0,,515,control,0,0,,1.121853943914175,2.378811128437519,60.20120903849602,57.8223979100585,59.07935509458184,,,,,EXECUTE,published_after_gate_recheck,55.13159325346351,55.14457728713751,0.012984033674001694,5.069465842097998,,,55.176427122205496,60.201059095561504,60.214043129235506
294,xair,1,100.0,50.0,after_release,1,0,0,0,1,517,516,after_check,0,0,after_middleware,0.8288039825856686,2.21043499186635,59.611032251268625,57.400597259402275,58.78222826868296,109.80746010318398,110.93058623373508,,,EXECUTE,published_after_gate_recheck,54.64800586923957,54.65544015169144,0.007434282451868057,4.962866194546223,105.17785931006074,115.81976432353258,55.21208327263594,59.61087206378579,59.61830634623766
295,xair,0,,50.0,control,1,0,0,0,0,,518,control,0,0,,0.9336411021649837,2.136356197297573,58.99921525269747,56.862859055399895,58.065574150532484,,,,,EXECUTE,published_after_gate_recheck,54.49441820383072,54.50644018128514,0.012021977454423904,4.504647105932236,,,54.60104811936617,58.999065309762955,59.01108728721738
296,xair,1,100.0,50.0,after_release,1,0,0,0,1,520,519,after_check,0,0,after_middleware,0.9650900028645992,2.134983893483877,58.99357469752431,56.85859080404043,58.02848469465971,109.38050970435143,110.64597265794873,,,EXECUTE,published_after_gate_recheck,54.51175011694431,54.521458223462105,0.009708106517791748,4.481694661080837,104.67270202934742,115.00963568687439,54.69231866300106,58.99344477802515,59.00315288454294
297,xair,0,,50.0,control,1,0,0,0,0,,521,control,0,0,,0.8986452594399452,1.9455282017588615,58.57515009120107,56.629621889442205,57.67650483176112,,,,,EXECUTE,published_after_gate_recheck,54.31702500209212,54.32529095560312,0.00826595351099968,4.2576841078698635,,,54.341891780495644,58.57470910996199,58.582975063472986
298,xair,1,100.0,50.0,after_release,1,0,0,0,1,523,522,after_check,0,0,after_middleware,0.9695477783679962,2.112411893904209,58.638698887079954,56.526286993175745,57.66915110871196,109.8268460482359,110.95877876505256,,,EXECUTE,published_after_gate_recheck,54.046668112277985,54.052289109677076,0.005620997399091721,4.591889679431915,104.76757865399122,115.8657600171864,54.78286789730191,58.6385577917099,58.64417878910899
299,xair,1,100.0,50.0,after_release,1,0,0,0,1,525,524,after_check,0,0,after_middleware,0.8271113038063049,1.7569451592862606,58.880793396383524,57.12384823709726,58.05368209257722,109.3663633801043,110.57363729923964,,,EXECUTE,published_after_gate_recheck,54.22744667157531,54.23228582367301,0.004839152097702026,4.653215408325195,104.84827030450106,115.22039026021957,54.85660629346967,58.8806620799005,58.885501231998205
300,xair,1,100.0,50.0,after_release,1,0,0,0,1,527,526,after_check,0,0,after_middleware,0.9426577016711235,2.0434316247701645,59.15758199989796,57.11415037512779,58.21492429822683,110.03980599343777,111.4599690772593,,,EXECUTE,published_after_gate_recheck,54.37955213710666,54.38512237742543,0.005570240318775177,4.777919966727495,104.94782729074359,116.1543820053339,54.967014119029045,59.15747210383415,59.16304234415293
301,xair,1,100.0,50.0,after_release,1,0,0,0,1,529,528,after_check,0,0,after_middleware,1.0563000105321407,2.119063399732113,58.570411056280136,56.45134765654802,57.514111045747995,109.23172067850828,110.34953687340021,,,EXECUTE,published_after_gate_recheck,54.113192949444056,54.11919392645359,0.006000977009534836,4.45706769824028,104.63059274479747,115.40998565033078,54.64312667027116,58.570260647684336,58.57626162469387
302,xair,1,100.0,50.0,after_release,1,0,0,0,1,531,530,after_check,0,0,after_middleware,1.049678772687912,2.3762956261634827,59.73422387614846,57.35792824998498,58.68454510346055,110.9199970960617,112.24851803854108,,,EXECUTE,published_after_gate_recheck,55.13656185939908,55.14362594112754,0.0070640817284584045,4.597421269863844,104.88972906023264,117.30980919674039,54.89211389794946,59.733983129262924,59.74104721099138
303,xair,1,100.0,50.0,after_release,1,0,0,0,1,533,532,after_check,0,0,after_middleware,0.9098262526094913,2.021010499447584,59.07776206731796,57.05675156787038,58.16793581470847,110.31232681125402,111.50005366653204,,,EXECUTE,published_after_gate_recheck,54.47905929759145,54.48651313781738,0.007453840225934982,4.598582629114389,104.86303782090545,116.72683479264379,54.8916719853878,59.07764192670584,59.08509576693177
304,xair,1,100.0,50.0,after_release,1,0,0,0,1,535,534,after_check,0,0,after_middleware,4.407565109431744,5.724434275180101,63.827569130808115,58.103134855628014,59.42000402137637,110.11562822386622,111.40673886984587,,,EXECUTE,published_after_gate_recheck,58.72520199045539,58.74058976769447,0.015387777239084244,5.101987160742283,105.27267726138234,116.78436305373907,55.31188100576401,63.82718915119767,63.842576928436756
305,xair,1,100.0,50.0,after_release,1,0,0,0,1,537,536,after_check,0,0,after_middleware,0.9694681502878666,2.25165206938982,59.56333177164197,57.31167970225215,58.5938636213541,110.19442463293672,111.32008582353592,,,EXECUTE,published_after_gate_recheck,54.552445653826,54.563106037676334,0.010660383850336075,5.010765977203846,105.16304103657603,116.39900971204042,55.19889760762453,59.563211631029844,59.57387201488018
306,xair,1,100.0,50.0,after_release,1,0,0,0,1,539,538,after_check,0,0,after_middleware,0.9592892602086067,2.3756353184580803,59.82463341206312,57.44899809360504,58.865344151854515,109.92427030578256,111.21097207069397,,,EXECUTE,published_after_gate_recheck,55.01320119947195,55.02276914194226,0.009567942470312119,4.811272025108337,104.96251517906785,116.04147125035524,54.98581938445568,59.82447322458029,59.8340411670506
307,xair,1,100.0,50.0,after_release,1,0,0,0,1,541,540,after_check,0,0,after_middleware,1.0176380164921284,2.2855764254927635,59.43176615983248,57.146189734339714,58.41412814334035,109.75135490298271,110.88040191680193,,,EXECUTE,published_after_gate_recheck,54.82746195048094,54.837401024997234,0.009939074516296387,4.6041738241910934,104.86883018165827,116.04056879878044,54.8937669955194,59.43163577467203,59.44157484918833
308,xair,1,100.0,50.0,after_release,1,0,0,0,1,543,542,after_check,0,0,after_middleware,1.1282460764050484,2.373951952904463,59.65441418811679,57.280462235212326,58.52616811171174,110.48593325540423,111.83729721233249,,,EXECUTE,published_after_gate_recheck,54.918413050472736,54.9355149269104,0.017101876437664032,4.735560156404972,105.04383826628327,117.35050519928336,55.089042987674475,59.65397320687771,59.67107508331537
309,xair,1,100.0,50.0,after_release,1,0,0,0,1,545,544,after_check,0,0,after_middleware,1.0133907198905945,2.4024946615099907,60.12226082384586,57.71976616233587,59.10887010395527,110.7684220187366,111.98281915858388,,,EXECUTE,published_after_gate_recheck,55.127964820712805,55.14121986925602,0.013255048543214798,4.994165152311325,105.19644292071462,117.15607019141316,55.25182792916894,60.12212997302413,60.135385021567345
310,xair,0,,50.0,control,1,0,0,0,0,,546,control,0,0,,1.0095029138028622,1.9455179572105408,59.59555273875594,57.6500347815454,58.58604982495308,,,,,EXECUTE,published_after_gate_recheck,54.42372476682067,54.43302169442177,0.009296927601099014,5.171698052436113,,,55.25989271700382,59.59542281925678,59.60471974685788
311,xair,1,100.0,50.0,after_release,1,0,0,0,1,548,547,after_check,0,0,after_middleware,0.8708927780389786,1.8146717920899391,58.876534923911095,57.061863131821156,58.005642145872116,109.068444930017,110.52092909812927,,,EXECUTE,published_after_gate_recheck,54.497423116117716,54.50587905943394,0.008455943316221237,4.3789418414235115,104.544831905514,115.3873442672193,54.5691279694438,58.87636495754123,58.88482090085745
312,xair,1,100.0,50.0,after_release,1,0,0,0,1,550,549,after_check,0,0,after_middleware,0.961011741310358,2.0843390375375748,58.99513699114323,56.91079795360565,58.03412524983287,108.67688013240695,109.80123793706298,,,EXECUTE,published_after_gate_recheck,54.75392425432801,54.76152803748846,0.007603783160448074,4.24111308529973,104.4194963760674,115.06083095446229,54.42268308252096,58.99503733962774,59.00264112278819
313,xair,1,100.0,50.0,after_release,1,0,0,0,1,552,551,after_check,0,0,after_middleware,0.9451019577682018,2.179355826228857,59.21537987887859,57.036024052649736,58.27027792111039,109.21802511438727,110.39091367274523,,,EXECUTE,published_after_gate_recheck,54.66031888499856,54.667162243276834,0.006843358278274536,4.554920829832554,104.73529901355505,115.61894789338112,54.7353089787066,59.215239714831114,59.22208307310939
314,xair,1,100.0,50.0,after_release,1,0,0,0,1,554,553,after_check,0,0,after_middleware,0.8768737316131592,2.002955414354801,59.612033888697624,57.60907847434282,58.735160157084465,110.44163908809423,111.4243920892477,,,EXECUTE,published_after_gate_recheck,55.15239108353853,55.1596749573946,0.0072838738560676575,4.459523130208254,104.72624190151691,116.81155394762754,54.73715299740434,59.611914213746786,59.619198087602854
315,xair,0,,50.0,control,1,0,0,0,0,,555,control,0,0,,0.9981724433600903,2.4256492033600807,60.417515225708485,57.991866022348404,59.419342782348394,,,,,EXECUTE,published_after_gate_recheck,55.15869287773967,55.16743985936046,0.008746981620788574,5.258630961179733,,,55.30429584905505,60.4173238389194,60.42607082054019
316,xair,0,,50.0,control,1,0,0,0,0,,556,control,0,0,,1.0220669209957123,2.240982837975025,59.061070904135704,56.82008806616068,58.03900398313999,,,,,EXECUTE,published_after_gate_recheck,54.77622617036104,54.78506302461028,0.008836854249238968,4.284684080630541,,,54.369593039155006,59.06091025099158,59.06974710524082
317,xair,1,100.0,50.0,after_release,1,0,0,0,1,558,557,after_check,0,0,after_middleware,0.933782197535038,2.061035018414259,58.82241390645504,56.76137888804078,57.88863170892,109.65663800016046,110.74832500889897,,,EXECUTE,published_after_gate_recheck,54.64972881600261,54.65741362422705,0.007684808224439621,4.172564018517733,104.43750070407987,115.38988770917058,54.45932177826762,58.82229283452034,58.82997764274478
318,xair,1,100.0,50.0,after_release,1,0,0,0,1,560,559,after_check,0,0,after_middleware,1.0666297748684883,2.1672039292752743,60.102093033492565,57.93488910421729,59.03546325862408,109.89697789773345,111.19577288627625,,,EXECUTE,published_after_gate_recheck,55.15932524576783,55.17567601054907,0.01635076478123665,4.942297004163265,105.09990202262998,115.92004215344787,55.14374515041709,60.1016222499311,60.117973014712334
319,xair,0,,50.0,control,1,0,0,0,0,,561,control,0,0,,0.9038448333740234,1.9191592000424862,58.78646578639746,56.86730658635497,57.882620953023434,,,,,EXECUTE,published_after_gate_recheck,54.02734223753214,54.03713043779135,0.00978820025920868,4.758973605930805,,,54.85472269356251,58.786315843462944,58.79610404372215
