mode,actuator,inject,event,aba_gap_ms,mirrored,start_version,witness_version,version_at_effect,history_violation,inject_offset_ms,run,gateway_released,reason,cell_result,executed,state_at_effect,stale_effect,refused_by_controller,e2e_latency_ms,pause_after_submit_ms
xair,plc_conditional,1,pause,,1,0,,,0,2,0,0,read_set_version_changed_at_gate,,0,,0,0,22.170091047883034,2.361101098358631
xair,plc_predicate,1,pause,,1,2,2,3,0,14,1,1,published_after_gate_recheck,refused:predicate_false:3,0,,0,1,359.42593589425087,14.23873333260417
xair,plc_predicate,1,pause,,1,4,4,5,0,14,2,1,published_after_gate_recheck,refused:predicate_false:5,0,,0,1,25.47427685931325,14.242249075323343
xair,plc_plain,1,pause,,1,6,6,7,0,10,3,1,published_after_gate_recheck,executed:PAUSED:7,1,PAUSED,1,0,27.40580029785633,10.293070692569017
xair_atomic,plc_predicate,0,,,1,8,8,8,0,,4,1,authorization_committed,executed:RUN:8,1,RUN,0,0,27.330487966537476,
xair_atomic,plc_predicate,1,pause,,1,8,8,8,0,30,5,1,authorization_committed,executed:RUN:8,1,RUN,0,0,21.924479864537716,30.245009809732437
xair,plc_predicate,1,pause,,1,10,,,0,0,6,0,read_set_version_changed_at_gate,,0,,0,0,16.6085297241807,0.3555486910045147
xair_atomic,plc_predicate,1,pause,,1,12,,,0,0,7,0,precondition_failed: line.state == 'RUN',,0,,0,0,13.854629825800657,0.2887132577598095
xair,plc_conditional,1,pause,,1,14,,,0,0,8,0,read_set_version_changed_at_gate,,0,,0,0,17.397624906152487,0.26017893105745316
xair_atomic,plc_plain,1,pause,,1,16,16,17,0,10,9,1,authorization_committed,executed:PAUSED:17,1,PAUSED,1,0,23.650205228477716,10.23656502366066
xair,plc_plain,1,pause,,1,18,18,18,0,16,10,1,published_after_gate_recheck,executed:RUN:18,1,RUN,0,0,21.345360670238733,16.25132793560624
xair_atomic,plc_predicate,1,pause,,1,20,20,21,0,4,11,1,authorization_committed,refused:predicate_false:21,0,,0,1,19.03818128630519,4.218624904751778
xair,plc_plain,1,pause,,1,22,22,23,0,12,12,1,published_after_gate_recheck,executed:PAUSED:23,1,PAUSED,1,0,21.16269711405039,12.175371870398521
xair_atomic,plc_conditional,1,pause,,1,24,24,25,0,6,13,1,authorization_committed,refused:version_changed:25,0,,0,1,20.289224106818438,6.231010425835848
xair,plc_plain,1,pause,,1,26,,,0,0,14,0,read_set_version_changed_at_gate,,0,,0,0,17.052566166967154,0.27150101959705353
xair,plc_conditional,1,pause,,1,28,28,29,0,14,15,1,published_after_gate_recheck,refused:version_changed:29,0,,0,1,21.67188422754407,14.259942807257175
xair,plc_plain,1,pause,,1,30,30,30,0,16,16,1,published_after_gate_recheck,executed:RUN:30,1,RUN,0,0,23.64878309890628,16.241149976849556
xair,plc_predicate,1,pause,,1,32,32,33,0,10,17,1,published_after_gate_recheck,refused:predicate_false:33,0,,0,1,21.022863686084747,10.317917913198471
xair_atomic,plc_plain,1,pause,,1,34,34,35,0,4,18,1,authorization_committed,executed:PAUSED:35,1,PAUSED,1,0,19.67491814866662,4.242429975420237
xair,plc_predicate,1,pause,,1,36,,,0,0,19,0,read_set_version_changed_at_gate,,0,,0,0,17.768963240087032,0.34677283838391304
xair_atomic,plc_conditional,1,pause,,1,38,38,39,0,6,20,1,authorization_committed,refused:version_changed:39,0,,0,1,18.102731090039015,6.269012112170458
xair,plc_predicate,1,pause,,1,40,,,0,2,21,0,read_set_version_changed_at_gate,,0,,0,0,18.43963423743844,2.1967929787933826
xair,plc_conditional,1,pause,,1,42,42,43,0,12,22,1,published_after_gate_recheck,refused:version_changed:43,0,,0,1,20.234801806509495,12.184168212115765
xair_atomic,plc_conditional,1,pause,,1,44,44,45,0,4,23,1,authorization_committed,refused:version_changed:45,0,,0,1,21.623212844133377,4.166346974670887
xair_atomic,plc_plain,1,pause,,1,46,46,46,0,16,24,1,authorization_committed,executed:RUN:46,1,RUN,0,0,16.728004906326532,16.206614207476377
xair,plc_conditional,1,pause,,1,48,48,49,0,14,25,1,published_after_gate_recheck,refused:version_changed:49,0,,0,1,21.643792279064655,14.354350045323372
xair_atomic,plc_conditional,1,pause,,1,50,50,51,0,10,26,1,authorization_committed,refused:version_changed:51,0,,0,1,20.878472365438938,10.233387816697359
xair,plc_conditional,1,pause,,1,52,52,53,0,4,27,1,published_after_gate_recheck,refused:version_changed:53,0,,0,1,21.890916861593723,4.213706124573946
xair,plc_conditional,1,pause,,1,54,54,55,0,6,28,1,published_after_gate_recheck,refused:version_changed:55,0,,0,1,27.146932668983936,6.282177288085222
xair,plc_conditional,1,pause,,1,56,56,57,0,6,29,1,published_after_gate_recheck,refused:version_changed:57,0,,0,1,28.100787196308374,6.243052892386913
xair,plc_predicate,1,pause,,1,58,58,58,0,30,30,1,published_after_gate_recheck,executed:RUN:58,1,RUN,0,0,27.73862611502409,30.283862724900246
xair_atomic,plc_predicate,1,pause,,1,60,60,61,0,12,31,1,authorization_committed,refused:predicate_false:61,0,,0,1,21.434557624161243,12.243509292602539
xair,plc_conditional,1,pause,,1,62,62,62,0,30,32,1,published_after_gate_recheck,executed:RUN:62,1,RUN,0,0,25.07532713934779,30.274565797299147
xair,plc_conditional,1,pause,,1,64,,,0,2,33,0,read_set_version_changed_at_gate,,0,,0,0,20.68447694182396,2.6356270536780357
xair,plc_predicate,1,pause,,1,66,66,66,0,30,34,1,published_after_gate_recheck,executed:RUN:66,1,RUN,0,0,23.81931385025382,30.23745585232973
xair,plc_plain,0,,,1,68,68,68,0,,35,1,published_after_gate_recheck,executed:RUN:68,1,RUN,0,0,28.872007969766855,
xair,plc_predicate,1,pause,,1,68,68,69,0,8,36,1,published_after_gate_recheck,refused:predicate_false:69,0,,0,1,19.877078011631966,8.21654498577118
xair,plc_plain,1,pause,,1,70,70,70,0,14,37,1,published_after_gate_recheck,executed:RUN:70,1,RUN,0,0,17.035482916980982,14.184301253408194
xair,plc_predicate,1,pause,,1,72,72,73,0,12,38,1,published_after_gate_recheck,refused:predicate_false:73,0,,0,1,20.76645102351904,12.216920033097267
xair_atomic,plc_predicate,1,pause,,1,74,74,74,0,20,39,1,authorization_committed,executed:RUN:74,1,RUN,0,0,19.1814498975873,20.188304129987955
xair,plc_conditional,1,pause,,1,76,76,76,0,30,40,1,published_after_gate_recheck,executed:RUN:76,1,RUN,0,0,20.227557979524136,30.324530322104692
xair,plc_predicate,1,pause,,1,78,,,0,0,41,0,read_set_version_changed_at_gate,,0,,0,0,17.548308242112398,0.2950248308479786
xair_atomic,plc_plain,1,pause,,1,80,,,0,4,42,0,read_set_version_changed_at_commit,,0,,0,0,17.568505834788084,4.255915991961956
xair,plc_predicate,1,pause,,1,82,82,83,0,14,43,1,published_after_gate_recheck,refused:predicate_false:83,0,,0,1,27.774774003773928,14.210078865289688
xair,plc_predicate,1,pause,,1,84,84,85,0,20,44,1,published_after_gate_recheck,refused:predicate_false:85,0,,0,1,28.24866631999612,20.25233395397663
xair,plc_plain,1,pause,,1,86,86,87,0,10,45,1,published_after_gate_recheck,executed:PAUSED:87,1,PAUSED,1,0,22.87975698709488,10.19041845574975
xair_atomic,plc_plain,1,pause,,1,88,88,88,0,30,46,1,authorization_committed,executed:RUN:88,1,RUN,0,0,25.254612788558006,30.168105848133564
xair,plc_predicate,1,pause,,1,90,90,91,0,12,47,1,published_after_gate_recheck,refused:predicate_false:91,0,,0,1,25.793376844376326,12.221707962453365
xair_atomic,plc_plain,1,pause,,1,92,,,0,2,48,0,read_set_version_changed_at_commit,,0,,0,0,15.808384865522385,2.1855710074305534
xair_atomic,plc_conditional,1,pause,,1,94,94,94,0,30,49,1,authorization_committed,executed:RUN:94,1,RUN,0,0,16.98851492255926,30.178274028003216
xair,plc_predicate,1,pause,,1,96,96,97,0,6,50,1,published_after_gate_recheck,refused:predicate_false:97,0,,0,1,26.786183938384056,6.180045194923878
xair_atomic,plc_predicate,1,pause,,1,98,98,99,0,8,51,1,authorization_committed,refused:predicate_false:99,0,,0,1,24.532806128263474,8.183122146874666
xair,plc_conditional,1,pause,,1,100,100,101,0,14,52,1,published_after_gate_recheck,refused:version_changed:101,0,,0,1,26.74684999510646,14.181435108184814
xair_atomic,plc_predicate,1,pause,,1,102,102,103,0,4,53,1,authorization_committed,refused:predicate_false:103,0,,0,1,25.27095517143607,4.29170299321413
xair_atomic,plc_conditional,1,pause,,1,104,104,104,0,20,54,1,authorization_committed,executed:RUN:104,1,RUN,0,0,17.933963797986507,20.235924050211906
xair_atomic,plc_predicate,1,pause,,1,106,,,0,2,55,0,read_set_version_changed_at_commit,,0,,0,0,14.971862081438303,2.1866527386009693
xair_atomic,plc_predicate,1,pause,,1,108,108,108,0,16,56,1,authorization_committed,executed:RUN:108,1,RUN,0,0,18.230861984193325,16.256769187748432
xair,plc_plain,1,pause,,1,110,110,110,0,16,57,1,published_after_gate_recheck,executed:RUN:110,1,RUN,0,0,21.736124996095896,16.18703780695796
xair,plc_plain,1,pause,,1,112,112,113,0,6,58,1,published_after_gate_recheck,executed:PAUSED:113,1,PAUSED,1,0,21.708583924919367,6.238423753529787
xair_atomic,plc_plain,1,pause,,1,114,,,0,0,59,0,read_set_version_changed_at_commit,,0,,0,0,13.850884046405554,0.23389002308249474
xair,plc_predicate,0,,,1,116,116,116,0,,60,1,published_after_gate_recheck,executed:RUN:116,1,RUN,0,0,23.78475945442915,
xair,plc_plain,1,pause,,1,116,116,117,0,4,61,1,published_after_gate_recheck,executed:PAUSED:117,1,PAUSED,1,0,22.30292186141014,4.190661944448948
xair_atomic,plc_conditional,1,pause,,1,118,118,119,0,8,62,1,authorization_committed,refused:version_changed:119,0,,0,1,24.061409756541252,8.18493589758873
xair_atomic,plc_conditional,1,pause,,1,120,120,120,0,20,63,1,authorization_committed,executed:RUN:120,1,RUN,0,0,17.892796080559492,20.30582493171096
xair,plc_conditional,0,,,1,122,122,122,0,,64,1,published_after_gate_recheck,executed:RUN:122,1,RUN,0,0,27.88170473650098,
xair_atomic,plc_conditional,1,pause,,1,122,122,123,0,12,65,1,authorization_committed,refused:version_changed:123,0,,0,1,19.074739422649145,12.248429004102945
xair_atomic,plc_conditional,1,pause,,1,124,,,0,2,66,0,read_set_version_changed_at_commit,,0,,0,0,15.172990970313549,2.2364757023751736
xair,plc_plain,1,pause,,1,126,126,127,0,8,67,1,published_after_gate_recheck,executed:PAUSED:127,1,PAUSED,1,0,23.066948633641005,8.214300964027643
xair,plc_predicate,1,pause,,1,128,128,128,0,30,68,1,published_after_gate_recheck,executed:RUN:128,1,RUN,0,0,18.347831908613443,30.225633643567562
xair_atomic,plc_predicate,1,pause,,1,130,130,131,0,14,69,1,authorization_committed,refused:predicate_false:131,0,,0,1,22.807640954852104,14.225256629288197
xair_atomic,plc_conditional,1,pause,,1,132,132,132,0,30,70,1,authorization_committed,executed:RUN:132,1,RUN,0,0,22.480355110019445,30.200997833162546
xair_atomic,plc_conditional,1,pause,,1,134,134,135,0,12,71,1,authorization_committed,refused:version_changed:135,0,,0,1,18.23416817933321,12.187354732304811
xair_atomic,plc_plain,1,pause,,1,136,136,137,0,6,72,1,authorization_committed,executed:PAUSED:137,1,PAUSED,1,0,22.029567044228315,6.281065288931131
xair,plc_predicate,1,pause,,1,138,138,139,0,6,73,1,published_after_gate_recheck,refused:predicate_false:139,0,,0,1,20.009258296340704,6.318444851785898
xair,plc_plain,1,pause,,1,140,140,141,0,10,74,1,published_after_gate_recheck,executed:PAUSED:141,1,PAUSED,1,0,28.401643969118595,10.309793055057526
xair,plc_predicate,1,pause,,1,142,142,143,0,4,75,1,published_after_gate_recheck,refused:predicate_false:143,0,,0,1,28.365745674818754,4.193788394331932
xair,plc_conditional,1,pause,,1,144,144,145,0,10,76,1,published_after_gate_recheck,refused:version_changed:145,0,,0,1,18.720251973718405,10.23529190570116
xair,plc_conditional,1,pause,,1,146,146,147,0,14,77,1,published_after_gate_recheck,refused:version_changed:147,0,,0,1,23.019298911094666,14.196062926203012
xair,plc_plain,1,pause,,1,148,148,148,0,30,78,1,published_after_gate_recheck,executed:RUN:148,1,RUN,0,0,22.746245842427015,30.2222678437829
xair,plc_conditional,1,pause,,1,150,150,151,0,4,79,1,published_after_gate_recheck,refused:version_changed:151,0,,0,1,29.60491692647338,4.255393985658884
xair,plc_predicate,1,pause,,1,152,,,0,4,80,0,read_set_version_changed_at_gate,,0,,0,0,19.332264084368944,4.224506672471762
xair_atomic,plc_plain,1,pause,,1,154,154,154,0,20,81,1,authorization_committed,executed:RUN:154,1,RUN,0,0,20.373662002384663,20.223491359502077
xair,plc_predicate,1,pause,,1,156,156,157,0,4,82,1,published_after_gate_recheck,refused:predicate_false:157,0,,0,1,18.85054726153612,4.204519093036652
xair_atomic,plc_predicate,0,,,1,158,158,158,0,,83,1,authorization_committed,executed:RUN:158,1,RUN,0,0,16.504734754562378,
xair_atomic,plc_predicate,1,pause,,1,158,,,0,2,84,0,read_set_version_changed_at_commit,,0,,0,0,19.298199098557234,2.223371993750334
xair,plc_conditional,1,pause,,1,160,160,161,0,10,85,1,published_after_gate_recheck,refused:version_changed:161,0,,0,1,24.506766814738512,10.160601232200861
xair_atomic,plc_predicate,1,pause,,1,162,162,162,0,20,86,1,authorization_committed,executed:RUN:162,1,RUN,0,0,15.630860812962055,20.272692199796438
xair_atomic,plc_conditional,0,,,1,164,164,164,0,,87,1,authorization_committed,executed:RUN:164,1,RUN,0,0,21.99818892404437,
xair_atomic,plc_predicate,1,pause,,1,164,164,165,0,8,88,1,authorization_committed,refused:predicate_false:165,0,,0,1,22.640516981482506,8.236262015998363
xair_atomic,plc_predicate,1,pause,,1,166,166,166,0,30,89,1,authorization_committed,executed:RUN:166,1,RUN,0,0,18.50502798333764,30.29582602903247
xair_atomic,plc_plain,1,pause,,1,168,,,0,0,90,0,read_set_version_changed_at_commit,,0,,0,0,13.586014974862337,0.24355808272957802
xair,plc_predicate,0,,,1,170,170,170,0,,91,1,published_after_gate_recheck,executed:RUN:170,1,RUN,0,0,23.187445010989904,
xair_atomic,plc_conditional,1,pause,,1,170,170,171,0,8,92,1,authorization_committed,refused:version_changed:171,0,,0,1,18.912665080279112,8.231303188949823
xair_atomic,plc_plain,1,pause,,1,172,,,0,0,93,0,read_set_version_changed_at_commit,,0,,0,0,14.125669840723276,0.2949940972030163
xair,plc_predicate,1,pause,,1,174,,,0,0,94,0,read_set_version_changed_at_gate,,0,,0,0,17.910148948431015,0.2917991951107979
xair_atomic,plc_plain,1,pause,,1,176,176,176,0,20,95,1,authorization_committed,executed:RUN:176,1,RUN,0,0,21.440479904413223,20.220444072037935
xair,plc_plain,1,pause,,1,178,178,178,0,20,96,1,published_after_gate_recheck,executed:RUN:178,1,RUN,0,0,20.553329959511757,20.192312076687813
xair,plc_conditional,1,pause,,1,180,180,181,0,14,97,1,published_after_gate_recheck,refused:version_changed:181,0,,0,1,27.911280747503042,14.25907202064991
xair,plc_plain,1,pause,,1,182,,,0,4,98,0,read_set_version_changed_at_gate,,0,,0,0,20.78892383724451,4.192727152258158
xair_atomic,plc_predicate,1,pause,,1,184,184,185,0,16,99,1,authorization_committed,refused:predicate_false:185,0,,0,1,20.443934947252274,16.213587950915098
xair,plc_predicate,1,pause,,1,186,186,187,0,16,100,1,published_after_gate_recheck,refused:predicate_false:187,0,,0,1,24.676556698977947,16.184532083570957
xair_atomic,plc_conditional,1,pause,,1,188,188,189,0,12,101,1,authorization_committed,refused:version_changed:189,0,,0,1,18.270005006343126,12.1776657178998
xair,plc_plain,1,pause,,1,190,190,191,0,6,102,1,published_after_gate_recheck,executed:PAUSED:191,1,PAUSED,1,0,26.40178194269538,6.2399376183748245
xair,plc_plain,1,pause,,1,192,192,193,0,16,103,1,published_after_gate_recheck,executed:PAUSED:193,1,PAUSED,1,0,27.303257025778294,16.183441039174795
xair,plc_predicate,1,pause,,1,194,194,194,0,14,104,1,published_after_gate_recheck,executed:RUN:194,1,RUN,0,0,17.37763686105609,14.178099110722542
xair_atomic,plc_conditional,1,pause,,1,196,196,197,0,10,105,1,authorization_committed,refused:version_changed:197,0,,0,1,18.353712745010853,10.186169762164354
xair,plc_predicate,1,pause,,1,198,,,0,4,106,0,read_set_version_changed_at_gate,,0,,0,0,19.369002897292376,4.165304824709892
xair_atomic,plc_plain,1,pause,,1,200,200,201,0,8,107,1,authorization_committed,executed:PAUSED:201,1,PAUSED,1,0,16.215762123465538,8.170739281922579
xair_atomic,plc_plain,1,pause,,1,202,202,203,0,6,108,1,authorization_committed,executed:PAUSED:203,1,PAUSED,1,0,23.67298910394311,6.170335691422224
xair,plc_conditional,1,pause,,1,204,204,204,0,20,109,1,published_after_gate_recheck,executed:RUN:204,1,RUN,0,0,20.493367686867714,20.165981724858284
xair_atomic,plc_plain,1,pause,,1,206,206,207,0,10,110,1,authorization_committed,executed:PAUSED:207,1,PAUSED,1,0,16.04477036744356,10.163567960262299
xair,plc_plain,1,pause,,1,208,208,209,0,10,111,1,published_after_gate_recheck,executed:PAUSED:209,1,PAUSED,1,0,25.994886178523302,10.32915897667408
xair_atomic,plc_predicate,1,pause,,1,210,210,211,0,12,112,1,authorization_committed,refused:predicate_false:211,0,,0,1,23.459918331354856,12.204417027533054
xair,plc_conditional,1,pause,,1,212,212,213,0,12,113,1,published_after_gate_recheck,refused:version_changed:213,0,,0,1,21.517534740269184,12.175190728157759
xair_atomic,plc_predicate,1,pause,,1,214,214,214,0,30,114,1,authorization_committed,executed:RUN:214,1,RUN,0,0,18.666290678083897,30.167846009135246
xair_atomic,plc_plain,1,pause,,1,216,,,0,0,115,0,read_set_version_changed_at_commit,,0,,0,0,14.365079812705517,0.4283660091459751
xair_atomic,plc_conditional,1,pause,,1,218,218,219,0,14,116,1,authorization_committed,refused:version_changed:219,0,,0,1,20.40111366659403,14.193307142704725
xair,plc_predicate,1,pause,,1,220,220,221,0,8,117,1,published_after_gate_recheck,refused:predicate_false:221,0,,0,1,25.400416925549507,8.153476752340794
xair_atomic,plc_plain,1,pause,,1,222,,,0,2,118,0,read_set_version_changed_at_commit,,0,,0,0,15.599993057549,2.3638559505343437
xair,plc_predicate,1,pause,,1,224,224,224,0,30,119,1,published_after_gate_recheck,executed:RUN:224,1,RUN,0,0,20.129693672060966,30.599416699260473
xair,plc_conditional,0,,,1,226,226,226,0,,120,1,published_after_gate_recheck,executed:RUN:226,1,RUN,0,0,28.482485096901655,
xair,plc_conditional,1,pause,,1,226,226,226,0,20,121,1,published_after_gate_recheck,executed:RUN:226,1,RUN,0,0,20.979501772671938,20.234650932252407
xair_atomic,plc_predicate,1,pause,,1,228,228,229,0,10,122,1,authorization_committed,refused:predicate_false:229,0,,0,1,22.61239429935813,10.194045025855303
xair_atomic,plc_predicate,0,,,1,230,230,230,0,,123,1,authorization_committed,executed:RUN:230,1,RUN,0,0,27.49810367822647,
xair,plc_plain,1,pause,,1,230,230,231,0,16,124,1,published_after_gate_recheck,executed:PAUSED:231,1,PAUSED,1,0,25.375901721417904,16.316301189363003
xair_atomic,plc_plain,1,pause,,1,232,232,233,0,8,125,1,authorization_committed,executed:PAUSED:233,1,PAUSED,1,0,19.531067926436663,8.222125936299562
xair,plc_predicate,1,pause,,1,234,234,235,0,10,126,1,published_after_gate_recheck,refused:predicate_false:235,0,,0,1,21.697312127798796,10.258016176521778
xair,plc_plain,1,pause,,1,236,,,0,0,127,0,precondition_failed: line.state == 'RUN',,0,,0,0,13.018899131566286,0.1789662055671215
xair,plc_conditional,1,pause,,1,238,238,239,0,12,128,1,published_after_gate_recheck,refused:version_changed:239,0,,0,1,21.31823869422078,12.238250114023685
xair,plc_predicate,1,pause,,1,240,240,240,0,16,129,1,published_after_gate_recheck,executed:RUN:240,1,RUN,0,0,23.280560038983822,16.234598122537136
xair_atomic,plc_conditional,1,pause,,1,242,,,0,2,130,0,read_set_version_changed_at_commit,,0,,0,0,13.702594209462404,2.2048880346119404
xair,plc_plain,1,pause,,1,244,,,0,0,131,0,read_set_version_changed_at_gate,,0,,0,0,17.42576714605093,0.35541923716664314
xair_atomic,plc_plain,1,pause,,1,246,246,247,0,14,132,1,authorization_committed,executed:PAUSED:247,1,PAUSED,1,0,23.593880236148834,14.190522022545338
xair,plc_plain,1,pause,,1,248,248,248,0,30,133,1,published_after_gate_recheck,executed:RUN:248,1,RUN,0,0,25.335606187582016,30.18429595977068
xair_atomic,plc_plain,0,,,1,250,250,250,0,,134,1,authorization_committed,executed:RUN:250,1,RUN,0,0,19.5743590593338,
xair_atomic,plc_conditional,1,pause,,1,250,250,251,0,12,135,1,authorization_committed,refused:version_changed:251,0,,0,1,21.84868697077036,13.317149132490158
xair,plc_predicate,1,pause,,1,252,252,253,0,6,136,1,published_after_gate_recheck,refused:predicate_false:253,0,,0,1,25.353580247610807,6.258241832256317
xair,plc_conditional,1,pause,,1,254,254,254,0,30,137,1,published_after_gate_recheck,executed:RUN:254,1,RUN,0,0,19.337653182446957,30.24378791451454
xair,plc_predicate,1,pause,,1,256,256,257,0,6,138,1,published_after_gate_recheck,refused:predicate_false:257,0,,0,1,27.126223780214787,6.232012994587421
xair_atomic,plc_predicate,1,pause,,1,258,258,259,0,10,139,1,authorization_committed,refused:predicate_false:259,0,,0,1,24.32020613923669,10.239880997687578
xair,plc_plain,1,pause,,1,260,260,260,0,14,140,1,published_after_gate_recheck,executed:RUN:260,1,RUN,0,0,19.96211800724268,14.176296070218086
xair,plc_plain,0,,,1,262,262,262,0,,141,1,published_after_gate_recheck,executed:RUN:262,1,RUN,0,0,23.270552046597004,
xair_atomic,plc_conditional,1,pause,,1,262,262,263,0,8,142,1,authorization_committed,refused:version_changed:263,0,,0,1,19.539142958819866,8.177141193300486
xair_atomic,plc_conditional,1,pause,,1,264,264,265,0,14,143,1,authorization_committed,refused:version_changed:265,0,,0,1,19.929907750338316,14.191053342074156
xair_atomic,plc_conditional,0,,,1,266,266,266,0,,144,1,authorization_committed,executed:RUN:266,1,RUN,0,0,23.364958819001913,
xair,plc_predicate,1,pause,,1,266,266,267,0,4,145,1,published_after_gate_recheck,refused:predicate_false:267,0,,0,1,24.858619086444378,4.190111067146063
xair_atomic,plc_plain,1,pause,,1,268,268,269,0,6,146,1,authorization_committed,executed:PAUSED:269,1,PAUSED,1,0,16.761227045208216,6.2751928344368935
xair_atomic,plc_conditional,1,pause,,1,270,,,0,0,147,0,read_set_version_changed_at_commit,,0,,0,0,14.603327959775925,0.304211862385273
xair,plc_conditional,1,pause,,1,272,272,272,0,20,148,1,published_after_gate_recheck,executed:RUN:272,1,RUN,0,0,25.413792580366135,20.222769118845463
xair,plc_plain,1,pause,,1,274,,,0,0,149,0,precondition_failed: line.state == 'RUN',,0,,0,0,12.633272912353277,0.3844732418656349
xair,plc_conditional,1,pause,,1,276,276,277,0,16,150,1,published_after_gate_recheck,refused:version_changed:277,0,,0,1,24.75187787786126,16.23300416395068
xair_atomic,plc_predicate,1,pause,,1,278,278,279,0,14,151,1,authorization_committed,refused:predicate_false:279,0,,0,1,19.506031181663275,14.195921830832958
xair_atomic,plc_predicate,1,pause,,1,280,280,280,0,30,152,1,authorization_committed,executed:RUN:280,1,RUN,0,0,22.17560214921832,30.27626918628812
xair_atomic,plc_predicate,1,pause,,1,282,282,283,0,10,153,1,authorization_committed,refused:predicate_false:283,0,,0,1,18.46139505505562,10.203934274613857
xair_atomic,plc_plain,1,pause,,1,284,284,285,0,14,154,1,authorization_committed,executed:PAUSED:285,1,PAUSED,1,0,22.07278786227107,14.198828022927046
xair,plc_predicate,1,pause,,1,286,286,287,0,16,155,1,published_after_gate_recheck,refused:predicate_false:287,0,,0,1,26.013702154159546,16.18890091776848
xair_atomic,plc_conditional,1,pause,,1,288,288,288,0,20,156,1,authorization_committed,executed:RUN:288,1,RUN,0,0,18.796596210449934,20.247203763574362
xair_atomic,plc_plain,1,pause,,1,290,290,290,0,30,157,1,authorization_committed,executed:RUN:290,1,RUN,0,0,25.390207767486572,30.211427249014378
xair_atomic,plc_plain,1,pause,,1,292,,,0,2,158,0,read_set_version_changed_at_commit,,0,,0,0,15.047043096274137,2.211950719356537
xair,plc_predicate,1,pause,,1,294,,,0,2,159,0,read_set_version_changed_at_gate,,0,,0,0,18.681589979678392,2.196541056036949
xair,plc_conditional,1,pause,,1,296,,,0,0,160,0,precondition_failed: line.state == 'RUN',,0,,0,0,13.187425211071968,0.25742407888174057
xair_atomic,plc_plain,1,pause,,1,298,298,298,0,12,161,1,authorization_committed,executed:RUN:298,1,RUN,0,0,16.85746805742383,12.231256812810898
xair_atomic,plc_plain,1,pause,,1,300,300,300,0,16,162,1,authorization_committed,executed:RUN:300,1,RUN,0,0,20.359696820378304,16.218817327171564
xair,plc_conditional,1,pause,,1,302,,,0,2,163,0,read_set_version_changed_at_gate,,0,,0,0,18.978076986968517,2.1984060294926167
xair_atomic,plc_conditional,1,pause,,1,304,304,305,0,10,164,1,authorization_committed,refused:version_changed:305,0,,0,1,18.01551692187786,10.218310169875622
xair,plc_predicate,0,,,1,306,306,306,0,,165,1,published_after_gate_recheck,executed:RUN:306,1,RUN,0,0,26.827581692487,
xair,plc_predicate,1,pause,,1,306,306,307,0,6,166,1,published_after_gate_recheck,refused:predicate_false:307,0,,0,1,21.109616849571466,6.298627704381943
xair_atomic,plc_conditional,1,pause,,1,308,308,308,0,30,167,1,authorization_committed,executed:RUN:308,1,RUN,0,0,25.284369941800833,30.224222224205732
xair,plc_predicate,1,pause,,1,310,310,311,0,16,168,1,published_after_gate_recheck,refused:predicate_false:311,0,,0,1,24.40891182050109,16.21821615844965
xair_atomic,plc_predicate,1,pause,,1,312,,,0,0,169,0,read_set_version_changed_at_commit,,0,,0,0,13.538456056267023,0.3076489083468914
xair,plc_plain,0,,,1,314,314,314,0,,170,1,published_after_gate_recheck,executed:RUN:314,1,RUN,0,0,27.761127799749374,
xair,plc_predicate,1,pause,,1,314,314,315,0,8,171,1,published_after_gate_recheck,refused:predicate_false:315,0,,0,1,21.960857789963484,8.236092049628496
xair,plc_plain,1,pause,,1,316,,,0,2,172,0,read_set_version_changed_at_gate,,0,,0,0,17.89432903751731,2.211329061537981
xair_atomic,plc_conditional,1,pause,,1,318,318,319,0,20,173,1,authorization_committed,refused:version_changed:319,0,,0,1,25.242070201784372,20.210605580359697
xair_atomic,plc_plain,1,pause,,1,320,,,0,2,174,0,read_set_version_changed_at_commit,,0,,0,0,15.356224961578846,2.2623250260949135
xair_atomic,plc_predicate,1,pause,,1,322,322,323,0,10,175,1,authorization_committed,refused:predicate_false:323,0,,0,1,22.904223296791315,10.339026805013418
xair_atomic,plc_conditional,1,pause,,1,324,324,324,0,30,176,1,authorization_committed,executed:RUN:324,1,RUN,0,0,19.288201350718737,30.267884023487568
xair,plc_plain,1,pause,,1,326,,,0,0,177,0,read_set_version_changed_at_gate,,0,,0,0,18.20321986451745,0.42185327038168907
xair_atomic,plc_plain,1,pause,,1,328,328,329,0,12,178,1,authorization_committed,executed:PAUSED:329,1,PAUSED,1,0,24.9685849994421,12.557489797472954
xair_atomic,plc_predicate,1,pause,,1,330,,,0,4,179,0,read_set_version_changed_at_commit,,0,,0,0,17.118319869041443,4.210028797388077
xair_atomic,plc_conditional,0,,,1,332,332,332,0,,180,1,authorization_committed,executed:RUN:332,1,RUN,0,0,18.06703396141529,
xair_atomic,plc_conditional,1,pause,,1,332,332,333,0,12,181,1,authorization_committed,refused:version_changed:333,0,,0,1,22.677306085824966,12.241856195032597
xair,plc_conditional,1,pause,,1,334,334,335,0,6,182,1,published_after_gate_recheck,refused:version_changed:335,0,,0,1,20.59807488694787,6.224398035556078
xair_atomic,plc_conditional,1,pause,,1,336,336,337,0,8,183,1,authorization_committed,refused:version_changed:337,0,,0,1,24.53248482197523,8.221074007451534
xair_atomic,plc_plain,1,pause,,1,338,338,339,0,12,184,1,authorization_committed,executed:PAUSED:339,1,PAUSED,1,0,19.643248990178108,12.287391815334558
xair,plc_conditional,1,pause,,1,340,,,0,2,185,0,read_set_version_changed_at_gate,,0,,0,0,19.979121163487434,2.282202709466219
xair_atomic,plc_predicate,1,pause,,1,342,342,343,0,16,186,1,authorization_committed,refused:predicate_false:343,0,,0,1,21.457521244883537,16.188629902899265
xair,plc_conditional,1,pause,,1,344,344,345,0,6,187,1,published_after_gate_recheck,refused:version_changed:345,0,,0,1,25.195552967488766,6.145890802145004
xair_atomic,plc_conditional,0,,,1,346,346,346,0,,188,1,authorization_committed,executed:RUN:346,1,RUN,0,0,14.866274315863848,
xair_atomic,plc_conditional,1,pause,,1,346,,,0,0,189,0,read_set_version_changed_at_commit,,0,,0,0,15.002550091594458,0.4295678809285164
xair_atomic,plc_conditional,1,pause,,1,348,348,349,0,16,190,1,authorization_committed,refused:version_changed:349,0,,0,1,25.294648949056864,16.156429890543222
xair,plc_plain,1,pause,,1,350,350,350,0,20,191,1,published_after_gate_recheck,executed:RUN:350,1,RUN,0,0,25.967563968151808,20.254157949239016
xair_atomic,plc_predicate,1,pause,,1,352,352,352,0,30,192,1,authorization_committed,executed:RUN:352,1,RUN,0,0,20.340960938483477,30.20806098356843
xair_atomic,plc_plain,1,pause,,1,354,354,355,0,16,193,1,authorization_committed,executed:PAUSED:355,1,PAUSED,1,0,25.42754914611578,16.234206967055798
xair_atomic,plc_predicate,1,pause,,1,356,356,356,0,14,194,1,authorization_committed,executed:RUN:356,1,RUN,0,0,16.3855510763824,14.217684045433998
xair_atomic,plc_plain,0,,,1,358,358,358,0,,195,1,authorization_committed,executed:RUN:358,1,RUN,0,0,19.981084391474724,
xair,plc_conditional,1,pause,,1,358,358,359,0,8,196,1,published_after_gate_recheck,refused:version_changed:359,0,,0,1,24.7652237303555,8.15461901947856
xair_atomic,plc_conditional,1,pause,,1,360,,,0,4,197,0,read_set_version_changed_at_commit,,0,,0,0,16.252661123871803,4.1332240216434
xair_atomic,plc_predicate,1,pause,,1,362,362,363,0,8,198,1,authorization_committed,refused:predicate_false:363,0,,0,1,17.876375000923872,8.244768250733614
xair_atomic,plc_conditional,1,pause,,1,364,364,365,0,12,199,1,authorization_committed,refused:version_changed:365,0,,0,1,17.06817513331771,12.211750727146864
xair_atomic,plc_plain,1,pause,,1,366,366,367,0,14,200,1,authorization_committed,executed:PAUSED:367,1,PAUSED,1,0,22.35434763133526,14.183760154992342
xair,plc_plain,1,pause,,1,368,368,369,0,12,201,1,published_after_gate_recheck,executed:PAUSED:369,1,PAUSED,1,0,26.315989904105663,12.23853137344122
xair_atomic,plc_plain,1,pause,,1,370,,,0,0,202,0,precondition_failed: line.state == 'RUN',,0,,0,0,12.622341979295015,0.3037611022591591
xair_atomic,plc_plain,1,pause,,1,372,372,372,0,30,203,1,authorization_committed,executed:RUN:372,1,RUN,0,0,22.14546501636505,30.15653369948268
xair_atomic,plc_predicate,1,pause,,1,374,374,374,0,30,204,1,authorization_committed,executed:RUN:374,1,RUN,0,0,19.28015612065792,30.24417906999588
xair,plc_conditional,0,,,1,376,376,376,0,,205,1,published_after_gate_recheck,executed:RUN:376,1,RUN,0,0,28.888970147818327,
xair,plc_conditional,1,pause,,1,376,376,377,0,4,206,1,published_after_gate_recheck,refused:version_changed:377,0,,0,1,22.211550269275904,4.230027087032795
xair_atomic,plc_plain,1,pause,,1,378,378,378,0,30,207,1,authorization_committed,executed:RUN:378,1,RUN,0,0,25.693398900330067,30.25439800694585
xair_atomic,plc_predicate,1,pause,,1,380,380,381,0,14,208,1,authorization_committed,refused:predicate_false:381,0,,0,1,24.637572932988405,14.2292152158916
xair_atomic,plc_predicate,1,pause,,1,382,382,383,0,8,209,1,authorization_committed,refused:predicate_false:383,0,,0,1,17.515806946903467,8.23520077392459
xair_atomic,plc_predicate,1,pause,,1,384,,,0,0,210,0,precondition_failed: line.state == 'RUN',,0,,0,0,12.870538979768753,0.37227990105748177
xair,plc_predicate,1,pause,,1,386,,,0,2,211,0,read_set_version_changed_at_gate,,0,,0,0,17.59778056293726,2.1860520355403423
xair_atomic,plc_plain,1,pause,,1,388,,,0,0,212,0,precondition_failed: line.state == 'RUN',,0,,0,0,13.167307246476412,0.30138716101646423
xair_atomic,plc_conditional,1,pause,,1,390,390,390,0,14,213,1,authorization_committed,executed:RUN:390,1,RUN,0,0,16.814498230814934,14.222902711480856
xair,plc_predicate,1,pause,,1,392,392,393,0,8,214,1,published_after_gate_recheck,refused:predicate_false:393,0,,0,1,23.727630730718374,8.207086939364672
xair,plc_plain,1,pause,,1,394,,,0,2,215,0,read_set_version_changed_at_gate,,0,,0,0,57.657092809677124,2.243630588054657
xair_atomic,plc_plain,1,pause,,1,396,396,397,0,8,216,1,authorization_committed,executed:PAUSED:397,1,PAUSED,1,0,25.246016681194305,8.24407720938325
xair,plc_conditional,1,pause,,1,398,398,398,0,20,217,1,published_after_gate_recheck,executed:RUN:398,1,RUN,0,0,20.308169070631266,20.212729927152395
xair,plc_predicate,0,,,1,400,400,400,0,,218,1,published_after_gate_recheck,executed:RUN:400,1,RUN,0,0,28.765548020601273,
xair,plc_plain,1,pause,,1,400,400,401,0,12,219,1,published_after_gate_recheck,executed:PAUSED:401,1,PAUSED,1,0,21.524767857044935,12.182305101305246
xair,plc_predicate,1,pause,,1,402,402,403,0,10,220,1,published_after_gate_recheck,refused:predicate_false:403,0,,0,1,20.563871134072542,10.283543262630701
xair,plc_plain,1,pause,,1,404,404,404,0,20,221,1,published_after_gate_recheck,executed:RUN:404,1,RUN,0,0,21.079749800264835,20.245911553502083
xair,plc_plain,1,pause,,1,406,,,0,2,222,0,read_set_version_changed_at_gate,,0,,0,0,21.122622303664684,2.1890979260206223
xair,plc_plain,1,pause,,1,408,408,408,0,30,223,1,published_after_gate_recheck,executed:RUN:408,1,RUN,0,0,23.582158144563437,30.171342194080353
xair_atomic,plc_predicate,1,pause,,1,410,,,0,4,224,0,read_set_version_changed_at_commit,,0,,0,0,16.979327891021967,4.212604369968176
xair,plc_predicate,1,pause,,1,412,412,413,0,6,225,1,published_after_gate_recheck,refused:predicate_false:413,0,,0,1,21.050755865871906,6.204670760780573
xair,plc_conditional,1,pause,,1,414,414,415,0,8,226,1,published_after_gate_recheck,refused:version_changed:415,0,,0,1,28.19768898189068,8.282478898763657
xair_atomic,plc_predicate,1,pause,,1,416,,,0,2,227,0,read_set_version_changed_at_commit,,0,,0,0,15.347990207374096,2.2552418522536755
xair,plc_conditional,1,pause,,1,418,418,419,0,6,228,1,published_after_gate_recheck,refused:version_changed:419,0,,0,1,19.931461196392775,6.242942996323109
xair_atomic,plc_conditional,1,pause,,1,420,420,421,0,6,229,1,authorization_committed,refused:version_changed:421,0,,0,1,25.1330453902483,6.187438033521175
xair_atomic,plc_conditional,1,pause,,1,422,422,422,0,14,230,1,authorization_committed,executed:RUN:422,1,RUN,0,0,18.203269690275192,14.253831002861261
xair_atomic,plc_plain,1,pause,,1,424,,,0,4,231,0,read_set_version_changed_at_commit,,0,,0,0,16.211353708058596,4.20203385874629
xair_atomic,plc_plain,1,pause,,1,426,426,427,0,6,232,1,authorization_committed,executed:PAUSED:427,1,PAUSED,1,0,21.798142232000828,6.184643134474754
xair_atomic,plc_plain,1,pause,,1,428,428,429,0,4,233,1,authorization_committed,executed:PAUSED:429,1,PAUSED,1,0,18.141133710741997,4.180422984063625
xair_atomic,plc_predicate,1,pause,,1,430,,,0,4,234,0,read_set_version_changed_at_commit,,0,,0,0,16.234215814620256,4.201442934572697
xair_atomic,plc_plain,0,,,1,432,432,432,0,,235,1,authorization_committed,executed:RUN:432,1,RUN,0,0,19.801596645265818,
xair_atomic,plc_predicate,1,pause,,1,432,,,0,0,236,0,read_set_version_changed_at_commit,,0,,0,0,14.093399979174137,0.30634598806500435
xair_atomic,plc_predicate,1,pause,,1,434,,,0,0,237,0,read_set_version_changed_at_commit,,0,,0,0,15.154364984482527,0.27065910398960114
xair_atomic,plc_predicate,1,pause,,1,436,,,0,2,238,0,read_set_version_changed_at_commit,,0,,0,0,14.917509164661169,2.202001865953207
xair_atomic,plc_conditional,1,pause,,1,438,438,439,0,10,239,1,authorization_committed,refused:version_changed:439,0,,0,1,16.70961081981659,10.22089459002018
xair,plc_predicate,1,pause,,1,440,440,440,0,30,240,1,published_after_gate_recheck,executed:RUN:440,1,RUN,0,0,26.225189678370953,30.19732004031539
xair,plc_conditional,1,pause,,1,442,442,442,0,16,241,1,published_after_gate_recheck,executed:RUN:442,1,RUN,0,0,23.1428612023592,16.199962235987186
xair,plc_plain,1,pause,,1,444,,,0,2,242,0,read_set_version_changed_at_gate,,0,,0,0,17.382796853780746,2.186262048780918
xair_atomic,plc_plain,1,pause,,1,446,446,446,0,30,243,1,authorization_committed,executed:RUN:446,1,RUN,0,0,19.422954879701138,30.260750092566013
xair,plc_plain,1,pause,,1,448,448,449,0,8,244,1,published_after_gate_recheck,executed:PAUSED:449,1,PAUSED,1,0,20.027241203933954,8.220912888646126
xair_atomic,plc_plain,1,pause,,1,450,450,451,0,6,245,1,authorization_committed,executed:PAUSED:451,1,PAUSED,1,0,25.013249833136797,6.228736136108637
xair,plc_conditional,1,pause,,1,452,,,0,2,246,0,read_set_version_changed_at_gate,,0,,0,0,18.008184153586626,2.207272220402956
xair_atomic,plc_predicate,1,pause,,1,454,454,455,0,8,247,1,authorization_committed,refused:predicate_false:455,0,,0,1,22.243900690227747,8.392496034502983
xair,plc_plain,1,pause,,1,456,,,0,0,248,0,read_set_version_changed_at_gate,,0,,0,0,18.621727358549833,0.3318842500448227
xair,plc_conditional,1,pause,,1,458,458,459,0,16,249,1,published_after_gate_recheck,refused:version_changed:459,0,,0,1,29.62886169552803,16.245396807789803
xair_atomic,plc_plain,1,pause,,1,460,460,461,0,8,250,1,authorization_committed,executed:PAUSED:461,1,PAUSED,1,0,24.824675172567368,8.303128182888031
xair,plc_predicate,0,,,1,462,462,462,0,,251,1,published_after_gate_recheck,executed:RUN:462,1,RUN,0,0,20.93723276630044,
xair,plc_predicate,0,,,1,462,462,462,0,,252,1,published_after_gate_recheck,executed:RUN:462,1,RUN,0,0,23.214796092361212,
xair,plc_conditional,1,pause,,1,462,,,0,4,253,0,read_set_version_changed_at_gate,,0,,0,0,20.160071086138487,4.306850954890251
xair_atomic,plc_conditional,1,pause,,1,464,464,465,0,30,254,1,authorization_committed,refused:version_changed:465,0,,0,1,25.790040846914053,30.204674694687128
xair,plc_conditional,1,pause,,1,466,,,0,2,255,0,read_set_version_changed_at_gate,,0,,0,0,17.436758149415255,2.204467076808214
xair_atomic,plc_predicate,1,pause,,1,468,468,469,0,8,256,1,authorization_committed,refused:predicate_false:469,0,,0,1,22.5973860360682,8.177000097930431
xair,plc_predicate,0,,,1,470,470,470,0,,257,1,published_after_gate_recheck,executed:RUN:470,1,RUN,0,0,20.27967618778348,
xair_atomic,plc_plain,1,pause,,1,470,470,471,0,14,258,1,authorization_committed,executed:PAUSED:471,1,PAUSED,1,0,19.516400061547756,14.209958724677563
xair,plc_predicate,1,pause,,1,472,472,473,0,16,259,1,published_after_gate_recheck,refused:predicate_false:473,0,,0,1,24.707014206796885,16.192056704312563
xair_atomic,plc_predicate,1,pause,,1,474,474,475,0,10,260,1,authorization_committed,refused:predicate_false:475,0,,0,1,18.978198058903217,10.32712496817112
xair_atomic,plc_predicate,1,pause,,1,476,,,0,0,261,0,read_set_version_changed_at_commit,,0,,0,0,13.92921106889844,0.2721422351896763
xair,plc_predicate,1,pause,,1,478,478,478,0,20,262,1,published_after_gate_recheck,executed:RUN:478,1,RUN,0,0,18.62784894183278,20.254057832062244
xair,plc_plain,1,pause,,1,480,480,481,0,16,263,1,published_after_gate_recheck,executed:PAUSED:481,1,PAUSED,1,0,25.625952053815126,16.245326958596706
xair,plc_conditional,1,pause,,1,482,482,482,0,16,264,1,published_after_gate_recheck,executed:RUN:482,1,RUN,0,0,19.50406702235341,16.25496568158269
xair_atomic,plc_predicate,1,pause,,1,484,,,0,2,265,0,read_set_version_changed_at_commit,,0,,0,0,15.34217782318592,2.2536390461027622
xair_atomic,plc_plain,1,pause,,1,486,486,487,0,14,266,1,authorization_committed,executed:PAUSED:487,1,PAUSED,1,0,25.86440136656165,14.262326993048191
xair,plc_conditional,1,pause,,1,488,488,489,0,8,267,1,published_after_gate_recheck,refused:version_changed:489,0,,0,1,19.050344359129667,8.214560803025961
xair_atomic,plc_predicate,1,pause,,1,490,490,491,0,12,268,1,authorization_committed,refused:predicate_false:491,0,,0,1,16.316440887749195,12.251905165612698
xair_atomic,plc_plain,1,pause,,1,492,492,493,0,8,269,1,authorization_committed,executed:PAUSED:493,1,PAUSED,1,0,22.57159585133195,8.1637860275805
xair,plc_predicate,1,pause,,1,494,,,0,2,270,0,read_set_version_changed_at_gate,,0,,0,0,18.797527998685837,2.2797579877078533
xair,plc_conditional,1,pause,,1,496,,,0,0,271,0,read_set_version_changed_at_gate,,0,,0,0,17.609273083508015,0.33871689811348915
xair,plc_predicate,1,pause,,1,498,498,499,0,10,272,1,published_after_gate_recheck,refused:predicate_false:499,0,,0,1,22.786099929362535,10.205255821347237
xair,plc_plain,1,pause,,1,500,,,0,4,273,0,read_set_version_changed_at_gate,,0,,0,0,20.586182363331318,4.246928729116917
xair,plc_predicate,0,,,1,502,502,502,0,,274,1,published_after_gate_recheck,executed:RUN:502,1,RUN,0,0,25.32429387792945,
xair,plc_predicate,1,pause,,1,502,502,503,0,8,275,1,published_after_gate_recheck,refused:predicate_false:503,0,,0,1,23.48281117156148,8.251441176980734
xair_atomic,plc_conditional,1,pause,,1,504,504,505,0,10,276,1,authorization_committed,refused:version_changed:505,0,,0,1,25.541363283991814,10.293422266840935
xair,plc_conditional,1,pause,,1,506,506,506,0,30,277,1,published_after_gate_recheck,executed:RUN:506,1,RUN,0,0,28.880433179438114,30.428946018218994
xair,plc_plain,1,pause,,1,508,,,0,0,278,0,precondition_failed: line.state == 'RUN',,0,,0,0,13.825594913214445,0.29464391991496086
xair,plc_conditional,1,pause,,1,510,,,0,0,279,0,read_set_version_changed_at_gate,,0,,0,0,16.605885699391365,0.3365832380950451
xair,plc_plain,1,pause,,1,512,,,0,0,280,0,read_set_version_changed_at_gate,,0,,0,0,16.383526846766472,0.30844006687402725
xair_atomic,plc_predicate,1,pause,,1,514,514,515,0,14,281,1,authorization_committed,refused:predicate_false:515,0,,0,1,19.215103704482317,14.22896422445774
xair_atomic,plc_predicate,0,,,1,516,516,516,0,,282,1,authorization_committed,executed:RUN:516,1,RUN,0,0,22.461008746176958,
xair_atomic,plc_conditional,1,pause,,1,516,,,0,0,283,0,read_set_version_changed_at_commit,,0,,0,0,14.084722846746445,0.2866792492568493
xair,plc_conditional,1,pause,,1,518,,,0,4,284,0,read_set_version_changed_at_gate,,0,,0,0,18.883970100432634,4.191793967038393
xair_atomic,plc_plain,0,,,1,520,520,520,0,,285,1,authorization_committed,executed:RUN:520,1,RUN,0,0,25.40619857609272,
xair_atomic,plc_predicate,1,pause,,1,520,520,521,0,4,286,1,authorization_committed,refused:predicate_false:521,0,,0,1,21.635666023939848,4.241348244249821
xair,plc_predicate,1,pause,,1,522,,,0,2,287,0,read_set_version_changed_at_gate,,0,,0,0,17.811323050409555,2.217301167547703
xair_atomic,plc_predicate,1,pause,,1,524,524,525,0,10,288,1,authorization_committed,refused:predicate_false:525,0,,0,1,18.85250210762024,10.227217804640532
xair,plc_conditional,1,pause,,1,526,526,527,0,14,289,1,published_after_gate_recheck,refused:version_changed:527,0,,0,1,27.239867951720953,14.20022128149867
xair,plc_conditional,1,pause,,1,528,,,0,2,290,0,read_set_version_changed_at_gate,,0,,0,0,17.519633751362562,2.1908110938966274
xair,plc_plain,1,pause,,1,530,530,531,0,8,291,1,published_after_gate_recheck,executed:PAUSED:531,1,PAUSED,1,0,27.421789709478617,8.199161849915981
xair_atomic,plc_conditional,1,pause,,1,532,532,533,0,12,292,1,authorization_committed,refused:version_changed:533,0,,0,1,24.703245609998703,12.219945900142193
xair_atomic,plc_conditional,1,pause,,1,534,534,535,0,8,293,1,authorization_committed,refused:version_changed:535,0,,0,1,26.43110603094101,8.250097744166851
xair_atomic,plc_conditional,1,pause,,1,536,536,536,0,16,294,1,authorization_committed,executed:RUN:536,1,RUN,0,0,18.86402303352952,16.29845704883337
xair,plc_plain,1,pause,,1,538,538,538,0,30,295,1,published_after_gate_recheck,executed:RUN:538,1,RUN,0,0,18.84604897350073,30.2502503618598
xair,plc_conditional,1,pause,,1,540,540,541,0,12,296,1,published_after_gate_recheck,refused:version_changed:541,0,,0,1,27.706165332347155,12.248579878360033
xair,plc_plain,0,,,1,542,542,542,0,,297,1,published_after_gate_recheck,executed:RUN:542,1,RUN,0,0,18.854284659028053,
xair,plc_plain,1,pause,,1,542,,,0,4,298,0,read_set_version_changed_at_gate,,0,,0,0,19.47822794318199,4.263619892299175
xair,plc_conditional,1,pause,,1,544,544,545,0,4,299,1,published_after_gate_recheck,refused:version_changed:545,0,,0,1,20.449304953217506,4.264481831341982
xair_atomic,plc_conditional,0,,,1,546,546,546,0,,300,1,authorization_committed,executed:RUN:546,1,RUN,0,0,25.47078998759389,
xair,plc_conditional,0,,,1,546,546,546,0,,301,1,published_after_gate_recheck,executed:RUN:546,1,RUN,0,0,25.837019085884094,
xair,plc_conditional,1,pause,,1,546,546,547,0,10,302,1,published_after_gate_recheck,refused:version_changed:547,0,,0,1,22.25178573280573,10.305203963071108
xair_atomic,plc_predicate,1,pause,,1,548,548,549,0,12,303,1,authorization_committed,refused:predicate_false:549,0,,0,1,23.77638267353177,12.214796151965857
xair_atomic,plc_conditional,1,pause,,1,550,550,551,0,6,304,1,authorization_committed,refused:version_changed:551,0,,0,1,18.241902347654104,6.206434220075607
xair,plc_plain,1,pause,,1,552,552,553,0,12,305,1,published_after_gate_recheck,executed:PAUSED:553,1,PAUSED,1,0,20.628612022846937,12.182674836367369
xair_atomic,plc_conditional,1,pause,,1,554,554,554,0,30,306,1,authorization_committed,executed:RUN:554,1,RUN,0,0,19.532850943505764,30.201397836208344
xair,plc_conditional,1,pause,,1,556,556,557,0,6,307,1,published_after_gate_recheck,refused:version_changed:557,0,,0,1,19.840338733047247,6.27574510872364
xair,plc_plain,1,pause,,1,558,558,559,0,6,308,1,published_after_gate_recheck,executed:PAUSED:559,1,PAUSED,1,0,27.641313150525093,6.229626946151257
xair_atomic,plc_plain,1,pause,,1,560,560,561,0,20,309,1,authorization_committed,executed:PAUSED:561,1,PAUSED,1,0,25.222222786396742,20.18761308863759
xair,plc_predicate,1,pause,,1,562,,,0,2,310,0,read_set_version_changed_at_gate,,0,,0,0,16.905678901821375,2.1718950010836124
xair_atomic,plc_plain,1,pause,,1,564,564,565,0,10,311,1,authorization_committed,executed:PAUSED:565,1,PAUSED,1,0,22.907398641109467,10.18762169405818
xair,plc_conditional,1,pause,,1,566,,,0,0,312,0,read_set_version_changed_at_gate,,0,,0,0,17.454341053962708,0.29614707455039024
xair_atomic,plc_predicate,1,pause,,1,568,568,569,0,6,313,1,authorization_committed,refused:predicate_false:569,0,,0,1,20.101601257920265,6.2127262353897095
xair_atomic,plc_predicate,1,pause,,1,570,570,571,0,12,314,1,authorization_committed,refused:predicate_false:571,0,,0,1,18.405741080641747,12.223471887409687
xair,plc_predicate,0,,,1,572,572,572,0,,315,1,published_after_gate_recheck,executed:RUN:572,1,RUN,0,0,27.78569469228387,
xair,plc_plain,1,pause,,1,572,572,573,0,12,316,1,published_after_gate_recheck,executed:PAUSED:573,1,PAUSED,1,0,21.654551848769188,12.228722218424082
xair,plc_conditional,1,pause,,1,574,,,0,4,317,0,read_set_version_changed_at_gate,,0,,0,0,21.489412058144808,4.276133142411709
xair_atomic,plc_predicate,1,pause,,1,576,576,577,0,4,318,1,authorization_committed,refused:predicate_false:577,0,,0,1,16.79704524576664,4.229154903441668
xair_atomic,plc_plain,1,pause,,1,578,578,578,0,30,319,1,authorization_committed,executed:RUN:578,1,RUN,0,0,17.263201996684074,30.179317109286785
xair,plc_plain,1,pause,,1,580,580,581,0,6,320,1,published_after_gate_recheck,executed:PAUSED:581,1,PAUSED,1,0,26.99802303686738,6.235738750547171
xair_atomic,plc_conditional,1,pause,,1,582,582,583,0,6,321,1,authorization_committed,refused:version_changed:583,0,,0,1,16.32570894435048,6.211123429238796
xair_atomic,plc_conditional,1,pause,,1,584,584,584,0,20,322,1,authorization_committed,executed:RUN:584,1,RUN,0,0,18.891435116529465,20.18664963543415
xair,plc_plain,1,pause,,1,586,586,587,0,10,323,1,published_after_gate_recheck,executed:PAUSED:587,1,PAUSED,1,0,19.49750492349267,10.18211292102933
xair_atomic,plc_plain,1,pause,,1,588,,,0,4,324,0,read_set_version_changed_at_commit,,0,,0,0,18.804621882736683,4.412469919770956
xair,plc_predicate,1,pause,,1,590,,,0,0,325,0,read_set_version_changed_at_gate,,0,,0,0,16.608159989118576,0.4203207790851593
xair,plc_predicate,1,pause,,1,592,,,0,2,326,0,read_set_version_changed_at_gate,,0,,0,0,17.512381076812744,2.275709994137287
xair,plc_plain,1,pause,,1,594,594,595,0,8,327,1,published_after_gate_recheck,executed:PAUSED:595,1,PAUSED,1,0,23.07382132858038,8.254746906459332
xair_atomic,plc_plain,1,pause,,1,596,596,597,0,8,328,1,authorization_committed,executed:PAUSED:597,1,PAUSED,1,0,25.111693888902664,8.32623103633523
xair_atomic,plc_predicate,1,pause,,1,598,598,599,0,6,329,1,authorization_committed,refused:predicate_false:599,0,,0,1,17.38694403320551,6.282106973230839
xair,plc_conditional,1,pause,,1,600,600,600,0,30,330,1,published_after_gate_recheck,executed:RUN:600,1,RUN,0,0,29.484921135008335,30.331752728670835
xair,plc_predicate,1,pause,,1,602,,,0,0,331,0,read_set_version_changed_at_gate,,0,,0,0,17.449512146413326,0.4133479669690132
xair,plc_predicate,1,pause,,1,604,,,0,4,332,0,read_set_version_changed_at_gate,,0,,0,0,20.012443885207176,4.227751865983009
xair_atomic,plc_predicate,1,pause,,1,606,606,607,0,12,333,1,authorization_committed,refused:predicate_false:607,0,,0,1,18.655491061508656,12.352194637060165
xair_atomic,plc_predicate,1,pause,,1,608,,,0,0,334,0,read_set_version_changed_at_commit,,0,,0,0,15.377684962004423,0.33707404509186745
xair,plc_predicate,1,pause,,1,610,610,610,0,30,335,1,published_after_gate_recheck,executed:RUN:610,1,RUN,0,0,25.806440971791744,30.23780696094036
xair,plc_predicate,1,pause,,1,612,612,613,0,10,336,1,published_after_gate_recheck,refused:predicate_false:613,0,,0,1,23.32024509087205,10.17110189422965
xair,plc_predicate,1,pause,,1,614,,,0,2,337,0,read_set_version_changed_at_gate,,0,,0,0,18.216184806078672,2.1611852571368217
xair_atomic,plc_conditional,1,pause,,1,616,616,617,0,8,338,1,authorization_committed,refused:version_changed:617,0,,0,1,25.503001175820827,8.150030858814716
xair_atomic,plc_predicate,1,pause,,1,618,618,619,0,6,339,1,authorization_committed,refused:predicate_false:619,0,,0,1,16.3327818736434,6.255305837839842
xair,plc_predicate,1,pause,,1,620,,,0,0,340,0,read_set_version_changed_at_gate,,0,,0,0,17.190495040267706,0.34286361187696457
xair_atomic,plc_plain,1,pause,,1,622,,,0,2,341,0,read_set_version_changed_at_commit,,0,,0,0,15.263460110872984,2.280720043927431
xair_atomic,plc_plain,1,pause,,1,624,,,0,0,342,0,precondition_failed: line.state == 'RUN',,0,,0,0,12.645485810935497,0.29015587642788887
xair_atomic,plc_predicate,1,pause,,1,626,626,627,0,10,343,1,authorization_committed,refused:predicate_false:627,0,,0,1,21.296068094670773,10.275898966938257
xair_atomic,plc_conditional,1,pause,,1,628,628,629,0,10,344,1,authorization_committed,refused:version_changed:629,0,,0,1,17.047646921128035,10.239821393042803
xair,plc_plain,1,pause,,1,630,,,0,2,345,0,read_set_version_changed_at_gate,,0,,0,0,18.208620138466358,2.2329199127852917
xair,plc_predicate,1,pause,,1,632,632,633,0,16,346,1,published_after_gate_recheck,refused:predicate_false:633,0,,0,1,24.746807757765055,16.238052863627672
xair,plc_plain,1,pause,,1,634,634,634,0,30,347,1,published_after_gate_recheck,executed:RUN:634,1,RUN,0,0,23.044205736368895,30.38997296243906
xair_atomic,plc_conditional,1,pause,,1,636,636,637,0,16,348,1,authorization_committed,refused:version_changed:637,0,,0,1,25.694340001791716,16.26388169825077
xair_atomic,plc_plain,1,pause,,1,638,638,638,0,20,349,1,authorization_committed,executed:RUN:638,1,RUN,0,0,23.485937155783176,20.23527305573225
xair,plc_plain,1,pause,,1,640,640,640,0,30,350,1,published_after_gate_recheck,executed:RUN:640,1,RUN,0,0,27.909998316317797,30.288491863757372
xair_atomic,plc_plain,1,pause,,1,642,642,643,0,8,351,1,authorization_committed,executed:PAUSED:643,1,PAUSED,1,0,22.24533259868622,8.206595666706562
xair,plc_predicate,1,pause,,1,644,,,0,2,352,0,read_set_version_changed_at_gate,,0,,0,0,17.190313898026943,2.2041662596166134
xair_atomic,plc_plain,1,pause,,1,646,646,647,0,10,353,1,authorization_committed,executed:PAUSED:647,1,PAUSED,1,0,23.40884180739522,10.196840856224298
xair,plc_predicate,1,pause,,1,648,648,649,0,4,354,1,published_after_gate_recheck,refused:predicate_false:649,0,,0,1,21.388711873441935,4.227200988680124
xair_atomic,plc_predicate,1,pause,,1,650,650,651,0,8,355,1,authorization_committed,refused:predicate_false:651,0,,0,1,24.15618672966957,8.235992398113012
xair_atomic,plc_plain,1,pause,,1,652,,,0,2,356,0,read_set_version_changed_at_commit,,0,,0,0,15.212985221296549,2.1641310304403305
xair,plc_conditional,1,pause,,1,654,654,655,0,12,357,1,published_after_gate_recheck,refused:version_changed:655,0,,0,1,24.950392078608274,12.26220466196537
xair_atomic,plc_conditional,1,pause,,1,656,656,657,0,14,358,1,authorization_committed,refused:version_changed:657,0,,0,1,22.53893483430147,14.288126025348902
xair_atomic,plc_predicate,0,,,1,658,658,658,0,,359,1,authorization_committed,executed:RUN:658,1,RUN,0,0,23.253438994288445,
xair,plc_predicate,1,pause,,1,658,658,658,0,30,360,1,published_after_gate_recheck,executed:RUN:658,1,RUN,0,0,26.735329069197178,30.21472319960594
xair,plc_plain,1,pause,,1,660,660,660,0,16,361,1,published_after_gate_recheck,executed:RUN:660,1,RUN,0,0,21.142779383808374,16.162903048098087
xair_atomic,plc_predicate,1,pause,,1,662,,,0,0,362,0,read_set_version_changed_at_commit,,0,,0,0,14.349199831485748,0.41716499254107475
xair,plc_conditional,1,pause,,1,664,664,665,0,8,363,1,published_after_gate_recheck,refused:version_changed:665,0,,0,1,24.460970889776945,8.201336953788996
xair,plc_conditional,1,pause,,1,666,666,667,0,12,364,1,published_after_gate_recheck,refused:version_changed:667,0,,0,1,26.9016120582819,12.256924994289875
xair_atomic,plc_conditional,1,pause,,1,668,,,0,0,365,0,read_set_version_changed_at_commit,,0,,0,0,14.299897942692041,0.28758076950907707
xair,plc_predicate,1,pause,,1,670,670,671,0,8,366,1,published_after_gate_recheck,refused:predicate_false:671,0,,0,1,22.316357120871544,8.191187866032124
xair,plc_predicate,1,pause,,1,672,,,0,4,367,0,read_set_version_changed_at_gate,,0,,0,0,20.260879769921303,4.223985131829977
xair_atomic,plc_predicate,1,pause,,1,674,674,675,0,6,368,1,authorization_committed,refused:predicate_false:675,0,,0,1,21.162586752325296,6.235047709196806
xair_atomic,plc_predicate,1,pause,,1,676,676,676,0,16,369,1,authorization_committed,executed:RUN:676,1,RUN,0,0,16.90788334235549,16.245047096163034
xair_atomic,plc_predicate,0,,,1,678,678,678,0,,370,1,authorization_committed,executed:RUN:678,1,RUN,0,0,17.142775002866983,
xair,plc_plain,1,pause,,1,678,678,679,0,12,371,1,published_after_gate_recheck,executed:PAUSED:679,1,PAUSED,1,0,25.072571355849504,12.265631929039955
xair,plc_plain,1,pause,,1,680,680,680,0,20,372,1,published_after_gate_recheck,executed:RUN:680,1,RUN,0,0,27.019673958420753,20.187412854284048
xair_atomic,plc_conditional,1,pause,,1,682,682,683,0,12,373,1,authorization_committed,refused:version_changed:683,0,,0,1,19.19015683233738,12.148661073297262
xair,plc_predicate,1,pause,,1,684,684,685,0,6,374,1,published_after_gate_recheck,refused:predicate_false:685,0,,0,1,25.85167670622468,6.163383834064007
xair_atomic,plc_predicate,1,pause,,1,686,686,687,0,16,375,1,authorization_committed,refused:predicate_false:687,0,,0,1,25.333932600915432,16.160727944225073
xair_atomic,plc_predicate,1,pause,,1,688,688,688,0,20,376,1,authorization_committed,executed:RUN:688,1,RUN,0,0,24.113597348332405,20.231074187904596
xair,plc_conditional,1,pause,,1,690,690,690,0,30,377,1,published_after_gate_recheck,executed:RUN:690,1,RUN,0,0,24.723163805902004,30.224862974137068
xair,plc_plain,1,pause,,1,692,,,0,2,378,0,read_set_version_changed_at_gate,,0,,0,0,18.144279718399048,2.226186916232109
xair_atomic,plc_plain,1,pause,,1,694,694,694,0,20,379,1,authorization_committed,executed:RUN:694,1,RUN,0,0,17.541405744850636,20.2603992074728
xair_atomic,plc_plain,0,,,1,696,696,696,0,,380,1,authorization_committed,executed:RUN:696,1,RUN,0,0,23.023426067084074,
xair,plc_conditional,1,pause,,1,696,,,0,2,381,0,read_set_version_changed_at_gate,,0,,0,0,19.765268079936504,2.2607119753956795
xair_atomic,plc_predicate,1,pause,,1,698,,,0,2,382,0,read_set_version_changed_at_commit,,0,,0,0,15.427980106323957,2.266232855618
xair,plc_plain,1,pause,,1,700,700,701,0,8,383,1,published_after_gate_recheck,executed:PAUSED:701,1,PAUSED,1,0,20.392598118633032,8.285555057227612
xair,plc_plain,1,pause,,1,702,,,0,0,384,0,read_set_version_changed_at_gate,,0,,0,0,17.467156052589417,0.25907717645168304
xair_atomic,plc_predicate,1,pause,,1,704,704,704,0,30,385,1,authorization_committed,executed:RUN:704,1,RUN,0,0,26.626605074852705,30.212077777832747
xair,plc_predicate,1,pause,,1,706,706,707,0,10,386,1,published_after_gate_recheck,refused:predicate_false:707,0,,0,1,24.66627676039934,10.209373664110899
xair_atomic,plc_conditional,1,pause,,1,708,708,709,0,14,387,1,authorization_committed,refused:version_changed:709,0,,0,1,24.548655841499567,14.254592824727297
xair_atomic,plc_plain,1,pause,,1,710,710,710,0,16,388,1,authorization_committed,executed:RUN:710,1,RUN,0,0,18.834637943655252,16.257199924439192
xair,plc_conditional,1,pause,,1,712,712,712,0,30,389,1,published_after_gate_recheck,executed:RUN:712,1,RUN,0,0,21.934388671070337,30.20793991163373
xair_atomic,plc_predicate,1,pause,,1,714,,,0,4,390,0,read_set_version_changed_at_commit,,0,,0,0,16.303816810250282,4.252778831869364
xair_atomic,plc_plain,1,pause,,1,716,,,0,2,391,0,read_set_version_changed_at_commit,,0,,0,0,15.469218138605356,2.254139631986618
xair_atomic,plc_plain,1,pause,,1,718,,,0,2,392,0,read_set_version_changed_at_commit,,0,,0,0,15.109390020370483,2.190218772739172
xair,plc_predicate,1,pause,,1,720,,,0,4,393,0,read_set_version_changed_at_gate,,0,,0,0,19.712207838892937,4.270562902092934
xair,plc_conditional,1,pause,,1,722,722,723,0,6,394,1,published_after_gate_recheck,refused:version_changed:723,0,,0,1,25.351705960929394,6.2585328705608845
xair_atomic,plc_conditional,1,pause,,1,724,724,724,0,12,395,1,authorization_committed,executed:RUN:724,1,RUN,0,0,15.81305405125022,12.2016710229218
xair,plc_predicate,1,pause,,1,726,726,727,0,14,396,1,published_after_gate_recheck,refused:predicate_false:727,0,,0,1,22.515480872243643,14.178640209138393
xair,plc_plain,0,,,1,728,728,728,0,,397,1,published_after_gate_recheck,executed:RUN:728,1,RUN,0,0,24.22813279554248,
xair,plc_predicate,0,,,1,728,728,728,0,,398,1,published_after_gate_recheck,executed:RUN:728,1,RUN,0,0,22.529648151248693,
xair_atomic,plc_plain,1,pause,,1,728,728,728,0,30,399,1,authorization_committed,executed:RUN:728,1,RUN,0,0,18.939154222607613,30.299522913992405
xair_atomic,plc_conditional,1,pause,,1,730,,,0,4,400,0,read_set_version_changed_at_commit,,0,,0,0,17.097739968448877,4.211260937154293
xair,plc_plain,1,pause,,1,732,732,733,0,4,401,1,published_after_gate_recheck,executed:PAUSED:733,1,PAUSED,1,0,19.926281180232763,4.304185975342989
xair,plc_predicate,1,pause,,1,734,734,734,0,14,402,1,published_after_gate_recheck,executed:RUN:734,1,RUN,0,0,18.97169603034854,14.195761643350124
xair_atomic,plc_plain,1,pause,,1,736,,,0,0,403,0,read_set_version_changed_at_commit,,0,,0,0,12.793014291673899,0.21629733964800835
xair_atomic,plc_plain,1,pause,,1,738,738,739,0,16,404,1,authorization_committed,executed:PAUSED:739,1,PAUSED,1,0,23.221078794449568,16.174795106053352
xair_atomic,plc_plain,1,pause,,1,740,740,740,0,20,405,1,authorization_committed,executed:RUN:740,1,RUN,0,0,23.91110686585307,20.157105289399624
xair_atomic,plc_predicate,1,pause,,1,742,742,743,0,10,406,1,authorization_committed,refused:predicate_false:743,0,,0,1,19.99387890100479,10.441170074045658
xair,plc_plain,1,pause,,1,744,744,745,0,8,407,1,published_after_gate_recheck,executed:PAUSED:745,1,PAUSED,1,0,29.388568829745054,8.239137940108776
xair,plc_plain,1,pause,,1,746,746,746,0,30,408,1,published_after_gate_recheck,executed:RUN:746,1,RUN,0,0,27.10592607036233,30.244208872318268
xair_atomic,plc_predicate,1,pause,,1,748,748,748,0,30,409,1,authorization_committed,executed:RUN:748,1,RUN,0,0,17.83701218664646,30.28143895789981
xair_atomic,plc_predicate,0,,,1,750,750,750,0,,410,1,authorization_committed,executed:RUN:750,1,RUN,0,0,24.325635749846697,
xair,plc_conditional,1,pause,,1,750,750,751,0,8,411,1,published_after_gate_recheck,refused:version_changed:751,0,,0,1,25.24772100150585,8.215283043682575
xair,plc_conditional,1,pause,,1,752,,,0,0,412,0,read_set_version_changed_at_gate,,0,,0,0,17.953561153262854,0.25518983602523804
xair,plc_conditional,1,pause,,1,754,754,754,0,20,413,1,published_after_gate_recheck,executed:RUN:754,1,RUN,0,0,27.201646007597446,20.134523045271635
xair,plc_conditional,1,pause,,1,756,756,757,0,10,414,1,published_after_gate_recheck,refused:version_changed:757,0,,0,1,22.346774116158485,10.177243035286665
xair,plc_plain,1,pause,,1,758,758,759,0,20,415,1,published_after_gate_recheck,executed:PAUSED:759,1,PAUSED,1,0,28.24501832947135,20.28583735227585
xair_atomic,plc_predicate,1,pause,,1,760,760,761,0,4,416,1,authorization_committed,refused:predicate_false:761,0,,0,1,18.964551854878664,4.278127104043961
xair_atomic,plc_predicate,1,pause,,1,762,762,763,0,12,417,1,authorization_committed,refused:predicate_false:763,0,,0,1,28.794522397220135,12.330294121056795
xair,plc_conditional,1,pause,,1,764,764,764,0,20,418,1,published_after_gate_recheck,executed:RUN:764,1,RUN,0,0,18.28927220776677,20.214714109897614
xair_atomic,plc_predicate,1,pause,,1,766,766,767,0,10,419,1,authorization_committed,refused:predicate_false:767,0,,0,1,22.978032007813454,10.144340805709362
xair_atomic,plc_plain,1,pause,,1,768,768,769,0,8,420,1,authorization_committed,executed:PAUSED:769,1,PAUSED,1,0,19.365916959941387,8.140842895954847
xair_atomic,plc_plain,1,pause,,1,770,,,0,4,421,0,read_set_version_changed_at_commit,,0,,0,0,16.16682019084692,4.1318922303617
xair,plc_plain,1,pause,,1,772,772,773,0,16,422,1,published_after_gate_recheck,executed:PAUSED:773,1,PAUSED,1,0,24.366783909499645,16.10113587230444
xair_atomic,plc_conditional,1,pause,,1,774,774,774,0,20,423,1,authorization_committed,executed:RUN:774,1,RUN,0,0,18.46001297235489,20.269657019525766
xair,plc_predicate,0,,,1,776,776,776,0,,424,1,published_after_gate_recheck,executed:RUN:776,1,RUN,0,0,28.401392977684736,
xair_atomic,plc_conditional,1,pause,,1,776,,,0,2,425,0,read_set_version_changed_at_commit,,0,,0,0,15.381562057882547,2.3278980515897274
xair_atomic,plc_conditional,1,pause,,1,778,778,779,0,12,426,1,authorization_committed,refused:version_changed:779,0,,0,1,22.80935412272811,12.280951254069805
xair,plc_plain,1,pause,,1,780,780,781,0,4,427,1,published_after_gate_recheck,executed:PAUSED:781,1,PAUSED,1,0,18.896644935011864,4.273699130862951
xair_atomic,plc_conditional,1,pause,,1,782,,,0,2,428,0,read_set_version_changed_at_commit,,0,,0,0,15.606596134603024,2.2180317901074886
xair_atomic,plc_plain,1,pause,,1,784,784,784,0,16,429,1,authorization_committed,executed:RUN:784,1,RUN,0,0,17.205212730914354,16.240878961980343
xair_atomic,plc_predicate,1,pause,,1,786,786,786,0,20,430,1,authorization_committed,executed:RUN:786,1,RUN,0,0,18.67559878155589,20.253125112503767
xair_atomic,plc_predicate,1,pause,,1,788,,,0,2,431,0,read_set_version_changed_at_commit,,0,,0,0,13.034647796303034,2.2505437955260277
xair_atomic,plc_predicate,1,pause,,1,790,790,790,0,30,432,1,authorization_committed,executed:RUN:790,1,RUN,0,0,20.217298064380884,30.230984091758728
xair,plc_plain,1,pause,,1,792,792,793,0,10,433,1,published_after_gate_recheck,executed:PAUSED:793,1,PAUSED,1,0,21.252695936709642,10.220774915069342
xair,plc_plain,1,pause,,1,794,,,0,0,434,0,precondition_failed: line.state == 'RUN',,0,,0,0,12.765020597726107,0.377800315618515
xair,plc_plain,1,pause,,1,796,796,797,0,16,435,1,published_after_gate_recheck,executed:PAUSED:797,1,PAUSED,1,0,23.69958907365799,16.201135236769915
xair,plc_predicate,1,pause,,1,798,798,799,0,12,436,1,published_after_gate_recheck,refused:predicate_false:799,0,,0,1,22.32564426958561,12.185169849544764
xair_atomic,plc_conditional,0,,,1,800,800,800,0,,437,1,authorization_committed,executed:RUN:800,1,RUN,0,0,16.259965021163225,
xair_atomic,plc_plain,1,pause,,1,800,800,801,0,6,438,1,authorization_committed,executed:PAUSED:801,1,PAUSED,1,0,22.410904988646507,6.269663106650114
xair,plc_predicate,1,pause,,1,802,802,803,0,12,439,1,published_after_gate_recheck,refused:predicate_false:803,0,,0,1,20.80743806436658,12.237518094480038
xair_atomic,plc_conditional,1,pause,,1,804,804,805,0,12,440,1,authorization_committed,refused:version_changed:805,0,,0,1,19.209312740713358,12.233912013471127
xair_atomic,plc_predicate,1,pause,,1,806,806,807,0,10,441,1,authorization_committed,refused:predicate_false:807,0,,0,1,20.379113033413887,10.245090816169977
xair,plc_conditional,1,pause,,1,808,808,808,0,20,442,1,published_after_gate_recheck,executed:RUN:808,1,RUN,0,0,22.381970193237066,20.255320239812136
xair_atomic,plc_predicate,1,pause,,1,810,810,810,0,16,443,1,authorization_committed,executed:RUN:810,1,RUN,0,0,16.013340558856726,16.273820772767067
xair,plc_predicate,1,pause,,1,812,,,0,0,444,0,read_set_version_changed_at_gate,,0,,0,0,18.037118017673492,0.36328285932540894
xair,plc_conditional,1,pause,,1,814,814,814,0,16,445,1,published_after_gate_recheck,executed:RUN:814,1,RUN,0,0,21.270789671689272,16.192838083952665
xair_atomic,plc_conditional,0,,,1,816,816,816,0,,446,1,authorization_committed,executed:RUN:816,1,RUN,0,0,18.66692304611206,
xair_atomic,plc_conditional,1,pause,,1,816,816,817,0,6,447,1,authorization_committed,refused:version_changed:817,0,,0,1,22.8408332914114,6.2547046691179276
xair,plc_predicate,1,pause,,1,818,818,819,0,6,448,1,published_after_gate_recheck,refused:predicate_false:819,0,,0,1,20.65674588084221,6.25205971300602
xair,plc_plain,1,pause,,1,820,,,0,2,449,0,read_set_version_changed_at_gate,,0,,0,0,17.224398907274008,2.2237631492316723
xair,plc_conditional,1,pause,,1,822,822,823,0,8,450,1,published_after_gate_recheck,refused:version_changed:823,0,,0,1,18.156591802835464,8.232496213167906
xair,plc_plain,1,pause,,1,824,,,0,4,451,0,read_set_version_changed_at_gate,,0,,0,0,20.30530432239175,4.248572047799826
xair_atomic,plc_predicate,1,pause,,1,826,826,826,0,14,452,1,authorization_committed,executed:RUN:826,1,RUN,0,0,18.20597518235445,14.3319983035326
xair,plc_plain,0,,,1,828,828,828,0,,453,1,published_after_gate_recheck,executed:RUN:828,1,RUN,0,0,24.780663195997477,
xair,plc_plain,0,,,1,828,828,828,0,,454,1,published_after_gate_recheck,executed:RUN:828,1,RUN,0,0,19.914949778467417,
xair,plc_conditional,1,pause,,1,828,,,0,0,455,0,read_set_version_changed_at_gate,,0,,0,0,18.71000276878476,0.3698747605085373
xair_atomic,plc_conditional,1,pause,,1,830,830,831,0,8,456,1,authorization_committed,refused:version_changed:831,0,,0,1,19.1073608584702,8.28029541298747
xair_atomic,plc_predicate,1,pause,,1,832,832,832,0,12,457,1,authorization_committed,executed:RUN:832,1,RUN,0,0,16.322342213243246,12.273355852812529
xair_atomic,plc_plain,1,pause,,1,834,834,835,0,12,458,1,authorization_committed,executed:PAUSED:835,1,PAUSED,1,0,19.18927486985922,12.201771140098572
xair_atomic,plc_conditional,1,pause,,1,836,,,0,4,459,0,read_set_version_changed_at_commit,,0,,0,0,15.86292777210474,4.26680501550436
xair,plc_predicate,1,pause,,1,838,838,839,0,12,460,1,published_after_gate_recheck,refused:predicate_false:839,0,,0,1,26.439030654728413,12.175941839814186
xair,plc_predicate,1,pause,,1,840,840,840,0,30,461,1,published_after_gate_recheck,executed:RUN:840,1,RUN,0,0,28.497362975031137,30.140234157443047
xair_atomic,plc_conditional,1,pause,,1,842,,,0,4,462,0,read_set_version_changed_at_commit,,0,,0,0,16.903514973819256,4.161307588219643
xair,plc_predicate,1,pause,,1,844,844,845,0,12,463,1,published_after_gate_recheck,refused:predicate_false:845,0,,0,1,25.74931364506483,12.334532104432583
xair,plc_plain,1,pause,,1,846,846,847,0,16,464,1,published_after_gate_recheck,executed:PAUSED:847,1,PAUSED,1,0,25.456552859395742,16.321179922670126
xair,plc_conditional,1,pause,,1,848,848,849,0,12,465,1,published_after_gate_recheck,refused:version_changed:849,0,,0,1,21.064642816781998,12.17425987124443
xair,plc_plain,1,pause,,1,850,,,0,2,466,0,read_set_version_changed_at_gate,,0,,0,0,17.620312981307507,2.166584599763155
xair,plc_plain,0,,,1,852,852,852,0,,467,1,published_after_gate_recheck,executed:RUN:852,1,RUN,0,0,21.718762814998627,
xair,plc_predicate,1,pause,,1,852,852,853,0,10,468,1,published_after_gate_recheck,refused:predicate_false:853,0,,0,1,22.55792124196887,10.149179957807064
xair_atomic,plc_predicate,1,pause,,1,854,854,855,0,14,469,1,authorization_committed,refused:predicate_false:855,0,,0,1,23.69552105665207,14.250575099140406
xair,plc_predicate,1,pause,,1,856,,,0,2,470,0,read_set_version_changed_at_gate,,0,,0,0,17.942108679562807,2.245573792606592
xair,plc_predicate,1,pause,,1,858,858,859,0,10,471,1,published_after_gate_recheck,refused:predicate_false:859,0,,0,1,19.747744780033827,10.218301322311163
xair_atomic,plc_plain,1,pause,,1,860,860,860,0,30,472,1,authorization_committed,executed:RUN:860,1,RUN,0,0,19.58424784243107,30.323969200253487
xair,plc_plain,1,pause,,1,862,,,0,2,473,0,read_set_version_changed_at_gate,,0,,0,0,18.46595387905836,2.3037432692945004
xair_atomic,plc_conditional,1,pause,,1,864,864,864,0,20,474,1,authorization_committed,executed:RUN:864,1,RUN,0,0,23.918270133435726,20.250219851732254
xair_atomic,plc_conditional,1,pause,,1,866,866,867,0,10,475,1,authorization_committed,refused:version_changed:867,0,,0,1,20.842614118009806,10.216316673904657
xair_atomic,plc_plain,0,,,1,868,868,868,0,,476,1,authorization_committed,executed:RUN:868,1,RUN,0,0,18.086801283061504,
xair_atomic,plc_conditional,1,pause,,1,868,868,869,0,12,477,1,authorization_committed,refused:version_changed:869,0,,0,1,22.407157812267542,12.281981762498617
xair,plc_conditional,1,pause,,1,870,870,871,0,14,478,1,published_after_gate_recheck,refused:version_changed:871,0,,0,1,25.989435613155365,14.226320199668407
xair_atomic,plc_conditional,1,pause,,1,872,872,872,0,30,479,1,authorization_committed,executed:RUN:872,1,RUN,0,0,18.79720715805888,30.192111153155565
xair_atomic,plc_predicate,1,pause,,1,874,,,0,2,480,0,read_set_version_changed_at_commit,,0,,0,0,14.799536671489477,2.1723159588873386
xair,plc_conditional,1,pause,,1,876,876,877,0,6,481,1,published_after_gate_recheck,refused:version_changed:877,0,,0,1,22.650294937193394,6.156049203127623
xair,plc_plain,1,pause,,1,878,878,879,0,20,482,1,published_after_gate_recheck,executed:PAUSED:879,1,PAUSED,1,0,29.102621134370565,20.28029691427946
xair,plc_plain,1,pause,,1,880,880,881,0,6,483,1,published_after_gate_recheck,executed:PAUSED:881,1,PAUSED,1,0,20.99138405174017,6.331889890134335
xair_atomic,plc_predicate,1,pause,,1,882,882,883,0,16,484,1,authorization_committed,refused:predicate_false:883,0,,0,1,24.078852031379938,16.297195106744766
xair_atomic,plc_predicate,0,,,1,884,884,884,0,,485,1,authorization_committed,executed:RUN:884,1,RUN,0,0,21.6346038505435,
xair_atomic,plc_conditional,1,pause,,1,884,884,884,0,30,486,1,authorization_committed,executed:RUN:884,1,RUN,0,0,22.45683129876852,30.30699724331498
xair_atomic,plc_conditional,1,pause,,1,886,,,0,4,487,0,read_set_version_changed_at_commit,,0,,0,0,17.169164959341288,4.28751390427351
xair,plc_conditional,1,pause,,1,888,888,889,0,20,488,1,published_after_gate_recheck,refused:version_changed:889,0,,0,1,29.316913802176714,20.302988588809967
xair_atomic,plc_predicate,1,pause,,1,890,890,890,0,16,489,1,authorization_committed,executed:RUN:890,1,RUN,0,0,18.55069398880005,16.224127262830734
xair_atomic,plc_plain,1,pause,,1,892,892,892,0,20,490,1,authorization_committed,executed:RUN:892,1,RUN,0,0,21.194846834987402,20.248678047209978
xair_atomic,plc_predicate,1,pause,,1,894,894,895,0,12,491,1,authorization_committed,refused:predicate_false:895,0,,0,1,18.42283271253109,12.205819133669138
xair,plc_plain,1,pause,,1,896,896,897,0,12,492,1,published_after_gate_recheck,executed:PAUSED:897,1,PAUSED,1,0,25.840476155281067,12.449617963284254
xair,plc_plain,1,pause,,1,898,898,899,0,10,493,1,published_after_gate_recheck,executed:PAUSED:899,1,PAUSED,1,0,22.857715375721455,10.341581888496876
xair,plc_conditional,1,pause,,1,900,,,0,4,494,0,read_set_version_changed_at_gate,,0,,0,0,21.76782488822937,4.236238077282906
xair,plc_conditional,1,pause,,1,902,902,903,0,12,495,1,published_after_gate_recheck,refused:version_changed:903,0,,0,1,23.286671843379736,12.283213902264833
xair,plc_plain,1,pause,,1,904,,,0,2,496,0,read_set_version_changed_at_gate,,0,,0,0,18.214610870927572,2.2197458893060684
xair,plc_predicate,1,pause,,1,906,906,906,0,20,497,1,published_after_gate_recheck,executed:RUN:906,1,RUN,0,0,19.73802736029029,20.178966224193573
xair_atomic,plc_predicate,1,pause,,1,908,908,908,0,20,498,1,authorization_committed,executed:RUN:908,1,RUN,0,0,22.79106993228197,20.183414220809937
xair_atomic,plc_plain,1,pause,,1,910,,,0,0,499,0,read_set_version_changed_at_commit,,0,,0,0,14.436855912208557,0.3364528529345989
xair,plc_predicate,1,pause,,1,912,912,913,0,12,500,1,published_after_gate_recheck,refused:predicate_false:913,0,,0,1,26.13724395632744,12.211209163069725
xair,plc_conditional,1,pause,,1,914,,,0,2,501,0,read_set_version_changed_at_gate,,0,,0,0,17.608681693673134,2.1912921220064163
xair,plc_conditional,1,pause,,1,916,916,916,0,20,502,1,published_after_gate_recheck,executed:RUN:916,1,RUN,0,0,26.954712346196175,20.24148404598236
xair,plc_plain,1,pause,,1,918,918,919,0,10,503,1,published_after_gate_recheck,executed:PAUSED:919,1,PAUSED,1,0,24.014090187847614,10.256962850689888
xair_atomic,plc_plain,1,pause,,1,920,920,920,0,30,504,1,authorization_committed,executed:RUN:920,1,RUN,0,0,23.823882918804884,30.27077903971076
xair,plc_predicate,1,pause,,1,922,922,922,0,16,505,1,published_after_gate_recheck,executed:RUN:922,1,RUN,0,0,24.048494640737772,16.313184052705765
xair,plc_conditional,1,pause,,1,924,924,924,0,30,506,1,published_after_gate_recheck,executed:RUN:924,1,RUN,0,0,20.97556507214904,30.256512109190226
xair,plc_conditional,1,pause,,1,926,926,926,0,30,507,1,published_after_gate_recheck,executed:RUN:926,1,RUN,0,0,29.44078715518117,30.251692980527878
xair_atomic,plc_plain,0,,,1,928,928,928,0,,508,1,authorization_committed,executed:RUN:928,1,RUN,0,0,22.219744976609945,
xair_atomic,plc_predicate,1,pause,,1,928,928,929,0,10,509,1,authorization_committed,refused:predicate_false:929,0,,0,1,22.76845695450902,10.274535976350307
xair,plc_plain,1,pause,,1,930,,,0,2,510,0,read_set_version_changed_at_gate,,0,,0,0,18.616387154906988,2.314453013241291
xair,plc_predicate,1,pause,,1,932,932,932,0,16,511,1,published_after_gate_recheck,executed:RUN:932,1,RUN,0,0,19.492024090141058,16.219078097492456
xair_atomic,plc_conditional,1,pause,,1,934,934,934,0,20,512,1,authorization_committed,executed:RUN:934,1,RUN,0,0,18.060962203890085,20.270858891308308
xair_atomic,plc_predicate,1,pause,,1,936,936,937,0,14,513,1,authorization_committed,refused:predicate_false:937,0,,0,1,24.829835165292025,14.272526372224092
xair_atomic,plc_conditional,1,pause,,1,938,938,939,0,6,514,1,authorization_committed,refused:version_changed:939,0,,0,1,21.78361499682069,6.249004043638706
xair_atomic,plc_conditional,1,pause,,1,940,940,940,0,14,515,1,authorization_committed,executed:RUN:940,1,RUN,0,0,16.839986201375723,14.288266189396381
xair,plc_predicate,1,pause,,1,942,,,0,4,516,0,read_set_version_changed_at_gate,,0,,0,0,19.911012146621943,4.228424280881882
xair,plc_predicate,1,pause,,1,944,944,945,0,12,517,1,published_after_gate_recheck,refused:predicate_false:945,0,,0,1,21.50769578292966,12.249672319740057
xair,plc_conditional,1,pause,,1,946,946,947,0,10,518,1,published_after_gate_recheck,refused:version_changed:947,0,,0,1,22.770651150494814,10.38418198004365
xair,plc_conditional,1,pause,,1,948,948,949,0,16,519,1,published_after_gate_recheck,refused:version_changed:949,0,,0,1,26.92772028967738,16.33127871900797
xair,plc_predicate,1,pause,,1,950,,,0,4,520,0,read_set_version_changed_at_gate,,0,,0,0,19.755860324949026,4.240516107529402
xair,plc_conditional,1,pause,,1,952,952,953,0,14,521,1,published_after_gate_recheck,refused:version_changed:953,0,,0,1,26.865733787417412,14.256677124649286
xair,plc_plain,1,pause,,1,954,954,955,0,14,522,1,published_after_gate_recheck,executed:PAUSED:955,1,PAUSED,1,0,27.330568060278893,14.202074147760868
xair,plc_conditional,1,pause,,1,956,,,0,4,523,0,read_set_version_changed_at_gate,,0,,0,0,20.238067023456097,4.274419974535704
xair,plc_predicate,1,pause,,1,958,,,0,2,524,0,read_set_version_changed_at_gate,,0,,0,0,17.716303933411837,2.2105881944298744
xair_atomic,plc_plain,1,pause,,1,960,960,961,0,12,525,1,authorization_committed,executed:PAUSED:961,1,PAUSED,1,0,22.457020822912455,12.225946877151728
xair,plc_conditional,1,pause,,1,962,,,0,0,526,0,read_set_version_changed_at_gate,,0,,0,0,16.66258228942752,0.3251819871366024
xair,plc_plain,1,pause,,1,964,964,964,0,20,527,1,published_after_gate_recheck,executed:RUN:964,1,RUN,0,0,22.977930959314108,20.233708899468184
xair_atomic,plc_conditional,1,pause,,1,966,966,966,0,16,528,1,authorization_committed,executed:RUN:966,1,RUN,0,0,17.221573274582624,16.22003922238946
xair,plc_predicate,1,pause,,1,968,968,969,0,6,529,1,published_after_gate_recheck,refused:predicate_false:969,0,,0,1,18.847381230443716,6.276235915720463
xair,plc_predicate,0,,,1,970,970,970,0,,530,1,published_after_gate_recheck,executed:RUN:970,1,RUN,0,0,29.53327214345336,
xair_atomic,plc_predicate,1,pause,,1,970,970,971,0,8,531,1,authorization_committed,refused:predicate_false:971,0,,0,1,18.31794623285532,8.235239889472723
xair,plc_plain,1,pause,,1,972,972,972,0,30,532,1,published_after_gate_recheck,executed:RUN:972,1,RUN,0,0,19.03804112225771,30.230131931602955
xair_atomic,plc_plain,1,pause,,1,974,974,975,0,8,533,1,authorization_committed,executed:PAUSED:975,1,PAUSED,1,0,23.100702092051506,8.176298812031746
xair,plc_conditional,1,pause,,1,976,,,0,2,534,0,read_set_version_changed_at_gate,,0,,0,0,18.10045726597309,2.1671056747436523
xair_atomic,plc_plain,1,pause,,1,978,978,978,0,14,535,1,authorization_committed,executed:RUN:978,1,RUN,0,0,18.10282189399004,14.133855700492859
xair,plc_conditional,1,pause,,1,980,,,0,0,536,0,precondition_failed: line.state == 'RUN',,0,,0,0,13.044978026300669,0.28753094375133514
xair_atomic,plc_plain,1,pause,,1,982,982,983,0,6,537,1,authorization_committed,executed:PAUSED:983,1,PAUSED,1,0,15.908995177596807,6.141662131994963
xair,plc_conditional,1,pause,,1,984,,,0,0,538,0,precondition_failed: line.state == 'RUN',,0,,0,0,12.850973289459944,0.3034910187125206
xair_atomic,plc_predicate,1,pause,,1,986,,,0,2,539,0,read_set_version_changed_at_commit,,0,,0,0,14.408252201974392,2.1581086330115795
xair_atomic,plc_conditional,1,pause,,1,988,988,989,0,6,540,1,authorization_committed,refused:version_changed:989,0,,0,1,22.358695976436138,6.143486127257347
xair,plc_conditional,1,pause,,1,990,990,990,0,16,541,1,published_after_gate_recheck,executed:RUN:990,1,RUN,0,0,22.13224023580551,16.407351940870285
xair,plc_conditional,0,,,1,992,992,992,0,,542,1,published_after_gate_recheck,executed:RUN:992,1,RUN,0,0,20.42016014456749,
xair,plc_predicate,1,pause,,1,992,992,992,0,16,543,1,published_after_gate_recheck,executed:RUN:992,1,RUN,0,0,21.999952383339405,16.230268869549036
xair,plc_predicate,1,pause,,1,994,994,995,0,4,544,1,published_after_gate_recheck,refused:predicate_false:995,0,,0,1,22.21152000129223,4.244023002684116
xair_atomic,plc_predicate,1,pause,,1,996,,,0,2,545,0,read_set_version_changed_at_commit,,0,,0,0,13.366081286221743,2.211539074778557
xair,plc_conditional,1,pause,,1,998,998,998,0,16,546,1,published_after_gate_recheck,executed:RUN:998,1,RUN,0,0,21.500261034816504,16.193709801882505
xair_atomic,plc_predicate,1,pause,,1,1000,1000,1001,0,14,547,1,authorization_committed,refused:predicate_false:1001,0,,0,1,19.418395590037107,14.211652334779501
xair,plc_conditional,1,pause,,1,1002,1002,1003,0,8,548,1,published_after_gate_recheck,refused:version_changed:1003,0,,0,1,25.053104385733604,8.234659675508738
xair_atomic,plc_conditional,1,pause,,1,1004,1004,1005,0,20,549,1,authorization_committed,refused:version_changed:1005,0,,0,1,25.83141764625907,20.244388841092587
xair,plc_plain,1,pause,,1,1006,,,0,4,550,0,read_set_version_changed_at_gate,,0,,0,0,19.754597917199135,4.292954690754414
xair_atomic,plc_predicate,1,pause,,1,1008,,,0,0,551,0,precondition_failed: line.state == 'RUN',,0,,0,0,12.781681958585978,0.5356473848223686
xair_atomic,plc_predicate,1,pause,,1,1010,1010,1010,0,30,552,1,authorization_committed,executed:RUN:1010,1,RUN,0,0,23.69694272056222,30.258054845035076
xair_atomic,plc_predicate,1,pause,,1,1012,,,0,0,553,0,read_set_version_changed_at_commit,,0,,0,0,15.018038917332888,0.33534131944179535
xair_atomic,plc_plain,1,pause,,1,1014,,,0,0,554,0,read_set_version_changed_at_commit,,0,,0,0,15.337228775024414,0.3231377340853214
xair_atomic,plc_conditional,1,pause,,1,1016,1016,1017,0,14,555,1,authorization_committed,refused:version_changed:1017,0,,0,1,19.65919928625226,14.242490287870169
xair_atomic,plc_plain,1,pause,,1,1018,1018,1019,0,12,556,1,authorization_committed,executed:PAUSED:1019,1,PAUSED,1,0,21.428597159683704,12.193857226520777
xair,plc_predicate,1,pause,,1,1020,,,0,2,557,0,read_set_version_changed_at_gate,,0,,0,0,17.843953799456358,2.185019664466381
xair_atomic,plc_conditional,1,pause,,1,1022,,,0,0,558,0,precondition_failed: line.state == 'RUN',,0,,0,0,19.18618893250823,0.5569369532167912
xair_atomic,plc_conditional,1,pause,,1,1024,,,0,6,559,0,read_set_version_changed_at_commit,,0,,0,0,18.958961125463247,6.217043846845627
xair_atomic,plc_predicate,1,pause,,1,1026,1026,1027,0,6,560,1,authorization_committed,refused:predicate_false:1027,0,,0,1,24.66206904500723,6.241840776056051
xair_atomic,plc_plain,1,pause,,1,1028,1028,1028,0,30,561,1,authorization_committed,executed:RUN:1028,1,RUN,0,0,19.63378069922328,30.193532817065716
xair,plc_conditional,0,,,1,1030,1030,1030,0,,562,1,published_after_gate_recheck,executed:RUN:1030,1,RUN,0,0,27.83417608588934,
xair_atomic,plc_plain,1,pause,,1,1030,1030,1031,0,8,563,1,authorization_committed,executed:PAUSED:1031,1,PAUSED,1,0,18.70402181521058,8.229449857026339
xair_atomic,plc_predicate,1,pause,,1,1032,,,0,2,564,0,read_set_version_changed_at_commit,,0,,0,0,14.857386704534292,2.1983752958476543
xair_atomic,plc_plain,1,pause,,1,1034,1034,1035,0,16,565,1,authorization_committed,executed:PAUSED:1035,1,PAUSED,1,0,25.972383096814156,16.22224412858486
xair_atomic,plc_conditional,1,pause,,1,1036,1036,1037,0,6,566,1,authorization_committed,refused:version_changed:1037,0,,0,1,16.847319900989532,6.201664917171001
xair_atomic,plc_plain,1,pause,,1,1038,1038,1039,0,12,567,1,authorization_committed,executed:PAUSED:1039,1,PAUSED,1,0,18.394981045275927,12.214776128530502
xair_atomic,plc_conditional,1,pause,,1,1040,,,0,2,568,0,read_set_version_changed_at_commit,,0,,0,0,15.721853356808424,2.21724109724164
xair_atomic,plc_predicate,1,pause,,1,1042,1042,1043,0,6,569,1,authorization_committed,refused:predicate_false:1043,0,,0,1,21.074611227959394,6.230680271983147
xair_atomic,plc_conditional,1,pause,,1,1044,,,0,0,570,0,precondition_failed: line.state == 'RUN',,0,,0,0,12.382461223751307,0.2814200706779957
xair_atomic,plc_plain,1,pause,,1,1046,1046,1047,0,16,571,1,authorization_committed,executed:PAUSED:1047,1,PAUSED,1,0,22.64887187629938,16.20546169579029
xair,plc_conditional,1,pause,,1,1048,1048,1048,0,20,572,1,published_after_gate_recheck,executed:RUN:1048,1,RUN,0,0,26.420666836202145,20.235241856426
xair,plc_conditional,1,pause,,1,1050,1050,1051,0,12,573,1,published_after_gate_recheck,refused:version_changed:1051,0,,0,1,22.2025029361248,12.265791185200214
xair,plc_conditional,0,,,1,1052,1052,1052,0,,574,1,published_after_gate_recheck,executed:RUN:1052,1,RUN,0,0,28.28106563538313,
xair_atomic,plc_predicate,1,pause,,1,1052,1052,1053,0,4,575,1,authorization_committed,refused:predicate_false:1053,0,,0,1,17.83125987276435,4.274559672921896
xair,plc_predicate,1,pause,,1,1054,1054,1055,0,10,576,1,published_after_gate_recheck,refused:predicate_false:1055,0,,0,1,20.394942723214626,10.28737984597683
xair_atomic,plc_plain,1,pause,,1,1056,1056,1057,0,10,577,1,authorization_committed,executed:PAUSED:1057,1,PAUSED,1,0,18.42432515695691,10.234131012111902
xair_atomic,plc_plain,1,pause,,1,1058,1058,1059,0,4,578,1,authorization_committed,executed:PAUSED:1059,1,PAUSED,1,0,21.98769897222519,4.353699274361134
xair_atomic,plc_plain,1,pause,,1,1060,1060,1060,0,16,579,1,authorization_committed,executed:RUN:1060,1,RUN,0,0,17.317865043878555,16.239676158875227
xair_atomic,plc_predicate,1,pause,,1,1062,1062,1063,0,6,580,1,authorization_committed,refused:predicate_false:1063,0,,0,1,17.045502085238695,6.307834759354591
xair,plc_conditional,1,pause,,1,1064,1064,1065,0,12,581,1,published_after_gate_recheck,refused:version_changed:1065,0,,0,1,21.781441289931536,12.219564989209175
xair_atomic,plc_predicate,1,pause,,1,1066,1066,1067,0,8,582,1,authorization_committed,refused:predicate_false:1067,0,,0,1,19.947269931435585,8.2319937646389
xair,plc_predicate,1,pause,,1,1068,,,0,0,583,0,precondition_failed: line.state == 'RUN',,0,,0,0,13.719415757805109,1.107483170926571
xair,plc_predicate,1,pause,,1,1070,1070,1070,0,16,584,1,published_after_gate_recheck,executed:RUN:1070,1,RUN,0,0,22.94084243476391,16.328964848071337
xair,plc_conditional,0,,,1,1072,1072,1072,0,,585,1,published_after_gate_recheck,executed:RUN:1072,1,RUN,0,0,21.709115244448185,
xair_atomic,plc_predicate,1,pause,,1,1072,1072,1072,0,20,586,1,authorization_committed,executed:RUN:1072,1,RUN,0,0,19.81539186090231,20.31144592911005
xair_atomic,plc_plain,1,pause,,1,1074,1074,1075,0,6,587,1,authorization_committed,executed:PAUSED:1075,1,PAUSED,1,0,25.481550954282284,6.224266719073057
xair,plc_conditional,1,pause,,1,1076,,,0,0,588,0,read_set_version_changed_at_gate,,0,,0,0,18.904348835349083,0.4253797233104706
xair,plc_predicate,0,,,1,1078,1078,1078,0,,589,1,published_after_gate_recheck,executed:RUN:1078,1,RUN,0,0,20.00650204718113,
xair_atomic,plc_predicate,0,,,1,1078,1078,1078,0,,590,1,authorization_committed,executed:RUN:1078,1,RUN,0,0,19.82893794775009,
xair,plc_plain,1,pause,,1,1078,1078,1079,0,14,591,1,published_after_gate_recheck,executed:PAUSED:1079,1,PAUSED,1,0,25.751919019967318,14.33048490434885
xair_atomic,plc_conditional,1,pause,,1,1080,,,0,0,592,0,read_set_version_changed_at_commit,,0,,0,0,14.5302708260715,0.3847428597509861
xair_atomic,plc_conditional,1,pause,,1,1082,1082,1083,0,8,593,1,authorization_committed,refused:version_changed:1083,0,,0,1,17.541596200317144,8.200965821743011
xair_atomic,plc_predicate,0,,,1,1084,1084,1084,0,,594,1,authorization_committed,executed:RUN:1084,1,RUN,0,0,24.671377148479223,
xair_atomic,plc_plain,1,pause,,1,1084,1084,1084,0,20,595,1,authorization_committed,executed:RUN:1084,1,RUN,0,0,20.90125484392047,20.187642890959978
xair_atomic,plc_conditional,1,pause,,1,1086,,,0,4,596,0,read_set_version_changed_at_commit,,0,,0,0,17.34523568302393,4.268929827958345
xair,plc_predicate,1,pause,,1,1088,1088,1088,0,20,597,1,published_after_gate_recheck,executed:RUN:1088,1,RUN,0,0,27.16227201744914,20.249248016625643
xair,plc_plain,1,pause,,1,1090,1090,1090,0,16,598,1,published_after_gate_recheck,executed:RUN:1090,1,RUN,0,0,21.78074000403285,16.297504771500826
xair,plc_predicate,1,pause,,1,1092,1092,1092,0,20,599,1,published_after_gate_recheck,executed:RUN:1092,1,RUN,0,0,22.476558107882738,20.2724221162498
xair_atomic,plc_predicate,1,pause,,1,1094,1094,1095,0,12,600,1,authorization_committed,refused:predicate_false:1095,0,,0,1,28.19606615230441,12.2489002533257
xair_atomic,plc_predicate,1,pause,,1,1096,1096,1097,0,16,601,1,authorization_committed,refused:predicate_false:1097,0,,0,1,25.57811187580228,16.27286011353135
xair_atomic,plc_predicate,1,pause,,1,1098,1098,1099,0,12,602,1,authorization_committed,refused:predicate_false:1099,0,,0,1,21.795145701617002,12.255532201379538
xair,plc_predicate,1,pause,,1,1100,,,0,0,603,0,precondition_failed: line.state == 'RUN',,0,,0,0,12.871250975877047,0.2722530625760555
xair_atomic,plc_plain,1,pause,,1,1102,,,0,4,604,0,read_set_version_changed_at_commit,,0,,0,0,16.818596050143242,4.168239887803793
xair,plc_predicate,1,pause,,1,1104,1104,1105,0,6,605,1,published_after_gate_recheck,refused:predicate_false:1105,0,,0,1,22.212200798094273,6.298427004367113
xair_atomic,plc_predicate,1,pause,,1,1106,1106,1107,0,6,606,1,authorization_committed,refused:predicate_false:1107,0,,0,1,25.413773022592068,6.205372046679258
xair_atomic,plc_predicate,1,pause,,1,1108,1108,1109,0,8,607,1,authorization_committed,refused:predicate_false:1109,0,,0,1,18.42380501329899,8.19976394996047
xair,plc_conditional,1,pause,,1,1110,1110,1111,0,6,608,1,published_after_gate_recheck,refused:version_changed:1111,0,,0,1,20.89184708893299,6.227113306522369
xair,plc_plain,0,,,1,1112,1112,1112,0,,609,1,published_after_gate_recheck,executed:RUN:1112,1,RUN,0,0,28.004677034914494,
xair_atomic,plc_plain,1,pause,,1,1112,1112,1112,0,20,610,1,authorization_committed,executed:RUN:1112,1,RUN,0,0,17.92818307876587,20.204775035381317
xair,plc_conditional,1,pause,,1,1114,1114,1115,0,14,611,1,published_after_gate_recheck,refused:version_changed:1115,0,,0,1,28.340086806565523,14.185942709445953
xair_atomic,plc_conditional,0,,,1,1116,1116,1116,0,,612,1,authorization_committed,executed:RUN:1116,1,RUN,0,0,25.656428653746843,
xair_atomic,plc_predicate,0,,,1,1116,1116,1116,0,,613,1,authorization_committed,executed:RUN:1116,1,RUN,0,0,20.649300888180733,
xair_atomic,plc_conditional,1,pause,,1,1116,,,0,0,614,0,read_set_version_changed_at_commit,,0,,0,0,14.633324928581715,0.2376367338001728
xair,plc_plain,1,pause,,1,1118,,,0,0,615,0,read_set_version_changed_at_gate,,0,,0,0,17.19387201592326,0.22874074056744576
xair_atomic,plc_plain,1,pause,,1,1120,1120,1120,0,30,616,1,authorization_committed,executed:RUN:1120,1,RUN,0,0,20.376618020236492,30.18230339512229
xair_atomic,plc_predicate,1,pause,,1,1122,,,0,2,617,0,read_set_version_changed_at_commit,,0,,0,0,16.469729132950306,2.309613861143589
xair_atomic,plc_plain,1,pause,,1,1124,,,0,4,618,0,read_set_version_changed_at_commit,,0,,0,0,17.08635874092579,4.335234872996807
xair_atomic,plc_conditional,1,pause,,1,1126,1126,1127,0,2,619,1,authorization_committed,refused:version_changed:1127,0,,0,1,27.973647695034742,2.1913819946348667
xair_atomic,plc_predicate,1,pause,,1,1128,1128,1128,0,20,620,1,authorization_committed,executed:RUN:1128,1,RUN,0,0,17.82104093581438,20.211657974869013
xair,plc_conditional,1,pause,,1,1130,,,0,0,621,0,precondition_failed: line.state == 'RUN',,0,,0,0,13.295178301632404,0.2873102203011513
xair,plc_conditional,0,,,1,1132,1132,1132,0,,622,1,published_after_gate_recheck,executed:RUN:1132,1,RUN,0,0,22.843236569315195,
xair,plc_conditional,1,pause,,1,1132,1132,1132,0,30,623,1,published_after_gate_recheck,executed:RUN:1132,1,RUN,0,0,22.123263217508793,30.240612104535103
xair,plc_conditional,1,pause,,1,1134,1134,1134,0,20,624,1,published_after_gate_recheck,executed:RUN:1134,1,RUN,0,0,18.936720211058855,20.240050740540028
xair,plc_predicate,1,pause,,1,1136,1136,1137,0,6,625,1,published_after_gate_recheck,refused:predicate_false:1137,0,,0,1,25.75436281040311,6.226320751011372
xair,plc_predicate,1,pause,,1,1138,1138,1139,0,8,626,1,published_after_gate_recheck,refused:predicate_false:1139,0,,0,1,17.708007711917162,8.239799179136753
xair,plc_predicate,1,pause,,1,1140,1140,1141,0,16,627,1,published_after_gate_recheck,refused:predicate_false:1141,0,,0,1,24.384095799177885,16.163984779268503
xair_atomic,plc_conditional,1,pause,,1,1142,1142,1143,0,8,628,1,authorization_committed,refused:version_changed:1143,0,,0,1,18.709892872720957,8.229599799960852
xair_atomic,plc_conditional,1,pause,,1,1144,1144,1145,0,10,629,1,authorization_committed,refused:version_changed:1145,0,,0,1,16.811301931738853,10.206628125160933
xair_atomic,plc_conditional,1,pause,,1,1146,1146,1147,0,8,630,1,authorization_committed,refused:version_changed:1147,0,,0,1,21.380165591835976,8.27752985060215
xair,plc_predicate,1,pause,,1,1148,1148,1149,0,8,631,1,published_after_gate_recheck,refused:predicate_false:1149,0,,0,1,20.6060903146863,8.17252229899168
xair,plc_predicate,0,,,1,1150,1150,1150,0,,632,1,published_after_gate_recheck,executed:RUN:1150,1,RUN,0,0,18.597813323140144,
xair,plc_predicate,1,pause,,1,1150,1150,1151,0,16,633,1,published_after_gate_recheck,refused:predicate_false:1151,0,,0,1,23.064034059643745,16.129549127072096
xair,plc_plain,1,pause,,1,1152,1152,1153,0,14,634,1,published_after_gate_recheck,executed:PAUSED:1153,1,PAUSED,1,0,24.006695952266455,14.241368044167757
xair,plc_predicate,1,pause,,1,1154,,,0,0,635,0,read_set_version_changed_at_gate,,0,,0,0,17.2218750230968,0.32756710425019264
xair_atomic,plc_predicate,1,pause,,1,1156,1156,1156,0,20,636,1,authorization_committed,executed:RUN:1156,1,RUN,0,0,24.106132797896862,20.19929513335228
xair_atomic,plc_conditional,1,pause,,1,1158,1158,1159,0,10,637,1,authorization_committed,refused:version_changed:1159,0,,0,1,21.49498090147972,10.191680863499641
xair,plc_predicate,1,pause,,1,1160,1160,1161,0,10,638,1,published_after_gate_recheck,refused:predicate_false:1161,0,,0,1,22.311086766421795,10.601811576634645
xair_atomic,plc_plain,1,pause,,1,1162,1162,1163,0,12,639,1,authorization_committed,executed:PAUSED:1163,1,PAUSED,1,0,22.54280261695385,12.384646106511354
xair_atomic,plc_predicate,1,pause,,1,1164,1164,1165,0,16,640,1,authorization_committed,refused:predicate_false:1165,0,,0,1,23.818102199584246,16.290452796965837
xair,plc_conditional,1,pause,,1,1166,1166,1167,0,14,641,1,published_after_gate_recheck,refused:version_changed:1167,0,,0,1,24.158140644431114,14.28227499127388
xair_atomic,plc_predicate,1,pause,,1,1168,,,0,4,642,0,read_set_version_changed_at_commit,,0,,0,0,16.917181201279163,4.221800714731216
xair_atomic,plc_plain,1,pause,,1,1170,1170,1170,0,14,643,1,authorization_committed,executed:RUN:1170,1,RUN,0,0,16.346377320587635,14.353990089148283
xair,plc_predicate,1,pause,,1,1172,1172,1173,0,6,644,1,published_after_gate_recheck,refused:predicate_false:1173,0,,0,1,19.99146305024624,6.2253703363239765
xair_atomic,plc_plain,1,pause,,1,1174,1174,1175,0,8,645,1,authorization_committed,executed:PAUSED:1175,1,PAUSED,1,0,19.23371898010373,8.284813724458218
xair_atomic,plc_plain,1,pause,,1,1176,,,0,4,646,0,read_set_version_changed_at_commit,,0,,0,0,16.744226217269897,4.222171846777201
xair_atomic,plc_plain,1,pause,,1,1178,1178,1179,0,10,647,1,authorization_committed,executed:PAUSED:1179,1,PAUSED,1,0,18.687851261347532,10.319070424884558
xair,plc_conditional,1,pause,,1,1180,1180,1181,0,16,648,1,published_after_gate_recheck,refused:version_changed:1181,0,,0,1,26.722053065896034,16.25577686354518
xair_atomic,plc_predicate,1,pause,,1,1182,1182,1183,0,16,649,1,authorization_committed,refused:predicate_false:1183,0,,0,1,24.019230157136917,16.272037755697966
xair,plc_predicate,1,pause,,1,1184,1184,1185,0,16,650,1,published_after_gate_recheck,refused:predicate_false:1185,0,,0,1,25.125441141426563,16.297474969178438
xair,plc_predicate,1,pause,,1,1186,1186,1186,0,16,651,1,published_after_gate_recheck,executed:RUN:1186,1,RUN,0,0,23.339772131294012,16.24131016433239
xair,plc_plain,1,pause,,1,1188,1188,1189,0,6,652,1,published_after_gate_recheck,executed:PAUSED:1189,1,PAUSED,1,0,21.15797810256481,6.22046971693635
xair_atomic,plc_conditional,1,pause,,1,1190,1190,1190,0,20,653,1,authorization_committed,executed:RUN:1190,1,RUN,0,0,15.763600822538137,20.229040179401636
xair_atomic,plc_predicate,1,pause,,1,1192,1192,1193,0,14,654,1,authorization_committed,refused:predicate_false:1193,0,,0,1,20.733810029923916,14.24297085031867
xair_atomic,plc_conditional,1,pause,,1,1194,1194,1195,0,14,655,1,authorization_committed,refused:version_changed:1195,0,,0,1,22.520771250128746,14.217263087630272
xair,plc_conditional,1,pause,,1,1196,1196,1196,0,30,656,1,published_after_gate_recheck,executed:RUN:1196,1,RUN,0,0,25.004363153129816,30.240131076425314
xair_atomic,plc_conditional,1,pause,,1,1198,,,0,4,657,0,read_set_version_changed_at_commit,,0,,0,0,17.10260985419154,4.224386066198349
xair,plc_conditional,1,pause,,1,1200,1200,1201,0,6,658,1,published_after_gate_recheck,refused:version_changed:1201,0,,0,1,24.25233880057931,6.27268897369504
xair_atomic,plc_plain,0,,,1,1202,1202,1202,0,,659,1,authorization_committed,executed:RUN:1202,1,RUN,0,0,23.670744150877,
xair_atomic,plc_plain,1,pause,,1,1202,1202,1203,0,16,660,1,authorization_committed,executed:PAUSED:1203,1,PAUSED,1,0,21.461849100887775,16.30111178383231
xair_atomic,plc_plain,1,pause,,1,1204,1204,1205,0,16,661,1,authorization_committed,executed:PAUSED:1205,1,PAUSED,1,0,22.61141175404191,16.18205802515149
xair,plc_plain,1,pause,,1,1206,1206,1207,0,14,662,1,published_after_gate_recheck,executed:PAUSED:1207,1,PAUSED,1,0,25.375602301210165,14.257567934691906
xair_atomic,plc_plain,1,pause,,1,1208,1208,1209,0,6,663,1,authorization_committed,executed:PAUSED:1209,1,PAUSED,1,0,16.92778104916215,6.566120777279139
xair,plc_plain,1,pause,,1,1210,,,0,0,664,0,read_set_version_changed_at_gate,,0,,0,0,18.25815299525857,0.31858962029218674
xair,plc_conditional,1,pause,,1,1212,,,0,4,665,0,read_set_version_changed_at_gate,,0,,0,0,21.24705584719777,4.1845110245049
xair,plc_plain,0,,,1,1214,1214,1214,0,,666,1,published_after_gate_recheck,executed:RUN:1214,1,RUN,0,0,21.854338236153126,
xair,plc_predicate,1,pause,,1,1214,1214,1215,0,6,667,1,published_after_gate_recheck,refused:predicate_false:1215,0,,0,1,22.311287932097912,6.159876938909292
xair_atomic,plc_plain,1,pause,,1,1216,1216,1217,0,14,668,1,authorization_committed,executed:PAUSED:1217,1,PAUSED,1,0,19.014216028153896,14.160655904561281
xair_atomic,plc_conditional,1,pause,,1,1218,1218,1219,0,10,669,1,authorization_committed,refused:version_changed:1219,0,,0,1,20.48969129100442,10.319811291992664
xair,plc_conditional,1,pause,,1,1220,,,0,4,670,0,read_set_version_changed_at_gate,,0,,0,0,21.373263094574213,4.26112487912178
xair,plc_plain,1,pause,,1,1222,1222,1223,0,16,671,1,published_after_gate_recheck,executed:PAUSED:1223,1,PAUSED,1,0,23.5780100338161,16.197226010262966
xair,plc_conditional,1,pause,,1,1224,1224,1225,0,12,672,1,published_after_gate_recheck,refused:version_changed:1225,0,,0,1,23.22849305346608,12.20042910426855
xair_atomic,plc_conditional,1,pause,,1,1226,1226,1227,0,10,673,1,authorization_committed,refused:version_changed:1227,0,,0,1,24.998211301863194,10.284515097737312
xair_atomic,plc_predicate,1,pause,,1,1228,,,0,0,674,0,precondition_failed: line.state == 'RUN',,0,,0,0,13.122864067554474,0.397516880184412
xair_atomic,plc_plain,1,pause,,1,1230,1230,1230,0,20,675,1,authorization_committed,executed:RUN:1230,1,RUN,0,0,22.452683188021183,20.14655526727438
xair_atomic,plc_predicate,1,pause,,1,1232,,,0,2,676,0,read_set_version_changed_at_commit,,0,,0,0,14.736298937350512,2.2421670146286488
xair_atomic,plc_conditional,1,pause,,1,1234,1234,1234,0,30,677,1,authorization_committed,executed:RUN:1234,1,RUN,0,0,16.695744823664427,30.1841557957232
xair,plc_conditional,1,pause,,1,1236,1236,1236,0,30,678,1,published_after_gate_recheck,executed:RUN:1236,1,RUN,0,0,25.23392392322421,30.300184153020382
xair_atomic,plc_conditional,1,pause,,1,1238,,,0,0,679,0,read_set_version_changed_at_commit,,0,,0,0,15.43401088565588,0.3893822431564331
xair,plc_plain,1,pause,,1,1240,1240,1241,0,8,680,1,published_after_gate_recheck,executed:PAUSED:1241,1,PAUSED,1,0,21.657548379153013,8.315191138535738
xair,plc_predicate,1,pause,,1,1242,1242,1242,0,30,681,1,published_after_gate_recheck,executed:RUN:1242,1,RUN,0,0,27.812915854156017,30.19444504752755
xair_atomic,plc_plain,1,pause,,1,1244,1244,1245,0,10,682,1,authorization_committed,executed:PAUSED:1245,1,PAUSED,1,0,24.524990934878588,10.252855718135834
xair_atomic,plc_predicate,1,pause,,1,1246,1246,1246,0,16,683,1,authorization_committed,executed:RUN:1246,1,RUN,0,0,19.083155784755945,16.265064012259245
xair_atomic,plc_predicate,1,pause,,1,1248,1248,1249,0,16,684,1,authorization_committed,refused:predicate_false:1249,0,,0,1,21.421562880277634,16.252731904387474
xair,plc_plain,1,pause,,1,1250,1250,1250,0,20,685,1,published_after_gate_recheck,executed:RUN:1250,1,RUN,0,0,25.149364955723286,20.192301832139492
xair_atomic,plc_conditional,1,pause,,1,1252,1252,1253,0,6,686,1,authorization_committed,refused:version_changed:1253,0,,0,1,19.407035317271948,6.170195993036032
xair_atomic,plc_predicate,1,pause,,1,1254,,,0,0,687,0,read_set_version_changed_at_commit,,0,,0,0,14.062652364373207,0.2609509974718094
xair_atomic,plc_plain,1,pause,,1,1256,1256,1257,0,14,688,1,authorization_committed,executed:PAUSED:1257,1,PAUSED,1,0,24.237609934061766,14.153162017464638
xair,plc_plain,1,pause,,1,1258,1258,1258,0,16,689,1,published_after_gate_recheck,executed:RUN:1258,1,RUN,0,0,20.67045122385025,16.154977027326822
xair_atomic,plc_predicate,1,pause,,1,1260,1260,1261,0,6,690,1,authorization_committed,refused:predicate_false:1261,0,,0,1,16.813586000353098,6.168042309582233
xair_atomic,plc_predicate,1,pause,,1,1262,1262,1262,0,16,691,1,authorization_committed,executed:RUN:1262,1,RUN,0,0,18.96307012066245,16.157953068614006
xair_atomic,plc_predicate,1,pause,,1,1264,,,0,4,692,0,read_set_version_changed_at_commit,,0,,0,0,16.970680560916662,4.157078918069601
xair,plc_plain,0,,,1,1266,1266,1266,0,,693,1,published_after_gate_recheck,executed:RUN:1266,1,RUN,0,0,25.792505126446486,
xair,plc_plain,1,pause,,1,1266,1266,1267,0,6,694,1,published_after_gate_recheck,executed:PAUSED:1267,1,PAUSED,1,0,21.216698922216892,6.1758956871926785
xair_atomic,plc_plain,1,pause,,1,1268,1268,1269,0,10,695,1,authorization_committed,executed:PAUSED:1269,1,PAUSED,1,0,25.260664988309145,10.248947888612747
xair,plc_plain,0,,,1,1270,1270,1270,0,,696,1,published_after_gate_recheck,executed:RUN:1270,1,RUN,0,0,20.53514588624239,
xair_atomic,plc_plain,1,pause,,1,1270,1270,1270,0,20,697,1,authorization_committed,executed:RUN:1270,1,RUN,0,0,19.88345105201006,20.208371803164482
xair_atomic,plc_predicate,1,pause,,1,1272,1272,1273,0,8,698,1,authorization_committed,refused:predicate_false:1273,0,,0,1,27.573004830628633,8.183643221855164
xair_atomic,plc_conditional,1,pause,,1,1274,1274,1275,0,6,699,1,authorization_committed,refused:version_changed:1275,0,,0,1,22.592735942453146,6.217435002326965
xair,plc_plain,1,pause,,1,1276,,,0,0,700,0,read_set_version_changed_at_gate,,0,,0,0,19.90700513124466,0.3796839155256748
xair_atomic,plc_plain,1,pause,,1,1278,1278,1279,0,16,701,1,authorization_committed,executed:PAUSED:1279,1,PAUSED,1,0,23.484664037823677,16.193749848753214
xair_atomic,plc_conditional,1,pause,,1,1280,,,0,0,702,0,read_set_version_changed_at_commit,,0,,0,0,13.590613845735788,0.23930007591843605
xair,plc_conditional,1,pause,,1,1282,1282,1283,0,14,703,1,published_after_gate_recheck,refused:version_changed:1283,0,,0,1,29.49015097692609,14.163441956043243
xair_atomic,plc_plain,1,pause,,1,1284,1284,1284,0,20,704,1,authorization_committed,executed:RUN:1284,1,RUN,0,0,23.94838584586978,20.25834610685706
xair,plc_conditional,1,pause,,1,1286,1286,1287,0,16,705,1,published_after_gate_recheck,refused:version_changed:1287,0,,0,1,23.647109977900982,16.17912296205759
xair,plc_conditional,1,pause,,1,1288,1288,1288,0,30,706,1,published_after_gate_recheck,executed:RUN:1288,1,RUN,0,0,22.514639887958765,30.17088072374463
xair_atomic,plc_conditional,0,,,1,1290,1290,1290,0,,707,1,authorization_committed,executed:RUN:1290,1,RUN,0,0,15.768279787153006,
xair_atomic,plc_plain,1,pause,,1,1290,1290,1291,0,12,708,1,authorization_committed,executed:PAUSED:1291,1,PAUSED,1,0,22.06149697303772,12.20317417755723
xair_atomic,plc_conditional,1,pause,,1,1292,1292,1293,0,16,709,1,authorization_committed,refused:version_changed:1293,0,,0,1,22.6085870526731,16.18682686239481
xair,plc_predicate,1,pause,,1,1294,1294,1294,0,20,710,1,published_after_gate_recheck,executed:RUN:1294,1,RUN,0,0,25.10683611035347,20.201479084789753
xair,plc_plain,0,,,1,1296,1296,1296,0,,711,1,published_after_gate_recheck,executed:RUN:1296,1,RUN,0,0,20.41348721832037,
xair,plc_predicate,1,pause,,1,1296,1296,1297,0,6,712,1,published_after_gate_recheck,refused:predicate_false:1297,0,,0,1,21.98655577376485,6.2096300534904
xair_atomic,plc_plain,1,pause,,1,1298,,,0,0,713,0,precondition_failed: line.state == 'RUN',,0,,0,0,13.719877228140831,0.3343690186738968
xair_atomic,plc_plain,1,pause,,1,1300,1300,1301,0,14,714,1,authorization_committed,executed:PAUSED:1301,1,PAUSED,1,0,20.149300806224346,14.172108378261328
xair_atomic,plc_predicate,1,pause,,1,1302,1302,1303,0,8,715,1,authorization_committed,refused:predicate_false:1303,0,,0,1,22.892270237207413,8.143677841871977
xair_atomic,plc_plain,1,pause,,1,1304,1304,1305,0,4,716,1,authorization_committed,executed:PAUSED:1305,1,PAUSED,1,0,17.0222083106637,4.208106081932783
xair,plc_plain,1,pause,,1,1306,1306,1307,0,10,717,1,published_after_gate_recheck,executed:PAUSED:1307,1,PAUSED,1,0,21.06855995953083,10.209434200078249
xair_atomic,plc_plain,0,,,1,1308,1308,1308,0,,718,1,authorization_committed,executed:RUN:1308,1,RUN,0,0,15.98411612212658,
xair,plc_predicate,1,pause,,1,1308,1308,1309,0,14,719,1,published_after_gate_recheck,refused:predicate_false:1309,0,,0,1,25.355342775583267,14.176336117088795
xair,plc_plain,1,pause,,1,1310,1310,1311,0,20,720,1,published_after_gate_recheck,executed:PAUSED:1311,1,PAUSED,1,0,28.46878906711936,20.23311797529459
xair_atomic,plc_plain,1,pause,,1,1312,1312,1313,0,8,721,1,authorization_committed,executed:PAUSED:1313,1,PAUSED,1,0,18.838184885680676,8.190876804292202
xair_atomic,plc_plain,1,pause,,1,1314,1314,1315,0,6,722,1,authorization_committed,executed:PAUSED:1315,1,PAUSED,1,0,17.443880904465914,6.307284347712994
xair_atomic,plc_plain,1,pause,,1,1316,1316,1317,0,6,723,1,authorization_committed,executed:PAUSED:1317,1,PAUSED,1,0,17.788269091397524,6.243623793125153
xair,plc_predicate,1,pause,,1,1318,1318,1319,0,10,724,1,published_after_gate_recheck,refused:predicate_false:1319,0,,0,1,22.179819643497467,10.230624116957188
xair,plc_predicate,1,pause,,1,1320,1320,1321,0,6,725,1,published_after_gate_recheck,refused:predicate_false:1321,0,,0,1,18.595787696540356,6.243163254112005
xair_atomic,plc_predicate,1,pause,,1,1322,1322,1323,0,6,726,1,authorization_committed,refused:predicate_false:1323,0,,0,1,16.727574169635773,6.191777065396309
xair_atomic,plc_conditional,1,pause,,1,1324,1324,1325,0,10,727,1,authorization_committed,refused:version_changed:1325,0,,0,1,17.00315298512578,10.224753059446812
xair,plc_predicate,1,pause,,1,1326,1326,1326,0,20,728,1,published_after_gate_recheck,executed:RUN:1326,1,RUN,0,0,25.577359832823277,20.217888988554478
xair,plc_predicate,0,,,1,1328,1328,1328,0,,729,1,published_after_gate_recheck,executed:RUN:1328,1,RUN,0,0,22.438126150518656,
xair,plc_plain,1,pause,,1,1328,,,0,2,730,0,read_set_version_changed_at_gate,,0,,0,0,18.312154803425074,2.2763018496334553
xair_atomic,plc_predicate,1,pause,,1,1330,1330,1330,0,20,731,1,authorization_committed,executed:RUN:1330,1,RUN,0,0,18.56208499521017,20.220885053277016
xair_atomic,plc_plain,1,pause,,1,1332,1332,1333,0,10,732,1,authorization_committed,executed:PAUSED:1333,1,PAUSED,1,0,15.36424970254302,10.33004093915224
xair_atomic,plc_plain,1,pause,,1,1334,1334,1335,0,8,733,1,authorization_committed,executed:PAUSED:1335,1,PAUSED,1,0,20.250311121344566,8.222626987844706
xair_atomic,plc_conditional,1,pause,,1,1336,1336,1337,0,4,734,1,authorization_committed,refused:version_changed:1337,0,,0,1,23.70623080059886,4.333901684731245
xair_atomic,plc_conditional,1,pause,,1,1338,,,0,2,735,0,read_set_version_changed_at_commit,,0,,0,0,14.64836299419403,2.269138116389513
xair,plc_plain,1,pause,,1,1340,,,0,0,736,0,precondition_failed: line.state == 'RUN',,0,,0,0,12.72450527176261,0.3024493344128132
xair_atomic,plc_conditional,1,pause,,1,1342,1342,1342,0,20,737,1,authorization_committed,executed:RUN:1342,1,RUN,0,0,21.161113865673542,20.23444091901183
xair_atomic,plc_conditional,1,pause,,1,1344,1344,1345,0,8,738,1,authorization_committed,refused:version_changed:1345,0,,0,1,17.820830922573805,8.162593934684992
xair_atomic,plc_plain,1,pause,,1,1346,1346,1347,0,12,739,1,authorization_committed,executed:PAUSED:1347,1,PAUSED,1,0,26.785633992403746,12.204827275127172
xair_atomic,plc_plain,1,pause,,1,1348,1348,1349,0,6,740,1,authorization_committed,executed:PAUSED:1349,1,PAUSED,1,0,16.187689267098904,6.204220000654459
xair,plc_predicate,1,pause,,1,1350,,,0,0,741,0,read_set_version_changed_at_gate,,0,,0,0,17.22488971427083,0.21539488807320595
xair_atomic,plc_predicate,1,pause,,1,1352,,,0,2,742,0,read_set_version_changed_at_commit,,0,,0,0,14.434230048209429,2.216189168393612
xair_atomic,plc_conditional,1,pause,,1,1354,1354,1355,0,12,743,1,authorization_committed,refused:version_changed:1355,0,,0,1,22.553824353963137,12.186122126877308
xair_atomic,plc_plain,1,pause,,1,1356,1356,1356,0,30,744,1,authorization_committed,executed:RUN:1356,1,RUN,0,0,22.316826973110437,30.21318092942238
xair_atomic,plc_plain,0,,,1,1358,1358,1358,0,,745,1,authorization_committed,executed:RUN:1358,1,RUN,0,0,17.311221919953823,
xair,plc_conditional,1,pause,,1,1358,,,0,4,746,0,read_set_version_changed_at_gate,,0,,0,0,20.298120100051165,4.201643168926239
xair,plc_plain,1,pause,,1,1360,1360,1361,0,10,747,1,published_after_gate_recheck,executed:PAUSED:1361,1,PAUSED,1,0,26.322853285819292,10.239670984447002
xair,plc_predicate,1,pause,,1,1362,1362,1363,0,10,748,1,published_after_gate_recheck,refused:predicate_false:1363,0,,0,1,22.57072599604726,10.188052896410227
xair,plc_predicate,1,pause,,1,1364,1364,1365,0,8,749,1,published_after_gate_recheck,refused:predicate_false:1365,0,,0,1,27.73384703323245,8.189132902771235
xair,plc_conditional,1,pause,,1,1366,,,0,0,750,0,precondition_failed: line.state == 'RUN',,0,,0,0,12.717610690742731,0.30898116528987885
xair,plc_predicate,1,pause,,1,1368,1368,1369,0,12,751,1,published_after_gate_recheck,refused:predicate_false:1369,0,,0,1,23.17594364285469,12.325603980571032
xair,plc_plain,1,pause,,1,1370,1370,1370,0,20,752,1,published_after_gate_recheck,executed:RUN:1370,1,RUN,0,0,23.789397906512022,20.229761954396963
xair_atomic,plc_predicate,1,pause,,1,1372,1372,1373,0,8,753,1,authorization_committed,refused:predicate_false:1373,0,,0,1,18.11628695577383,8.231874089688063
xair,plc_conditional,1,pause,,1,1374,1374,1375,0,6,754,1,published_after_gate_recheck,refused:version_changed:1375,0,,0,1,19.423095043748617,6.206443998962641
xair,plc_conditional,1,pause,,1,1376,,,0,0,755,0,read_set_version_changed_at_gate,,0,,0,0,17.373098991811275,0.6848382763564587
xair_atomic,plc_plain,1,pause,,1,1378,1378,1379,0,10,756,1,authorization_committed,executed:PAUSED:1379,1,PAUSED,1,0,27.0772622898221,10.23316802456975
xair,plc_predicate,1,pause,,1,1380,1380,1380,0,30,757,1,published_after_gate_recheck,executed:RUN:1380,1,RUN,0,0,21.13662799820304,30.219231732189655
xair,plc_conditional,1,pause,,1,1382,1382,1383,0,10,758,1,published_after_gate_recheck,refused:version_changed:1383,0,,0,1,25.248631834983826,10.230583138763905
xair,plc_predicate,1,pause,,1,1384,1384,1384,0,20,759,1,published_after_gate_recheck,executed:RUN:1384,1,RUN,0,0,18.57627183198929,20.20038617774844
xair,plc_predicate,1,pause,,1,1386,1386,1387,0,14,760,1,published_after_gate_recheck,refused:predicate_false:1387,0,,0,1,26.637504808604717,14.183568768203259
xair_atomic,plc_conditional,1,pause,,1,1388,,,0,0,761,0,read_set_version_changed_at_commit,,0,,0,0,14.937116764485836,0.43857377022504807
xair,plc_plain,1,pause,,1,1390,,,0,4,762,0,read_set_version_changed_at_gate,,0,,0,0,20.00066079199314,4.189400002360344
xair_atomic,plc_conditional,1,pause,,1,1392,1392,1392,0,14,763,1,authorization_committed,executed:RUN:1392,1,RUN,0,0,18.160329200327396,14.284418895840645
xair,plc_plain,1,pause,,1,1394,,,0,2,764,0,read_set_version_changed_at_gate,,0,,0,0,18.17665994167328,2.2337818518280983
xair_atomic,plc_conditional,1,pause,,1,1396,,,0,2,765,0,read_set_version_changed_at_commit,,0,,0,0,13.920474797487259,2.185760997235775
xair,plc_conditional,1,pause,,1,1398,1398,1399,0,16,766,1,published_after_gate_recheck,refused:version_changed:1399,0,,0,1,29.552378226071596,16.176738310605288
xair_atomic,plc_plain,1,pause,,1,1400,1400,1400,0,30,767,1,authorization_committed,executed:RUN:1400,1,RUN,0,0,16.3017432205379,30.186710879206657
xair_atomic,plc_plain,1,pause,,1,1402,1402,1403,0,16,768,1,authorization_committed,executed:PAUSED:1403,1,PAUSED,1,0,20.672764629125595,16.319145914167166
xair,plc_predicate,1,pause,,1,1404,1404,1405,0,12,769,1,published_after_gate_recheck,refused:predicate_false:1405,0,,0,1,24.049396626651287,12.230394873768091
xair_atomic,plc_predicate,1,pause,,1,1406,1406,1407,0,16,770,1,authorization_committed,refused:predicate_false:1407,0,,0,1,24.068211670964956,16.256548929959536
xair_atomic,plc_conditional,1,pause,,1,1408,1408,1409,0,8,771,1,authorization_committed,refused:version_changed:1409,0,,0,1,23.247528355568647,8.18821182474494
xair,plc_plain,1,pause,,1,1410,1410,1411,0,12,772,1,published_after_gate_recheck,executed:PAUSED:1411,1,PAUSED,1,0,26.714719831943512,12.24867906421423
xair,plc_conditional,1,pause,,1,1412,1412,1412,0,30,773,1,published_after_gate_recheck,executed:RUN:1412,1,RUN,0,0,25.52111493423581,30.17933713272214
xair_atomic,plc_predicate,1,pause,,1,1414,1414,1415,0,6,774,1,authorization_committed,refused:predicate_false:1415,0,,0,1,18.772141076624393,6.2784492038190365
xair_atomic,plc_conditional,1,pause,,1,1416,,,0,4,775,0,read_set_version_changed_at_commit,,0,,0,0,17.821623012423515,4.5656077563762665
xair_atomic,plc_conditional,1,pause,,1,1418,1418,1418,0,16,776,1,authorization_committed,executed:RUN:1418,1,RUN,0,0,16.664013732224703,16.193308867514133
xair_atomic,plc_conditional,0,,,1,1420,1420,1420,0,,777,1,authorization_committed,executed:RUN:1420,1,RUN,0,0,16.871634870767593,
xair,plc_predicate,1,pause,,1,1420,1420,1421,0,6,778,1,published_after_gate_recheck,refused:predicate_false:1421,0,,0,1,25.68336110562086,6.207045167684555
xair_atomic,plc_predicate,1,pause,,1,1422,1422,1423,0,20,779,1,authorization_committed,refused:predicate_false:1423,0,,0,1,25.470138993114233,20.18881496042013
xair_atomic,plc_conditional,1,pause,,1,1424,,,0,2,780,0,read_set_version_changed_at_commit,,0,,0,0,15.836508944630623,2.212411258369684
xair_atomic,plc_plain,1,pause,,1,1426,1426,1427,0,14,781,1,authorization_committed,executed:PAUSED:1427,1,PAUSED,1,0,24.990055710077286,14.322530943900347
xair,plc_plain,1,pause,,1,1428,1428,1429,0,12,782,1,published_after_gate_recheck,executed:PAUSED:1429,1,PAUSED,1,0,30.192921869456768,12.274076696485281
xair_atomic,plc_predicate,1,pause,,1,1430,1430,1431,0,12,783,1,authorization_committed,refused:predicate_false:1431,0,,0,1,24.8193247243762,12.267204001545906
xair_atomic,plc_predicate,1,pause,,1,1432,1432,1432,0,14,784,1,authorization_committed,executed:RUN:1432,1,RUN,0,0,17.141693271696568,14.291152358055115
xair_atomic,plc_plain,1,pause,,1,1434,1434,1435,0,8,785,1,authorization_committed,executed:PAUSED:1435,1,PAUSED,1,0,21.24830801039934,8.22253618389368
xair_atomic,plc_predicate,1,pause,,1,1436,1436,1437,0,10,786,1,authorization_committed,refused:predicate_false:1437,0,,0,1,17.665267921984196,10.244669858366251
xair,plc_plain,1,pause,,1,1438,1438,1439,0,6,787,1,published_after_gate_recheck,executed:PAUSED:1439,1,PAUSED,1,0,24.96936684474349,6.229596678167582
xair,plc_conditional,1,pause,,1,1440,1440,1441,0,10,788,1,published_after_gate_recheck,refused:version_changed:1441,0,,0,1,18.568628001958132,10.20829239860177
xair_atomic,plc_conditional,1,pause,,1,1442,1442,1443,0,14,789,1,authorization_committed,refused:version_changed:1443,0,,0,1,19.570932257920504,14.167088083922863
xair_atomic,plc_conditional,1,pause,,1,1444,1444,1444,0,20,790,1,authorization_committed,executed:RUN:1444,1,RUN,0,0,22.628312930464745,20.261462312191725
xair_atomic,plc_plain,1,pause,,1,1446,1446,1447,0,8,791,1,authorization_committed,executed:PAUSED:1447,1,PAUSED,1,0,20.53931402042508,8.192028850317001
xair_atomic,plc_conditional,1,pause,,1,1448,,,0,4,792,0,read_set_version_changed_at_commit,,0,,0,0,15.985649079084396,4.414093215018511
xair,plc_conditional,1,pause,,1,1450,1450,1451,0,12,793,1,published_after_gate_recheck,refused:version_changed:1451,0,,0,1,20.56081499904394,12.214494869112968
xair,plc_predicate,1,pause,,1,1452,1452,1453,0,12,794,1,published_after_gate_recheck,refused:predicate_false:1453,0,,0,1,31.114414799958467,12.228031177073717
xair_atomic,plc_plain,1,pause,,1,1454,1454,1455,0,14,795,1,authorization_committed,executed:PAUSED:1455,1,PAUSED,1,0,24.4066477753222,14.219406060874462
xair_atomic,plc_conditional,1,pause,,1,1456,1456,1456,0,16,796,1,authorization_committed,executed:RUN:1456,1,RUN,0,0,18.55917926877737,16.18539495393634
xair,plc_plain,1,pause,,1,1458,1458,1459,0,14,797,1,published_after_gate_recheck,executed:PAUSED:1459,1,PAUSED,1,0,22.571266163140535,14.15237132459879
xair,plc_conditional,1,pause,,1,1460,1460,1460,0,20,798,1,published_after_gate_recheck,executed:RUN:1460,1,RUN,0,0,22.19365630298853,20.164548885077238
xair_atomic,plc_plain,1,pause,,1,1462,1462,1463,0,6,799,1,authorization_committed,executed:PAUSED:1463,1,PAUSED,1,0,16.015054192394018,6.200001575052738
xair_atomic,plc_predicate,1,pause,,1,1464,1464,1465,0,4,800,1,authorization_committed,refused:predicate_false:1465,0,,0,1,23.40996405109763,4.162749741226435
xair,plc_predicate,1,pause,,1,1466,1466,1467,0,14,801,1,published_after_gate_recheck,refused:predicate_false:1467,0,,0,1,21.40843914821744,14.177015982568264
xair,plc_conditional,1,pause,,1,1468,1468,1469,0,8,802,1,published_after_gate_recheck,refused:version_changed:1469,0,,0,1,22.68431894481182,8.175387047231197
xair,plc_predicate,1,pause,,1,1470,1470,1471,0,16,803,1,published_after_gate_recheck,refused:predicate_false:1471,0,,0,1,28.10287196189165,16.337319742888212
xair_atomic,plc_predicate,1,pause,,1,1472,1472,1473,0,14,804,1,authorization_committed,refused:predicate_false:1473,0,,0,1,24.591606575995684,14.194348827004433
xair_atomic,plc_plain,0,,,1,1474,1474,1474,0,,805,1,authorization_committed,executed:RUN:1474,1,RUN,0,0,18.252002075314522,
xair,plc_plain,1,pause,,1,1474,,,0,0,806,0,read_set_version_changed_at_gate,,0,,0,0,17.812425270676613,0.2827206626534462
xair,plc_conditional,1,pause,,1,1476,1476,1477,0,8,807,1,published_after_gate_recheck,refused:version_changed:1477,0,,0,1,26.515485253185034,8.22293758392334
xair,plc_conditional,1,pause,,1,1478,1478,1479,0,6,808,1,published_after_gate_recheck,refused:version_changed:1479,0,,0,1,27.18218881636858,6.214600056409836
xair,plc_conditional,1,pause,,1,1480,1480,1480,0,30,809,1,published_after_gate_recheck,executed:RUN:1480,1,RUN,0,0,17.99631118774414,30.188484117388725
xair_atomic,plc_predicate,1,pause,,1,1482,,,0,0,810,0,read_set_version_changed_at_commit,,0,,0,0,15.999926254153252,0.2929805777966976
xair_atomic,plc_plain,1,pause,,1,1484,1484,1485,0,8,811,1,authorization_committed,executed:PAUSED:1485,1,PAUSED,1,0,23.095482029020786,8.201667107641697
xair_atomic,plc_plain,1,pause,,1,1486,,,0,2,812,0,read_set_version_changed_at_commit,,0,,0,0,14.064064715057611,2.199266105890274
xair,plc_predicate,1,pause,,1,1488,1488,1489,0,8,813,1,published_after_gate_recheck,refused:predicate_false:1489,0,,0,1,25.32052807509899,8.187439758330584
xair_atomic,plc_conditional,1,pause,,1,1490,,,0,4,814,0,read_set_version_changed_at_commit,,0,,0,0,17.11014285683632,4.215418826788664
xair,plc_plain,1,pause,,1,1492,1492,1493,0,6,815,1,published_after_gate_recheck,executed:PAUSED:1493,1,PAUSED,1,0,27.66005927696824,6.2032281421124935
xair_atomic,plc_conditional,1,pause,,1,1494,1494,1494,0,30,816,1,authorization_committed,executed:RUN:1494,1,RUN,0,0,25.29496932402253,30.19116912037134
xair,plc_plain,1,pause,,1,1496,1496,1497,0,14,817,1,published_after_gate_recheck,executed:PAUSED:1497,1,PAUSED,1,0,25.68406192585826,14.200470875948668
xair_atomic,plc_conditional,0,,,1,1498,1498,1498,0,,818,1,authorization_committed,executed:RUN:1498,1,RUN,0,0,26.126163080334663,
xair_atomic,plc_conditional,1,pause,,1,1498,1498,1499,0,8,819,1,authorization_committed,refused:version_changed:1499,0,,0,1,20.64238814637065,8.216955699026585
xair,plc_plain,1,pause,,1,1500,,,0,4,820,0,read_set_version_changed_at_gate,,0,,0,0,20.384082105010748,4.214778076857328
xair_atomic,plc_predicate,1,pause,,1,1502,1502,1503,0,8,821,1,authorization_committed,refused:predicate_false:1503,0,,0,1,16.342480201274157,8.177421055734158
xair,plc_conditional,1,pause,,1,1504,1504,1505,0,8,822,1,published_after_gate_recheck,refused:version_changed:1505,0,,0,1,25.533868931233883,8.203741163015366
xair_atomic,plc_predicate,1,pause,,1,1506,1506,1507,0,6,823,1,authorization_committed,refused:predicate_false:1507,0,,0,1,24.48190003633499,6.232312880456448
xair,plc_plain,1,pause,,1,1508,1508,1508,0,20,824,1,published_after_gate_recheck,executed:RUN:1508,1,RUN,0,0,21.627741865813732,20.199975930154324
xair,plc_conditional,1,pause,,1,1510,1510,1511,0,10,825,1,published_after_gate_recheck,refused:version_changed:1511,0,,0,1,27.246340177953243,10.205796919763088
xair_atomic,plc_plain,1,pause,,1,1512,1512,1513,0,14,826,1,authorization_committed,executed:PAUSED:1513,1,PAUSED,1,0,24.716712068766356,14.249022118747234
xair_atomic,plc_conditional,1,pause,,1,1514,,,0,2,827,0,read_set_version_changed_at_commit,,0,,0,0,16.132505144923925,2.2350437939167023
xair_atomic,plc_conditional,1,pause,,1,1516,,,0,2,828,0,read_set_version_changed_at_commit,,0,,0,0,15.489937271922827,2.3221480660140514
xair,plc_plain,1,pause,,1,1518,1518,1519,0,8,829,1,published_after_gate_recheck,executed:PAUSED:1519,1,PAUSED,1,0,22.287162020802498,8.246241137385368
xair,plc_conditional,1,pause,,1,1520,,,0,0,830,0,read_set_version_changed_at_gate,,0,,0,0,18.07454787194729,0.3429451026022434
xair,plc_conditional,1,pause,,1,1522,1522,1522,0,30,831,1,published_after_gate_recheck,executed:RUN:1522,1,RUN,0,0,29.454984236508608,30.851611867547035
xair,plc_predicate,1,pause,,1,1524,1524,1525,0,16,832,1,published_after_gate_recheck,refused:predicate_false:1525,0,,0,1,25.1890211366117,16.21572207659483
xair,plc_predicate,1,pause,,1,1526,,,0,4,833,0,read_set_version_changed_at_gate,,0,,0,0,20.788813941180706,4.783939104527235
xair_atomic,plc_plain,1,pause,,1,1528,1528,1529,0,14,834,1,authorization_committed,executed:PAUSED:1529,1,PAUSED,1,0,26.58504620194435,14.237159863114357
xair,plc_plain,0,,,1,1530,1530,1530,0,,835,1,published_after_gate_recheck,executed:RUN:1530,1,RUN,0,0,21.11967606469989,
xair_atomic,plc_plain,1,pause,,1,1530,,,0,2,836,0,read_set_version_changed_at_commit,,0,,0,0,15.675304923206568,2.199547365307808
xair,plc_conditional,1,pause,,1,1532,1532,1532,0,30,837,1,published_after_gate_recheck,executed:RUN:1532,1,RUN,0,0,23.759962059557438,30.348164029419422
xair_atomic,plc_conditional,1,pause,,1,1534,1534,1534,0,20,838,1,authorization_committed,executed:RUN:1534,1,RUN,0,0,16.95855939760804,20.25642292574048
xair_atomic,plc_plain,1,pause,,1,1536,,,0,2,839,0,read_set_version_changed_at_commit,,0,,0,0,15.528609044849873,2.302480861544609
xair_atomic,plc_predicate,1,pause,,1,1538,,,0,0,840,0,read_set_version_changed_at_commit,,0,,0,0,15.201594214886427,0.3307419829070568
xair,plc_conditional,1,pause,,1,1540,1540,1541,0,12,841,1,published_after_gate_recheck,refused:version_changed:1541,0,,0,1,24.124708957970142,12.87454692646861
xair,plc_conditional,0,,,1,1542,1542,1542,0,,842,1,published_after_gate_recheck,executed:RUN:1542,1,RUN,0,0,22.188766859471798,
xair,plc_predicate,1,pause,,1,1542,1542,1543,0,4,843,1,published_after_gate_recheck,refused:predicate_false:1543,0,,0,1,22.305757272988558,4.254622850567102
xair,plc_conditional,1,pause,,1,1544,1544,1545,0,8,844,1,published_after_gate_recheck,refused:version_changed:1545,0,,0,1,19.50720278546214,8.188212290406227
xair,plc_plain,1,pause,,1,1546,1546,1546,0,20,845,1,published_after_gate_recheck,executed:RUN:1546,1,RUN,0,0,18.937289714813232,20.18062025308609
xair,plc_plain,1,pause,,1,1548,1548,1549,0,8,846,1,published_after_gate_recheck,executed:PAUSED:1549,1,PAUSED,1,0,27.093953918665648,8.244988974183798
xair_atomic,plc_plain,1,pause,,1,1550,1550,1551,0,20,847,1,authorization_committed,executed:PAUSED:1551,1,PAUSED,1,0,24.631700944155455,20.23386023938656
xair_atomic,plc_conditional,1,pause,,1,1552,,,0,2,848,0,read_set_version_changed_at_commit,,0,,0,0,14.46293480694294,2.188456244766712
xair_atomic,plc_conditional,1,pause,,1,1554,1554,1555,0,6,849,1,authorization_committed,refused:version_changed:1555,0,,0,1,16.961444169282913,6.210532039403915
xair,plc_conditional,1,pause,,1,1556,1556,1556,0,20,850,1,published_after_gate_recheck,executed:RUN:1556,1,RUN,0,0,20.277531817555428,20.18398605287075
xair,plc_conditional,1,pause,,1,1558,1558,1559,0,6,851,1,published_after_gate_recheck,refused:version_changed:1559,0,,0,1,26.442978996783495,6.232302635908127
xair_atomic,plc_predicate,1,pause,,1,1560,1560,1561,0,14,852,1,authorization_committed,refused:predicate_false:1561,0,,0,1,25.834002997726202,14.199910219758749
xair_atomic,plc_conditional,1,pause,,1,1562,1562,1562,0,16,853,1,authorization_committed,executed:RUN:1562,1,RUN,0,0,19.051576033234596,16.224839258939028
xair,plc_plain,1,pause,,1,1564,1564,1565,0,14,854,1,published_after_gate_recheck,executed:PAUSED:1565,1,PAUSED,1,0,24.52360885217786,14.240517280995846
xair,plc_predicate,1,pause,,1,1566,1566,1567,0,10,855,1,published_after_gate_recheck,refused:predicate_false:1567,0,,0,1,24.14025692269206,10.27689129114151
xair,plc_conditional,1,pause,,1,1568,,,0,4,856,0,read_set_version_changed_at_gate,,0,,0,0,19.86435428261757,4.2692213319242
xair_atomic,plc_conditional,1,pause,,1,1570,1570,1570,0,30,857,1,authorization_committed,executed:RUN:1570,1,RUN,0,0,23.035889957100153,30.247163958847523
xair,plc_conditional,1,pause,,1,1572,1572,1573,0,14,858,1,published_after_gate_recheck,refused:version_changed:1573,0,,0,1,22.438927087932825,14.20256495475769
xair_atomic,plc_predicate,1,pause,,1,1574,1574,1574,0,30,859,1,authorization_committed,executed:RUN:1574,1,RUN,0,0,18.878199625760317,30.203282367438078
xair_atomic,plc_conditional,1,pause,,1,1576,1576,1577,0,10,860,1,authorization_committed,refused:version_changed:1577,0,,0,1,15.000786166638136,10.200806893408298
xair_atomic,plc_predicate,1,pause,,1,1578,1578,1579,0,12,861,1,authorization_committed,refused:predicate_false:1579,0,,0,1,22.15556474402547,12.248669285327196
xair,plc_predicate,1,pause,,1,1580,,,0,2,862,0,read_set_version_changed_at_gate,,0,,0,0,17.945215106010437,2.2032740525901318
xair,plc_predicate,1,pause,,1,1582,,,0,0,863,0,read_set_version_changed_at_gate,,0,,0,0,16.976833809167147,0.2293810248374939
xair,plc_plain,1,pause,,1,1584,1584,1585,0,12,864,1,published_after_gate_recheck,executed:PAUSED:1585,1,PAUSED,1,0,21.528394892811775,12.181262951344252
xair_atomic,plc_plain,1,pause,,1,1586,1586,1587,0,16,865,1,authorization_committed,executed:PAUSED:1587,1,PAUSED,1,0,20.1516249217093,16.166670247912407
xair_atomic,plc_conditional,1,pause,,1,1588,1588,1589,0,4,866,1,authorization_committed,refused:version_changed:1589,0,,0,1,20.480904262512922,4.165214952081442
xair_atomic,plc_conditional,1,pause,,1,1590,1590,1590,0,16,867,1,authorization_committed,executed:RUN:1590,1,RUN,0,0,18.608042038977146,16.19562366977334
xair,plc_predicate,1,pause,,1,1592,1592,1593,0,12,868,1,published_after_gate_recheck,refused:predicate_false:1593,0,,0,1,21.65558421984315,12.186522595584393
xair_atomic,plc_plain,1,pause,,1,1594,1594,1595,0,10,869,1,authorization_committed,executed:PAUSED:1595,1,PAUSED,1,0,20.801115781068802,10.178315918892622
xair,plc_predicate,1,pause,,1,1596,1596,1596,0,16,870,1,published_after_gate_recheck,executed:RUN:1596,1,RUN,0,0,20.535627380013466,16.179183032363653
xair_atomic,plc_conditional,1,pause,,1,1598,1598,1599,0,6,871,1,authorization_committed,refused:version_changed:1599,0,,0,1,19.17758258059621,6.338443141430616
xair,plc_plain,1,pause,,1,1600,1600,1600,0,30,872,1,published_after_gate_recheck,executed:RUN:1600,1,RUN,0,0,21.61013800650835,30.21214809268713
xair_atomic,plc_conditional,1,pause,,1,1602,,,0,2,873,0,read_set_version_changed_at_commit,,0,,0,0,16.775465104728937,2.165773883461952
xair,plc_predicate,1,pause,,1,1604,1604,1604,0,20,874,1,published_after_gate_recheck,executed:RUN:1604,1,RUN,0,0,20.973289851099253,20.154249854385853
xair,plc_predicate,1,pause,,1,1606,1606,1607,0,12,875,1,published_after_gate_recheck,refused:predicate_false:1607,0,,0,1,29.0115000680089,12.172115966677666
xair_atomic,plc_conditional,1,pause,,1,1608,1608,1609,0,10,876,1,authorization_committed,refused:version_changed:1609,0,,0,1,25.343130342662334,10.240272153168917
xair_atomic,plc_conditional,1,pause,,1,1610,1610,1610,0,16,877,1,authorization_committed,executed:RUN:1610,1,RUN,0,0,16.946345567703247,16.196464654058218
xair_atomic,plc_predicate,1,pause,,1,1612,1612,1612,0,20,878,1,authorization_committed,executed:RUN:1612,1,RUN,0,0,17.79399998486042,20.18443727865815
xair_atomic,plc_conditional,1,pause,,1,1614,1614,1615,0,16,879,1,authorization_committed,refused:version_changed:1615,0,,0,1,25.797844864428043,16.228755936026573
xair,plc_conditional,1,pause,,1,1616,1616,1617,0,8,880,1,published_after_gate_recheck,refused:version_changed:1617,0,,0,1,20.54970385506749,8.163596037775278
xair_atomic,plc_conditional,1,pause,,1,1618,,,0,2,881,0,read_set_version_changed_at_commit,,0,,0,0,15.392213128507137,2.19609122723341
xair,plc_conditional,1,pause,,1,1620,1620,1620,0,30,882,1,published_after_gate_recheck,executed:RUN:1620,1,RUN,0,0,19.662534818053246,30.170410871505737
xair_atomic,plc_conditional,1,pause,,1,1622,1622,1623,0,16,883,1,authorization_committed,refused:version_changed:1623,0,,0,1,23.382061161100864,16.237962990999222
xair,plc_predicate,1,pause,,1,1624,1624,1624,0,30,884,1,published_after_gate_recheck,executed:RUN:1624,1,RUN,0,0,26.503923814743757,30.18314391374588
xair,plc_plain,1,pause,,1,1626,1626,1626,0,30,885,1,published_after_gate_recheck,executed:RUN:1626,1,RUN,0,0,22.59894832968712,30.195067171007395
xair,plc_predicate,0,,,1,1628,1628,1628,0,,886,1,published_after_gate_recheck,executed:RUN:1628,1,RUN,0,0,30.49532137811184,
xair,plc_conditional,1,pause,,1,1628,,,0,4,887,0,read_set_version_changed_at_gate,,0,,0,0,19.137938041239977,4.245135001838207
xair,plc_plain,1,pause,,1,1630,1630,1631,0,12,888,1,published_after_gate_recheck,executed:PAUSED:1631,1,PAUSED,1,0,19.293551333248615,12.294195126742125
xair_atomic,plc_plain,1,pause,,1,1632,1632,1633,0,10,889,1,authorization_committed,executed:PAUSED:1633,1,PAUSED,1,0,20.224472042173147,10.252314154058695
xair_atomic,plc_plain,0,,,1,1634,1634,1634,0,,890,1,authorization_committed,executed:RUN:1634,1,RUN,0,0,18.202679231762886,
xair_atomic,plc_plain,1,pause,,1,1634,,,0,0,891,0,read_set_version_changed_at_commit,,0,,0,0,13.940893113613129,0.21644681692123413
xair,plc_plain,1,pause,,1,1636,1636,1636,0,20,892,1,published_after_gate_recheck,executed:RUN:1636,1,RUN,0,0,20.595629699528217,20.205907057970762
xair_atomic,plc_conditional,1,pause,,1,1638,,,0,0,893,0,precondition_failed: line.state == 'RUN',,0,,0,0,13.738101813942194,0.23425137624144554
xair,plc_conditional,1,pause,,1,1640,,,0,4,894,0,read_set_version_changed_at_gate,,0,,0,0,20.507154054939747,4.217743873596191
xair,plc_predicate,1,pause,,1,1642,1642,1642,0,20,895,1,published_after_gate_recheck,executed:RUN:1642,1,RUN,0,0,27.33510732650757,20.236273761838675
xair,plc_conditional,1,pause,,1,1644,1644,1645,0,10,896,1,published_after_gate_recheck,refused:version_changed:1645,0,,0,1,22.313231136649847,10.229651816189289
xair_atomic,plc_predicate,0,,,1,1646,1646,1646,0,,897,1,authorization_committed,executed:RUN:1646,1,RUN,0,0,25.72267409414053,
xair_atomic,plc_plain,1,pause,,1,1646,1646,1647,0,16,898,1,authorization_committed,executed:PAUSED:1647,1,PAUSED,1,0,21.497907117009163,16.21785620227456
xair,plc_conditional,1,pause,,1,1648,,,0,2,899,0,read_set_version_changed_at_gate,,0,,0,0,18.208199180662632,2.21918523311615
xair,plc_predicate,1,pause,,1,1650,1650,1651,0,8,900,1,published_after_gate_recheck,refused:predicate_false:1651,0,,0,1,23.681505117565393,8.196167182177305
xair,plc_conditional,1,pause,,1,1652,1652,1652,0,30,901,1,published_after_gate_recheck,executed:RUN:1652,1,RUN,0,0,22.754580713808537,30.206767842173576
xair,plc_predicate,1,pause,,1,1654,1654,1655,0,8,902,1,published_after_gate_recheck,refused:predicate_false:1655,0,,0,1,20.525238011032343,8.165969979017973
xair_atomic,plc_plain,1,pause,,1,1656,1656,1657,0,10,903,1,authorization_committed,executed:PAUSED:1657,1,PAUSED,1,0,26.078893803060055,10.20123902708292
xair_atomic,plc_predicate,1,pause,,1,1658,,,0,0,904,0,read_set_version_changed_at_commit,,0,,0,0,14.753260184079409,0.2529658377170563
xair_atomic,plc_conditional,1,pause,,1,1660,1660,1661,0,16,905,1,authorization_committed,refused:version_changed:1661,0,,0,1,29.96533503755927,16.434913966804743
xair_atomic,plc_plain,1,pause,,1,1662,1662,1662,0,30,906,1,authorization_committed,executed:RUN:1662,1,RUN,0,0,23.895347025245428,30.18965572118759
xair_atomic,plc_plain,1,pause,,1,1664,1664,1664,0,20,907,1,authorization_committed,executed:RUN:1664,1,RUN,0,0,23.098248057067394,20.5856510438025
xair,plc_plain,1,pause,,1,1666,1666,1667,0,10,908,1,published_after_gate_recheck,executed:PAUSED:1667,1,PAUSED,1,0,18.780224956572056,10.252093896269798
xair_atomic,plc_predicate,1,pause,,1,1668,1668,1669,0,6,909,1,authorization_committed,refused:predicate_false:1669,0,,0,1,19.545365124940872,6.168743129819632
xair_atomic,plc_conditional,1,pause,,1,1670,1670,1670,0,20,910,1,authorization_committed,executed:RUN:1670,1,RUN,0,0,18.984179012477398,20.162454806268215
xair,plc_plain,1,pause,,1,1672,1672,1673,0,8,911,1,published_after_gate_recheck,executed:PAUSED:1673,1,PAUSED,1,0,28.92143139615655,8.1525850109756
xair,plc_predicate,1,pause,,1,1674,1674,1675,0,20,912,1,published_after_gate_recheck,refused:predicate_false:1675,0,,0,1,27.69901091232896,20.263615995645523
xair_atomic,plc_conditional,0,,,1,1676,1676,1676,0,,913,1,authorization_committed,executed:RUN:1676,1,RUN,0,0,20.090369042009115,
xair_atomic,plc_conditional,1,pause,,1,1676,1676,1677,0,6,914,1,authorization_committed,refused:version_changed:1677,0,,0,1,22.294174879789352,6.1818682588636875
xair,plc_plain,1,pause,,1,1678,,,0,4,915,0,read_set_version_changed_at_gate,,0,,0,0,19.826532807201147,4.251366946846247
xair_atomic,plc_plain,1,pause,,1,1680,,,0,2,916,0,read_set_version_changed_at_commit,,0,,0,0,14.357906766235828,2.1704719401896
xair_atomic,plc_plain,0,,,1,1682,1682,1682,0,,917,1,authorization_committed,executed:RUN:1682,1,RUN,0,0,25.974788703024387,
xair_atomic,plc_conditional,1,pause,,1,1682,1682,1683,0,16,918,1,authorization_committed,refused:version_changed:1683,0,,0,1,21.54120896011591,16.17993414402008
xair,plc_plain,1,pause,,1,1684,,,0,2,919,0,read_set_version_changed_at_gate,,0,,0,0,17.120292875915766,2.17311829328537
xair_atomic,plc_conditional,0,,,1,1686,1686,1686,0,,920,1,authorization_committed,executed:RUN:1686,1,RUN,0,0,23.99219898506999,
xair_atomic,plc_plain,1,pause,,1,1686,,,0,0,921,0,read_set_version_changed_at_commit,,0,,0,0,14.36999998986721,0.2393811009824276
xair,plc_predicate,1,pause,,1,1688,1688,1688,0,30,922,1,published_after_gate_recheck,executed:RUN:1688,1,RUN,0,0,19.080229103565216,30.6529370136559
xair,plc_predicate,1,pause,,1,1690,,,0,2,923,0,read_set_version_changed_at_gate,,0,,0,0,17.98113202676177,2.2004391066730022
xair_atomic,plc_plain,1,pause,,1,1692,1692,1693,0,6,924,1,authorization_committed,executed:PAUSED:1693,1,PAUSED,1,0,22.512786090373993,6.208317819982767
xair_atomic,plc_predicate,1,pause,,1,1694,1694,1694,0,20,925,1,authorization_committed,executed:RUN:1694,1,RUN,0,0,17.680326011031866,20.190036855638027
xair_atomic,plc_plain,1,pause,,1,1696,1696,1697,0,6,926,1,authorization_committed,executed:PAUSED:1697,1,PAUSED,1,0,24.032264947891235,6.171298213303089
xair,plc_predicate,1,pause,,1,1698,1698,1698,0,30,927,1,published_after_gate_recheck,executed:RUN:1698,1,RUN,0,0,21.52126096189022,30.183324124664068
xair_atomic,plc_conditional,1,pause,,1,1700,1700,1701,0,12,928,1,authorization_committed,refused:version_changed:1701,0,,0,1,23.637833073735237,12.162596918642521
xair,plc_predicate,1,pause,,1,1702,1702,1703,0,14,929,1,published_after_gate_recheck,refused:predicate_false:1703,0,,0,1,33.51340815424919,14.296511188149452
xair_atomic,plc_plain,0,,,1,1704,1704,1704,0,,930,1,authorization_committed,executed:RUN:1704,1,RUN,0,0,19.55585367977619,
xair,plc_predicate,1,pause,,1,1704,1704,1705,0,6,931,1,published_after_gate_recheck,refused:predicate_false:1705,0,,0,1,24.488292168825865,6.194933317601681
xair,plc_conditional,0,,,1,1706,1706,1706,0,,932,1,published_after_gate_recheck,executed:RUN:1706,1,RUN,0,0,20.014577079564333,
xair,plc_predicate,1,pause,,1,1706,1706,1707,0,4,933,1,published_after_gate_recheck,refused:predicate_false:1707,0,,0,1,19.994880072772503,4.231989849358797
xair_atomic,plc_predicate,1,pause,,1,1708,,,0,2,934,0,read_set_version_changed_at_commit,,0,,0,0,13.453145045787096,2.224855124950409
xair,plc_predicate,1,pause,,1,1710,,,0,0,935,0,read_set_version_changed_at_gate,,0,,0,0,17.221332993358374,0.24566194042563438
xair_atomic,plc_predicate,1,pause,,1,1712,1712,1712,0,20,936,1,authorization_committed,executed:RUN:1712,1,RUN,0,0,20.742576103657484,20.178745966404676
xair_atomic,plc_plain,1,pause,,1,1714,1714,1714,0,16,937,1,authorization_committed,executed:RUN:1714,1,RUN,0,0,18.891444895416498,16.266796737909317
xair_atomic,plc_conditional,1,pause,,1,1716,,,0,2,938,0,read_set_version_changed_at_commit,,0,,0,0,13.848869130015373,2.197633031755686
xair,plc_conditional,1,pause,,1,1718,1718,1719,0,10,939,1,published_after_gate_recheck,refused:version_changed:1719,0,,0,1,25.245205964893103,10.188012849539518
xair_atomic,plc_plain,1,pause,,1,1720,,,0,4,940,0,read_set_version_changed_at_commit,,0,,0,0,17.41002779453993,4.208586178719997
xair_atomic,plc_conditional,1,pause,,1,1722,1722,1723,0,6,941,1,authorization_committed,refused:version_changed:1723,0,,0,1,17.286615911871195,6.208567880094051
xair_atomic,plc_predicate,1,pause,,1,1724,1724,1725,0,12,942,1,authorization_committed,refused:predicate_false:1725,0,,0,1,19.5326111279428,12.285057920962572
xair,plc_conditional,0,,,1,1726,1726,1726,0,,943,1,published_after_gate_recheck,executed:RUN:1726,1,RUN,0,0,24.943768978118896,
xair,plc_predicate,1,pause,,1,1726,1726,1727,0,14,944,1,published_after_gate_recheck,refused:predicate_false:1727,0,,0,1,22.27916708216071,14.210980851203203
xair,plc_conditional,1,pause,,1,1728,1728,1729,0,6,945,1,published_after_gate_recheck,refused:version_changed:1729,0,,0,1,22.427625954151154,6.184423342347145
xair_atomic,plc_predicate,1,pause,,1,1730,1730,1731,0,10,946,1,authorization_committed,refused:predicate_false:1731,0,,0,1,26.023039128631353,10.184867307543755
xair,plc_plain,1,pause,,1,1732,1732,1732,0,30,947,1,published_after_gate_recheck,executed:RUN:1732,1,RUN,0,0,21.572898607701063,30.262663960456848
xair_atomic,plc_conditional,1,pause,,1,1734,1734,1735,0,10,948,1,authorization_committed,refused:version_changed:1735,0,,0,1,23.29926611855626,10.291597805917263
xair_atomic,plc_conditional,1,pause,,1,1736,,,0,0,949,0,read_set_version_changed_at_commit,,0,,0,0,14.5645160228014,0.27005793526768684
xair_atomic,plc_plain,1,pause,,1,1738,1738,1738,0,30,950,1,authorization_committed,executed:RUN:1738,1,RUN,0,0,26.47607121616602,30.166382901370525
xair_atomic,plc_predicate,1,pause,,1,1740,,,0,0,951,0,read_set_version_changed_at_commit,,0,,0,0,14.566719997674227,0.2275281585752964
xair_atomic,plc_plain,1,pause,,1,1742,,,0,0,952,0,read_set_version_changed_at_commit,,0,,0,0,15.816942322999239,0.2994230017066002
xair,plc_predicate,1,pause,,1,1744,1744,1745,0,10,953,1,published_after_gate_recheck,refused:predicate_false:1745,0,,0,1,25.78444080427289,10.177022311836481
xair,plc_plain,1,pause,,1,1746,1746,1747,0,16,954,1,published_after_gate_recheck,executed:PAUSED:1747,1,PAUSED,1,0,27.872608043253422,16.1903640255332
xair_atomic,plc_plain,0,,,1,1748,1748,1748,0,,955,1,authorization_committed,executed:RUN:1748,1,RUN,0,0,24.93161614984274,
xair,plc_conditional,0,,,1,1748,1748,1748,0,,956,1,published_after_gate_recheck,executed:RUN:1748,1,RUN,0,0,25.349452160298824,
xair_atomic,plc_conditional,1,pause,,1,1748,1748,1749,0,8,957,1,authorization_committed,refused:version_changed:1749,0,,0,1,20.474913995712996,8.223257958889008
xair_atomic,plc_conditional,1,pause,,1,1750,1750,1750,0,20,958,1,authorization_committed,executed:RUN:1750,1,RUN,0,0,17.41135073825717,20.203732885420322
xair,plc_conditional,1,pause,,1,1752,,,0,4,959,0,read_set_version_changed_at_gate,,0,,0,0,20.28357284143567,4.188968800008297
xair_atomic,plc_conditional,1,pause,,1,1754,,,0,2,960,0,read_set_version_changed_at_commit,,0,,0,0,16.39421796426177,2.259529661387205
xair,plc_plain,1,pause,,1,1756,1756,1756,0,20,961,1,published_after_gate_recheck,executed:RUN:1756,1,RUN,0,0,23.936934769153595,20.198863931000233
xair_atomic,plc_plain,0,,,1,1758,1758,1758,0,,962,1,authorization_committed,executed:RUN:1758,1,RUN,0,0,19.666021689772606,
xair_atomic,plc_predicate,1,pause,,1,1758,1758,1759,0,12,963,1,authorization_committed,refused:predicate_false:1759,0,,0,1,21.30252029746771,12.179359793663025
xair_atomic,plc_plain,1,pause,,1,1760,1760,1761,0,4,964,1,authorization_committed,executed:PAUSED:1761,1,PAUSED,1,0,22.51070225611329,4.18552290648222
xair_atomic,plc_predicate,1,pause,,1,1762,,,0,0,965,0,precondition_failed: line.state == 'RUN',,0,,0,0,14.100252650678158,0.4231058992445469
xair_atomic,plc_predicate,1,pause,,1,1764,1764,1765,0,14,966,1,authorization_committed,refused:predicate_false:1765,0,,0,1,20.60261368751526,14.238202013075352
xair_atomic,plc_plain,1,pause,,1,1766,1766,1767,0,14,967,1,authorization_committed,executed:PAUSED:1767,1,PAUSED,1,0,21.77087077870965,14.275291934609413
xair,plc_conditional,1,pause,,1,1768,1768,1769,0,10,968,1,published_after_gate_recheck,refused:version_changed:1769,0,,0,1,24.802702944725752,10.216126684099436
xair,plc_plain,0,,,1,1770,1770,1770,0,,969,1,published_after_gate_recheck,executed:RUN:1770,1,RUN,0,0,28.761931229382753,
xair_atomic,plc_plain,1,pause,,1,1770,,,0,2,970,0,read_set_version_changed_at_commit,,0,,0,0,15.069806016981602,2.241746988147497
xair,plc_predicate,1,pause,,1,1772,,,0,4,971,0,read_set_version_changed_at_gate,,0,,0,0,20.57372871786356,4.209437873214483
xair,plc_plain,1,pause,,1,1774,1774,1775,0,8,972,1,published_after_gate_recheck,executed:PAUSED:1775,1,PAUSED,1,0,22.022473625838757,8.321523200720549
xair,plc_conditional,0,,,1,1776,1776,1776,0,,973,1,published_after_gate_recheck,executed:RUN:1776,1,RUN,0,0,28.043009340763092,
xair_atomic,plc_predicate,1,pause,,1,1776,1776,1776,0,14,974,1,authorization_committed,executed:RUN:1776,1,RUN,0,0,17.95290969312191,14.242620207369328
xair,plc_predicate,1,pause,,1,1778,1778,1779,0,6,975,1,published_after_gate_recheck,refused:predicate_false:1779,0,,0,1,24.958636611700058,6.215890869498253
xair,plc_plain,1,pause,,1,1780,1780,1781,0,8,976,1,published_after_gate_recheck,executed:PAUSED:1781,1,PAUSED,1,0,29.469310771673918,8.188442792743444
xair_atomic,plc_conditional,1,pause,,1,1782,1782,1782,0,30,977,1,authorization_committed,executed:RUN:1782,1,RUN,0,0,24.098678957670927,30.204314272850752
xair_atomic,plc_predicate,1,pause,,1,1784,,,0,2,978,0,read_set_version_changed_at_commit,,0,,0,0,14.99521592631936,2.1964614279568195
xair,plc_predicate,1,pause,,1,1786,,,0,4,979,0,read_set_version_changed_at_gate,,0,,0,0,19.92222387343645,4.206130746752024
xair,plc_predicate,1,pause,,1,1788,1788,1788,0,20,980,1,published_after_gate_recheck,executed:RUN:1788,1,RUN,0,0,23.688838817179203,20.373201929032803
xair_atomic,plc_conditional,0,,,1,1790,1790,1790,0,,981,1,authorization_committed,executed:RUN:1790,1,RUN,0,0,25.28110286220908,
xair_atomic,plc_predicate,1,pause,,1,1790,1790,1791,0,12,982,1,authorization_committed,refused:predicate_false:1791,0,,0,1,23.281681817024946,12.233441229909658
xair_atomic,plc_conditional,1,pause,,1,1792,1792,1792,0,14,983,1,authorization_committed,executed:RUN:1792,1,RUN,0,0,18.664517905563116,14.209217857569456
xair,plc_conditional,0,,,1,1794,1794,1794,0,,984,1,published_after_gate_recheck,executed:RUN:1794,1,RUN,0,0,23.289005737751722,
xair,plc_plain,1,pause,,1,1794,1794,1795,0,10,985,1,published_after_gate_recheck,executed:PAUSED:1795,1,PAUSED,1,0,23.241396993398666,10.242655873298645
xair,plc_conditional,1,pause,,1,1796,,,0,2,986,0,read_set_version_changed_at_gate,,0,,0,0,18.132116179913282,2.1897689439356327
xair,plc_plain,1,pause,,1,1798,1798,1799,0,8,987,1,published_after_gate_recheck,executed:PAUSED:1799,1,PAUSED,1,0,17.918154131621122,8.206585887819529
xair,plc_plain,1,pause,,1,1800,1800,1801,0,6,988,1,published_after_gate_recheck,executed:PAUSED:1801,1,PAUSED,1,0,23.655827157199383,6.247722078114748
xair_atomic,plc_predicate,1,pause,,1,1802,,,0,4,989,0,read_set_version_changed_at_commit,,0,,0,0,17.50408485531807,4.216632340103388
xair,plc_plain,1,pause,,1,1804,,,0,0,990,0,read_set_version_changed_at_gate,,0,,0,0,17.890532035380602,0.27161138132214546
xair_atomic,plc_predicate,1,pause,,1,1806,1806,1807,0,20,991,1,authorization_committed,refused:predicate_false:1807,0,,0,1,24.465850088745356,20.23077430203557
xair_atomic,plc_predicate,1,pause,,1,1808,1808,1809,0,14,992,1,authorization_committed,refused:predicate_false:1809,0,,0,1,21.804804913699627,14.20845603570342
xair,plc_predicate,1,pause,,1,1810,1810,1810,0,20,993,1,published_after_gate_recheck,executed:RUN:1810,1,RUN,0,0,25.004653725773096,20.222968887537718
xair_atomic,plc_plain,1,pause,,1,1812,1812,1813,0,12,994,1,authorization_committed,executed:PAUSED:1813,1,PAUSED,1,0,19.493355881422758,12.266973964869976
xair,plc_plain,1,pause,,1,1814,1814,1814,0,30,995,1,published_after_gate_recheck,executed:RUN:1814,1,RUN,0,0,24.831256829202175,30.22195678204298
xair,plc_conditional,1,pause,,1,1816,,,0,2,996,0,read_set_version_changed_at_gate,,0,,0,0,19.441809970885515,2.255943138152361
xair_atomic,plc_plain,1,pause,,1,1818,1818,1819,0,20,997,1,authorization_committed,executed:PAUSED:1819,1,PAUSED,1,0,25.904987007379532,20.193122792989016
xair,plc_predicate,1,pause,,1,1820,1820,1821,0,16,998,1,published_after_gate_recheck,refused:predicate_false:1821,0,,0,1,24.785570800304413,16.19666488841176
xair,plc_predicate,1,pause,,1,1822,1822,1822,0,20,999,1,published_after_gate_recheck,executed:RUN:1822,1,RUN,0,0,22.79558777809143,20.340810995548964
xair,plc_conditional,1,pause,,1,1824,1824,1825,0,10,1000,1,published_after_gate_recheck,refused:version_changed:1825,0,,0,1,19.521810114383698,10.256763081997633
xair,plc_plain,1,pause,,1,1826,,,0,4,1001,0,read_set_version_changed_at_gate,,0,,0,0,20.187122281640768,4.327570088207722
xair_atomic,plc_conditional,1,pause,,1,1828,1828,1829,0,12,1002,1,authorization_committed,refused:version_changed:1829,0,,0,1,25.965921115130186,12.249351013451815
xair_atomic,plc_predicate,1,pause,,1,1830,1830,1831,0,20,1003,1,authorization_committed,refused:predicate_false:1831,0,,0,1,27.190274093300104,20.23392030969262
xair,plc_plain,1,pause,,1,1832,1832,1833,0,16,1004,1,published_after_gate_recheck,executed:PAUSED:1833,1,PAUSED,1,0,26.4076623134315,16.246849671006203
xair_atomic,plc_plain,1,pause,,1,1834,1834,1835,0,12,1005,1,authorization_committed,executed:PAUSED:1835,1,PAUSED,1,0,19.138649571686983,12.215978000313044
xair_atomic,plc_conditional,0,,,1,1836,1836,1836,0,,1006,1,authorization_committed,executed:RUN:1836,1,RUN,0,0,22.06445299088955,
xair_atomic,plc_predicate,1,pause,,1,1836,1836,1837,0,16,1007,1,authorization_committed,refused:predicate_false:1837,0,,0,1,23.300787899643183,16.246779821813107
xair_atomic,plc_predicate,1,pause,,1,1838,1838,1839,0,12,1008,1,authorization_committed,refused:predicate_false:1839,0,,0,1,22.302722092717886,12.225044891238213
xair,plc_conditional,1,pause,,1,1840,1840,1840,0,30,1009,1,published_after_gate_recheck,executed:RUN:1840,1,RUN,0,0,19.568358082324266,30.190107878297567
xair,plc_conditional,1,pause,,1,1842,1842,1843,0,10,1010,1,published_after_gate_recheck,refused:version_changed:1843,0,,0,1,28.217616956681013,10.178075172007084
xair,plc_plain,1,pause,,1,1844,,,0,2,1011,0,read_set_version_changed_at_gate,,0,,0,0,17.598843201994896,2.198426052927971
xair_atomic,plc_predicate,1,pause,,1,1846,,,0,2,1012,0,read_set_version_changed_at_commit,,0,,0,0,13.203114736825228,2.2231219336390495
xair_atomic,plc_plain,1,pause,,1,1848,1848,1848,0,16,1013,1,authorization_committed,executed:RUN:1848,1,RUN,0,0,16.48351503536105,16.20485121384263
xair_atomic,plc_conditional,1,pause,,1,1850,1850,1850,0,30,1014,1,authorization_committed,executed:RUN:1850,1,RUN,0,0,16.883458010852337,30.229290947318077
xair_atomic,plc_plain,1,pause,,1,1852,1852,1853,0,6,1015,1,authorization_committed,executed:PAUSED:1853,1,PAUSED,1,0,24.710921104997396,6.216222885996103
xair,plc_conditional,1,pause,,1,1854,1854,1855,0,10,1016,1,published_after_gate_recheck,refused:version_changed:1855,0,,0,1,21.23043406754732,10.242285672575235
xair,plc_conditional,1,pause,,1,1856,1856,1857,0,16,1017,1,published_after_gate_recheck,refused:version_changed:1857,0,,0,1,26.31965698674321,16.342240385711193
xair_atomic,plc_conditional,1,pause,,1,1858,1858,1858,0,20,1018,1,authorization_committed,executed:RUN:1858,1,RUN,0,0,24.037945084273815,20.229280926287174
xair_atomic,plc_plain,1,pause,,1,1860,1860,1861,0,10,1019,1,authorization_committed,executed:PAUSED:1861,1,PAUSED,1,0,20.41179407387972,10.18414692953229
xair_atomic,plc_conditional,1,pause,,1,1862,1862,1863,0,8,1020,1,authorization_committed,refused:version_changed:1863,0,,0,1,22.396418265998363,8.239379152655602
xair,plc_conditional,1,pause,,1,1864,1864,1864,0,16,1021,1,published_after_gate_recheck,executed:RUN:1864,1,RUN,0,0,20.964615046977997,16.15233300253749
xair,plc_predicate,1,pause,,1,1866,1866,1867,0,14,1022,1,published_after_gate_recheck,refused:predicate_false:1867,0,,0,1,27.9055698774755,14.444950968027115
xair_atomic,plc_conditional,1,pause,,1,1868,,,0,2,1023,0,read_set_version_changed_at_commit,,0,,0,0,16.753864008933306,2.146537881344557
xair,plc_conditional,1,pause,,1,1870,1870,1871,0,12,1024,1,published_after_gate_recheck,refused:version_changed:1871,0,,0,1,22.22735993564129,12.144904118031263
xair_atomic,plc_predicate,1,pause,,1,1872,,,0,4,1025,0,read_set_version_changed_at_commit,,0,,0,0,16.986722126603127,4.201543051749468
xair,plc_plain,1,pause,,1,1874,1874,1874,0,16,1026,1,published_after_gate_recheck,executed:RUN:1874,1,RUN,0,0,20.65591374412179,16.1903640255332
xair,plc_conditional,1,pause,,1,1876,1876,1877,0,8,1027,1,published_after_gate_recheck,refused:version_changed:1877,0,,0,1,22.554004099220037,8.182661142200232
xair,plc_conditional,1,pause,,1,1878,,,0,0,1028,0,precondition_failed: line.state == 'RUN',,0,,0,0,13.870911207050085,0.24429988116025925
xair_atomic,plc_predicate,1,pause,,1,1880,1880,1880,0,16,1029,1,authorization_committed,executed:RUN:1880,1,RUN,0,0,18.595959059894085,16.191566828638315
xair,plc_conditional,1,pause,,1,1882,,,0,2,1030,0,read_set_version_changed_at_gate,,0,,0,0,17.089595086872578,2.1826564334332943
xair,plc_plain,1,pause,,1,1884,1884,1885,0,4,1031,1,published_after_gate_recheck,executed:PAUSED:1885,1,PAUSED,1,0,26.135200168937445,4.198096692562103
xair,plc_predicate,1,pause,,1,1886,,,0,0,1032,0,read_set_version_changed_at_gate,,0,,0,0,16.72388706356287,0.22455211728811264
xair_atomic,plc_conditional,0,,,1,1888,1888,1888,0,,1033,1,authorization_committed,executed:RUN:1888,1,RUN,0,0,17.218768130987883,
xair,plc_predicate,1,pause,,1,1888,1888,1889,0,14,1034,1,published_after_gate_recheck,refused:predicate_false:1889,0,,0,1,26.451065205037594,14.181826263666153
xair,plc_predicate,1,pause,,1,1890,,,0,2,1035,0,read_set_version_changed_at_gate,,0,,0,0,17.568946816027164,2.1564257331192493
xair,plc_predicate,1,pause,,1,1892,1892,1892,0,14,1036,1,published_after_gate_recheck,executed:RUN:1892,1,RUN,0,0,18.679956905543804,14.336776919662952
xair_atomic,plc_predicate,1,pause,,1,1894,1894,1895,0,8,1037,1,authorization_committed,refused:predicate_false:1895,0,,0,1,19.04772873967886,8.192740380764008
xair,plc_conditional,1,pause,,1,1896,1896,1897,0,6,1038,1,published_after_gate_recheck,refused:version_changed:1897,0,,0,1,22.271621972322464,6.165877915918827
xair,plc_plain,1,pause,,1,1898,,,0,4,1039,0,read_set_version_changed_at_gate,,0,,0,0,19.344136118888855,4.17273910716176
xair_atomic,plc_plain,1,pause,,1,1900,1900,1901,0,10,1040,1,authorization_committed,executed:PAUSED:1901,1,PAUSED,1,0,23.104257881641388,10.173245798796415
xair,plc_plain,0,,,1,1902,1902,1902,0,,1041,1,published_after_gate_recheck,executed:RUN:1902,1,RUN,0,0,20.454453770071268,
xair_atomic,plc_plain,0,,,1,1902,1902,1902,0,,1042,1,authorization_committed,executed:RUN:1902,1,RUN,0,0,19.674617797136307,
xair_atomic,plc_plain,1,pause,,1,1902,1902,1902,0,20,1043,1,authorization_committed,executed:RUN:1902,1,RUN,0,0,22.647348698228598,20.202329847961664
xair,plc_conditional,1,pause,,1,1904,1904,1905,0,12,1044,1,published_after_gate_recheck,refused:version_changed:1905,0,,0,1,21.93468902260065,12.31728820130229
xair_atomic,plc_conditional,1,pause,,1,1906,1906,1907,0,8,1045,1,authorization_committed,refused:version_changed:1907,0,,0,1,23.569513112306595,8.19788035005331
xair,plc_plain,1,pause,,1,1908,1908,1909,0,6,1046,1,published_after_gate_recheck,executed:PAUSED:1909,1,PAUSED,1,0,21.23072510585189,6.169283762574196
xair_atomic,plc_predicate,0,,,1,1910,1910,1910,0,,1047,1,authorization_committed,executed:RUN:1910,1,RUN,0,0,25.59259906411171,
xair_atomic,plc_conditional,1,pause,,1,1910,,,0,0,1048,0,precondition_failed: line.state == 'RUN',,0,,0,0,12.932055164128542,0.30481303110718727
xair,plc_plain,1,pause,,1,1912,1912,1913,0,4,1049,1,published_after_gate_recheck,executed:PAUSED:1913,1,PAUSED,1,0,29.051154851913452,4.190752748399973
xair,plc_predicate,1,pause,,1,1914,1914,1914,0,30,1050,1,published_after_gate_recheck,executed:RUN:1914,1,RUN,0,0,28.530866838991642,30.180950183421373
xair,plc_plain,0,,,1,1916,1916,1916,0,,1051,1,published_after_gate_recheck,executed:RUN:1916,1,RUN,0,0,26.01509401574731,
xair_atomic,plc_plain,0,,,1,1916,1916,1916,0,,1052,1,authorization_committed,executed:RUN:1916,1,RUN,0,0,19.108532927930355,
xair_atomic,plc_plain,1,pause,,1,1916,,,0,2,1053,0,read_set_version_changed_at_commit,,0,,0,0,14.579053036868572,2.198555041104555
xair,plc_predicate,1,pause,,1,1918,1918,1918,0,14,1054,1,published_after_gate_recheck,executed:RUN:1918,1,RUN,0,0,19.730933010578156,14.170825015753508
xair_atomic,plc_predicate,1,pause,,1,1920,1920,1921,0,4,1055,1,authorization_committed,refused:predicate_false:1921,0,,0,1,20.354947075247765,4.184391349554062
xair,plc_predicate,1,pause,,1,1922,,,0,2,1056,0,read_set_version_changed_at_gate,,0,,0,0,18.48727511242032,2.2902879863977432
xair,plc_conditional,1,pause,,1,1924,1924,1924,0,20,1057,1,published_after_gate_recheck,executed:RUN:1924,1,RUN,0,0,23.28407671302557,20.295926835387945
xair_atomic,plc_predicate,1,pause,,1,1926,1926,1927,0,20,1058,1,authorization_committed,refused:predicate_false:1927,0,,0,1,26.154957246035337,20.178345032036304
xair_atomic,plc_plain,1,pause,,1,1928,,,0,4,1059,0,read_set_version_changed_at_commit,,0,,0,0,16.698379069566727,4.310778807848692
xair,plc_plain,1,pause,,1,1930,1930,1931,0,4,1060,1,published_after_gate_recheck,executed:PAUSED:1931,1,PAUSED,1,0,26.008641812950373,4.175945185124874
xair,plc_conditional,0,,,1,1932,1932,1932,0,,1061,1,published_after_gate_recheck,executed:RUN:1932,1,RUN,0,0,28.393066953867674,
xair_atomic,plc_plain,1,pause,,1,1932,1932,1932,0,30,1062,1,authorization_committed,executed:RUN:1932,1,RUN,0,0,19.95263062417507,30.18809435889125
xair,plc_conditional,1,pause,,1,1934,1934,1935,0,4,1063,1,published_after_gate_recheck,refused:version_changed:1935,0,,0,1,21.38964319601655,4.348538815975189
xair_atomic,plc_plain,1,pause,,1,1936,,,0,2,1064,0,read_set_version_changed_at_commit,,0,,0,0,14.491408597677946,2.1979142911732197
xair,plc_conditional,1,pause,,1,1938,1938,1939,0,12,1065,1,published_after_gate_recheck,refused:version_changed:1939,0,,0,1,21.15857880562544,12.234593275934458
xair_atomic,plc_conditional,1,pause,,1,1940,,,0,2,1066,0,read_set_version_changed_at_commit,,0,,0,0,13.97754205390811,2.2301538847386837
xair,plc_predicate,1,pause,,1,1942,1942,1942,0,12,1067,1,published_after_gate_recheck,executed:RUN:1942,1,RUN,0,0,20.046807825565338,12.223372235894203
xair,plc_predicate,1,pause,,1,1944,1944,1945,0,12,1068,1,published_after_gate_recheck,refused:predicate_false:1945,0,,0,1,24.155685678124428,12.202412821352482
xair,plc_plain,0,,,1,1946,1946,1946,0,,1069,1,published_after_gate_recheck,executed:RUN:1946,1,RUN,0,0,28.375363908708096,
xair_atomic,plc_conditional,1,pause,,1,1946,1946,1947,0,14,1070,1,authorization_committed,refused:version_changed:1947,0,,0,1,19.81167495250702,14.189450070261955
xair,plc_predicate,1,pause,,1,1948,1948,1949,0,16,1071,1,published_after_gate_recheck,refused:predicate_false:1949,0,,0,1,23.233311716467142,16.269653104245663
xair_atomic,plc_plain,1,pause,,1,1950,,,0,4,1072,0,read_set_version_changed_at_commit,,0,,0,0,18.286547157913446,4.179682116955519
xair,plc_plain,1,pause,,1,1952,1952,1953,0,6,1073,1,published_after_gate_recheck,executed:PAUSED:1953,1,PAUSED,1,0,27.452608104795218,6.264582742005587
xair,plc_predicate,1,pause,,1,1954,1954,1954,0,30,1074,1,published_after_gate_recheck,executed:RUN:1954,1,RUN,0,0,28.802177403122187,30.244740191847086
xair,plc_predicate,1,pause,,1,1956,,,0,0,1075,0,read_set_version_changed_at_gate,,0,,0,0,17.937459982931614,0.36179088056087494
xair_atomic,plc_plain,1,pause,,1,1958,1958,1959,0,12,1076,1,authorization_committed,executed:PAUSED:1959,1,PAUSED,1,0,20.473729819059372,12.245805002748966
xair,plc_plain,1,pause,,1,1960,1960,1960,0,30,1077,1,published_after_gate_recheck,executed:RUN:1960,1,RUN,0,0,25.960431899875402,31.636417843401432
xair,plc_plain,1,pause,,1,1962,1962,1962,0,30,1078,1,published_after_gate_recheck,executed:RUN:1962,1,RUN,0,0,31.1004389077425,30.323247890919447
xair,plc_conditional,1,pause,,1,1964,1964,1965,0,16,1079,1,published_after_gate_recheck,refused:version_changed:1965,0,,0,1,26.927900966256857,16.235589049756527
xair,plc_plain,1,pause,,1,1966,1966,1967,0,12,1080,1,published_after_gate_recheck,executed:PAUSED:1967,1,PAUSED,1,0,26.07861440628767,12.209887150675058
xair_atomic,plc_predicate,1,pause,,1,1968,1968,1968,0,30,1081,1,authorization_committed,executed:RUN:1968,1,RUN,0,0,25.75884200632572,30.264567118138075
xair_atomic,plc_predicate,1,pause,,1,1970,,,0,4,1082,0,read_set_version_changed_at_commit,,0,,0,0,16.693439800292253,4.387421999126673
xair,plc_predicate,1,pause,,1,1972,1972,1973,0,12,1083,1,published_after_gate_recheck,refused:predicate_false:1973,0,,0,1,22.11486781015992,12.245804071426392
xair,plc_conditional,1,pause,,1,1974,,,0,2,1084,0,read_set_version_changed_at_gate,,0,,0,0,17.711285036057234,2.265581861138344
xair,plc_predicate,1,pause,,1,1976,1976,1977,0,8,1085,1,published_after_gate_recheck,refused:predicate_false:1977,0,,0,1,25.13324609026313,8.217657916247845
xair,plc_plain,1,pause,,1,1978,,,0,6,1086,0,read_set_version_changed_at_gate,,0,,0,0,22.228571120649576,6.213496904820204
xair,plc_plain,1,pause,,1,1980,,,0,2,1087,0,read_set_version_changed_at_gate,,0,,0,0,16.94960193708539,2.199716866016388
xair,plc_predicate,1,pause,,1,1982,1982,1983,0,8,1088,1,published_after_gate_recheck,refused:predicate_false:1983,0,,0,1,24.65640800073743,8.21179710328579
xair_atomic,plc_predicate,1,pause,,1,1984,,,0,2,1089,0,read_set_version_changed_at_commit,,0,,0,0,15.107196755707264,2.224924974143505
xair,plc_conditional,1,pause,,1,1986,1986,1987,0,8,1090,1,published_after_gate_recheck,refused:version_changed:1987,0,,0,1,21.05807000771165,8.208620827645063
xair_atomic,plc_predicate,0,,,1,1988,1988,1988,0,,1091,1,authorization_committed,executed:RUN:1988,1,RUN,0,0,25.424453429877758,
xair_atomic,plc_plain,1,pause,,1,1988,1988,1989,0,8,1092,1,authorization_committed,executed:PAUSED:1989,1,PAUSED,1,0,20.616500172764063,8.23250599205494
xair,plc_predicate,0,,,1,1990,1990,1990,0,,1093,1,published_after_gate_recheck,executed:RUN:1990,1,RUN,0,0,19.743937999010086,
xair,plc_conditional,1,pause,,1,1990,1990,1991,0,14,1094,1,published_after_gate_recheck,refused:version_changed:1991,0,,0,1,23.414582945406437,14.240545686334372
xair,plc_plain,1,pause,,1,1992,1992,1993,0,8,1095,1,published_after_gate_recheck,executed:PAUSED:1993,1,PAUSED,1,0,21.608254872262478,8.215493056923151
xair_atomic,plc_conditional,1,pause,,1,1994,1994,1995,0,6,1096,1,authorization_committed,refused:version_changed:1995,0,,0,1,24.18750710785389,6.319887936115265
xair_atomic,plc_predicate,1,pause,,1,1996,1996,1997,0,10,1097,1,authorization_committed,refused:predicate_false:1997,0,,0,1,18.22817698121071,10.230053216218948
xair_atomic,plc_conditional,1,pause,,1,1998,1998,1998,0,20,1098,1,authorization_committed,executed:RUN:1998,1,RUN,0,0,22.192944772541523,20.184055902063847
xair_atomic,plc_conditional,1,pause,,1,2000,2000,2000,0,16,1099,1,authorization_committed,executed:RUN:2000,1,RUN,0,0,18.15104205161333,16.187699045985937
xair,plc_plain,1,pause,,1,2002,2002,2003,0,6,1100,1,published_after_gate_recheck,executed:PAUSED:2003,1,PAUSED,1,0,20.88088681921363,6.1652762815356255
xair,plc_conditional,1,pause,,1,2004,2004,2005,0,14,1101,1,published_after_gate_recheck,refused:version_changed:2005,0,,0,1,27.539301197975874,14.181285165250301
xair_atomic,plc_plain,1,pause,,1,2006,2006,2007,0,10,1102,1,authorization_committed,executed:PAUSED:2007,1,PAUSED,1,0,14.876222237944603,10.202840901911259
xair_atomic,plc_conditional,1,pause,,1,2008,2008,2009,0,8,1103,1,authorization_committed,refused:version_changed:2009,0,,0,1,22.60939823463559,8.182500954717398
xair,plc_conditional,1,pause,,1,2010,2010,2010,0,20,1104,1,published_after_gate_recheck,executed:RUN:2010,1,RUN,0,0,21.721848752349615,20.182843320071697
xair,plc_conditional,1,pause,,1,2012,,,0,0,1105,0,read_set_version_changed_at_gate,,0,,0,0,17.200153321027756,0.2162768505513668
xair,plc_conditional,1,pause,,1,2014,2014,2015,0,10,1106,1,published_after_gate_recheck,refused:version_changed:2015,0,,0,1,28.8166138343513,10.182132013142109
xair_atomic,plc_predicate,1,pause,,1,2016,2016,2017,0,14,1107,1,authorization_committed,refused:predicate_false:2017,0,,0,1,25.389506947249174,14.205690938979387
xair,plc_conditional,1,pause,,1,2018,2018,2018,0,20,1108,1,published_after_gate_recheck,executed:RUN:2018,1,RUN,0,0,20.646345801651478,20.2241619117558
xair,plc_plain,1,pause,,1,2020,2020,2020,0,30,1109,1,published_after_gate_recheck,executed:RUN:2020,1,RUN,0,0,25.580125860869884,30.164518859237432
xair,plc_predicate,1,pause,,1,2022,2022,2023,0,10,1110,1,published_after_gate_recheck,refused:predicate_false:2023,0,,0,1,22.33033301308751,10.289364028722048
xair,plc_conditional,1,pause,,1,2024,2024,2024,0,16,1111,1,published_after_gate_recheck,executed:RUN:2024,1,RUN,0,0,17.6221770234406,16.24932512640953
xair,plc_plain,1,pause,,1,2026,2026,2027,0,20,1112,1,published_after_gate_recheck,executed:PAUSED:2027,1,PAUSED,1,0,28.800833970308304,20.266030449420214
xair_atomic,plc_plain,1,pause,,1,2028,,,0,2,1113,0,read_set_version_changed_at_commit,,0,,0,0,15.550389885902405,2.2229310125112534
xair,plc_plain,1,pause,,1,2030,2030,2031,0,6,1114,1,published_after_gate_recheck,executed:PAUSED:2031,1,PAUSED,1,0,22.953254636377096,6.222754716873169
xair,plc_conditional,1,pause,,1,2032,2032,2033,0,10,1115,1,published_after_gate_recheck,refused:version_changed:2033,0,,0,1,28.35389319807291,10.238558053970337
xair,plc_plain,1,pause,,1,2034,2034,2035,0,6,1116,1,published_after_gate_recheck,executed:PAUSED:2035,1,PAUSED,1,0,28.97683484479785,7.279062177985907
xair,plc_plain,1,pause,,1,2036,2036,2036,0,30,1117,1,published_after_gate_recheck,executed:RUN:2036,1,RUN,0,0,24.627954699099064,30.279776081442833
xair,plc_plain,1,pause,,1,2038,,,0,0,1118,0,read_set_version_changed_at_gate,,0,,0,0,18.869252875447273,0.5171219818294048
xair,plc_plain,1,pause,,1,2040,2040,2041,0,10,1119,1,published_after_gate_recheck,executed:PAUSED:2041,1,PAUSED,1,0,29.213199391961098,10.55420283228159
xair_atomic,plc_predicate,0,,,1,2042,2042,2042,0,,1120,1,authorization_committed,executed:RUN:2042,1,RUN,0,0,22.6255776360631,
xair,plc_predicate,1,pause,,1,2042,,,0,0,1121,0,read_set_version_changed_at_gate,,0,,0,0,17.45606493204832,0.3871680237352848
xair_atomic,plc_predicate,1,pause,,1,2044,,,0,0,1122,0,read_set_version_changed_at_commit,,0,,0,0,15.288417227566242,0.40300795808434486
xair,plc_plain,1,pause,,1,2046,2046,2047,0,12,1123,1,published_after_gate_recheck,executed:PAUSED:2047,1,PAUSED,1,0,28.055312111973763,12.233200948685408
xair,plc_plain,1,pause,,1,2048,,,0,0,1124,0,read_set_version_changed_at_gate,,0,,0,0,17.829978372901678,0.29423413798213005
xair_atomic,plc_predicate,1,pause,,1,2050,2050,2050,0,30,1125,1,authorization_committed,executed:RUN:2050,1,RUN,0,0,22.77332590892911,30.220574233680964
xair,plc_plain,1,pause,,1,2052,,,0,0,1126,0,precondition_failed: line.state == 'RUN',,0,,0,0,13.279438950121403,0.3122873604297638
xair_atomic,plc_predicate,1,pause,,1,2054,2054,2055,0,12,1127,1,authorization_committed,refused:predicate_false:2055,0,,0,1,23.279428016394377,12.219696305692196
xair,plc_predicate,1,pause,,1,2056,2056,2057,0,10,1128,1,published_after_gate_recheck,refused:predicate_false:2057,0,,0,1,21.500482223927975,10.25852607563138
xair_atomic,plc_predicate,0,,,1,2058,2058,2058,0,,1129,1,authorization_committed,executed:RUN:2058,1,RUN,0,0,24.165275041013956,
xair,plc_predicate,1,pause,,1,2058,2058,2059,0,6,1130,1,published_after_gate_recheck,refused:predicate_false:2059,0,,0,1,24.860200937837362,6.2360200099647045
xair,plc_conditional,1,pause,,1,2060,2060,2061,0,6,1131,1,published_after_gate_recheck,refused:version_changed:2061,0,,0,1,28.72813818976283,6.267339456826448
xair,plc_conditional,1,pause,,1,2062,2062,2063,0,12,1132,1,published_after_gate_recheck,refused:version_changed:2063,0,,0,1,19.051515962928534,12.21500663086772
xair,plc_conditional,1,pause,,1,2064,,,0,0,1133,0,precondition_failed: line.state == 'RUN',,0,,0,0,13.043204322457314,0.37923315539956093
xair,plc_plain,1,pause,,1,2066,2066,2067,0,12,1134,1,published_after_gate_recheck,executed:PAUSED:2067,1,PAUSED,1,0,26.342269964516163,12.234914116561413
xair,plc_plain,1,pause,,1,2068,2068,2069,0,6,1135,1,published_after_gate_recheck,executed:PAUSED:2069,1,PAUSED,1,0,27.06586103886366,6.232402753084898
xair,plc_predicate,1,pause,,1,2070,2070,2070,0,30,1136,1,published_after_gate_recheck,executed:RUN:2070,1,RUN,0,0,29.295934829860926,30.227677896618843
xair,plc_predicate,1,pause,,1,2072,2072,2073,0,8,1137,1,published_after_gate_recheck,refused:predicate_false:2073,0,,0,1,23.76104425638914,8.256770670413971
xair_atomic,plc_predicate,1,pause,,1,2074,2074,2074,0,30,1138,1,authorization_committed,executed:RUN:2074,1,RUN,0,0,24.740195833146572,30.236645136028528
xair_atomic,plc_predicate,1,pause,,1,2076,2076,2076,0,20,1139,1,authorization_committed,executed:RUN:2076,1,RUN,0,0,20.324500277638435,20.44212119653821
xair_atomic,plc_predicate,1,pause,,1,2078,2078,2079,0,6,1140,1,authorization_committed,refused:predicate_false:2079,0,,0,1,24.051069281995296,6.208827719092369
xair,plc_plain,1,pause,,1,2080,2080,2081,0,4,1141,1,published_after_gate_recheck,executed:PAUSED:2081,1,PAUSED,1,0,22.42069272324443,4.25708806142211
xair_atomic,plc_plain,1,pause,,1,2082,2082,2083,0,6,1142,1,authorization_committed,executed:PAUSED:2083,1,PAUSED,1,0,24.987551383674145,6.169724743813276
xair,plc_predicate,1,pause,,1,2084,2084,2085,0,8,1143,1,published_after_gate_recheck,refused:predicate_false:2085,0,,0,1,20.186058711260557,8.358472026884556
xair_atomic,plc_predicate,1,pause,,1,2086,2086,2087,0,14,1144,1,authorization_committed,refused:predicate_false:2087,0,,0,1,24.405887816101313,14.237559866160154
xair_atomic,plc_conditional,1,pause,,1,2088,,,0,0,1145,0,precondition_failed: line.state == 'RUN',,0,,0,0,13.03726201876998,0.3398391418159008
xair_atomic,plc_plain,1,pause,,1,2090,,,0,0,1146,0,read_set_version_changed_at_commit,,0,,0,0,14.508760068565607,0.29542623087763786
xair_atomic,plc_plain,1,pause,,1,2092,,,0,0,1147,0,read_set_version_changed_at_commit,,0,,0,0,14.30492801591754,0.3395378589630127
xair,plc_plain,1,pause,,1,2094,,,0,4,1148,0,read_set_version_changed_at_gate,,0,,0,0,19.785907119512558,4.270303063094616
xair_atomic,plc_conditional,0,,,1,2096,2096,2096,0,,1149,1,authorization_committed,executed:RUN:2096,1,RUN,0,0,16.62733592092991,
xair,plc_plain,1,pause,,1,2096,2096,2097,0,8,1150,1,published_after_gate_recheck,executed:PAUSED:2097,1,PAUSED,1,0,26.09780989587307,8.25788313522935
xair,plc_conditional,1,pause,,1,2098,2098,2099,0,8,1151,1,published_after_gate_recheck,refused:version_changed:2099,0,,0,1,28.005629312247038,8.231793995946646
xair_atomic,plc_predicate,1,pause,,1,2100,2100,2101,0,4,1152,1,authorization_committed,refused:predicate_false:2101,0,,0,1,24.633856024593115,4.225388169288635
xair_atomic,plc_plain,1,pause,,1,2102,2102,2102,0,30,1153,1,authorization_committed,executed:RUN:2102,1,RUN,0,0,19.365516025573015,30.24813625961542
xair,plc_plain,1,pause,,1,2104,2104,2105,0,10,1154,1,published_after_gate_recheck,executed:PAUSED:2105,1,PAUSED,1,0,30.062017031013966,10.212919674813747
xair_atomic,plc_conditional,1,pause,,1,2106,2106,2107,0,14,1155,1,authorization_committed,refused:version_changed:2107,0,,0,1,23.55091879144311,14.36985982581973
xair,plc_conditional,1,pause,,1,2108,,,0,2,1156,0,read_set_version_changed_at_gate,,0,,0,0,19.083747174590826,2.285177819430828
xair_atomic,plc_predicate,1,pause,,1,2110,2110,2110,0,30,1157,1,authorization_committed,executed:RUN:2110,1,RUN,0,0,29.845628887414932,30.274545773863792
xair,plc_predicate,1,pause,,1,2112,2112,2113,0,10,1158,1,published_after_gate_recheck,refused:predicate_false:2113,0,,0,1,25.13493923470378,10.295054875314236
xair_atomic,plc_predicate,1,pause,,1,2114,,,0,2,1159,0,read_set_version_changed_at_commit,,0,,0,0,14.996068086475134,2.1727769635617733
xair_atomic,plc_plain,1,pause,,1,2116,2116,2116,0,30,1160,1,authorization_committed,executed:RUN:2116,1,RUN,0,0,19.54979309812188,30.21434275433421
xair,plc_predicate,1,pause,,1,2118,,,0,2,1161,0,read_set_version_changed_at_gate,,0,,0,0,17.529764212667942,2.2177407518029213
xair,plc_conditional,1,pause,,1,2120,2120,2121,0,10,1162,1,published_after_gate_recheck,refused:version_changed:2121,0,,0,1,24.655065964907408,10.237607173621655
xair_atomic,plc_predicate,1,pause,,1,2122,,,0,0,1163,0,read_set_version_changed_at_commit,,0,,0,0,16.580759081989527,0.26219291612505913
xair,plc_plain,1,pause,,1,2124,2124,2125,0,6,1164,1,published_after_gate_recheck,executed:PAUSED:2125,1,PAUSED,1,0,20.225042942911386,6.211964879184961
xair_atomic,plc_predicate,1,pause,,1,2126,2126,2126,0,30,1165,1,authorization_committed,executed:RUN:2126,1,RUN,0,0,14.522727113217115,30.317867640405893
xair_atomic,plc_conditional,1,pause,,1,2128,2128,2129,0,10,1166,1,authorization_committed,refused:version_changed:2129,0,,0,1,21.955647971481085,10.23587305098772
xair_atomic,plc_plain,1,pause,,1,2130,2130,2130,0,14,1167,1,authorization_committed,executed:RUN:2130,1,RUN,0,0,17.861757893115282,14.262256678193808
xair_atomic,plc_predicate,1,pause,,1,2132,,,0,4,1168,0,read_set_version_changed_at_commit,,0,,0,0,16.471663024276495,4.242630209773779
xair,plc_predicate,1,pause,,1,2134,,,0,4,1169,0,read_set_version_changed_at_gate,,0,,0,0,19.841873086988926,4.204637836664915
xair,plc_predicate,1,pause,,1,2136,2136,2136,0,20,1170,1,published_after_gate_recheck,executed:RUN:2136,1,RUN,0,0,22.714666090905666,20.179356914013624
xair_atomic,plc_plain,1,pause,,1,2138,2138,2139,0,6,1171,1,authorization_committed,executed:PAUSED:2139,1,PAUSED,1,0,26.369952131062746,6.18232786655426
xair_atomic,plc_conditional,0,,,1,2140,2140,2140,0,,1172,1,authorization_committed,executed:RUN:2140,1,RUN,0,0,22.801470011472702,
xair,plc_conditional,1,pause,,1,2140,2140,2141,0,6,1173,1,published_after_gate_recheck,refused:version_changed:2141,0,,0,1,24.13635002449155,6.187948863953352
xair,plc_plain,1,pause,,1,2142,2142,2143,0,12,1174,1,published_after_gate_recheck,executed:PAUSED:2143,1,PAUSED,1,0,30.057637952268124,12.327097821980715
xair_atomic,plc_plain,1,pause,,1,2144,2144,2144,0,20,1175,1,authorization_committed,executed:RUN:2144,1,RUN,0,0,22.65351079404354,20.228079054504633
xair_atomic,plc_predicate,1,pause,,1,2146,2146,2146,0,30,1176,1,authorization_committed,executed:RUN:2146,1,RUN,0,0,19.783683121204376,30.252645257860422
xair,plc_conditional,1,pause,,1,2148,2148,2149,0,8,1177,1,published_after_gate_recheck,refused:version_changed:2149,0,,0,1,21.820905152708292,8.220061659812927
xair,plc_predicate,1,pause,,1,2150,2150,2151,0,12,1178,1,published_after_gate_recheck,refused:predicate_false:2151,0,,0,1,27.41973614320159,12.181853875517845
xair_atomic,plc_plain,1,pause,,1,2152,2152,2153,0,16,1179,1,authorization_committed,executed:PAUSED:2153,1,PAUSED,1,0,25.081587955355644,16.63081208243966
xair,plc_conditional,1,pause,,1,2154,2154,2155,0,14,1180,1,published_after_gate_recheck,refused:version_changed:2155,0,,0,1,26.11893881112337,14.245775993913412
xair_atomic,plc_plain,1,pause,,1,2156,,,0,4,1181,0,read_set_version_changed_at_commit,,0,,0,0,17.349975183606148,4.315908998250961
xair_atomic,plc_plain,1,pause,,1,2158,2158,2159,0,14,1182,1,authorization_committed,executed:PAUSED:2159,1,PAUSED,1,0,21.968643181025982,14.31781193241477
xair_atomic,plc_predicate,1,pause,,1,2160,2160,2161,0,12,1183,1,authorization_committed,refused:predicate_false:2161,0,,0,1,19.77463625371456,12.440991122275591
xair_atomic,plc_predicate,0,,,1,2162,2162,2162,0,,1184,1,authorization_committed,executed:RUN:2162,1,RUN,0,0,22.199426777660847,
xair,plc_plain,1,pause,,1,2162,2162,2163,0,12,1185,1,published_after_gate_recheck,executed:PAUSED:2163,1,PAUSED,1,0,24.920193944126368,12.257857248187065
xair_atomic,plc_conditional,1,pause,,1,2164,2164,2165,0,14,1186,1,authorization_committed,refused:version_changed:2165,0,,0,1,19.977196119725704,14.233883935958147
xair,plc_conditional,0,,,1,2166,2166,2166,0,,1187,1,published_after_gate_recheck,executed:RUN:2166,1,RUN,0,0,26.424132753163576,
xair_atomic,plc_predicate,1,pause,,1,2166,2166,2167,0,10,1188,1,authorization_committed,refused:predicate_false:2167,0,,0,1,17.609233036637306,10.275177657604218
xair,plc_conditional,1,pause,,1,2168,2168,2169,0,14,1189,1,published_after_gate_recheck,refused:version_changed:2169,0,,0,1,25.200251024216413,14.179461169987917
xair_atomic,plc_conditional,1,pause,,1,2170,2170,2171,0,12,1190,1,authorization_committed,refused:version_changed:2171,0,,0,1,24.127543903887272,12.199947610497475
xair_atomic,plc_plain,1,pause,,1,2172,2172,2173,0,12,1191,1,authorization_committed,executed:PAUSED:2173,1,PAUSED,1,0,22.457091137766838,12.229573912918568
xair_atomic,plc_plain,1,pause,,1,2174,2174,2174,0,20,1192,1,authorization_committed,executed:RUN:2174,1,RUN,0,0,23.086233995854855,20.197280682623386
xair_atomic,plc_conditional,1,pause,,1,2176,,,0,0,1193,0,read_set_version_changed_at_commit,,0,,0,0,15.0013267993927,0.27238205075263977
xair_atomic,plc_conditional,1,pause,,1,2178,,,0,0,1194,0,read_set_version_changed_at_commit,,0,,0,0,14.45061108097434,0.22518401965498924
xair_atomic,plc_conditional,1,pause,,1,2180,2180,2180,0,30,1195,1,authorization_committed,executed:RUN:2180,1,RUN,0,0,24.41846067085862,30.186972115188837
xair_atomic,plc_conditional,1,pause,,1,2182,2182,2183,0,14,1196,1,authorization_committed,refused:version_changed:2183,0,,0,1,20.38067625835538,14.321588911116123
xair,plc_plain,1,pause,,1,2184,2184,2184,0,16,1197,1,published_after_gate_recheck,executed:RUN:2184,1,RUN,0,0,21.160643082112074,16.23120065778494
xair,plc_plain,1,pause,,1,2186,2186,2187,0,12,1198,1,published_after_gate_recheck,executed:PAUSED:2187,1,PAUSED,1,0,21.75762504339218,12.243330013006926
xair_atomic,plc_conditional,1,pause,,1,2188,2188,2189,0,10,1199,1,authorization_committed,refused:version_changed:2189,0,,0,1,18.587843980640173,10.228789877146482
xair_atomic,plc_conditional,1,pause,,1,2190,,,0,4,1200,0,read_set_version_changed_at_commit,,0,,0,0,16.10780879855156,4.1901119984686375
xair_atomic,plc_predicate,1,pause,,1,2192,2192,2193,0,8,1201,1,authorization_committed,refused:predicate_false:2193,0,,0,1,23.964406922459602,8.159127086400986
xair_atomic,plc_predicate,1,pause,,1,2194,2194,2195,0,12,1202,1,authorization_committed,refused:predicate_false:2195,0,,0,1,18.832453060895205,12.24149577319622
xair_atomic,plc_plain,1,pause,,1,2196,2196,2197,0,10,1203,1,authorization_committed,executed:PAUSED:2197,1,PAUSED,1,0,21.699816919863224,10.219884105026722
xair,plc_predicate,1,pause,,1,2198,2198,2199,0,10,1204,1,published_after_gate_recheck,refused:predicate_false:2199,0,,0,1,20.91448986902833,10.170340072363615
xair_atomic,plc_predicate,1,pause,,1,2200,2200,2201,0,14,1205,1,authorization_committed,refused:predicate_false:2201,0,,0,1,20.134883001446724,14.174091164022684
xair_atomic,plc_plain,1,pause,,1,2202,2202,2203,0,14,1206,1,authorization_committed,executed:PAUSED:2203,1,PAUSED,1,0,23.756866808980703,14.18193569406867
xair,plc_conditional,1,pause,,1,2204,2204,2205,0,10,1207,1,published_after_gate_recheck,refused:version_changed:2205,0,,0,1,26.4683673158288,10.208061896264553
xair,plc_plain,1,pause,,1,2206,2206,2206,0,12,1208,1,published_after_gate_recheck,executed:RUN:2206,1,RUN,0,0,17.24075898528099,12.176193296909332
xair_atomic,plc_plain,1,pause,,1,2208,2208,2208,0,20,1209,1,authorization_committed,executed:RUN:2208,1,RUN,0,0,19.32454900816083,20.18076879903674
xair,plc_plain,1,pause,,1,2210,2210,2210,0,16,1210,1,published_after_gate_recheck,executed:RUN:2210,1,RUN,0,0,19.130785018205643,16.17899304255843
xair,plc_plain,1,pause,,1,2212,2212,2213,0,14,1211,1,published_after_gate_recheck,executed:PAUSED:2213,1,PAUSED,1,0,21.746825892478228,14.143674168735743
xair,plc_plain,1,pause,,1,2214,2214,2215,0,10,1212,1,published_after_gate_recheck,executed:PAUSED:2215,1,PAUSED,1,0,23.23179878294468,10.19987603649497
xair,plc_conditional,1,pause,,1,2216,2216,2217,0,14,1213,1,published_after_gate_recheck,refused:version_changed:2217,0,,0,1,27.316552121192217,14.203816652297974
xair_atomic,plc_plain,1,pause,,1,2218,,,0,0,1214,0,precondition_failed: line.state == 'RUN',,0,,0,0,13.415684923529625,0.25111204013228416
xair_atomic,plc_conditional,1,pause,,1,2220,2220,2220,0,30,1215,1,authorization_committed,executed:RUN:2220,1,RUN,0,0,18.721495289355516,30.16580082476139
xair_atomic,plc_conditional,1,pause,,1,2222,2222,2223,0,4,1216,1,authorization_committed,refused:version_changed:2223,0,,0,1,25.95064276829362,4.174522124230862
xair_atomic,plc_plain,1,pause,,1,2224,,,0,0,1217,0,read_set_version_changed_at_commit,,0,,0,0,15.199089422821999,0.35059917718172073
xair,plc_plain,1,pause,,1,2226,2226,2226,0,30,1218,1,published_after_gate_recheck,executed:RUN:2226,1,RUN,0,0,23.543033748865128,30.26298386976123
xair_atomic,plc_predicate,1,pause,,1,2228,2228,2229,0,10,1219,1,authorization_committed,refused:predicate_false:2229,0,,0,1,16.521425917744637,10.219963733106852
xair,plc_plain,1,pause,,1,2230,2230,2231,0,14,1220,1,published_after_gate_recheck,executed:PAUSED:2231,1,PAUSED,1,0,26.310198940336704,14.225787948817015
xair,plc_plain,1,pause,,1,2232,2232,2233,0,8,1221,1,published_after_gate_recheck,executed:PAUSED:2233,1,PAUSED,1,0,18.07416696101427,8.211777079850435
xair_atomic,plc_predicate,0,,,1,2234,2234,2234,0,,1222,1,authorization_committed,executed:RUN:2234,1,RUN,0,0,20.28609812259674,
xair,plc_predicate,1,pause,,1,2234,2234,2235,0,14,1223,1,published_after_gate_recheck,refused:predicate_false:2235,0,,0,1,26.22031979262829,14.224376063793898
xair_atomic,plc_conditional,1,pause,,1,2236,2236,2237,0,14,1224,1,authorization_committed,refused:version_changed:2237,0,,0,1,24.125128984451294,14.219907112419605
xair,plc_plain,1,pause,,1,2238,2238,2238,0,16,1225,1,published_after_gate_recheck,executed:RUN:2238,1,RUN,0,0,20.680890884250402,16.18896098807454
xair_atomic,plc_plain,1,pause,,1,2240,2240,2241,0,6,1226,1,authorization_committed,executed:PAUSED:2241,1,PAUSED,1,0,18.924978096038103,6.175747141242027
xair_atomic,plc_plain,0,,,1,2242,2242,2242,0,,1227,1,authorization_committed,executed:RUN:2242,1,RUN,0,0,19.14830692112446,
xair,plc_plain,1,pause,,1,2242,,,0,2,1228,0,read_set_version_changed_at_gate,,0,,0,0,17.08983490243554,2.1766149438917637
xair,plc_conditional,1,pause,,1,2244,2244,2244,0,20,1229,1,published_after_gate_recheck,executed:RUN:2244,1,RUN,0,0,25.449691340327263,20.212029106914997
xair_atomic,plc_predicate,1,pause,,1,2246,2246,2247,0,14,1230,1,authorization_committed,refused:predicate_false:2247,0,,0,1,20.632379222661257,14.216681011021137
xair,plc_conditional,0,,,1,2248,2248,2248,0,,1231,1,published_after_gate_recheck,executed:RUN:2248,1,RUN,0,0,24.588821921497583,
xair_atomic,plc_plain,1,pause,,1,2248,,,0,4,1232,0,read_set_version_changed_at_commit,,0,,0,0,17.389839980751276,4.203447140753269
xair,plc_plain,1,pause,,1,2250,2250,2250,0,20,1233,1,published_after_gate_recheck,executed:RUN:2250,1,RUN,0,0,23.567310068756342,20.18439583480358
xair,plc_plain,1,pause,,1,2252,2252,2253,0,10,1234,1,published_after_gate_recheck,executed:PAUSED:2253,1,PAUSED,1,0,20.520870108157396,10.201037861406803
xair,plc_predicate,1,pause,,1,2254,,,0,4,1235,0,read_set_version_changed_at_gate,,0,,0,0,19.65672429651022,4.2314291931688786
xair,plc_plain,1,pause,,1,2256,2256,2256,0,14,1236,1,published_after_gate_recheck,executed:RUN:2256,1,RUN,0,0,21.20860293507576,14.20575100928545
xair_atomic,plc_predicate,1,pause,,1,2258,2258,2258,0,20,1237,1,authorization_committed,executed:RUN:2258,1,RUN,0,0,19.89579387009144,20.187642890959978
xair_atomic,plc_predicate,1,pause,,1,2260,2260,2261,0,6,1238,1,authorization_committed,refused:predicate_false:2261,0,,0,1,17.54446141421795,6.167700979858637
xair_atomic,plc_plain,1,pause,,1,2262,2262,2263,0,8,1239,1,authorization_committed,executed:PAUSED:2263,1,PAUSED,1,0,17.749095801264048,8.16546892747283
xair,plc_predicate,1,pause,,1,2264,2264,2264,0,20,1240,1,published_after_gate_recheck,executed:RUN:2264,1,RUN,0,0,25.18946072086692,20.173165947198868
xair,plc_predicate,1,pause,,1,2266,2266,2266,0,30,1241,1,published_after_gate_recheck,executed:RUN:2266,1,RUN,0,0,22.35997887328267,30.25895683094859
xair,plc_conditional,1,pause,,1,2268,,,0,2,1242,0,read_set_version_changed_at_gate,,0,,0,0,18.109893891960382,2.206500619649887
xair,plc_predicate,1,pause,,1,2270,2270,2270,0,16,1243,1,published_after_gate_recheck,executed:RUN:2270,1,RUN,0,0,19.06384900212288,16.17146795615554
xair,plc_plain,1,pause,,1,2272,2272,2273,0,10,1244,1,published_after_gate_recheck,executed:PAUSED:2273,1,PAUSED,1,0,19.633940886706114,10.161102749407291
xair,plc_plain,0,,,1,2274,2274,2274,0,,1245,1,published_after_gate_recheck,executed:RUN:2274,1,RUN,0,0,22.880398202687502,
xair_atomic,plc_predicate,1,pause,,1,2274,2274,2275,0,6,1246,1,authorization_committed,refused:predicate_false:2275,0,,0,1,18.191206734627485,6.193138659000397
xair,plc_conditional,1,pause,,1,2276,,,0,4,1247,0,read_set_version_changed_at_gate,,0,,0,0,19.375414587557316,4.165263846516609
xair,plc_conditional,1,pause,,1,2278,2278,2279,0,10,1248,1,published_after_gate_recheck,refused:version_changed:2279,0,,0,1,18.748906906694174,10.308871045708656
xair,plc_predicate,1,pause,,1,2280,2280,2281,0,4,1249,1,published_after_gate_recheck,refused:predicate_false:2281,0,,0,1,22.427505813539028,4.242879804223776
xair,plc_plain,1,pause,,1,2282,2282,2283,0,10,1250,1,published_after_gate_recheck,executed:PAUSED:2283,1,PAUSED,1,0,18.89067329466343,10.190527886152267
xair,plc_conditional,1,pause,,1,2284,2284,2285,0,8,1251,1,published_after_gate_recheck,refused:version_changed:2285,0,,0,1,21.30289003252983,8.264625445008278
xair_atomic,plc_predicate,1,pause,,1,2286,,,0,2,1252,0,read_set_version_changed_at_commit,,0,,0,0,15.87563194334507,2.2530979476869106
xair_atomic,plc_plain,1,pause,,1,2288,2288,2289,0,6,1253,1,authorization_committed,executed:PAUSED:2289,1,PAUSED,1,0,22.158910986036062,6.255627144128084
xair_atomic,plc_conditional,1,pause,,1,2290,2290,2291,0,12,1254,1,authorization_committed,refused:version_changed:2291,0,,0,1,17.773683182895184,12.245894875377417
xair,plc_plain,1,pause,,1,2292,2292,2293,0,14,1255,1,published_after_gate_recheck,executed:PAUSED:2293,1,PAUSED,1,0,24.09701608121395,14.269100036472082
xair,plc_predicate,1,pause,,1,2294,2294,2295,0,14,1256,1,published_after_gate_recheck,refused:predicate_false:2295,0,,0,1,22.510922979563475,14.201081823557615
xair,plc_plain,1,pause,,1,2296,,,0,0,1257,0,precondition_failed: line.state == 'RUN',,0,,0,0,14.973634853959084,0.2435990609228611
xair,plc_predicate,1,pause,,1,2298,2298,2298,0,20,1258,1,published_after_gate_recheck,executed:RUN:2298,1,RUN,0,0,22.676643915474415,20.377550274133682
xair,plc_conditional,1,pause,,1,2300,2300,2301,0,16,1259,1,published_after_gate_recheck,refused:version_changed:2301,0,,0,1,28.88229675590992,16.254444140940905
xair,plc_plain,1,pause,,1,2302,2302,2303,0,8,1260,1,published_after_gate_recheck,executed:PAUSED:2303,1,PAUSED,1,0,18.715905025601387,8.258223999291658
xair,plc_conditional,1,pause,,1,2304,,,0,0,1261,0,read_set_version_changed_at_gate,,0,,0,0,17.949833068996668,0.24609314277768135
xair,plc_predicate,1,pause,,1,2306,2306,2306,0,12,1262,1,published_after_gate_recheck,executed:RUN:2306,1,RUN,0,0,18.854625057429075,12.181062251329422
xair_atomic,plc_plain,1,pause,,1,2308,2308,2309,0,10,1263,1,authorization_committed,executed:PAUSED:2309,1,PAUSED,1,0,19.402976613491774,10.164118837565184
xair,plc_plain,1,pause,,1,2310,2310,2311,0,10,1264,1,published_after_gate_recheck,executed:PAUSED:2311,1,PAUSED,1,0,27.509415056556463,10.1820919662714
xair_atomic,plc_conditional,1,pause,,1,2312,2312,2312,0,20,1265,1,authorization_committed,executed:RUN:2312,1,RUN,0,0,23.888204246759415,20.17665235325694
xair,plc_predicate,1,pause,,1,2314,2314,2315,0,6,1266,1,published_after_gate_recheck,refused:predicate_false:2315,0,,0,1,24.55934602767229,6.230239290744066
xair,plc_predicate,1,pause,,1,2316,2316,2316,0,14,1267,1,published_after_gate_recheck,executed:RUN:2316,1,RUN,0,0,17.923865001648664,14.257838949561119
xair_atomic,plc_predicate,1,pause,,1,2318,2318,2319,0,8,1268,1,authorization_committed,refused:predicate_false:2319,0,,0,1,18.559338990598917,8.205023128539324
xair,plc_predicate,1,pause,,1,2320,2320,2320,0,14,1269,1,published_after_gate_recheck,executed:RUN:2320,1,RUN,0,0,20.64765803515911,14.245194848626852
xair_atomic,plc_conditional,1,pause,,1,2322,2322,2323,0,12,1270,1,authorization_committed,refused:version_changed:2323,0,,0,1,19.304060842841864,12.191703077405691
xair,plc_conditional,1,pause,,1,2324,2324,2325,0,6,1271,1,published_after_gate_recheck,refused:version_changed:2325,0,,0,1,26.59783000126481,6.185203790664673
xair,plc_plain,1,pause,,1,2326,,,0,4,1272,0,read_set_version_changed_at_gate,,0,,0,0,20.447421353310347,4.20275516808033
xair,plc_predicate,1,pause,,1,2328,2328,2329,0,14,1273,1,published_after_gate_recheck,refused:predicate_false:2329,0,,0,1,23.72352359816432,14.22509690746665
xair_atomic,plc_plain,1,pause,,1,2330,,,0,2,1274,0,read_set_version_changed_at_commit,,0,,0,0,14.373837038874626,2.195840235799551
xair_atomic,plc_plain,0,,,1,2332,2332,2332,0,,1275,1,authorization_committed,executed:RUN:2332,1,RUN,0,0,25.818725116550922,
xair,plc_plain,1,pause,,1,2332,2332,2333,0,14,1276,1,published_after_gate_recheck,executed:PAUSED:2333,1,PAUSED,1,0,24.829043075442314,14.201513025909662
xair,plc_predicate,1,pause,,1,2334,2334,2335,0,10,1277,1,published_after_gate_recheck,refused:predicate_false:2335,0,,0,1,21.919209975749254,10.229060892015696
xair,plc_predicate,1,pause,,1,2336,,,0,2,1278,0,read_set_version_changed_at_gate,,0,,0,0,17.132455948740244,2.1948879584670067
xair,plc_conditional,1,pause,,1,2338,2338,2338,0,14,1279,1,published_after_gate_recheck,executed:RUN:2338,1,RUN,0,0,19.32152407243848,14.2709631472826
xair_atomic,plc_plain,1,pause,,1,2340,2340,2341,0,12,1280,1,authorization_committed,executed:PAUSED:2341,1,PAUSED,1,0,17.151141073554754,12.215848080813885
xair_atomic,plc_predicate,1,pause,,1,2342,,,0,0,1281,0,precondition_failed: line.state == 'RUN',,0,,0,0,12.773547321557999,0.24950876832008362
xair_atomic,plc_conditional,1,pause,,1,2344,2344,2344,0,30,1282,1,authorization_committed,executed:RUN:2344,1,RUN,0,0,16.64191298186779,30.186079908162355
xair_atomic,plc_conditional,1,pause,,1,2346,2346,2347,0,16,1283,1,authorization_committed,refused:version_changed:2347,0,,0,1,22.788303904235363,16.193149145692587
xair,plc_plain,1,pause,,1,2348,2348,2349,0,14,1284,1,published_after_gate_recheck,executed:PAUSED:2349,1,PAUSED,1,0,25.48221219331026,14.2321209423244
xair,plc_plain,1,pause,,1,2350,2350,2351,0,14,1285,1,published_after_gate_recheck,executed:PAUSED:2351,1,PAUSED,1,0,27.779011987149715,14.190061017870903
xair_atomic,plc_plain,1,pause,,1,2352,2352,2353,0,12,1286,1,authorization_committed,executed:PAUSED:2353,1,PAUSED,1,0,24.61660373955965,12.3111167922616
xair_atomic,plc_conditional,1,pause,,1,2354,,,0,2,1287,0,read_set_version_changed_at_commit,,0,,0,0,15.611354727298021,2.2813817486166954
xair,plc_predicate,1,pause,,1,2356,,,0,0,1288,0,read_set_version_changed_at_gate,,0,,0,0,17.472776118665934,0.2922089770436287
xair_atomic,plc_conditional,1,pause,,1,2358,,,0,4,1289,0,read_set_version_changed_at_commit,,0,,0,0,17.20021292567253,4.266534931957722
xair,plc_plain,1,pause,,1,2360,2360,2360,0,20,1290,1,published_after_gate_recheck,executed:RUN:2360,1,RUN,0,0,22.956059779971838,20.253116264939308
xair_atomic,plc_conditional,1,pause,,1,2362,2362,2363,0,10,1291,1,authorization_committed,refused:version_changed:2363,0,,0,1,15.641220845282078,10.293572209775448
xair,plc_plain,1,pause,,1,2364,2364,2364,0,20,1292,1,published_after_gate_recheck,executed:RUN:2364,1,RUN,0,0,23.34742620587349,20.254918839782476
xair,plc_predicate,1,pause,,1,2366,2366,2367,0,12,1293,1,published_after_gate_recheck,refused:predicate_false:2367,0,,0,1,30.439867172390223,12.251184787601233
xair_atomic,plc_plain,1,pause,,1,2368,,,0,2,1294,0,read_set_version_changed_at_commit,,0,,0,0,14.765102881938219,2.242026850581169
xair_atomic,plc_predicate,1,pause,,1,2370,2370,2371,0,8,1295,1,authorization_committed,refused:predicate_false:2371,0,,0,1,17.47513096779585,8.206605911254883
xair_atomic,plc_conditional,1,pause,,1,2372,,,0,0,1296,0,read_set_version_changed_at_commit,,0,,0,0,15.594352968037128,0.2543679438531399
xair_atomic,plc_plain,1,pause,,1,2374,2374,2375,0,8,1297,1,authorization_committed,executed:PAUSED:2375,1,PAUSED,1,0,24.18810734525323,8.244136814028025
xair_atomic,plc_conditional,1,pause,,1,2376,2376,2377,0,12,1298,1,authorization_committed,refused:version_changed:2377,0,,0,1,17.125122249126434,12.221639044582844
xair_atomic,plc_predicate,1,pause,,1,2378,2378,2379,0,16,1299,1,authorization_committed,refused:predicate_false:2379,0,,0,1,23.003629874438047,16.28031302243471
xair,plc_plain,1,pause,,1,2380,2380,2380,0,30,1300,1,published_after_gate_recheck,executed:RUN:2380,1,RUN,0,0,26.19417104870081,30.206027440726757
xair,plc_plain,1,pause,,1,2382,2382,2382,0,16,1301,1,published_after_gate_recheck,executed:RUN:2382,1,RUN,0,0,21.70854341238737,16.23396622017026
xair,plc_predicate,1,pause,,1,2384,2384,2384,0,30,1302,1,published_after_gate_recheck,executed:RUN:2384,1,RUN,0,0,23.53282505646348,30.219371896237135
xair_atomic,plc_conditional,1,pause,,1,2386,2386,2386,0,14,1303,1,authorization_committed,executed:RUN:2386,1,RUN,0,0,16.686387360095978,14.233483001589775
xair_atomic,plc_plain,1,pause,,1,2388,2388,2389,0,12,1304,1,authorization_committed,executed:PAUSED:2389,1,PAUSED,1,0,18.483306746929884,12.205759063363075
xair,plc_predicate,1,pause,,1,2390,2390,2391,0,10,1305,1,published_after_gate_recheck,refused:predicate_false:2391,0,,0,1,25.61945002526045,10.226656217128038
xair_atomic,plc_conditional,1,pause,,1,2392,2392,2392,0,30,1306,1,authorization_committed,executed:RUN:2392,1,RUN,0,0,15.318715013563633,30.204514041543007
xair_atomic,plc_plain,1,pause,,1,2394,2394,2395,0,10,1307,1,authorization_committed,executed:PAUSED:2395,1,PAUSED,1,0,22.290028166025877,10.2400709874928
xair,plc_conditional,1,pause,,1,2396,2396,2396,0,20,1308,1,published_after_gate_recheck,executed:RUN:2396,1,RUN,0,0,23.024708963930607,20.1834449544549
xair,plc_plain,1,pause,,1,2398,2398,2399,0,12,1309,1,published_after_gate_recheck,executed:PAUSED:2399,1,PAUSED,1,0,31.993127893656492,12.280199211090803
xair,plc_plain,1,pause,,1,2400,2400,2401,0,6,1310,1,published_after_gate_recheck,executed:PAUSED:2401,1,PAUSED,1,0,26.228616014122963,6.2737311236560345
xair_atomic,plc_conditional,1,pause,,1,2402,2402,2403,0,10,1311,1,authorization_committed,refused:version_changed:2403,0,,0,1,24.131420999765396,10.254778899252415
xair,plc_predicate,1,pause,,1,2404,2404,2405,0,8,1312,1,published_after_gate_recheck,refused:predicate_false:2405,0,,0,1,29.744158033281565,8.32817517220974
xair_atomic,plc_plain,1,pause,,1,2406,,,0,0,1313,0,read_set_version_changed_at_commit,,0,,0,0,14.578883070498705,0.29025599360466003
xair,plc_conditional,1,pause,,1,2408,2408,2408,0,16,1314,1,published_after_gate_recheck,executed:RUN:2408,1,RUN,0,0,21.668397821485996,16.202867962419987
xair,plc_predicate,1,pause,,1,2410,2410,2411,0,8,1315,1,published_after_gate_recheck,refused:predicate_false:2411,0,,0,1,22.707293275743723,8.266840130090714
xair_atomic,plc_conditional,0,,,1,2412,2412,2412,0,,1316,1,authorization_committed,executed:RUN:2412,1,RUN,0,0,16.95301802828908,
xair_atomic,plc_plain,1,pause,,1,2412,2412,2413,0,14,1317,1,authorization_committed,executed:PAUSED:2413,1,PAUSED,1,0,22.50940026715398,14.242911245673895
xair,plc_plain,1,pause,,1,2414,,,0,2,1318,0,read_set_version_changed_at_gate,,0,,0,0,17.78778899461031,2.2221598774194717
xair_atomic,plc_conditional,1,pause,,1,2416,2416,2417,0,6,1319,1,authorization_committed,refused:version_changed:2417,0,,0,1,23.330663796514273,6.203819997608662
xair,plc_predicate,1,pause,,1,2418,,,0,2,1320,0,read_set_version_changed_at_gate,,0,,0,0,17.303827684372663,2.252617385238409
xair_atomic,plc_conditional,1,pause,,1,2420,2420,2420,0,14,1321,1,authorization_committed,executed:RUN:2420,1,RUN,0,0,18.22429010644555,14.254932757467031
xair_atomic,plc_conditional,1,pause,,1,2422,,,0,4,1322,0,read_set_version_changed_at_commit,,0,,0,0,17.28855911642313,4.227552097290754
xair,plc_plain,1,pause,,1,2424,2424,2425,0,4,1323,1,published_after_gate_recheck,executed:PAUSED:2425,1,PAUSED,1,0,25.209288112819195,4.22956608235836
xair,plc_predicate,1,pause,,1,2426,2426,2426,0,30,1324,1,published_after_gate_recheck,executed:RUN:2426,1,RUN,0,0,25.927178096026182,30.264878179877996
xair_atomic,plc_predicate,1,pause,,1,2428,2428,2428,0,20,1325,1,authorization_committed,executed:RUN:2428,1,RUN,0,0,19.169919192790985,20.288642961531878
xair,plc_predicate,1,pause,,1,2430,2430,2431,0,8,1326,1,published_after_gate_recheck,refused:predicate_false:2431,0,,0,1,28.490679804235697,8.249456994235516
xair_atomic,plc_plain,1,pause,,1,2432,,,0,0,1327,0,precondition_failed: line.state == 'RUN',,0,,0,0,13.010633178055286,0.388540793210268
xair,plc_conditional,1,pause,,1,2434,2434,2435,0,14,1328,1,published_after_gate_recheck,refused:version_changed:2435,0,,0,1,22.319452837109566,14.224596321582794
xair_atomic,plc_predicate,1,pause,,1,2436,2436,2437,0,6,1329,1,authorization_committed,refused:predicate_false:2437,0,,0,1,17.429093830287457,6.2146601267158985
xair_atomic,plc_predicate,1,pause,,1,2438,2438,2439,0,10,1330,1,authorization_committed,refused:predicate_false:2439,0,,0,1,19.036877900362015,10.226164944469929
xair,plc_conditional,1,pause,,1,2440,,,0,2,1331,0,read_set_version_changed_at_gate,,0,,0,0,18.55902886018157,2.2358261048793793
xair_atomic,plc_predicate,1,pause,,1,2442,2442,2442,0,30,1332,1,authorization_committed,executed:RUN:2442,1,RUN,0,0,21.75720501691103,30.204944778233767
xair,plc_conditional,1,pause,,1,2444,2444,2445,0,6,1333,1,published_after_gate_recheck,refused:version_changed:2445,0,,0,1,22.92824676260352,6.227883975952864
xair,plc_predicate,0,,,1,2446,2446,2446,0,,1334,1,published_after_gate_recheck,executed:RUN:2446,1,RUN,0,0,26.462546084076166,
xair,plc_conditional,1,pause,,1,2446,2446,2447,0,12,1335,1,published_after_gate_recheck,refused:version_changed:2447,0,,0,1,22.24118495360017,12.266242876648903
xair,plc_predicate,0,,,1,2448,2448,2448,0,,1336,1,published_after_gate_recheck,executed:RUN:2448,1,RUN,0,0,22.22156897187233,
xair_atomic,plc_predicate,1,pause,,1,2448,2448,2449,0,8,1337,1,authorization_committed,refused:predicate_false:2449,0,,0,1,19.019545055925846,8.219501003623009
xair,plc_predicate,1,pause,,1,2450,2450,2450,0,20,1338,1,published_after_gate_recheck,executed:RUN:2450,1,RUN,0,0,21.293743047863245,20.185107830911875
xair_atomic,plc_predicate,1,pause,,1,2452,2452,2453,0,8,1339,1,authorization_committed,refused:predicate_false:2453,0,,0,1,17.421259079128504,8.223247714340687
xair,plc_conditional,1,pause,,1,2454,,,0,4,1340,0,read_set_version_changed_at_gate,,0,,0,0,19.67217307537794,4.231198690831661
xair,plc_conditional,1,pause,,1,2456,2456,2456,0,20,1341,1,published_after_gate_recheck,executed:RUN:2456,1,RUN,0,0,23.66865100339055,20.18480794504285
xair_atomic,plc_conditional,1,pause,,1,2458,,,0,0,1342,0,read_set_version_changed_at_commit,,0,,0,0,15.973635949194431,0.4010540433228016
xair_atomic,plc_conditional,1,pause,,1,2460,2460,2461,0,16,1343,1,authorization_committed,refused:version_changed:2461,0,,0,1,26.659497059881687,16.475760843604803
xair_atomic,plc_conditional,1,pause,,1,2462,2462,2463,0,6,1344,1,authorization_committed,refused:version_changed:2463,0,,0,1,16.498222947120667,6.206835154443979
xair_atomic,plc_conditional,1,pause,,1,2464,2464,2464,0,20,1345,1,authorization_committed,executed:RUN:2464,1,RUN,0,0,18.075739964842796,20.20574687048793
xair_atomic,plc_plain,1,pause,,1,2466,2466,2467,0,12,1346,1,authorization_committed,executed:PAUSED:2467,1,PAUSED,1,0,23.23573688045144,12.231376953423023
xair_atomic,plc_plain,1,pause,,1,2468,2468,2468,0,30,1347,1,authorization_committed,executed:RUN:2468,1,RUN,0,0,17.21289800480008,30.274025164544582
xair_atomic,plc_predicate,1,pause,,1,2470,2470,2471,0,10,1348,1,authorization_committed,refused:predicate_false:2471,0,,0,1,21.73763792961836,10.237786918878555
xair_atomic,plc_plain,1,pause,,1,2472,2472,2473,0,8,1349,1,authorization_committed,executed:PAUSED:2473,1,PAUSED,1,0,18.93426477909088,8.211154956370592
xair,plc_predicate,0,,,1,2474,2474,2474,0,,1350,1,published_after_gate_recheck,executed:RUN:2474,1,RUN,0,0,20.693223923444748,
xair_atomic,plc_plain,1,pause,,1,2474,,,0,4,1351,0,read_set_version_changed_at_commit,,0,,0,0,18.345758318901062,4.231438972055912
xair_atomic,plc_conditional,1,pause,,1,2476,2476,2476,0,30,1352,1,authorization_committed,executed:RUN:2476,1,RUN,0,0,18.792598973959684,30.244329012930393
xair_atomic,plc_plain,1,pause,,1,2478,2478,2479,0,16,1353,1,authorization_committed,executed:PAUSED:2479,1,PAUSED,1,0,26.624069083482027,16.21271576732397
xair,plc_predicate,1,pause,,1,2480,,,0,2,1354,0,read_set_version_changed_at_gate,,0,,0,0,18.46992177888751,2.1945680491626263
xair,plc_plain,1,pause,,1,2482,2482,2482,0,20,1355,1,published_after_gate_recheck,executed:RUN:2482,1,RUN,0,0,22.198766004294157,20.184527151286602
xair_atomic,plc_plain,1,pause,,1,2484,,,0,2,1356,0,read_set_version_changed_at_commit,,0,,0,0,13.961701653897762,2.170161809772253
xair_atomic,plc_plain,1,pause,,1,2486,,,0,4,1357,0,read_set_version_changed_at_commit,,0,,0,0,15.368808060884476,4.235045984387398
xair,plc_plain,1,pause,,1,2488,2488,2489,0,12,1358,1,published_after_gate_recheck,executed:PAUSED:2489,1,PAUSED,1,0,19.593094941228628,12.191483285278082
xair_atomic,plc_predicate,1,pause,,1,2490,,,0,4,1359,0,read_set_version_changed_at_commit,,0,,0,0,17.094133887439966,4.194470122456551
xair_atomic,plc_conditional,1,pause,,1,2492,2492,2493,0,8,1360,1,authorization_committed,refused:version_changed:2493,0,,0,1,19.397486932575703,8.191117085516453
xair_atomic,plc_conditional,1,pause,,1,2494,2494,2494,0,16,1361,1,authorization_committed,executed:RUN:2494,1,RUN,0,0,18.871968146413565,16.350344754755497
xair_atomic,plc_predicate,1,pause,,1,2496,2496,2496,0,30,1362,1,authorization_committed,executed:RUN:2496,1,RUN,0,0,20.296436734497547,30.25685204192996
xair,plc_predicate,1,pause,,1,2498,,,0,0,1363,0,read_set_version_changed_at_gate,,0,,0,0,18.402184825390577,0.39948103949427605
xair,plc_conditional,1,pause,,1,2500,2500,2501,0,8,1364,1,published_after_gate_recheck,refused:version_changed:2501,0,,0,1,26.57857397571206,8.232145104557276
xair,plc_plain,1,pause,,1,2502,,,0,2,1365,0,read_set_version_changed_at_gate,,0,,0,0,17.2560578212142,2.3940629325807095
xair,plc_conditional,1,pause,,1,2504,2504,2505,0,4,1366,1,published_after_gate_recheck,refused:version_changed:2505,0,,0,1,26.794289704412222,4.179672338068485
xair_atomic,plc_conditional,1,pause,,1,2506,2506,2506,0,20,1367,1,authorization_committed,executed:RUN:2506,1,RUN,0,0,23.21818331256509,20.223841071128845
xair_atomic,plc_predicate,1,pause,,1,2508,2508,2509,0,10,1368,1,authorization_committed,refused:predicate_false:2509,0,,0,1,19.495239946991205,10.225133039057255
xair_atomic,plc_predicate,1,pause,,1,2510,2510,2511,0,16,1369,1,authorization_committed,refused:predicate_false:2511,0,,0,1,22.442374378442764,16.23869501054287
xair,plc_plain,1,pause,,1,2512,2512,2513,0,8,1370,1,published_after_gate_recheck,executed:PAUSED:2513,1,PAUSED,1,0,25.27618408203125,8.252542931586504
xair_atomic,plc_plain,1,pause,,1,2514,2514,2515,0,12,1371,1,authorization_committed,executed:PAUSED:2515,1,PAUSED,1,0,24.956522975116968,12.202462181448936
xair,plc_predicate,1,pause,,1,2516,2516,2517,0,12,1372,1,published_after_gate_recheck,refused:predicate_false:2517,0,,0,1,19.96161788702011,12.21335306763649
xair,plc_conditional,1,pause,,1,2518,2518,2519,0,12,1373,1,published_after_gate_recheck,refused:version_changed:2519,0,,0,1,23.632742930203676,12.185571249574423
xair,plc_plain,1,pause,,1,2520,2520,2521,0,10,1374,1,published_after_gate_recheck,executed:PAUSED:2521,1,PAUSED,1,0,28.613231144845486,10.227017104625702
xair,plc_conditional,1,pause,,1,2522,,,0,2,1375,0,read_set_version_changed_at_gate,,0,,0,0,17.387837171554565,2.2437297739088535
xair,plc_conditional,1,pause,,1,2524,2524,2525,0,10,1376,1,published_after_gate_recheck,refused:version_changed:2525,0,,0,1,22.928006947040558,10.235672816634178
xair,plc_plain,0,,,1,2526,2526,2526,0,,1377,1,published_after_gate_recheck,executed:RUN:2526,1,RUN,0,0,28.32096116617322,
xair,plc_conditional,1,pause,,1,2526,2526,2527,0,14,1378,1,published_after_gate_recheck,refused:version_changed:2527,0,,0,1,21.25384798273444,14.211261179298162
xair_atomic,plc_conditional,1,pause,,1,2528,2528,2529,0,14,1379,1,authorization_committed,refused:version_changed:2529,0,,0,1,18.98434991016984,14.236449263989925
xair,plc_conditional,1,pause,,1,2530,2530,2531,0,12,1380,1,published_after_gate_recheck,refused:version_changed:2531,0,,0,1,24.812843184918165,12.229955289512873
xair,plc_conditional,1,pause,,1,2532,,,0,0,1381,0,read_set_version_changed_at_gate,,0,,0,0,16.976002138108015,0.26543019339442253
xair,plc_conditional,1,pause,,1,2534,,,0,2,1382,0,read_set_version_changed_at_gate,,0,,0,0,18.152163829654455,2.2194450721144676
xair_atomic,plc_conditional,1,pause,,1,2536,2536,2537,0,4,1383,1,authorization_committed,refused:version_changed:2537,0,,0,1,24.167729075998068,4.234174732118845
xair_atomic,plc_conditional,0,,,1,2538,2538,2538,0,,1384,1,authorization_committed,executed:RUN:2538,1,RUN,0,0,27.14962838217616,
xair,plc_predicate,1,pause,,1,2538,,,0,0,1385,0,read_set_version_changed_at_gate,,0,,0,0,17.66130095347762,0.30535412952303886
xair_atomic,plc_conditional,1,pause,,1,2540,2540,2541,0,8,1386,1,authorization_committed,refused:version_changed:2541,0,,0,1,22.400595247745514,8.240669965744019
xair,plc_plain,1,pause,,1,2542,2542,2543,0,14,1387,1,published_after_gate_recheck,executed:PAUSED:2543,1,PAUSED,1,0,21.15857880562544,14.16274020448327
xair_atomic,plc_plain,1,pause,,1,2544,2544,2545,0,12,1388,1,authorization_committed,executed:PAUSED:2545,1,PAUSED,1,0,19.357410725206137,12.218502815812826
xair_atomic,plc_conditional,1,pause,,1,2546,,,0,0,1389,0,precondition_failed: line.state == 'RUN',,0,,0,0,13.764721341431141,0.4058433696627617
xair,plc_plain,1,pause,,1,2548,2548,2549,0,8,1390,1,published_after_gate_recheck,executed:PAUSED:2549,1,PAUSED,1,0,20.97734808921814,8.195335976779461
xair_atomic,plc_plain,1,pause,,1,2550,,,0,4,1391,0,read_set_version_changed_at_commit,,0,,0,0,21.33872825652361,6.092730909585953
xair,plc_conditional,0,,,1,2552,2552,2552,0,,1392,1,published_after_gate_recheck,executed:RUN:2552,1,RUN,0,0,31.655303202569485,
xair,plc_conditional,1,pause,,1,2552,2552,2553,0,16,1393,1,published_after_gate_recheck,refused:version_changed:2553,0,,0,1,28.66259403526783,16.218677163124084
xair,plc_plain,1,pause,,1,2554,2554,2555,0,14,1394,1,published_after_gate_recheck,executed:PAUSED:2555,1,PAUSED,1,0,27.345706708729267,14.220950193703175
xair_atomic,plc_conditional,1,pause,,1,2556,2556,2557,0,4,1395,1,authorization_committed,refused:version_changed:2557,0,,0,1,24.291411973536015,4.269501194357872
xair_atomic,plc_predicate,1,pause,,1,2558,2558,2559,0,16,1396,1,authorization_committed,refused:predicate_false:2559,0,,0,1,28.789462987333536,16.211163252592087
xair,plc_plain,1,pause,,1,2560,2560,2560,0,14,1397,1,published_after_gate_recheck,executed:RUN:2560,1,RUN,0,0,18.68037786334753,14.318462926894426
xair,plc_plain,1,pause,,1,2562,2562,2563,0,14,1398,1,published_after_gate_recheck,executed:PAUSED:2563,1,PAUSED,1,0,22.166064009070396,14.2348762601614
xair,plc_conditional,1,pause,,1,2564,2564,2565,0,6,1399,1,published_after_gate_recheck,refused:version_changed:2565,0,,0,1,24.56219121813774,6.221592891961336
xair_atomic,plc_conditional,1,pause,,1,2566,2566,2567,0,16,1400,1,authorization_committed,refused:version_changed:2567,0,,0,1,24.814936332404613,16.238504089415073
xair_atomic,plc_plain,1,pause,,1,2568,2568,2569,0,10,1401,1,authorization_committed,executed:PAUSED:2569,1,PAUSED,1,0,22.998679894953966,10.236173868179321
xair_atomic,plc_predicate,0,,,1,2570,2570,2570,0,,1402,1,authorization_committed,executed:RUN:2570,1,RUN,0,0,17.352079041302204,
xair_atomic,plc_plain,1,pause,,1,2570,2570,2571,0,16,1403,1,authorization_committed,executed:PAUSED:2571,1,PAUSED,1,0,23.179149255156517,16.19894988834858
xair_atomic,plc_predicate,1,pause,,1,2572,2572,2573,0,6,1404,1,authorization_committed,refused:predicate_false:2573,0,,0,1,22.461840882897377,6.2017859891057014
xair_atomic,plc_predicate,1,pause,,1,2574,2574,2574,0,20,1405,1,authorization_committed,executed:RUN:2574,1,RUN,0,0,17.018982209265232,20.215225405991077
xair_atomic,plc_predicate,1,pause,,1,2576,2576,2577,0,6,1406,1,authorization_committed,refused:predicate_false:2577,0,,0,1,22.629816085100174,6.188040133565664
xair_atomic,plc_conditional,1,pause,,1,2578,2578,2579,0,8,1407,1,authorization_committed,refused:version_changed:2579,0,,0,1,17.944914288818836,9.085047990083694
xair_atomic,plc_conditional,1,pause,,1,2580,2580,2581,0,12,1408,1,authorization_committed,refused:version_changed:2581,0,,0,1,22.812790237367153,12.257605791091919
xair,plc_plain,1,pause,,1,2582,2582,2582,0,30,1409,1,published_after_gate_recheck,executed:RUN:2582,1,RUN,0,0,20.562538411468267,30.20328190177679
xair_atomic,plc_predicate,0,,,1,2584,2584,2584,0,,1410,1,authorization_committed,executed:RUN:2584,1,RUN,0,0,23.86234374716878,
xair_atomic,plc_conditional,1,pause,,1,2584,2584,2584,0,30,1411,1,authorization_committed,executed:RUN:2584,1,RUN,0,0,22.081955801695585,30.211567878723145
xair,plc_plain,1,pause,,1,2586,2586,2586,0,30,1412,1,published_after_gate_recheck,executed:RUN:2586,1,RUN,0,0,21.993580274283886,30.2037731744349
xair,plc_conditional,1,pause,,1,2588,2588,2588,0,20,1413,1,published_after_gate_recheck,executed:RUN:2588,1,RUN,0,0,19.552998710423708,20.197592210024595
xair,plc_conditional,1,pause,,1,2590,2590,2591,0,8,1414,1,published_after_gate_recheck,refused:version_changed:2591,0,,0,1,25.66813165321946,8.168053813278675
xair,plc_conditional,1,pause,,1,2592,2592,2592,0,16,1415,1,published_after_gate_recheck,executed:RUN:2592,1,RUN,0,0,19.815322011709213,16.187358647584915
xair_atomic,plc_predicate,1,pause,,1,2594,2594,2595,0,6,1416,1,authorization_committed,refused:predicate_false:2595,0,,0,1,17.042115796357393,6.4449128694832325
xair_atomic,plc_conditional,1,pause,,1,2596,,,0,2,1417,0,read_set_version_changed_at_commit,,0,,0,0,14.580475632101297,2.1672267466783524
xair_atomic,plc_plain,1,pause,,1,2598,2598,2599,0,14,1418,1,authorization_committed,executed:PAUSED:2599,1,PAUSED,1,0,24.31643893942237,14.16077557951212
xair,plc_predicate,1,pause,,1,2600,2600,2600,0,30,1419,1,published_after_gate_recheck,executed:RUN:2600,1,RUN,0,0,30.967850238084793,30.269697308540344
xair_atomic,plc_conditional,1,pause,,1,2602,2602,2603,0,16,1420,1,authorization_committed,refused:version_changed:2603,0,,0,1,22.085942793637514,16.21513022109866
xair,plc_conditional,1,pause,,1,2604,2604,2605,0,16,1421,1,published_after_gate_recheck,refused:version_changed:2605,0,,0,1,26.286655105650425,16.16801181808114
xair_atomic,plc_plain,1,pause,,1,2606,2606,2606,0,20,1422,1,authorization_committed,executed:RUN:2606,1,RUN,0,0,18.405871000140905,20.28463501483202
xair,plc_conditional,0,,,1,2608,2608,2608,0,,1423,1,published_after_gate_recheck,executed:RUN:2608,1,RUN,0,0,29.553780797868967,
xair_atomic,plc_conditional,1,pause,,1,2608,2608,2609,0,6,1424,1,authorization_committed,refused:version_changed:2609,0,,0,1,17.529392149299383,8.272541221231222
xair_atomic,plc_plain,1,pause,,1,2610,,,0,2,1425,0,read_set_version_changed_at_commit,,0,,0,0,15.239556320011616,2.2154683247208595
xair_atomic,plc_conditional,1,pause,,1,2612,2612,2613,0,10,1426,1,authorization_committed,refused:version_changed:2613,0,,0,1,18.140933010727167,10.230443906039
xair,plc_plain,1,pause,,1,2614,2614,2614,0,20,1427,1,published_after_gate_recheck,executed:RUN:2614,1,RUN,0,0,27.263643220067024,20.187803078442812
xair_atomic,plc_predicate,1,pause,,1,2616,2616,2616,0,30,1428,1,authorization_committed,executed:RUN:2616,1,RUN,0,0,17.988545820116997,30.30081605538726
xair_atomic,plc_conditional,1,pause,,1,2618,,,0,4,1429,0,read_set_version_changed_at_commit,,0,,0,0,16.436737030744553,4.194349050521851
xair,plc_predicate,1,pause,,1,2620,2620,2620,0,20,1430,1,published_after_gate_recheck,executed:RUN:2620,1,RUN,0,0,22.643762174993753,20.142998546361923
xair,plc_plain,1,pause,,1,2622,2622,2623,0,6,1431,1,published_after_gate_recheck,executed:PAUSED:2623,1,PAUSED,1,0,21.45149977877736,6.257751025259495
xair,plc_predicate,1,pause,,1,2624,2624,2625,0,8,1432,1,published_after_gate_recheck,refused:predicate_false:2625,0,,0,1,27.571300975978374,8.167603053152561
xair,plc_plain,1,pause,,1,2626,2626,2627,0,8,1433,1,published_after_gate_recheck,executed:PAUSED:2627,1,PAUSED,1,0,28.13074318692088,8.158376440405846
xair,plc_conditional,1,pause,,1,2628,2628,2629,0,8,1434,1,published_after_gate_recheck,refused:version_changed:2629,0,,0,1,18.11491372063756,8.161261212080717
xair_atomic,plc_conditional,1,pause,,1,2630,2630,2630,0,30,1435,1,authorization_committed,executed:RUN:2630,1,RUN,0,0,19.81911901384592,30.391064938157797
xair,plc_predicate,1,pause,,1,2632,2632,2632,0,20,1436,1,published_after_gate_recheck,executed:RUN:2632,1,RUN,0,0,19.37890099361539,20.23626398295164
xair_atomic,plc_plain,1,pause,,1,2634,2634,2634,0,30,1437,1,authorization_committed,executed:RUN:2634,1,RUN,0,0,23.08102510869503,30.19516682252288
xair,plc_plain,1,pause,,1,2636,,,0,2,1438,0,read_set_version_changed_at_gate,,0,,0,0,18.673473969101906,2.208154182881117
xair_atomic,plc_predicate,1,pause,,1,2638,2638,2639,0,10,1439,1,authorization_committed,refused:predicate_false:2639,0,,0,1,19.38185701146722,10.215735994279385
