run,mode,inject,inject_offset_ms,publish_delay_ms,injection_window,gateway_released,gate_blocked,stale_publish,potential_stale_publish,post_release_invalidation,injection_version,check_version,version_order,stale_exact,stale_in_open_interval,position_vs_middleware,residual_lo_ms,residual_hi_ms,t_middleware_ms,store_io_lo_ms,store_io_hi_ms,injection_store_lo_ms,injection_store_hi_ms,commit_status,commit_age_ms,outcome,reason,validation_to_gate_ms,validation_to_publish_ms,recheck_to_publish_ms,t_validate_end_ms,t_injection_start_ms,t_injection_end_ms,t_recheck_start_ms,t_recheck_end_ms,t_publish_end_ms
0,xair_atomic,0,,50.0,control,1,0,0,0,0,,562,control,0,0,,1.0542566888034344,5.179963540285826,64.30976372212172,59.12980018183589,63.25550703331828,,,committed,66.26708984375,EXECUTE,authorization_committed,58.99663968011737,59.01798000559211,0.021340325474739075,5.30831515789032,,,55.402391124516726,64.30495483800769,64.32629516348243
1,xair_atomic,0,,50.0,control,1,0,0,0,0,,563,control,0,0,,1.1640219017863274,2.5589182041585445,60.51283283159137,57.95391462743282,59.34881092980504,,,committed,60.916015625,EXECUTE,authorization_committed,55.64772104844451,55.67821767181158,0.03049662336707115,4.858240019530058,,,54.93635591119528,60.50596106797457,60.53645769134164
2,xair_atomic,1,0.0,50.0,before_recheck,0,1,0,0,0,565,565,before_check,0,0,,,,,57.93304601684213,59.297043830156326,9.379638824611902,10.461267083883286,changed,61.68408203125,REVOKE,read_set_version_changed_at_commit,55.69378565996885,,,4.59920521825552,4.814658779650927,15.429574064910412,55.080065969377756,60.29299087822437,
3,xair_atomic,1,0.0,50.0,before_recheck,0,1,0,0,0,567,567,before_check,0,0,,,,,57.98891978338361,59.31180063635111,9.705489035695791,10.823785793036222,changed,61.27099609375,REVOKE,read_set_version_changed_at_commit,55.694728158414364,,,4.787317011505365,4.9255057238042355,15.327280852943659,55.09654572233558,60.48204516991973,
4,xair_atomic,1,0.0,50.0,before_recheck,0,1,0,0,0,569,569,before_check,0,0,,,,,57.45324585586786,58.886724058538675,9.02436301112175,10.094840079545975,changed,60.844970703125,REVOKE,read_set_version_changed_at_commit,55.25189824402332,,,4.430166911333799,4.6265157870948315,14.84984578564763,54.89664198830724,59.68206515535712,
5,xair_atomic,1,0.0,50.0,before_recheck,0,1,0,0,0,571,571,before_check,0,0,,,,,57.36700538545847,58.85806120932102,9.160809218883514,10.306678246706724,changed,60.923095703125,REVOKE,read_set_version_changed_at_commit,55.1151311956346,,,4.535045009106398,4.692228976637125,14.814720954746008,54.867147002369165,59.650176204741,
6,xair_atomic,1,0.0,50.0,before_recheck,0,1,0,0,0,573,573,before_check,0,0,,,,,57.71387368440628,59.02669578790665,9.064577054232359,10.437231045216322,changed,60.4599609375,REVOKE,read_set_version_changed_at_commit,55.16327079385519,,,4.835878033190966,4.970008973032236,15.10313106700778,55.14808278530836,59.999148827046156,
7,xair_atomic,1,0.0,50.0,before_recheck,0,1,0,0,0,575,575,before_check,0,0,,,,,58.84966533631086,60.699482914060354,10.65803598612547,11.95082999765873,changed,62.344970703125,REVOKE,read_set_version_changed_at_commit,57.25676706060767,,,4.88240597769618,5.058606155216694,16.751202289015055,55.34256808459759,62.13917303830385,
8,xair_atomic,1,0.0,50.0,before_recheck,0,1,0,0,0,577,577,before_check,0,0,,,,,58.68238117545843,60.11244188994169,10.680307168513536,11.89952390268445,changed,62.827880859375,REVOKE,read_set_version_changed_at_commit,55.49937207251787,,,5.622672848403454,5.754299927502871,16.564201097935438,56.00799573585391,61.122044920921326,
9,xair_atomic,0,,50.0,control,1,0,0,0,0,,578,control,0,0,,0.7999897934496403,2.36338097602129,59.2970228753984,56.93364189937711,58.49703308194876,,,committed,60.4580078125,EXECUTE,authorization_committed,54.27983496338129,54.29247906431556,0.012644100934267044,5.01432316377759,,,55.08594727143645,59.29415812715888,59.30680222809315
10,xair_atomic,1,0.0,50.0,before_recheck,0,1,0,0,0,580,580,before_check,0,0,,,,,57.507296558469534,58.6119988001883,9.986075572669506,11.181987822055817,changed,60.9150390625,REVOKE,read_set_version_changed_at_commit,55.16507523134351,,,4.366026725620031,4.595847800374031,15.951201785355806,55.01214787364006,59.53110195696354,
11,xair_atomic,1,0.0,50.0,before_recheck,0,1,0,0,0,582,582,before_check,0,0,,,,,57.42429103702307,58.70150588452816,8.907943964004517,10.08871803060174,changed,61.412109375,REVOKE,read_set_version_changed_at_commit,55.07611809298396,,,4.391714930534363,4.530434962362051,15.031707007437944,54.71760593354702,59.467833023518324,
12,xair_atomic,1,0.0,50.0,before_recheck,0,1,0,0,0,584,584,before_check,0,0,,,,,57.397091295570135,58.743616100400686,8.96381912752986,10.121229104697704,changed,60.8291015625,REVOKE,read_set_version_changed_at_commit,55.24170817807317,,,4.3529630638659,4.486373160034418,14.266372192651033,54.63792709633708,59.59467124193907,
13,xair_atomic,1,0.0,50.0,before_recheck,0,1,0,0,0,586,586,before_check,0,0,,,,,57.63631919398904,59.018501080572605,9.850762318819761,10.80235606059432,changed,61.031982421875,REVOKE,read_set_version_changed_at_commit,55.01333111897111,,,4.7667380422353745,4.907512106001377,15.658913180232048,55.12135289609432,59.780069161206484,
14,xair_atomic,0,,50.0,control,1,0,0,0,0,,587,control,0,0,,0.884688924998045,2.810901030898094,60.1699398830533,57.35903885215521,59.28525095805526,,,committed,61.110107421875,EXECUTE,authorization_committed,55.68444915115833,55.71190034970641,0.027451198548078537,4.479088820517063,,,54.54855877906084,60.163537971675396,60.190989170223475
15,xair_atomic,0,,50.0,control,1,0,0,0,0,,588,control,0,0,,1.0839230380952358,2.6038032956421375,59.9453691393137,57.34156584367156,58.86144610121846,,,committed,60.6669921875,EXECUTE,authorization_committed,55.19536184147,55.212453939020634,0.01709209755063057,4.745418205857277,,,54.8261902295053,59.94078004732728,59.95787214487791
16,xair_atomic,1,0.0,50.0,before_recheck,0,1,0,0,0,590,590,before_check,0,0,,,,,57.42125632241368,58.62721800804138,9.063174948096275,10.3371343575418,changed,60.52099609375,REVOKE,read_set_version_changed_at_commit,54.79028169065714,,,4.64472034946084,4.748985171318054,15.574085060507059,54.91888429969549,59.43500204011798,
17,xair_atomic,1,0.0,50.0,before_recheck,0,1,0,0,0,592,592,before_check,0,0,,,,,57.51219717785716,58.85575618594885,9.214980062097311,10.155913885682821,changed,60.431884765625,REVOKE,read_set_version_changed_at_commit,55.32671790570021,,,4.457409027963877,4.540184047073126,15.10201906785369,54.70746709033847,59.78412693366408,
18,xair_atomic,1,0.0,50.0,before_recheck,0,1,0,0,0,594,594,before_check,0,0,,,,,57.43413046002388,58.86102607473731,9.20255621895194,10.378251317888498,changed,61.583984375,REVOKE,read_set_version_changed_at_commit,55.44058186933398,,,4.584547132253647,4.67415526509285,14.848604332655668,54.82603935524821,60.02512900158763,
19,xair_atomic,1,0.0,50.0,before_recheck,0,1,0,0,0,596,596,before_check,0,0,,,,,58.52087773382664,59.87421469762921,10.315362829715014,11.647219769656658,changed,62.381103515625,REVOKE,read_set_version_changed_at_commit,55.998307187110186,,,5.0742048770189285,5.295198876410723,16.322406940162182,55.56146800518036,61.072512064129114,
20,xair_atomic,1,0.0,50.0,before_recheck,0,1,0,0,0,598,598,before_check,0,0,,,,,58.15070401877165,59.37107279896736,10.290316306054592,11.392993852496147,changed,62.054931640625,REVOKE,read_set_version_changed_at_commit,55.16817094758153,,,5.142563953995705,5.3237127140164375,15.868055634200573,55.59488199651241,60.310734901577234,
21,xair_atomic,1,0.0,50.0,before_recheck,0,1,0,0,0,600,600,before_check,0,0,,,,,58.11626883223653,59.42535400390625,9.893801994621754,10.959881823509932,changed,61.4541015625,REVOKE,read_set_version_changed_at_commit,55.57515379041433,,,4.912992008030415,5.086698103696108,15.722392126917839,55.31302187591791,60.48814579844475,
22,xair_atomic,1,0.0,50.0,before_recheck,0,1,0,0,0,602,602,before_check,0,0,,,,,57.79315298423171,59.29350620135665,9.128257166594267,10.340139269828796,changed,61.550048828125,REVOKE,read_set_version_changed_at_commit,55.7198659516871,,,4.589325282722712,4.73211333155632,14.962166082113981,54.989776108413935,60.30919123440981,
23,xair_atomic,1,0.0,50.0,before_recheck,0,1,0,0,0,604,604,before_check,0,0,,,,,59.85017120838165,61.25672813504934,12.670099269598722,14.152569696307182,changed,64.1640625,REVOKE,read_set_version_changed_at_commit,55.574933998286724,,,6.693792063742876,6.851708982139826,19.60995327681303,57.09725897759199,62.2687260620296,
24,xair_atomic,0,,50.0,control,1,0,0,0,0,,605,control,0,0,,0.8883359842002392,2.0925840362906456,59.77432802319527,57.68174398690462,58.88599203899503,,,committed,61.239990234375,EXECUTE,authorization_committed,54.85488288104534,54.87140407785773,0.01652119681239128,4.915277007967234,,,54.99376403167844,59.770159889012575,59.786681085824966
25,xair_atomic,1,0.0,50.0,before_recheck,0,1,0,0,0,607,607,before_check,0,0,,,,,57.26935062557459,58.414428029209375,9.516855701804161,10.457689873874187,changed,61.06396484375,REVOKE,read_set_version_changed_at_commit,54.76148892194033,,,4.486221820116043,4.636975005269051,15.186137054115534,54.797315038740635,59.24771074205637,
26,xair_atomic,1,0.0,50.0,before_recheck,0,1,0,0,0,609,609,before_check,0,0,,,,,57.811918668448925,59.10853995010257,9.705991018563509,10.723398998379707,changed,60.967041015625,REVOKE,read_set_version_changed_at_commit,54.884709883481264,,,5.008501932024956,5.106505937874317,15.58851171284914,55.27435103431344,59.89321181550622,
27,xair_atomic,1,0.0,50.0,before_recheck,0,1,0,0,0,611,611,before_check,0,0,,,,,57.42116505280137,58.88486048206687,9.136932902038097,10.35655988380313,changed,60.446044921875,REVOKE,read_set_version_changed_at_commit,55.147392209619284,,,4.800460767000914,4.883747082203627,15.010477043688297,55.03463000059128,59.9478529766202,
28,xair_atomic,0,,50.0,control,1,0,0,0,0,,612,control,0,0,,0.8512972854077816,2.110167406499386,59.140630066394806,57.03046265989542,58.289332780987024,,,committed,60.39208984375,EXECUTE,authorization_committed,54.71374886110425,54.73742401227355,0.02367515116930008,4.422321915626526,,,54.501370061188936,59.136070776730776,59.159745927900076
29,xair_atomic,1,0.0,50.0,before_recheck,0,1,0,0,0,614,614,before_check,0,0,,,,,57.73360189050436,58.91016824170947,9.758418891578913,10.907825082540512,changed,61.342041015625,REVOKE,read_set_version_changed_at_commit,55.10253785178065,,,4.791805986315012,4.9647800624370575,15.961441211402416,55.13652181252837,59.894343838095665,
30,xair_atomic,0,,50.0,control,1,0,0,0,0,,615,control,0,0,,0.851465854793787,2.317344769835472,59.354209806770086,57.036865036934614,58.5027439519763,,,committed,60.033935546875,EXECUTE,authorization_committed,55.1548358052969,55.16823194921017,0.013396143913269043,4.196187946945429,,,54.270647931843996,59.35102375224233,59.364419896155596
31,xair_atomic,1,0.0,50.0,before_recheck,0,1,0,0,0,617,617,before_check,0,0,,,,,57.23864398896694,58.474000077694654,9.414894971996546,10.536347981542349,changed,60.27392578125,REVOKE,read_set_version_changed_at_commit,55.27768703177571,,,4.348964896053076,4.4622281566262245,14.900080859661102,54.627466946840286,59.62665192782879,
32,xair_atomic,1,0.0,50.0,before_recheck,0,1,0,0,0,619,619,before_check,0,0,,,,,57.09040490910411,58.61588614061475,8.591800928115845,9.896478150039911,changed,60.51708984375,REVOKE,read_set_version_changed_at_commit,55.222962982952595,,,4.383370280265808,4.513534251600504,15.026848297566175,54.671780206263065,59.6063332632184,
33,xair_atomic,1,0.0,50.0,before_recheck,0,1,0,0,0,621,621,before_check,0,0,,,,,58.69627697393298,60.22644601762295,9.768957737833261,10.707397945225239,changed,62.762939453125,REVOKE,read_set_version_changed_at_commit,56.244980078190565,,,5.03486068919301,5.220889579504728,15.712232794612646,55.52944773808122,61.279840767383575,
34,xair_atomic,1,0.0,50.0,before_recheck,0,1,0,0,0,623,623,before_check,0,0,,,,,57.71451583132148,59.20699518173933,9.453127160668373,10.63560415059328,changed,61.197021484375,REVOKE,read_set_version_changed_at_commit,54.983094334602356,,,5.035021807998419,5.185815040022135,15.487942844629288,55.54270325228572,60.018116142600775,
35,xair_atomic,1,0.0,50.0,before_recheck,0,1,0,0,0,625,625,before_check,0,0,,,,,57.70776281133294,59.01156784966588,9.949096012860537,11.135820765048265,changed,61.657958984375,REVOKE,read_set_version_changed_at_commit,54.79443026706576,,,5.142111796885729,5.246537737548351,15.927526634186506,55.48435403034091,59.93654206395149,
36,xair_atomic,1,0.0,50.0,before_recheck,0,1,0,0,0,627,627,before_check,0,0,,,,,58.162014465779066,59.404834639281034,10.457709897309542,11.38150179758668,changed,61.91796875,REVOKE,read_set_version_changed_at_commit,55.37133198231459,,,5.023859906941652,5.173069890588522,16.279607079923153,55.41482288390398,60.39519188925624,
37,xair_atomic,0,,50.0,control,1,0,0,0,0,,628,control,0,0,,0.8528600446879864,2.437231130897999,59.551811311393976,57.11458018049598,58.69895126670599,,,committed,60.262939453125,EXECUTE,authorization_committed,54.524433799088,54.53905090689659,0.014617107808589935,5.023219157010317,,,55.09940208867192,59.54765295609832,59.56227006390691
38,xair_atomic,0,,50.0,control,1,0,0,0,0,,629,control,0,0,,1.002319622784853,2.2628926672041416,59.22947684302926,56.96658417582512,58.22715722024441,,,committed,60.469970703125,EXECUTE,authorization_committed,54.654508363455534,54.664998315274715,0.010489951819181442,4.571912810206413,,,54.64540095999837,59.22642117366195,59.23691112548113
39,xair_atomic,1,0.0,50.0,before_recheck,0,1,0,0,0,631,631,before_check,0,0,,,,,57.952422183007,59.39789209514856,9.347107261419296,10.55101491510868,changed,61.06494140625,REVOKE,read_set_version_changed_at_commit,55.48930400982499,,,4.653726238757372,4.8878248780965805,15.523269306868315,55.23087829351425,60.14303024858236,
40,xair_atomic,1,30.0,50.0,before_recheck,0,1,0,0,0,633,633,before_check,0,0,,,,,58.389912359416485,59.73550537601113,41.02948820218444,42.257010005414486,changed,62.843017578125,REVOKE,read_set_version_changed_at_commit,55.34936999902129,,,5.31895412132144,35.57652235031128,47.533875331282616,55.607084184885025,60.66832412034273,
41,xair_atomic,0,,50.0,control,1,0,0,0,0,,634,control,0,0,,1.1363811790943146,2.3144609294831753,60.39448222145438,58.08002129197121,59.25810104236007,,,committed,61.84912109375,EXECUTE,authorization_committed,55.52353709936142,55.54221197962761,0.018674880266189575,4.86691715195775,,,54.94602536782622,60.39045425131917,60.40912913158536
42,xair_atomic,0,,50.0,control,1,0,0,0,0,,635,control,0,0,,0.9133829735219479,2.3839809000492096,59.27864881232381,56.8946679122746,58.36526583880186,,,committed,60.89111328125,EXECUTE,authorization_committed,54.89766364917159,54.916569031775,0.018905382603406906,4.377088043838739,,,54.45076571777463,59.27475169301033,59.29365707561374
43,xair_atomic,1,30.0,50.0,before_recheck,0,1,0,0,0,637,637,before_check,0,0,,,,,57.40149924531579,58.74030012637377,39.724080823361874,41.136087849736214,changed,61.4169921875,REVOKE,read_set_version_changed_at_commit,54.795010946691036,,,4.709160886704922,34.920433070510626,45.848785899579525,54.92073716595769,59.50417183339596,
44,xair_atomic,0,,50.0,control,1,0,0,0,0,,638,control,0,0,,0.8422499522566795,2.1054279059171677,59.66715794056654,57.56173003464937,58.82490798830986,,,committed,61.110107421875,EXECUTE,authorization_committed,54.81261387467384,54.83356397598982,0.02095010131597519,4.850064869970083,,,54.92701893672347,59.66267874464393,59.6836288459599
45,xair_atomic,0,,50.0,control,1,0,0,0,0,,639,control,0,0,,0.8281529881060123,2.1750587038695812,58.9812807738781,56.806222070008516,58.153127785772085,,,committed,60.384033203125,EXECUTE,authorization_committed,54.57674199715257,54.589737206697464,0.01299520954489708,4.4013927690684795,,,54.47740480303764,58.97813476622105,58.99112997576594
46,xair_atomic,1,30.0,50.0,before_recheck,0,1,0,0,0,641,641,before_check,0,0,,,,,57.782544288784266,59.099463280290365,40.66341230645776,41.906914208084345,changed,61.06591796875,REVOKE,read_set_version_changed_at_commit,54.902362171560526,,,4.905179142951965,35.13204026967287,47.49081516638398,55.150839034467936,59.80754131451249,
47,xair_atomic,1,30.0,50.0,before_recheck,0,1,0,0,0,643,643,before_check,0,0,,,,,57.755373418331146,58.996730018407106,39.98741414397955,41.20586905628443,changed,61.906982421875,REVOKE,read_set_version_changed_at_commit,55.35935005173087,,,4.520727321505547,34.814955200999975,46.15600127726793,54.848602041602135,59.88007737323642,
48,xair_atomic,1,30.0,50.0,before_recheck,0,1,0,0,0,645,645,before_check,0,0,,,,,58.00270661711693,59.376672841608524,39.78537488728762,41.03518882766366,changed,61.51904296875,REVOKE,read_set_version_changed_at_commit,56.0597931034863,,,4.478517919778824,34.73001578822732,47.01262805610895,54.79498067870736,60.53831102326512,
49,xair_atomic,1,30.0,50.0,before_recheck,0,1,0,0,0,647,647,before_check,0,0,,,,,57.44911823421717,58.70094522833824,40.43966205790639,41.822866071015596,changed,61.155029296875,REVOKE,read_set_version_changed_at_commit,54.96111325919628,,,4.6600778587162495,34.823319874703884,47.0730010420084,54.85635623335838,59.62119111791253,
50,xair_atomic,1,30.0,50.0,before_recheck,0,1,0,0,0,649,649,before_check,0,0,,,,,58.50254371762276,59.84647385776043,44.08197198063135,45.44805409386754,changed,62.054931640625,REVOKE,read_set_version_changed_at_commit,55.15869287773967,,,5.491828080266714,35.67773289978504,50.99518597126007,55.67513173446059,60.65052095800638,
51,xair_atomic,1,30.0,50.0,before_recheck,0,1,0,0,0,651,651,before_check,0,0,,,,,58.04531602188945,59.45714423432946,40.111327078193426,41.30995413288474,changed,61.2041015625,REVOKE,read_set_version_changed_at_commit,55.74723705649376,,,4.899166990071535,35.11328436434269,47.23114799708128,55.11820828542113,60.646404046565294,
52,xair_atomic,0,,50.0,control,1,0,0,0,0,,652,control,0,0,,1.1310507543385029,2.5059888139367104,60.58152159675956,58.07553278282285,59.450470842421055,,,committed,61.06689453125,EXECUTE,authorization_committed,55.50207709893584,55.52245583385229,0.020378734916448593,5.073743872344494,,,55.130870547145605,60.575820971280336,60.596199706196785
53,xair_atomic,1,30.0,50.0,before_recheck,0,1,0,0,0,654,654,before_check,0,0,,,,,57.312451768666506,58.639239985495806,40.05577275529504,41.604816913604736,changed,61.535888671875,REVOKE,read_set_version_changed_at_commit,55.518949404358864,,,4.317656625062227,34.52056273818016,46.878916677087545,54.51469589024782,59.83660602942109,
54,xair_atomic,1,30.0,50.0,before_recheck,0,1,0,0,0,656,656,before_check,0,0,,,,,58.31302795559168,59.76451002061367,40.05987010896206,41.285508777946234,changed,62.41796875,REVOKE,read_set_version_changed_at_commit,55.735183879733086,,,5.041563883423805,35.28899373486638,46.59057687968016,55.319925770163536,60.77674776315689,
55,xair_atomic,1,30.0,50.0,before_recheck,0,1,0,0,0,658,658,before_check,0,0,,,,,58.10496769845486,59.331257827579975,39.20699097216129,40.296423714607954,changed,61.14697265625,REVOKE,read_set_version_changed_at_commit,55.871871300041676,,,4.718818701803684,34.95144098997116,45.41254788637161,54.985107854008675,60.59069000184536,
56,xair_atomic,1,30.0,50.0,before_recheck,0,1,0,0,0,660,660,before_check,0,0,,,,,57.321317959576845,58.722155168652534,39.95868004858494,40.98000517114997,changed,60.239013671875,REVOKE,read_set_version_changed_at_commit,54.4744897633791,,,5.0604990683496,35.203673876821995,45.785637106746435,55.21037010475993,59.5349888317287,
57,xair_atomic,1,30.0,50.0,before_recheck,0,1,0,0,0,662,662,before_check,0,0,,,,,56.885851547122,58.36104787886143,39.05736980959773,40.109061636030674,changed,60.678955078125,REVOKE,read_set_version_changed_at_commit,54.957475047558546,,,4.255279898643494,34.398994874209166,44.78017194196582,54.40018093213439,59.21275494620204,
58,xair_atomic,1,30.0,50.0,before_recheck,0,1,0,0,0,664,664,before_check,0,0,,,,,57.817027904093266,59.26878983154893,39.691037964075804,40.76915979385376,changed,60.97607421875,REVOKE,read_set_version_changed_at_commit,55.25059578940272,,,4.724489059299231,35.017785150557756,46.15796497091651,55.03044277429581,59.975084848701954,
59,xair_atomic,1,30.0,50.0,before_recheck,0,1,0,0,0,666,666,before_check,0,0,,,,,56.97340564802289,58.4478909149766,39.42033089697361,40.675974916666746,changed,59.843994140625,REVOKE,read_set_version_changed_at_commit,54.86342869699001,,,4.560451954603195,34.72126880660653,44.973704032599926,54.73004886880517,59.42388065159321,
60,xair_atomic,1,30.0,50.0,before_recheck,0,1,0,0,0,668,668,before_check,0,0,,,,,57.42831900715828,58.84207971394062,39.72708573564887,41.09686380252242,changed,61.760986328125,REVOKE,read_set_version_changed_at_commit,54.72875665873289,,,4.979236982762814,35.21415265277028,45.91461783275008,55.23906368762255,59.707993641495705,
61,xair_atomic,1,30.0,50.0,before_recheck,0,1,0,0,0,670,670,before_check,0,0,,,,,57.44690401479602,58.91893384978175,39.57462031394243,40.721500758081675,changed,60.56298828125,REVOKE,read_set_version_changed_at_commit,55.342307314276695,,,4.532839637249708,34.72675895318389,45.6545609049499,54.74775191396475,59.8751469515264,
62,xair_atomic,1,30.0,50.0,before_recheck,0,1,0,0,0,672,672,before_check,0,0,,,,,57.72263230755925,58.81267599761486,39.56078505143523,40.56231305003166,changed,60.10791015625,REVOKE,read_set_version_changed_at_commit,54.676519241183996,,,4.961865022778511,35.171814262866974,45.62208103016019,55.1868062466383,59.63838426396251,
63,xair_atomic,1,30.0,50.0,before_recheck,0,1,0,0,0,674,674,before_check,0,0,,,,,56.841569021344185,58.22581518441439,40.012081153690815,40.989833883941174,changed,59.842041015625,REVOKE,read_set_version_changed_at_commit,54.858450312167406,,,4.383930936455727,34.55950599163771,45.535899233072996,54.55998098477721,59.24238124862313,
64,xair_atomic,1,30.0,50.0,before_recheck,0,1,0,0,0,676,676,before_check,0,0,,,,,57.50320013612509,58.57742391526699,39.59290497004986,41.03194270282984,changed,61.694091796875,REVOKE,read_set_version_changed_at_commit,54.79285819455981,,,4.74518770352006,34.95108988136053,45.98589288070798,54.967674892395735,59.53804589807987,
65,xair_atomic,1,30.0,50.0,before_recheck,0,1,0,0,0,678,678,before_check,0,0,,,,,57.19752702862024,58.53674793615937,39.312349166721106,40.475189220160246,changed,60.202880859375,REVOKE,read_set_version_changed_at_commit,54.75502600893378,,,4.5954380184412,34.74685689434409,45.42581317946315,54.75843325257301,59.35046402737498,
66,xair_atomic,1,30.0,50.0,before_recheck,0,1,0,0,0,680,680,before_check,0,0,,,,,57.410556357353926,58.593223337084055,40.11686658486724,41.01934935897589,changed,60.385986328125,REVOKE,read_set_version_changed_at_commit,54.860033094882965,,,4.682349972426891,34.87708093598485,45.84733210504055,54.89118117839098,59.542383067309856,
67,xair_atomic,0,,50.0,control,1,0,0,0,0,,681,control,0,0,,1.0931501165032387,2.368881832808256,59.64051792398095,57.271636091172695,58.54736780747771,,,committed,60.952880859375,EXECUTE,authorization_committed,54.93492307141423,54.95280725881457,0.017884187400341034,4.701636731624603,,,54.77758916094899,59.636559803038836,59.65444399043918
68,xair_atomic,1,30.0,50.0,before_recheck,0,1,0,0,0,683,683,before_check,0,0,,,,,57.27766640484333,58.57572006061673,39.53076712787151,40.58480402454734,changed,60.27001953125,REVOKE,read_set_version_changed_at_commit,54.84391329810023,,,4.773721098899841,35.01026099547744,45.548472087830305,55.02675520256162,59.617634397000074,
69,xair_atomic,1,30.0,50.0,before_recheck,0,1,0,0,0,685,685,before_check,0,0,,,,,57.22665134817362,58.572054374963045,39.35430711135268,40.43917218223214,changed,60.657958984375,REVOKE,read_set_version_changed_at_commit,54.62378030642867,,,4.805481992661953,34.97906308621168,45.25665519759059,54.9879833124578,59.429262299090624,
70,xair_atomic,0,,50.0,control,1,0,0,0,0,,686,control,0,0,,1.0804561898112297,2.5248853489756584,60.558369383215904,58.033484034240246,59.477913193404675,,,committed,62.3720703125,EXECUTE,authorization_committed,55.23992609232664,55.25533528998494,0.0154091976583004,5.314846057444811,,,55.39322318509221,60.55477214977145,60.57018134742975
71,xair_atomic,1,30.0,50.0,before_recheck,0,1,0,0,0,688,688,before_check,0,0,,,,,57.26040434092283,58.55994112789631,39.354277309030294,40.480589028447866,changed,60.721923828125,REVOKE,read_set_version_changed_at_commit,54.719218984246254,,,4.631906282156706,34.78952730074525,45.339370146393776,54.79363910853863,59.35112526640296,
72,xair_atomic,0,,50.0,control,1,0,0,0,0,,689,control,0,0,,1.0803863406181335,2.579787280410528,60.51630014553666,57.93651286512613,59.43591380491853,,,committed,61.623046875,EXECUTE,authorization_committed,55.71838328614831,55.73259899392724,0.014215707778930664,4.7944108955562115,,,54.871574975550175,60.51279418170452,60.52700988948345
73,xair_atomic,1,30.0,50.0,before_recheck,0,1,0,0,0,691,691,before_check,0,0,,,,,57.151279877871275,58.429507073014975,39.48018280789256,40.56128999218345,changed,61.080078125,REVOKE,read_set_version_changed_at_commit,54.43070875480771,,,4.785323049873114,34.945659805089235,45.204217080026865,54.95847808197141,59.216031804680824,
74,xair_atomic,0,,50.0,control,1,0,0,0,0,,692,control,0,0,,0.8199280127882957,2.1408647298812866,59.410085901618004,57.26922117173672,58.59015788882971,,,committed,60.501953125,EXECUTE,authorization_committed,54.94543304666877,54.95919892564416,0.013765878975391388,4.460866097360849,,,54.534904193133116,59.40629914402962,59.42006502300501
75,xair_atomic,0,,50.0,control,1,0,0,0,0,,693,control,0,0,,0.9960681200027466,2.4134349077939987,60.14845008030534,57.73501517251134,59.15238196030259,,,committed,62.239990234375,EXECUTE,authorization_committed,54.98705059289932,55.00496504828334,0.017914455384016037,5.156590137630701,,,55.24451518431306,60.143640730530024,60.16155518591404
76,xair_atomic,1,30.0,50.0,before_recheck,0,1,0,0,0,695,695,before_check,0,0,,,,,56.920838076621294,58.293712325394154,39.30528508499265,40.33251106739044,changed,60.152099609375,REVOKE,read_set_version_changed_at_commit,54.63189585134387,,,4.5324391685426235,34.71919521689415,45.37435621023178,54.7238583676517,59.164335019886494,
77,xair_atomic,1,30.0,50.0,before_recheck,0,1,0,0,0,697,697,before_check,0,0,,,,,57.8637458384037,59.300370048731565,40.34139774739742,41.57654382288456,changed,61.64501953125,REVOKE,read_set_version_changed_at_commit,55.394926108419895,,,4.95937978848815,35.188264679163694,47.2069620154798,55.200060829520226,60.354305896908045,
78,xair_atomic,1,30.0,50.0,before_recheck,0,1,0,0,0,699,699,before_check,0,0,,,,,56.99786217883229,58.500489220023155,39.79279939085245,41.121240239590406,changed,60.77197265625,REVOKE,read_set_version_changed_at_commit,55.00553594902158,,,4.578175023198128,34.78148207068443,51.03131337091327,54.8018142580986,59.583710972219706,
79,xair_atomic,1,30.0,50.0,before_recheck,0,1,0,0,0,701,701,before_check,0,0,,,,,57.728542014956474,59.054749086499214,40.450351778417826,41.46612714976072,changed,61.469970703125,REVOKE,read_set_version_changed_at_commit,54.73924707621336,,,5.1204608753323555,35.3392269462347,46.201515942811966,55.36317592486739,59.859707951545715,
80,xair_atomic,0,,50.0,control,1,0,0,0,0,,702,control,0,0,,0.9590289555490017,2.650671172887087,59.15867397561669,56.50800280272961,58.19964502006769,,,committed,60.5,EXECUTE,authorization_committed,55.082499980926514,55.09969312697649,0.01719314604997635,4.071875009685755,,,54.13885973393917,59.15437499061227,59.171568136662245
81,xair_atomic,0,,50.0,control,1,0,0,0,0,,703,control,0,0,,0.8902791887521744,2.606858965009451,60.28434494510293,57.67748598009348,59.394065756350756,,,committed,61.443115234375,EXECUTE,authorization_committed,55.58119481429458,55.59908878058195,0.017893966287374496,4.699182230979204,,,54.774212185293436,60.28037704527378,60.298271011561155
82,xair_atomic,1,40.0,50.0,concurrent,0,1,0,0,0,705,705,before_check,0,0,,,,,57.16630816459656,58.379282243549824,49.25201693549752,50.10081920772791,changed,60.1630859375,REVOKE,read_set_version_changed_at_commit,54.90612890571356,,,4.421822261065245,44.59349112585187,55.07317325100303,54.597150068730116,59.3279511667788,
83,xair_atomic,0,,50.0,control,1,0,0,0,0,,706,control,0,0,,0.9467252530157566,2.398247364908457,59.69591112807393,57.297663763165474,58.749185875058174,,,committed,60.45703125,EXECUTE,authorization_committed,54.92230039089918,54.938239976763725,0.015939585864543915,4.770023748278618,,,54.83815213665366,59.6923241391778,59.70826372504234
84,xair_atomic,0,,50.0,control,1,0,0,0,0,,707,control,0,0,,0.8863117545843124,1.9301888532936573,59.064195957034826,57.13400710374117,58.177884202450514,,,committed,60.570068359375,EXECUTE,authorization_committed,54.10080915316939,54.115246050059795,0.01443689689040184,4.960021004080772,,,55.02982111647725,59.060830157250166,59.07526705414057
85,xair_atomic,1,40.0,50.0,concurrent,0,1,0,0,0,709,709,before_check,0,0,,,,,57.29309609159827,58.9485801756382,49.661194905638695,50.634849816560745,changed,60.337890625,REVOKE,read_set_version_changed_at_commit,55.28312595561147,,,4.673865158110857,44.8664641007781,55.66135607659817,54.872867185622454,59.956991113722324,
86,xair_atomic,1,40.0,50.0,concurrent,0,1,0,0,0,711,711,before_check,0,0,,,,,57.34056467190385,58.582613710314035,50.340627785772085,51.34631413966417,changed,60.778076171875,REVOKE,read_set_version_changed_at_commit,55.11772586032748,,,4.63993102312088,44.85590383410454,56.75384495407343,54.878697730600834,59.75765688344836,
87,xair_atomic,1,40.0,50.0,concurrent,0,1,0,0,0,713,713,before_check,0,0,,,,,56.9425979629159,58.10910603031516,50.25482689961791,51.30179086700082,changed,60.243896484375,REVOKE,read_set_version_changed_at_commit,54.38606487587094,,,4.712325986474752,44.8948759585619,56.41606077551842,54.898033849895,59.098390862345695,
88,xair_atomic,1,40.0,50.0,concurrent,0,1,0,0,0,715,715,before_check,0,0,,,,,57.16350208967924,58.234320022165775,50.286807119846344,51.734351087361574,changed,60.946044921875,REVOKE,read_set_version_changed_at_commit,54.60095778107643,,,4.620794206857681,44.88241299986839,56.854953058063984,54.89597003906965,59.22175198793411,
89,xair_atomic,1,40.0,50.0,concurrent,0,1,0,0,0,717,717,before_check,0,0,,,,,58.33011958748102,59.535149950534105,50.66975578665733,51.75399873405695,changed,62.303955078125,REVOKE,read_set_version_changed_at_commit,54.82501816004515,,,5.6282635778188705,45.835540629923344,56.980338878929615,55.84576167166233,60.45328173786402,
90,xair_atomic,1,40.0,50.0,concurrent,0,1,0,0,0,719,719,before_check,0,0,,,,,57.756515219807625,58.83180117234588,50.24203425273299,51.275772508233786,changed,60.912109375,REVOKE,read_set_version_changed_at_commit,54.452959913760424,,,5.156209226697683,45.346743892878294,56.478147860616446,55.35151530057192,59.60916914045811,
91,xair_atomic,1,40.0,50.0,concurrent,0,1,0,0,0,721,721,before_check,0,0,,,,,57.51474108546972,58.972103986889124,49.17434183880687,50.474459771066904,changed,61.14404296875,REVOKE,read_set_version_changed_at_commit,54.87917875871062,,,4.914536140859127,45.100181829184294,55.49727799370885,55.10776815935969,59.79371489956975,
92,xair_atomic,1,40.0,50.0,concurrent,0,1,0,0,0,723,723,before_check,0,0,,,,,57.15342378243804,58.51008789613843,49.46868261322379,50.76243868097663,changed,60.696044921875,REVOKE,read_set_version_changed_at_commit,54.802004247903824,,,4.578825552016497,44.74720871075988,55.952210910618305,54.75323274731636,59.38082979992032,
93,xair_atomic,1,40.0,50.0,concurrent,0,1,0,0,0,725,725,before_check,0,0,,,,,57.18509294092655,58.61210869625211,50.22570304572582,51.41535401344299,changed,59.843017578125,REVOKE,read_set_version_changed_at_commit,54.6745746396482,,,4.845166113227606,45.01362890005112,56.60872207954526,55.01070572063327,59.519740752875805,
94,xair_atomic,0,,50.0,control,1,0,0,0,0,,726,control,0,0,,0.8254679851233959,2.3168837651610374,59.778385795652866,57.46150203049183,58.95291781052947,,,committed,60.632080078125,EXECUTE,authorization_committed,54.90502808243036,54.927258752286434,0.022230669856071472,4.8683988861739635,,,54.946595802903175,59.773426968604326,59.7956576384604
95,xair_atomic,1,40.0,50.0,concurrent,0,1,0,0,0,728,728,before_check,0,0,,,,,57.67901008948684,59.07201208174229,50.32762419432402,51.40830110758543,changed,61.22900390625,REVOKE,read_set_version_changed_at_commit,54.909355007112026,,,5.110584199428558,45.283045154064894,56.34002899751067,55.28634320944548,60.019939206540585,
96,xair_atomic,1,40.0,50.0,concurrent,0,1,0,0,0,730,730,before_check,0,0,,,,,57.50683695077896,58.44285199418664,49.52807491645217,50.68925302475691,changed,61.4541015625,REVOKE,read_set_version_changed_at_commit,54.43609785288572,,,4.830698948353529,44.97675085440278,55.272247176617384,54.98606013134122,59.26679680123925,
97,xair_atomic,1,40.0,50.0,concurrent,0,1,0,0,0,732,732,before_check,0,0,,,,,57.68582224845886,58.907673228532076,49.80455292388797,51.17474216967821,changed,62.0390625,REVOKE,read_set_version_changed_at_commit,55.154836270958185,,,4.7605568543076515,45.02633307129145,55.67389912903309,55.04251504316926,59.91539312526584,
98,xair_atomic,1,40.0,50.0,concurrent,0,1,0,0,0,734,734,before_check,0,0,,,,,56.93263886496425,57.94064002111554,49.59292570129037,50.91259069740772,changed,59.993896484375,REVOKE,read_set_version_changed_at_commit,54.156343918293715,,,4.583864938467741,44.75340060889721,55.84754468873143,54.748042952269316,58.740208856761456,
99,xair_atomic,1,40.0,50.0,concurrent,0,1,0,0,0,736,736,before_check,0,0,,,,,57.45666194707155,58.83345426991582,50.05816929042339,51.50415003299713,changed,61.0009765625,REVOKE,read_set_version_changed_at_commit,54.870693013072014,,,4.8845503479242325,45.034639071673155,57.05910734832287,55.03401905298233,59.755243360996246,
100,xair_atomic,1,40.0,50.0,concurrent,0,1,0,0,0,738,738,before_check,0,0,,,,,57.34014278277755,58.65175276994705,49.98048301786184,51.157189067453146,changed,61.280029296875,REVOKE,read_set_version_changed_at_commit,54.72274497151375,,,4.745589103549719,44.96042896062136,56.384631898254156,54.93445182219148,59.46833407506347,
101,xair_atomic,1,40.0,50.0,concurrent,0,1,0,0,0,740,740,before_check,0,0,,,,,57.26980185136199,58.58379602432251,49.66791672632098,50.8018028922379,changed,60.6630859375,REVOKE,read_set_version_changed_at_commit,54.817914962768555,,,4.773240070790052,44.98878214508295,55.390988010913134,54.99679874628782,59.59115503355861,
102,xair_atomic,1,40.0,50.0,concurrent,0,1,0,0,0,742,742,before_check,0,0,,,,,57.58027359843254,58.66200290620327,50.43744994327426,51.6475485637784,changed,60.79296875,REVOKE,read_set_version_changed_at_commit,54.991339799016714,,,4.805590957403183,45.02001078799367,56.685796938836575,55.02169579267502,59.7969307564199,
103,xair_atomic,0,,50.0,control,1,0,0,0,0,,743,control,0,0,,1.397490967065096,3.326128236949444,60.39053434506059,57.06440610811114,58.99304337799549,,,committed,61.251953125,EXECUTE,authorization_committed,56.138561107218266,56.15371931344271,0.015158206224441528,4.248376004397869,,,54.31923922151327,60.386937111616135,60.402095317840576
104,xair_atomic,0,,50.0,control,1,0,0,0,0,,744,control,0,0,,1.1348477564752102,2.4247467517852783,59.5426638610661,57.117917109280825,58.40781610459089,,,committed,60.34912109375,EXECUTE,authorization_committed,55.076478980481625,55.093520786613226,0.017041806131601334,4.461715929210186,,,54.49292389675975,59.53819490969181,59.55523671582341
105,xair_atomic,1,40.0,50.0,concurrent,0,1,0,0,0,746,746,before_check,0,0,,,,,57.54454666748643,58.69658710435033,50.5458633415401,51.89093528315425,changed,60.4609375,REVOKE,read_set_version_changed_at_commit,54.53663691878319,,,5.078923422843218,45.25442002341151,60.117151122540236,55.260954424738884,59.615560341626406,
106,xair_atomic,1,40.0,50.0,concurrent,0,1,0,0,0,748,748,before_check,0,0,,,,,60.182925313711166,61.618687119334936,50.35861302167177,51.47421406581998,changed,62.993896484375,REVOKE,read_set_version_changed_at_commit,57.34606506302953,,,4.955373238772154,45.11415818706155,56.61659734323621,55.12031214311719,62.30143830180168,
107,xair_atomic,1,40.0,50.0,concurrent,0,1,0,0,0,750,750,before_check,0,0,,,,,57.96560691669583,59.27728675305843,49.9252500012517,51.25952186062932,changed,61.72607421875,REVOKE,read_set_version_changed_at_commit,55.46061974018812,,,4.894828889518976,45.09740695357323,56.47097388282418,55.108358617872,60.3554486297071,
108,xair_atomic,1,40.0,50.0,concurrent,0,1,0,0,0,752,752,before_check,0,0,,,,,56.87766568735242,58.14317986369133,49.54143986105919,50.86897872388363,changed,60.6259765625,REVOKE,read_set_version_changed_at_commit,54.49267430230975,,,4.436468705534935,44.59874099120498,55.77098065987229,54.622046649456024,58.92914300784469,
109,xair_atomic,0,,50.0,control,1,0,0,0,0,,753,control,0,0,,1.2210290879011154,2.533390186727047,60.37045596167445,57.837065774947405,59.149426873773336,,,committed,61.218994140625,EXECUTE,authorization_committed,55.75454095378518,55.788114201277494,0.033573247492313385,4.609623923897743,,,54.70284912735224,60.364164877682924,60.39773812517524
110,xair_atomic,1,40.0,50.0,concurrent,0,1,0,0,0,755,755,before_check,0,0,,,,,57.64850229024887,59.270764235407114,50.085138995200396,51.343759056180716,changed,62.037109375,REVOKE,read_set_version_changed_at_commit,55.527674965560436,,,4.88141318783164,45.23899219930172,56.22778832912445,55.26903038844466,60.40908815339208,
111,xair_atomic,1,40.0,50.0,concurrent,0,1,0,0,0,757,757,before_check,0,0,,,,,57.4289602227509,58.712407015264034,50.337542314082384,51.6439420171082,changed,61.56591796875,REVOKE,read_set_version_changed_at_commit,54.934092331677675,,,4.80248499661684,45.0416412204504,56.58731237053871,55.05714239552617,59.736577328294516,
112,xair_atomic,0,,50.0,control,1,0,0,0,0,,758,control,0,0,,0.9643980301916599,2.3395968601107597,59.58095612004399,57.24135925993323,58.61655808985233,,,committed,60.89892578125,EXECUTE,authorization_committed,55.07086915895343,55.08772004395723,0.01685088500380516,4.5056091621518135,,,54.5947658829391,59.57647832110524,59.59332920610905
113,xair_atomic,1,40.0,50.0,concurrent,0,1,0,0,0,760,760,before_check,0,0,,,,,57.62131093069911,58.73927706852555,50.38904910907149,51.50958988815546,changed,60.76904296875,REVOKE,read_set_version_changed_at_commit,54.740017745643854,,,4.727044142782688,44.93747605010867,56.47066282108426,54.95819682255387,59.46706188842654,
114,xair_atomic,1,40.0,50.0,concurrent,0,1,0,0,0,762,762,before_check,0,0,,,,,57.05296527594328,58.288793079555035,49.457242246717215,50.552695989608765,changed,60.784912109375,REVOKE,read_set_version_changed_at_commit,54.56174397841096,,,4.5911092311143875,44.796762987971306,55.29441824182868,54.80566108599305,59.15285320952535,
115,xair_atomic,1,40.0,50.0,concurrent,0,1,0,0,0,764,764,before_check,0,0,,,,,57.56548698991537,59.327641036361456,53.625267930328846,54.870853666216135,changed,60.989013671875,REVOKE,read_set_version_changed_at_commit,55.86500698700547,,,4.693231079727411,44.88665098324418,59.8821509629488,54.892333690077066,60.55823806673288,
116,xair_atomic,1,40.0,50.0,concurrent,0,1,0,0,0,766,766,before_check,0,0,,,,,57.619116734713316,59.066060930490494,50.107311457395554,51.25581473112106,changed,61.362060546875,REVOKE,read_set_version_changed_at_commit,54.94994204491377,,,5.100013688206673,45.274858828634024,56.509846821427345,55.27679482474923,60.04995573312044,
117,xair_atomic,1,40.0,50.0,concurrent,0,1,0,0,0,768,768,before_check,0,0,,,,,57.44840716943145,58.47701616585255,49.708313308656216,51.081488374620676,changed,60.81298828125,REVOKE,read_set_version_changed_at_commit,54.38473215326667,,,4.86081512644887,45.02316704019904,55.76695408672094,55.03032309934497,59.24554727971554,
118,xair_atomic,0,,50.0,control,1,0,0,0,0,,769,control,0,0,,0.7048007100820541,2.087854780256748,59.4229088164866,57.33505403622985,58.71810810640454,,,committed,61.20703125,EXECUTE,authorization_committed,54.77392207831144,54.79156505316496,0.017642974853515625,4.646643064916134,,,54.71759615465999,59.42056514322758,59.43820811808109
119,xair_atomic,1,40.0,50.0,concurrent,0,1,0,0,0,771,771,before_check,0,0,,,,,57.152572087943554,58.57938714325428,49.54894399270415,50.71339709684253,changed,60.447021484375,REVOKE,read_set_version_changed_at_commit,55.26209808886051,,,4.354575183242559,44.57101924344897,55.65063515678048,54.625784046947956,59.61667327210307,
120,xair_atomic,0,,50.0,control,1,0,0,0,0,,772,control,0,0,,1.0811272077262402,2.486221957951784,60.68712007254362,58.20089811459184,59.60599286481738,,,committed,61.14892578125,EXECUTE,authorization_committed,55.958223063498735,55.97746931016445,0.01924624666571617,4.724077880382538,,,54.81459805741906,60.68230094388127,60.70154719054699
121,xair_atomic,1,45.0,50.0,concurrent,0,1,0,0,0,774,774,before_check,0,0,,,,,57.86195304244757,59.14090108126402,54.90958597511053,56.003817822784185,changed,60.89794921875,REVOKE,read_set_version_changed_at_commit,54.9042159691453,,,5.0619919784367085,50.235440954566,61.20970984920859,55.23754097521305,59.96620794758201,
122,xair_atomic,1,45.0,50.0,concurrent,0,1,0,0,0,776,776,before_check,0,0,,,,,57.07929376512766,58.295504655689,54.14543300867081,55.246958043426275,changed,59.904052734375,REVOKE,read_set_version_changed_at_commit,54.95792720466852,,,4.443751648068428,49.558831844478846,60.7868367806077,54.598602931946516,59.40167885273695,
123,xair_atomic,1,45.0,50.0,concurrent,0,1,0,0,0,778,778,before_check,0,0,,,,,57.788975071161985,58.98800399154425,55.14984717592597,56.25704303383827,changed,60.89599609375,REVOKE,read_set_version_changed_at_commit,55.31858326867223,,,4.643817897886038,50.00020982697606,61.58984312787652,54.99380407854915,59.962401166558266,
124,xair_atomic,1,45.0,50.0,concurrent,0,1,0,0,0,780,780,before_check,0,0,,,,,58.08816757053137,59.27745718508959,55.18956109881401,56.39423010870814,changed,61.283935546875,REVOKE,read_set_version_changed_at_commit,55.2951293066144,,,4.9013011157512665,50.200436264276505,61.669773422181606,55.22713204845786,60.196430422365665,
125,xair_atomic,1,45.0,50.0,concurrent,0,1,0,0,0,782,782,before_check,0,0,,,,,57.56302084773779,58.968225959688425,54.74136024713516,55.656075943261385,changed,60.7939453125,REVOKE,read_set_version_changed_at_commit,54.96403807774186,,,4.844233859330416,50.039463210850954,61.19354907423258,55.05269393324852,59.80827193707228,
126,xair_atomic,1,45.0,50.0,concurrent,0,1,0,0,0,784,784,before_check,0,0,,,,,56.75682984292507,58.383920695632696,53.95041685551405,55.19618280231953,changed,60.905029296875,REVOKE,read_set_version_changed_at_commit,55.34395994618535,,,4.141435958445072,49.319933634251356,60.1015817373991,54.29030396044254,59.48539590463042,
127,xair_atomic,1,45.0,50.0,concurrent,0,1,0,0,0,786,786,before_check,0,0,,,,,57.60946869850159,58.65649180486798,54.81297476217151,55.91835780069232,changed,61.051025390625,REVOKE,read_set_version_changed_at_commit,54.807544220238924,,,4.702578764408827,49.94806181639433,61.3918318413198,54.95649389922619,59.51012298464775,
128,xair_atomic,1,45.0,50.0,concurrent,0,1,0,0,0,788,788,before_check,0,0,,,,,58.07988066226244,59.24786068499088,54.95851766318083,55.884834844619036,changed,61.23095703125,REVOKE,read_set_version_changed_at_commit,55.1672987639904,,,5.068724974989891,50.255448557436466,60.78496389091015,55.296551901847124,60.23602373898029,
129,xair_atomic,0,,50.0,control,1,0,0,0,0,,789,control,0,0,,0.857657752931118,2.2003157064318657,58.85671777650714,56.65640207007527,57.99906002357602,,,committed,59.458984375,EXECUTE,authorization_committed,54.440496023744345,54.457147140055895,0.01665111631155014,4.411983769387007,,,54.482486099004745,58.85247979313135,58.8691309094429
130,xair_atomic,1,45.0,50.0,concurrent,0,1,0,0,0,791,791,before_check,0,0,,,,,57.49025475233793,59.19939000159502,54.39475970342755,55.58515293523669,changed,61.387939453125,REVOKE,read_set_version_changed_at_commit,55.74648501351476,,,4.869821947067976,50.04308978095651,60.56604301556945,55.04772486165166,60.61630696058273,
131,xair_atomic,1,45.0,50.0,concurrent,0,1,0,0,0,793,793,before_check,0,0,,,,,58.180390391498804,59.76406903937459,54.99017704278231,55.978200398385525,changed,61.909912109375,REVOKE,read_set_version_changed_at_commit,55.33805908635259,,,5.330446176230907,50.54374039173126,61.150509398430586,55.57539500296116,60.668505262583494,
132,xair_atomic,0,,50.0,control,1,0,0,0,0,,794,control,0,0,,0.8559450507164001,2.2830013185739517,59.45868697017431,57.17568565160036,58.60274191945791,,,committed,60.551025390625,EXECUTE,authorization_committed,54.749757051467896,54.768572095781565,0.018815044313669205,4.704511724412441,,,54.77964272722602,59.45426877588034,59.473083820194006
133,xair_atomic,1,45.0,50.0,concurrent,0,1,0,0,0,796,796,before_check,0,0,,,,,61.1690036021173,62.61094706133008,58.309431187808514,59.62306400761008,changed,64.56005859375,REVOKE,read_set_version_changed_at_commit,58.71137464419007,,,5.311379209160805,50.531284883618355,64.5959391258657,55.54215190932155,64.02275385335088,
134,xair_atomic,1,45.0,50.0,concurrent,0,1,0,0,0,798,798,before_check,0,0,,,,,57.86095093935728,59.1284167021513,55.17166759818792,56.59782188013196,changed,61.325927734375,REVOKE,read_set_version_changed_at_commit,55.477119982242584,,,4.708238877356052,49.95947377756238,62.076715752482414,54.968556854873896,60.18535885959864,
135,xair_atomic,1,45.0,50.0,concurrent,0,1,0,0,0,800,800,before_check,0,0,,,,,57.76104237884283,59.06469700857997,55.072711780667305,56.208591908216476,changed,61.340087890625,REVOKE,read_set_version_changed_at_commit,54.97951712459326,,,5.029149819165468,50.25781271979213,61.355041805654764,55.27091305702925,60.008666943758726,
136,xair_atomic,0,,50.0,control,1,0,0,0,0,,801,control,0,0,,1.0323659516870975,2.3756446316838264,59.7900478169322,57.414403185248375,58.757681865245104,,,committed,60.426025390625,EXECUTE,authorization_committed,55.00095710158348,55.02754682675004,0.02658972516655922,4.78415098041296,,,54.868838749825954,59.78510808199644,59.811697807163
137,xair_atomic,1,45.0,50.0,concurrent,0,1,0,0,0,803,803,before_check,0,0,,,,,57.4984410777688,58.91263298690319,54.703500121831894,55.83442095667124,changed,61.406005859375,REVOKE,read_set_version_changed_at_commit,55.47671904787421,,,4.511130042374134,49.76953798905015,61.15718185901642,54.78588491678238,59.987849090248346,
138,xair_atomic,1,45.0,50.0,concurrent,0,1,0,0,0,805,805,before_check,0,0,,,,,56.81082187220454,58.14235797151923,53.724023047834635,54.74198190495372,changed,60.096923828125,REVOKE,read_set_version_changed_at_commit,54.79259695857763,,,4.429786931723356,49.61027903482318,59.35112480074167,54.61168801411986,59.22238389030099,
139,xair_atomic,1,45.0,50.0,concurrent,0,1,0,0,0,807,807,before_check,0,0,,,,,57.29827471077442,58.620885014534,54.55442983657122,55.67583302035928,changed,61.262939453125,REVOKE,read_set_version_changed_at_commit,55.25612598285079,,,4.437931813299656,49.60843501612544,61.108740977942944,54.61109569296241,59.694057796150446,
140,xair_atomic,1,45.0,50.0,concurrent,0,1,0,0,0,809,809,before_check,0,0,,,,,58.32230579108,59.66652696952224,55.83688477054238,56.91017769277096,changed,61.764892578125,REVOKE,read_set_version_changed_at_commit,55.785850156098604,,,4.869220778346062,50.05000391975045,61.5093526430428,55.05519965663552,60.655070934444666,
141,xair_atomic,1,45.0,50.0,concurrent,0,1,0,0,0,811,811,before_check,0,0,,,,,57.619207073003054,59.083783999085426,54.37523405998945,55.61380693688989,changed,60.740966796875,REVOKE,read_set_version_changed_at_commit,55.83498114719987,,,4.543760791420937,49.82858803123236,61.40099884942174,54.84672775492072,60.378741938620806,
142,xair_atomic,1,45.0,50.0,concurrent,0,1,0,0,0,813,813,before_check,0,0,,,,,59.38660120591521,61.132715083658695,56.061466224491596,57.564363814890385,changed,62.623046875,REVOKE,read_set_version_changed_at_commit,56.9425281137228,,,5.395276937633753,50.58907391503453,63.81811108440161,55.58617506176233,62.337805051356554,
143,xair_atomic,1,45.0,50.0,concurrent,0,1,0,0,0,815,815,before_check,0,0,,,,,57.38259293138981,58.69215913116932,54.88037085160613,55.97353121265769,changed,60.552978515625,REVOKE,read_set_version_changed_at_commit,54.81739295646548,,,4.809699021279812,49.97756704688072,61.632412020117044,54.97438693419099,59.627091977745295,
144,xair_atomic,0,,50.0,control,1,0,0,0,0,,816,control,0,0,,1.0165562853217125,2.111820038408041,59.39329322427511,57.28147318586707,58.3767369389534,,,committed,60.791015625,EXECUTE,authorization_committed,54.540563840419054,54.56380778923631,0.023243948817253113,4.847299307584763,,,54.92459423840046,59.38786314800382,59.41110709682107
145,xair_atomic,1,45.0,50.0,concurrent,0,1,0,0,0,818,818,before_check,0,0,,,,,57.66766797751188,58.97541018202901,54.61597489193082,55.93254417181015,changed,61.10595703125,REVOKE,read_set_version_changed_at_commit,55.37815531715751,,,4.530144855380058,49.79282105341554,61.80186988785863,54.81506884098053,59.908300172537565,
146,xair_atomic,1,45.0,50.0,concurrent,0,1,0,0,0,820,820,before_check,0,0,,,,,56.78903125226498,57.91229708120227,54.090931080281734,55.27130514383316,changed,60.0458984375,REVOKE,read_set_version_changed_at_commit,54.59242220968008,,,4.229892045259476,49.43313729017973,60.30439306050539,54.42031938582659,58.822314254939556,
147,xair_atomic,1,45.0,50.0,concurrent,0,1,0,0,0,822,822,before_check,0,0,,,,,57.42721725255251,58.56620334088802,54.7901620157063,55.70815410465002,changed,61.032958984375,REVOKE,read_set_version_changed_at_commit,54.74756192415953,,,4.800552036613226,49.98614406213164,60.638259164988995,54.99268230050802,59.54811396077275,
148,xair_atomic,1,45.0,50.0,concurrent,0,1,0,0,0,824,824,before_check,0,0,,,,,57.05567030236125,58.206428308039904,54.24494994804263,55.46913528814912,changed,63.075927734375,REVOKE,read_set_version_changed_at_commit,54.35619875788689,,,4.563417285680771,49.72953209653497,60.80672424286604,54.72770519554615,58.91961604356766,
149,xair_atomic,1,45.0,50.0,concurrent,0,1,0,0,0,826,826,before_check,0,0,,,,,59.56090800464153,60.72726519778371,56.81229429319501,58.1334512680769,changed,63.906982421875,REVOKE,read_set_version_changed_at_commit,56.023385375738144,,,5.974031984806061,51.1984471231699,63.44816833734512,56.22633500024676,61.997417360544205,
150,xair_atomic,1,45.0,50.0,concurrent,0,1,0,0,0,828,828,before_check,0,0,,,,,58.69267974048853,60.153248719871044,55.8511009439826,57.26916994899511,changed,62.0810546875,REVOKE,read_set_version_changed_at_commit,55.92775531113148,,,5.3100367076694965,50.538538955152035,62.50272365286946,55.52864680066705,61.237792018800974,
151,xair_atomic,0,,50.0,control,1,0,0,0,0,,829,control,0,0,,0.7514888420701027,2.396313939243555,60.1493320427835,57.753018103539944,59.397843200713396,,,committed,61.301025390625,EXECUTE,authorization_committed,54.885930847376585,54.906369652599096,0.02043880522251129,5.259473342448473,,,55.33376196399331,60.14540418982506,60.16584299504757
152,xair_atomic,0,,50.0,control,1,0,0,0,0,,830,control,0,0,,1.0695247910916805,2.609612885862589,60.22607488557696,57.616461999714375,59.15655009448528,,,committed,64.259033203125,EXECUTE,authorization_committed,55.19107403233647,55.209759157150984,0.018685124814510345,5.030814092606306,,,55.10448105633259,60.22188812494278,60.24057324975729
153,xair_atomic,1,45.0,50.0,concurrent,0,1,0,0,0,832,832,before_check,0,0,,,,,57.72119900211692,59.10593504086137,55.286462884396315,56.56873807311058,changed,61.702880859375,REVOKE,read_set_version_changed_at_commit,55.356784258037806,,,4.742112942039967,50.07196497172117,61.98325101286173,55.09950313717127,60.09889720007777,
154,xair_atomic,1,45.0,50.0,concurrent,0,1,0,0,0,834,834,before_check,0,0,,,,,57.36350826919079,58.46450198441744,54.762781132012606,56.023905985057354,changed,61.19189453125,REVOKE,read_set_version_changed_at_commit,55.10198697447777,,,4.377969074994326,49.63715933263302,61.20436033234,54.67055831104517,59.479956049472094,
155,xair_atomic,0,,50.0,control,1,0,0,0,0,,835,control,0,0,,0.9266170673072338,2.0779259502887726,58.944051153957844,56.86612520366907,58.01743408665061,,,committed,59.85009765625,EXECUTE,authorization_committed,54.23100292682648,54.250209126621485,0.019206199795007706,4.709972068667412,,,54.783809930086136,58.94097499549389,58.9601811952889
156,xair_atomic,1,45.0,50.0,concurrent,0,1,0,0,0,837,837,before_check,0,0,,,,,57.981777004897594,59.40346326678991,55.32844131812453,56.555763352662325,changed,61.700927734375,REVOKE,read_set_version_changed_at_commit,55.5306002497673,,,4.840407054871321,50.14488101005554,61.859538313001394,55.13462796807289,60.371007304638624,
157,xair_atomic,1,45.0,50.0,concurrent,0,1,0,0,0,839,839,before_check,0,0,,,,,57.47824301943183,58.53685783222318,54.97322604060173,55.994119960814714,changed,60.449951171875,REVOKE,read_set_version_changed_at_commit,54.93672704324126,,,4.654488060623407,49.95026672258973,61.50471279397607,54.96180383488536,59.59121510386467,
158,xair_atomic,0,,50.0,control,1,0,0,0,0,,840,control,0,0,,1.0851849801838398,2.4193571880459785,59.85500989481807,57.43565270677209,58.76982491463423,,,committed,60.343994140625,EXECUTE,authorization_committed,54.997611325234175,55.015805177390575,0.01819385215640068,4.85478388145566,,,54.92737889289856,59.852395206689835,59.870589058846235
159,xair_atomic,0,,50.0,control,1,0,0,0,0,,841,control,0,0,,0.9282301180064678,3.204930108040571,60.46813912689686,57.26320901885629,59.53990900889039,,,committed,59.99609375,EXECUTE,authorization_committed,55.948805063962936,55.97050627693534,0.021701212972402573,4.514385014772415,,,54.592632222920656,60.46319007873535,60.484891291707754
160,xair_atomic,1,50.0,50.0,concurrent,0,1,0,0,0,843,843,before_check,0,0,,,,,63.176567666232586,64.65037167072296,60.24578306823969,61.59346969798207,changed,67.157958984375,REVOKE,read_set_version_changed_at_commit,61.007129959762096,,,4.6179997734725475,54.79353899136186,66.77393382415175,54.99087879434228,65.62512973323464,
161,xair_atomic,0,,50.0,control,1,0,0,0,0,,844,control,0,0,,1.1769873090088367,2.8559453785419464,60.804770328104496,57.94882494956255,59.62778301909566,,,committed,61.60009765625,EXECUTE,authorization_committed,55.54484808817506,55.568812880665064,0.023964792490005493,5.254342220723629,,,55.3303649649024,60.79919030889869,60.82315510138869
162,xair_atomic,0,,50.0,control,1,0,0,0,0,,845,control,0,0,,1.0174382477998734,2.535946201533079,59.76682482287288,57.2308786213398,58.749386575073004,,,committed,61.010009765625,EXECUTE,authorization_committed,54.88034198060632,54.90083992481232,0.020497944205999374,4.881673958152533,,,54.956824984401464,59.76201593875885,59.78251388296485
163,xair_atomic,1,50.0,50.0,concurrent,0,1,0,0,0,847,847,before_check,0,0,,,,,60.729349963366985,62.5279420055449,59.507799334824085,60.68330304697156,changed,63.93505859375,REVOKE,read_set_version_changed_at_commit,58.61049611121416,,,4.892264027148485,55.14761293306947,67.10639828816056,55.35044288262725,63.502760138362646,
164,xair_atomic,1,50.0,50.0,concurrent,1,0,0,0,1,849,848,after_check,0,0,after_middleware,0.9740069508552551,2.360546961426735,60.3512697853148,57.99072282388806,59.37726283445954,62.0295568369329,63.07890499010682,committed,61.888916015625,EXECUTE,authorization_committed,55.366083048284054,55.38858473300934,0.022501684725284576,4.979677032679319,55.193707812577486,67.68652517348528,55.38459587842226,60.34576008096337,60.36826176568866
165,xair_atomic,1,50.0,50.0,concurrent,0,1,0,0,0,851,851,before_check,0,0,,,,,63.4418660774827,64.69128932803869,60.85943337529898,61.907568015158176,changed,66.60400390625,REVOKE,read_set_version_changed_at_commit,60.31460175290704,,,5.458275321871042,55.686583276838064,67.192068323493,55.87704014033079,65.77287707477808,
166,xair_atomic,0,,50.0,control,1,0,0,0,0,,852,control,0,0,,1.0139220394194126,2.7154930867254734,62.36286321654916,59.647370129823685,61.348941177129745,,,committed,63.2060546875,EXECUTE,authorization_committed,56.08638282865286,56.10229214653373,0.015909317880868912,6.272212136536837,,,56.353073101490736,62.358594965189695,62.374504283070564
167,xair_atomic,1,50.0,50.0,concurrent,0,1,0,0,0,854,854,before_check,0,0,,,,,62.47121561318636,63.900415785610676,59.93576208129525,60.937360394746065,changed,65.468994140625,REVOKE,read_set_version_changed_at_commit,60.145093593746424,,,4.6624233946204185,54.91484608501196,66.36722199618816,55.15058804303408,64.80751698836684,
168,xair_atomic,1,50.0,50.0,concurrent,1,0,0,0,1,856,855,after_check,0,0,after_middleware,1.068584155291319,2.2631241008639336,60.219514183700085,57.95639008283615,59.150930028408766,61.48747121915221,62.59150197729468,committed,61.302001953125,EXECUTE,authorization_committed,55.207103956490755,55.22769317030907,0.02058921381831169,5.0085121765732765,55.27448141947389,67.76095507666469,55.4965571500361,60.21561613306403,60.23620534688234
169,xair_atomic,1,50.0,50.0,concurrent,1,0,0,0,1,858,857,after_check,0,0,after_middleware,1.0128887370228767,2.54143588244915,59.89421298727393,57.35277710482478,58.881324250251055,61.498511116951704,62.57813610136509,committed,60.47998046875,EXECUTE,authorization_committed,55.431784596294165,55.4491076618433,0.017323065549135208,4.45770937949419,54.818856064230204,67.69429007545114,54.64130314067006,59.889493975788355,59.90681704133749
170,xair_atomic,0,,50.0,control,1,0,0,0,0,,859,control,0,0,,0.990087166428566,2.5850380770862103,60.634632129222155,58.049594052135944,59.64454496279359,,,committed,61.31005859375,EXECUTE,authorization_committed,55.41740823537111,55.43872807174921,0.021319836378097534,5.211533047258854,,,55.292494129389524,60.62894128262997,60.650261119008064
171,xair_atomic,1,50.0,50.0,concurrent,0,1,0,0,0,861,861,before_check,0,0,,,,,61.54806399717927,62.84964503720403,59.19006187468767,60.36061700433493,changed,64.907958984375,REVOKE,read_set_version_changed_at_commit,59.56244096159935,,,4.324178211390972,54.63688401505351,65.25340210646391,54.83689904212952,63.88661917299032,
172,xair_atomic,1,50.0,50.0,concurrent,1,0,0,0,1,863,862,after_check,0,0,after_middleware,1.0247710160911083,2.682209014892578,61.06008915230632,58.37788013741374,60.03531813621521,63.113019336014986,64.49051201343536,committed,61.9970703125,EXECUTE,authorization_committed,55.50137488171458,55.521031841635704,0.019656959921121597,5.5539351888000965,55.78158097341657,69.33185132220387,56.02521821856499,61.05531007051468,61.0749670304358
173,xair_atomic,1,50.0,50.0,concurrent,0,1,0,0,0,865,865,before_check,0,0,,,,,62.38008523359895,63.740766141563654,59.740204364061356,61.032317113131285,changed,65.830078125,REVOKE,read_set_version_changed_at_commit,60.04120875149965,,,4.684304352849722,54.84529538080096,65.87920617312193,54.94876019656658,64.72551310434937,
174,xair_atomic,1,50.0,50.0,concurrent,1,0,0,0,1,867,866,after_check,0,0,after_middleware,1.0981089435517788,2.2889417596161366,60.36959495395422,58.08065319433808,59.27148601040244,61.65389297530055,62.73020105436444,committed,61.239990234375,EXECUTE,authorization_committed,55.40157901123166,55.42428093031049,0.022701919078826904,4.962596110999584,55.241449270397425,67.53297802060843,55.43642397969961,60.364175122231245,60.38687704131007
175,xair_atomic,1,50.0,50.0,concurrent,1,0,0,0,1,869,868,after_check,0,0,after_middleware,0.9376583620905876,2.438523340970278,60.062038246542215,57.62351490557194,59.12437988445163,61.29611190408468,62.17710394412279,committed,60.626953125,EXECUTE,authorization_committed,55.22661143913865,55.244424380362034,0.01781294122338295,4.832110833376646,55.199981201440096,66.56396994367242,55.03710499033332,60.0587222725153,60.07653521373868
176,xair_atomic,0,,50.0,control,1,0,0,0,0,,870,control,0,0,,0.8036983199417591,2.069521229714155,58.76780115067959,56.69827992096543,57.96410283073783,,,committed,59.425048828125,EXECUTE,authorization_committed,54.42368471994996,54.43905387073755,0.015369150787591934,4.340439103543758,,,54.416149854660034,58.76412382349372,58.77949297428131
177,xair_atomic,0,,50.0,control,1,0,0,0,0,,871,control,0,0,,0.7998999208211899,2.049502916634083,59.4624737277627,57.412970811128616,58.66257380694151,,,committed,60.7080078125,EXECUTE,authorization_committed,54.91585796698928,54.92699891328812,0.011140946298837662,4.543449729681015,,,54.6155646443367,59.459307696670294,59.47044864296913
178,xair_atomic,0,,50.0,control,1,0,0,0,0,,872,control,0,0,,0.8888370357453823,2.0207292400300503,58.70293918997049,56.68220994994044,57.81410215422511,,,committed,59.886962890625,EXECUTE,authorization_committed,54.167365189641714,54.17510913684964,0.007743947207927704,4.533260129392147,,,54.60176896303892,58.70062531903386,58.70836926624179
179,xair_atomic,1,50.0,50.0,concurrent,1,0,0,0,1,874,873,after_check,0,0,after_middleware,1.0795951820909977,2.374483272433281,60.107754077762365,57.733270805329084,59.02815889567137,62.18713289126754,63.26386192813516,committed,60.89599609375,EXECUTE,authorization_committed,55.449568666517735,55.4568930529058,0.007324386388063431,4.65579004958272,54.82057901099324,68.8284570351243,54.93183806538582,60.105358716100454,60.11268310248852
180,xair_atomic,1,50.0,50.0,concurrent,0,1,0,0,0,876,876,before_check,0,0,,,,,62.399511225521564,63.71060013771057,59.988200198858976,61.30446819588542,changed,66.22900390625,REVOKE,read_set_version_changed_at_commit,60.01089233905077,,,4.746661055833101,54.99901436269283,66.59799395129085,55.339052341878414,64.75755339488387,
181,xair_atomic,1,50.0,50.0,concurrent,1,0,0,0,1,878,877,after_check,0,0,after_middleware,1.2064729817211628,2.5657513178884983,60.30032504349947,57.73457372561097,59.09385206177831,62.1192860417068,63.132795970886946,committed,61.2099609375,EXECUTE,authorization_committed,55.89746916666627,55.924138985574245,0.02666981890797615,4.395822994410992,54.70395088195801,67.72159086540341,54.941515903919935,60.29329216107726,60.31996197998524
182,xair_atomic,1,50.0,50.0,concurrent,0,1,0,0,0,880,880,before_check,0,0,,,,,62.826802022755146,64.23257803544402,60.17777509987354,61.39292335137725,changed,66.35302734375,REVOKE,read_set_version_changed_at_commit,60.34481804817915,,,4.789792001247406,54.94378041476011,66.40076404437423,55.05390698090196,65.13461004942656,
183,xair_atomic,0,,50.0,control,1,0,0,0,0,,881,control,0,0,,0.8301772177219391,2.182403113692999,59.98102622106671,57.798623107373714,59.150849003344774,,,committed,61.114013671875,EXECUTE,authorization_committed,54.91626774892211,54.93963183835149,0.02336408942937851,5.059718154370785,,,55.13334507122636,59.975985903292894,59.99934999272227
184,xair_atomic,1,50.0,50.0,concurrent,0,1,0,0,0,883,883,before_check,0,0,,,,,65.29919942840934,66.81424006819725,61.326058115810156,62.94287042692304,changed,68.4951171875,REVOKE,read_set_version_changed_at_commit,62.967436388134956,,,5.050451029092073,55.22123025730252,70.37707138806581,55.46906543895602,68.01788741722703,
185,xair_atomic,1,50.0,50.0,concurrent,1,0,0,0,1,885,884,after_check,0,0,after_middleware,0.8668662048876286,2.0263902842998505,60.13181898742914,58.10542870312929,59.26495278254151,62.844485975801945,63.73803084716201,committed,61.514892578125,EXECUTE,authorization_committed,54.77065593004227,54.78315893560648,0.012503005564212799,5.358838941901922,55.53135182708502,69.84707666561007,55.6569779291749,60.12949487194419,60.1419978775084
186,xair_atomic,1,50.0,50.0,concurrent,0,1,0,0,0,887,887,before_check,0,0,,,,,62.81805597245693,64.13785042241216,60.22066483274102,61.32606789469719,changed,65.801025390625,REVOKE,read_set_version_changed_at_commit,60.50910707563162,,,4.842028953135014,54.996858816593885,66.72208616510034,55.10332901030779,65.35113602876663,
187,xair_atomic,1,50.0,50.0,concurrent,0,1,0,0,0,889,889,before_check,0,0,,,,,60.29460392892361,61.597616877406836,59.14088012650609,60.247546061873436,changed,64.214111328125,REVOKE,read_set_version_changed_at_commit,58.12141904607415,,,4.502443131059408,54.7200501896441,66.3100341334939,54.853430949151516,62.62386217713356,
188,xair_atomic,1,50.0,50.0,concurrent,0,1,0,0,0,891,891,before_check,0,0,,,,,62.279355712234974,63.63026890903711,60.32561184838414,61.336718033999205,changed,66.659912109375,REVOKE,read_set_version_changed_at_commit,59.339642990380526,,,5.130069795995951,55.38970697671175,66.08822802081704,55.641899816691875,64.46971278637648,
189,xair_atomic,1,50.0,50.0,concurrent,0,1,0,0,0,893,893,before_check,0,0,,,,,63.6898810043931,65.30143320560455,61.18990294635296,62.33185529708862,changed,67.64697265625,REVOKE,read_set_version_changed_at_commit,62.72782711312175,,,4.9667940475046635,55.25093711912632,68.06005630642176,55.53002003580332,67.69462116062641,
190,xair_atomic,0,,50.0,control,1,0,0,0,0,,894,control,0,0,,1.0096030309796333,2.4243760854005814,61.42703676596284,59.00266068056226,60.417433734983206,,,committed,63.26611328125,EXECUTE,authorization_committed,55.71383377537131,55.73736783117056,0.023534055799245834,5.706300027668476,,,55.79367373138666,61.42013380303979,61.443667858839035
191,xair_atomic,1,50.0,50.0,concurrent,1,0,0,0,1,896,895,after_check,0,0,after_middleware,1.0945317335426807,2.326471731066704,60.981090646237135,58.65461891517043,59.886558912694454,62.340800650417805,63.50287003442645,committed,62.72802734375,EXECUTE,authorization_committed,55.58909988030791,55.60873681679368,0.019636936485767365,5.38663100451231,55.56478491052985,68.66961903870106,55.912015959620476,60.97573088482022,60.99536782130599
192,xair_atomic,1,50.0,50.0,concurrent,1,0,0,0,1,898,897,after_check,0,0,after_middleware,1.1216932907700539,2.7511492371559143,60.76094834133983,58.00979910418391,59.63925505056977,62.02206341549754,63.25837131589651,committed,61.205078125,EXECUTE,authorization_committed,55.66602386534214,55.67963980138302,0.013615936040878296,5.091788247227669,55.25343120098114,67.78009003028274,55.39229139685631,60.75781211256981,60.77142804861069
193,xair_atomic,1,50.0,50.0,concurrent,1,0,0,0,1,900,899,after_check,0,0,after_middleware,1.177478116005659,2.6400210335850716,60.19389536231756,57.55387432873249,59.0164172463119,61.37383822351694,62.602471094578505,committed,61.087890625,EXECUTE,authorization_committed,55.43521232903004,55.44717516750097,0.011962838470935822,4.755617119371891,54.96501037850976,67.57173035293818,55.17350137233734,60.19082944840193,60.202792286872864
194,xair_atomic,1,50.0,50.0,concurrent,0,1,0,0,0,902,902,before_check,0,0,,,,,61.80855166167021,62.912361696362495,59.50414063408971,60.761268716305494,changed,65.175048828125,REVOKE,read_set_version_changed_at_commit,59.16396388784051,,,4.686847794800997,54.919663816690445,65.41547598317266,55.12599088251591,63.850811682641506,
195,xair_atomic,0,,50.0,control,1,0,0,0,0,,903,control,0,0,,0.9398618713021278,2.5432887487113476,60.06096489727497,57.51767614856362,59.12110302597284,,,committed,60.989013671875,EXECUTE,authorization_committed,55.53356604650617,55.55830290541053,0.024736858904361725,4.52096713706851,,,54.61473297327757,60.05453318357468,60.07927004247904
196,xair_atomic,1,50.0,50.0,concurrent,0,1,0,0,0,905,905,before_check,0,0,,,,,63.07045882567763,64.46598609909415,60.841578990221024,61.71335373073816,changed,67.18603515625,REVOKE,read_set_version_changed_at_commit,60.69372221827507,,,4.774532746523619,54.94949081912637,66.50956813246012,55.07900379598141,65.46825496479869,
197,xair_atomic,1,50.0,50.0,concurrent,1,0,0,0,1,907,906,after_check,0,0,after_middleware,1.0113362222909927,2.279203850775957,59.92865702137351,57.64945317059755,58.91732079908252,61.284310184419155,62.29187920689583,committed,61.347900390625,EXECUTE,authorization_committed,55.48936314880848,55.510363075882196,0.020999927073717117,4.43446496501565,54.71566179767251,67.15660076588392,54.927128832787275,59.92382811382413,59.944828040897846
198,xair_atomic,1,50.0,50.0,concurrent,0,1,0,0,0,909,909,before_check,0,0,,,,,62.27679084986448,63.93046164885163,59.68354782089591,60.68621901795268,changed,66.10888671875,REVOKE,read_set_version_changed_at_commit,60.571723617613316,,,4.844434093683958,55.0244920887053,65.97938388586044,55.20260566845536,65.41615771129727,
199,xair_atomic,1,50.0,50.0,concurrent,1,0,0,0,1,911,910,after_check,0,0,after_middleware,0.8377907797694206,2.205857075750828,59.75267803296447,57.54682095721364,58.91488725319505,61.14322505891323,62.31366004794836,committed,61.659912109375,EXECUTE,authorization_committed,54.67848293483257,54.69102691859007,0.01254398375749588,5.071179009974003,55.26749696582556,66.73873821273446,55.36267627030611,59.749661944806576,59.76220592856407
200,xair_atomic,0,,50.0,control,1,0,0,0,0,,912,control,0,0,,0.8335630409419537,2.1413657814264297,59.54446783289313,57.4031020514667,58.71090479195118,,,committed,61.097900390625,EXECUTE,authorization_committed,54.765245877206326,54.782198276370764,0.016952399164438248,4.774482920765877,,,54.853560868650675,59.5397287979722,59.55668119713664
201,xair_atomic,1,55.0,50.0,concurrent,1,0,0,0,1,914,913,after_check,0,0,after_middleware,1.2297560460865498,2.750177402049303,60.78549427911639,58.03531687706709,59.55573823302984,65.40262186899781,66.58750399947166,committed,61.705078125,EXECUTE,authorization_committed,56.12697871401906,56.156232953071594,0.029254239052534103,4.650621209293604,59.910202864557505,71.78291724994779,54.94532315060496,60.777599923312664,60.8068541623652
202,xair_atomic,1,55.0,50.0,concurrent,1,0,0,0,1,916,915,after_check,0,0,after_middleware,1.0422342456877232,2.3934580385684967,60.38517318665981,57.991715148091316,59.34293894097209,64.40172484144568,65.26235910132527,committed,60.972900390625,EXECUTE,authorization_committed,55.8919389732182,55.91602390632033,0.02408493310213089,4.4870031997561455,59.673318173736334,70.30485523864627,54.68096723780036,60.37894217297435,60.40302710607648
203,xair_atomic,0,,50.0,control,1,0,0,0,0,,917,control,0,0,,0.7910029962658882,2.146355342119932,59.883262030780315,57.73690668866038,59.09225903451443,,,committed,61.27099609375,EXECUTE,authorization_committed,54.967154283076525,54.98178116977215,0.014626886695623398,4.912120755761862,,,54.99213980510831,59.87927503883839,59.89390192553401
204,xair_atomic,1,55.0,50.0,after_release,1,0,0,0,1,919,918,after_check,0,0,after_middleware,0.9358949027955532,2.426198683679104,59.63303288444877,57.20683420076966,58.69713798165321,64.44834312424064,65.6318417750299,committed,60.443115234375,EXECUTE,authorization_committed,54.95610320940614,54.99680899083614,0.04070578143000603,4.673563875257969,59.839791152626276,70.48491295427084,54.84480503946543,59.629667084664106,59.67037286609411
205,xair_atomic,1,55.0,50.0,concurrent,1,0,0,0,1,921,920,after_check,0,0,after_middleware,1.0168668814003468,2.329218201339245,60.56631403043866,58.23709582909942,59.549447149038315,64.92277281358838,65.98382303491235,committed,61.56689453125,EXECUTE,authorization_committed,55.334242060780525,55.34427100792527,0.01002894714474678,5.229015834629536,60.4578610509634,71.16454793140292,55.3963091224432,60.56325789541006,60.57328684255481
206,xair_atomic,0,,50.0,control,1,0,0,0,0,,922,control,0,0,,0.9964876808226109,2.5103166699409485,60.01004995778203,57.49973328784108,59.01356227695942,,,committed,61.0849609375,EXECUTE,authorization_committed,55.3755396977067,55.38633977994323,0.010800082236528397,4.631114192306995,,,54.70136599615216,60.006653890013695,60.01745397225022
207,xair_atomic,1,55.0,50.0,concurrent,1,0,0,0,1,924,923,after_check,0,0,after_middleware,0.9990343824028969,2.633187919855118,60.73695421218872,58.1037662923336,59.737919829785824,64.72188606858253,65.91031514108181,committed,61.800048828125,EXECUTE,authorization_committed,55.76207395642996,55.77029986307025,0.008225906640291214,4.972475115209818,60.137670021504164,71.09889527782798,55.136932991445065,60.734549071639776,60.74277497828007
208,xair_atomic,1,55.0,50.0,after_release,1,0,0,0,1,926,925,after_check,0,0,after_middleware,1.0061468929052353,2.210605889558792,59.69633208587766,57.485726196318865,58.69018519297242,64.2697480507195,65.37519115954638,committed,61.260986328125,EXECUTE,authorization_committed,54.898225236684084,54.9054890871048,0.007263850420713425,4.795611836016178,59.940749779343605,70.40765788406134,54.95103308930993,59.69383707270026,59.701100923120975
209,xair_atomic,1,55.0,50.0,after_release,1,0,0,0,1,928,927,after_check,0,0,after_middleware,0.9432588703930378,2.2107157856225967,59.63011784479022,57.41940205916762,58.68685897439718,64.51290380209684,65.50396280363202,committed,60.714111328125,EXECUTE,authorization_committed,55.074835661798716,55.08191976696253,0.007084105163812637,4.5528169721364975,59.71392476931214,70.6605319865048,54.72493963316083,59.62765263393521,59.634736739099026
210,xair_atomic,1,55.0,50.0,concurrent,1,0,0,0,1,930,929,after_check,0,0,after_middleware,1.0202028788626194,2.3724688217043877,60.60271104797721,58.23024222627282,59.58250816911459,64.86220890656114,65.9760064445436,committed,61.7060546875,EXECUTE,authorization_committed,56.185780093073845,56.20974535122514,0.0239652581512928,4.411771893501282,59.65930223464966,72.37820327281952,54.67908317223191,60.59755198657513,60.62151724472642
211,xair_atomic,0,,50.0,control,1,0,0,0,0,,931,control,0,0,,0.9422670118510723,2.4458258412778378,60.52979500964284,58.083969168365,59.58752799779177,,,committed,61.8330078125,EXECUTE,authorization_committed,55.50170596688986,55.514360312372446,0.012654345482587814,5.02450205385685,,,55.09798927232623,60.52620802074671,60.538862366229296
212,xair_atomic,0,,50.0,control,1,0,0,0,0,,932,control,0,0,,0.9600697085261345,2.44486378505826,60.04406372085214,57.59919993579388,59.083994012326,,,committed,60.81103515625,EXECUTE,authorization_committed,55.24827120825648,55.26246828958392,0.014197081327438354,4.791875835508108,,,54.8656340688467,60.04014704376459,60.05434412509203
213,xair_atomic,0,,50.0,control,1,0,0,0,0,,933,control,0,0,,0.8508260361850262,2.176912035793066,59.15513727813959,56.978225242346525,58.304311241954565,,,committed,60.0009765625,EXECUTE,authorization_committed,54.620783776044846,54.63158478960395,0.010801013559103012,4.530906211584806,,,54.6191013418138,59.15168998762965,59.162491001188755
214,xair_atomic,1,55.0,50.0,after_release,1,0,0,0,1,935,934,after_check,0,0,after_middleware,0.8660745806992054,2.187030855566263,59.30870492011309,57.12167406454682,58.44263033941388,64.30343072861433,65.49367308616638,committed,61.04296875,EXECUTE,authorization_committed,54.82459673658013,54.83462614938617,0.010029412806034088,4.4812229461967945,59.63556794449687,70.84940606728196,54.63309772312641,59.30581968277693,59.31584909558296
215,xair_atomic,1,55.0,50.0,concurrent,1,0,0,0,1,937,936,after_check,0,0,after_middleware,1.101094763725996,2.6117381639778614,60.35077990964055,57.73904174566269,59.249685145914555,63.83711704984307,65.05494099110365,committed,60.6220703125,EXECUTE,authorization_committed,55.71916466578841,55.732510052621365,0.0133453868329525,4.628409165889025,59.778557159006596,69.98221995308995,54.785474203526974,60.34757383167744,60.36091921851039
216,xair_atomic,1,55.0,50.0,after_release,1,0,0,0,1,939,938,after_check,0,0,after_middleware,0.9041852317750454,2.3084990680217743,59.66597516089678,57.357476092875004,58.76178992912173,64.69122925773263,66.06999412178993,committed,60.662109375,EXECUTE,authorization_committed,55.004363879561424,55.015213787555695,0.010849907994270325,4.6591972932219505,59.811659157276154,70.87402325123549,54.817473981529474,59.663561172783375,59.674411080777645
217,xair_atomic,1,55.0,50.0,concurrent,1,0,0,0,1,941,940,after_check,0,0,after_middleware,0.9647090919315815,2.619531936943531,60.0564070045948,57.43687506765127,59.09169791266322,64.24438022077084,65.15544885769486,committed,61.14697265625,EXECUTE,authorization_committed,55.36552099511027,55.3760607726872,0.01053977757692337,4.688552115112543,59.830653946846724,69.94702387601137,54.83477609232068,60.05407311022282,60.06461288779974
218,xair_atomic,1,55.0,50.0,concurrent,1,0,0,0,1,943,942,after_check,0,0,after_middleware,1.3077319599688053,2.731611952185631,60.85717910900712,58.12556715682149,59.549447149038315,65.88322436437011,66.97185523808002,committed,61.48388671875,EXECUTE,authorization_committed,55.68696418777108,55.69997802376747,0.013013835996389389,5.167901050299406,60.39691623300314,72.05874426290393,55.38525804877281,60.85486523807049,60.86787907406688
219,xair_atomic,1,55.0,50.0,concurrent,1,0,0,0,1,945,944,after_check,0,0,after_middleware,0.9252950549125671,2.4898690171539783,60.06021425127983,57.57034523412585,59.134919196367264,64.57206513732672,65.71685103699565,committed,61.6201171875,EXECUTE,authorization_committed,55.79157965257764,55.8148636482656,0.02328399568796158,4.262292291969061,59.54193230718374,70.80088509246707,54.566783364862204,60.0538719445467,60.07715594023466
220,xair_atomic,1,55.0,50.0,concurrent,1,0,0,0,1,947,946,after_check,0,0,after_middleware,1.2614461593329906,2.70074512809515,60.49630232155323,57.79555719345808,59.23485616222024,65.12683490291238,66.35215319693089,committed,60.97998046875,EXECUTE,authorization_committed,55.67051284015179,55.68909691646695,0.018584076315164566,4.82244323939085,60.081294272094965,71.42634829506278,55.100844241678715,60.49295607954264,60.5115401558578
221,xair_atomic,1,55.0,50.0,after_release,1,0,0,0,1,949,948,after_check,0,0,after_middleware,1.0391892865300179,2.5778142735362053,59.23739215359092,56.65957788005471,58.1982028670609,63.72472597286105,64.95660590007901,committed,60.0849609375,EXECUTE,authorization_committed,55.20472023636103,55.221131071448326,0.016410835087299347,4.028583876788616,59.268449898809195,69.72215324640274,54.25768392160535,59.23330411314964,59.24971494823694
222,xair_atomic,1,55.0,50.0,concurrent,1,0,0,0,1,951,950,after_check,0,0,after_middleware,1.5152511186897755,3.026164136826992,60.8407580293715,57.81459389254451,59.325506910681725,65.74430409818888,67.19329115003347,committed,61.93505859375,EXECUTE,authorization_committed,55.93212274834514,55.97097612917423,0.03885338082909584,4.903194960206747,60.18904596567154,72.59393809363246,55.18716713413596,60.835317708551884,60.87417108938098
223,xair_atomic,0,,50.0,control,1,0,0,0,0,,952,control,0,0,,0.953388400375843,2.42224195972085,59.80309238657355,57.3808504268527,58.84970398619771,,,committed,60.955078125,EXECUTE,authorization_committed,55.104381404817104,55.124117992818356,0.01973658800125122,4.694493021816015,,,54.7696640715003,59.79887442663312,59.81861101463437
224,xair_atomic,1,55.0,50.0,concurrent,1,0,0,0,1,954,953,after_check,0,0,after_middleware,1.031575258821249,2.5575561448931694,61.48373428732157,58.9261781424284,60.45215902850032,65.63143199309707,66.70052604749799,committed,63.660888671875,EXECUTE,authorization_committed,55.93605013564229,55.949606001377106,0.013555865734815598,5.543815903365612,60.737775173038244,71.83584617450833,55.761073250323534,61.4798660390079,61.49342190474272
225,xair_atomic,1,55.0,50.0,concurrent,1,0,0,0,1,956,955,after_check,0,0,after_middleware,0.8909599855542183,2.4633887223899364,59.90461213514209,57.44122341275215,59.01365214958787,64.73323702812195,66.03144109249115,committed,60.846923828125,EXECUTE,authorization_committed,55.54462689906359,55.56160770356655,0.01698080450296402,4.355297423899174,59.561940375715494,71.4726853184402,54.58185123279691,59.89992432296276,59.916905127465725
226,xair_atomic,1,55.0,50.0,concurrent,1,0,0,0,1,958,957,after_check,0,0,after_middleware,1.0062060318887234,4.183384124189615,61.97011470794678,57.78673058375716,60.963908676058054,64.63471194729209,65.82937203347683,committed,60.8720703125,EXECUTE,authorization_committed,57.66339972615242,57.679138612002134,0.01573888584971428,4.302538000047207,59.46091981604695,71.23246369883418,54.46386989206076,61.96593772619963,61.98167661204934
227,xair_atomic,1,55.0,50.0,concurrent,1,0,0,0,1,960,959,after_check,0,0,after_middleware,1.2984140776097775,2.7719680219888687,59.98687678948045,57.21490876749158,58.68846271187067,64.19304478913546,65.31074084341526,committed,60.31005859375,EXECUTE,authorization_committed,55.617352947592735,55.63746113330126,0.020108185708522797,4.3647149577736855,59.57947298884392,70.9469998255372,54.617848712950945,59.98206790536642,60.00217609107494
228,xair_atomic,1,55.0,50.0,concurrent,1,0,0,0,1,962,961,after_check,0,0,after_middleware,1.11825717613101,2.4877050891518593,61.023821122944355,58.536116033792496,59.905563946813345,65.81644900143147,66.7293299920857,committed,62.011962890625,EXECUTE,authorization_committed,55.90327922254801,55.92417810112238,0.020898878574371338,5.116283893585205,60.41302578523755,71.88792387023568,55.450820829719305,61.01956311613321,61.040461994707584
229,xair_atomic,0,,50.0,control,1,0,0,0,0,,963,control,0,0,,0.8349749259650707,2.125175204128027,58.71116416528821,56.58598896116018,57.87618923932314,,,committed,60.111083984375,EXECUTE,authorization_committed,54.52802125364542,54.544682148844004,0.016660895198583603,4.178063943982124,,,54.26788190379739,58.706085197627544,58.72274609282613
230,xair_atomic,1,55.0,50.0,after_release,1,0,0,0,1,965,964,after_check,0,0,after_middleware,0.679314136505127,2.064861822873354,59.19410986825824,57.129248045384884,58.51479573175311,64.0058727003634,65.04097394645214,committed,60.2890625,EXECUTE,authorization_committed,54.67009590938687,54.67940401285887,0.0093081034719944,4.52160881832242,59.68832690268755,69.86387772485614,54.65461779385805,59.19170472770929,59.20101283118129
231,xair_atomic,1,55.0,50.0,after_release,1,0,0,0,1,967,966,after_check,0,0,after_middleware,0.8397549390792847,2.008155919611454,59.45575097575784,57.44759505614638,58.61599603667855,64.28365409374237,65.41785132139921,committed,61.423095703125,EXECUTE,authorization_committed,54.60536479949951,54.61389059200883,0.008525792509317398,4.84803132712841,59.986656066030264,70.59339620172977,55.0084812566638,59.45339612662792,59.46192191913724
232,xair_atomic,1,55.0,50.0,after_release,1,0,0,0,1,969,968,after_check,0,0,after_middleware,0.8619260042905807,2.117760945111513,59.099783189594746,56.98202224448323,58.237857185304165,64.17212495580316,65.315549261868,committed,60.68408203125,EXECUTE,authorization_committed,54.83551789075136,54.85260998830199,0.01709209755063057,4.259086214005947,59.39854308962822,70.3923492692411,54.40739402547479,59.09460410475731,59.11169620230794
233,xair_atomic,0,,50.0,control,1,0,0,0,0,,970,control,0,0,,1.278407871723175,2.8472202830016613,61.1342191696167,58.28699888661504,59.855811297893524,,,committed,62.22509765625,EXECUTE,authorization_committed,56.009127758443356,56.03371374309063,0.024585984647274017,5.1189293153584,,,55.19815720617771,61.128057073801756,61.15264305844903
234,xair_atomic,1,55.0,50.0,after_release,1,0,0,0,1,972,971,after_check,0,0,after_middleware,0.9228908456861973,2.2738338448107243,60.28941506519914,58.01558122038841,59.36652421951294,64.96616499498487,66.37511728331447,committed,61.576904296875,EXECUTE,authorization_committed,55.1183270290494,55.14392489567399,0.025597866624593735,5.165547132492065,60.439957305788994,71.58109918236732,55.465077981352806,60.28387416154146,60.309472028166056
235,xair_atomic,1,55.0,50.0,concurrent,1,0,0,0,1,974,973,after_check,0,0,after_middleware,0.9502219036221504,2.293169964104891,60.03320403397083,57.74003406986594,59.08298213034868,64.69874270260334,66.82410789653659,committed,60.949951171875,EXECUTE,authorization_committed,55.398122407495975,55.41556514799595,0.017442740499973297,4.630232695490122,59.80517575517297,72.48145714402199,54.81046997010708,60.0283551029861,60.04579784348607
236,xair_atomic,1,55.0,50.0,after_release,1,0,0,0,1,976,975,after_check,0,0,after_middleware,0.9038550779223442,2.4689501151442528,63.02687805145979,60.55792793631554,62.123022973537445,68.16970137879252,69.5336489006877,committed,64.1201171875,EXECUTE,authorization_committed,55.01771904528141,55.02514308318496,0.007424037903547287,8.006843738257885,63.27768787741661,75.43265074491501,58.26855497434735,63.024562783539295,63.03198682144284
237,xair_atomic,1,55.0,50.0,after_release,1,0,0,0,1,978,977,after_check,0,0,after_middleware,0.9591379202902317,2.2187698632478714,59.82817895710468,57.60940909385681,58.86904103681445,64.67024888843298,65.81217097118497,committed,61.617919921875,EXECUTE,authorization_committed,54.894598200917244,54.91941515356302,0.024816952645778656,4.927489906549454,60.15221728011966,70.61500707641244,55.16206892207265,59.8220881074667,59.846905060112476
238,xair_atomic,1,55.0,50.0,concurrent,1,0,0,0,1,980,979,after_check,0,0,after_middleware,1.0465020313858986,2.6083108969032764,60.47030258923769,57.86199169233441,59.42380055785179,64.81458991765976,66.04537786915898,committed,61.31396484375,EXECUTE,authorization_committed,56.12674821168184,56.151585187762976,0.02483697608113289,4.3380847200751305,59.55293262377381,71.53233699500561,54.555030539631844,60.46483293175697,60.489669907838106
239,xair_atomic,0,,50.0,control,1,0,0,0,0,,981,control,0,0,,1.0730721987783909,2.6839133352041245,60.95390021800995,58.269986882805824,59.88082801923156,,,committed,61.98291015625,EXECUTE,authorization_committed,55.711309891194105,55.73287978768349,0.02156989648938179,5.23765105754137,,,55.31572690233588,60.948960948735476,60.97053084522486
240,xair_atomic,1,60.0,50.0,after_release,1,0,0,0,1,983,982,after_check,0,0,after_middleware,1.2783068232238293,3.0399211682379246,61.49656791239977,58.456646744161844,60.21826108917594,70.42433880269527,71.48385606706142,committed,62.27294921875,EXECUTE,authorization_committed,56.80092237889767,56.82988744229078,0.028965063393115997,4.688992630690336,64.98444778844714,76.92036963999271,55.02427089959383,61.489915009588,61.51888007298112
241,xair_atomic,1,60.0,50.0,after_release,1,0,0,0,1,985,984,after_check,0,0,after_middleware,0.8030361495912075,2.2547380067408085,59.97946299612522,57.72472498938441,59.176426846534014,70.70866180583835,72.08813866600394,committed,61.0400390625,EXECUTE,authorization_committed,55.21164322271943,55.22744217887521,0.015798956155776978,4.7630006447434425,65.06295455619693,77.00681174173951,55.06986565887928,59.97464386746287,59.99044282361865
242,xair_atomic,1,60.0,50.0,after_release,1,0,0,0,1,987,986,after_check,0,0,after_middleware,0.735187903046608,1.9854330457746983,59.15742088109255,57.17198783531785,58.42223297804594,70.06557565182447,71.06068171560764,committed,59.841064453125,EXECUTE,authorization_committed,54.52807107940316,54.53877104446292,0.010699965059757233,4.626244772225618,64.78725792840123,75.61488170176744,54.79753576219082,59.15431585162878,59.16501581668854
243,xair_atomic,1,60.0,50.0,after_release,1,0,0,0,1,989,988,after_check,0,0,after_middleware,0.9282911196351051,2.4224030785262585,59.86828496679664,57.44588188827038,58.93999384716153,69.58197988569736,70.90186513960361,committed,60.455078125,EXECUTE,authorization_committed,55.00612687319517,55.016587022691965,0.010460149496793747,4.859743174165487,65.01117907464504,75.78400988131762,55.03277713432908,59.86587004736066,59.87633019685745
244,xair_atomic,0,,50.0,control,1,0,0,0,0,,990,control,0,0,,1.0745348408818245,2.443903125822544,62.70824000239372,60.26433687657118,61.6337051615119,,,committed,63.863037109375,EXECUTE,authorization_committed,55.684810038655996,55.701891891658306,0.0170818530023098,7.019171956926584,,,57.10736708715558,62.70398199558258,62.72106384858489
245,xair_atomic,1,60.0,50.0,after_release,1,0,0,0,1,992,991,after_check,0,0,after_middleware,0.9386306628584862,2.6004468090832233,60.56886864826083,57.96842183917761,59.630237985402346,70.30764082446694,71.65630999952555,committed,61.58203125,EXECUTE,authorization_committed,56.045245844870806,56.062047835439444,0.016801990568637848,4.519594833254814,64.68830304220319,76.92532986402512,54.71655400469899,60.56484067812562,60.58164266869426
246,xair_atomic,1,60.0,50.0,after_release,1,0,0,0,1,994,993,after_check,0,0,after_middleware,1.0370840318500996,2.669434994459152,61.36566214263439,58.69622714817524,60.32857811078429,69.97286295518279,71.34323194622993,committed,63.802978515625,EXECUTE,authorization_committed,55.95506587997079,55.968682281672955,0.013616401702165604,5.406869109719992,65.58213895186782,76.1414603330195,55.59745617210865,61.36193498969078,61.375551391392946
247,xair_atomic,0,,50.0,control,1,0,0,0,0,,995,control,0,0,,0.827983021736145,2.404628787189722,59.345774818211794,56.94114603102207,58.51779179647565,,,committed,61.15087890625,EXECUTE,authorization_committed,55.07158022373915,55.09184813126922,0.02026790753006935,4.269485827535391,,,54.345267824828625,59.34106605127454,59.36133395880461
248,xair_atomic,1,60.0,50.0,after_release,1,0,0,0,1,997,996,after_check,0,0,after_middleware,0.7707253098487854,2.0649922080338,59.47048915550113,57.40549694746733,58.69976384565234,69.99633694067597,70.91192388907075,committed,61.05810546875,EXECUTE,authorization_committed,54.71464106813073,54.728456772863865,0.013815704733133316,4.7525521367788315,65.02751912921667,76.08162797987461,55.040602106601,59.46719320490956,59.481008909642696
249,xair_atomic,1,60.0,50.0,after_release,1,0,0,0,1,999,998,after_check,0,0,after_middleware,0.7532229647040367,2.084860112518072,59.39984600991011,57.314985897392035,58.64662304520607,69.28805820643902,70.19120221957564,committed,60.324951171875,EXECUTE,authorization_committed,54.86536305397749,54.880842100828886,0.01547904685139656,4.530895967036486,64.7114459425211,75.60328021645546,54.71908813342452,59.396259021013975,59.41173806786537
250,xair_atomic,0,,50.0,control,1,0,0,0,0,,1000,control,0,0,,0.9814309887588024,2.788709942251444,60.15548296272755,57.3667730204761,59.174051973968744,,,committed,60.7939453125,EXECUTE,authorization_committed,55.34346867352724,55.35793676972389,0.014468096196651459,4.809138365089893,,,54.87869819626212,60.152607038617134,60.167075134813786
251,xair_atomic,1,60.0,50.0,after_release,1,0,0,0,1,1002,1001,after_check,0,0,after_middleware,0.9606913663446903,2.3827687837183475,60.74129231274128,58.35852352902293,59.78060094639659,71.18276227265596,72.47235020622611,committed,61.64599609375,EXECUTE,authorization_committed,55.239595007151365,55.25686778128147,0.017272774130105972,5.497489124536514,65.73509611189365,77.33609108254313,55.74768828228116,60.73708413168788,60.754356905817986
252,xair_atomic,1,60.0,50.0,after_release,1,0,0,0,1,1004,1003,after_check,0,0,after_middleware,0.8264901116490364,2.32852715998888,58.95131500437856,56.62278784438968,58.12482489272952,69.4068307057023,70.42343681678176,committed,59.56494140625,EXECUTE,authorization_committed,54.81211328878999,54.82850410044193,0.016390811651945114,4.1353036649525166,64.30673692375422,75.2360918559134,54.314689710736275,58.947416953742504,58.96380776539445
253,xair_atomic,0,,50.0,control,1,0,0,0,0,,1005,control,0,0,,0.8632093667984009,2.289213240146637,60.13107718899846,57.841863948851824,59.26786782220006,,,committed,60.930908203125,EXECUTE,authorization_committed,54.78143598884344,54.797655902802944,0.016219913959503174,5.345303099602461,,,55.41522381827235,60.1267390884459,60.142959002405405
254,xair_atomic,1,60.0,50.0,after_release,1,0,0,0,1,1007,1006,after_check,0,0,after_middleware,0.9588277898728848,2.139400690793991,59.58546372130513,57.44606303051114,58.62663593143225,69.2870868369937,70.39937283843756,committed,60.285888671875,EXECUTE,authorization_committed,54.67856302857399,54.69448305666447,0.01592002809047699,4.902783781290054,65.13568200170994,75.27138898149133,55.15220109373331,59.581346809864044,59.59726683795452
255,xair_atomic,0,,50.0,control,1,0,0,0,0,,1008,control,0,0,,0.9399526752531528,2.284393645823002,59.47815300896764,57.193759363144636,58.538200333714485,,,committed,60.181884765625,EXECUTE,authorization_committed,55.04142306745052,55.054587777704,0.013164710253477097,4.4343252666294575,,,54.506971035152674,59.47574833407998,59.48891304433346
256,xair_atomic,1,60.0,50.0,after_release,1,0,0,0,1,1010,1009,after_check,0,0,after_middleware,0.8180141448974609,2.353162970393896,59.35239791870117,56.999234948307276,58.53438377380371,69.38629318028688,70.8049931563437,committed,60.10498046875,EXECUTE,authorization_committed,54.970339871943,54.98457606881857,0.014236196875572205,4.378952085971832,64.58793487399817,75.45884000137448,54.608691949397326,59.34929195791483,59.3635281547904
257,xair_atomic,1,60.0,50.0,after_release,1,0,0,0,1,1012,1011,after_check,0,0,after_middleware,0.8449838496744633,1.9656457006931305,59.236148837953806,57.270503137260675,58.39116498827934,69.82673890888691,71.07244525104761,committed,60.22509765625,EXECUTE,authorization_committed,54.75157033652067,54.764945060014725,0.013374723494052887,4.481332842260599,64.70656720921397,76.4457699842751,54.70879003405571,59.23290317878127,59.246277902275324
258,xair_atomic,0,,50.0,control,1,0,0,0,0,,1013,control,0,0,,0.9290920570492744,2.468488644808531,59.740935917943716,57.272447273135185,58.81184386089444,,,committed,60.096923828125,EXECUTE,authorization_committed,55.099982768297195,55.11304782703519,0.01306505873799324,4.637536127120256,,,54.70999190583825,59.73751889541745,59.750583954155445
259,xair_atomic,0,,50.0,control,1,0,0,0,0,,1014,control,0,0,,0.9840051643550396,2.52800015732646,60.29051588848233,57.76251573115587,59.30651072412729,,,committed,61.342041015625,EXECUTE,authorization_committed,55.15053682029247,55.16703799366951,0.01650117337703705,5.135790910571814,,,55.19433971494436,60.286327730864286,60.30282890424132
260,xair_atomic,1,60.0,50.0,after_release,1,0,0,0,1,1016,1015,after_check,0,0,after_middleware,0.8254880085587502,2.2201729007065296,60.30877120792866,58.08859830722213,59.48328319936991,70.46477543190122,71.69106556102633,committed,60.7548828125,EXECUTE,authorization_committed,55.98095525056124,55.997676216065884,0.0167209655046463,4.323949106037617,64.4976762123406,80.485416110605,54.503976367414,60.304904356598854,60.3216253221035
261,xair_atomic,1,60.0,50.0,after_release,1,0,0,0,1,1018,1017,after_check,0,0,after_middleware,1.0583149269223213,2.279585227370262,60.4738499969244,58.19426476955414,59.41553507000208,69.97674982994795,71.31990790367126,committed,60.950927734375,EXECUTE,authorization_committed,55.582026951014996,55.605319794267416,0.023292843252420425,4.886914044618607,65.0717718526721,76.12041989341378,55.09084602817893,60.4689409956336,60.49223383888602
262,xair_atomic,1,60.0,50.0,after_release,1,0,0,0,1,1020,1019,after_check,0,0,after_middleware,0.8726068772375584,1.9964235834777355,59.30802505463362,57.31160147115588,58.43541817739606,69.36266925185919,70.62531728297472,committed,60.412109375,EXECUTE,authorization_committed,54.80875680223107,54.82359463348985,0.014837831258773804,4.4953604228794575,64.71304036676884,75.55065304040909,54.727365262806416,59.30411722511053,59.318955056369305
263,xair_atomic,0,,50.0,control,1,0,0,0,0,,1021,control,0,0,,0.9525669738650322,2.154469955712557,59.597957879304886,57.44348792359233,58.645390905439854,,,committed,61.12890625,EXECUTE,authorization_committed,55.01315975561738,55.029600858688354,0.01644110307097435,4.580680280923843,,,54.65617123991251,59.59384003654122,59.6102811396122
264,xair_atomic,1,60.0,50.0,after_release,1,0,0,0,1,1023,1022,after_check,0,0,after_middleware,1.0184990242123604,2.6385867968201637,59.78903500363231,57.15044820681214,58.77053597941995,69.31144185364246,70.63754927366972,committed,60.193115234375,EXECUTE,authorization_committed,55.507698096334934,55.52007118239999,0.01237308606505394,4.277951084077358,64.46050526574254,76.0400090366602,54.46150526404381,59.78564918041229,59.798022266477346
265,xair_atomic,1,60.0,50.0,after_release,1,0,0,0,1,1025,1024,after_check,0,0,after_middleware,1.1308803223073483,2.671730238944292,60.17962843179703,57.507898192852736,59.04874810948968,69.41773230209947,70.5192070454359,committed,61.176025390625,EXECUTE,authorization_committed,55.66111486405134,55.68252503871918,0.021410174667835236,4.5134942047297955,64.6307454444468,75.7042202167213,54.68295142054558,60.17460906878114,60.19601924344897
266,xair_atomic,0,,50.0,control,1,0,0,0,0,,1026,control,0,0,,1.4748349785804749,3.0029709450900555,60.39731623604894,57.39434529095888,58.92248125746846,,,committed,61.089111328125,EXECUTE,authorization_committed,55.536662228405476,55.55177107453346,0.015108846127986908,4.856807179749012,,,54.93174726143479,60.39346940815449,60.408578254282475
267,xair_atomic,1,60.0,50.0,after_release,1,0,0,0,1,1028,1027,after_check,0,0,after_middleware,1.09580485150218,2.54645524546504,59.73857128992677,57.19211604446173,58.64276643842459,69.04396042227745,70.19214425235987,committed,60.591064453125,EXECUTE,authorization_committed,55.396278854459524,55.40913296863437,0.012854114174842834,4.339146427810192,64.54731803387403,75.50471602007747,54.56250533461571,59.735425282269716,59.74827939644456
268,xair_atomic,0,,50.0,control,1,0,0,0,0,,1029,control,0,0,,1.1318633332848549,2.5726640596985817,60.489128809422255,57.91646474972367,59.3572654761374,,,committed,61.6279296875,EXECUTE,authorization_committed,55.64418388530612,55.66097470000386,0.016790814697742462,4.840746987611055,,,54.913563653826714,60.484930872917175,60.50172168761492
269,xair_atomic,1,60.0,50.0,after_release,1,0,0,0,1,1031,1030,after_check,0,0,after_middleware,0.770975835621357,2.3417421616613865,60.2767807431519,57.93503858149052,59.505804907530546,69.85357869416475,71.01459568366408,committed,61.68505859375,EXECUTE,authorization_committed,55.37877604365349,55.390968918800354,0.012192875146865845,4.894387908279896,65.05874777212739,76.17371063679457,55.06468657404184,60.273163951933384,60.28535682708025
270,xair_atomic,1,60.0,50.0,after_release,1,0,0,0,1,1033,1032,after_check,0,0,after_middleware,0.7606870494782925,2.03154981136322,59.04243607074022,57.010886259377,58.28174902126193,69.51668718829751,70.74795616790652,committed,60.06591796875,EXECUTE,authorization_committed,54.648036137223244,54.66452706605196,0.016490928828716278,4.390752874314785,64.60814317688346,75.72447787970304,54.62884018197656,59.03878901153803,59.055279940366745
271,xair_atomic,1,60.0,50.0,after_release,1,0,0,0,1,1035,1034,after_check,0,0,after_middleware,0.9644189849495888,2.3143398575484753,60.3439467959106,58.02960693836212,59.37952781096101,70.02794602885842,71.1287702433765,committed,61.323974609375,EXECUTE,authorization_committed,55.365721229463816,55.37493946030736,0.009218230843544006,4.975930787622929,65.18949288874865,76.4853348955512,55.2041488699615,60.341652017086744,60.35087024793029
272,xair_atomic,1,60.0,50.0,after_release,1,0,0,0,1,1037,1036,after_check,0,0,after_middleware,0.994144007563591,2.305604051798582,59.92677481845021,57.62117076665163,58.93263081088662,69.10716975107789,70.48333995044231,committed,61.083984375,EXECUTE,authorization_committed,55.43713504448533,55.455789901316166,0.018654856830835342,4.484639968723059,64.63782908394933,76.11107267439365,54.646873846650124,59.92177501320839,59.940429870039225
273,xair_atomic,1,60.0,50.0,after_release,1,0,0,0,1,1039,1038,after_check,0,0,after_middleware,1.2199277989566326,2.9239729046821594,60.67144079133868,57.74746788665652,59.45151299238205,69.58882277831435,70.81066397950053,committed,61.5390625,EXECUTE,authorization_committed,55.832256097346544,55.85100129246712,0.018745195120573044,4.83459560200572,65.09732967242599,75.81037888303399,55.11899897828698,60.666851699352264,60.68559689447284
274,xair_atomic,1,60.0,50.0,after_release,1,0,0,0,1,1041,1040,after_check,0,0,after_middleware,0.9480183944106102,2.2829310037195683,59.423651080578566,57.140720076859,58.475632686167955,69.63725294917822,70.73155464604497,committed,60.52197265625,EXECUTE,authorization_committed,54.607799742370844,54.656270891427994,0.04847114905714989,4.81052091345191,64.96009277179837,76.11918775364757,54.969798773527145,59.418320655822754,59.466791804879904
275,xair_atomic,1,60.0,50.0,after_release,1,0,0,0,1,1043,1042,after_check,0,0,after_middleware,1.0331668891012669,2.2220159880816936,59.896626975387335,57.67461098730564,58.86346008628607,70.04319410771132,71.0434396751225,committed,61.89501953125,EXECUTE,authorization_committed,55.08600687608123,55.117886047810316,0.03187917172908783,4.8033068887889385,65.04874909296632,76.04002906009555,55.0591959618032,59.88931376487017,59.921192936599255
276,xair_atomic,1,60.0,50.0,after_release,1,0,0,0,1,1045,1044,after_check,0,0,after_middleware,1.0239100083708763,2.2374559193849564,59.84505079686642,57.60759487748146,58.82114078849554,69.27047483623028,70.44081017374992,committed,60.72412109375,EXECUTE,authorization_committed,55.48081686720252,55.49864983186126,0.017832964658737183,4.359906073659658,64.58674278110266,75.07938798516989,54.60895178839564,59.84072294086218,59.858555905520916
277,xair_atomic,1,60.0,50.0,after_release,1,0,0,0,1,1047,1046,after_check,0,0,after_middleware,0.9082425385713577,2.287418581545353,60.2229586802423,57.93554009869695,59.31471614167094,70.1117031276226,70.99226396530867,committed,61.635986328125,EXECUTE,authorization_committed,54.93871960788965,54.95950859040022,0.02078898251056671,5.27956010773778,65.4733651317656,76.03671308606863,55.48086669296026,60.21827971562743,60.239068698138
278,xair_atomic,1,60.0,50.0,after_release,1,0,0,0,1,1049,1048,after_check,0,0,after_middleware,1.1110440827906132,2.107462380081415,59.97937312349677,57.871910743415356,58.86832904070616,70.0062750838697,71.06660306453705,committed,61.248046875,EXECUTE,authorization_committed,55.01714814454317,55.04279583692551,0.025647692382335663,4.955722950398922,65.19830878823996,75.99780987948179,55.21282507106662,59.97287109494209,59.99851878732443
279,xair_atomic,1,60.0,50.0,after_release,1,0,0,0,1,1051,1050,after_check,0,0,after_middleware,0.9734947234392166,2.0506447181105614,59.20078186318278,57.15013714507222,58.22728713974357,69.27107600495219,70.2063599601388,committed,60.339111328125,EXECUTE,authorization_committed,54.757070261985064,54.76690921932459,0.009838957339525223,4.441136959940195,64.66566026210785,75.426469091326,54.679784923791885,59.19820722192526,59.208046179264784
280,xair_atomic,1,100.0,50.0,after_release,1,0,0,0,1,1053,1052,after_check,0,0,after_middleware,1.1973450891673565,2.551774960011244,60.63460186123848,58.082826901227236,59.43725677207112,110.68206001073122,111.74573469907045,committed,61.571044921875,EXECUTE,authorization_committed,55.80113781616092,55.82208698615432,0.020949169993400574,4.82818391174078,105.0131800584495,116.74458906054497,55.0617016851902,60.6293217279017,60.6502708978951
281,xair_atomic,1,100.0,50.0,after_release,1,0,0,0,1,1055,1054,after_check,0,0,after_middleware,1.0419939644634724,2.4098288267850876,60.281138867139816,57.87131004035473,59.239144902676344,110.48702523112297,111.51142604649067,committed,61.262939453125,EXECUTE,authorization_committed,55.305729154497385,55.323923006653786,0.01819385215640068,4.97093191370368,105.2300170995295,116.5226730518043,55.24790100753307,60.276661068201065,60.294854920357466
282,xair_atomic,1,100.0,50.0,after_release,1,0,0,0,1,1057,1056,after_check,0,0,after_middleware,0.8205091580748558,2.0334930159151554,60.62725791707635,58.593764901161194,59.80674875900149,111.27361888065934,112.54380084574223,committed,61.803955078125,EXECUTE,authorization_committed,55.39635894820094,55.422056932002306,0.0256979838013649,5.225799046456814,105.488371104002,117.74019617587328,55.53380586206913,60.622157994657755,60.64785597845912
283,xair_atomic,0,,50.0,control,1,0,0,0,0,,1058,control,0,0,,1.0414025746285915,2.291756682097912,60.0116029381752,57.71984625607729,58.97020036354661,,,committed,61.18505859375,EXECUTE,authorization_committed,54.863660130649805,54.88385818898678,0.02019805833697319,5.143193993717432,,,55.22753205150366,60.00685412436724,60.02705218270421
284,xair_atomic,1,100.0,50.0,after_release,1,0,0,0,1,1060,1059,after_check,0,0,after_middleware,1.0181088000535965,2.421941142529249,60.034014750272036,57.612073607742786,59.01590595021844,109.66423200443387,111.02221766486764,committed,61.162109375,EXECUTE,authorization_committed,55.44920824468136,55.45952683314681,0.010318588465452194,4.5823827385902405,104.80732377618551,116.33025156334043,54.82475692406297,60.0315909832716,60.04190957173705
285,xair_atomic,1,100.0,50.0,after_release,1,0,0,0,1,1062,1061,after_check,0,0,after_middleware,0.9095962159335613,2.159680239856243,59.57992421463132,57.420243974775076,58.67032799869776,109.87882409244776,110.86232820525765,committed,61.2080078125,EXECUTE,authorization_committed,54.790532682091,54.803546983748674,0.013014301657676697,4.786115139722824,104.9700491130352,115.9940310753882,54.98120002448559,59.57664782181382,59.5896621234715
286,xair_atomic,1,100.0,50.0,after_release,1,0,0,0,1,1064,1063,after_check,0,0,after_middleware,0.800170935690403,2.0345449447631836,59.74122602492571,57.706681080162525,58.941055089235306,110.71387911215425,111.84579227119684,committed,61.14892578125,EXECUTE,authorization_committed,54.59122871980071,54.60972385481,0.018495135009288788,5.1452782936394215,105.38381524384022,116.6098159737885,55.389605928212404,59.73650701344013,59.75500214844942
287,xair_atomic,1,100.0,50.0,after_release,1,0,0,0,1,1066,1065,after_check,0,0,after_middleware,0.9971596300601959,2.297918777912855,59.783365577459335,57.48544679954648,58.78620594739914,109.75127527490258,110.67095957696438,committed,60.535888671875,EXECUTE,authorization_committed,55.08429417386651,55.10770808905363,0.023413915187120438,4.693921655416489,104.98506762087345,115.65341288223863,55.02413073554635,59.778215829283,59.80162974447012
288,xair_atomic,1,100.0,50.0,after_release,1,0,0,0,1,1068,1067,after_check,0,0,after_middleware,0.9214477613568306,2.1046269685029984,59.504513163119555,57.399886194616556,58.583065401762724,109.68241607770324,110.7306620106101,committed,61.368896484375,EXECUTE,authorization_committed,54.7957718372345,54.814697708934546,0.018925871700048447,4.705424420535564,104.97779445722699,115.82316132262349,54.98565919697285,59.50119625777006,59.52012212947011
289,xair_atomic,1,100.0,50.0,after_release,1,0,0,0,1,1070,1069,after_check,0,0,after_middleware,0.7531121373176575,2.2541568614542484,59.826245065778494,57.572088204324245,59.073132928460836,110.5715031735599,111.69007001444697,committed,60.800048828125,EXECUTE,authorization_committed,55.00738974660635,55.022337939590216,0.014948192983865738,4.815860185772181,105.08008487522602,117.26728826761246,55.107466876506805,59.82324993237853,59.838198125362396
290,xair_atomic,0,,50.0,control,1,0,0,0,0,,1071,control,0,0,,0.921949278563261,2.3412411101162434,59.34267910197377,57.00143799185753,58.42072982341051,,,committed,60.217041015625,EXECUTE,authorization_committed,54.758932907134295,54.7758350148797,0.016902107745409012,4.580209031701088,,,54.67056715860963,59.33914193883538,59.35604404658079
291,xair_atomic,1,100.0,50.0,after_release,1,0,0,0,1,1073,1072,after_check,0,0,after_middleware,0.7394161075353622,1.9582719542086124,59.57509484142065,57.61682288721204,58.83567873388529,112.26277472451329,113.37958881631494,committed,61.447998046875,EXECUTE,authorization_committed,54.79499092325568,54.80992887169123,0.014937948435544968,4.777378868311644,105.06395576521754,118.96318988874555,55.07724080234766,59.572369791567326,59.58730774000287
292,xair_atomic,0,,50.0,control,1,0,0,0,0,,1074,control,0,0,,0.9053279645740986,2.2871186956763268,59.57367178052664,57.28655308485031,58.66834381595254,,,committed,60.843994140625,EXECUTE,authorization_committed,54.575229063630104,54.592270869761705,0.017041806131601334,4.994404967874289,,,55.06972596049309,59.56963403150439,59.586675837635994
293,xair_atomic,0,,50.0,control,1,0,0,0,0,,1075,control,0,0,,0.7707346230745316,2.175849862396717,59.42335957661271,57.247509714215994,58.65262495353818,,,committed,60.970947265625,EXECUTE,authorization_committed,54.48900815099478,54.50216215103865,0.013154000043869019,4.931777715682983,,,55.00075686722994,59.42078586667776,59.43393986672163
294,xair_atomic,1,100.0,50.0,after_release,1,0,0,0,1,1077,1076,after_check,0,0,after_middleware,0.8511869236826897,2.171571832150221,60.389902908355,58.21833107620478,59.53871598467231,110.30523292720318,111.08361324295402,committed,61.239013671875,EXECUTE,authorization_committed,55.559725034981966,55.569713935256004,0.009988900274038315,4.827382043004036,105.14249186962843,115.770832169801,55.153103079646826,60.387107077986,60.39709597826004
295,xair_atomic,1,100.0,50.0,after_release,1,0,0,0,1,1079,1078,after_check,0,0,after_middleware,0.8931150659918785,2.189655788242817,59.09889191389084,56.90923612564802,58.20577684789896,109.16151897981763,110.23844918236136,committed,59.967041015625,EXECUTE,authorization_committed,54.68501476570964,54.697658866643906,0.012644100934267044,4.411152098327875,104.58488715812564,114.82643196359277,54.59191091358662,59.096166864037514,59.10881096497178
296,xair_atomic,1,100.0,50.0,after_release,1,0,0,0,1,1081,1080,after_check,0,0,after_middleware,1.085876952856779,2.5204368866980076,60.978957917541265,58.45852103084326,59.893080964684486,111.22475797310472,112.33673291280866,committed,62.298095703125,EXECUTE,authorization_committed,55.59213599190116,55.608085822314024,0.015949830412864685,5.383174866437912,105.66349001601338,118.19846462458372,55.66264782100916,60.97531085833907,60.991260688751936
297,xair_atomic,1,100.0,50.0,after_release,1,0,0,0,1,1083,1082,after_check,0,0,after_middleware,1.1649150401353836,2.9275701381266117,61.33826123550534,58.41069109737873,60.17334619536996,111.00313207134604,112.01968789100647,committed,62.5048828125,EXECUTE,authorization_committed,56.24688370153308,56.27240194007754,0.02551823854446411,5.085706245154142,105.40863126516342,117.14672204107046,55.41894119232893,61.33258994668722,61.358108185231686
298,xair_atomic,0,,50.0,control,1,0,0,0,0,,1084,control,0,0,,0.9875921532511711,2.682330086827278,60.04453497007489,57.362204883247614,59.05694281682372,,,committed,61.31298828125,EXECUTE,authorization_committed,55.21958786994219,55.23697007447481,0.01738220453262329,4.821309819817543,,,54.89582009613514,60.04089768975973,60.058279894292355
299,xair_atomic,1,100.0,50.0,after_release,1,0,0,0,1,1086,1085,after_check,0,0,after_middleware,1.2189960107207298,2.78440210968256,60.51965709775686,57.7352549880743,59.30066108703613,110.63368013128638,112.0532019995153,committed,60.910888671875,EXECUTE,authorization_committed,56.030097883194685,56.04881281033158,0.01871492713689804,4.485802259296179,104.81141228228807,117.87208309397101,54.8198982141912,60.515900142490864,60.53461506962776
300,xair_atomic,1,100.0,50.0,after_release,1,0,0,0,1,1088,1087,after_check,0,0,after_middleware,0.963947270065546,2.307876944541931,59.81958331540227,57.51170637086034,58.85563604533672,114.69983495771885,116.03703210130334,committed,61.178955078125,EXECUTE,authorization_committed,55.22098019719124,55.247750133275986,0.026769936084747314,4.593553952872753,104.89161219447851,121.76863010972738,54.88913832232356,59.81453415006399,59.84130408614874
301,xair_atomic,1,100.0,50.0,after_release,1,0,0,0,1,1090,1089,after_check,0,0,after_middleware,1.0669510811567307,2.699713222682476,60.125427320599556,57.42571409791708,59.058476239442825,110.26547895744443,111.63271311670542,committed,61.15087890625,EXECUTE,authorization_committed,55.61259388923645,55.63214095309377,0.01954706385731697,4.5080641284585,104.79938937351108,117.16276314109564,54.808647371828556,60.12065801769495,60.14020508155227
302,xair_atomic,0,,50.0,control,1,0,0,0,0,,1091,control,0,0,,1.1899606324732304,2.8595617040991783,61.13547971472144,58.27591801062226,59.94551908224821,,,committed,61.387939453125,EXECUTE,authorization_committed,55.86272431537509,55.87977636605501,0.017052050679922104,5.268648732453585,,,55.34593388438225,61.131373047828674,61.148425098508596
303,xair_atomic,1,100.0,50.0,after_release,1,0,0,0,1,1093,1092,after_check,0,0,after_middleware,1.0556499473750591,2.5815311819314957,60.352041851729155,57.77051066979766,59.296391904354095,110.66165193915367,112.07157606258988,committed,61.493896484375,EXECUTE,authorization_committed,55.52799627184868,55.5426231585443,0.014626886695623398,4.820619709789753,105.13367597013712,116.95167701691389,55.14740198850632,60.34861598163843,60.363242868334055
304,xair_atomic,1,100.0,50.0,after_release,1,0,0,0,1,1095,1094,after_check,0,0,after_middleware,0.8133859373629093,2.1459641866385937,60.020150151103735,57.87418596446514,59.206764213740826,110.50993809476495,111.51452222838998,committed,61.096923828125,EXECUTE,authorization_committed,54.97904634103179,55.00022601336241,0.021179672330617905,5.0360639579594135,105.34219723194838,116.62398325279355,55.35031296312809,60.0151102989912,60.03628997132182
305,xair_atomic,1,100.0,50.0,after_release,1,0,0,0,1,1097,1096,after_check,0,0,after_middleware,0.9454619139432907,2.383678685873747,60.39452087134123,58.01084218546748,59.44905895739794,110.47351872548461,111.80474609136581,committed,61.428955078125,EXECUTE,authorization_committed,55.46325398609042,55.47707015648484,0.013816170394420624,4.927760921418667,105.19040282815695,117.10188910365105,55.19451107829809,60.39101490750909,60.40483107790351
306,xair_atomic,0,,50.0,control,1,0,0,0,0,,1098,control,0,0,,0.9979410097002983,2.681076992303133,60.124535113573074,57.44345812126994,59.126594103872776,,,committed,61.637939453125,EXECUTE,authorization_committed,55.32081704586744,55.336135905236006,0.015318859368562698,4.799791146069765,,,54.87276706844568,60.12060819193721,60.13592705130577
307,xair_atomic,1,100.0,50.0,after_release,1,0,0,0,1,1100,1099,after_check,0,0,after_middleware,1.2699710205197334,2.8185052797198296,61.40797212719917,58.58946684747934,60.13800110667944,111.50530399754643,112.59408621117473,committed,61.91796875,EXECUTE,authorization_committed,56.089979130774736,56.1225600540638,0.03258092328906059,5.311490967869759,105.65901082009077,117.67759919166565,55.64990499988198,61.401470098644495,61.434051021933556
308,xair_atomic,0,,50.0,control,1,0,0,0,0,,1101,control,0,0,,0.8385917171835899,2.2173067554831505,59.61158266291022,57.39427590742707,58.77299094572663,,,committed,61.2109375,EXECUTE,authorization_committed,54.84923301264644,54.86682569608092,0.01759268343448639,4.75891400128603,,,54.83151972293854,59.60814701393247,59.62573969736695
309,xair_atomic,1,100.0,50.0,after_release,1,0,0,0,1,1103,1102,after_check,0,0,after_middleware,1.0531041771173477,2.5609019212424755,60.36820216104388,57.80730023980141,59.315097983926535,110.59943586587906,111.70231411233544,committed,61.301025390625,EXECUTE,authorization_committed,55.471529718488455,55.48936268314719,0.017832964658737183,4.892755299806595,105.21207330748439,116.62822123616934,55.22916605696082,60.36428501829505,60.38211798295379
310,xair_atomic,1,100.0,50.0,after_release,1,0,0,0,1,1105,1104,after_check,0,0,after_middleware,1.0505602695047855,2.4750810116529465,59.59636438637972,57.12128337472677,58.54580411687493,110.08132295683026,111.3296546973288,committed,60.55908203125,EXECUTE,authorization_committed,55.06843328475952,55.085164960473776,0.01673167571425438,4.524304065853357,104.82327407225966,116.63492303341627,54.84275007620454,59.59273735061288,59.60946902632713
311,xair_atomic,1,100.0,50.0,after_release,1,0,0,0,1,1107,1106,after_check,0,0,after_middleware,0.9536086581647396,2.4238256737589836,59.626190923154354,57.20236524939537,58.672582264989614,109.42725697532296,110.57460913434625,committed,60.993896484375,EXECUTE,authorization_committed,55.09344069287181,55.108158849179745,0.014718156307935715,4.529794212430716,104.74841296672821,115.58789992704988,54.75017707794905,59.623234905302525,59.63795306161046
312,xair_atomic,1,100.0,50.0,after_release,1,0,0,0,1,1109,1108,after_check,0,0,after_middleware,0.9123510681092739,2.0196670666337013,59.81438374146819,57.79471667483449,58.90203267335892,110.24900898337364,111.75868986174464,committed,60.98095703125,EXECUTE,authorization_committed,55.02926977351308,55.052092764526606,0.022822991013526917,4.778882022947073,105.00972392037511,117.57954489439726,55.0065478309989,59.80815179646015,59.83097478747368
313,xair_atomic,0,,50.0,control,1,0,0,0,0,,1110,control,0,0,,0.9051370434463024,2.1742968820035458,59.76242618635297,57.58812930434942,58.857289142906666,,,committed,60.9970703125,EXECUTE,authorization_committed,54.91398507729173,54.93786931037903,0.023884233087301254,4.843282047659159,,,54.92125824093819,59.757267124950886,59.78115135803819
314,xair_atomic,1,100.0,50.0,after_release,1,0,0,0,1,1112,1111,after_check,0,0,after_middleware,1.135719008743763,2.669285051524639,59.571617748588324,56.902332697063684,58.43589873984456,109.21942768618464,110.3853639215231,committed,60.60009765625,EXECUTE,authorization_committed,55.20545085892081,55.22364471107721,0.01819385215640068,4.358192905783653,104.57376576960087,115.39027886465192,54.587612859904766,59.563643764704466,59.58183761686087
315,xair_atomic,1,100.0,50.0,after_release,1,0,0,0,1,1114,1113,after_check,0,0,after_middleware,0.7521510124206543,2.033984288573265,59.169393964111805,57.13540967553854,58.41724295169115,109.55947497859597,110.48842687159777,committed,60.54296875,EXECUTE,authorization_committed,54.41431701183319,54.427912924438715,0.013595912605524063,4.752190783619881,104.94080372154713,115.1520018465817,54.94496179744601,59.16650779545307,59.180103708058596
316,xair_atomic,1,100.0,50.0,after_release,1,0,0,0,1,1116,1115,after_check,0,0,after_middleware,1.1074268259108067,2.6593166403472424,60.03381498157978,57.37449834123254,58.926388155668974,110.81134341657162,112.01548110693693,committed,60.405029296875,EXECUTE,authorization_committed,55.12199504300952,55.13903684914112,0.017041806131601334,4.908404313027859,105.10327899828553,116.71730829402804,55.105654057115316,60.03039935603738,60.04744116216898
317,xair_atomic,0,,50.0,control,1,0,0,0,0,,1117,control,0,0,,1.1269329115748405,2.4151690304279327,59.73795987665653,57.3227908462286,58.61102696508169,,,committed,60.217041015625,EXECUTE,authorization_committed,55.09783932939172,55.11833820492029,0.02049887552857399,4.635451827198267,,,54.72795478999615,59.733291156589985,59.75379003211856
318,xair_atomic,1,100.0,50.0,after_release,1,0,0,0,1,1119,1118,after_check,0,0,after_middleware,0.9395410306751728,2.3052021861076355,60.59714127331972,58.291939087212086,59.65760024264455,110.70429207757115,111.72768101096153,committed,62.613037109375,EXECUTE,authorization_committed,55.58319017291069,55.60306692495942,0.01987675204873085,5.009313113987446,105.25530437007546,116.98811501264572,55.25612598285079,60.592503286898136,60.61238003894687
319,xair_atomic,1,100.0,50.0,after_release,1,0,0,0,1,1121,1120,after_check,0,0,after_middleware,0.902252271771431,2.4554040282964706,59.35091385617852,56.89550982788205,58.44866158440709,109.62328361347318,110.91474583372474,committed,59.89892578125,EXECUTE,authorization_committed,54.95641380548477,54.97075105085969,0.014337245374917984,4.391133785247803,104.56811496987939,115.83143565803766,54.57514896988869,59.347547590732574,59.36188483610749
