publishing_interval_ms,version_scope,intent_kind,run,trace_time_s,gateway_released,reason,e2e_latency_ms,validation_to_gate_ms,achieved_update_rate_hz
1000,truth,continuous,0,0.015,1,published_after_gate_recheck,19.870359916239977,4.3464601039886475,1.0
1000,opa,discrete,1,0.451,1,opa_allowed_at_gate,15.071492176502943,6.669295951724052,1.0
1000,truth,continuous,2,0.719,1,published_after_gate_recheck,16.37285202741623,4.488065373152494,1.0
1000,truth,discrete,3,0.761,1,published_after_gate_recheck,15.26736980304122,4.957215860486031,1.0
1000,truth,continuous,4,1.066,1,published_after_gate_recheck,17.740506678819656,4.739728290587664,1.0
1000,opa_readset,discrete,5,1.271,1,opa_allowed_at_gate,11.294390074908733,3.674489911645651,1.0
1000,global,continuous,6,1.639,1,published_after_gate_recheck,18.048894591629505,4.9103982746601105,1.0
1000,opa_readset,discrete,7,1.844,1,opa_allowed_at_gate,11.573542840778828,3.473243210464716,1.0
1000,truth,continuous,8,2.238,1,published_after_gate_recheck,16.63221837952733,4.566273186355829,1.0
1000,truth,discrete,9,2.413,1,published_after_gate_recheck,17.746968660503626,4.9083540216088295,1.0
1000,global,continuous,10,2.515,1,published_after_gate_recheck,16.283785924315453,4.581470973789692,1.0
1000,global,discrete,11,2.977,1,published_after_gate_recheck,16.648619901388884,4.72335796803236,1.0
1000,predicate,continuous,12,3.134,1,published_after_gate_recheck,19.909923896193504,5.51428971812129,1.0
1000,predicate,continuous,13,3.465,1,published_after_gate_recheck,18.007026985287666,4.914095159620047,1.0
1000,opa,continuous,14,3.682,1,opa_allowed_at_gate,11.729615740478039,3.1669181771576405,1.0
1000,opa_readset,continuous,15,3.881,1,opa_allowed_at_gate,12.191190849989653,3.9488039910793304,1.0
1000,opa,discrete,16,4.109,1,opa_allowed_at_gate,11.658532079309225,3.329323139041662,1.0
1000,global,continuous,17,4.315,1,published_after_gate_recheck,18.28283304348588,4.924132954329252,1.0
1000,opa,continuous,18,4.504,1,opa_allowed_at_gate,13.830444775521755,5.849739070981741,1.0
1000,readset,continuous,19,4.838,1,published_after_gate_recheck,16.460456885397434,4.635853227227926,1.0
1000,readset,continuous,20,5.123,1,published_after_gate_recheck,18.308471888303757,5.177268758416176,1.0
1000,global,discrete,21,5.386,1,published_after_gate_recheck,17.26840203627944,4.6031116507947445,1.0
1000,opa,discrete,22,5.676,1,opa_allowed_at_gate,12.016774155199528,3.201382700353861,1.0
1000,global,discrete,23,5.952,1,published_after_gate_recheck,18.05179100483656,4.98891482129693,1.0
1000,opa_readset,continuous,24,6.077,1,opa_allowed_at_gate,11.772245168685913,3.7076123990118504,1.0
1000,opa,discrete,25,6.357,1,opa_allowed_at_gate,10.423656087368727,3.642741125077009,1.0
1000,opa,continuous,26,6.653,1,opa_allowed_at_gate,11.845322325825691,3.7862700410187244,1.0
1000,opa,discrete,27,6.825,1,opa_allowed_at_gate,12.246564961969852,3.6751320585608482,1.0
1000,global,continuous,28,7.04,1,published_after_gate_recheck,18.04821379482746,4.801653791218996,1.0
1000,truth,discrete,29,7.437,1,published_after_gate_recheck,16.205137129873037,4.103373736143112,1.0
1000,opa_readset,continuous,30,7.627,1,opa_allowed_at_gate,15.18075680360198,3.973791841417551,1.0
1000,predicate,discrete,31,7.807,1,published_after_gate_recheck,18.478140700608492,5.039440002292395,1.0
1000,readset,discrete,32,8.127,1,published_after_gate_recheck,17.634978983551264,4.851608071476221,1.0
1000,opa,discrete,33,8.282,1,opa_allowed_at_gate,11.9674620218575,4.111370071768761,1.0
1000,opa_readset,continuous,34,8.58,1,opa_allowed_at_gate,10.815191082656384,3.1364010646939278,1.0
1000,truth,continuous,35,8.971,1,published_after_gate_recheck,19.434513058513403,5.660584196448326,1.0
1000,readset,discrete,36,9.235,1,published_after_gate_recheck,19.1149041056633,4.834386054426432,1.0
1000,global,discrete,37,9.271,1,published_after_gate_recheck,14.883989933878183,4.285906907171011,1.0
1000,truth,continuous,38,9.542,1,published_after_gate_recheck,16.706527676433325,4.770786035805941,1.0
1000,predicate,discrete,39,9.788,1,published_after_gate_recheck,15.771163627505302,4.017623607069254,1.0
1000,predicate,discrete,40,10.131,1,published_after_gate_recheck,16.35147212073207,4.232726991176605,1.0
1000,readset,continuous,41,10.356,1,published_after_gate_recheck,16.375196166336536,4.4556548818945885,1.0
1000,predicate,continuous,42,10.671,1,published_after_gate_recheck,17.547656316310167,4.5940750278532505,1.0
1000,opa_readset,discrete,43,10.8,1,opa_allowed_at_gate,11.280803941190243,3.842985723167658,1.0
1000,opa,discrete,44,11.249,1,opa_allowed_at_gate,11.886570136994123,3.638742957264185,1.0
1000,readset,continuous,45,11.346,1,published_after_gate_recheck,15.601556282490492,4.639018792659044,1.0
1000,opa,continuous,46,11.692,1,opa_allowed_at_gate,12.71743793040514,4.693310707807541,1.0
1000,predicate,discrete,47,11.775,1,published_after_gate_recheck,16.859414987266064,4.7373538836836815,1.0
1000,truth,continuous,48,12.211,1,published_after_gate_recheck,16.50547096505761,4.739918280392885,1.0
1000,opa_readset,continuous,49,12.25,1,opa_allowed_at_gate,10.63187699764967,3.322980832308531,1.0
1000,truth,continuous,50,12.623,1,published_after_gate_recheck,16.78481511771679,4.845605697482824,1.0
1000,global,discrete,51,12.975,1,published_after_gate_recheck,16.701138112694025,4.702989012002945,1.0
1000,predicate,continuous,52,13.215,1,published_after_gate_recheck,16.23373059555888,4.761007148772478,1.0
1000,truth,discrete,53,13.481,1,published_after_gate_recheck,16.767622902989388,4.84663899987936,1.0
1000,truth,continuous,54,13.723,1,published_after_gate_recheck,17.153045162558556,5.121834110468626,1.0
1000,predicate,continuous,55,13.851,1,published_after_gate_recheck,15.936424024403095,4.522851202636957,1.0
1000,opa_readset,discrete,56,14.124,1,opa_allowed_at_gate,11.208578012883663,3.7224511615931988,1.0
1000,readset,discrete,57,14.443,1,published_after_gate_recheck,16.320614144206047,4.8251380212605,1.0
1000,opa,discrete,58,14.575,1,opa_allowed_at_gate,11.001850944012403,3.90282878652215,1.0
1000,readset,continuous,59,14.83,1,published_after_gate_recheck,18.52477714419365,5.149196367710829,1.0
1000,opa,discrete,60,15.013,1,opa_allowed_at_gate,10.359244886785746,3.0221170745790005,1.0
1000,global,continuous,61,15.326,1,published_after_gate_recheck,17.371024005115032,4.602671135216951,1.0
1000,predicate,continuous,62,15.553,1,published_after_gate_recheck,17.882082145661116,5.098850931972265,1.0
1000,opa_readset,continuous,63,15.943,1,opa_allowed_at_gate,11.494193691760302,3.8112173788249493,1.0
1000,truth,discrete,64,16.134,1,published_after_gate_recheck,17.18838093802333,4.771788138896227,1.0
1000,global,discrete,65,16.447,1,published_after_gate_recheck,15.906848013401031,4.3607172556221485,1.0
1000,readset,discrete,66,16.522,1,published_after_gate_recheck,15.671666711568832,4.34898491948843,1.0
1000,truth,discrete,67,16.859,1,published_after_gate_recheck,16.84626005589962,4.443702753633261,1.0
1000,global,discrete,68,17.102,1,published_after_gate_recheck,17.50558614730835,4.7143311239778996,1.0
1000,global,discrete,69,17.383,1,published_after_gate_recheck,20.091746002435684,4.5943958684802055,1.0
1000,readset,discrete,70,17.551,1,published_after_gate_recheck,19.818103406578302,4.5991940423846245,1.0
1000,readset,discrete,71,17.819,1,published_after_gate_recheck,17.763409297913313,4.741811193525791,1.0
1000,opa_readset,continuous,72,18.213,1,opa_allowed_at_gate,12.252937071025372,3.4829722717404366,1.0
1000,predicate,discrete,73,18.358,1,published_after_gate_recheck,17.354964278638363,5.235758144408464,1.0
1000,opa_readset,discrete,74,18.635,1,opa_allowed_at_gate,11.403955053538084,3.4797657281160355,1.0
1000,predicate,discrete,75,18.805,1,published_after_gate_recheck,17.72490795701742,4.9171000719070435,1.0
1000,opa,continuous,76,19.128,1,opa_allowed_at_gate,12.267323210835457,4.125066101551056,1.0
1000,opa_readset,continuous,77,19.394,1,opa_allowed_at_gate,12.446660082787275,4.152325913310051,1.0
1000,readset,continuous,78,19.538,1,published_after_gate_recheck,17.001611180603504,4.450174979865551,1.0
1000,global,continuous,79,19.984,1,published_after_gate_recheck,17.874127253890038,5.229667294770479,1.0
1000,predicate,discrete,80,20.049,1,published_after_gate_recheck,14.851378742605448,3.995342180132866,1.0
1000,readset,continuous,81,20.421,1,published_after_gate_recheck,17.834973987191916,4.661992192268372,1.0
1000,opa,continuous,82,20.719,1,opa_allowed_at_gate,12.158128898590803,3.8481862284243107,1.0
1000,global,discrete,83,20.765,1,published_after_gate_recheck,16.314523294568062,4.534432664513588,1.0
1000,readset,discrete,84,21.172,1,published_after_gate_recheck,17.352669034153223,4.821200855076313,1.0
1000,opa,continuous,85,21.418,1,opa_allowed_at_gate,12.584888841956854,3.5387659445405006,1.0
1000,readset,discrete,86,21.713,1,published_after_gate_recheck,17.347440123558044,4.803427029401064,1.0
1000,opa,continuous,87,21.911,1,opa_allowed_at_gate,11.865840759128332,3.7723639979958534,1.0
1000,predicate,discrete,88,22.071,1,published_after_gate_recheck,15.666468068957329,4.68186940997839,1.0
1000,predicate,continuous,89,22.392,1,published_after_gate_recheck,16.69802190735936,4.77637629956007,1.0
1000,predicate,continuous,90,22.582,1,published_after_gate_recheck,16.34128298610449,4.291126970201731,1.0
1000,predicate,discrete,91,22.976,1,published_after_gate_recheck,20.140006206929684,4.556835163384676,1.0
1000,predicate,discrete,92,23.229,1,published_after_gate_recheck,17.671488225460052,5.304256919771433,1.0
1000,opa,continuous,93,23.259,1,opa_allowed_at_gate,11.814253870397806,4.000972956418991,1.0
1000,opa_readset,discrete,94,23.644,1,opa_allowed_at_gate,11.586426757276058,3.4716110676527023,1.0
1000,predicate,discrete,95,23.863,1,published_after_gate_recheck,16.975031699985266,4.139542113989592,1.0
1000,global,continuous,96,24.071,1,published_after_gate_recheck,16.15146780386567,4.695555195212364,1.0
1000,truth,continuous,97,24.462,1,published_after_gate_recheck,17.80373603105545,4.6164970844984055,1.0
1000,predicate,discrete,98,24.556,1,published_after_gate_recheck,16.56501227989793,4.613581113517284,1.0
1000,truth,discrete,99,24.829,1,published_after_gate_recheck,17.575496807694435,4.856096114963293,1.0
1000,opa,continuous,100,25.214,1,opa_allowed_at_gate,12.670249212533236,4.377918783575296,1.0
1000,opa,continuous,101,25.482,1,opa_allowed_at_gate,14.906482771039009,3.6907210014760494,1.0
1000,global,discrete,102,25.55,1,published_after_gate_recheck,15.768629033118486,4.006984177976847,1.0
1000,readset,discrete,103,25.818,1,published_after_gate_recheck,17.448680009692907,4.791134037077427,1.0
1000,readset,continuous,104,26.171,1,published_after_gate_recheck,16.16272935643792,4.662082064896822,1.0
1000,opa_readset,continuous,105,26.486,1,opa_allowed_at_gate,12.037492357194424,4.005510825663805,1.0
1000,truth,continuous,106,26.719,1,published_after_gate_recheck,17.728193197399378,4.730410873889923,1.0
1000,global,discrete,107,26.826,1,published_after_gate_recheck,16.62999391555786,4.911929834634066,1.0
1000,predicate,continuous,108,27.005,1,published_after_gate_recheck,16.56507281586528,4.90821385756135,1.0
1000,opa,discrete,109,27.457,1,opa_allowed_at_gate,12.484120205044746,4.008085932582617,1.0
1000,truth,continuous,110,27.572,1,published_after_gate_recheck,17.77156488969922,4.767840728163719,1.0
1000,opa_readset,continuous,111,27.912,1,opa_allowed_at_gate,11.451434344053268,3.337027970701456,1.0
1000,truth,discrete,112,28.227,1,published_after_gate_recheck,16.73510205000639,4.408505745232105,1.0
1000,predicate,discrete,113,28.464,1,published_after_gate_recheck,16.83163270354271,4.548308905214071,1.0
1000,predicate,continuous,114,28.549,1,published_after_gate_recheck,16.3378668949008,4.49614180251956,1.0
1000,global,continuous,115,28.952,1,published_after_gate_recheck,17.11104717105627,4.803456831723452,1.0
1000,predicate,continuous,116,29.15,1,published_after_gate_recheck,16.4550868794322,4.4191270135343075,1.0
1000,readset,continuous,117,29.396,1,published_after_gate_recheck,16.37139031663537,4.558107350021601,1.0
1000,predicate,discrete,118,29.617,1,published_after_gate_recheck,16.153019852936268,4.2396909557282925,1.0
1000,opa_readset,continuous,119,29.959,1,opa_allowed_at_gate,11.537916027009487,3.5236869007349014,1.0
1000,opa_readset,continuous,120,30.195,1,opa_allowed_at_gate,13.935972936451435,4.012894816696644,1.0
1000,global,continuous,121,30.415,1,published_after_gate_recheck,16.956336796283722,4.615253768861294,1.0
1000,readset,continuous,122,30.665,1,published_after_gate_recheck,19.87415784969926,7.031165063381195,1.0
1000,readset,discrete,123,30.878,1,published_after_gate_recheck,17.07599125802517,4.5803990215063095,1.0
1000,predicate,continuous,124,31.109,1,published_after_gate_recheck,15.68147586658597,4.608041141182184,1.0
1000,predicate,continuous,125,31.256,1,published_after_gate_recheck,16.063242219388485,4.677040968090296,1.0
1000,truth,continuous,126,31.573,1,published_after_gate_recheck,16.272685024887323,4.253505729138851,1.0
1000,global,discrete,127,31.829,1,published_after_gate_recheck,16.234793234616518,4.420499783009291,1.0
1000,opa,continuous,128,32.004,1,opa_allowed_at_gate,13.241701293736696,4.068328998982906,1.0
1000,global,discrete,129,32.424,1,published_after_gate_recheck,16.163370106369257,4.3525611981749535,1.0
1000,readset,discrete,130,32.616,1,published_after_gate_recheck,16.658407635986805,4.386354703456163,1.0
1000,opa_readset,continuous,131,32.812,1,opa_allowed_at_gate,10.876015294343233,3.501245751976967,1.0
1000,opa,continuous,132,33.092,1,opa_allowed_at_gate,12.142188847064972,3.5843318328261375,1.0
1000,opa,discrete,133,33.397,1,opa_allowed_at_gate,11.88177103176713,3.816386219114065,1.0
1000,readset,continuous,134,33.625,1,published_after_gate_recheck,18.283125013113022,4.816671833395958,1.0
1000,truth,discrete,135,33.779,1,published_after_gate_recheck,21.51590585708618,4.91862278431654,1.0
1000,readset,discrete,136,34.017,1,published_after_gate_recheck,17.315860837697983,4.821971990168095,1.0
1000,predicate,discrete,137,34.263,1,published_after_gate_recheck,17.861523665487766,4.399240016937256,1.0
1000,global,discrete,138,34.746,1,published_after_gate_recheck,18.012657295912504,4.736701957881451,1.0
1000,truth,continuous,139,34.773,1,published_after_gate_recheck,16.109277959913015,4.7470820136368275,1.0
1000,truth,discrete,140,35.092,1,published_after_gate_recheck,17.01287180185318,4.659426864236593,1.0
1000,global,continuous,141,35.444,1,published_after_gate_recheck,17.713997047394514,4.679123871028423,1.0
1000,opa_readset,continuous,142,35.523,1,opa_allowed_at_gate,15.019724611192942,3.503470215946436,1.0
1000,readset,discrete,143,35.994,1,published_after_gate_recheck,19.465490709990263,6.964670028537512,1.0
1000,global,discrete,144,36.066,1,published_after_gate_recheck,14.802868012338877,4.625244066119194,1.0
1000,truth,continuous,145,36.326,1,published_after_gate_recheck,18.227429129183292,4.471435211598873,1.0
1000,global,continuous,146,36.653,1,published_after_gate_recheck,17.119732219725847,4.129933658987284,1.0
1000,opa_readset,continuous,147,36.994,1,opa_allowed_at_gate,11.55236316844821,3.4547578543424606,1.0
1000,predicate,continuous,148,37.07,1,published_after_gate_recheck,16.471687238663435,4.659838043153286,1.0
1000,global,discrete,149,37.371,1,published_after_gate_recheck,17.93728582561016,4.830287303775549,1.0
1000,readset,continuous,150,37.525,1,published_after_gate_recheck,17.474197316914797,5.037255119532347,1.0
1000,global,discrete,151,37.838,1,published_after_gate_recheck,16.248829197138548,4.625233355909586,1.0
1000,global,discrete,152,38.108,1,published_after_gate_recheck,16.3428564555943,4.909546114504337,1.0
1000,global,continuous,153,38.355,1,published_after_gate_recheck,17.578944098204374,4.857257939875126,1.0
1000,truth,continuous,154,38.579,1,published_after_gate_recheck,18.65973137319088,4.684064071625471,1.0
1000,global,continuous,155,38.776,1,published_after_gate_recheck,16.669629141688347,4.587091971188784,1.0
1000,truth,discrete,156,39.009,1,published_after_gate_recheck,17.836167011409998,5.087459925562143,1.0
1000,truth,continuous,157,39.407,1,published_after_gate_recheck,17.133126966655254,4.940333776175976,1.0
1000,global,discrete,158,39.733,1,published_after_gate_recheck,17.509394325315952,4.493956919759512,1.0
1000,global,continuous,159,39.884,1,published_after_gate_recheck,16.692151315510273,4.9351840279996395,1.0
1000,opa_readset,continuous,160,40.207,1,opa_allowed_at_gate,11.318234261125326,3.937253262847662,1.0
1000,opa_readset,discrete,161,40.284,1,opa_allowed_at_gate,10.205156169831753,3.4917080774903297,1.0
1000,truth,discrete,162,40.612,1,published_after_gate_recheck,16.69138902798295,4.405561834573746,1.0
1000,opa,discrete,163,40.754,1,opa_allowed_at_gate,11.438039131462574,3.577477764338255,1.0
1000,truth,continuous,164,41.11,1,published_after_gate_recheck,16.86858246102929,5.133556667715311,1.0
1000,opa_readset,continuous,165,41.417,1,opa_allowed_at_gate,13.431726954877377,6.089748814702034,1.0
1000,opa,discrete,166,41.63,1,opa_allowed_at_gate,10.58593112975359,2.961263060569763,1.0
1000,readset,continuous,167,41.807,1,published_after_gate_recheck,20.14807192608714,5.336447153240442,1.0
1000,truth,discrete,168,42.14,1,published_after_gate_recheck,16.598364803940058,4.72663389518857,1.0
1000,truth,continuous,169,42.415,1,published_after_gate_recheck,16.742305364459753,4.3117147870361805,1.0
1000,readset,continuous,170,42.737,1,published_after_gate_recheck,18.17798661068082,4.715082235634327,1.0
1000,predicate,continuous,171,42.838,1,published_after_gate_recheck,15.870018862187862,4.4145178981125355,1.0
1000,truth,continuous,172,43.194,1,published_after_gate_recheck,17.08334404975176,4.792946856468916,1.0
1000,predicate,discrete,173,43.469,1,published_after_gate_recheck,17.849480733275414,4.760907031595707,1.0
1000,opa_readset,continuous,174,43.619,1,opa_allowed_at_gate,13.042427133768797,3.8537858054041862,1.0
1000,readset,discrete,175,43.955,1,published_after_gate_recheck,17.24834367632866,4.640631843358278,1.0
1000,readset,continuous,176,44.082,1,published_after_gate_recheck,17.432870343327522,4.684664774686098,1.0
1000,truth,discrete,177,44.291,1,published_after_gate_recheck,17.103030811995268,4.6990723349153996,1.0
1000,opa,continuous,178,44.505,1,opa_allowed_at_gate,12.212811037898064,3.7420070730149746,1.0
1000,global,discrete,179,44.922,1,published_after_gate_recheck,17.631161957979202,4.670668859034777,1.0
1000,opa,discrete,180,45.012,1,opa_allowed_at_gate,10.293111205101013,3.295490052551031,1.0
1000,truth,discrete,181,45.372,1,published_after_gate_recheck,18.715105019509792,4.878939129412174,1.0
1000,opa,continuous,182,45.732,1,opa_allowed_at_gate,14.333877712488174,3.5428437404334545,1.0
1000,readset,discrete,183,45.926,1,published_after_gate_recheck,17.219580244272947,4.748825915157795,1.0
1000,truth,discrete,184,46.212,1,published_after_gate_recheck,17.197368200868368,5.208746995776892,1.0
1000,predicate,discrete,185,46.318,1,published_after_gate_recheck,15.364010352641344,4.561363253742456,1.0
1000,truth,continuous,186,46.732,1,published_after_gate_recheck,18.199036829173565,4.55409986898303,1.0
1000,readset,discrete,187,46.862,1,published_after_gate_recheck,17.118200194090605,5.084042903035879,1.0
1000,predicate,discrete,188,47.237,1,published_after_gate_recheck,16.87684841454029,4.329418297857046,1.0
1000,predicate,continuous,189,47.305,1,published_after_gate_recheck,14.67991666868329,4.311274271458387,1.0
1000,global,discrete,190,47.564,1,published_after_gate_recheck,16.39498444274068,4.483587108552456,1.0
1000,opa_readset,discrete,191,47.829,1,opa_allowed_at_gate,11.699468828737736,3.574483096599579,1.0
1000,global,continuous,192,48.107,1,published_after_gate_recheck,16.628111246973276,4.7196997329592705,1.0
1000,opa_readset,discrete,193,48.467,1,opa_allowed_at_gate,11.733022052794695,3.496516030281782,1.0
1000,truth,discrete,194,48.702,1,published_after_gate_recheck,17.35384203493595,4.578846041113138,1.0
1000,predicate,continuous,195,48.884,1,published_after_gate_recheck,16.213833820074797,4.392967093735933,1.0
1000,opa,continuous,196,49.05,1,opa_allowed_at_gate,11.550338938832283,3.873542882502079,1.0
1000,global,continuous,197,49.4,1,published_after_gate_recheck,17.572180833667517,4.841668996959925,1.0
1000,truth,continuous,198,49.609,1,published_after_gate_recheck,16.800954937934875,4.4932859018445015,1.0
1000,opa,continuous,199,49.903,1,opa_allowed_at_gate,14.282602816820145,6.579827982932329,1.0
1000,predicate,discrete,200,50.243,1,published_after_gate_recheck,16.751061659306288,4.41804388538003,1.0
1000,readset,continuous,201,50.274,1,published_after_gate_recheck,16.439206898212433,4.774152766913176,1.0
1000,opa_readset,discrete,202,50.725,1,opa_allowed_at_gate,12.306957971304655,3.970505204051733,1.0
1000,readset,continuous,203,50.945,1,published_after_gate_recheck,16.444968059659004,4.078127909451723,1.0
1000,opa,continuous,204,51.13,1,opa_allowed_at_gate,11.55441626906395,3.9019971154630184,1.0
1000,truth,continuous,205,51.305,1,published_after_gate_recheck,16.730783972889185,4.60993405431509,1.0
1000,opa,continuous,206,51.599,1,opa_allowed_at_gate,11.730876751244068,3.84817598387599,1.0
1000,global,continuous,207,51.764,1,published_after_gate_recheck,18.97733611986041,5.254844203591347,1.0
1000,predicate,continuous,208,52.201,1,published_after_gate_recheck,16.80050417780876,4.532208666205406,1.0
1000,opa_readset,continuous,209,52.495,1,opa_allowed_at_gate,10.652867145836353,3.3811707980930805,1.0
1000,opa_readset,discrete,210,52.629,1,opa_allowed_at_gate,12.13226979598403,3.752766642719507,1.0
1000,global,discrete,211,52.995,0,context_version_changed_at_publish,19.245289266109467,5.991053767502308,1.0
1000,opa_readset,continuous,212,53.247,1,opa_allowed_at_gate,11.50568574666977,3.3507640473544598,1.0
1000,predicate,continuous,213,53.35,1,published_after_gate_recheck,16.469863709062338,4.484760109335184,1.0
1000,global,discrete,214,53.501,1,published_after_gate_recheck,15.162392985075712,4.352271091192961,1.0
1000,predicate,continuous,215,53.978,1,published_after_gate_recheck,16.863311640918255,5.0055659376084805,1.0
1000,opa,discrete,216,54.248,1,opa_allowed_at_gate,12.420661747455597,3.816958051174879,1.0
1000,opa,discrete,217,54.41,1,opa_allowed_at_gate,11.359611991792917,3.6515682004392147,1.0
1000,global,discrete,218,54.647,1,published_after_gate_recheck,18.119337037205696,4.611227195709944,1.0
1000,predicate,discrete,219,54.954,1,published_after_gate_recheck,18.206370063126087,4.752982873469591,1.0
1000,readset,discrete,220,55.007,1,published_after_gate_recheck,16.650342848151922,4.706877283751965,1.0
1000,truth,continuous,221,55.41,1,published_after_gate_recheck,18.278005067259073,5.133056081831455,1.0
1000,opa,discrete,222,55.734,1,opa_allowed_at_gate,11.240317020565271,3.6079147830605507,1.0
1000,readset,discrete,223,55.958,1,published_after_gate_recheck,17.216104082763195,4.440325777977705,1.0
1000,opa_readset,continuous,224,56.005,0,opa_readset_version_changed_at_gate,11.90263032913208,3.83683480322361,1.0
1000,opa_readset,discrete,225,56.373,1,opa_allowed_at_gate,11.345864739269018,3.556740004569292,1.0
1000,opa_readset,continuous,226,56.646,1,opa_allowed_at_gate,12.208193074911833,3.879886120557785,1.0
1000,readset,continuous,227,56.907,1,published_after_gate_recheck,17.74775981903076,4.751839675009251,1.0
1000,global,discrete,228,57.119,1,published_after_gate_recheck,17.531254794448614,4.573476035147905,1.0
1000,global,continuous,229,57.357,1,published_after_gate_recheck,17.291314899921417,4.76321205496788,1.0
1000,predicate,continuous,230,57.619,1,published_after_gate_recheck,17.927919048815966,4.5378790237009525,1.0
1000,global,discrete,231,57.95,1,published_after_gate_recheck,18.765187822282314,4.8569580540061,1.0
1000,opa_readset,discrete,232,58.075,1,opa_allowed_at_gate,13.01801111549139,3.7432191893458366,1.0
1000,opa,continuous,233,58.416,1,opa_allowed_at_gate,12.54409272223711,3.8084308616816998,1.0
1000,opa,discrete,234,58.501,1,opa_allowed_at_gate,13.10958294197917,4.286346957087517,1.0
1000,readset,continuous,235,58.785,1,published_after_gate_recheck,18.546488136053085,4.808036144822836,1.0
1000,truth,continuous,236,59.207,1,published_after_gate_recheck,17.452537082135677,4.342022351920605,1.0
1000,readset,continuous,237,59.341,1,published_after_gate_recheck,17.38946931436658,4.705213010311127,1.0
1000,readset,discrete,238,59.679,1,published_after_gate_recheck,17.08430564031005,4.368552006781101,1.0
1000,opa_readset,discrete,239,59.975,1,opa_allowed_at_gate,12.035708874464035,3.6082258448004723,1.0
1000,global,continuous,240,60.146,1,published_after_gate_recheck,18.369816709309816,5.059878341853619,1.0
1000,readset,discrete,241,60.405,1,published_after_gate_recheck,17.09112897515297,4.795152228325605,1.0
1000,opa,discrete,242,60.604,1,opa_allowed_at_gate,12.344727758318186,4.056666977703571,1.0
1000,global,discrete,243,60.764,1,published_after_gate_recheck,17.685644328594208,4.973515868186951,1.0
1000,readset,discrete,244,61.169,1,published_after_gate_recheck,16.66363701224327,4.496851935982704,1.0
1000,predicate,continuous,245,61.362,1,published_after_gate_recheck,16.94280095398426,4.426691215485334,1.0
1000,truth,discrete,246,61.572,1,published_after_gate_recheck,21.003064699470997,4.9923015758395195,1.0
1000,opa,continuous,247,61.805,1,opa_allowed_at_gate,12.699914630502462,4.320522304624319,1.0
1000,truth,continuous,248,62.019,1,published_after_gate_recheck,16.416975297033787,4.7992803156375885,1.0
1000,opa,discrete,249,62.456,1,opa_allowed_at_gate,12.390834745019674,3.9591542445123196,1.0
1000,opa_readset,continuous,250,62.527,1,opa_allowed_at_gate,15.67775895819068,7.034440990537405,1.0
1000,opa,discrete,251,62.891,1,opa_allowed_at_gate,12.104467954486609,3.612494096159935,1.0
1000,predicate,discrete,252,63.119,1,published_after_gate_recheck,14.93196003139019,3.8108560256659985,1.0
1000,opa_readset,discrete,253,63.352,1,opa_allowed_at_gate,12.680327985435724,3.7946761585772038,1.0
1000,global,continuous,254,63.703,1,published_after_gate_recheck,16.95054629817605,4.096591845154762,1.0
1000,global,continuous,255,63.847,1,published_after_gate_recheck,17.381622921675444,4.90224314853549,1.0
1000,truth,continuous,256,64.064,1,published_after_gate_recheck,16.806064173579216,4.378871992230415,1.0
1000,global,discrete,257,64.356,1,published_after_gate_recheck,18.695197068154812,5.08527597412467,1.0
1000,truth,discrete,258,64.541,1,published_after_gate_recheck,17.069158144295216,4.667031113058329,1.0
1000,predicate,continuous,259,64.823,1,published_after_gate_recheck,17.530623357743025,4.681118298321962,1.0
1000,global,continuous,260,65.01,1,published_after_gate_recheck,15.09184017777443,4.547296557575464,1.0
1000,readset,continuous,261,65.387,1,published_after_gate_recheck,17.00193202123046,4.661360755562782,1.0
1000,opa,continuous,262,65.552,1,opa_allowed_at_gate,11.236048769205809,3.5368320532143116,1.0
1000,truth,discrete,263,65.978,1,published_after_gate_recheck,17.223997972905636,5.151649937033653,1.0
1000,opa_readset,discrete,264,66.027,1,opa_allowed_at_gate,12.73465994745493,3.6013727076351643,1.0
1000,predicate,continuous,265,66.27,1,published_after_gate_recheck,18.550105392932892,4.741500597447157,1.0
1000,predicate,discrete,266,66.713,1,published_after_gate_recheck,17.72102015092969,4.643507767468691,1.0
1000,opa,continuous,267,66.794,1,opa_allowed_at_gate,11.796921025961637,4.0680281817913055,1.0
1000,opa,discrete,268,67.103,1,opa_allowed_at_gate,12.746823020279408,3.5048830322921276,1.0
1000,truth,discrete,269,67.344,1,published_after_gate_recheck,18.42929795384407,4.868479911237955,1.0
1000,readset,discrete,270,67.691,1,published_after_gate_recheck,17.369971610605717,4.503895062953234,1.0
1000,truth,discrete,271,67.758,1,published_after_gate_recheck,15.017100144177675,4.186450038105249,1.0
1000,opa,continuous,272,68.011,1,opa_allowed_at_gate,12.225985992699862,3.199791070073843,1.0
1000,truth,discrete,273,68.48,1,published_after_gate_recheck,18.058111891150475,4.754827357828617,1.0
1000,opa_readset,continuous,274,68.672,1,opa_allowed_at_gate,12.989016249775887,3.582768142223358,1.0
1000,readset,discrete,275,68.903,1,published_after_gate_recheck,18.34045210853219,4.462758079171181,1.0
1000,predicate,continuous,276,69.164,1,published_after_gate_recheck,17.575588077306747,4.902753978967667,1.0
1000,global,discrete,277,69.272,1,published_after_gate_recheck,18.3119080029428,4.901692271232605,1.0
1000,truth,discrete,278,69.647,1,published_after_gate_recheck,19.15372721850872,4.689302761107683,1.0
1000,truth,discrete,279,69.947,1,published_after_gate_recheck,18.288504332304,4.68929298222065,1.0
1000,predicate,discrete,280,70.076,1,published_after_gate_recheck,20.027966238558292,6.416472140699625,1.0
1000,predicate,discrete,281,70.409,1,published_after_gate_recheck,23.868707939982414,5.732519086450338,1.0
1000,opa,continuous,282,70.554,1,opa_allowed_at_gate,12.878320179879665,3.644574899226427,1.0
1000,readset,discrete,283,70.869,1,published_after_gate_recheck,17.36308028921485,4.337534308433533,1.0
1000,opa_readset,continuous,284,71.101,1,opa_allowed_at_gate,11.585254222154617,3.320427145808935,1.0
1000,opa_readset,discrete,285,71.456,1,opa_allowed_at_gate,16.73502055928111,4.037410020828247,1.0
1000,global,discrete,286,71.622,1,published_after_gate_recheck,18.41201586648822,5.061671137809753,1.0
1000,global,discrete,287,71.882,1,published_after_gate_recheck,19.037088844925165,5.101375747472048,1.0
1000,predicate,discrete,288,72.134,1,published_after_gate_recheck,17.39143207669258,4.625133238732815,1.0
1000,truth,continuous,289,72.303,1,published_after_gate_recheck,17.922688275575638,5.001578945666552,1.0
1000,opa,discrete,290,72.52,1,opa_allowed_at_gate,11.252941098064184,3.47187090665102,1.0
1000,opa,continuous,291,72.957,1,opa_allowed_at_gate,12.656363192945719,3.8146739825606346,1.0
1000,readset,continuous,292,73.034,1,published_after_gate_recheck,16.545976977795362,4.874189849942923,1.0
1000,global,discrete,293,73.477,1,published_after_gate_recheck,17.94018130749464,4.501991905272007,1.0
1000,truth,discrete,294,73.555,1,published_after_gate_recheck,15.619449317455292,4.643728025257587,1.0
1000,opa,continuous,295,73.91,1,opa_allowed_at_gate,12.018166948109865,3.4106657840311527,1.0
1000,predicate,continuous,296,74.066,1,published_after_gate_recheck,16.401706263422966,4.286478273570538,1.0
1000,predicate,continuous,297,74.415,1,published_after_gate_recheck,17.475109081715345,4.138460848480463,1.0
1000,predicate,continuous,298,74.635,1,published_after_gate_recheck,17.628987785428762,4.553718958050013,1.0
1000,truth,discrete,299,74.918,1,published_after_gate_recheck,21.874738857150078,5.589802283793688,1.0
1000,readset,discrete,300,75.01,1,published_after_gate_recheck,16.475554555654526,4.21880092471838,1.0
1000,readset,discrete,301,75.382,1,published_after_gate_recheck,16.120759304612875,4.546003881841898,1.0
1000,predicate,discrete,302,75.706,1,published_after_gate_recheck,16.772040631622076,4.519614856690168,1.0
1000,readset,discrete,303,75.79,1,published_after_gate_recheck,14.745881780982018,4.668304231017828,1.0
1000,predicate,continuous,304,76.079,1,published_after_gate_recheck,17.204652074724436,4.729067906737328,1.0
1000,predicate,discrete,305,76.367,1,published_after_gate_recheck,16.311065759509802,4.4019450433552265,1.0
1000,predicate,discrete,306,76.719,1,published_after_gate_recheck,17.82697904855013,4.364744760096073,1.0
1000,truth,discrete,307,76.937,1,published_after_gate_recheck,16.53600810095668,4.91627911105752,1.0
1000,readset,continuous,308,77.195,1,published_after_gate_recheck,17.04900013282895,5.115191917866468,1.0
1000,readset,continuous,309,77.451,1,published_after_gate_recheck,19.393115770071745,5.6877462193369865,1.0
1000,predicate,continuous,310,77.696,1,published_after_gate_recheck,17.930151894688606,4.64946823194623,1.0
1000,readset,discrete,311,77.91,1,published_after_gate_recheck,16.79377118125558,4.405401181429625,1.0
1000,predicate,discrete,312,78.061,1,published_after_gate_recheck,15.07293526083231,4.612569231539965,1.0
1000,opa,continuous,313,78.491,1,opa_allowed_at_gate,11.577218770980835,3.3339718356728554,1.0
1000,truth,continuous,314,78.54,1,published_after_gate_recheck,15.440193004906178,4.467186983674765,1.0
1000,opa_readset,continuous,315,78.984,1,opa_allowed_at_gate,15.2415013872087,3.844799939543009,1.0
1000,truth,continuous,316,79.116,1,published_after_gate_recheck,17.59425178170204,5.0258152186870575,1.0
1000,opa,continuous,317,79.468,1,opa_allowed_at_gate,12.127340771257877,3.453115001320839,1.0
1000,opa,discrete,318,79.561,1,opa_allowed_at_gate,10.503404773771763,3.4788730554282665,1.0
1000,opa,discrete,319,79.819,1,opa_allowed_at_gate,12.137068901211023,3.7620849907398224,1.0
1000,predicate,continuous,320,80.12,1,published_after_gate_recheck,17.27601559832692,4.798718728125095,1.0
1000,global,continuous,321,80.289,1,published_after_gate_recheck,17.250217031687498,4.823686089366674,1.0
1000,opa,discrete,322,80.521,1,opa_allowed_at_gate,12.087536044418812,3.9603058248758316,1.0
1000,readset,discrete,323,80.969,1,published_after_gate_recheck,17.74047687649727,4.461856558918953,1.0
1000,opa,continuous,324,81.116,1,opa_allowed_at_gate,11.000928934663534,4.015069454908371,1.0
1000,truth,discrete,325,81.328,1,published_after_gate_recheck,16.883320175111294,4.4628591276705265,1.0
1000,global,continuous,326,81.652,1,published_after_gate_recheck,16.92051999270916,4.705684259533882,1.0
1000,opa_readset,continuous,327,81.827,1,opa_allowed_at_gate,12.690336909145117,3.566318191587925,1.0
1000,global,discrete,328,82.205,1,published_after_gate_recheck,16.58213511109352,4.478917922824621,1.0
1000,global,continuous,329,82.353,1,published_after_gate_recheck,17.83516490831971,4.697639029473066,1.0
1000,truth,discrete,330,82.667,1,published_after_gate_recheck,17.071332316845655,4.880351014435291,1.0
1000,truth,continuous,331,82.858,1,published_after_gate_recheck,21.581269335001707,5.629627034068108,1.0
1000,opa_readset,continuous,332,83.136,1,opa_allowed_at_gate,12.949131894856691,3.953524399548769,1.0
1000,opa,continuous,333,83.434,1,opa_allowed_at_gate,12.258446775376797,4.077475983649492,1.0
1000,truth,discrete,334,83.729,1,published_after_gate_recheck,18.169431947171688,4.876032937318087,1.0
1000,opa,discrete,335,83.94,1,opa_allowed_at_gate,11.186267249286175,3.532624803483486,1.0
1000,truth,discrete,336,84.089,1,published_after_gate_recheck,16.673635691404343,4.435958340764046,1.0
1000,readset,discrete,337,84.257,1,published_after_gate_recheck,18.827044870704412,4.67464467510581,1.0
1000,global,continuous,338,84.709,1,published_after_gate_recheck,18.24142597615719,5.089352838695049,1.0
1000,readset,continuous,339,84.928,1,published_after_gate_recheck,17.31432694941759,4.96098306030035,1.0
1000,truth,continuous,340,85.16,1,published_after_gate_recheck,17.536855302751064,4.907843191176653,1.0
1000,opa,discrete,341,85.47,1,opa_allowed_at_gate,12.168267276138067,4.074730910360813,1.0
1000,opa_readset,continuous,342,85.682,1,opa_allowed_at_gate,12.946827802807093,5.1939100958406925,1.0
1000,truth,continuous,343,85.755,1,published_after_gate_recheck,17.7099397405982,5.466741044074297,1.0
1000,truth,continuous,344,86.149,1,published_after_gate_recheck,17.482643947005272,4.968035966157913,1.0
1000,readset,continuous,345,86.297,1,published_after_gate_recheck,15.977710951119661,4.348644986748695,1.0
1000,predicate,discrete,346,86.591,1,published_after_gate_recheck,16.320984810590744,4.2929695919156075,1.0
1000,readset,continuous,347,86.888,1,published_after_gate_recheck,16.94917306303978,4.559489898383617,1.0
1000,predicate,continuous,348,87.197,1,published_after_gate_recheck,18.899058923125267,5.12272585183382,1.0
1000,predicate,continuous,349,87.396,1,published_after_gate_recheck,17.034573014825583,4.630862735211849,1.0
1000,readset,discrete,350,87.697,1,published_after_gate_recheck,17.111225984990597,4.844184033572674,1.0
1000,opa_readset,continuous,351,87.799,1,opa_allowed_at_gate,10.328427888453007,3.781421110033989,1.0
1000,global,continuous,352,88.203,1,published_after_gate_recheck,16.841670963913202,4.535925108939409,1.0
1000,opa,continuous,353,88.446,1,opa_allowed_at_gate,11.255416087806225,3.522515296936035,1.0
1000,truth,continuous,354,88.542,1,published_after_gate_recheck,15.704568941146135,4.202629905194044,1.0
1000,opa,continuous,355,88.835,1,opa_allowed_at_gate,11.847896967083216,3.7122522480785847,1.0
1000,global,continuous,356,89.219,1,published_after_gate_recheck,21.51639712974429,4.725210834294558,1.0
1000,opa,continuous,357,89.44,1,opa_allowed_at_gate,12.319031171500683,3.7111290730535984,1.0
1000,predicate,discrete,358,89.609,1,published_after_gate_recheck,18.799202051013708,4.3924362398684025,1.0
1000,truth,discrete,359,89.828,1,published_after_gate_recheck,18.022376112639904,5.138476379215717,1.0
1000,readset,continuous,360,90.13,1,published_after_gate_recheck,16.509417910128832,4.420849960297346,1.0
1000,truth,continuous,361,90.269,1,published_after_gate_recheck,15.86499996483326,4.551915917545557,1.0
1000,readset,continuous,362,90.734,1,published_after_gate_recheck,17.112047877162695,4.553788807243109,1.0
1000,global,discrete,363,90.814,1,published_after_gate_recheck,16.94726897403598,5.116064101457596,1.0
1000,truth,discrete,364,91.132,1,published_after_gate_recheck,16.60669082775712,4.708389285951853,1.0
1000,readset,discrete,365,91.387,1,published_after_gate_recheck,24.742045905441046,5.6119440123438835,1.0
1000,truth,discrete,366,91.624,1,published_after_gate_recheck,17.12340023368597,4.651261959224939,1.0
1000,truth,discrete,367,91.818,1,published_after_gate_recheck,16.071117017418146,4.505418241024017,1.0
1000,opa,continuous,368,92.2,1,opa_allowed_at_gate,12.880412861704826,3.6504860036075115,1.0
1000,predicate,continuous,369,92.355,1,published_after_gate_recheck,16.584950033575296,4.786905832588673,1.0
1000,opa,continuous,370,92.714,1,opa_allowed_at_gate,11.557902675122023,3.646598197519779,1.0
1000,readset,continuous,371,92.915,1,published_after_gate_recheck,16.7775209993124,4.549551289528608,1.0
1000,opa,discrete,372,93.227,1,opa_allowed_at_gate,11.444831266999245,3.5708360373973846,1.0
1000,opa,continuous,373,93.5,1,opa_allowed_at_gate,15.29028220102191,3.7431898526847363,1.0
1000,truth,continuous,374,93.693,1,published_after_gate_recheck,19.27583571523428,5.305729806423187,1.0
1000,global,discrete,375,93.877,1,published_after_gate_recheck,16.5315386839211,4.6934508718550205,1.0
1000,opa_readset,discrete,376,94.037,1,opa_allowed_at_gate,10.332514997571707,3.1858342699706554,1.0
1000,global,continuous,377,94.359,1,published_after_gate_recheck,18.70851218700409,5.272266920655966,1.0
1000,opa_readset,discrete,378,94.546,1,opa_allowed_at_gate,14.004740864038467,4.760887939482927,1.0
1000,opa_readset,continuous,379,94.783,1,opa_allowed_at_gate,12.042121030390263,3.7327399477362633,1.0
1000,opa_readset,continuous,380,95.155,1,opa_allowed_at_gate,13.330456800758839,3.8797352463006973,1.0
1000,readset,continuous,381,95.284,1,published_after_gate_recheck,17.280024010688066,5.027928855270147,1.0
1000,opa_readset,continuous,382,95.665,1,opa_allowed_at_gate,12.366890907287598,4.412454087287188,1.0
1000,opa_readset,continuous,383,95.765,1,opa_allowed_at_gate,10.73677372187376,3.1024781055748463,1.0
1000,global,continuous,384,96.005,1,published_after_gate_recheck,23.263343144208193,5.158533807843924,1.0
1000,global,continuous,385,96.471,1,published_after_gate_recheck,16.702210064977407,4.4907210394740105,1.0
1000,readset,continuous,386,96.689,1,published_after_gate_recheck,17.331168986856937,4.693692084401846,1.0
1000,predicate,discrete,387,96.918,1,published_after_gate_recheck,18.420671578496695,4.732433706521988,1.0
1000,readset,discrete,388,97.168,1,published_after_gate_recheck,18.234882969409227,4.511419218033552,1.0
1000,global,continuous,389,97.434,1,published_after_gate_recheck,16.897486057132483,4.515788052231073,1.0
1000,predicate,continuous,390,97.576,1,published_after_gate_recheck,15.56413620710373,4.562796093523502,1.0
1000,truth,continuous,391,97.899,1,published_after_gate_recheck,16.091004014015198,4.268564749509096,1.0
1000,global,continuous,392,98.176,1,published_after_gate_recheck,15.564285684376955,4.03054803609848,1.0
1000,predicate,discrete,393,98.408,1,published_after_gate_recheck,17.304289154708385,4.9363658763468266,1.0
1000,predicate,continuous,394,98.538,1,published_after_gate_recheck,15.927587170153856,4.5499419793486595,1.0
1000,opa_readset,discrete,395,98.978,1,opa_allowed_at_gate,14.760880265384912,3.6869337782263756,1.0
1000,opa_readset,discrete,396,99.193,1,opa_allowed_at_gate,13.077893294394016,4.422562662512064,1.0
1000,predicate,continuous,397,99.364,1,published_after_gate_recheck,18.927442841231823,5.459276959300041,1.0
1000,readset,discrete,398,99.544,1,published_after_gate_recheck,16.873981803655624,4.7809649258852005,1.0
1000,global,discrete,399,99.854,1,published_after_gate_recheck,16.31627744063735,4.306254908442497,1.0
1000,readset,continuous,400,100.089,1,published_after_gate_recheck,18.214045092463493,5.2405172027647495,1.0
1000,opa,continuous,401,100.345,1,opa_allowed_at_gate,12.221718207001686,3.7629357539117336,1.0
1000,truth,discrete,402,100.511,1,published_after_gate_recheck,17.013673670589924,4.276098217815161,1.0
1000,predicate,discrete,403,100.897,1,published_after_gate_recheck,17.614440992474556,4.888556897640228,1.0
1000,opa_readset,continuous,404,101.029,1,opa_allowed_at_gate,11.525402311235666,3.6799306981265545,1.0
1000,global,continuous,405,101.463,1,published_after_gate_recheck,16.687292139977217,4.554560873657465,1.0
1000,predicate,continuous,406,101.633,1,published_after_gate_recheck,15.881652012467384,4.265959374606609,1.0
1000,opa,discrete,407,101.773,1,opa_allowed_at_gate,11.029723100364208,3.3828336745500565,1.0
1000,opa,discrete,408,102.192,1,opa_allowed_at_gate,15.293337870389223,7.056010887026787,1.0
1000,global,continuous,409,102.444,1,published_after_gate_recheck,17.316582147032022,4.8436131328344345,1.0
1000,readset,continuous,410,102.706,1,published_after_gate_recheck,16.785316169261932,4.992411937564611,1.0
1000,global,continuous,411,102.773,1,published_after_gate_recheck,15.551081392914057,4.375204909592867,1.0
1000,predicate,continuous,412,103.093,1,published_after_gate_recheck,16.540547367185354,4.214251879602671,1.0
1000,opa_readset,discrete,413,103.293,1,opa_allowed_at_gate,11.205542832612991,3.764438908547163,1.0
1000,global,discrete,414,103.615,1,published_after_gate_recheck,17.39491894841194,4.752061329782009,1.0
1000,global,continuous,415,103.925,1,published_after_gate_recheck,17.500697169452906,4.755416885018349,1.0
1000,readset,discrete,416,104.202,1,published_after_gate_recheck,17.021197825670242,5.033338908106089,1.0
1000,predicate,continuous,417,104.431,1,published_after_gate_recheck,16.769395675510168,4.123783204704523,1.0
1000,opa_readset,continuous,418,104.566,1,opa_allowed_at_gate,11.816949117928743,3.839259035885334,1.0
1000,opa,discrete,419,104.77,1,opa_allowed_at_gate,10.980169754475355,3.3686570823192596,1.0
1000,global,continuous,420,105.011,1,published_after_gate_recheck,16.71028509736061,4.249508958309889,1.0
1000,opa_readset,discrete,421,105.416,1,opa_allowed_at_gate,11.419614311307669,3.1455690041184425,1.0
1000,opa_readset,continuous,422,105.593,1,opa_allowed_at_gate,11.289048939943314,3.497798927128315,1.0
1000,predicate,continuous,423,105.985,1,published_after_gate_recheck,16.231697984039783,4.366006702184677,1.0
1000,opa_readset,continuous,424,106.124,1,opa_allowed_at_gate,16.072588972747326,3.4687649458646774,1.0
1000,opa,discrete,425,106.339,1,opa_allowed_at_gate,10.795503854751587,3.293124958872795,1.0
1000,opa_readset,continuous,426,106.725,1,opa_allowed_at_gate,11.975666973739862,3.7828139029443264,1.0
1000,opa_readset,discrete,427,106.805,1,opa_allowed_at_gate,13.196856249123812,4.053411073982716,1.0
1000,global,continuous,428,107.054,1,published_after_gate_recheck,17.348963301628828,4.780405201017857,1.0
1000,global,discrete,429,107.33,1,published_after_gate_recheck,16.854555811733007,4.642244894057512,1.0
1000,global,discrete,430,107.501,1,published_after_gate_recheck,15.222794841974974,4.500238690525293,1.0
1000,opa_readset,continuous,431,107.956,1,opa_allowed_at_gate,16.193235758692026,4.51666908338666,1.0
1000,opa,continuous,432,108.04,1,opa_allowed_at_gate,12.189256958663464,4.576321225613356,1.0
1000,opa_readset,continuous,433,108.331,1,opa_allowed_at_gate,10.793739929795265,3.198737744241953,1.0
1000,global,discrete,434,108.696,1,published_after_gate_recheck,17.88141205906868,4.83314273878932,1.0
1000,opa_readset,continuous,435,108.809,1,opa_allowed_at_gate,11.87147106975317,3.291000612080097,1.0
1000,opa_readset,continuous,436,109.129,1,opa_allowed_at_gate,12.443444225937128,3.7029627710580826,1.0
1000,global,discrete,437,109.415,1,published_after_gate_recheck,19.096598960459232,4.765326157212257,1.0
1000,global,continuous,438,109.517,1,published_after_gate_recheck,16.109778080135584,4.463830962777138,1.0
1000,readset,continuous,439,109.805,1,published_after_gate_recheck,18.40422209352255,5.086848977953196,1.0
1000,opa_readset,discrete,440,110.214,1,opa_allowed_at_gate,11.828220915049314,3.290079068392515,1.0
1000,opa_readset,discrete,441,110.34,1,opa_allowed_at_gate,10.118163656443357,3.671935759484768,1.0
1000,predicate,continuous,442,110.744,1,published_after_gate_recheck,17.461693845689297,4.9969712272286415,1.0
1000,truth,discrete,443,110.998,1,published_after_gate_recheck,18.95934296771884,6.2651378102600574,1.0
1000,opa_readset,discrete,444,111.055,1,opa_allowed_at_gate,10.840598028153181,3.257668111473322,1.0
1000,opa_readset,discrete,445,111.332,1,opa_allowed_at_gate,10.927451308816671,3.117344807833433,1.0
1000,truth,discrete,446,111.665,1,published_after_gate_recheck,17.154146917164326,4.80646314099431,1.0
1000,readset,discrete,447,111.874,1,published_after_gate_recheck,16.12228201702237,4.493896849453449,1.0
1000,predicate,discrete,448,112.183,1,published_after_gate_recheck,17.84633519127965,4.99762175604701,1.0
1000,opa_readset,discrete,449,112.337,1,opa_allowed_at_gate,10.845418088138103,3.286954015493393,1.0
1000,truth,continuous,450,112.707,1,published_after_gate_recheck,19.248204305768013,5.247769877314568,1.0
1000,readset,continuous,451,112.88,1,published_after_gate_recheck,17.613850068300962,4.8628379590809345,1.0
1000,opa,continuous,452,113.123,1,opa_allowed_at_gate,11.19067519903183,3.903539851307869,1.0
1000,global,discrete,453,113.277,1,published_after_gate_recheck,18.218953628093004,4.380353726446629,1.0
1000,opa_readset,continuous,454,113.501,1,opa_allowed_at_gate,11.462383903563023,3.4597781486809254,1.0
1000,truth,continuous,455,113.812,1,published_after_gate_recheck,17.57781207561493,5.00988494604826,1.0
1000,readset,continuous,456,114.067,1,published_after_gate_recheck,17.52832904458046,4.998592659831047,1.0
1000,readset,continuous,457,114.277,1,published_after_gate_recheck,18.03727401420474,4.968115594238043,1.0
1000,opa_readset,discrete,458,114.584,1,opa_allowed_at_gate,12.313059996813536,3.6305682733654976,1.0
1000,readset,continuous,459,114.774,1,published_after_gate_recheck,18.180993385612965,5.006096791476011,1.0
1000,predicate,continuous,460,115.036,1,published_after_gate_recheck,17.89270294830203,4.660037811845541,1.0
1000,predicate,discrete,461,115.301,1,published_after_gate_recheck,17.964856699109077,4.751220345497131,1.0
1000,readset,discrete,462,115.514,1,published_after_gate_recheck,16.928473953157663,5.203407257795334,1.0
1000,opa,continuous,463,115.951,1,opa_allowed_at_gate,11.637181974947453,3.8170581683516502,1.0
1000,opa_readset,continuous,464,116.178,1,opa_allowed_at_gate,12.59819371625781,3.672286868095398,1.0
1000,truth,continuous,465,116.337,1,published_after_gate_recheck,16.24811813235283,4.252934828400612,1.0
1000,global,continuous,466,116.506,1,published_after_gate_recheck,17.250748816877604,4.158837720751762,1.0
1000,opa,discrete,467,116.939,1,opa_allowed_at_gate,10.557316709309816,3.5473117604851723,1.0
1000,truth,continuous,468,117.215,1,published_after_gate_recheck,17.90422387421131,5.192507058382034,1.0
1000,predicate,discrete,469,117.252,1,published_after_gate_recheck,14.89941868931055,4.383991006761789,1.0
1000,truth,discrete,470,117.561,1,published_after_gate_recheck,18.08148669078946,4.737963899970055,1.0
1000,global,discrete,471,117.809,1,published_after_gate_recheck,17.04897964373231,4.371797200292349,1.0
1000,opa,discrete,472,118.128,1,opa_allowed_at_gate,10.745930951088667,3.5324841737747192,1.0
1000,truth,discrete,473,118.25,1,published_after_gate_recheck,17.00739236548543,5.067863035947084,1.0
1000,global,continuous,474,118.587,1,published_after_gate_recheck,18.398109823465347,4.682239610701799,1.0
1000,opa,discrete,475,118.867,1,opa_allowed_at_gate,11.720066890120506,3.4203240647912025,1.0
1000,opa_readset,discrete,476,119.215,1,opa_allowed_at_gate,11.553424876183271,3.417538944631815,1.0
1000,opa,continuous,477,119.349,1,opa_allowed_at_gate,12.61881273239851,4.260079003870487,1.0
1000,truth,discrete,478,119.517,1,published_after_gate_recheck,17.526526004076004,5.047896411269903,1.0
1000,global,discrete,479,119.888,1,published_after_gate_recheck,17.1197229065001,4.255790263414383,1.0
1000,opa,discrete,480,120.057,1,opa_allowed_at_gate,11.41718914732337,3.6889370530843735,1.0
1000,opa,discrete,481,120.3,1,opa_allowed_at_gate,11.933447327464819,3.7961890920996666,1.0
1000,opa,discrete,482,120.651,1,opa_allowed_at_gate,11.679160874336958,3.3102971501648426,1.0
1000,opa,discrete,483,120.951,1,opa_allowed_at_gate,12.81012175604701,4.314471036195755,1.0
1000,readset,discrete,484,121.152,1,published_after_gate_recheck,16.892045736312866,4.622869193553925,1.0
1000,opa_readset,discrete,485,121.445,1,opa_allowed_at_gate,12.08778703585267,3.8043041713535786,1.0
1000,global,continuous,486,121.661,1,published_after_gate_recheck,18.653699196875095,5.028840154409409,1.0
1000,opa,continuous,487,121.869,1,opa_allowed_at_gate,12.344288174062967,3.6172932013869286,1.0
1000,readset,continuous,488,122.184,1,published_after_gate_recheck,17.7443353459239,4.589796997606754,1.0
1000,global,discrete,489,122.44,1,published_after_gate_recheck,16.937920823693275,4.241865128278732,1.0
1000,global,discrete,490,122.653,1,published_after_gate_recheck,18.724462017416954,5.043568089604378,1.0
1000,global,discrete,491,122.966,1,published_after_gate_recheck,17.5587460398674,4.2215269058942795,1.0
1000,global,discrete,492,123.135,1,published_after_gate_recheck,17.254997044801712,4.710142966359854,1.0
1000,truth,discrete,493,123.424,1,published_after_gate_recheck,18.273145891726017,5.272507201880217,1.0
1000,truth,continuous,494,123.527,1,published_after_gate_recheck,17.762898933142424,4.91026695817709,1.0
1000,readset,discrete,495,123.999,1,published_after_gate_recheck,22.416555788367987,5.1176464185118675,1.0
1000,readset,discrete,496,124.078,1,published_after_gate_recheck,16.224903985857964,4.628649912774563,1.0
1000,readset,discrete,497,124.314,1,published_after_gate_recheck,16.542970668524504,4.6226889826357365,1.0
1000,predicate,continuous,498,124.732,1,published_after_gate_recheck,18.66273581981659,4.891522228717804,1.0
1000,global,continuous,499,124.963,1,published_after_gate_recheck,18.07345077395439,4.9032350070774555,1.0
1000,readset,discrete,500,125.13,1,published_after_gate_recheck,17.223627772182226,4.658354911953211,1.0
1000,readset,discrete,501,125.29,1,published_after_gate_recheck,20.820503123104572,5.712972953915596,1.0
1000,opa_readset,discrete,502,125.712,1,opa_allowed_at_gate,12.125857640057802,3.5123960115015507,1.0
1000,opa,continuous,503,125.916,1,opa_allowed_at_gate,12.469952926039696,3.469635732471943,1.0
1000,truth,discrete,504,126.156,1,published_after_gate_recheck,16.82790508493781,4.736701957881451,1.0
1000,predicate,continuous,505,126.388,1,published_after_gate_recheck,18.206120934337378,4.850786179304123,1.0
1000,readset,continuous,506,126.599,1,published_after_gate_recheck,16.18026103824377,4.226566292345524,1.0
1000,opa_readset,discrete,507,126.799,1,opa_allowed_at_gate,11.501997709274292,3.427918069064617,1.0
1000,truth,discrete,508,127.187,1,published_after_gate_recheck,19.17952485382557,4.921267740428448,1.0
1000,predicate,discrete,509,127.254,1,published_after_gate_recheck,17.57948473095894,5.238533020019531,1.0
1000,readset,discrete,510,127.622,1,published_after_gate_recheck,17.822139896452427,4.6753669157624245,1.0
1000,global,discrete,511,127.919,1,published_after_gate_recheck,18.757494166493416,4.506981000304222,1.0
1000,opa,discrete,512,128.09,1,opa_allowed_at_gate,14.550094027072191,3.8609099574387074,1.0
1000,global,continuous,513,128.407,1,published_after_gate_recheck,18.37306283414364,4.478747956454754,1.0
1000,readset,discrete,514,128.649,1,published_after_gate_recheck,17.540892120450735,4.682871978729963,1.0
1000,readset,discrete,515,128.753,1,published_after_gate_recheck,16.42379816621542,4.764695186167955,1.0
1000,truth,continuous,516,129.141,1,published_after_gate_recheck,17.79956789687276,5.0613307394087315,1.0
1000,readset,continuous,517,129.474,1,published_after_gate_recheck,17.968874890357256,4.693381022661924,1.0
1000,opa,continuous,518,129.683,1,opa_allowed_at_gate,12.615146115422249,3.8306028582155704,1.0
1000,opa_readset,discrete,519,129.767,1,opa_allowed_at_gate,11.307754088193178,3.5984781570732594,1.0
1000,predicate,discrete,520,130.192,1,published_after_gate_recheck,18.058993853628635,4.684394225478172,1.0
1000,opa,discrete,521,130.494,1,opa_allowed_at_gate,12.706347275525331,4.002084955573082,1.0
1000,global,discrete,522,130.51,1,published_after_gate_recheck,17.924892250448465,4.76175919175148,1.0
1000,predicate,discrete,523,130.771,1,published_after_gate_recheck,18.408048897981644,4.888006020337343,1.0
1000,opa,discrete,524,131.159,1,opa_allowed_at_gate,12.124867178499699,3.4073288552463055,1.0
1000,predicate,continuous,525,131.291,1,published_after_gate_recheck,16.892025712877512,4.608693066984415,1.0
1000,predicate,continuous,526,131.733,1,published_after_gate_recheck,18.77914508804679,4.971483256667852,1.0
1000,global,continuous,527,131.897,1,published_after_gate_recheck,17.559939064085484,4.9995849840343,1.0
1000,opa_readset,continuous,528,132.174,1,opa_allowed_at_gate,12.792708817869425,3.6496128886938095,1.0
1000,truth,discrete,529,132.282,1,published_after_gate_recheck,16.996060963720083,4.554229788482189,1.0
1000,opa_readset,continuous,530,132.658,1,opa_allowed_at_gate,20.708512980490923,5.187748000025749,1.0
1000,opa_readset,continuous,531,132.947,1,opa_allowed_at_gate,13.998198788613081,4.270277917385101,1.0
1000,truth,continuous,532,133.057,1,published_after_gate_recheck,18.112976104021072,5.0609298050403595,1.0
1000,predicate,discrete,533,133.452,1,published_after_gate_recheck,19.014705903828144,4.887475166469812,1.0
1000,truth,discrete,534,133.706,1,published_after_gate_recheck,19.916558172553778,4.816071130335331,1.0
1000,opa_readset,discrete,535,133.962,1,opa_allowed_at_gate,12.194848153740168,3.7890346720814705,1.0
1000,opa,continuous,536,134.158,1,opa_allowed_at_gate,12.291830033063889,3.896517213433981,1.0
1000,predicate,continuous,537,134.341,1,published_after_gate_recheck,17.047246918082237,4.571352154016495,1.0
1000,opa_readset,continuous,538,134.746,1,opa_allowed_at_gate,13.127636164426804,3.558992873877287,1.0
1000,global,continuous,539,134.821,1,published_after_gate_recheck,16.634613275527954,4.4665951281785965,1.0
1000,predicate,continuous,540,135.101,1,published_after_gate_recheck,17.205943819135427,4.778560250997543,1.0
1000,opa,continuous,541,135.282,1,opa_allowed_at_gate,14.564701821655035,3.537342883646488,1.0
1000,truth,continuous,542,135.616,1,published_after_gate_recheck,19.424944650381804,4.921257961541414,1.0
1000,readset,discrete,543,135.825,1,published_after_gate_recheck,18.344368785619736,4.371127113699913,1.0
1000,global,continuous,544,136.118,1,published_after_gate_recheck,18.893648870289326,4.835397005081177,1.0
1000,truth,continuous,545,136.418,1,published_after_gate_recheck,19.085509236902,4.866886883974075,1.0
1000,global,discrete,546,136.522,1,published_after_gate_recheck,18.11745297163725,4.884009249508381,1.0
1000,truth,discrete,547,136.846,1,published_after_gate_recheck,18.124196212738752,4.806562792509794,1.0
1000,truth,continuous,548,137.229,1,published_after_gate_recheck,17.52268895506859,4.611598327755928,1.0
1000,opa,continuous,549,137.357,1,opa_allowed_at_gate,12.06414308398962,4.009447991847992,1.0
1000,opa,continuous,550,137.634,1,opa_allowed_at_gate,11.06235384941101,3.297814168035984,1.0
1000,opa_readset,discrete,551,137.76,1,opa_allowed_at_gate,10.260320268571377,3.3142538741230965,1.0
1000,opa_readset,continuous,552,138.247,1,opa_allowed_at_gate,12.461989186704159,3.398182336241007,1.0
1000,opa,discrete,553,138.417,1,opa_allowed_at_gate,14.655372127890587,4.019738174974918,1.0
1000,opa_readset,continuous,554,138.647,1,opa_allowed_at_gate,12.555392924696207,3.874646034091711,1.0
1000,predicate,discrete,555,138.778,1,published_after_gate_recheck,17.068326007574797,4.598572850227356,1.0
1000,predicate,discrete,556,139.215,1,published_after_gate_recheck,16.787970904260874,4.7229561023414135,1.0
1000,opa,continuous,557,139.427,1,opa_allowed_at_gate,11.877161916345358,3.6455760709941387,1.0
1000,global,continuous,558,139.678,1,published_after_gate_recheck,17.215833067893982,4.19414509087801,1.0
1000,readset,discrete,559,139.79,1,published_after_gate_recheck,17.142063938081264,4.567334894090891,1.0
1000,global,continuous,560,140.226,1,published_after_gate_recheck,17.6440360955894,4.240070935338736,1.0
1000,opa_readset,continuous,561,140.288,1,opa_allowed_at_gate,11.226831935346127,3.57681792229414,1.0
1000,predicate,discrete,562,140.685,1,published_after_gate_recheck,16.883119009435177,4.227176774293184,1.0
1000,truth,discrete,563,140.937,1,published_after_gate_recheck,16.71071583405137,4.477285780012608,1.0
1000,opa,discrete,564,141.218,1,opa_allowed_at_gate,11.96981593966484,3.4713000059127808,1.0
1000,predicate,discrete,565,141.483,1,published_after_gate_recheck,17.755264416337013,4.456436727195978,1.0
1000,predicate,continuous,566,141.714,1,published_after_gate_recheck,17.58224004879594,4.694873932749033,1.0
1000,truth,continuous,567,141.802,1,published_after_gate_recheck,16.521790996193886,4.570129793137312,1.0
1000,opa,discrete,568,142.208,1,opa_allowed_at_gate,14.409481082111597,3.4278477542102337,1.0
1000,opa_readset,discrete,569,142.357,1,opa_allowed_at_gate,11.089545208960772,3.295229282230139,1.0
1000,global,continuous,570,142.669,1,published_after_gate_recheck,17.87603087723255,4.939643200486898,1.0
1000,truth,continuous,571,142.887,1,published_after_gate_recheck,18.008840270340443,4.708809778094292,1.0
1000,truth,discrete,572,143.075,1,published_after_gate_recheck,16.823546960949898,4.611166659742594,1.0
1000,global,continuous,573,143.254,1,published_after_gate_recheck,16.182153951376677,4.204865079373121,1.0
1000,truth,continuous,574,143.654,1,published_after_gate_recheck,17.060381826013327,4.859441891312599,1.0
1000,opa_readset,discrete,575,143.863,1,opa_allowed_at_gate,12.761079240590334,3.356252796947956,1.0
1000,global,continuous,576,144.237,1,published_after_gate_recheck,17.15442817658186,4.42142179235816,1.0
1000,predicate,continuous,577,144.29,1,published_after_gate_recheck,15.793836209923029,4.667231813073158,1.0
1000,predicate,discrete,578,144.711,1,published_after_gate_recheck,15.925172716379166,4.301195032894611,1.0
1000,opa,continuous,579,144.941,1,opa_allowed_at_gate,11.843448970466852,4.471193999052048,1.0
1000,predicate,discrete,580,145.031,1,published_after_gate_recheck,14.91521904245019,4.3158927001059055,1.0
1000,opa_readset,discrete,581,145.387,1,opa_allowed_at_gate,12.393771205097437,4.089408088475466,1.0
1000,opa_readset,discrete,582,145.71,1,opa_allowed_at_gate,12.274086009711027,4.063460044562817,1.0
1000,global,continuous,583,145.809,1,published_after_gate_recheck,17.698708921670914,4.978165030479431,1.0
1000,predicate,discrete,584,146.195,1,published_after_gate_recheck,16.479231882840395,4.39484091475606,1.0
1000,predicate,discrete,585,146.455,1,published_after_gate_recheck,16.30885200574994,4.673613701015711,1.0
1000,truth,continuous,586,146.68,1,published_after_gate_recheck,17.88432663306594,4.797676112502813,1.0
1000,opa_readset,discrete,587,146.999,1,opa_allowed_at_gate,11.584584135562181,3.1707650050520897,1.0
1000,global,discrete,588,147.016,1,published_after_gate_recheck,14.776349067687988,4.029946867376566,1.0
1000,truth,continuous,589,147.262,1,published_after_gate_recheck,19.073747098445892,5.070999264717102,1.0
1000,truth,continuous,590,147.514,1,published_after_gate_recheck,16.715464182198048,4.4211712665855885,1.0
1000,opa,discrete,591,147.781,1,opa_allowed_at_gate,11.17763016372919,3.8043339736759663,1.0
1000,global,discrete,592,148.006,1,published_after_gate_recheck,16.649470198899508,4.502842668443918,1.0
1000,opa,continuous,593,148.341,1,opa_allowed_at_gate,12.588214594870806,3.462984226644039,1.0
1000,opa,continuous,594,148.555,1,opa_allowed_at_gate,11.320228222757578,3.1578419730067253,1.0
1000,readset,continuous,595,148.782,1,published_after_gate_recheck,18.97847792133689,5.482381209731102,1.0
1000,readset,discrete,596,149.191,1,published_after_gate_recheck,17.510956153273582,4.489297978579998,1.0
1000,global,discrete,597,149.465,1,published_after_gate_recheck,17.7827263250947,4.850795958191156,1.0
1000,opa,continuous,598,149.684,1,opa_allowed_at_gate,13.146611861884594,5.085827317088842,1.0
1000,global,discrete,599,149.884,1,published_after_gate_recheck,16.58103195950389,4.25210315734148,1.0
1000,opa_readset,discrete,600,150.142,1,opa_allowed_at_gate,12.012735940515995,3.8732029497623444,1.0
1000,global,continuous,601,150.323,1,published_after_gate_recheck,17.048869747668505,4.831378813832998,1.0
1000,predicate,continuous,602,150.558,1,published_after_gate_recheck,18.143222201615572,4.4845701195299625,1.0
1000,global,discrete,603,150.977,1,published_after_gate_recheck,17.135252244770527,4.568446893244982,1.0
1000,predicate,discrete,604,151.117,1,published_after_gate_recheck,17.07405736669898,4.660208243876696,1.0
1000,opa,continuous,605,151.371,1,opa_allowed_at_gate,13.531594071537256,4.413496237248182,1.0
1000,opa_readset,discrete,606,151.53,1,opa_allowed_at_gate,10.44925395399332,2.9592392966151237,1.0
1000,truth,discrete,607,151.922,1,published_after_gate_recheck,17.087341751903296,4.404167644679546,1.0
1000,opa,continuous,608,152.057,1,opa_allowed_at_gate,10.624342132359743,3.388624172657728,1.0
1000,predicate,discrete,609,152.452,1,published_after_gate_recheck,16.924627125263214,4.2552100494503975,1.0
1000,opa_readset,discrete,610,152.557,1,opa_allowed_at_gate,11.292075272649527,3.584862221032381,1.0
1000,readset,discrete,611,152.862,1,published_after_gate_recheck,16.64905995130539,4.568898119032383,1.0
1000,predicate,continuous,612,153.176,1,published_after_gate_recheck,16.651243902742863,4.442209843546152,1.0
1000,opa_readset,discrete,613,153.254,1,opa_allowed_at_gate,11.432087048888206,3.391158767044544,1.0
1000,readset,continuous,614,153.677,1,published_after_gate_recheck,19.814535975456238,4.711063578724861,1.0
1000,truth,discrete,615,153.935,1,published_after_gate_recheck,17.33576785773039,4.653846845030785,1.0
1000,readset,continuous,616,154.203,1,published_after_gate_recheck,18.36883509531617,4.861526191234589,1.0
1000,readset,discrete,617,154.251,1,published_after_gate_recheck,16.78215991705656,4.325279965996742,1.0
1000,readset,continuous,618,154.73,1,published_after_gate_recheck,17.330237198621035,4.751559812575579,1.0
1000,opa_readset,discrete,619,154.937,1,opa_allowed_at_gate,11.788085103034973,3.7627462297677994,1.0
1000,predicate,continuous,620,155.181,1,published_after_gate_recheck,17.262049950659275,4.684763960540295,1.0
1000,predicate,discrete,621,155.285,1,published_after_gate_recheck,17.27587589994073,4.64888708665967,1.0
1000,opa,discrete,622,155.581,1,opa_allowed_at_gate,12.05679913982749,3.7164492532610893,1.0
1000,opa_readset,continuous,623,155.911,1,opa_allowed_at_gate,12.484190054237843,3.9735008031129837,1.0
1000,predicate,continuous,624,156.108,1,published_after_gate_recheck,17.12302817031741,4.64511988684535,1.0
1000,predicate,continuous,625,156.371,1,published_after_gate_recheck,16.073070000857115,4.440127406269312,1.0
1000,truth,continuous,626,156.624,1,published_after_gate_recheck,16.068961936980486,4.444153979420662,1.0
1000,predicate,continuous,627,156.78,1,published_after_gate_recheck,15.958486124873161,4.27019689232111,1.0
1000,truth,discrete,628,157.082,1,published_after_gate_recheck,16.508627217262983,4.523772746324539,1.0
1000,truth,discrete,629,157.279,1,published_after_gate_recheck,19.333173986524343,5.113367922604084,1.0
1000,opa,discrete,630,157.609,1,opa_allowed_at_gate,11.648774147033691,3.4633041359484196,1.0
1000,truth,continuous,631,157.852,1,published_after_gate_recheck,15.343701932579279,3.992185927927494,1.0
1000,global,discrete,632,158.047,1,published_after_gate_recheck,17.15694274753332,4.664436914026737,1.0
1000,readset,continuous,633,158.49,1,published_after_gate_recheck,16.704194247722626,4.503303673118353,1.0
1000,predicate,continuous,634,158.511,1,published_after_gate_recheck,14.987303875386715,4.571080673485994,1.0
1000,global,discrete,635,158.788,1,published_after_gate_recheck,16.44490659236908,4.415269009768963,1.0
1000,truth,discrete,636,159.153,1,published_after_gate_recheck,17.269563861191273,4.396485164761543,1.0
1000,readset,continuous,637,159.262,1,published_after_gate_recheck,21.55280625447631,6.816212087869644,1.0
1000,opa_readset,discrete,638,159.746,1,opa_allowed_at_gate,16.349648125469685,6.914596073329449,1.0
1000,opa,continuous,639,159.884,1,opa_allowed_at_gate,13.265215326100588,4.238018300384283,1.0
1000,predicate,discrete,640,160.046,1,published_after_gate_recheck,18.542641308158636,5.296743009239435,1.0
1000,opa_readset,continuous,641,160.345,1,opa_allowed_at_gate,12.718529906123877,4.4223228469491005,1.0
1000,opa,discrete,642,160.713,1,opa_allowed_at_gate,11.458117049187422,3.845680970698595,1.0
1000,opa,discrete,643,160.913,1,opa_allowed_at_gate,11.282596737146378,3.7109190598130226,1.0
1000,opa_readset,discrete,644,161.135,1,opa_allowed_at_gate,10.666410904377699,3.451170865446329,1.0
1000,opa_readset,discrete,645,161.396,1,opa_allowed_at_gate,16.773692797869444,4.382268059998751,1.0
1000,opa,discrete,646,161.629,1,opa_allowed_at_gate,13.093092944473028,3.9877276867628098,1.0
1000,predicate,discrete,647,161.981,1,published_after_gate_recheck,18.05958477780223,4.946275148540735,1.0
1000,readset,continuous,648,162.044,1,published_after_gate_recheck,20.21523704752326,5.314435344189405,1.0
1000,truth,discrete,649,162.262,1,published_after_gate_recheck,16.971725970506668,4.393057897686958,1.0
1000,predicate,continuous,650,162.632,1,published_after_gate_recheck,17.71783409640193,4.803456831723452,1.0
1000,global,discrete,651,162.933,1,published_after_gate_recheck,17.888723872601986,4.843052010983229,1.0
1000,truth,discrete,652,163.098,1,published_after_gate_recheck,16.679055988788605,4.89541981369257,1.0
1000,opa_readset,discrete,653,163.352,1,opa_allowed_at_gate,13.81666911765933,4.8334128223359585,1.0
1000,truth,discrete,654,163.711,1,published_after_gate_recheck,20.72037383913994,4.767128732055426,1.0
1000,readset,continuous,655,163.917,1,published_after_gate_recheck,17.703146673738956,4.949421156197786,1.0
1000,predicate,continuous,656,164.045,1,published_after_gate_recheck,15.622325241565704,4.322194028645754,1.0
1000,opa,discrete,657,164.258,1,opa_allowed_at_gate,11.830064002424479,3.4535862505435944,1.0
1000,opa_readset,continuous,658,164.685,1,opa_allowed_at_gate,11.377164162695408,3.561407793313265,1.0
1000,predicate,discrete,659,164.792,1,published_after_gate_recheck,16.706046648323536,4.674715921282768,1.0
1000,predicate,discrete,660,165.064,1,published_after_gate_recheck,16.17632294073701,4.617949016392231,1.0
1000,global,discrete,661,165.289,1,published_after_gate_recheck,16.751291695982218,4.571713041514158,1.0
1000,opa_readset,discrete,662,165.739,1,opa_allowed_at_gate,14.733027201145887,4.187772981822491,1.0
1000,global,discrete,663,165.889,1,published_after_gate_recheck,17.181288916617632,4.664557054638863,1.0
1000,opa_readset,discrete,664,166.112,1,opa_allowed_at_gate,12.270610313862562,3.616140689700842,1.0
1000,global,discrete,665,166.389,1,published_after_gate_recheck,16.499169170856476,4.642536398023367,1.0
1000,truth,continuous,666,166.544,1,published_after_gate_recheck,17.486209981143475,4.963316954672337,1.0
1000,readset,continuous,667,166.974,1,published_after_gate_recheck,16.60337531939149,4.383869934827089,1.0
1000,predicate,discrete,668,167.044,1,published_after_gate_recheck,14.934975188225508,4.517591558396816,1.0
1000,readset,continuous,669,167.451,1,published_after_gate_recheck,16.832713969051838,4.486091900616884,1.0
1000,readset,continuous,670,167.549,1,published_after_gate_recheck,16.783242113888264,4.888816736638546,1.0
1000,predicate,discrete,671,167.804,1,published_after_gate_recheck,18.447251990437508,4.745849408209324,1.0
1000,readset,continuous,672,168.119,1,published_after_gate_recheck,17.717863898724318,4.669486079365015,1.0
1000,opa_readset,continuous,673,168.475,1,opa_allowed_at_gate,11.777905747294426,3.592697437852621,1.0
1000,truth,discrete,674,168.714,1,published_after_gate_recheck,17.27740792557597,4.651752766221762,1.0
1000,global,continuous,675,168.937,1,published_after_gate_recheck,17.969176173210144,4.809998907148838,1.0
1000,global,discrete,676,169.236,1,published_after_gate_recheck,17.599883023649454,4.989336244761944,1.0
1000,global,continuous,677,169.485,1,published_after_gate_recheck,17.003634944558144,5.021396093070507,1.0
1000,predicate,discrete,678,169.514,1,published_after_gate_recheck,17.37627387046814,4.520257003605366,1.0
1000,global,discrete,679,169.812,1,published_after_gate_recheck,17.636711709201336,4.675477277487516,1.0
1000,readset,discrete,680,170.069,1,published_after_gate_recheck,15.967712737619877,4.389089997857809,1.0
1000,global,discrete,681,170.437,1,published_after_gate_recheck,17.261728644371033,4.721092991530895,1.0
1000,opa,discrete,682,170.527,1,opa_allowed_at_gate,11.426977813243866,3.596274182200432,1.0
1000,opa,discrete,683,170.935,1,opa_allowed_at_gate,11.72965532168746,3.116543870419264,1.0
1000,opa_readset,discrete,684,171.095,1,opa_allowed_at_gate,11.122285854071379,3.303905948996544,1.0
1000,opa_readset,discrete,685,171.373,1,opa_allowed_at_gate,10.541256051510572,3.0194520950317383,1.0
1000,global,continuous,686,171.573,1,published_after_gate_recheck,17.38062221556902,5.047976039350033,1.0
1000,truth,discrete,687,171.901,1,published_after_gate_recheck,16.33128384128213,4.48302598670125,1.0
1000,global,continuous,688,172.176,1,published_after_gate_recheck,16.094941180199385,4.0051001124084,1.0
1000,truth,discrete,689,172.327,1,published_after_gate_recheck,17.301923595368862,4.615985788404942,1.0
1000,global,discrete,690,172.582,1,published_after_gate_recheck,16.0383153706789,4.48302598670125,1.0
1000,global,discrete,691,172.847,1,published_after_gate_recheck,15.384308062493801,4.023184068500996,1.0
1000,truth,continuous,692,173.071,1,published_after_gate_recheck,14.31569503620267,4.151574801653624,1.0
1000,predicate,discrete,693,173.435,1,published_after_gate_recheck,16.671993769705296,4.264627117663622,1.0
1000,global,continuous,694,173.671,1,published_after_gate_recheck,15.134470071643591,3.9567090570926666,1.0
1000,readset,continuous,695,173.796,1,published_after_gate_recheck,17.64062000438571,5.107427015900612,1.0
1000,opa,discrete,696,174.18,1,opa_allowed_at_gate,12.715253047645092,3.8892333395779133,1.0
1000,truth,continuous,697,174.301,1,published_after_gate_recheck,15.766434837132692,4.381596110761166,1.0
1000,readset,continuous,698,174.521,1,published_after_gate_recheck,15.694881323724985,4.576161038130522,1.0
1000,global,continuous,699,174.93,1,published_after_gate_recheck,17.24566938355565,4.637076053768396,1.0
1000,predicate,discrete,700,175.005,1,published_after_gate_recheck,15.98172914236784,4.397496115416288,1.0
1000,global,discrete,701,175.459,1,published_after_gate_recheck,17.373688984662294,4.644759930670261,1.0
1000,readset,discrete,702,175.74,1,published_after_gate_recheck,17.070791218429804,4.186270292848349,1.0
1000,opa_readset,continuous,703,175.967,1,opa_allowed_at_gate,12.279776856303215,3.9016958326101303,1.0
1000,predicate,continuous,704,176.194,1,published_after_gate_recheck,16.321065835654736,4.468710161745548,1.0
1000,readset,continuous,705,176.433,1,published_after_gate_recheck,17.302596010267735,4.549261182546616,1.0
1000,truth,discrete,706,176.673,1,published_after_gate_recheck,17.359162215143442,4.465663805603981,1.0
1000,truth,discrete,707,176.901,1,published_after_gate_recheck,17.290343064814806,4.9485401250422,1.0
1000,opa,discrete,708,177.143,1,opa_allowed_at_gate,11.724134907126427,3.5227960906922817,1.0
1000,readset,continuous,709,177.253,1,published_after_gate_recheck,16.611709725111723,4.5433989726006985,1.0
1000,global,discrete,710,177.618,1,published_after_gate_recheck,16.182254068553448,4.5370981097221375,1.0
1000,opa_readset,continuous,711,177.887,1,opa_allowed_at_gate,11.705408804118633,3.7925620563328266,1.0
1000,opa,discrete,712,178.029,1,opa_allowed_at_gate,11.531263124197721,3.8031120784580708,1.0
1000,readset,discrete,713,178.475,1,published_after_gate_recheck,17.413592897355556,4.86113503575325,1.0
1000,predicate,continuous,714,178.686,1,published_after_gate_recheck,17.360854893922806,4.605937283486128,1.0
1000,readset,continuous,715,178.757,1,published_after_gate_recheck,15.273461118340492,4.603481851518154,1.0
1000,predicate,discrete,716,179.14,1,published_after_gate_recheck,18.514879047870636,4.925285931676626,1.0
1000,readset,continuous,717,179.294,1,published_after_gate_recheck,15.81426477059722,4.690816160291433,1.0
1000,opa_readset,continuous,718,179.747,1,opa_allowed_at_gate,11.667989194393158,3.6925049498677254,1.0
1000,opa_readset,discrete,719,179.809,1,opa_allowed_at_gate,10.185771156102419,3.247560001909733,1.0
1000,predicate,continuous,720,180.113,1,published_after_gate_recheck,17.20297895371914,4.845316056162119,1.0
1000,predicate,continuous,721,180.378,1,published_after_gate_recheck,17.78674405068159,4.883577115833759,1.0
1000,opa_readset,discrete,722,180.699,1,opa_allowed_at_gate,11.523868888616562,3.6754319444298744,1.0
1000,opa,continuous,723,180.761,1,opa_allowed_at_gate,10.421432089060545,3.1553469598293304,1.0
1000,opa,continuous,724,181.21,1,opa_allowed_at_gate,12.870023027062416,4.196078982204199,1.0
1000,opa_readset,discrete,725,181.266,1,opa_allowed_at_gate,10.089681018143892,3.2683489844202995,1.0
1000,opa_readset,continuous,726,181.562,1,opa_allowed_at_gate,11.675653979182243,3.930490929633379,1.0
1000,opa_readset,continuous,727,181.837,1,opa_allowed_at_gate,11.9186588563025,3.8445591926574707,1.0
1000,predicate,discrete,728,182.221,1,published_after_gate_recheck,17.66990404576063,4.9536386504769325,1.0
1000,opa,continuous,729,182.274,1,opa_allowed_at_gate,14.330872800201178,3.954244777560234,1.0
1000,truth,continuous,730,182.528,1,published_after_gate_recheck,21.590978372842073,7.097029127180576,1.0
1000,readset,discrete,731,182.808,1,published_after_gate_recheck,16.101934015750885,4.763522185385227,1.0
1000,truth,continuous,732,183.077,1,published_after_gate_recheck,16.57280744984746,4.4517372734844685,1.0
1000,opa,discrete,733,183.368,1,opa_allowed_at_gate,11.053607799112797,3.30368522554636,1.0
1000,opa,discrete,734,183.739,1,opa_allowed_at_gate,16.40397123992443,5.083051975816488,1.0
1000,readset,continuous,735,183.89,1,published_after_gate_recheck,17.261548899114132,4.673674236983061,1.0
1000,truth,continuous,736,184.097,1,published_after_gate_recheck,16.455157194286585,4.634400364011526,1.0
1000,readset,discrete,737,184.451,1,published_after_gate_recheck,17.89702009409666,5.290310829877853,1.0
1000,predicate,continuous,738,184.547,1,published_after_gate_recheck,16.497816890478134,4.674054682254791,1.0
1000,predicate,discrete,739,184.913,1,published_after_gate_recheck,16.71316009014845,4.50487807393074,1.0
1000,opa,discrete,740,185.185,1,opa_allowed_at_gate,12.00802717357874,3.783104009926319,1.0
1000,opa,discrete,741,185.461,1,opa_allowed_at_gate,10.48585306853056,3.092357888817787,1.0
1000,opa_readset,continuous,742,185.506,1,opa_allowed_at_gate,10.186301078647375,3.418480046093464,1.0
1000,truth,discrete,743,185.987,1,published_after_gate_recheck,18.967227078974247,5.074936896562576,1.0
1000,readset,discrete,744,186.124,1,published_after_gate_recheck,17.1178188174963,4.4858320616185665,1.0
1000,opa,continuous,745,186.329,1,opa_allowed_at_gate,11.70879602432251,3.3452832140028477,1.0
1000,opa,discrete,746,186.695,1,opa_allowed_at_gate,11.239585932344198,3.3951569348573685,1.0
1000,global,continuous,747,186.914,1,published_after_gate_recheck,20.93022782355547,4.895580001175404,1.0
1000,readset,discrete,748,187.227,1,published_after_gate_recheck,16.950746066868305,4.73736273124814,1.0
1000,global,continuous,749,187.466,1,published_after_gate_recheck,16.941057983785868,4.945854656398296,1.0
1000,readset,discrete,750,187.574,1,published_after_gate_recheck,15.663532074540854,4.235543310642242,1.0
1000,global,continuous,751,187.864,1,published_after_gate_recheck,17.479016911238432,4.699451848864555,1.0
1000,opa_readset,discrete,752,188.013,1,opa_allowed_at_gate,12.490853201597929,4.279854707419872,1.0
1000,readset,discrete,753,188.272,1,published_after_gate_recheck,16.1638711579144,4.674314986914396,1.0
1000,opa_readset,discrete,754,188.682,1,opa_allowed_at_gate,11.839381884783506,4.011712968349457,1.0
1000,truth,continuous,755,188.945,1,published_after_gate_recheck,20.279557909816504,4.677070304751396,1.0
1000,global,continuous,756,189.075,1,published_after_gate_recheck,19.26589710637927,4.900449886918068,1.0
1000,opa_readset,discrete,757,189.386,1,opa_allowed_at_gate,11.588229797780514,3.808120731264353,1.0
1000,truth,discrete,758,189.696,1,published_after_gate_recheck,16.527993138879538,4.447279963642359,1.0
1000,predicate,discrete,759,189.751,1,published_after_gate_recheck,16.281730961054564,5.043588113039732,1.0
1000,opa,continuous,760,190.072,1,opa_allowed_at_gate,12.024679221212864,3.6116321571171284,1.0
1000,opa_readset,discrete,761,190.393,1,opa_allowed_at_gate,10.69943280890584,3.3680349588394165,1.0
1000,truth,discrete,762,190.678,1,published_after_gate_recheck,17.143357079476118,4.221154842525721,1.0
1000,global,discrete,763,190.805,1,published_after_gate_recheck,17.41557801142335,4.66835405677557,1.0
1000,opa,discrete,764,191.093,1,opa_allowed_at_gate,12.119055725634098,3.376862034201622,1.0
1000,global,continuous,765,191.28,1,published_after_gate_recheck,19.49003804475069,5.102607887238264,1.0
1000,readset,discrete,766,191.748,1,published_after_gate_recheck,19.00419592857361,5.490284878760576,1.0
1000,readset,continuous,767,191.816,1,published_after_gate_recheck,18.088479060679674,5.338730756193399,1.0
1000,opa_readset,discrete,768,192.056,1,opa_allowed_at_gate,13.440714217722416,3.7288027815520763,1.0
1000,readset,discrete,769,192.451,1,published_after_gate_recheck,17.651188652962446,4.842671100050211,1.0
1000,predicate,continuous,770,192.513,1,published_after_gate_recheck,18.761922139674425,5.354320630431175,1.0
1000,opa,continuous,771,192.789,1,opa_allowed_at_gate,12.36279308795929,3.6695911549031734,1.0
1000,truth,discrete,772,193.238,1,published_after_gate_recheck,18.58540065586567,5.333120934665203,1.0
1000,opa,discrete,773,193.347,1,opa_allowed_at_gate,11.147683952003717,3.4464229829609394,1.0
1000,truth,discrete,774,193.571,1,published_after_gate_recheck,17.17241108417511,4.6356432139873505,1.0
1000,opa,continuous,775,193.76,1,opa_allowed_at_gate,12.963749933987856,4.250611178576946,1.0
1000,readset,discrete,776,194.184,1,published_after_gate_recheck,17.859280109405518,4.906770773231983,1.0
1000,truth,discrete,777,194.41,1,published_after_gate_recheck,17.168774735182524,5.036875139921904,1.0
1000,opa,discrete,778,194.577,1,opa_allowed_at_gate,11.888092383742332,3.6198580637574196,1.0
1000,opa,discrete,779,194.842,1,opa_allowed_at_gate,12.318830005824566,4.940844606608152,1.0
1000,global,continuous,780,195.023,1,published_after_gate_recheck,18.194749020040035,5.309375934302807,1.0
1000,global,discrete,781,195.319,1,published_after_gate_recheck,18.282343167811632,5.2155000157654285,1.0
1000,predicate,discrete,782,195.593,1,published_after_gate_recheck,18.506853841245174,5.233673844486475,1.0
1000,truth,discrete,783,195.852,1,published_after_gate_recheck,17.812090925872326,4.720462020486593,1.0
1000,predicate,continuous,784,196.089,1,published_after_gate_recheck,17.208368983119726,4.630812909454107,1.0
1000,opa_readset,discrete,785,196.311,1,opa_allowed_at_gate,11.246700305491686,3.5850130952894688,1.0
1000,truth,continuous,786,196.547,1,published_after_gate_recheck,18.48116470500827,4.927359987050295,1.0
1000,global,continuous,787,196.858,1,published_after_gate_recheck,18.25618278235197,5.172690376639366,1.0
1000,opa_readset,continuous,788,197.003,0,opa_readset_version_changed_at_gate,13.942866120487452,4.447008948773146,1.0
1000,predicate,continuous,789,197.38,1,published_after_gate_recheck,19.310581032186747,5.0457920879125595,1.0
1000,readset,continuous,790,197.631,1,published_after_gate_recheck,19.475240260362625,4.941306076943874,1.0
1000,readset,discrete,791,197.933,1,published_after_gate_recheck,18.936929758638144,4.396655131131411,1.0
1000,predicate,discrete,792,198.035,1,published_after_gate_recheck,17.343102023005486,5.10111590847373,1.0
1000,opa_readset,discrete,793,198.372,1,opa_allowed_at_gate,13.277817983180285,3.700077999383211,1.0
1000,global,discrete,794,198.625,1,published_after_gate_recheck,17.545211128890514,4.900909960269928,1.0
1000,readset,continuous,795,198.922,1,published_after_gate_recheck,16.579338815063238,4.759425297379494,1.0
1000,predicate,discrete,796,199.104,1,published_after_gate_recheck,19.12993285804987,5.034420173615217,1.0
1000,predicate,continuous,797,199.467,1,published_after_gate_recheck,16.92584902048111,4.3326751329004765,1.0
1000,readset,discrete,798,199.706,1,published_after_gate_recheck,17.00712088495493,4.511701408773661,1.0
1000,readset,discrete,799,199.796,1,published_after_gate_recheck,17.628677189350128,4.220162983983755,1.0
1000,predicate,continuous,800,200.17,1,published_after_gate_recheck,18.01790576428175,4.473608918488026,1.0
1000,predicate,continuous,801,200.485,1,published_after_gate_recheck,18.4291978366673,4.051567055284977,1.0
1000,readset,continuous,802,200.662,1,published_after_gate_recheck,17.687879037111998,4.351099021732807,1.0
1000,readset,discrete,803,200.777,1,published_after_gate_recheck,17.325759399682283,4.777488764375448,1.0
1000,global,continuous,804,201.068,1,published_after_gate_recheck,18.660312052816153,4.619773011654615,1.0
1000,opa,discrete,805,201.425,1,opa_allowed_at_gate,11.3527188077569,3.0452399514615536,1.0
1000,truth,discrete,806,201.527,1,published_after_gate_recheck,16.894199885427952,5.1340670324862,1.0
1000,predicate,continuous,807,201.76,1,published_after_gate_recheck,26.115271728485823,4.466466140002012,1.0
1000,global,continuous,808,202.148,1,published_after_gate_recheck,18.275009002536535,4.6705580316483974,1.0
1000,predicate,continuous,809,202.386,1,published_after_gate_recheck,16.865847166627645,4.670027177780867,1.0
1000,opa_readset,discrete,810,202.649,1,opa_allowed_at_gate,12.33656331896782,3.5493862815201283,1.0
1000,opa_readset,continuous,811,202.8,1,opa_allowed_at_gate,14.626337680965662,3.4568216651678085,1.0
1000,predicate,continuous,812,203.158,1,published_after_gate_recheck,18.556215800344944,4.896402359008789,1.0
1000,opa_readset,continuous,813,203.3,1,opa_allowed_at_gate,15.86752524599433,4.260319285094738,1.0
1000,opa_readset,discrete,814,203.68,1,opa_allowed_at_gate,12.563618831336498,3.9128270000219345,1.0
1000,truth,discrete,815,203.868,1,published_after_gate_recheck,17.254306003451347,4.720723256468773,1.0
1000,truth,discrete,816,204.036,1,published_after_gate_recheck,16.97301771491766,4.126678220927715,1.0
1000,truth,continuous,817,204.42,1,published_after_gate_recheck,17.235720064491034,4.396263975650072,1.0
1000,predicate,discrete,818,204.699,1,published_after_gate_recheck,17.264895141124725,4.373891744762659,1.0
1000,predicate,discrete,819,204.962,1,published_after_gate_recheck,16.67565992102027,4.914386197924614,1.0
1000,readset,continuous,820,205.192,1,published_after_gate_recheck,16.42528036609292,4.155552014708519,1.0
1000,opa_readset,discrete,821,205.319,1,opa_allowed_at_gate,14.930317178368568,3.7170699797570705,1.0
1000,truth,continuous,822,205.659,1,published_after_gate_recheck,18.9548940397799,5.036124028265476,1.0
1000,truth,continuous,823,205.789,1,published_after_gate_recheck,18.986774142831564,5.360381677746773,1.0
1000,opa_readset,continuous,824,206.138,1,opa_allowed_at_gate,12.225696351379156,3.4912764094769955,1.0
1000,global,discrete,825,206.471,1,published_after_gate_recheck,17.894765827804804,4.460033029317856,1.0
1000,readset,continuous,826,206.539,1,published_after_gate_recheck,16.56470214948058,4.605025053024292,1.0
1000,opa_readset,discrete,827,206.917,1,opa_allowed_at_gate,12.428075075149536,4.663886036723852,1.0
1000,predicate,discrete,828,207.163,1,published_after_gate_recheck,21.224791184067726,5.230918992310762,1.0
1000,truth,discrete,829,207.317,1,published_after_gate_recheck,18.029068130999804,4.69031510874629,1.0
1000,opa,discrete,830,207.679,1,opa_allowed_at_gate,11.258231010288,3.623274154961109,1.0
1000,global,discrete,831,207.85,1,published_after_gate_recheck,17.12121581658721,4.880852997303009,1.0
1000,readset,discrete,832,208.051,1,published_after_gate_recheck,18.077269196510315,4.6255942434072495,1.0
1000,readset,continuous,833,208.491,1,published_after_gate_recheck,17.877413891255856,4.749726969748735,1.0
1000,opa,discrete,834,208.718,1,opa_allowed_at_gate,12.470484245568514,3.6525391042232513,1.0
1000,predicate,continuous,835,208.96,1,published_after_gate_recheck,19.060062244534492,5.598738789558411,1.0
1000,readset,continuous,836,209.153,1,published_after_gate_recheck,18.10691272839904,4.858842119574547,1.0
1000,truth,continuous,837,209.321,1,published_after_gate_recheck,19.26823193207383,4.998473916202784,1.0
1000,opa,continuous,838,209.622,1,opa_allowed_at_gate,11.853096075356007,3.993349149823189,1.0
1000,readset,discrete,839,209.955,1,published_after_gate_recheck,18.035409972071648,4.781726747751236,1.0
1000,readset,discrete,840,210.18,1,published_after_gate_recheck,20.30025701969862,7.551069837063551,1.0
1000,readset,discrete,841,210.467,1,published_after_gate_recheck,16.97770692408085,4.682550672441721,1.0
1000,opa,discrete,842,210.569,1,opa_allowed_at_gate,10.858572088181973,3.420444205403328,1.0
1000,predicate,continuous,843,210.914,1,published_after_gate_recheck,18.122111912816763,4.751849919557571,1.0
1000,predicate,discrete,844,211.146,1,published_after_gate_recheck,17.212596721947193,4.179887939244509,1.0
1000,predicate,discrete,845,211.299,1,published_after_gate_recheck,17.041406128555536,4.77556511759758,1.0
1000,predicate,continuous,846,211.554,1,published_after_gate_recheck,17.522357869893312,4.587762989103794,1.0
1000,opa,discrete,847,211.763,1,opa_allowed_at_gate,10.465173982083797,3.0142017640173435,1.0
1000,opa_readset,discrete,848,212.241,1,opa_allowed_at_gate,16.04082016274333,5.192948039621115,1.0
1000,opa,continuous,849,212.298,1,opa_allowed_at_gate,11.627343017607927,3.9523509331047535,1.0
1000,opa,continuous,850,212.679,1,opa_allowed_at_gate,11.630709748715162,3.4198728390038013,1.0
1000,opa_readset,discrete,851,212.872,1,opa_allowed_at_gate,10.371208190917969,2.93801911175251,1.0
1000,truth,continuous,852,213.175,1,published_after_gate_recheck,18.986662849783897,4.597442224621773,1.0
1000,truth,continuous,853,213.476,1,published_after_gate_recheck,16.816554125398397,3.9592450484633446,1.0
1000,opa,continuous,854,213.51,1,opa_allowed_at_gate,10.91951597481966,3.566147293895483,1.0
1000,readset,continuous,855,213.816,1,published_after_gate_recheck,17.0622649602592,4.898144863545895,1.0
1000,readset,continuous,856,214.156,1,published_after_gate_recheck,18.118075095117092,4.713257774710655,1.0
1000,readset,discrete,857,214.403,1,published_after_gate_recheck,17.359442077577114,4.827962722629309,1.0
1000,predicate,continuous,858,214.717,1,published_after_gate_recheck,15.675624832510948,4.4640409760177135,1.0
1000,opa_readset,discrete,859,214.862,1,opa_allowed_at_gate,11.373506858944893,3.372733946889639,1.0
1000,global,continuous,860,215.19,1,published_after_gate_recheck,16.68992731720209,4.44804085418582,1.0
1000,opa,discrete,861,215.281,1,opa_allowed_at_gate,11.77532086148858,3.7183226086199284,1.0
1000,opa_readset,discrete,862,215.665,1,opa_allowed_at_gate,11.289780028164387,3.401137888431549,1.0
1000,predicate,continuous,863,215.826,1,published_after_gate_recheck,16.802147962152958,4.671560134738684,1.0
1000,opa_readset,discrete,864,216.097,1,opa_allowed_at_gate,11.281635146588087,3.619647119194269,1.0
1000,opa,discrete,865,216.46,1,opa_allowed_at_gate,11.142705101519823,3.455529920756817,1.0
1000,global,discrete,866,216.68,1,published_after_gate_recheck,17.14751496911049,4.974077921360731,1.0
1000,readset,continuous,867,216.874,1,published_after_gate_recheck,16.743397805839777,4.7795819118618965,1.0
1000,global,discrete,868,217.025,1,published_after_gate_recheck,15.910455025732517,4.279454704374075,1.0
1000,opa_readset,discrete,869,217.479,1,opa_allowed_at_gate,11.6267423145473,3.686984069645405,1.0
1000,opa,continuous,870,217.732,1,opa_allowed_at_gate,12.13668892160058,3.8576042279601097,1.0
1000,readset,continuous,871,217.979,1,published_after_gate_recheck,15.799978282302618,4.274484701454639,1.0
1000,truth,continuous,872,218.086,1,published_after_gate_recheck,16.198604833334684,4.668063949793577,1.0
1000,global,discrete,873,218.382,1,published_after_gate_recheck,16.693524084985256,4.72643319517374,1.0
1000,truth,discrete,874,218.638,1,published_after_gate_recheck,16.671882942318916,4.43640910089016,1.0
1000,global,discrete,875,218.889,1,published_after_gate_recheck,17.172752879559994,4.52923309057951,1.0
1000,truth,continuous,876,219.116,1,published_after_gate_recheck,16.971574630588293,4.496030975133181,1.0
1000,readset,continuous,877,219.344,1,published_after_gate_recheck,15.892380848526955,4.673503804951906,1.0
1000,opa,continuous,878,219.628,1,opa_allowed_at_gate,14.708350878208876,3.452553879469633,1.0
1000,opa_readset,continuous,879,219.829,1,opa_allowed_at_gate,11.854198761284351,3.8637747056782246,1.0
1000,opa,continuous,880,220.041,1,opa_allowed_at_gate,11.947032995522022,3.7102168425917625,1.0
1000,readset,continuous,881,220.488,1,published_after_gate_recheck,16.724081244319677,4.348945803940296,1.0
1000,global,continuous,882,220.748,1,published_after_gate_recheck,19.186058081686497,5.446212831884623,1.0
1000,opa_readset,continuous,883,220.981,1,opa_allowed_at_gate,11.50801032781601,4.007413983345032,1.0
1000,readset,discrete,884,221.051,1,published_after_gate_recheck,16.784092877060175,5.001700017601252,1.0
1000,truth,continuous,885,221.433,1,published_after_gate_recheck,18.796928226947784,5.163813009858131,1.0
1000,readset,discrete,886,221.541,1,published_after_gate_recheck,19.60220793262124,5.147532094269991,1.0
1000,readset,discrete,887,221.874,1,published_after_gate_recheck,17.093332950025797,4.935906268656254,1.0
1000,opa,continuous,888,222.084,1,opa_allowed_at_gate,11.989543214440346,3.91170522198081,1.0
1000,opa,discrete,889,222.275,1,opa_allowed_at_gate,12.594447005540133,4.094426985830069,1.0
1000,opa_readset,discrete,890,222.539,1,opa_allowed_at_gate,10.919896885752678,3.753658849745989,1.0
1000,opa,continuous,891,222.786,1,opa_allowed_at_gate,10.634342208504677,3.2815737649798393,1.0
1000,opa_readset,discrete,892,223.077,1,opa_allowed_at_gate,10.924987029284239,3.6059929989278316,1.0
1000,predicate,continuous,893,223.465,1,published_after_gate_recheck,17.127568367868662,4.985128063708544,1.0
1000,truth,continuous,894,223.551,1,published_after_gate_recheck,15.209700912237167,4.266249947249889,1.0
1000,opa,continuous,895,223.934,1,opa_allowed_at_gate,12.583306059241295,4.004879854619503,1.0
1000,truth,continuous,896,224.001,1,published_after_gate_recheck,20.52414696663618,4.984356928616762,1.0
1000,opa_readset,continuous,897,224.412,1,opa_allowed_at_gate,13.615211006253958,3.4665800631046295,1.0
1000,opa,continuous,898,224.689,1,opa_allowed_at_gate,11.643483769148588,3.0911173671483994,1.0
1000,opa_readset,discrete,899,224.837,1,opa_allowed_at_gate,13.99363111704588,3.547853324562311,1.0
1000,global,continuous,900,225.101,1,published_after_gate_recheck,19.71758482977748,4.813045263290405,1.0
1000,opa_readset,discrete,901,225.409,1,opa_allowed_at_gate,11.30469935014844,3.4445500932633877,1.0
1000,global,continuous,902,225.561,1,published_after_gate_recheck,16.46121684461832,4.47066267952323,1.0
1000,readset,discrete,903,225.758,1,published_after_gate_recheck,17.27554528042674,4.303439985960722,1.0
1000,predicate,discrete,904,226.014,1,published_after_gate_recheck,15.566459856927395,4.53143659979105,1.0
1000,global,discrete,905,226.294,1,published_after_gate_recheck,16.95740921422839,4.754895810037851,1.0
1000,truth,discrete,906,226.652,1,published_after_gate_recheck,16.56172564253211,4.362470004707575,1.0
1000,readset,discrete,907,226.772,1,published_after_gate_recheck,16.281289979815483,4.697930067777634,1.0
1000,opa,continuous,908,227.145,1,opa_allowed_at_gate,13.311110902577639,4.405891988426447,1.0
1000,opa,discrete,909,227.269,1,opa_allowed_at_gate,11.599652003496885,3.4112567082047462,1.0
1000,opa_readset,continuous,910,227.639,1,opa_allowed_at_gate,13.855712953954935,4.148178268224001,1.0
1000,truth,continuous,911,227.896,1,published_after_gate_recheck,18.019731156527996,5.245796870440245,1.0
1000,readset,continuous,912,228.11,1,published_after_gate_recheck,17.33068795874715,4.189876839518547,1.0
1000,opa_readset,continuous,913,228.274,1,opa_allowed_at_gate,11.950710322707891,3.669089637696743,1.0
1000,predicate,discrete,914,228.679,1,published_after_gate_recheck,16.616549342870712,4.021951928734779,1.0
1000,global,continuous,915,228.998,0,context_version_changed_at_publish,18.322888761758804,6.985550280660391,1.0
1000,global,continuous,916,229.108,1,published_after_gate_recheck,15.232925303280354,4.487595055252314,1.0
1000,truth,continuous,917,229.313,1,published_after_gate_recheck,20.420982968062162,5.667157005518675,1.0
1000,predicate,discrete,918,229.648,1,published_after_gate_recheck,17.84384995698929,5.124600138515234,1.0
1000,global,continuous,919,229.918,1,published_after_gate_recheck,16.82381797581911,4.533921834081411,1.0
1000,predicate,continuous,920,230.05,1,published_after_gate_recheck,14.850778970867395,3.7620640359818935,1.0
1000,predicate,discrete,921,230.26,1,published_after_gate_recheck,16.490161884576082,4.737805109471083,1.0
1000,truth,continuous,922,230.702,1,published_after_gate_recheck,16.540365759283304,4.2796749621629715,1.0
1000,predicate,continuous,923,230.836,1,published_after_gate_recheck,18.906393088400364,5.127656273543835,1.0
1000,readset,continuous,924,231.099,1,published_after_gate_recheck,18.710196018218994,4.8182751052081585,1.0
1000,opa,continuous,925,231.342,1,opa_allowed_at_gate,12.056938838213682,3.5436847247183323,1.0
1000,truth,continuous,926,231.618,1,published_after_gate_recheck,17.520505003631115,4.659898113459349,1.0
1000,truth,discrete,927,231.973,1,published_after_gate_recheck,17.209962010383606,5.124338902533054,1.0
1000,truth,discrete,928,232.141,1,published_after_gate_recheck,17.253403086215258,4.63085388764739,1.0
1000,global,discrete,929,232.458,1,published_after_gate_recheck,17.157272901386023,4.470653831958771,1.0
1000,readset,continuous,930,232.718,1,published_after_gate_recheck,17.60266814380884,4.792196210473776,1.0
1000,opa,discrete,931,232.842,1,opa_allowed_at_gate,12.143431231379509,3.9058849215507507,1.0
1000,global,continuous,932,233.161,1,published_after_gate_recheck,17.34866201877594,4.551114980131388,1.0
1000,truth,continuous,933,233.383,1,published_after_gate_recheck,17.15616090223193,4.832051228731871,1.0
1000,opa,discrete,934,233.619,1,opa_allowed_at_gate,12.877547647804022,3.6304877139627934,1.0
1000,opa_readset,continuous,935,233.825,1,opa_allowed_at_gate,14.324271120131016,6.728907581418753,1.0
1000,readset,discrete,936,234.055,1,published_after_gate_recheck,16.754246782511473,4.874680656939745,1.0
1000,opa_readset,continuous,937,234.359,1,opa_allowed_at_gate,13.429122976958752,3.5995198413729668,1.0
1000,readset,continuous,938,234.568,1,published_after_gate_recheck,16.37231232598424,4.548599012196064,1.0
1000,truth,discrete,939,234.869,1,published_after_gate_recheck,18.081145826727152,4.824105650186539,1.0
1000,readset,discrete,940,235.135,1,published_after_gate_recheck,17.107469029724598,3.918337170034647,1.0
1000,predicate,continuous,941,235.381,1,published_after_gate_recheck,16.557116992771626,4.515045788139105,1.0
1000,readset,continuous,942,235.742,1,published_after_gate_recheck,17.05418899655342,4.336872138082981,1.0
1000,opa_readset,continuous,943,235.962,1,opa_allowed_at_gate,12.422515079379082,3.4008468501269817,1.0
1000,predicate,discrete,944,236.056,1,published_after_gate_recheck,16.483270097523928,4.378099925816059,1.0
1000,global,discrete,945,236.28,1,published_after_gate_recheck,16.989950090646744,4.5038559474051,1.0
1000,readset,discrete,946,236.637,1,published_after_gate_recheck,18.459554761648178,5.027167033404112,1.0
1000,readset,discrete,947,236.86,1,published_after_gate_recheck,16.238000243902206,4.449393134564161,1.0
1000,opa_readset,continuous,948,237.203,1,opa_allowed_at_gate,13.048607856035233,3.8349111564457417,1.0
1000,truth,discrete,949,237.255,1,published_after_gate_recheck,17.113992013037205,4.841438960283995,1.0
1000,opa_readset,continuous,950,237.642,1,opa_allowed_at_gate,12.233649846166372,4.191590007394552,1.0
1000,opa,discrete,951,237.908,1,opa_allowed_at_gate,12.100399937480688,4.528761841356754,1.0
1000,truth,continuous,952,238.161,1,published_after_gate_recheck,17.796972766518593,5.016285926103592,1.0
1000,opa,continuous,953,238.291,1,opa_allowed_at_gate,13.2679701782763,4.42324485629797,1.0
1000,readset,discrete,954,238.543,1,published_after_gate_recheck,17.503492068499327,5.050018895417452,1.0
1000,opa_readset,discrete,955,238.948,1,opa_allowed_at_gate,11.808231938630342,3.6934358067810535,1.0
1000,opa,continuous,956,239.237,1,opa_allowed_at_gate,11.92633481696248,3.5403291694819927,1.0
1000,global,continuous,957,239.488,1,published_after_gate_recheck,15.91805974021554,4.160331096500158,1.0
1000,readset,continuous,958,239.671,1,published_after_gate_recheck,17.965247854590416,4.6718609519302845,1.0
1000,global,continuous,959,239.896,1,published_after_gate_recheck,17.29678502306342,4.654366988688707,1.0
1000,readset,continuous,960,240.189,1,published_after_gate_recheck,17.734144814312458,4.4153300113976,1.0
1000,readset,continuous,961,240.389,1,published_after_gate_recheck,17.976218834519386,4.599854815751314,1.0
1000,readset,discrete,962,240.554,1,published_after_gate_recheck,16.317819245159626,4.1000377386808395,1.0
1000,opa,discrete,963,240.764,1,opa_allowed_at_gate,10.796104557812214,3.036163281649351,1.0
1000,opa_readset,continuous,964,241.129,1,opa_allowed_at_gate,15.270203817635775,6.608142051845789,1.0
1000,opa_readset,discrete,965,241.335,1,opa_allowed_at_gate,10.889219120144844,3.474876284599304,1.0
1000,global,discrete,966,241.648,1,published_after_gate_recheck,19.32362513616681,5.291142035275698,1.0
1000,opa_readset,discrete,967,241.843,1,opa_allowed_at_gate,11.897650081664324,3.758287988603115,1.0
1000,opa,discrete,968,242.168,1,opa_allowed_at_gate,12.085192371159792,3.2307482324540615,1.0
1000,opa_readset,continuous,969,242.412,1,opa_allowed_at_gate,11.625459883362055,3.439859952777624,1.0
1000,predicate,continuous,970,242.591,1,published_after_gate_recheck,16.966966912150383,4.263945855200291,1.0
1000,global,discrete,971,242.949,1,published_after_gate_recheck,18.058073241263628,4.952876828610897,1.0
1000,readset,continuous,972,243.096,1,published_after_gate_recheck,16.88304916024208,4.146214574575424,1.0
1000,predicate,continuous,973,243.452,1,published_after_gate_recheck,19.988072104752064,5.931001156568527,1.0
1000,truth,continuous,974,243.578,1,published_after_gate_recheck,17.021238338202238,4.7130282036960125,1.0
1000,global,discrete,975,243.871,1,published_after_gate_recheck,17.354142386466265,4.646582994610071,1.0
1000,opa,continuous,976,244.2,1,opa_allowed_at_gate,12.495992239564657,4.17453795671463,1.0
1000,truth,discrete,977,244.423,1,published_after_gate_recheck,17.452767118811607,5.065598990768194,1.0
1000,truth,discrete,978,244.576,1,published_after_gate_recheck,18.15749891102314,4.8499153926968575,1.0
1000,opa_readset,discrete,979,244.805,1,opa_allowed_at_gate,13.182649854570627,3.3834436908364296,1.0
1000,truth,continuous,980,245.052,1,published_after_gate_recheck,17.013513017445803,4.8658838495612144,1.0
1000,truth,continuous,981,245.339,1,published_after_gate_recheck,18.281280994415283,4.704532213509083,1.0
1000,opa,continuous,982,245.635,1,opa_allowed_at_gate,13.046804815530777,3.6441730335354805,1.0
1000,readset,continuous,983,246.0,1,published_after_gate_recheck,18.76445719972253,4.617508035153151,1.0
1000,readset,continuous,984,246.159,1,published_after_gate_recheck,16.84024930000305,4.298369865864515,1.0
1000,readset,discrete,985,246.354,1,published_after_gate_recheck,18.478631041944027,5.056883208453655,1.0
1000,readset,discrete,986,246.684,1,published_after_gate_recheck,19.984854850918055,5.159284919500351,1.0
1000,truth,continuous,987,246.77,1,published_after_gate_recheck,16.657405998557806,4.377278033643961,1.0
1000,opa_readset,continuous,988,247.145,1,opa_allowed_at_gate,10.624282993376255,3.430582582950592,1.0
1000,global,discrete,989,247.381,1,published_after_gate_recheck,16.440157778561115,4.764142911881208,1.0
1000,truth,continuous,990,247.703,1,published_after_gate_recheck,16.806224826723337,3.772604279220104,1.0
1000,predicate,continuous,991,247.896,1,published_after_gate_recheck,16.37603808194399,4.930075258016586,1.0
1000,global,discrete,992,248.126,1,published_after_gate_recheck,17.245528753846884,4.480482079088688,1.0
1000,opa,continuous,993,248.473,1,opa_allowed_at_gate,11.677638161927462,3.3526169136166573,1.0
1000,truth,discrete,994,248.644,1,published_after_gate_recheck,17.69662369042635,4.794660955667496,1.0
1000,global,continuous,995,248.982,1,published_after_gate_recheck,17.3787591047585,4.637585952877998,1.0
1000,opa,discrete,996,249.231,1,opa_allowed_at_gate,10.923583060503006,3.2002408988773823,1.0
1000,truth,discrete,997,249.271,1,published_after_gate_recheck,16.469843685626984,4.512501880526543,1.0
1000,opa,discrete,998,249.51,1,opa_allowed_at_gate,12.354135978966951,3.5380139015614986,1.0
1000,global,discrete,999,249.831,1,published_after_gate_recheck,19.30953934788704,4.8639108426868916,1.0
1000,predicate,discrete,1000,250.172,1,published_after_gate_recheck,16.96182694286108,4.683312028646469,1.0
1000,opa_readset,discrete,1001,250.386,1,opa_allowed_at_gate,12.202272191643715,3.553614020347595,1.0
1000,readset,discrete,1002,250.51,1,published_after_gate_recheck,16.407627146691084,4.511740058660507,1.0
1000,opa,continuous,1003,250.906,1,opa_allowed_at_gate,11.983782052993774,3.3769523724913597,1.0
1000,predicate,continuous,1004,251.029,1,published_after_gate_recheck,16.09229715541005,4.55716485157609,1.0
1000,opa,discrete,1005,251.432,1,opa_allowed_at_gate,11.433360166847706,3.144226036965847,1.0
1000,truth,continuous,1006,251.666,1,published_after_gate_recheck,18.352253828197718,4.685475956648588,1.0
1000,truth,discrete,1007,251.879,1,published_after_gate_recheck,17.089306376874447,4.937178920954466,1.0
1000,global,discrete,1008,252.246,1,published_after_gate_recheck,18.307911232113838,5.10555412620306,1.0
1000,opa_readset,discrete,1009,252.457,1,opa_allowed_at_gate,14.682663138955832,3.76182422041893,1.0
1000,opa,discrete,1010,252.519,1,opa_allowed_at_gate,10.483277961611748,3.6790790036320686,1.0
1000,opa_readset,continuous,1011,252.959,1,opa_allowed_at_gate,14.884591102600098,3.816687036305666,1.0
1000,opa,continuous,1012,253.086,1,opa_allowed_at_gate,10.367821902036667,3.668128978461027,1.0
1000,predicate,continuous,1013,253.272,1,published_after_gate_recheck,17.036777455359697,4.563066177070141,1.0
1000,opa_readset,discrete,1014,253.553,1,opa_allowed_at_gate,10.73807617649436,3.257238306105137,1.0
1000,predicate,continuous,1015,253.761,1,published_after_gate_recheck,17.533839214593172,4.955904092639685,1.0
1000,opa_readset,discrete,1016,254.047,1,opa_allowed_at_gate,10.689484886825085,3.0189608223736286,1.0
1000,readset,discrete,1017,254.288,1,published_after_gate_recheck,17.05836784094572,4.774002358317375,1.0
1000,predicate,discrete,1018,254.598,1,published_after_gate_recheck,17.177661880850792,4.484389442950487,1.0
1000,opa_readset,continuous,1019,254.932,1,opa_allowed_at_gate,11.652801185846329,3.7428378127515316,1.0
1000,opa_readset,continuous,1020,255.102,1,opa_allowed_at_gate,13.12263822183013,5.314715672284365,1.0
1000,predicate,continuous,1021,255.284,1,published_after_gate_recheck,15.995294786989689,4.331872798502445,1.0
1000,truth,discrete,1022,255.689,1,published_after_gate_recheck,17.538677901029587,4.669054877012968,1.0
1000,readset,discrete,1023,255.775,1,published_after_gate_recheck,16.920450143516064,4.711654968559742,1.0
1000,global,discrete,1024,256.201,1,published_after_gate_recheck,18.266222905367613,4.959750920534134,1.0
1000,global,discrete,1025,256.318,1,published_after_gate_recheck,17.244407441467047,4.838603548705578,1.0
1000,readset,discrete,1026,256.526,1,published_after_gate_recheck,16.11789409071207,4.214483313262463,1.0
1000,opa_readset,continuous,1027,256.966,1,opa_allowed_at_gate,11.081358883529902,3.3309971913695335,1.0
1000,global,continuous,1028,257.021,1,published_after_gate_recheck,15.467123594135046,4.940503742545843,1.0
1000,opa_readset,discrete,1029,257.307,1,opa_allowed_at_gate,11.066512204706669,3.5939388908445835,1.0
1000,opa_readset,discrete,1030,257.682,1,opa_allowed_at_gate,10.890891775488853,3.5176859237253666,1.0
1000,predicate,discrete,1031,257.964,1,published_after_gate_recheck,17.312864772975445,4.533941857516766,1.0
1000,opa,continuous,1032,258.094,1,opa_allowed_at_gate,11.500204913318157,3.592155873775482,1.0
1000,global,discrete,1033,258.5,1,published_after_gate_recheck,17.715530935674906,5.197755992412567,1.0
1000,readset,continuous,1034,258.634,1,published_after_gate_recheck,16.645242925733328,4.913804121315479,1.0
1000,truth,continuous,1035,258.872,1,published_after_gate_recheck,18.350780941545963,5.485566798597574,1.0
1000,predicate,discrete,1036,259.235,1,published_after_gate_recheck,17.580657731741667,4.489929880946875,1.0
1000,global,discrete,1037,259.338,1,published_after_gate_recheck,14.97045299038291,4.109626170247793,1.0
1000,opa,continuous,1038,259.716,1,opa_allowed_at_gate,10.714943055063486,3.6202981136739254,1.0
1000,opa,continuous,1039,259.989,1,opa_allowed_at_gate,14.354377053678036,4.229801241308451,1.0
1000,readset,discrete,1040,260.146,1,published_after_gate_recheck,16.830730251967907,4.294843878597021,1.0
1000,opa_readset,discrete,1041,260.409,1,opa_allowed_at_gate,13.764351140707731,4.391764756292105,1.0
1000,opa,continuous,1042,260.721,1,opa_allowed_at_gate,12.21097819507122,3.933797124773264,1.0
1000,opa,continuous,1043,260.881,1,opa_allowed_at_gate,11.473425198346376,3.864586353302002,1.0
1000,opa,continuous,1044,261.084,1,opa_allowed_at_gate,12.136127799749374,3.70273320004344,1.0
1000,readset,continuous,1045,261.326,1,published_after_gate_recheck,17.744203098118305,4.5751286670565605,1.0
1000,readset,continuous,1046,261.688,1,published_after_gate_recheck,17.455262131989002,4.6089221723377705,1.0
1000,global,discrete,1047,261.838,1,published_after_gate_recheck,15.927016269415617,4.552295897156,1.0
1000,readset,discrete,1048,262.047,1,published_after_gate_recheck,19.412791822105646,4.486933816224337,1.0
1000,global,continuous,1049,262.287,1,published_after_gate_recheck,15.95557015389204,4.191569983959198,1.0
1000,opa,continuous,1050,262.713,1,opa_allowed_at_gate,11.935752350836992,3.667006269097328,1.0
1000,predicate,continuous,1051,262.956,1,published_after_gate_recheck,16.90897811204195,4.777798894792795,1.0
1000,opa,discrete,1052,263.088,1,opa_allowed_at_gate,10.836771223694086,3.680031280964613,1.0
1000,opa_readset,continuous,1053,263.441,1,opa_allowed_at_gate,12.359766755253077,4.186571110039949,1.0
1000,truth,discrete,1054,263.537,1,published_after_gate_recheck,15.261037275195122,4.370877053588629,1.0
1000,readset,continuous,1055,263.81,1,published_after_gate_recheck,16.215417068451643,4.213822074234486,1.0
1000,predicate,continuous,1056,264.073,1,published_after_gate_recheck,16.259590163826942,4.421661142259836,1.0
1000,predicate,discrete,1057,264.318,1,published_after_gate_recheck,15.723695047199726,4.443170968443155,1.0
1000,truth,discrete,1058,264.6,1,published_after_gate_recheck,15.903863124549389,4.447710234671831,1.0
1000,readset,continuous,1059,264.751,1,published_after_gate_recheck,15.821758657693863,4.491632804274559,1.0
1000,predicate,discrete,1060,265.21,1,published_after_gate_recheck,17.843961250036955,4.708409309387207,1.0
1000,global,continuous,1061,265.47,1,published_after_gate_recheck,21.54313772916794,4.578855820000172,1.0
1000,opa,discrete,1062,265.635,1,opa_allowed_at_gate,11.368597857654095,3.6441339179873466,1.0
1000,opa_readset,discrete,1063,265.943,1,opa_allowed_at_gate,12.116350699216127,3.7809694185853004,1.0
1000,global,discrete,1064,266.238,1,published_after_gate_recheck,17.149539198726416,4.505117889493704,1.0
1000,predicate,continuous,1065,266.305,1,published_after_gate_recheck,16.284506767988205,4.36606677249074,1.0
1000,readset,continuous,1066,266.559,1,published_after_gate_recheck,17.66975410282612,4.83407499268651,1.0
1000,predicate,discrete,1067,266.852,1,published_after_gate_recheck,17.393927089869976,4.770616069436073,1.0
1000,opa,continuous,1068,267.084,1,opa_allowed_at_gate,12.386977672576904,4.577944986522198,1.0
1000,truth,discrete,1069,267.289,1,published_after_gate_recheck,17.026066780090332,4.879490006715059,1.0
1000,truth,discrete,1070,267.51,1,published_after_gate_recheck,17.242182046175003,4.493266344070435,1.0
1000,opa,continuous,1071,267.753,1,opa_allowed_at_gate,11.205423157662153,3.3479579724371433,1.0
1000,global,continuous,1072,268.023,1,published_after_gate_recheck,18.9906214363873,5.468844901770353,1.0
1000,opa,continuous,1073,268.454,1,opa_allowed_at_gate,11.08267204836011,3.3644591458141804,1.0
1000,opa_readset,discrete,1074,268.664,1,opa_allowed_at_gate,11.039530858397484,3.4199426881968975,1.0
1000,opa,discrete,1075,268.757,1,opa_allowed_at_gate,10.796134825795889,3.831624984741211,1.0
1000,truth,discrete,1076,269.15,1,published_after_gate_recheck,17.245739232748747,4.59305290132761,1.0
1000,opa_readset,continuous,1077,269.36,1,opa_allowed_at_gate,12.156165204942226,3.51149495691061,1.0
1000,opa,discrete,1078,269.681,1,opa_allowed_at_gate,14.264648780226707,3.5850321874022484,1.0
1000,opa,continuous,1079,269.75,1,opa_allowed_at_gate,14.449615962803364,4.001304041594267,1.0
1000,global,continuous,1080,270.107,1,published_after_gate_recheck,18.956066574901342,5.128677003085613,1.0
1000,predicate,discrete,1081,270.446,1,published_after_gate_recheck,16.1083759739995,4.565651994198561,1.0
1000,readset,continuous,1082,270.686,1,published_after_gate_recheck,17.322232946753502,4.542296752333641,1.0
1000,truth,continuous,1083,270.873,1,published_after_gate_recheck,17.46281608939171,4.994304850697517,1.0
1000,truth,discrete,1084,271.145,1,published_after_gate_recheck,15.724817756563425,4.693971946835518,1.0
1000,truth,discrete,1085,271.334,1,published_after_gate_recheck,17.809064593166113,4.389501176774502,1.0
1000,global,continuous,1086,271.675,1,published_after_gate_recheck,16.519426833838224,4.290795885026455,1.0
1000,opa_readset,continuous,1087,271.93,1,opa_allowed_at_gate,13.038429897278547,4.085991997271776,1.0
1000,opa,continuous,1088,272.202,1,opa_allowed_at_gate,12.805742677301168,4.08003106713295,1.0
1000,opa,discrete,1089,272.364,1,opa_allowed_at_gate,10.954380966722965,3.0779223889112473,1.0
1000,truth,continuous,1090,272.64,1,published_after_gate_recheck,16.518795862793922,4.420249257236719,1.0
1000,predicate,discrete,1091,272.946,1,published_after_gate_recheck,17.37947016954422,4.5770020224153996,1.0
1000,global,continuous,1092,273.062,1,published_after_gate_recheck,15.864348970353603,4.711784888058901,1.0
1000,opa,discrete,1093,273.262,1,opa_allowed_at_gate,13.529840856790543,5.389566067606211,1.0
1000,readset,continuous,1094,273.632,1,published_after_gate_recheck,17.246601171791553,4.934272728860378,1.0
1000,global,continuous,1095,273.853,1,published_after_gate_recheck,15.172861982136965,4.239390138536692,1.0
1000,predicate,discrete,1096,274.007,1,published_after_gate_recheck,17.666959203779697,4.372248891741037,1.0
1000,predicate,discrete,1097,274.377,1,published_after_gate_recheck,17.162653151899576,4.627106711268425,1.0
1000,predicate,discrete,1098,274.691,1,published_after_gate_recheck,17.39327609539032,4.496632143855095,1.0
1000,opa_readset,discrete,1099,274.99,1,opa_allowed_at_gate,12.93216971680522,3.4916880540549755,1.0
1000,global,continuous,1100,275.248,1,published_after_gate_recheck,18.12631031498313,4.870702978223562,1.0
1000,truth,discrete,1101,275.267,1,published_after_gate_recheck,14.667354058474302,4.52537601813674,1.0
1000,readset,discrete,1102,275.619,1,published_after_gate_recheck,16.522322315722704,4.079779610037804,1.0
1000,readset,continuous,1103,275.995,0,read_set_version_changed_at_gate,21.694921888411045,6.075712852180004,1.0
1000,truth,continuous,1104,276.022,1,published_after_gate_recheck,15.97863296046853,4.733285866677761,1.0
1000,truth,discrete,1105,276.324,1,published_after_gate_recheck,17.021528910845518,4.663224797695875,1.0
1000,readset,continuous,1106,276.66,1,published_after_gate_recheck,16.791696660220623,4.580940119922161,1.0
1000,opa,discrete,1107,276.813,1,opa_allowed_at_gate,11.822039261460304,3.3898367546498775,1.0
1000,opa_readset,continuous,1108,277.04,1,opa_allowed_at_gate,11.107278056442738,3.507317043840885,1.0
1000,opa,discrete,1109,277.375,1,opa_allowed_at_gate,12.62914203107357,3.4880908206105232,1.0
1000,readset,discrete,1110,277.572,1,published_after_gate_recheck,17.639937810599804,4.677460994571447,1.0
1000,opa_readset,discrete,1111,277.912,1,opa_allowed_at_gate,10.848522651940584,3.4100553020834923,1.0
1000,global,discrete,1112,278.092,1,published_after_gate_recheck,15.943306032568216,4.601798951625824,1.0
1000,opa,continuous,1113,278.396,1,opa_allowed_at_gate,13.59029533341527,5.564505234360695,1.0
1000,global,continuous,1114,278.636,1,published_after_gate_recheck,16.43376611173153,4.234209656715393,1.0
1000,truth,continuous,1115,278.974,1,published_after_gate_recheck,16.417354810982943,4.631876014173031,1.0
1000,predicate,discrete,1116,279.112,1,published_after_gate_recheck,15.374921262264252,4.540264140814543,1.0
1000,truth,discrete,1117,279.257,1,published_after_gate_recheck,15.841715969145298,4.313748795539141,1.0
1000,global,continuous,1118,279.592,1,published_after_gate_recheck,16.79449202492833,4.37843007966876,1.0
1000,opa_readset,continuous,1119,279.857,1,opa_allowed_at_gate,12.337745632976294,3.8944832049310207,1.0
1000,opa_readset,continuous,1120,280.038,1,opa_allowed_at_gate,11.238904669880867,3.808201290667057,1.0
1000,opa,continuous,1121,280.493,1,opa_allowed_at_gate,10.92744106426835,3.085525706410408,1.0
1000,global,discrete,1122,280.571,1,published_after_gate_recheck,17.323584761470556,4.972515162080526,1.0
1000,opa_readset,continuous,1123,280.948,1,opa_allowed_at_gate,12.13049702346325,3.3241440542042255,1.0
1000,opa_readset,continuous,1124,281.183,1,opa_allowed_at_gate,15.320708975195885,6.9205267354846,1.0
1000,global,discrete,1125,281.375,1,published_after_gate_recheck,16.916571650654078,4.588223062455654,1.0
1000,predicate,discrete,1126,281.58,1,published_after_gate_recheck,16.347714699804783,4.469540901482105,1.0
1000,truth,continuous,1127,281.85,1,published_after_gate_recheck,18.967547919601202,5.48534607514739,1.0
1000,global,continuous,1128,282.098,1,published_after_gate_recheck,17.9868689738214,4.587272182106972,1.0
1000,predicate,discrete,1129,282.291,1,published_after_gate_recheck,16.98130276054144,5.066400859504938,1.0
1000,readset,continuous,1130,282.518,1,published_after_gate_recheck,17.589394003152847,4.874750971794128,1.0
1000,predicate,discrete,1131,282.866,1,published_after_gate_recheck,17.019494902342558,4.626115318387747,1.0
1000,predicate,continuous,1132,283.04,1,published_after_gate_recheck,17.28286873549223,4.757992923259735,1.0
1000,predicate,discrete,1133,283.277,1,published_after_gate_recheck,17.874368000775576,4.842420108616352,1.0
1000,truth,continuous,1134,283.54,1,published_after_gate_recheck,16.763505060225725,4.802835639566183,1.0
1000,readset,discrete,1135,283.818,1,published_after_gate_recheck,17.082203179597855,4.775624722242355,1.0
1000,opa_readset,continuous,1136,284.206,1,opa_allowed_at_gate,11.621523182839155,3.1995601020753384,1.0
1000,opa_readset,continuous,1137,284.379,1,opa_allowed_at_gate,11.842286214232445,3.272928297519684,1.0
1000,opa_readset,continuous,1138,284.705,1,opa_allowed_at_gate,11.606493964791298,3.6796601489186287,1.0
1000,readset,continuous,1139,284.859,1,published_after_gate_recheck,16.238759737461805,4.455505404621363,1.0
1000,truth,continuous,1140,285.012,1,published_after_gate_recheck,16.137660946696997,4.7512599267065525,1.0
1000,global,continuous,1141,285.406,1,published_after_gate_recheck,25.432721246033907,8.404831402003765,1.0
1000,truth,continuous,1142,285.692,1,published_after_gate_recheck,17.23119104281068,4.674425348639488,1.0
1000,global,continuous,1143,285.803,1,published_after_gate_recheck,17.341519240289927,4.610234871506691,1.0
1000,predicate,continuous,1144,286.126,1,published_after_gate_recheck,18.9339448697865,5.703414790332317,1.0
1000,opa_readset,discrete,1145,286.344,1,opa_allowed_at_gate,11.55063882470131,3.385768737643957,1.0
1000,opa_readset,continuous,1146,286.596,1,opa_allowed_at_gate,13.671246822923422,5.465308204293251,1.0
1000,truth,discrete,1147,286.872,1,published_after_gate_recheck,17.98836188390851,4.895840771496296,1.0
1000,opa_readset,continuous,1148,287.248,1,opa_allowed_at_gate,11.969204992055893,3.913187887519598,1.0
1000,readset,discrete,1149,287.31,1,published_after_gate_recheck,16.362201888114214,4.63769631460309,1.0
1000,truth,discrete,1150,287.512,1,published_after_gate_recheck,16.163459047675133,4.722164943814278,1.0
1000,opa,discrete,1151,287.892,1,opa_allowed_at_gate,11.936482973396778,3.8156448863446712,1.0
1000,global,discrete,1152,288.002,1,published_after_gate_recheck,19.001110922545195,5.1444172859191895,1.0
1000,predicate,continuous,1153,288.266,1,published_after_gate_recheck,21.87121333554387,5.1652356050908566,1.0
1000,opa,continuous,1154,288.52,1,opa_allowed_at_gate,12.927781790494919,4.2321463115513325,1.0
1000,global,continuous,1155,288.805,1,published_after_gate_recheck,17.79932714998722,4.696357063949108,1.0
1000,predicate,continuous,1156,289.204,1,published_after_gate_recheck,17.882463056594133,4.727835766971111,1.0
1000,global,continuous,1157,289.475,1,published_after_gate_recheck,18.07981263846159,4.682050086557865,1.0
1000,predicate,continuous,1158,289.733,1,published_after_gate_recheck,17.674122005701065,4.967123735696077,1.0
1000,opa,discrete,1159,289.769,1,opa_allowed_at_gate,12.240303214639425,3.3694389276206493,1.0
1000,global,discrete,1160,290.245,1,published_after_gate_recheck,18.51610094308853,5.151770077645779,1.0
1000,predicate,discrete,1161,290.495,1,published_after_gate_recheck,22.4005663767457,5.548965185880661,1.0
1000,opa_readset,discrete,1162,290.673,1,opa_allowed_at_gate,11.366854887455702,3.7177307531237602,1.0
1000,opa,discrete,1163,290.924,1,opa_allowed_at_gate,14.3133201636374,4.110068082809448,1.0
1000,readset,discrete,1164,291.109,1,published_after_gate_recheck,16.420180909335613,4.231895320117474,1.0
1000,opa,continuous,1165,291.483,1,opa_allowed_at_gate,11.639415752142668,3.7574563175439835,1.0
1000,opa_readset,discrete,1166,291.739,1,opa_allowed_at_gate,10.113163851201534,3.2888073474168777,1.0
1000,global,continuous,1167,291.865,1,published_after_gate_recheck,16.301909927278757,4.5256358571350574,1.0
1000,opa,discrete,1168,292.166,1,opa_allowed_at_gate,11.111204978078604,3.1038299202919006,1.0
1000,predicate,discrete,1169,292.476,1,published_after_gate_recheck,17.508300952613354,4.848470911383629,1.0
1000,global,continuous,1170,292.632,1,published_after_gate_recheck,19.285302609205246,4.983664955943823,1.0
1000,readset,discrete,1171,292.877,1,published_after_gate_recheck,17.936344258487225,4.4410377740859985,1.0
1000,opa_readset,continuous,1172,293.112,1,opa_allowed_at_gate,12.708912137895823,3.8400311022996902,1.0
1000,predicate,discrete,1173,293.399,1,published_after_gate_recheck,17.614269629120827,4.428844898939133,1.0
1000,truth,discrete,1174,293.581,1,published_after_gate_recheck,17.05115521326661,4.081463906913996,1.0
1000,opa_readset,continuous,1175,293.978,1,opa_allowed_at_gate,20.106462761759758,4.0960609912872314,1.0
1000,opa_readset,discrete,1176,294.157,1,opa_allowed_at_gate,11.616662610322237,3.4302822314202785,1.0
1000,readset,continuous,1177,294.386,1,published_after_gate_recheck,16.527442261576653,4.502702970057726,1.0
1000,truth,discrete,1178,294.531,1,published_after_gate_recheck,15.698828268796206,4.555551800876856,1.0
1000,readset,discrete,1179,294.947,1,published_after_gate_recheck,17.173564061522484,4.542428068816662,1.0
1000,global,continuous,1180,295.234,1,published_after_gate_recheck,20.760769955813885,8.683683816343546,1.0
1000,opa_readset,continuous,1181,295.428,1,opa_allowed_at_gate,12.970080599188805,3.690791316330433,1.0
1000,readset,discrete,1182,295.742,1,published_after_gate_recheck,16.573347616940737,4.275477956980467,1.0
1000,opa,discrete,1183,295.826,1,opa_allowed_at_gate,10.194706730544567,3.3914302475750446,1.0
1000,predicate,discrete,1184,296.003,1,published_after_gate_recheck,16.09095372259617,4.460785072296858,1.0
1000,opa_readset,discrete,1185,296.488,1,opa_allowed_at_gate,11.225930880755186,3.2537118531763554,1.0
1000,truth,continuous,1186,296.695,1,published_after_gate_recheck,17.557905055582523,4.686207044869661,1.0
1000,opa,discrete,1187,296.855,1,opa_allowed_at_gate,13.10798991471529,4.6393489465117455,1.0
1000,predicate,continuous,1188,297.028,1,published_after_gate_recheck,16.103386878967285,4.674195311963558,1.0
1000,truth,continuous,1189,297.293,1,published_after_gate_recheck,21.39548072591424,4.807786084711552,1.0
1000,global,discrete,1190,297.636,1,published_after_gate_recheck,17.390870954841375,4.577673971652985,1.0
1000,readset,discrete,1191,297.864,1,published_after_gate_recheck,17.423412296921015,4.836709704250097,1.0
1000,truth,continuous,1192,298.185,1,published_after_gate_recheck,16.719593200832605,4.946204833686352,1.0
1000,opa_readset,continuous,1193,298.421,1,opa_allowed_at_gate,11.075438931584358,3.04238498210907,1.0
1000,readset,continuous,1194,298.749,1,published_after_gate_recheck,16.14033617079258,3.962310031056404,1.0
1000,truth,continuous,1195,298.935,1,published_after_gate_recheck,18.136209342628717,5.052703898400068,1.0
1000,predicate,continuous,1196,299.1,1,published_after_gate_recheck,15.398073941469193,4.248557146638632,1.0
1000,predicate,discrete,1197,299.42,1,published_after_gate_recheck,20.712620113044977,4.966652952134609,1.0
1000,opa,discrete,1198,299.504,1,opa_allowed_at_gate,12.333838734775782,4.153259098529816,1.0
1000,opa_readset,discrete,1199,299.861,1,opa_allowed_at_gate,12.686730828136206,3.8376660086214542,1.0
100,opa,continuous,0,0.242,1,opa_allowed_at_gate,11.733321938663721,3.206163179129362,10.0
100,opa_readset,continuous,1,0.413,1,opa_allowed_at_gate,13.679260853677988,5.4099950939416885,10.0
100,global,continuous,2,0.599,1,published_after_gate_recheck,20.109860226511955,4.743484780192375,10.0
100,readset,continuous,3,0.773,1,published_after_gate_recheck,18.94938386976719,5.074806045740843,10.0
100,predicate,discrete,4,1.14,1,published_after_gate_recheck,16.376608982682228,4.469381645321846,10.0
100,opa_readset,discrete,5,1.298,1,opa_allowed_at_gate,12.331694830209017,3.4732031635940075,10.0
100,predicate,continuous,6,1.525,1,published_after_gate_recheck,16.924806870520115,4.64616296812892,10.0
100,opa,discrete,7,1.923,1,opa_allowed_at_gate,13.020625803619623,4.233147948980331,10.0
100,global,discrete,8,2.045,1,published_after_gate_recheck,16.284476034343243,4.4288551434874535,10.0
100,truth,continuous,9,2.37,1,published_after_gate_recheck,16.890632919967175,4.981060046702623,10.0
100,global,discrete,10,2.594,0,context_version_changed_at_publish,20.271323155611753,8.769434876739979,10.0
100,truth,discrete,11,2.962,1,published_after_gate_recheck,16.605437733232975,4.44644782692194,10.0
100,predicate,discrete,12,3.239,1,published_after_gate_recheck,16.99362602084875,4.866836126893759,10.0
100,opa,discrete,13,3.302,1,opa_allowed_at_gate,11.437427252531052,3.785839304327965,10.0
100,readset,continuous,14,3.722,1,published_after_gate_recheck,16.207742039114237,4.695775918662548,10.0
100,readset,continuous,15,3.78,1,published_after_gate_recheck,22.802629973739386,5.017588846385479,10.0
100,opa_readset,discrete,16,4.171,1,opa_allowed_at_gate,10.774794034659863,3.199999686330557,10.0
100,opa,discrete,17,4.429,1,opa_allowed_at_gate,13.646570034325123,5.608878098428249,10.0
100,readset,discrete,18,4.72,1,published_after_gate_recheck,16.208193264901638,4.642816260457039,10.0
100,readset,continuous,19,4.986,1,published_after_gate_recheck,22.094791755080223,5.744743160903454,10.0
100,opa_readset,continuous,20,5.24,1,opa_allowed_at_gate,11.17584714666009,3.1455890275537968,10.0
100,readset,continuous,21,5.322,1,published_after_gate_recheck,15.722072217613459,4.990086890757084,10.0
100,predicate,continuous,22,5.526,1,published_after_gate_recheck,15.384018886834383,4.335429053753614,10.0
100,readset,continuous,23,5.759,1,published_after_gate_recheck,15.964736696332693,4.5470669865608215,10.0
100,opa_readset,continuous,24,6.154,1,opa_allowed_at_gate,11.60893915221095,3.628212958574295,10.0
100,opa_readset,continuous,25,6.316,1,opa_allowed_at_gate,11.878685094416142,3.946891985833645,10.0
100,predicate,continuous,26,6.695,1,published_after_gate_recheck,19.551643170416355,6.12872326746583,10.0
100,global,continuous,27,6.906,1,published_after_gate_recheck,18.46521580591798,4.925616085529327,10.0
100,global,continuous,28,7.059,1,published_after_gate_recheck,16.09432976692915,4.38828906044364,10.0
100,global,continuous,29,7.453,1,published_after_gate_recheck,17.349984031170607,4.554651211947203,10.0
100,global,continuous,30,7.668,1,published_after_gate_recheck,16.069453209638596,4.6163261868059635,10.0
100,readset,continuous,31,7.872,1,published_after_gate_recheck,16.47451287135482,4.6928199008107185,10.0
100,truth,discrete,32,8.191,1,published_after_gate_recheck,16.626939177513123,4.4704326428473,10.0
100,readset,discrete,33,8.275,1,published_after_gate_recheck,16.367251984775066,4.930837079882622,10.0
100,truth,discrete,34,8.687,1,published_after_gate_recheck,16.958401072770357,4.522820934653282,10.0
100,truth,discrete,35,8.754,1,published_after_gate_recheck,16.32853876799345,4.567915108054876,10.0
100,global,continuous,36,9.077,1,published_after_gate_recheck,16.32016384974122,4.365365952253342,10.0
100,predicate,discrete,37,9.376,1,published_after_gate_recheck,15.303045976907015,4.479831084609032,10.0
100,opa,discrete,38,9.552,1,opa_allowed_at_gate,11.647812090814114,3.52640263736248,10.0
100,global,continuous,39,9.913,1,published_after_gate_recheck,16.524787060916424,4.886372946202755,10.0
100,truth,continuous,40,10.124,1,published_after_gate_recheck,19.588822964578867,5.756493657827377,10.0
100,global,continuous,41,10.392,1,published_after_gate_recheck,18.344889860600233,5.136230960488319,10.0
100,global,discrete,42,10.577,1,published_after_gate_recheck,16.29446493461728,4.750519059598446,10.0
100,readset,continuous,43,10.798,0,read_set_version_changed_at_gate,19.153336994349957,6.851688027381897,10.0
100,readset,discrete,44,11.096,1,published_after_gate_recheck,19.96931666508317,7.007239852100611,10.0
100,global,continuous,45,11.288,1,published_after_gate_recheck,17.101988662034273,5.100714974105358,10.0
100,global,discrete,46,11.683,1,published_after_gate_recheck,17.699490301311016,4.459954332560301,10.0
100,predicate,discrete,47,11.908,1,published_after_gate_recheck,16.909899655729532,4.532619845122099,10.0
100,opa_readset,discrete,48,12.208,1,opa_allowed_at_gate,11.088543105870485,3.5213232040405273,10.0
100,predicate,discrete,49,12.338,1,published_after_gate_recheck,18.666913732886314,5.153974983841181,10.0
100,opa_readset,discrete,50,12.6,1,opa_allowed_at_gate,10.84067765623331,3.1344471499323845,10.0
100,global,discrete,51,12.771,1,published_after_gate_recheck,16.077799256891012,4.604272544384003,10.0
100,global,continuous,52,13.046,1,published_after_gate_recheck,16.052961815148592,4.279343876987696,10.0
100,truth,continuous,53,13.424,1,published_after_gate_recheck,16.671261750161648,4.860915243625641,10.0
100,opa,continuous,54,13.729,1,opa_allowed_at_gate,13.729906175285578,5.430352874100208,10.0
100,global,continuous,55,13.82,1,published_after_gate_recheck,16.818928997963667,4.691828042268753,10.0
100,readset,discrete,56,14.013,1,published_after_gate_recheck,17.043250147253275,4.443683195859194,10.0
100,opa,continuous,57,14.345,1,opa_allowed_at_gate,11.122466996312141,3.5648848861455917,10.0
100,readset,continuous,58,14.745,1,published_after_gate_recheck,19.50149890035391,4.982763901352882,10.0
100,predicate,discrete,59,14.769,1,published_after_gate_recheck,16.438745893537998,4.6096439473330975,10.0
100,opa_readset,discrete,60,15.036,1,opa_allowed_at_gate,11.829323135316372,3.4794951789081097,10.0
100,predicate,continuous,61,15.486,1,published_after_gate_recheck,15.790749806910753,4.276238847523928,10.0
100,opa,discrete,62,15.684,1,opa_allowed_at_gate,10.354797821491957,3.371552098542452,10.0
100,global,continuous,63,15.763,1,published_after_gate_recheck,15.658482909202576,4.129533655941486,10.0
100,readset,discrete,64,16.208,1,published_after_gate_recheck,18.005793914198875,4.666119813919067,10.0
100,opa_readset,discrete,65,16.411,1,opa_allowed_at_gate,11.546000838279724,3.7370268255472183,10.0
100,opa,discrete,66,16.569,1,opa_allowed_at_gate,14.795253984630108,6.07082387432456,10.0
100,readset,discrete,67,16.845,1,published_after_gate_recheck,18.010683823376894,4.892715252935886,10.0
100,opa,continuous,68,17.205,1,opa_allowed_at_gate,14.932019636034966,5.157701205462217,10.0
100,opa,discrete,69,17.367,1,opa_allowed_at_gate,11.629146989434958,3.682696260511875,10.0
100,predicate,discrete,70,17.512,1,published_after_gate_recheck,16.397178173065186,4.805781878530979,10.0
100,readset,discrete,71,17.931,1,published_after_gate_recheck,21.943958941847086,4.9807000905275345,10.0
100,opa_readset,continuous,72,18.12,1,opa_allowed_at_gate,10.637537110596895,3.595491871237755,10.0
100,global,discrete,73,18.425,1,published_after_gate_recheck,15.810857992619276,4.375815391540527,10.0
100,global,continuous,74,18.528,1,published_after_gate_recheck,15.082082245498896,4.433865193277597,10.0
100,truth,discrete,75,18.893,1,published_after_gate_recheck,22.60396722704172,9.420273825526237,10.0
100,opa_readset,discrete,76,19.014,1,opa_allowed_at_gate,12.744958978146315,3.4603383392095566,10.0
100,readset,discrete,77,19.296,1,published_after_gate_recheck,18.56309873983264,5.859497934579849,10.0
100,opa,discrete,78,19.512,1,opa_allowed_at_gate,12.855486944317818,3.600411117076874,10.0
100,global,discrete,79,19.806,1,published_after_gate_recheck,17.999722622334957,5.193129181861877,10.0
100,opa,continuous,80,20.08,1,opa_allowed_at_gate,11.824904009699821,3.966568037867546,10.0
100,opa,discrete,81,20.375,1,opa_allowed_at_gate,11.867673601955175,3.6825849674642086,10.0
100,opa_readset,discrete,82,20.543,1,opa_allowed_at_gate,12.116701807826757,3.104431089013815,10.0
100,global,discrete,83,20.843,1,published_after_gate_recheck,18.146948888897896,4.519876092672348,10.0
100,global,continuous,84,21.079,1,published_after_gate_recheck,18.698533065617085,5.671985913068056,10.0
100,readset,continuous,85,21.258,1,published_after_gate_recheck,16.64698589593172,4.317124839872122,10.0
100,truth,continuous,86,21.567,1,published_after_gate_recheck,16.19862485677004,4.318388178944588,10.0
100,global,discrete,87,21.965,1,published_after_gate_recheck,17.44833867996931,4.538882058113813,10.0
100,truth,continuous,88,22.012,1,published_after_gate_recheck,15.854440163820982,4.572655074298382,10.0
100,opa,continuous,89,22.395,1,opa_allowed_at_gate,13.747339136898518,3.735033795237541,10.0
100,readset,continuous,90,22.745,1,published_after_gate_recheck,22.37196173518896,4.711744841188192,10.0
100,readset,continuous,91,22.84,1,published_after_gate_recheck,15.198139939457178,4.770124331116676,10.0
100,readset,continuous,92,23.065,1,published_after_gate_recheck,16.24576421454549,4.353904630988836,10.0
100,global,discrete,93,23.471,1,published_after_gate_recheck,17.588992603123188,4.6035731211304665,10.0
100,opa_readset,continuous,94,23.634,1,opa_allowed_at_gate,12.53508497029543,3.479784820228815,10.0
100,opa,discrete,95,23.915,1,opa_allowed_at_gate,10.37975400686264,3.5225246101617813,10.0
100,readset,discrete,96,24.114,1,published_after_gate_recheck,16.180080827325583,4.516118206083775,10.0
100,predicate,discrete,97,24.447,1,published_after_gate_recheck,16.212270595133305,5.128948017954826,10.0
100,opa,continuous,98,24.574,1,opa_allowed_at_gate,10.930587071925402,3.8169482722878456,10.0
100,predicate,discrete,99,24.82,1,published_after_gate_recheck,16.797478776425123,4.47296816855669,10.0
100,opa,discrete,100,25.012,1,opa_allowed_at_gate,11.974014341831207,4.011832643300295,10.0
100,opa_readset,discrete,101,25.264,1,opa_allowed_at_gate,15.115084126591682,5.495925899595022,10.0
100,predicate,continuous,102,25.576,1,published_after_gate_recheck,16.39459328725934,4.613250959664583,10.0
100,opa_readset,discrete,103,25.858,1,opa_allowed_at_gate,14.946667943149805,4.1574155911803246,10.0
100,predicate,discrete,104,26.166,1,published_after_gate_recheck,16.10969891771674,4.3417420238256454,10.0
100,truth,continuous,105,26.258,1,published_after_gate_recheck,15.863797161728144,4.555413033813238,10.0
100,opa_readset,discrete,106,26.606,1,opa_allowed_at_gate,11.209721211344004,3.3404743298888206,10.0
100,opa_readset,continuous,107,26.849,1,opa_allowed_at_gate,13.226603157818317,3.7921410985291004,10.0
100,opa_readset,continuous,108,27.085,1,opa_allowed_at_gate,11.87689183279872,3.412559162825346,10.0
100,global,discrete,109,27.42,1,published_after_gate_recheck,17.14110327884555,5.284840241074562,10.0
100,predicate,discrete,110,27.71,1,published_after_gate_recheck,16.024298034608364,4.373590927571058,10.0
100,opa_readset,discrete,111,27.808,1,opa_allowed_at_gate,13.93564185127616,3.561548888683319,10.0
100,predicate,continuous,112,28.079,1,published_after_gate_recheck,15.589915215969086,4.016362130641937,10.0
100,readset,continuous,113,28.484,1,published_after_gate_recheck,15.889556147158146,4.406373016536236,10.0
100,opa_readset,discrete,114,28.725,1,opa_allowed_at_gate,10.988415218889713,3.1796926632523537,10.0
100,readset,discrete,115,28.913,1,published_after_gate_recheck,14.795564580708742,4.430448170751333,10.0
100,readset,continuous,116,29.118,1,published_after_gate_recheck,14.977875631302595,4.20738011598587,10.0
100,global,continuous,117,29.273,1,published_after_gate_recheck,15.276396181434393,4.260790068656206,10.0
100,truth,continuous,118,29.667,1,published_after_gate_recheck,16.78491523489356,4.75790211930871,10.0
100,opa_readset,discrete,119,29.848,1,opa_allowed_at_gate,12.310454621911049,3.697994165122509,10.0
100,truth,discrete,120,30.243,1,published_after_gate_recheck,17.252561636269093,5.1309410482645035,10.0
100,truth,continuous,121,30.421,1,published_after_gate_recheck,15.526696108281612,4.475483205169439,10.0
100,readset,discrete,122,30.57,1,published_after_gate_recheck,19.972992595285177,4.96550090610981,10.0
100,global,continuous,123,30.846,1,published_after_gate_recheck,16.319431830197573,4.579938016831875,10.0
100,truth,discrete,124,31.011,1,published_after_gate_recheck,15.45927906408906,4.655109252780676,10.0
100,readset,continuous,125,31.367,1,published_after_gate_recheck,18.443604931235313,6.937749683856964,10.0
100,opa,discrete,126,31.675,1,opa_allowed_at_gate,10.805111844092607,3.3135940320789814,10.0
100,predicate,discrete,127,31.857,1,published_after_gate_recheck,15.620531979948282,4.865183029323816,10.0
100,global,discrete,128,32.121,1,published_after_gate_recheck,16.854375135153532,4.6771010383963585,10.0
100,truth,continuous,129,32.306,1,published_after_gate_recheck,15.897820703685284,4.410932306200266,10.0
100,opa,continuous,130,32.558,1,opa_allowed_at_gate,11.232703924179077,3.970826044678688,10.0
100,predicate,discrete,131,32.97,1,published_after_gate_recheck,16.52848394587636,4.599936306476593,10.0
100,global,continuous,132,33.09,1,published_after_gate_recheck,15.337822027504444,4.249508958309889,10.0
100,predicate,continuous,133,33.336,1,published_after_gate_recheck,16.8923856690526,4.558939021080732,10.0
100,readset,discrete,134,33.702,1,published_after_gate_recheck,17.654635943472385,4.75972518324852,10.0
100,readset,continuous,135,33.88,1,published_after_gate_recheck,16.416743863373995,4.614362958818674,10.0
100,predicate,discrete,136,34.209,1,published_after_gate_recheck,16.812396235764027,4.429786000400782,10.0
100,global,discrete,137,34.357,1,published_after_gate_recheck,19.04260879382491,5.011026281863451,10.0
100,global,discrete,138,34.57,1,published_after_gate_recheck,16.0183678381145,4.012274090200663,10.0
100,opa,discrete,139,34.808,1,opa_allowed_at_gate,10.10624086484313,3.2412479631602764,10.0
100,predicate,continuous,140,35.032,1,published_after_gate_recheck,14.357803855091333,4.217759240418673,10.0
100,opa_readset,discrete,141,35.25,1,opa_allowed_at_gate,9.98266926035285,2.9409253038465977,10.0
100,readset,discrete,142,35.682,1,published_after_gate_recheck,16.082497779279947,4.4173127971589565,10.0
100,opa_readset,continuous,143,35.845,1,opa_allowed_at_gate,11.77270570769906,3.470388241112232,10.0
100,global,discrete,144,36.212,1,published_after_gate_recheck,16.677082981914282,4.47849789634347,10.0
100,readset,discrete,145,36.437,1,published_after_gate_recheck,16.934045124799013,4.622627981007099,10.0
100,global,discrete,146,36.527,1,published_after_gate_recheck,15.65345423296094,4.737843759357929,10.0
100,readset,discrete,147,36.807,1,published_after_gate_recheck,17.372055910527706,4.825778771191835,10.0
100,opa,discrete,148,37.197,1,opa_allowed_at_gate,12.48552231118083,3.3461949788033962,10.0
100,readset,continuous,149,37.441,1,published_after_gate_recheck,15.904714353382587,4.639619961380959,10.0
100,opa,discrete,150,37.643,1,opa_allowed_at_gate,10.346942581236362,3.1578107737004757,10.0
100,opa,continuous,151,37.794,1,opa_allowed_at_gate,11.597607750445604,3.4706280566751957,10.0
100,opa,continuous,152,38.166,1,opa_allowed_at_gate,10.763794183731079,3.291863016784191,10.0
100,readset,continuous,153,38.267,1,published_after_gate_recheck,15.731509774923325,4.7852941788733006,10.0
100,truth,discrete,154,38.55,1,published_after_gate_recheck,16.24422101303935,4.830497782677412,10.0
100,readset,discrete,155,38.831,1,published_after_gate_recheck,15.944208018481731,4.318037070333958,10.0
100,truth,continuous,156,39.227,1,published_after_gate_recheck,16.607151832431555,4.891722928732634,10.0
100,opa_readset,continuous,157,39.346,1,opa_allowed_at_gate,10.388089809566736,3.518887795507908,10.0
100,truth,discrete,158,39.7,1,published_after_gate_recheck,19.353723153471947,4.838613793253899,10.0
100,truth,continuous,159,39.798,1,published_after_gate_recheck,20.80156607553363,4.440117161720991,10.0
100,readset,discrete,160,40.173,1,published_after_gate_recheck,16.547059174627066,4.74577909335494,10.0
100,global,discrete,161,40.491,1,published_after_gate_recheck,15.725447796285152,4.474371206015348,10.0
100,predicate,discrete,162,40.714,1,published_after_gate_recheck,16.616599168628454,4.449073225259781,10.0
100,truth,discrete,163,40.809,1,published_after_gate_recheck,16.555284149944782,4.385924898087978,10.0
100,truth,discrete,164,41.161,1,published_after_gate_recheck,17.387615982443094,4.822582937777042,10.0
100,global,discrete,165,41.361,1,published_after_gate_recheck,16.92544762045145,4.851306788623333,10.0
100,readset,continuous,166,41.64,1,published_after_gate_recheck,16.481455881148577,4.3425229378044605,10.0
100,truth,continuous,167,41.904,1,published_after_gate_recheck,16.657405998557806,4.25784382969141,10.0
100,truth,discrete,168,42.17,1,published_after_gate_recheck,19.037759862840176,4.988294094800949,10.0
100,readset,continuous,169,42.311,1,published_after_gate_recheck,16.180672217160463,4.382388200610876,10.0
100,readset,continuous,170,42.503,1,published_after_gate_recheck,15.82096703350544,4.26619965583086,10.0
100,global,discrete,171,42.766,1,published_after_gate_recheck,16.333068255335093,4.629812203347683,10.0
100,opa,discrete,172,43.228,1,opa_allowed_at_gate,10.731413960456848,3.3070407807826996,10.0
100,opa,discrete,173,43.28,1,opa_allowed_at_gate,9.769238997250795,3.4944633953273296,10.0
100,predicate,discrete,174,43.521,1,published_after_gate_recheck,15.077422838658094,4.384741652756929,10.0
100,global,discrete,175,43.891,1,published_after_gate_recheck,15.600614249706268,4.052109085023403,10.0
100,global,discrete,176,44.176,1,published_after_gate_recheck,15.808012802153826,4.381706938147545,10.0
100,truth,continuous,177,44.306,1,published_after_gate_recheck,16.264630015939474,4.598031751811504,10.0
100,truth,discrete,178,44.619,1,published_after_gate_recheck,14.666401781141758,4.224542062729597,10.0
100,opa,continuous,179,44.881,1,opa_allowed_at_gate,11.562300845980644,3.7395916879177094,10.0
100,predicate,continuous,180,45.02,1,published_after_gate_recheck,15.332972165197134,3.6999178119003773,10.0
100,global,continuous,181,45.263,1,published_after_gate_recheck,15.320628881454468,4.322045017033815,10.0
100,truth,discrete,182,45.707,1,published_after_gate_recheck,15.69392904639244,4.690696019679308,10.0
100,predicate,continuous,183,45.834,1,published_after_gate_recheck,15.422709751874208,4.442980978637934,10.0
100,global,discrete,184,46.221,1,published_after_gate_recheck,16.23301999643445,4.543269984424114,10.0
100,global,discrete,185,46.435,1,published_after_gate_recheck,15.54647320881486,4.417815245687962,10.0
100,predicate,continuous,186,46.53,1,published_after_gate_recheck,15.381623059511185,4.7896020114421844,10.0
100,truth,discrete,187,46.98,1,published_after_gate_recheck,15.66439401358366,4.539562854915857,10.0
100,opa_readset,continuous,188,47.12,1,opa_allowed_at_gate,12.119786813855171,4.27426490932703,10.0
100,opa_readset,discrete,189,47.442,1,opa_allowed_at_gate,11.205282062292099,3.3950768411159515,10.0
100,predicate,discrete,190,47.584,1,published_after_gate_recheck,15.949298162013292,4.647654946893454,10.0
100,readset,continuous,191,47.839,1,published_after_gate_recheck,15.612035989761353,4.008076153695583,10.0
100,global,continuous,192,48.007,1,published_after_gate_recheck,14.741132967174053,4.177303984761238,10.0
100,readset,discrete,193,48.431,1,published_after_gate_recheck,20.18804708495736,4.919905681163073,10.0
100,opa_readset,continuous,194,48.69,1,opa_allowed_at_gate,11.048757936805487,3.59538197517395,10.0
100,opa_readset,discrete,195,48.824,1,opa_allowed_at_gate,10.457379277795553,3.5880780778825283,10.0
100,global,continuous,196,49.069,1,published_after_gate_recheck,16.219555400311947,4.768201150000095,10.0
100,global,continuous,197,49.274,1,published_after_gate_recheck,15.984994824975729,4.46403119713068,10.0
100,predicate,continuous,198,49.616,1,published_after_gate_recheck,16.140365973114967,4.391334019601345,10.0
100,global,discrete,199,49.977,1,published_after_gate_recheck,15.895176213234663,4.732945002615452,10.0
100,truth,discrete,200,50.03,1,published_after_gate_recheck,14.663295820355415,4.3784999288618565,10.0
100,opa_readset,discrete,201,50.362,1,opa_allowed_at_gate,10.318068787455559,3.109992016106844,10.0
100,predicate,continuous,202,50.741,1,published_after_gate_recheck,19.50602699071169,5.702693946659565,10.0
100,opa,continuous,203,50.965,1,opa_allowed_at_gate,12.4133569188416,4.170198924839497,10.0
100,opa_readset,continuous,204,51.02,1,opa_allowed_at_gate,10.613142047077417,3.5826792009174824,10.0
100,opa,discrete,205,51.437,1,opa_allowed_at_gate,13.249143958091736,3.878882620483637,10.0
100,global,continuous,206,51.553,1,published_after_gate_recheck,16.835439018905163,4.306585993617773,10.0
100,predicate,continuous,207,51.81,1,published_after_gate_recheck,17.175206914544106,4.529484082013369,10.0
100,opa_readset,continuous,208,52.165,1,opa_allowed_at_gate,15.864398796111345,3.6963508464396,10.0
100,truth,continuous,209,52.288,1,published_after_gate_recheck,17.610223032534122,4.726713988929987,10.0
100,global,discrete,210,52.536,1,published_after_gate_recheck,16.364776995033026,4.864471964538097,10.0
100,opa,discrete,211,52.813,1,opa_allowed_at_gate,9.999230969697237,3.0796751379966736,10.0
100,global,continuous,212,53.248,1,published_after_gate_recheck,15.772225800901651,4.327244590967894,10.0
100,global,continuous,213,53.383,1,published_after_gate_recheck,14.757332857698202,4.231073893606663,10.0
100,predicate,continuous,214,53.544,1,published_after_gate_recheck,15.031116083264351,4.125526174902916,10.0
100,predicate,continuous,215,53.936,1,published_after_gate_recheck,16.678465995937586,4.762650933116674,10.0
100,truth,discrete,216,54.209,1,published_after_gate_recheck,16.052260994911194,4.446879029273987,10.0
100,opa,continuous,217,54.501,1,opa_allowed_at_gate,13.133327011018991,4.284312948584557,10.0
100,opa,discrete,218,54.628,1,opa_allowed_at_gate,10.645532049238682,3.7808502092957497,10.0
100,truth,discrete,219,54.907,1,published_after_gate_recheck,16.5252978913486,4.711335059255362,10.0
100,global,continuous,220,55.206,1,published_after_gate_recheck,16.959482803940773,4.631063900887966,10.0
100,readset,discrete,221,55.361,1,published_after_gate_recheck,16.982134897261858,4.6965270303189754,10.0
100,predicate,discrete,222,55.537,1,published_after_gate_recheck,16.9836669228971,4.372419323772192,10.0
100,opa_readset,continuous,223,55.765,1,opa_allowed_at_gate,14.693523291498423,5.996304098516703,10.0
100,truth,continuous,224,56.197,1,published_after_gate_recheck,23.73350504785776,5.292755085974932,10.0
100,predicate,discrete,225,56.367,1,published_after_gate_recheck,15.788455959409475,4.552086349576712,10.0
100,truth,discrete,226,56.655,1,published_after_gate_recheck,19.829825032502413,4.403065890073776,10.0
100,truth,continuous,227,56.979,1,published_after_gate_recheck,17.92139606550336,5.0026909448206425,10.0
100,opa_readset,discrete,228,57.192,1,opa_allowed_at_gate,10.756371077150106,3.051562700420618,10.0
100,opa_readset,discrete,229,57.471,1,opa_allowed_at_gate,12.795774731785059,3.917174879461527,10.0
100,opa,discrete,230,57.561,1,opa_allowed_at_gate,10.862770024687052,3.5379542969167233,10.0
100,predicate,discrete,231,57.909,1,published_after_gate_recheck,16.289175022393465,4.566273186355829,10.0
100,opa,continuous,232,58.1,1,opa_allowed_at_gate,12.437612749636173,3.954875748604536,10.0
100,global,continuous,233,58.475,1,published_after_gate_recheck,18.620806746184826,4.9650100991129875,10.0
100,truth,continuous,234,58.633,1,published_after_gate_recheck,18.11791490763426,4.8778667114675045,10.0
100,truth,continuous,235,58.808,1,published_after_gate_recheck,17.653724178671837,4.939282312989235,10.0
100,opa_readset,discrete,236,59.064,1,opa_allowed_at_gate,10.859854985028505,2.8533008880913258,10.0
100,truth,discrete,237,59.418,1,published_after_gate_recheck,17.975979018956423,4.743664991110563,10.0
100,opa_readset,continuous,238,59.744,1,opa_allowed_at_gate,13.226110953837633,3.9484440349042416,10.0
100,opa_readset,discrete,239,59.803,1,opa_allowed_at_gate,12.489950750023127,4.300625063478947,10.0
100,predicate,discrete,240,60.196,1,published_after_gate_recheck,20.296710077673197,6.234040018171072,10.0
100,opa,continuous,241,60.455,1,opa_allowed_at_gate,12.617670930922031,3.7495410069823265,10.0
100,truth,discrete,242,60.601,1,published_after_gate_recheck,19.135693088173866,4.6399906277656555,10.0
100,predicate,continuous,243,60.956,1,published_after_gate_recheck,16.325463075190783,4.8126536421477795,10.0
100,global,continuous,244,61.138,1,published_after_gate_recheck,17.21640396863222,4.842881113290787,10.0
100,opa,continuous,245,61.401,1,opa_allowed_at_gate,12.916690669953823,4.126979038119316,10.0
100,predicate,discrete,246,61.565,1,published_after_gate_recheck,16.82341657578945,4.274745937436819,10.0
100,readset,continuous,247,61.819,1,published_after_gate_recheck,16.20815321803093,4.462127108126879,10.0
100,predicate,continuous,248,62.109,1,published_after_gate_recheck,16.392909921705723,4.037250764667988,10.0
100,truth,discrete,249,62.396,1,published_after_gate_recheck,19.746058154851198,6.891342811286449,10.0
100,opa_readset,discrete,250,62.726,1,opa_allowed_at_gate,13.661236967891455,3.2467679120600224,10.0
100,global,discrete,251,62.994,0,context_version_changed_at_publish,20.12978820130229,6.689292844384909,10.0
100,truth,discrete,252,63.118,1,published_after_gate_recheck,18.704765010625124,5.091728176921606,10.0
100,truth,discrete,253,63.293,1,published_after_gate_recheck,23.034543730318546,10.174679104238749,10.0
100,opa_readset,discrete,254,63.712,1,opa_allowed_at_gate,11.227453127503395,3.3489400520920753,10.0
100,opa,discrete,255,63.772,1,opa_allowed_at_gate,10.104307904839516,3.738430328667164,10.0
100,global,discrete,256,64.018,1,published_after_gate_recheck,18.486525863409042,4.71676466986537,10.0
100,opa_readset,continuous,257,64.291,1,opa_allowed_at_gate,12.9615250043571,4.785433877259493,10.0
100,opa,continuous,258,64.628,1,opa_allowed_at_gate,13.729064259678125,4.611496813595295,10.0
100,truth,continuous,259,64.854,1,published_after_gate_recheck,17.679281998425722,4.725451115518808,10.0
100,predicate,continuous,260,65.142,1,published_after_gate_recheck,23.582342080771923,5.210930947214365,10.0
100,readset,discrete,261,65.441,1,published_after_gate_recheck,18.138033337891102,4.960562102496624,10.0
100,truth,discrete,262,65.63,1,published_after_gate_recheck,17.298888880759478,4.822844173759222,10.0
100,opa,continuous,263,65.769,1,opa_allowed_at_gate,16.589277889579535,4.2087119072675705,10.0
100,readset,discrete,264,66.238,1,published_after_gate_recheck,17.74794002994895,5.013891961425543,10.0
100,opa_readset,discrete,265,66.489,1,opa_allowed_at_gate,11.636400129646063,3.582186996936798,10.0
100,global,continuous,266,66.533,1,published_after_gate_recheck,15.546281822025776,4.50443709269166,10.0
100,opa_readset,discrete,267,66.849,1,opa_allowed_at_gate,10.767451021820307,3.262567799538374,10.0
100,truth,discrete,268,67.019,1,published_after_gate_recheck,16.066418029367924,4.766518250107765,10.0
100,predicate,discrete,269,67.29,1,published_after_gate_recheck,16.68138988316059,4.315511789172888,10.0
100,readset,discrete,270,67.621,1,published_after_gate_recheck,16.977697145193815,4.9226307310163975,10.0
100,global,continuous,271,67.848,1,published_after_gate_recheck,16.36104006320238,4.418786149471998,10.0
100,global,continuous,272,68.184,1,published_after_gate_recheck,15.74960257858038,4.176842980086803,10.0
100,truth,continuous,273,68.293,1,published_after_gate_recheck,21.401632111519575,8.386185858398676,10.0
100,truth,continuous,274,68.704,1,published_after_gate_recheck,15.946902800351381,4.232425708323717,10.0
100,global,discrete,275,68.988,1,published_after_gate_recheck,17.098271753638983,4.798639100044966,10.0
100,readset,discrete,276,69.226,1,published_after_gate_recheck,16.881044954061508,4.818114917725325,10.0
100,opa,discrete,277,69.446,1,opa_allowed_at_gate,10.344608221203089,3.1830789521336555,10.0
100,readset,discrete,278,69.563,1,published_after_gate_recheck,15.926735009998083,4.890100099146366,10.0
100,opa,continuous,279,69.921,1,opa_allowed_at_gate,13.96826421841979,5.737108178436756,10.0
100,opa_readset,discrete,280,70.093,1,opa_allowed_at_gate,10.897594038397074,3.625317942351103,10.0
100,truth,continuous,281,70.497,1,published_after_gate_recheck,21.880560088902712,4.777808673679829,10.0
100,readset,continuous,282,70.548,1,published_after_gate_recheck,15.445863828063011,4.0777563117444515,10.0
100,opa,continuous,283,70.804,1,opa_allowed_at_gate,11.201455257833004,3.952261060476303,10.0
100,readset,discrete,284,71.117,1,published_after_gate_recheck,15.910544898360968,4.468129016458988,10.0
100,global,continuous,285,71.357,1,published_after_gate_recheck,17.670454923063517,4.65904688462615,10.0
100,readset,continuous,286,71.627,1,published_after_gate_recheck,16.50179410353303,4.687790758907795,10.0
100,opa_readset,discrete,287,71.946,1,opa_allowed_at_gate,11.578753124922514,3.4750360064208508,10.0
100,opa_readset,continuous,288,72.122,1,opa_allowed_at_gate,11.25730900093913,3.3588786609470844,10.0
100,readset,discrete,289,72.331,1,published_after_gate_recheck,16.735111828893423,4.4537619687616825,10.0
100,readset,discrete,290,72.554,1,published_after_gate_recheck,16.809661872684956,4.580148961395025,10.0
100,truth,continuous,291,72.797,1,published_after_gate_recheck,20.434678997844458,6.807143799960613,10.0
100,opa,continuous,292,73.171,1,opa_allowed_at_gate,13.735066168010235,4.271849989891052,10.0
100,opa,continuous,293,73.398,1,opa_allowed_at_gate,14.089049305766821,4.271530080586672,10.0
100,opa_readset,discrete,294,73.603,1,opa_allowed_at_gate,12.319792062044144,4.163496661931276,10.0
100,global,continuous,295,73.971,1,published_after_gate_recheck,21.443250123411417,5.114730913192034,10.0
100,opa,discrete,296,74.246,1,opa_allowed_at_gate,12.010432314127684,3.594891168177128,10.0
100,readset,discrete,297,74.347,1,published_after_gate_recheck,18.97272700443864,5.002359859645367,10.0
100,opa_readset,discrete,298,74.662,1,opa_allowed_at_gate,12.766338884830475,3.927052952349186,10.0
100,truth,discrete,299,74.871,1,published_after_gate_recheck,17.21161510795355,4.686216823756695,10.0
100,predicate,discrete,300,75.176,1,published_after_gate_recheck,18.019559793174267,5.052905064076185,10.0
100,global,continuous,301,75.372,1,published_after_gate_recheck,17.35219918191433,5.287284962832928,10.0
100,truth,continuous,302,75.552,1,published_after_gate_recheck,16.3123388774693,4.704331047832966,10.0
100,readset,discrete,303,75.804,1,published_after_gate_recheck,17.34586711972952,4.888636991381645,10.0
100,opa_readset,discrete,304,76.144,1,opa_allowed_at_gate,15.109002124518156,3.6717550829052925,10.0
100,opa_readset,continuous,305,76.277,1,opa_allowed_at_gate,12.476846575737,3.677485976368189,10.0
100,truth,discrete,306,76.655,1,published_after_gate_recheck,19.609069917351007,5.347156897187233,10.0
100,truth,discrete,307,76.79,1,published_after_gate_recheck,16.4118860848248,4.1950661689043045,10.0
100,truth,continuous,308,77.09,1,published_after_gate_recheck,16.749778762459755,4.721564240753651,10.0
100,truth,discrete,309,77.462,1,published_after_gate_recheck,17.767537850886583,4.8613459803164005,10.0
100,global,continuous,310,77.598,0,context_version_changed_at_publish,19.25026811659336,6.859924178570509,10.0
100,readset,continuous,311,77.921,1,published_after_gate_recheck,16.568019054830074,4.850825760513544,10.0
100,global,discrete,312,78.156,1,published_after_gate_recheck,16.019669827073812,4.317677114158869,10.0
100,global,continuous,313,78.261,1,published_after_gate_recheck,16.356351785361767,4.359024111181498,10.0
100,opa_readset,discrete,314,78.659,1,opa_allowed_at_gate,11.01800100877881,3.1449473462998867,10.0
100,truth,continuous,315,78.901,1,published_after_gate_recheck,19.812603015452623,4.80057206004858,10.0
100,global,continuous,316,79.092,0,context_version_changed_at_publish,22.400404792279005,8.94212769344449,10.0
100,opa_readset,discrete,317,79.423,1,opa_allowed_at_gate,12.324451003223658,3.832275979220867,10.0
100,opa,continuous,318,79.55,1,opa_allowed_at_gate,14.622149057686329,6.81990897282958,10.0
100,opa_readset,discrete,319,79.937,1,opa_allowed_at_gate,10.806784965097904,3.578559961169958,10.0
100,opa_readset,continuous,320,80.117,1,opa_allowed_at_gate,10.788260027766228,3.487891051918268,10.0
100,truth,discrete,321,80.373,1,published_after_gate_recheck,16.790295019745827,4.4455560855567455,10.0
100,truth,continuous,322,80.63,1,published_after_gate_recheck,16.18831604719162,4.319258965551853,10.0
100,readset,continuous,323,80.788,1,published_after_gate_recheck,16.68561901897192,4.405590705573559,10.0
100,predicate,continuous,324,81.234,1,published_after_gate_recheck,17.0589592307806,4.321414045989513,10.0
100,opa_readset,continuous,325,81.499,1,opa_allowed_at_gate,11.345043778419495,3.687384072691202,10.0
100,opa_readset,discrete,326,81.678,1,opa_allowed_at_gate,10.405412875115871,3.1348178163170815,10.0
100,opa,continuous,327,81.865,1,opa_allowed_at_gate,15.39282500743866,4.872247111052275,10.0
100,opa_readset,continuous,328,82.193,1,opa_allowed_at_gate,13.903310988098383,4.714741371572018,10.0
100,opa,continuous,329,82.366,1,opa_allowed_at_gate,12.76802271604538,3.830031957477331,10.0
100,truth,discrete,330,82.703,1,published_after_gate_recheck,16.76313392817974,4.824507050216198,10.0
100,opa_readset,continuous,331,82.99,1,opa_allowed_at_gate,12.425209861248732,4.194815643131733,10.0
100,opa,continuous,332,83.175,1,opa_allowed_at_gate,14.937339816242456,7.41663808003068,10.0
100,readset,continuous,333,83.447,1,published_after_gate_recheck,16.25454006716609,4.747381899505854,10.0
100,global,discrete,334,83.607,1,published_after_gate_recheck,16.301728785037994,4.475483205169439,10.0
100,predicate,continuous,335,83.886,1,published_after_gate_recheck,16.09211601316929,4.17227391153574,10.0
100,truth,continuous,336,84.224,1,published_after_gate_recheck,16.415352001786232,4.605837166309357,10.0
100,global,discrete,337,84.453,1,published_after_gate_recheck,16.1039880476892,4.375864751636982,10.0
100,opa_readset,continuous,338,84.525,1,opa_allowed_at_gate,11.079727206379175,3.7896758876740932,10.0
100,predicate,discrete,339,84.942,1,published_after_gate_recheck,15.440433751791716,4.847781267017126,10.0
100,readset,continuous,340,85.196,0,read_set_version_changed_at_gate,17.643935047090054,5.9327250346541405,10.0
100,global,continuous,341,85.486,1,published_after_gate_recheck,16.279656905680895,4.304742906242609,10.0
100,opa_readset,continuous,342,85.517,1,opa_allowed_at_gate,10.667413007467985,3.4679430536925793,10.0
100,opa,discrete,343,85.816,1,opa_allowed_at_gate,11.361634824424982,3.8273571990430355,10.0
100,opa,discrete,344,86.033,1,opa_allowed_at_gate,10.255802422761917,3.2908213324844837,10.0
100,opa,discrete,345,86.42,1,opa_allowed_at_gate,14.077086932957172,3.091496881097555,10.0
100,predicate,discrete,346,86.577,1,published_after_gate_recheck,16.631195787340403,5.020363721996546,10.0
100,global,discrete,347,86.895,0,context_version_changed_at_publish,24.824250023812056,11.240498162806034,10.0
100,readset,discrete,348,87.135,1,published_after_gate_recheck,16.21681870892644,4.351028706878424,10.0
100,opa_readset,discrete,349,87.305,1,opa_allowed_at_gate,13.097610790282488,3.4899041056632996,10.0
100,global,discrete,350,87.71,1,published_after_gate_recheck,16.11683238297701,4.433824215084314,10.0
100,readset,continuous,351,87.91,1,published_after_gate_recheck,16.28524763509631,4.727033898234367,10.0
100,predicate,discrete,352,88.088,1,published_after_gate_recheck,15.877713914960623,4.603732842952013,10.0
100,global,continuous,353,88.371,1,published_after_gate_recheck,17.347439657896757,4.5386310666799545,10.0
100,global,continuous,354,88.705,1,published_after_gate_recheck,16.688093077391386,4.233518149703741,10.0
100,opa,continuous,355,88.757,1,opa_allowed_at_gate,11.468525975942612,3.7244739942252636,10.0
100,readset,continuous,356,89.153,1,published_after_gate_recheck,17.14712381362915,4.684683866798878,10.0
100,opa,discrete,357,89.28,1,opa_allowed_at_gate,10.966314002871513,3.4979688934981823,10.0
100,predicate,continuous,358,89.532,1,published_after_gate_recheck,17.03371200710535,4.778631031513214,10.0
100,predicate,discrete,359,89.794,1,published_after_gate_recheck,22.52317499369383,6.973095703870058,10.0
100,predicate,continuous,360,90.082,1,published_after_gate_recheck,17.94171379879117,4.769935272634029,10.0
100,global,discrete,361,90.252,1,published_after_gate_recheck,16.777291428297758,4.36650775372982,10.0
100,truth,continuous,362,90.733,1,published_after_gate_recheck,17.64263305813074,5.094322841614485,10.0
100,readset,discrete,363,90.887,1,published_after_gate_recheck,23.5434677451849,9.686052799224854,10.0
100,opa_readset,discrete,364,91.08,1,opa_allowed_at_gate,11.900845915079117,3.307241015136242,10.0
100,predicate,discrete,365,91.48,1,published_after_gate_recheck,17.787524964660406,4.42896643653512,10.0
100,opa_readset,discrete,366,91.589,1,opa_allowed_at_gate,11.674582026898861,3.5214428789913654,10.0
100,truth,continuous,367,91.925,1,published_after_gate_recheck,17.824765294790268,5.05650183185935,10.0
100,global,discrete,368,92.197,1,published_after_gate_recheck,21.156322211027145,4.975930787622929,10.0
100,global,discrete,369,92.369,1,published_after_gate_recheck,16.24557375907898,5.05867600440979,10.0
100,opa_readset,discrete,370,92.692,1,opa_allowed_at_gate,11.587128043174744,3.504171036183834,10.0
100,opa,continuous,371,92.813,1,opa_allowed_at_gate,10.709051042795181,3.3499919809401035,10.0
100,truth,continuous,372,93.128,1,published_after_gate_recheck,16.96085510775447,4.801603965461254,10.0
100,truth,discrete,373,93.429,1,published_after_gate_recheck,17.416738905012608,4.971001762896776,10.0
100,global,continuous,374,93.517,1,published_after_gate_recheck,16.05278206989169,4.8018950037658215,10.0
100,opa,continuous,375,93.925,1,opa_allowed_at_gate,13.735467102378607,5.104281008243561,10.0
100,readset,discrete,376,94.063,1,published_after_gate_recheck,18.775868695229292,6.081643979996443,10.0
100,opa_readset,continuous,377,94.471,1,opa_allowed_at_gate,11.338451877236366,3.9256317541003227,10.0
100,opa,discrete,378,94.513,1,opa_allowed_at_gate,9.873325005173683,3.4069381654262543,10.0
100,truth,discrete,379,94.809,1,published_after_gate_recheck,16.791527159512043,5.070386920124292,10.0
100,truth,discrete,380,95.051,1,published_after_gate_recheck,18.733107950538397,5.384526681154966,10.0
100,global,continuous,381,95.398,1,published_after_gate_recheck,23.611336015164852,5.356234032660723,10.0
100,predicate,discrete,382,95.598,1,published_after_gate_recheck,23.014545906335115,5.227452144026756,10.0
100,truth,continuous,383,95.854,1,published_after_gate_recheck,16.97810785844922,4.681629128754139,10.0
100,truth,continuous,384,96.049,1,published_after_gate_recheck,18.27869564294815,5.161268636584282,10.0
100,global,continuous,385,96.457,1,published_after_gate_recheck,18.15509470179677,4.951715935021639,10.0
100,readset,discrete,386,96.609,1,published_after_gate_recheck,16.348036006093025,4.628829658031464,10.0
100,predicate,discrete,387,96.886,1,published_after_gate_recheck,18.967507872730494,5.1673296838998795,10.0
100,truth,continuous,388,97.02,1,published_after_gate_recheck,16.687633004039526,5.022497847676277,10.0
100,predicate,continuous,389,97.402,1,published_after_gate_recheck,18.70709890499711,5.067872814834118,10.0
100,truth,discrete,390,97.607,1,published_after_gate_recheck,20.979539956897497,5.312342196702957,10.0
100,opa,discrete,391,97.921,1,opa_allowed_at_gate,12.513234745711088,3.6001610569655895,10.0
100,opa,discrete,392,98.097,1,opa_allowed_at_gate,10.984838008880615,3.4750867635011673,10.0
100,truth,continuous,393,98.378,1,published_after_gate_recheck,17.22141308709979,4.783920012414455,10.0
100,opa,continuous,394,98.636,1,opa_allowed_at_gate,12.803429272025824,4.026429727673531,10.0
100,global,discrete,395,98.942,1,published_after_gate_recheck,18.122202716767788,4.960672929883003,10.0
100,opa_readset,continuous,396,99.142,1,opa_allowed_at_gate,11.943846940994263,3.5529821179807186,10.0
100,opa,discrete,397,99.333,1,opa_allowed_at_gate,11.235238052904606,3.723692148923874,10.0
100,predicate,discrete,398,99.726,1,published_after_gate_recheck,16.39691786840558,4.500309005379677,10.0
100,truth,continuous,399,100.0,1,published_after_gate_recheck,19.34323227033019,4.6686348505318165,10.0
100,opa,discrete,400,100.025,1,opa_allowed_at_gate,10.595337953418493,3.756204154342413,10.0
100,opa,continuous,401,100.476,1,opa_allowed_at_gate,16.584609169512987,6.049394141882658,10.0
100,global,continuous,402,100.575,1,published_after_gate_recheck,16.07596594840288,4.129212815314531,10.0
100,truth,continuous,403,100.829,1,published_after_gate_recheck,17.615150660276413,4.633898846805096,10.0
100,opa_readset,continuous,404,101.223,1,opa_allowed_at_gate,12.493437621742487,3.922204952687025,10.0
100,opa_readset,discrete,405,101.368,1,opa_allowed_at_gate,11.205161921679974,3.4056673757731915,10.0
100,opa_readset,discrete,406,101.572,1,opa_allowed_at_gate,12.749917805194855,3.640245646238327,10.0
100,opa,discrete,407,101.867,1,opa_allowed_at_gate,11.42798038199544,3.4647369757294655,10.0
100,global,discrete,408,102.142,1,published_after_gate_recheck,16.568659339100122,4.672772251069546,10.0
100,opa_readset,continuous,409,102.391,1,opa_allowed_at_gate,15.141903888434172,3.4048850648105145,10.0
100,opa_readset,continuous,410,102.601,1,opa_allowed_at_gate,12.557147070765495,4.320652224123478,10.0
100,truth,discrete,411,102.799,1,published_after_gate_recheck,21.714869886636734,5.066130310297012,10.0
100,readset,discrete,412,103.004,1,published_after_gate_recheck,17.254516016691923,5.03526208922267,10.0
100,truth,continuous,413,103.283,1,published_after_gate_recheck,19.534560851752758,4.823224153369665,10.0
100,opa_readset,discrete,414,103.701,1,opa_allowed_at_gate,11.69279683381319,3.3149458467960358,10.0
100,predicate,continuous,415,103.771,1,published_after_gate_recheck,19.168033730238676,5.064147058874369,10.0
100,predicate,continuous,416,104.12,1,published_after_gate_recheck,16.93579787388444,4.572012927383184,10.0
100,opa_readset,discrete,417,104.343,1,opa_allowed_at_gate,12.14985316619277,3.676022868603468,10.0
100,truth,discrete,418,104.546,1,published_after_gate_recheck,17.81467581167817,4.856416955590248,10.0
100,opa_readset,continuous,419,104.87,1,opa_allowed_at_gate,15.774541068822145,7.276203949004412,10.0
100,global,discrete,420,105.063,1,published_after_gate_recheck,19.645859953016043,4.950232803821564,10.0
100,readset,discrete,421,105.326,1,published_after_gate_recheck,16.288063023239374,4.754335153847933,10.0
100,opa,continuous,422,105.562,1,opa_allowed_at_gate,11.787774972617626,3.7215277552604675,10.0
100,global,discrete,423,105.904,1,published_after_gate_recheck,16.719732899218798,4.628438968211412,10.0
100,readset,discrete,424,106.195,1,published_after_gate_recheck,20.11582115665078,7.050861604511738,10.0
100,opa,continuous,425,106.393,1,opa_allowed_at_gate,11.948234867304564,3.9180670864880085,10.0
100,opa,discrete,426,106.707,1,opa_allowed_at_gate,11.303236242383718,3.666756208986044,10.0
100,truth,discrete,427,106.906,1,published_after_gate_recheck,15.805598348379135,4.367218818515539,10.0
100,opa,discrete,428,107.196,1,opa_allowed_at_gate,10.766828898340464,3.1447471119463444,10.0
100,opa,discrete,429,107.43,1,opa_allowed_at_gate,14.059936162084341,3.508578985929489,10.0
100,opa_readset,continuous,430,107.725,1,opa_allowed_at_gate,11.480377987027168,3.7476480938494205,10.0
100,opa_readset,continuous,431,107.79,1,opa_allowed_at_gate,12.286028824746609,3.7415362894535065,10.0
100,global,discrete,432,108.159,1,published_after_gate_recheck,16.262445133179426,4.335389938205481,10.0
100,opa,continuous,433,108.423,1,opa_allowed_at_gate,11.117998976260424,3.7529170513153076,10.0
100,truth,continuous,434,108.674,1,published_after_gate_recheck,16.662113834172487,4.554190207272768,10.0
100,truth,continuous,435,108.853,1,published_after_gate_recheck,16.264589969068766,4.645269829779863,10.0
100,opa,continuous,436,109.032,1,opa_allowed_at_gate,13.86084221303463,5.481228698045015,10.0
100,opa,discrete,437,109.489,1,opa_allowed_at_gate,12.59008888155222,3.80210904404521,10.0
100,global,discrete,438,109.598,1,published_after_gate_recheck,22.069344762712717,4.435718059539795,10.0
100,predicate,continuous,439,109.768,1,published_after_gate_recheck,16.012126114219427,4.250340163707733,10.0
100,truth,discrete,440,110.11,1,published_after_gate_recheck,17.300372011959553,4.827992990612984,10.0
100,truth,discrete,441,110.317,1,published_after_gate_recheck,16.53972500935197,4.794761072844267,10.0
100,readset,discrete,442,110.65,1,published_after_gate_recheck,16.635614912956953,4.5639281161129475,10.0
100,opa,discrete,443,110.898,1,opa_allowed_at_gate,10.19996590912342,3.2435720786452293,10.0
100,truth,discrete,444,111.111,1,published_after_gate_recheck,16.66986895725131,4.597582388669252,10.0
100,global,continuous,445,111.352,1,published_after_gate_recheck,16.554452944546938,4.514314699918032,10.0
100,opa,discrete,446,111.51,1,opa_allowed_at_gate,12.995488941669464,4.036718979477882,10.0
100,readset,continuous,447,111.887,1,published_after_gate_recheck,18.637869972735643,4.63244691491127,10.0
100,opa,continuous,448,112.048,1,opa_allowed_at_gate,11.983612086623907,3.5501979291439056,10.0
100,opa,continuous,449,112.333,1,opa_allowed_at_gate,16.20598929002881,4.481173120439053,10.0
100,opa,continuous,450,112.502,1,opa_allowed_at_gate,12.345721013844013,3.8997819647192955,10.0
100,opa,discrete,451,112.909,1,opa_allowed_at_gate,10.608973912894726,3.032346721738577,10.0
100,opa,continuous,452,113.093,1,opa_allowed_at_gate,11.99827017262578,4.017993807792664,10.0
100,opa_readset,continuous,453,113.482,1,opa_allowed_at_gate,12.452842202037573,3.7951869890093803,10.0
100,global,discrete,454,113.646,1,published_after_gate_recheck,19.08820401877165,4.724238999187946,10.0
100,global,continuous,455,113.969,1,published_after_gate_recheck,15.96180209890008,4.072267096489668,10.0
100,readset,discrete,456,114.041,1,published_after_gate_recheck,14.424579218029976,4.161452874541283,10.0
100,opa,continuous,457,114.365,1,opa_allowed_at_gate,12.143090832978487,3.4575238823890686,10.0
100,predicate,discrete,458,114.738,1,published_after_gate_recheck,17.625320702791214,4.653837066143751,10.0
100,opa,discrete,459,114.851,1,opa_allowed_at_gate,11.67851872742176,3.3422880806028843,10.0
100,truth,continuous,460,115.041,1,published_after_gate_recheck,17.06573087722063,5.103589966893196,10.0
100,predicate,continuous,461,115.395,1,published_after_gate_recheck,18.534576054662466,5.767385009676218,10.0
100,opa_readset,continuous,462,115.695,1,opa_allowed_at_gate,12.039485853165388,3.6850799806416035,10.0
100,opa_readset,discrete,463,115.978,1,opa_allowed_at_gate,11.4490888081491,3.386960830539465,10.0
100,readset,discrete,464,116.2,1,published_after_gate_recheck,20.141770131886005,4.476203117519617,10.0
100,readset,discrete,465,116.342,1,published_after_gate_recheck,20.338479429483414,7.609138730913401,10.0
100,opa,discrete,466,116.573,1,opa_allowed_at_gate,13.321902137249708,3.4400406293570995,10.0
100,global,continuous,467,116.81,1,published_after_gate_recheck,15.809986740350723,4.485921934247017,10.0
100,predicate,discrete,468,117.114,1,published_after_gate_recheck,16.426783055067062,4.844444338232279,10.0
100,opa,continuous,469,117.333,1,opa_allowed_at_gate,11.500596068799496,3.7274593487381935,10.0
100,predicate,continuous,470,117.534,1,published_after_gate_recheck,15.690002124756575,4.2774612084031105,10.0
100,truth,continuous,471,117.897,1,published_after_gate_recheck,22.70846301689744,5.038057919591665,10.0
100,opa,continuous,472,118.175,1,opa_allowed_at_gate,14.504068065434694,3.390087280422449,10.0
100,truth,continuous,473,118.38,1,published_after_gate_recheck,17.183882649987936,4.677842371165752,10.0
100,truth,continuous,474,118.707,1,published_after_gate_recheck,16.767702996730804,4.380303900688887,10.0
100,readset,discrete,475,118.772,1,published_after_gate_recheck,16.611138824373484,5.035783164203167,10.0
100,opa_readset,continuous,476,119.149,1,opa_allowed_at_gate,11.979573871940374,3.8400706835091114,10.0
100,global,continuous,477,119.476,1,published_after_gate_recheck,17.708687111735344,4.860223736613989,10.0
100,readset,continuous,478,119.543,1,published_after_gate_recheck,15.871673356741667,4.76683909073472,10.0
100,global,discrete,479,119.825,1,published_after_gate_recheck,16.399702988564968,4.669757094234228,10.0
100,opa_readset,discrete,480,120.039,1,opa_allowed_at_gate,15.0347831659019,4.893246106803417,10.0
100,opa_readset,discrete,481,120.45,1,opa_allowed_at_gate,12.11267290636897,3.5074278712272644,10.0
100,truth,discrete,482,120.657,1,published_after_gate_recheck,16.27040095627308,4.375464282929897,10.0
100,readset,continuous,483,120.85,1,published_after_gate_recheck,16.364425886422396,4.763491917401552,10.0
100,predicate,continuous,484,121.082,1,published_after_gate_recheck,15.728844329714775,4.572154022753239,10.0
100,readset,continuous,485,121.422,1,published_after_gate_recheck,17.671907786279917,4.972775001078844,10.0
100,opa_readset,discrete,486,121.711,1,opa_allowed_at_gate,11.518789920955896,3.6782268434762955,10.0
100,global,continuous,487,121.796,0,context_version_changed_at_publish,18.854115158319473,7.191494572907686,10.0
100,readset,discrete,488,122.186,1,published_after_gate_recheck,16.12789323553443,4.547787830233574,10.0
100,readset,continuous,489,122.44,1,published_after_gate_recheck,17.327232286334038,4.794290289282799,10.0
100,opa,discrete,490,122.662,1,opa_allowed_at_gate,10.72607422247529,3.0852346681058407,10.0
100,global,continuous,491,122.777,1,published_after_gate_recheck,16.819769982248545,4.624992609024048,10.0
100,opa,continuous,492,123.011,1,opa_allowed_at_gate,10.611008387058973,3.082411363720894,10.0
100,predicate,discrete,493,123.489,1,published_after_gate_recheck,16.251244116574526,4.345337860286236,10.0
100,truth,continuous,494,123.578,1,published_after_gate_recheck,16.174830961972475,4.548108205199242,10.0
100,truth,continuous,495,123.807,1,published_after_gate_recheck,16.341011971235275,4.72651282325387,10.0
100,opa_readset,continuous,496,124.019,1,opa_allowed_at_gate,13.711551669985056,6.588785909116268,10.0
100,predicate,discrete,497,124.422,1,published_after_gate_recheck,16.794253140687943,4.639210179448128,10.0
100,truth,discrete,498,124.511,1,published_after_gate_recheck,15.434822998940945,4.306574817746878,10.0
100,truth,discrete,499,124.786,1,published_after_gate_recheck,17.570667900145054,4.761508200317621,10.0
100,readset,continuous,500,125.046,1,published_after_gate_recheck,16.793000046163797,4.716183990240097,10.0
100,truth,discrete,501,125.286,1,published_after_gate_recheck,16.798188909888268,4.680627025663853,10.0
100,predicate,discrete,502,125.748,1,published_after_gate_recheck,16.394211910665035,4.597221035510302,10.0
100,predicate,discrete,503,125.935,1,published_after_gate_recheck,17.378477845340967,5.042355041950941,10.0
100,opa,discrete,504,126.063,1,opa_allowed_at_gate,11.716180015355349,3.9415713399648666,10.0
100,truth,discrete,505,126.486,1,published_after_gate_recheck,18.14808091148734,4.988325294107199,10.0
100,readset,discrete,506,126.57,1,published_after_gate_recheck,16.509207896888256,4.155331756919622,10.0
100,opa_readset,continuous,507,126.81,1,opa_allowed_at_gate,12.371118180453777,3.5698041319847107,10.0
100,global,continuous,508,127.009,1,published_after_gate_recheck,18.6645002104342,5.347406957298517,10.0
100,global,continuous,509,127.421,1,published_after_gate_recheck,18.291779793798923,5.1624709740281105,10.0
100,readset,discrete,510,127.596,1,published_after_gate_recheck,20.565465092658997,6.947387009859085,10.0
100,truth,discrete,511,127.763,1,published_after_gate_recheck,16.569401137530804,4.879400134086609,10.0
100,predicate,continuous,512,128.128,1,published_after_gate_recheck,18.44471786171198,4.425027873367071,10.0
100,predicate,continuous,513,128.312,1,published_after_gate_recheck,15.493322629481554,4.860173910856247,10.0
100,predicate,discrete,514,128.685,1,published_after_gate_recheck,19.31865606456995,5.250676069408655,10.0
100,truth,discrete,515,128.995,1,published_after_gate_recheck,22.995070088654757,8.430889807641506,10.0
100,opa_readset,continuous,516,129.11,0,opa_readset_version_changed_at_gate,15.098732896149158,6.178506184369326,10.0
100,opa,continuous,517,129.305,1,opa_allowed_at_gate,11.260104831308126,3.5071372985839844,10.0
100,predicate,discrete,518,129.655,1,published_after_gate_recheck,16.714143101125956,4.659868311136961,10.0
100,predicate,continuous,519,129.967,1,published_after_gate_recheck,16.371008940041065,4.533370956778526,10.0
100,predicate,discrete,520,130.125,1,published_after_gate_recheck,15.653122216463089,4.640241153538227,10.0
100,opa_readset,continuous,521,130.445,1,opa_allowed_at_gate,12.157557997852564,3.6722971126437187,10.0
100,predicate,discrete,522,130.544,1,published_after_gate_recheck,15.838008839637041,4.640442319214344,10.0
100,opa,continuous,523,130.972,1,opa_allowed_at_gate,12.235003057867289,3.6532110534608364,10.0
100,global,continuous,524,131.088,1,published_after_gate_recheck,15.756967943161726,4.418606404215097,10.0
100,truth,continuous,525,131.499,1,published_after_gate_recheck,20.744791254401207,5.080416798591614,10.0
100,readset,continuous,526,131.704,1,published_after_gate_recheck,16.99180295690894,4.861637018620968,10.0
100,predicate,continuous,527,131.954,1,published_after_gate_recheck,21.51662763208151,6.912191864103079,10.0
100,readset,continuous,528,132.065,1,published_after_gate_recheck,17.46254600584507,4.7064549289643764,10.0
100,readset,continuous,529,132.472,1,published_after_gate_recheck,16.79588621482253,4.56462986767292,10.0
100,readset,continuous,530,132.624,1,published_after_gate_recheck,16.223581973463297,4.49909595772624,10.0
100,opa,discrete,531,132.934,1,opa_allowed_at_gate,11.667488142848015,3.5596750676631927,10.0
100,opa_readset,continuous,532,133.189,1,opa_allowed_at_gate,12.626387178897858,3.663599956780672,10.0
100,opa,continuous,533,133.368,1,opa_allowed_at_gate,15.142254997044802,3.7380303256213665,10.0
100,opa_readset,continuous,534,133.699,1,opa_allowed_at_gate,13.773026876151562,4.270819015800953,10.0
100,truth,discrete,535,133.991,1,published_after_gate_recheck,17.339184880256653,5.000106059014797,10.0
100,global,discrete,536,134.154,1,published_after_gate_recheck,15.892601106315851,4.442048724740744,10.0
100,readset,continuous,537,134.263,1,published_after_gate_recheck,16.626957803964615,4.446827806532383,10.0
100,opa_readset,continuous,538,134.663,1,opa_allowed_at_gate,10.994346346706152,3.516764845699072,10.0
100,truth,discrete,539,134.945,1,published_after_gate_recheck,15.722051728516817,4.444735124707222,10.0
100,opa_readset,discrete,540,135.174,1,opa_allowed_at_gate,11.336969211697578,3.53278499096632,10.0
100,truth,discrete,541,135.459,1,published_after_gate_recheck,17.038080375641584,5.309897009283304,10.0
100,readset,discrete,542,135.571,1,published_after_gate_recheck,16.066988930106163,4.771077074110508,10.0
100,opa_readset,discrete,543,135.847,1,opa_allowed_at_gate,10.444566141813993,3.234725911170244,10.0
100,predicate,discrete,544,136.221,1,published_after_gate_recheck,15.9990512765944,4.831891041249037,10.0
100,readset,discrete,545,136.453,1,published_after_gate_recheck,15.181568451225758,4.222177434712648,10.0
100,opa_readset,continuous,546,136.552,1,opa_allowed_at_gate,11.084435041993856,3.8271970115602016,10.0
100,opa,discrete,547,136.973,1,opa_allowed_at_gate,12.028936296701431,3.634504973888397,10.0
100,global,continuous,548,137.034,1,published_after_gate_recheck,15.331588685512543,4.624071065336466,10.0
100,opa,continuous,549,137.415,1,opa_allowed_at_gate,11.081399861723185,3.6604348570108414,10.0
100,readset,discrete,550,137.668,1,published_after_gate_recheck,17.46040116995573,4.959380254149437,10.0
100,truth,continuous,551,137.977,1,published_after_gate_recheck,17.262560315430164,4.907362163066864,10.0
100,opa,continuous,552,138.169,1,opa_allowed_at_gate,13.165267184376717,3.4082108177244663,10.0
100,readset,discrete,553,138.365,1,published_after_gate_recheck,16.82878704741597,4.6600280329585075,10.0
100,global,continuous,554,138.67,1,published_after_gate_recheck,17.35641621053219,5.007689818739891,10.0
100,readset,discrete,555,138.849,1,published_after_gate_recheck,16.417976934462786,5.03039313480258,10.0
100,opa,continuous,556,139.143,1,opa_allowed_at_gate,11.429591570049524,3.7552122958004475,10.0
100,global,discrete,557,139.371,1,published_after_gate_recheck,16.43588999286294,4.172744695097208,10.0
100,opa,continuous,558,139.552,1,opa_allowed_at_gate,11.059848591685295,3.5536340437829494,10.0
100,opa_readset,continuous,559,139.894,1,opa_allowed_at_gate,12.23960192874074,4.104787018150091,10.0
100,opa,continuous,560,140.005,1,opa_allowed_at_gate,13.125323224812746,5.624836776405573,10.0
100,predicate,continuous,561,140.304,1,published_after_gate_recheck,16.423516906797886,4.853971768170595,10.0
100,predicate,discrete,562,140.712,1,published_after_gate_recheck,16.868632286787033,4.652273841202259,10.0
100,predicate,discrete,563,140.931,1,published_after_gate_recheck,17.223857808858156,4.818215034902096,10.0
100,opa_readset,discrete,564,141.141,1,opa_allowed_at_gate,12.306487187743187,3.9660478942096233,10.0
100,global,discrete,565,141.354,1,published_after_gate_recheck,16.25727629289031,4.617128055542707,10.0
100,opa,continuous,566,141.74,1,opa_allowed_at_gate,15.309206675738096,3.8730832748115063,10.0
100,truth,discrete,567,141.756,1,published_after_gate_recheck,16.978406812995672,4.958437755703926,10.0
100,truth,discrete,568,142.054,1,published_after_gate_recheck,16.08959073200822,4.452738910913467,10.0
100,global,discrete,569,142.264,1,published_after_gate_recheck,15.442789066582918,4.063970874994993,10.0
100,opa_readset,discrete,570,142.576,1,opa_allowed_at_gate,11.065259110182524,3.3002779819071293,10.0
100,opa,discrete,571,142.775,1,opa_allowed_at_gate,12.818005867302418,4.5236521400511265,10.0
100,truth,continuous,572,143.083,1,published_after_gate_recheck,18.209836911410093,4.669756628572941,10.0
100,readset,continuous,573,143.436,1,published_after_gate_recheck,16.29810221493244,4.723337013274431,10.0
100,opa_readset,continuous,574,143.724,1,opa_allowed_at_gate,12.073831167072058,4.86519280821085,10.0
100,opa,discrete,575,143.945,1,opa_allowed_at_gate,12.009629979729652,3.774769138544798,10.0
100,opa,continuous,576,144.015,1,opa_allowed_at_gate,11.72216096892953,3.772454336285591,10.0
100,truth,continuous,577,144.328,1,published_after_gate_recheck,16.35809475556016,5.028999876230955,10.0
100,opa,discrete,578,144.635,1,opa_allowed_at_gate,12.012827210128307,4.035888239741325,10.0
100,opa_readset,continuous,579,144.855,1,opa_allowed_at_gate,11.614428833127022,3.376510925590992,10.0
100,truth,continuous,580,145.156,1,published_after_gate_recheck,17.447007354348898,4.7021168284118176,10.0
100,opa_readset,continuous,581,145.395,1,opa_allowed_at_gate,14.994807541370392,5.493791773915291,10.0
100,opa,continuous,582,145.706,1,opa_allowed_at_gate,12.742384802550077,3.6272923462092876,10.0
100,opa_readset,discrete,583,145.811,1,opa_allowed_at_gate,10.97605237737298,3.400186076760292,10.0
100,opa_readset,discrete,584,146.056,1,opa_allowed_at_gate,11.849149130284786,3.156568855047226,10.0
100,opa,continuous,585,146.381,1,opa_allowed_at_gate,11.600452940911055,3.432295750826597,10.0
100,truth,continuous,586,146.741,1,published_after_gate_recheck,16.49541174992919,4.478166811168194,10.0
100,readset,continuous,587,146.773,1,published_after_gate_recheck,15.797162894159555,4.653656855225563,10.0
100,predicate,discrete,588,147.062,1,published_after_gate_recheck,16.586822923272848,4.2503303848207,10.0
100,readset,continuous,589,147.492,0,read_set_version_changed_at_gate,21.87151415273547,9.605681989341974,10.0
100,truth,discrete,590,147.74,1,published_after_gate_recheck,16.258097253739834,4.1510132141411304,10.0
100,predicate,continuous,591,147.798,1,published_after_gate_recheck,20.145365968346596,4.201197996735573,10.0
100,opa,continuous,592,148.172,1,opa_allowed_at_gate,14.828527346253395,3.800777718424797,10.0
100,opa_readset,discrete,593,148.276,1,opa_allowed_at_gate,11.52857905253768,3.3853878267109394,10.0
100,global,discrete,594,148.654,1,published_after_gate_recheck,16.443655360490084,4.293552134186029,10.0
100,opa,discrete,595,148.751,1,opa_allowed_at_gate,10.263025294989347,2.9894858598709106,10.0
100,truth,discrete,596,149.062,1,published_after_gate_recheck,17.955399584025145,4.755817819386721,10.0
100,truth,continuous,597,149.434,1,published_after_gate_recheck,16.844926867634058,4.762571305036545,10.0
100,opa_readset,continuous,598,149.743,1,opa_allowed_at_gate,16.416784841567278,7.928117178380489,10.0
100,opa,continuous,599,149.864,1,opa_allowed_at_gate,11.888754088431597,3.7173214368522167,10.0
100,opa,continuous,600,150.111,1,opa_allowed_at_gate,16.69837301596999,3.807791043072939,10.0
100,predicate,continuous,601,150.444,1,published_after_gate_recheck,17.244056332856417,4.601107910275459,10.0
100,opa_readset,continuous,602,150.56,1,opa_allowed_at_gate,13.100375887006521,4.1744280606508255,10.0
100,readset,discrete,603,150.807,1,published_after_gate_recheck,16.75254385918379,4.581531044095755,10.0
100,predicate,continuous,604,151.004,1,published_after_gate_recheck,17.177460715174675,4.422303289175034,10.0
100,readset,discrete,605,151.409,1,published_after_gate_recheck,15.425816178321838,4.169979132711887,10.0
100,readset,discrete,606,151.583,1,published_after_gate_recheck,15.169845893979073,4.625975154340267,10.0
100,truth,continuous,607,151.756,1,published_after_gate_recheck,15.437888912856579,4.6336292289197445,10.0
100,predicate,discrete,608,152.094,1,published_after_gate_recheck,20.297331735491753,8.010510820895433,10.0
100,predicate,discrete,609,152.479,1,published_after_gate_recheck,18.64895084872842,4.849264398217201,10.0
100,truth,continuous,610,152.637,1,published_after_gate_recheck,15.373858157545328,4.20159799978137,10.0
100,global,discrete,611,152.849,1,published_after_gate_recheck,20.186113193631172,5.344000644981861,10.0
100,global,continuous,612,153.115,1,published_after_gate_recheck,16.09425013884902,4.592201206833124,10.0
100,opa_readset,continuous,613,153.327,1,opa_allowed_at_gate,10.896163061261177,3.507046028971672,10.0
100,global,continuous,614,153.644,1,published_after_gate_recheck,17.576991114765406,4.10546874627471,10.0
100,truth,continuous,615,153.876,1,published_after_gate_recheck,17.151922918856144,4.960511811077595,10.0
100,opa_readset,discrete,616,154.033,1,opa_allowed_at_gate,10.663426015526056,3.662487957626581,10.0
100,readset,continuous,617,154.308,1,published_after_gate_recheck,16.44362509250641,4.769965074956417,10.0
100,opa,continuous,618,154.515,1,opa_allowed_at_gate,20.332858432084322,6.0242158360779285,10.0
100,truth,continuous,619,154.842,1,published_after_gate_recheck,17.55751296877861,5.075517110526562,10.0
100,opa,continuous,620,155.042,1,opa_allowed_at_gate,12.6207759603858,3.7401928566396236,10.0
100,predicate,continuous,621,155.432,1,published_after_gate_recheck,17.310319934040308,5.144547205418348,10.0
100,opa_readset,continuous,622,155.554,1,opa_allowed_at_gate,12.304272968322039,4.189294762909412,10.0
100,readset,continuous,623,155.77,1,published_after_gate_recheck,17.7933257073164,4.891823045909405,10.0
100,opa_readset,continuous,624,156.175,1,opa_allowed_at_gate,12.029587756842375,3.545659128576517,10.0
100,opa_readset,continuous,625,156.261,1,opa_allowed_at_gate,12.34090095385909,4.87816845998168,10.0
100,predicate,discrete,626,156.52,1,published_after_gate_recheck,17.029634211212397,4.81030996888876,10.0
100,opa_readset,continuous,627,156.95,1,opa_allowed_at_gate,11.974214110523462,3.614707849919796,10.0
100,opa,continuous,628,157.062,1,opa_allowed_at_gate,12.961654923856258,3.864846657961607,10.0
100,readset,continuous,629,157.405,1,published_after_gate_recheck,19.014426041394472,5.448727868497372,10.0
100,global,discrete,630,157.56,1,published_after_gate_recheck,15.63146198168397,3.642649855464697,10.0
100,global,discrete,631,157.793,0,context_version_changed_at_publish,21.245470270514488,8.049774914979935,10.0
100,predicate,continuous,632,158.04,1,published_after_gate_recheck,17.745106015354395,4.34889504685998,10.0
100,global,discrete,633,158.474,1,published_after_gate_recheck,16.681009903550148,4.6264659613370895,10.0
100,readset,continuous,634,158.681,1,published_after_gate_recheck,17.1603886410594,4.411201924085617,10.0
100,readset,continuous,635,158.918,1,published_after_gate_recheck,17.38638337701559,4.714950919151306,10.0
100,global,continuous,636,159.183,1,published_after_gate_recheck,17.96070020645857,4.9286819994449615,10.0
100,predicate,continuous,637,159.46,1,published_after_gate_recheck,19.117708783596754,5.186636000871658,10.0
100,readset,discrete,638,159.534,1,published_after_gate_recheck,16.623442992568016,4.866925999522209,10.0
100,readset,discrete,639,159.854,1,published_after_gate_recheck,17.260165885090828,5.206692963838577,10.0
100,global,continuous,640,160.208,1,published_after_gate_recheck,17.08636013790965,4.84939431771636,10.0
100,truth,continuous,641,160.275,1,published_after_gate_recheck,15.046234708279371,3.9778989739716053,10.0
100,global,continuous,642,160.643,1,published_after_gate_recheck,25.333594996482134,8.443072903901339,10.0
100,predicate,continuous,643,160.963,1,published_after_gate_recheck,19.122127909213305,4.915507044643164,10.0
100,global,discrete,644,161.204,1,published_after_gate_recheck,16.467509791254997,4.795793443918228,10.0
100,global,continuous,645,161.252,1,published_after_gate_recheck,15.958906151354313,4.434706177562475,10.0
100,readset,continuous,646,161.508,1,published_after_gate_recheck,17.35260896384716,4.743143916130066,10.0
100,global,discrete,647,161.84,1,published_after_gate_recheck,16.584238968789577,4.223609808832407,10.0
100,readset,continuous,648,162.064,1,published_after_gate_recheck,19.140300806611776,5.357657093554735,10.0
100,predicate,continuous,649,162.5,1,published_after_gate_recheck,18.94560595974326,4.519225098192692,10.0
100,predicate,continuous,650,162.519,1,published_after_gate_recheck,15.259064268320799,4.36439411714673,10.0
100,predicate,discrete,651,162.833,1,published_after_gate_recheck,16.38052612543106,4.436589311808348,10.0
100,global,discrete,652,163.095,0,context_version_changed_at_publish,22.93803310021758,6.062568165361881,10.0
100,truth,continuous,653,163.398,1,published_after_gate_recheck,21.001602057367563,4.595276899635792,10.0
100,predicate,discrete,654,163.655,1,published_after_gate_recheck,16.672092955559492,4.929383751004934,10.0
100,global,discrete,655,163.945,1,published_after_gate_recheck,16.81296806782484,4.331492353230715,10.0
100,opa,discrete,656,164.248,1,opa_allowed_at_gate,10.878027882426977,3.5025477409362793,10.0
100,readset,continuous,657,164.325,1,published_after_gate_recheck,15.310440212488174,4.640441853553057,10.0
100,opa,continuous,658,164.623,1,opa_allowed_at_gate,11.11706718802452,3.736225888133049,10.0
100,opa_readset,continuous,659,164.875,1,opa_allowed_at_gate,11.03635597974062,3.6865826696157455,10.0
100,global,discrete,660,165.071,1,published_after_gate_recheck,15.153104905039072,4.160962998867035,10.0
100,readset,continuous,661,165.385,1,published_after_gate_recheck,17.006360925734043,4.447379615157843,10.0
100,predicate,discrete,662,165.75,1,published_after_gate_recheck,16.464754939079285,4.554200451821089,10.0
100,opa,discrete,663,165.926,1,opa_allowed_at_gate,10.764917358756065,3.420664928853512,10.0
100,opa_readset,continuous,664,166.198,1,opa_allowed_at_gate,13.761315029114485,3.9837700314819813,10.0
100,opa_readset,continuous,665,166.252,1,opa_allowed_at_gate,11.591335758566856,3.6247470416128635,10.0
100,global,continuous,666,166.607,1,published_after_gate_recheck,16.742275096476078,4.80599282309413,10.0
100,readset,discrete,667,166.853,1,published_after_gate_recheck,15.95145184546709,4.726042039692402,10.0
100,opa_readset,discrete,668,167.072,1,opa_allowed_at_gate,11.55457692220807,3.663229290395975,10.0
100,global,discrete,669,167.378,1,published_after_gate_recheck,16.826632898300886,4.6695261262357235,10.0
100,truth,continuous,670,167.713,1,published_after_gate_recheck,16.645013354718685,4.662012215703726,10.0
100,global,continuous,671,167.817,1,published_after_gate_recheck,17.1793051995337,4.418075084686279,10.0
100,readset,discrete,672,168.09,1,published_after_gate_recheck,15.673892106860876,4.221295937895775,10.0
100,global,continuous,673,168.369,1,published_after_gate_recheck,14.927581883966923,4.3682511895895,10.0
100,global,discrete,674,168.625,1,published_after_gate_recheck,17.4859999679029,5.146259907633066,10.0
100,opa_readset,continuous,675,168.963,1,opa_allowed_at_gate,11.925582773983479,3.486798144876957,10.0
100,global,continuous,676,169.118,1,published_after_gate_recheck,15.587821137160063,4.348635207861662,10.0
100,readset,discrete,677,169.318,1,published_after_gate_recheck,14.749768655747175,4.290875978767872,10.0
100,readset,continuous,678,169.68,1,published_after_gate_recheck,17.803765833377838,4.487385042011738,10.0
100,predicate,continuous,679,169.805,1,published_after_gate_recheck,15.585426241159439,4.274926148355007,10.0
100,readset,discrete,680,170.211,1,published_after_gate_recheck,15.65567683428526,4.619873128831387,10.0
100,truth,continuous,681,170.353,1,published_after_gate_recheck,15.361987054347992,4.457247909158468,10.0
100,opa_readset,continuous,682,170.721,1,opa_allowed_at_gate,11.657369788736105,3.519410267472267,10.0
100,opa_readset,continuous,683,170.874,1,opa_allowed_at_gate,12.034086044877768,3.224656917154789,10.0
100,global,continuous,684,171.092,1,published_after_gate_recheck,16.82597165927291,5.091919098049402,10.0
100,predicate,continuous,685,171.381,1,published_after_gate_recheck,16.620316077023745,4.782157018780708,10.0
100,opa,discrete,686,171.589,1,opa_allowed_at_gate,13.140229973942041,3.9821770042181015,10.0
100,opa_readset,discrete,687,171.813,1,opa_allowed_at_gate,10.618261992931366,3.2005319371819496,10.0
100,global,continuous,688,172.183,1,published_after_gate_recheck,18.426652997732162,5.130470264703035,10.0
100,predicate,continuous,689,172.272,1,published_after_gate_recheck,16.91247522830963,4.969549365341663,10.0
100,global,continuous,690,172.616,1,published_after_gate_recheck,16.355549916625023,4.555772058665752,10.0
100,predicate,discrete,691,172.794,1,published_after_gate_recheck,16.978717874735594,4.785283003002405,10.0
100,global,continuous,692,173.108,1,published_after_gate_recheck,17.145630903542042,4.514665808528662,10.0
100,readset,discrete,693,173.451,1,published_after_gate_recheck,16.941428650170565,4.787757992744446,10.0
100,opa_readset,continuous,694,173.611,1,opa_allowed_at_gate,11.12077385187149,3.6237649619579315,10.0
100,readset,discrete,695,173.96,1,published_after_gate_recheck,17.550230026245117,4.99041797593236,10.0
100,predicate,continuous,696,174.014,1,published_after_gate_recheck,17.624229192733765,4.7640628181397915,10.0
100,opa,continuous,697,174.356,1,opa_allowed_at_gate,11.783947236835957,3.651428036391735,10.0
100,opa_readset,continuous,698,174.532,1,opa_allowed_at_gate,11.41344290226698,3.360091242939234,10.0
100,predicate,discrete,699,174.78,1,published_after_gate_recheck,17.949688713997602,4.749856889247894,10.0
100,readset,continuous,700,175.111,1,published_after_gate_recheck,16.368774697184563,4.5891148038208485,10.0
100,truth,discrete,701,175.444,1,published_after_gate_recheck,15.738873276859522,4.673053044825792,10.0
100,truth,discrete,702,175.518,1,published_after_gate_recheck,17.305520828813314,5.113129038363695,10.0
100,global,discrete,703,175.794,0,context_version_changed_at_publish,23.304861038923264,8.52361274883151,10.0
100,readset,continuous,704,176.037,1,published_after_gate_recheck,17.309017945080996,5.179432686418295,10.0
100,opa,continuous,705,176.338,1,opa_allowed_at_gate,11.764960829168558,3.5438151098787785,10.0
100,readset,discrete,706,176.672,1,published_after_gate_recheck,16.6578758507967,4.700203891843557,10.0
100,opa,discrete,707,176.992,1,opa_allowed_at_gate,11.529449839144945,3.462962806224823,10.0
100,readset,continuous,708,177.158,1,published_after_gate_recheck,16.67812466621399,4.8218718729913235,10.0
100,global,discrete,709,177.387,1,published_after_gate_recheck,16.57685497775674,4.490321036428213,10.0
100,opa,discrete,710,177.686,1,opa_allowed_at_gate,12.14678818359971,3.6998679861426353,10.0
100,opa,discrete,711,177.885,1,opa_allowed_at_gate,10.668294969946146,3.309625666588545,10.0
100,global,continuous,712,178.245,1,published_after_gate_recheck,16.957118175923824,4.863731097429991,10.0
100,readset,discrete,713,178.439,1,published_after_gate_recheck,17.089656088501215,4.816761706024408,10.0
100,truth,discrete,714,178.678,1,published_after_gate_recheck,16.176905017346144,4.652122966945171,10.0
100,opa_readset,discrete,715,178.911,1,opa_allowed_at_gate,14.039847999811172,3.7075518630445004,10.0
100,opa,discrete,716,179.221,1,opa_allowed_at_gate,10.922231245785952,3.430563025176525,10.0
100,opa_readset,discrete,717,179.417,1,opa_allowed_at_gate,11.302925180643797,3.4607299603521824,10.0
100,truth,discrete,718,179.535,1,published_after_gate_recheck,16.745310742408037,4.179427865892649,10.0
100,readset,discrete,719,179.827,1,published_after_gate_recheck,16.10938785597682,4.58194175735116,10.0
100,opa,continuous,720,180.249,1,opa_allowed_at_gate,11.40512665733695,3.9082393050193787,10.0
100,predicate,continuous,721,180.441,1,published_after_gate_recheck,16.02877676486969,4.577504005283117,10.0
100,predicate,continuous,722,180.679,1,published_after_gate_recheck,17.274633049964905,4.695243667811155,10.0
100,readset,continuous,723,180.764,1,published_after_gate_recheck,15.239567030221224,4.3449969962239265,10.0
100,predicate,continuous,724,181.043,1,published_after_gate_recheck,16.3838230073452,4.469801671802998,10.0
100,predicate,continuous,725,181.33,1,published_after_gate_recheck,15.830084215849638,4.428043030202389,10.0
100,opa,continuous,726,181.746,1,opa_allowed_at_gate,14.96502198278904,4.484910052269697,10.0
100,predicate,discrete,727,181.779,1,published_after_gate_recheck,16.982125118374825,4.307988099753857,10.0
100,opa_readset,continuous,728,182.219,1,opa_allowed_at_gate,15.077874064445496,4.118181765079498,10.0
100,predicate,discrete,729,182.495,1,published_after_gate_recheck,19.818153232336044,6.839626003056765,10.0
100,opa,discrete,730,182.724,1,opa_allowed_at_gate,10.80007292330265,3.5226959735155106,10.0
100,opa,discrete,731,182.804,1,opa_allowed_at_gate,10.084269568324089,3.7144548259675503,10.0
100,global,discrete,732,183.017,1,published_after_gate_recheck,16.15164801478386,4.333957098424435,10.0
100,opa_readset,continuous,733,183.416,1,opa_allowed_at_gate,12.83267280086875,4.3175662867724895,10.0
100,predicate,discrete,734,183.698,1,published_after_gate_recheck,22.30887394398451,5.142504349350929,10.0
100,opa_readset,continuous,735,183.78,1,opa_allowed_at_gate,12.12965464219451,4.626826848834753,10.0
100,predicate,continuous,736,184.154,1,published_after_gate_recheck,16.115909907966852,4.278543870896101,10.0
100,predicate,discrete,737,184.368,1,published_after_gate_recheck,17.010678071528673,4.775675944983959,10.0
100,truth,continuous,738,184.599,1,published_after_gate_recheck,20.389825105667114,4.593564197421074,10.0
100,predicate,continuous,739,184.835,1,published_after_gate_recheck,16.449435148388147,4.746621008962393,10.0
100,readset,discrete,740,185.146,1,published_after_gate_recheck,16.979499720036983,4.437481053173542,10.0
100,global,continuous,741,185.303,1,published_after_gate_recheck,17.251259181648493,4.632556810975075,10.0
100,global,continuous,742,185.675,1,published_after_gate_recheck,15.59047494083643,3.9793220348656178,10.0
100,opa_readset,discrete,743,185.836,1,opa_allowed_at_gate,11.770672164857388,3.632171079516411,10.0
100,truth,discrete,744,186.161,1,published_after_gate_recheck,16.704224050045013,4.606817848980427,10.0
100,opa,discrete,745,186.266,1,opa_allowed_at_gate,11.467594187706709,3.5621803253889084,10.0
100,opa_readset,continuous,746,186.746,1,opa_allowed_at_gate,12.207902036607265,3.963944036513567,10.0
100,predicate,discrete,747,186.828,1,published_after_gate_recheck,15.817281324416399,4.648867063224316,10.0
100,readset,continuous,748,187.151,1,published_after_gate_recheck,16.685377806425095,4.686668980866671,10.0
100,readset,discrete,749,187.404,1,published_after_gate_recheck,15.32038813456893,4.552286583930254,10.0
100,truth,continuous,750,187.647,1,published_after_gate_recheck,15.917968936264515,4.209253005683422,10.0
100,predicate,continuous,751,187.771,1,published_after_gate_recheck,19.771775230765343,5.549105815589428,10.0
100,readset,discrete,752,188.106,1,published_after_gate_recheck,15.98111679777503,4.231523722410202,10.0
100,opa_readset,discrete,753,188.456,1,opa_allowed_at_gate,12.061667628586292,3.265844192355871,10.0
100,readset,continuous,754,188.602,1,published_after_gate_recheck,17.411519773304462,4.878729116171598,10.0
100,opa,continuous,755,188.837,1,opa_allowed_at_gate,10.994726791977882,3.3619748428463936,10.0
100,truth,continuous,756,189.159,1,published_after_gate_recheck,16.531620174646378,4.473949782550335,10.0
100,truth,discrete,757,189.315,1,published_after_gate_recheck,14.824108220636845,4.118453245609999,10.0
100,opa_readset,continuous,758,189.679,1,opa_allowed_at_gate,11.768489144742489,3.5577919334173203,10.0
100,predicate,discrete,759,189.825,1,published_after_gate_recheck,15.94546064734459,4.795403219759464,10.0
100,predicate,discrete,760,190.019,1,published_after_gate_recheck,16.73683524131775,4.649539012461901,10.0
100,global,discrete,761,190.461,1,published_after_gate_recheck,15.779819805175066,4.170069936662912,10.0
100,opa,discrete,762,190.675,1,opa_allowed_at_gate,10.594516061246395,3.1555574387311935,10.0
100,opa,continuous,763,190.946,1,opa_allowed_at_gate,16.380747314542532,3.9523718878626823,10.0
100,predicate,continuous,764,191.143,1,published_after_gate_recheck,16.20275294408202,4.71013318747282,10.0
100,global,discrete,765,191.257,1,published_after_gate_recheck,15.107850078493357,4.463990684598684,10.0
100,opa,continuous,766,191.601,1,opa_allowed_at_gate,13.25526600703597,3.8109859451651573,10.0
100,readset,continuous,767,191.963,1,published_after_gate_recheck,16.526299994438887,4.807024262845516,10.0
100,opa,discrete,768,192.157,1,opa_allowed_at_gate,10.750649031251669,3.5820170305669308,10.0
100,predicate,continuous,769,192.381,1,published_after_gate_recheck,15.78815607354045,4.528351593762636,10.0
100,readset,discrete,770,192.539,1,published_after_gate_recheck,19.709178246557713,4.92748012766242,10.0
100,opa_readset,discrete,771,192.85,1,opa_allowed_at_gate,10.971643961966038,3.3200057223439217,10.0
100,opa_readset,discrete,772,193.115,1,opa_allowed_at_gate,12.871665880084038,4.4050998985767365,10.0
100,opa_readset,continuous,773,193.305,0,opa_readset_version_changed_at_gate,10.794350877404213,3.503269050270319,10.0
100,global,discrete,774,193.639,1,published_after_gate_recheck,15.12772822752595,4.419616889208555,10.0
100,opa_readset,discrete,775,193.882,1,opa_allowed_at_gate,10.96018310636282,3.516213968396187,10.0
100,global,discrete,776,194.139,1,published_after_gate_recheck,15.789018012583256,4.085641819983721,10.0
100,opa,discrete,777,194.334,1,opa_allowed_at_gate,10.887226089835167,3.177258186042309,10.0
100,truth,continuous,778,194.729,1,published_after_gate_recheck,18.064213916659355,5.281684920191765,10.0
100,global,continuous,779,194.763,1,published_after_gate_recheck,15.504003036767244,4.376036114990711,10.0
100,opa_readset,discrete,780,195.129,1,opa_allowed_at_gate,11.235649231821299,3.3421367406845093,10.0
100,truth,discrete,781,195.345,1,published_after_gate_recheck,16.7047749273479,4.615224897861481,10.0
100,global,continuous,782,195.589,1,published_after_gate_recheck,17.696053255349398,4.837550688534975,10.0
100,opa,discrete,783,195.796,1,opa_allowed_at_gate,13.156351167708635,4.142117686569691,10.0
100,opa,continuous,784,196.048,1,opa_allowed_at_gate,11.776432860642672,3.3792471513152122,10.0
100,truth,discrete,785,196.314,1,published_after_gate_recheck,17.332823015749454,4.8339650966227055,10.0
100,global,continuous,786,196.66,1,published_after_gate_recheck,17.028020694851875,4.630352836102247,10.0
100,global,continuous,787,196.77,1,published_after_gate_recheck,16.030389815568924,4.247885663062334,10.0
100,global,continuous,788,197.178,1,published_after_gate_recheck,16.75211312249303,4.506781231611967,10.0
100,predicate,continuous,789,197.465,1,published_after_gate_recheck,16.94310177117586,4.892874974757433,10.0
100,global,continuous,790,197.585,1,published_after_gate_recheck,15.884086024016142,4.7225346788764,10.0
100,readset,continuous,791,197.996,1,published_after_gate_recheck,20.60777321457863,7.1974266320466995,10.0
100,predicate,continuous,792,198.234,1,published_after_gate_recheck,15.93936001881957,4.598604049533606,10.0
100,predicate,continuous,793,198.47,1,published_after_gate_recheck,15.97318286076188,4.502994008362293,10.0
100,readset,continuous,794,198.721,1,published_after_gate_recheck,16.131780110299587,5.236249417066574,10.0
100,global,continuous,795,198.764,1,published_after_gate_recheck,15.227815136313438,4.5714727602899075,10.0
100,opa,continuous,796,199.176,1,opa_allowed_at_gate,12.40786723792553,4.761108197271824,10.0
100,readset,continuous,797,199.441,1,published_after_gate_recheck,16.397218219935894,4.453771747648716,10.0
100,predicate,discrete,798,199.555,1,published_after_gate_recheck,17.316682264208794,4.76866215467453,10.0
100,opa_readset,continuous,799,199.981,1,opa_allowed_at_gate,12.374704238027334,3.7305550649762154,10.0
100,predicate,discrete,800,200.199,1,published_after_gate_recheck,20.79451410099864,4.33969683945179,10.0
100,opa,discrete,801,200.478,1,opa_allowed_at_gate,15.08386479690671,4.321753978729248,10.0
100,opa_readset,continuous,802,200.668,1,opa_allowed_at_gate,10.83746226504445,3.279899712651968,10.0
100,readset,continuous,803,200.88,1,published_after_gate_recheck,16.518425196409225,4.481753800064325,10.0
100,opa_readset,discrete,804,201.189,1,opa_allowed_at_gate,11.548465117812157,3.7058289162814617,10.0
100,readset,discrete,805,201.343,1,published_after_gate_recheck,17.15866569429636,4.656000062823296,10.0
100,readset,continuous,806,201.642,1,published_after_gate_recheck,17.16412603855133,5.045570898801088,10.0
100,readset,discrete,807,201.906,1,published_after_gate_recheck,17.56869489327073,4.7737713903188705,10.0
100,opa_readset,discrete,808,202.092,1,opa_allowed_at_gate,12.499349191784859,3.161629196256399,10.0
100,global,continuous,809,202.401,1,published_after_gate_recheck,19.957314245402813,4.867748823016882,10.0
100,predicate,continuous,810,202.709,1,published_after_gate_recheck,17.118039075285196,4.550933837890625,10.0
100,opa_readset,discrete,811,202.837,1,opa_allowed_at_gate,11.615881696343422,3.407288808375597,10.0
100,truth,continuous,812,203.077,1,published_after_gate_recheck,17.375120893120766,4.948518704622984,10.0
100,truth,discrete,813,203.341,1,published_after_gate_recheck,16.31643669679761,4.12925286218524,10.0
100,global,discrete,814,203.529,1,published_after_gate_recheck,15.478144865483046,4.56004124134779,10.0
100,predicate,continuous,815,203.867,1,published_after_gate_recheck,16.169740818440914,4.519233945757151,10.0
100,predicate,continuous,816,204.18,1,published_after_gate_recheck,16.946367919445038,4.914675839245319,10.0
100,opa,continuous,817,204.278,1,opa_allowed_at_gate,10.97656274214387,3.642240073531866,10.0
100,global,discrete,818,204.61,1,published_after_gate_recheck,16.76382590085268,4.814287647604942,10.0
100,opa,discrete,819,204.864,1,opa_allowed_at_gate,12.047982774674892,3.7440010346472263,10.0
100,global,discrete,820,205.228,1,published_after_gate_recheck,17.989763990044594,4.987402819097042,10.0
100,predicate,discrete,821,205.345,1,published_after_gate_recheck,17.75832986459136,4.82931500300765,10.0
100,predicate,continuous,822,205.589,1,published_after_gate_recheck,17.499434761703014,4.6757180243730545,10.0
100,opa,discrete,823,205.862,1,opa_allowed_at_gate,11.116757057607174,3.329272847622633,10.0
100,opa,discrete,824,206.065,1,opa_allowed_at_gate,19.04075499624014,3.3482983708381653,10.0
100,opa,discrete,825,206.356,1,opa_allowed_at_gate,11.525121983140707,3.6683790385723114,10.0
100,predicate,discrete,826,206.694,1,published_after_gate_recheck,20.35193284973502,8.49080178886652,10.0
100,truth,continuous,827,206.999,1,published_after_gate_recheck,20.07281081750989,5.118268076330423,10.0
100,readset,discrete,828,207.055,1,published_after_gate_recheck,15.096408780664206,4.521659109741449,10.0
100,predicate,discrete,829,207.472,1,published_after_gate_recheck,16.68855408206582,4.206698387861252,10.0
100,opa_readset,continuous,830,207.509,1,opa_allowed_at_gate,11.665134225040674,3.964794799685478,10.0
100,predicate,discrete,831,207.761,1,published_after_gate_recheck,16.77350327372551,4.688411019742489,10.0
100,predicate,discrete,832,208.128,1,published_after_gate_recheck,22.31770008802414,8.032212033867836,10.0
100,predicate,discrete,833,208.491,1,published_after_gate_recheck,17.48817414045334,4.92201978340745,10.0
100,readset,continuous,834,208.727,1,published_after_gate_recheck,15.981248114258051,4.607209004461765,10.0
100,opa_readset,discrete,835,208.908,1,opa_allowed_at_gate,10.145393665879965,3.2181451097130775,10.0
100,truth,continuous,836,209.117,1,published_after_gate_recheck,15.975377056747675,5.159013904631138,10.0
100,global,continuous,837,209.416,1,published_after_gate_recheck,15.19984332844615,4.207140300422907,10.0
100,predicate,discrete,838,209.728,1,published_after_gate_recheck,17.13023241609335,4.908944945782423,10.0
100,opa_readset,continuous,839,209.99,1,opa_allowed_at_gate,15.813133213669062,5.861280951648951,10.0
100,truth,discrete,840,210.122,1,published_after_gate_recheck,16.66149403899908,4.447760060429573,10.0
100,opa_readset,continuous,841,210.452,1,opa_allowed_at_gate,11.761494912207127,3.5086888819932938,10.0
100,opa_readset,discrete,842,210.597,1,opa_allowed_at_gate,10.324199218302965,3.42399999499321,10.0
100,opa,discrete,843,210.885,1,opa_allowed_at_gate,11.351866647601128,3.6649322137236595,10.0
100,truth,discrete,844,211.067,1,published_after_gate_recheck,18.01391039043665,5.079165101051331,10.0
100,global,discrete,845,211.423,1,published_after_gate_recheck,17.7062232978642,4.830168094485998,10.0
100,truth,discrete,846,211.657,1,published_after_gate_recheck,17.559046857059002,4.82014799490571,10.0
100,opa_readset,continuous,847,211.933,1,opa_allowed_at_gate,11.176938191056252,3.5340366885066032,10.0
100,predicate,continuous,848,212.25,1,published_after_gate_recheck,16.882136929780245,4.738745745271444,10.0
100,opa,discrete,849,212.27,1,opa_allowed_at_gate,12.276900932192802,3.7297941744327545,10.0
100,opa_readset,continuous,850,212.607,1,opa_allowed_at_gate,11.523548979312181,3.7398729473352432,10.0
100,opa,discrete,851,212.87,1,opa_allowed_at_gate,11.484766378998756,3.390698228031397,10.0
100,readset,discrete,852,213.035,1,published_after_gate_recheck,17.27528404444456,4.8797097988426685,10.0
100,predicate,discrete,853,213.345,1,published_after_gate_recheck,15.99664706736803,4.403317347168922,10.0
100,predicate,discrete,854,213.679,1,published_after_gate_recheck,16.823657788336277,4.434114787727594,10.0
100,predicate,continuous,855,213.794,1,published_after_gate_recheck,21.346978843212128,8.778341114521027,10.0
100,readset,discrete,856,214.074,1,published_after_gate_recheck,15.57209063321352,4.3390970677137375,10.0
100,opa,discrete,857,214.391,1,opa_allowed_at_gate,12.938441708683968,3.9575709961354733,10.0
100,opa,discrete,858,214.749,1,opa_allowed_at_gate,11.529249139130116,3.482199739664793,10.0
100,readset,continuous,859,214.874,1,published_after_gate_recheck,15.521716326475143,4.347000736743212,10.0
100,predicate,continuous,860,215.051,1,published_after_gate_recheck,17.864047549664974,5.021736957132816,10.0
100,global,discrete,861,215.29,1,published_after_gate_recheck,15.925804153084755,4.493987187743187,10.0
100,predicate,continuous,862,215.545,1,published_after_gate_recheck,16.92801294848323,4.641663748770952,10.0
100,opa_readset,continuous,863,215.979,1,opa_allowed_at_gate,11.739724781364202,3.583981189876795,10.0
100,predicate,discrete,864,216.14,1,published_after_gate_recheck,17.382455989718437,4.493224900215864,10.0
100,readset,continuous,865,216.349,1,published_after_gate_recheck,16.441721003502607,4.79491101577878,10.0
100,truth,discrete,866,216.557,1,published_after_gate_recheck,16.67030993849039,4.314090125262737,10.0
100,opa,continuous,867,216.924,1,opa_allowed_at_gate,12.62426283210516,4.213891923427582,10.0
100,readset,discrete,868,217.032,1,published_after_gate_recheck,15.883936081081629,4.376227036118507,10.0
100,global,discrete,869,217.465,1,published_after_gate_recheck,16.415131278336048,4.595417063683271,10.0
100,predicate,discrete,870,217.67,1,published_after_gate_recheck,16.588225960731506,4.37846127897501,10.0
100,global,discrete,871,217.805,1,published_after_gate_recheck,15.506708063185215,4.008796997368336,10.0
100,opa,continuous,872,218.123,1,opa_allowed_at_gate,11.823511216789484,3.7382999435067177,10.0
100,opa_readset,discrete,873,218.369,1,opa_allowed_at_gate,12.787658721208572,3.637580666691065,10.0
100,readset,discrete,874,218.538,1,published_after_gate_recheck,14.948831871151924,3.8335989229381084,10.0
100,truth,continuous,875,218.916,1,published_after_gate_recheck,16.51946734637022,4.533491097390652,10.0
100,opa,continuous,876,219.231,1,opa_allowed_at_gate,11.477523017674685,3.6090179346501827,10.0
100,opa,discrete,877,219.494,1,opa_allowed_at_gate,11.185205075889826,3.3951462246477604,10.0
100,truth,continuous,878,219.535,1,published_after_gate_recheck,17.36910967156291,4.718417767435312,10.0
100,truth,discrete,879,219.916,1,published_after_gate_recheck,15.72722103446722,4.4539920054376125,10.0
100,readset,continuous,880,220.112,1,published_after_gate_recheck,15.688249375671148,4.844695329666138,10.0
100,opa,continuous,881,220.3,1,opa_allowed_at_gate,11.814685072749853,3.268228378146887,10.0
100,opa,discrete,882,220.623,1,opa_allowed_at_gate,12.134815100580454,4.316773731261492,10.0
100,opa,discrete,883,220.846,1,opa_allowed_at_gate,12.143392115831375,3.3592302352190018,10.0
100,predicate,continuous,884,221.121,1,published_after_gate_recheck,16.234633047133684,4.169889260083437,10.0
100,readset,continuous,885,221.467,1,published_after_gate_recheck,16.266321763396263,4.475272260606289,10.0
100,truth,discrete,886,221.585,1,published_after_gate_recheck,16.313150990754366,4.325740970671177,10.0
100,truth,discrete,887,221.86,1,published_after_gate_recheck,16.5322907269001,4.30643605068326,10.0
100,global,continuous,888,222.19,1,published_after_gate_recheck,17.602899111807346,4.900770261883736,10.0
100,opa,discrete,889,222.257,1,opa_allowed_at_gate,10.690066032111645,3.4447498619556427,10.0
100,truth,continuous,890,222.561,1,published_after_gate_recheck,19.697716925293207,5.274390336126089,10.0
100,truth,discrete,891,222.937,1,published_after_gate_recheck,16.609807033091784,4.549400880932808,10.0
100,opa_readset,discrete,892,223.115,1,opa_allowed_at_gate,12.495861854404211,3.3469763584434986,10.0
100,truth,discrete,893,223.441,1,published_after_gate_recheck,17.573864199221134,4.9841757863759995,10.0
100,opa,discrete,894,223.731,1,opa_allowed_at_gate,11.265094857662916,3.776401747018099,10.0
100,opa_readset,continuous,895,223.902,1,opa_allowed_at_gate,12.322946917265654,3.8268561474978924,10.0
100,global,continuous,896,224.161,1,published_after_gate_recheck,15.935972798615694,4.1533880867064,10.0
100,opa,discrete,897,224.406,1,opa_allowed_at_gate,11.549989227205515,3.4898039884865284,10.0
100,opa,discrete,898,224.576,1,opa_allowed_at_gate,9.580544661730528,3.15911415964365,10.0
100,predicate,discrete,899,224.958,1,published_after_gate_recheck,16.230004839599133,4.989085718989372,10.0
100,predicate,continuous,900,225.001,1,published_after_gate_recheck,17.656289041042328,4.51130885630846,10.0
100,global,discrete,901,225.256,1,published_after_gate_recheck,15.805418137460947,4.0587810799479485,10.0
100,opa_readset,discrete,902,225.534,1,opa_allowed_at_gate,11.231912299990654,4.104006104171276,10.0
100,global,discrete,903,225.764,1,published_after_gate_recheck,16.833035741001368,4.888315685093403,10.0
100,global,continuous,904,226.245,1,published_after_gate_recheck,17.47909700497985,4.9744476564228535,10.0
100,predicate,discrete,905,226.453,1,published_after_gate_recheck,17.34361331909895,4.896992817521095,10.0
100,readset,continuous,906,226.66,1,published_after_gate_recheck,17.626001965254545,5.129549186676741,10.0
100,truth,continuous,907,226.832,1,published_after_gate_recheck,16.394162084907293,4.928551148623228,10.0
100,global,discrete,908,227.073,1,published_after_gate_recheck,18.230064772069454,4.745928570628166,10.0
100,readset,discrete,909,227.334,1,published_after_gate_recheck,16.186642926186323,4.53884107992053,10.0
100,predicate,discrete,910,227.673,1,published_after_gate_recheck,17.760634422302246,5.436805076897144,10.0
100,opa,discrete,911,227.844,1,opa_allowed_at_gate,14.00811830535531,6.047680974006653,10.0
100,opa,continuous,912,228.149,1,opa_allowed_at_gate,10.91525936499238,3.282243851572275,10.0
100,opa,continuous,913,228.319,1,opa_allowed_at_gate,10.762691963464022,3.6390540190041065,10.0
100,readset,discrete,914,228.552,1,published_after_gate_recheck,15.598861034959555,4.616116173565388,10.0
100,opa,continuous,915,228.977,1,opa_allowed_at_gate,11.6183259524405,3.590783104300499,10.0
100,readset,discrete,916,229.197,1,published_after_gate_recheck,17.61072315275669,6.374152842909098,10.0
100,opa,continuous,917,229.313,1,opa_allowed_at_gate,11.214068159461021,3.8940319791436195,10.0
100,truth,continuous,918,229.572,1,published_after_gate_recheck,15.57506574317813,4.52262070029974,10.0
100,opa_readset,discrete,919,229.844,1,opa_allowed_at_gate,12.919996865093708,4.1925618425011635,10.0
100,predicate,discrete,920,230.159,1,published_after_gate_recheck,16.36985596269369,4.675037227571011,10.0
100,truth,discrete,921,230.292,1,published_after_gate_recheck,16.6555717587471,4.225404001772404,10.0
100,opa,continuous,922,230.651,1,opa_allowed_at_gate,11.577039025723934,3.694307990372181,10.0
100,predicate,continuous,923,230.871,1,published_after_gate_recheck,18.578458111733198,5.157361272722483,10.0
100,predicate,discrete,924,231.045,1,published_after_gate_recheck,17.574555706232786,4.722596146166325,10.0
100,predicate,discrete,925,231.406,1,published_after_gate_recheck,17.501357942819595,4.711525049060583,10.0
100,readset,continuous,926,231.674,1,published_after_gate_recheck,17.656929790973663,4.901641979813576,10.0
100,opa_readset,discrete,927,231.956,1,opa_allowed_at_gate,12.853403110057116,3.9465799927711487,10.0
100,readset,continuous,928,232.16,1,published_after_gate_recheck,17.182870768010616,5.155036225914955,10.0
100,readset,discrete,929,232.497,1,published_after_gate_recheck,18.926439806818962,6.838804110884666,10.0
100,opa_readset,discrete,930,232.723,1,opa_allowed_at_gate,11.752938851714134,4.072918090969324,10.0
100,truth,discrete,931,232.909,1,published_after_gate_recheck,16.896634828299284,4.743675235658884,10.0
100,truth,continuous,932,233.082,1,published_after_gate_recheck,18.899539951235056,4.937188234180212,10.0
100,opa_readset,continuous,933,233.313,1,opa_allowed_at_gate,13.226060662418604,5.47783263027668,10.0
100,opa,discrete,934,233.541,1,opa_allowed_at_gate,11.436375323683023,3.434580285102129,10.0
100,global,continuous,935,233.802,1,published_after_gate_recheck,18.20381497964263,4.514265339821577,10.0
100,predicate,continuous,936,234.209,1,published_after_gate_recheck,16.92493725568056,4.801283124834299,10.0
100,truth,continuous,937,234.481,1,published_after_gate_recheck,16.201801132410765,4.5661721378564835,10.0
100,readset,continuous,938,234.522,1,published_after_gate_recheck,14.88123508170247,4.1888440027832985,10.0
100,predicate,continuous,939,234.837,1,published_after_gate_recheck,16.41369890421629,4.5586880296468735,10.0
100,opa,continuous,940,235.069,1,opa_allowed_at_gate,10.908905882388353,3.827827051281929,10.0
100,readset,continuous,941,235.431,1,published_after_gate_recheck,16.36085007339716,4.435196984559298,10.0
100,global,continuous,942,235.668,1,published_after_gate_recheck,15.845634043216705,4.5114802196621895,10.0
100,predicate,discrete,943,235.86,1,published_after_gate_recheck,18.294235225766897,4.884319379925728,10.0
100,predicate,continuous,944,236.004,1,published_after_gate_recheck,16.763675026595592,4.398799035698175,10.0
100,opa_readset,discrete,945,236.287,1,opa_allowed_at_gate,10.750138200819492,2.9718121513724327,10.0
100,readset,discrete,946,236.586,1,published_after_gate_recheck,17.6607477478683,4.9040662124753,10.0
100,opa_readset,continuous,947,236.971,1,opa_allowed_at_gate,11.069557163864374,3.2968022860586643,10.0
100,truth,discrete,948,237.067,1,published_after_gate_recheck,16.158991027623415,4.707336891442537,10.0
100,global,discrete,949,237.381,1,published_after_gate_recheck,21.914883982390165,4.662021994590759,10.0
100,global,continuous,950,237.62,1,published_after_gate_recheck,16.0432243719697,4.752391949295998,10.0
100,opa,continuous,951,237.9,1,opa_allowed_at_gate,13.28232605010271,3.8590668700635433,10.0
100,opa_readset,discrete,952,238.182,1,opa_allowed_at_gate,11.811028234660625,3.8176490925252438,10.0
100,readset,continuous,953,238.386,1,published_after_gate_recheck,18.347013741731644,4.6523138880729675,10.0
100,global,discrete,954,238.552,1,published_after_gate_recheck,16.26752410084009,4.748485051095486,10.0
100,truth,continuous,955,238.942,1,published_after_gate_recheck,16.85192994773388,4.036999773234129,10.0
100,global,discrete,956,239.002,1,published_after_gate_recheck,18.295928835868835,4.569167736917734,10.0
100,opa_readset,discrete,957,239.403,1,opa_allowed_at_gate,12.003087904304266,3.9769778959453106,10.0
100,truth,discrete,958,239.545,1,published_after_gate_recheck,16.475044190883636,4.793188069015741,10.0
100,readset,discrete,959,239.811,1,published_after_gate_recheck,15.445934142917395,4.887706134468317,10.0
100,global,discrete,960,240.241,1,published_after_gate_recheck,15.923359896987677,4.375234711915255,10.0
100,predicate,continuous,961,240.399,1,published_after_gate_recheck,20.755921956151724,5.015784874558449,10.0
100,readset,discrete,962,240.629,1,published_after_gate_recheck,16.226397827267647,4.795392043888569,10.0
100,opa_readset,discrete,963,240.968,1,opa_allowed_at_gate,11.202737223356962,3.4445887431502342,10.0
100,truth,continuous,964,241.142,1,published_after_gate_recheck,16.46509487181902,4.7190990298986435,10.0
100,predicate,discrete,965,241.472,1,published_after_gate_recheck,17.093042843043804,4.30799787864089,10.0
100,truth,discrete,966,241.69,1,published_after_gate_recheck,16.737665981054306,5.077321082353592,10.0
100,predicate,continuous,967,241.963,1,published_after_gate_recheck,16.52007782831788,4.786614794284105,10.0
100,predicate,continuous,968,242.119,1,published_after_gate_recheck,16.050186939537525,5.066359881311655,10.0
100,predicate,continuous,969,242.406,1,published_after_gate_recheck,16.270811203867197,4.466013982892036,10.0
100,truth,continuous,970,242.721,1,published_after_gate_recheck,15.68294782191515,4.512051120400429,10.0
100,readset,discrete,971,242.97,1,published_after_gate_recheck,16.538292169570923,4.465313162654638,10.0
100,truth,continuous,972,243.066,1,published_after_gate_recheck,15.730457846075296,4.593484103679657,10.0
100,predicate,discrete,973,243.331,1,published_after_gate_recheck,16.773472540080547,4.692007787525654,10.0
100,readset,discrete,974,243.567,1,published_after_gate_recheck,17.70326728001237,4.571923054754734,10.0
100,opa_readset,continuous,975,243.788,1,opa_allowed_at_gate,14.928414020687342,4.264766816049814,10.0
100,predicate,discrete,976,244.207,1,published_after_gate_recheck,17.2077682800591,4.125005099922419,10.0
100,global,continuous,977,244.283,1,published_after_gate_recheck,16.46448392421007,4.532730206847191,10.0
100,predicate,continuous,978,244.535,1,published_after_gate_recheck,16.27551019191742,4.416181240230799,10.0
100,opa,discrete,979,244.881,1,opa_allowed_at_gate,14.973978977650404,3.4048547968268394,10.0
100,predicate,discrete,980,245.226,1,published_after_gate_recheck,21.947013679891825,5.441012792289257,10.0
100,truth,discrete,981,245.417,1,published_after_gate_recheck,16.908115707337856,4.231935832649469,10.0
100,opa,discrete,982,245.557,1,opa_allowed_at_gate,11.353319976478815,3.8198227994143963,10.0
100,truth,continuous,983,245.802,1,published_after_gate_recheck,17.014605924487114,4.538640845566988,10.0
100,opa_readset,discrete,984,246.038,1,opa_allowed_at_gate,10.706827975809574,3.3122007735073566,10.0
100,truth,discrete,985,246.326,1,published_after_gate_recheck,17.10571628063917,4.688702058047056,10.0
100,opa,continuous,986,246.685,1,opa_allowed_at_gate,21.574546117335558,4.6420651488006115,10.0
100,global,discrete,987,246.757,1,published_after_gate_recheck,16.38329215347767,4.499407019466162,10.0
100,predicate,continuous,988,247.04,1,published_after_gate_recheck,17.260096035897732,4.9627358093857765,10.0
100,opa_readset,discrete,989,247.348,1,opa_allowed_at_gate,12.035619001835585,3.561980091035366,10.0
100,opa,discrete,990,247.645,1,opa_allowed_at_gate,12.506511993706226,3.7026931531727314,10.0
100,opa,discrete,991,247.919,1,opa_allowed_at_gate,10.690816678106785,3.190071787685156,10.0
100,opa_readset,continuous,992,248.191,1,opa_allowed_at_gate,13.794909231364727,3.8191210478544235,10.0
100,predicate,continuous,993,248.282,1,published_after_gate_recheck,15.892901923507452,4.412313923239708,10.0
100,readset,discrete,994,248.719,1,published_after_gate_recheck,17.194543033838272,4.698610864579678,10.0
100,predicate,continuous,995,248.891,1,published_after_gate_recheck,16.805903986096382,4.826760850846767,10.0
100,global,continuous,996,249.155,1,published_after_gate_recheck,15.686935745179653,4.515125881880522,10.0
100,opa,discrete,997,249.479,1,opa_allowed_at_gate,14.760468155145645,4.088045097887516,10.0
100,global,discrete,998,249.515,1,published_after_gate_recheck,15.247521921992302,4.613380879163742,10.0
100,opa_readset,discrete,999,249.965,1,opa_allowed_at_gate,12.350448872894049,3.475598059594631,10.0
100,truth,discrete,1000,250.119,1,published_after_gate_recheck,17.402614001184702,4.947757814079523,10.0
100,readset,continuous,1001,250.354,1,published_after_gate_recheck,16.897567082196474,4.832331091165543,10.0
100,global,continuous,1002,250.661,1,published_after_gate_recheck,16.209886875003576,4.404860083013773,10.0
100,opa,discrete,1003,250.765,1,opa_allowed_at_gate,10.807856917381287,3.7487191148102283,10.0
100,readset,continuous,1004,251.13,1,published_after_gate_recheck,16.641436144709587,4.682269878685474,10.0
100,predicate,continuous,1005,251.382,1,published_after_gate_recheck,15.564687084406614,4.341961815953255,10.0
100,predicate,continuous,1006,251.501,1,published_after_gate_recheck,17.37144496291876,4.637415986508131,10.0
100,opa,discrete,1007,251.925,1,opa_allowed_at_gate,10.545535013079643,3.179212100803852,10.0
100,global,discrete,1008,252.079,1,published_after_gate_recheck,16.432193107903004,4.808847792446613,10.0
100,truth,continuous,1009,252.485,1,published_after_gate_recheck,16.79014414548874,4.893957171589136,10.0
100,predicate,continuous,1010,252.65,1,published_after_gate_recheck,20.1038490049541,4.831089172512293,10.0
100,predicate,continuous,1011,252.8,1,published_after_gate_recheck,19.58426460623741,4.891422111541033,10.0
100,global,discrete,1012,253.167,1,published_after_gate_recheck,16.30680775269866,4.324810113757849,10.0
100,opa_readset,discrete,1013,253.35,1,opa_allowed_at_gate,11.211323086172342,3.206753171980381,10.0
100,global,discrete,1014,253.738,1,published_after_gate_recheck,16.895783133804798,4.876784980297089,10.0
100,opa_readset,continuous,1015,253.891,1,opa_allowed_at_gate,12.222580146044493,4.391374997794628,10.0
100,opa,continuous,1016,254.133,1,opa_allowed_at_gate,10.844445321708918,3.56651796028018,10.0
100,predicate,continuous,1017,254.256,1,published_after_gate_recheck,16.001335810869932,4.798658192157745,10.0
100,readset,continuous,1018,254.658,1,published_after_gate_recheck,16.200408805161715,4.123853053897619,10.0
100,opa,discrete,1019,254.979,1,opa_allowed_at_gate,10.721255093812943,3.3213081769645214,10.0
100,truth,continuous,1020,255.113,1,published_after_gate_recheck,17.764390911906958,5.032156128436327,10.0
100,truth,discrete,1021,255.414,1,published_after_gate_recheck,16.930418089032173,5.007339641451836,10.0
100,opa_readset,discrete,1022,255.644,1,opa_allowed_at_gate,11.159616988152266,3.354279790073633,10.0
100,opa,discrete,1023,255.79,1,opa_allowed_at_gate,14.158199075609446,3.5065757110714912,10.0
100,truth,continuous,1024,256.111,1,published_after_gate_recheck,19.662671256810427,5.178180057555437,10.0
100,opa_readset,discrete,1025,256.329,1,opa_allowed_at_gate,12.445167172700167,3.80246015265584,10.0
100,opa_readset,continuous,1026,256.618,1,opa_allowed_at_gate,12.012655846774578,4.237365908920765,10.0
100,readset,continuous,1027,256.861,1,published_after_gate_recheck,16.410163138061762,4.9597411416471004,10.0
100,opa,continuous,1028,257.234,1,opa_allowed_at_gate,12.467178050428629,3.7239529192447662,10.0
100,global,discrete,1029,257.478,1,published_after_gate_recheck,17.138076946139336,4.690265282988548,10.0
100,predicate,continuous,1030,257.664,1,published_after_gate_recheck,17.565357964485884,5.017268937081099,10.0
100,opa,continuous,1031,257.949,1,opa_allowed_at_gate,15.707104001194239,7.790958974510431,10.0
100,opa_readset,continuous,1032,258.094,1,opa_allowed_at_gate,11.106105986982584,3.2401359640061855,10.0
100,global,discrete,1033,258.298,1,published_after_gate_recheck,21.393998060375452,5.028809886425734,10.0
100,opa_readset,continuous,1034,258.676,1,opa_allowed_at_gate,11.848668102174997,3.223754931241274,10.0
100,global,continuous,1035,258.921,1,published_after_gate_recheck,17.201616894453764,4.788749851286411,10.0
100,predicate,continuous,1036,259.246,1,published_after_gate_recheck,16.055647749453783,4.590468015521765,10.0
100,opa_readset,discrete,1037,259.34,1,opa_allowed_at_gate,10.381067171692848,3.1261229887604713,10.0
100,opa_readset,discrete,1038,259.705,1,opa_allowed_at_gate,11.481671128422022,3.384747076779604,10.0
100,truth,continuous,1039,259.786,1,published_after_gate_recheck,17.145149875432253,4.966103006154299,10.0
100,opa_readset,continuous,1040,260.016,1,opa_allowed_at_gate,14.492606744170189,6.519956048578024,10.0
100,truth,discrete,1041,260.401,1,published_after_gate_recheck,18.083950970321894,4.600246902555227,10.0
100,readset,discrete,1042,260.534,1,published_after_gate_recheck,14.786176849156618,4.115076269954443,10.0
100,truth,discrete,1043,260.898,1,published_after_gate_recheck,22.22597785294056,4.911600146442652,10.0
100,global,continuous,1044,261.209,1,published_after_gate_recheck,17.160058952867985,5.035291891545057,10.0
100,readset,continuous,1045,261.272,1,published_after_gate_recheck,20.293585024774075,7.351465988904238,10.0
100,opa_readset,continuous,1046,261.559,1,opa_allowed_at_gate,13.02648801356554,4.29955217987299,10.0
100,opa_readset,continuous,1047,261.913,1,opa_allowed_at_gate,11.73012563958764,4.040866624563932,10.0
100,truth,discrete,1048,262.135,1,published_after_gate_recheck,15.967892948538065,4.611006937921047,10.0
100,opa_readset,continuous,1049,262.443,1,opa_allowed_at_gate,12.39117607474327,4.078979138284922,10.0
100,truth,discrete,1050,262.749,1,published_after_gate_recheck,16.69689966365695,4.955142270773649,10.0
100,opa,discrete,1051,262.984,1,opa_allowed_at_gate,12.609454803168774,4.487826023250818,10.0
100,truth,discrete,1052,263.131,1,published_after_gate_recheck,21.378437988460064,5.454258061945438,10.0
100,opa_readset,continuous,1053,263.251,1,opa_allowed_at_gate,11.068045161664486,3.4965970553457737,10.0
100,truth,continuous,1054,263.629,1,published_after_gate_recheck,17.234608065336943,5.2685001865029335,10.0
100,predicate,continuous,1055,263.814,1,published_after_gate_recheck,16.712098848074675,4.920696839690208,10.0
100,opa,discrete,1056,264.06,1,opa_allowed_at_gate,11.888183187693357,3.595232032239437,10.0
100,predicate,discrete,1057,264.293,1,published_after_gate_recheck,16.168940346688032,4.884189460426569,10.0
100,global,continuous,1058,264.735,1,published_after_gate_recheck,16.443775035440922,4.373631905764341,10.0
100,global,discrete,1059,264.883,1,published_after_gate_recheck,15.433220192790031,4.1339220479130745,10.0
100,global,discrete,1060,265.01,1,published_after_gate_recheck,15.505054965615273,4.44303173571825,10.0
100,truth,continuous,1061,265.375,1,published_after_gate_recheck,16.571884974837303,4.5226202346384525,10.0
100,readset,continuous,1062,265.575,1,published_after_gate_recheck,15.107919927686453,4.144782200455666,10.0
100,global,continuous,1063,265.78,1,published_after_gate_recheck,16.42946759238839,4.822083283215761,10.0
100,predicate,continuous,1064,266.21,1,published_after_gate_recheck,15.69382892921567,4.359794780611992,10.0
100,readset,continuous,1065,266.375,1,published_after_gate_recheck,17.068025656044483,4.831841215491295,10.0
100,truth,discrete,1066,266.556,1,published_after_gate_recheck,15.832249075174332,4.501871764659882,10.0
100,truth,discrete,1067,266.994,1,published_after_gate_recheck,21.7794100753963,10.184818878769875,10.0
100,readset,continuous,1068,267.161,1,published_after_gate_recheck,20.14839230105281,5.040090996772051,10.0
100,truth,continuous,1069,267.379,1,published_after_gate_recheck,15.91539429500699,4.329117946326733,10.0
100,predicate,continuous,1070,267.547,1,published_after_gate_recheck,16.97148522362113,4.302517976611853,10.0
100,opa_readset,continuous,1071,267.838,1,opa_allowed_at_gate,11.291272938251495,3.596543800085783,10.0
100,truth,continuous,1072,268.042,1,published_after_gate_recheck,14.806043822318316,4.495240282267332,10.0
100,readset,discrete,1073,268.451,1,published_after_gate_recheck,16.712459735572338,4.781886003911495,10.0
100,global,discrete,1074,268.612,1,published_after_gate_recheck,16.354066785424948,4.7497861087322235,10.0
100,predicate,continuous,1075,268.956,1,published_after_gate_recheck,16.027625184506178,4.658997058868408,10.0
100,opa_readset,discrete,1076,269.244,1,opa_allowed_at_gate,16.588176134973764,3.911654930561781,10.0
100,opa,continuous,1077,269.362,1,opa_allowed_at_gate,11.629427317529917,3.6657340824604034,10.0
100,predicate,discrete,1078,269.553,1,published_after_gate_recheck,16.711025964468718,4.855575039982796,10.0
100,opa_readset,discrete,1079,269.907,1,opa_allowed_at_gate,11.624027974903584,3.5946909338235855,10.0
100,opa_readset,discrete,1080,270.109,1,opa_allowed_at_gate,10.833724867552519,3.426085226237774,10.0
100,readset,continuous,1081,270.272,1,published_after_gate_recheck,18.985151313245296,5.5860537104308605,10.0
100,readset,continuous,1082,270.7,1,published_after_gate_recheck,18.510280176997185,4.8460569232702255,10.0
100,opa_readset,discrete,1083,270.978,1,opa_allowed_at_gate,13.285683002322912,4.201638977974653,10.0
100,global,discrete,1084,271.135,1,published_after_gate_recheck,16.258208081126213,4.9513340927660465,10.0
100,truth,continuous,1085,271.39,1,published_after_gate_recheck,25.79981880262494,9.207055438309908,10.0
100,opa,continuous,1086,271.687,1,opa_allowed_at_gate,11.841094121336937,3.585213329643011,10.0
100,predicate,discrete,1087,271.769,1,published_after_gate_recheck,16.033154912292957,4.309430718421936,10.0
100,truth,continuous,1088,272.212,1,published_after_gate_recheck,15.56753320619464,4.1471971198916435,10.0
100,readset,discrete,1089,272.378,1,published_after_gate_recheck,15.77714504674077,4.290364682674408,10.0
100,opa,continuous,1090,272.657,1,opa_allowed_at_gate,11.22711319476366,3.5090199671685696,10.0
100,truth,discrete,1091,272.849,1,published_after_gate_recheck,15.350175090134144,4.0311492048203945,10.0
100,global,continuous,1092,273.187,1,published_after_gate_recheck,16.62592589855194,4.575109109282494,10.0
100,readset,discrete,1093,273.325,1,published_after_gate_recheck,15.455442015081644,4.350078292191029,10.0
100,opa_readset,continuous,1094,273.59,1,opa_allowed_at_gate,15.597086865454912,4.394891206175089,10.0
100,opa,continuous,1095,273.983,1,opa_allowed_at_gate,11.578962206840515,3.492909949272871,10.0
100,truth,continuous,1096,274.155,1,published_after_gate_recheck,16.124946996569633,4.491853062063456,10.0
100,readset,discrete,1097,274.488,1,published_after_gate_recheck,16.965663991868496,4.792456980794668,10.0
100,global,discrete,1098,274.52,1,published_after_gate_recheck,15.80045884475112,4.446597769856453,10.0
100,opa,continuous,1099,274.944,1,opa_allowed_at_gate,11.424343101680279,3.4743649885058403,10.0
100,predicate,continuous,1100,275.2,1,published_after_gate_recheck,19.00157192721963,5.238482728600502,10.0
100,opa_readset,continuous,1101,275.476,1,opa_allowed_at_gate,11.16076810285449,3.5956520587205887,10.0
100,predicate,discrete,1102,275.683,1,published_after_gate_recheck,20.11564001441002,4.709270782768726,10.0
100,global,continuous,1103,275.977,1,published_after_gate_recheck,16.68284274637699,4.743915982544422,10.0
100,opa_readset,discrete,1104,276.09,1,opa_allowed_at_gate,11.782553978264332,3.410725388675928,10.0
100,opa,discrete,1105,276.413,1,opa_allowed_at_gate,11.312272865325212,3.391699865460396,10.0
100,opa_readset,continuous,1106,276.532,1,opa_allowed_at_gate,11.014935094863176,3.7562642246484756,10.0
100,opa,continuous,1107,276.772,1,opa_allowed_at_gate,11.571968905627728,3.5256310366094112,10.0
100,truth,continuous,1108,277.192,1,published_after_gate_recheck,17.784238792955875,5.117565859109163,10.0
100,truth,continuous,1109,277.333,1,published_after_gate_recheck,16.891694627702236,4.064912907779217,10.0
100,predicate,discrete,1110,277.528,1,published_after_gate_recheck,16.30435325205326,4.667392000555992,10.0
100,readset,continuous,1111,277.911,1,published_after_gate_recheck,17.847618088126183,4.871884826570749,10.0
100,opa,discrete,1112,278.178,1,opa_allowed_at_gate,11.265004053711891,3.9168442599475384,10.0
100,readset,continuous,1113,278.297,0,read_set_version_changed_at_gate,17.301222775131464,5.838428158313036,10.0
100,truth,discrete,1114,278.667,1,published_after_gate_recheck,15.768449287861586,4.731382243335247,10.0
100,truth,continuous,1115,278.995,1,published_after_gate_recheck,18.520990386605263,7.495586294680834,10.0
100,truth,continuous,1116,279.055,1,published_after_gate_recheck,14.761860948055983,4.1216593235731125,10.0
100,opa,continuous,1117,279.491,1,opa_allowed_at_gate,11.399565730243921,3.7733856588602066,10.0
100,readset,continuous,1118,279.502,1,published_after_gate_recheck,16.106223221868277,4.734147805720568,10.0
100,readset,continuous,1119,279.956,1,published_after_gate_recheck,20.72298899292946,4.719360265880823,10.0
100,readset,discrete,1120,280.08,1,published_after_gate_recheck,17.32494728639722,4.791564773768187,10.0
100,readset,discrete,1121,280.333,1,published_after_gate_recheck,15.801411122083664,4.3590739369392395,10.0
100,truth,continuous,1122,280.677,1,published_after_gate_recheck,18.57211720198393,5.260333884507418,10.0
100,opa,continuous,1123,280.978,1,opa_allowed_at_gate,11.54624205082655,3.8055861368775368,10.0
100,readset,discrete,1124,281.098,1,published_after_gate_recheck,21.085930056869984,4.411142319440842,10.0
100,truth,discrete,1125,281.336,1,published_after_gate_recheck,15.665856190025806,4.466175101697445,10.0
100,global,discrete,1126,281.606,1,published_after_gate_recheck,16.25727489590645,4.551534075289965,10.0
100,opa,discrete,1127,281.868,1,opa_allowed_at_gate,12.020931113511324,3.804745152592659,10.0
100,truth,continuous,1128,282.167,1,published_after_gate_recheck,17.7458468824625,4.798639100044966,10.0
100,readset,discrete,1129,282.405,1,published_after_gate_recheck,19.305031280964613,5.147271789610386,10.0
100,truth,discrete,1130,282.693,1,published_after_gate_recheck,21.320090163499117,8.833945728838444,10.0
100,predicate,discrete,1131,282.854,1,published_after_gate_recheck,16.93840278312564,4.750248044729233,10.0
100,truth,continuous,1132,283.213,1,published_after_gate_recheck,16.77520712837577,4.979939199984074,10.0
100,opa,continuous,1133,283.449,1,opa_allowed_at_gate,11.968824081122875,3.7092952989041805,10.0
100,predicate,discrete,1134,283.623,1,published_after_gate_recheck,16.495041083544493,5.03526208922267,10.0
100,opa_readset,discrete,1135,283.867,1,opa_allowed_at_gate,11.413231957703829,3.4452001564204693,10.0
100,predicate,discrete,1136,284.185,1,published_after_gate_recheck,19.681335892528296,4.880401771515608,10.0
100,truth,continuous,1137,284.436,1,published_after_gate_recheck,16.65286673232913,4.661630839109421,10.0
100,predicate,discrete,1138,284.62,1,published_after_gate_recheck,15.587630216032267,4.688040819019079,10.0
100,opa_readset,discrete,1139,284.913,1,opa_allowed_at_gate,11.648302897810936,4.185799043625593,10.0
100,opa,continuous,1140,285.13,1,opa_allowed_at_gate,11.633375193923712,3.2948078587651253,10.0
100,opa,discrete,1141,285.429,1,opa_allowed_at_gate,10.940415319055319,3.290351014584303,10.0
100,truth,discrete,1142,285.512,1,published_after_gate_recheck,15.641260892152786,4.64851688593626,10.0
100,opa,discrete,1143,285.857,1,opa_allowed_at_gate,10.495080146938562,2.851547207683325,10.0
100,readset,discrete,1144,286.095,1,published_after_gate_recheck,19.97200073674321,7.619478274136782,10.0
100,global,discrete,1145,286.409,1,published_after_gate_recheck,16.59188326448202,4.7523523680865765,10.0
100,predicate,discrete,1146,286.543,1,published_after_gate_recheck,17.25132018327713,4.874650854617357,10.0
100,readset,continuous,1147,286.95,1,published_after_gate_recheck,15.362377744168043,4.38240822404623,10.0
100,predicate,continuous,1148,287.06,1,published_after_gate_recheck,15.048149041831493,3.9397371001541615,10.0
100,global,continuous,1149,287.443,1,published_after_gate_recheck,15.702235046774149,4.640230908989906,10.0
100,global,continuous,1150,287.533,1,published_after_gate_recheck,15.686885919421911,4.6993219293653965,10.0
100,predicate,discrete,1151,287.781,1,published_after_gate_recheck,16.983918379992247,5.200662184506655,10.0
100,readset,discrete,1152,288.054,1,published_after_gate_recheck,16.18556072935462,4.609294235706329,10.0
100,opa_readset,continuous,1153,288.338,1,opa_allowed_at_gate,11.195844039320946,3.44674289226532,10.0
100,readset,discrete,1154,288.671,1,published_after_gate_recheck,16.21836284175515,4.593253135681152,10.0
100,opa_readset,continuous,1155,288.953,1,opa_allowed_at_gate,14.753765892237425,3.565134946256876,10.0
100,global,continuous,1156,289.152,1,published_after_gate_recheck,16.167548019438982,4.581592045724392,10.0
100,global,discrete,1157,289.377,1,published_after_gate_recheck,15.452205203473568,4.719350021332502,10.0
100,predicate,discrete,1158,289.604,1,published_after_gate_recheck,18.65800702944398,5.471088923513889,10.0
100,opa,continuous,1159,289.822,1,opa_allowed_at_gate,12.018256820738316,3.9750938303768635,10.0
100,global,discrete,1160,290.129,1,published_after_gate_recheck,16.2074719555676,4.724489990621805,10.0
100,predicate,discrete,1161,290.347,1,published_after_gate_recheck,16.712058801203966,4.441609140485525,10.0
100,opa_readset,continuous,1162,290.521,1,opa_allowed_at_gate,12.108886148780584,3.8551990874111652,10.0
100,readset,discrete,1163,290.956,1,published_after_gate_recheck,17.117418348789215,4.794730804860592,10.0
100,opa,continuous,1164,291.026,1,opa_allowed_at_gate,10.461227037012577,3.525862004607916,10.0
100,readset,discrete,1165,291.437,1,published_after_gate_recheck,17.151211854070425,4.978626035153866,10.0
100,opa,continuous,1166,291.522,1,opa_allowed_at_gate,13.772295787930489,5.75128523632884,10.0
100,predicate,continuous,1167,291.935,1,published_after_gate_recheck,16.52711210772395,4.990256857126951,10.0
100,opa_readset,continuous,1168,292.227,1,opa_allowed_at_gate,11.910695116966963,4.253885708749294,10.0
100,truth,discrete,1169,292.445,1,published_after_gate_recheck,17.073335591703653,4.580869805067778,10.0
100,truth,discrete,1170,292.51,1,published_after_gate_recheck,16.422816086560488,5.045030731707811,10.0
100,predicate,continuous,1171,292.956,1,published_after_gate_recheck,16.421563923358917,4.8727369867265224,10.0
100,readset,continuous,1172,293.105,1,published_after_gate_recheck,16.947459895163774,4.895058926194906,10.0
100,truth,discrete,1173,293.332,1,published_after_gate_recheck,15.762697905302048,4.377188161015511,10.0
100,readset,continuous,1174,293.722,1,published_after_gate_recheck,18.159603234380484,4.919636063277721,10.0
100,truth,discrete,1175,293.751,1,published_after_gate_recheck,14.794972725212574,4.613080061972141,10.0
100,readset,continuous,1176,294.25,1,published_after_gate_recheck,17.929029650986195,5.142242647707462,10.0
100,predicate,discrete,1177,294.289,1,published_after_gate_recheck,15.586819034069777,4.756249021738768,10.0
100,predicate,continuous,1178,294.559,1,published_after_gate_recheck,15.962954144924879,4.376557189971209,10.0
100,truth,discrete,1179,294.933,1,published_after_gate_recheck,17.487010918557644,4.91387490183115,10.0
100,truth,continuous,1180,295.075,1,published_after_gate_recheck,16.792799811810255,4.759454634040594,10.0
100,readset,continuous,1181,295.289,1,published_after_gate_recheck,16.141328029334545,4.514005035161972,10.0
100,opa_readset,discrete,1182,295.646,1,opa_allowed_at_gate,10.73329709470272,3.570856060832739,10.0
100,readset,continuous,1183,295.964,1,published_after_gate_recheck,16.55304990708828,4.563738126307726,10.0
100,opa_readset,discrete,1184,296.057,1,opa_allowed_at_gate,13.315218966454268,3.5712970420718193,10.0
100,global,discrete,1185,296.334,1,published_after_gate_recheck,16.33131504058838,4.698659759014845,10.0
100,predicate,continuous,1186,296.731,1,published_after_gate_recheck,16.2204559892416,4.646914079785347,10.0
100,global,discrete,1187,296.918,1,published_after_gate_recheck,16.329089645296335,4.625874105840921,10.0
100,readset,discrete,1188,297.203,1,published_after_gate_recheck,18.064964562654495,5.3362068720161915,10.0
100,predicate,continuous,1189,297.399,1,published_after_gate_recheck,20.430250093340874,4.923603031784296,10.0
100,opa_readset,continuous,1190,297.667,1,opa_allowed_at_gate,11.602797079831362,3.805226180702448,10.0
100,opa_readset,discrete,1191,297.867,1,opa_allowed_at_gate,11.75872003659606,3.470958210527897,10.0
100,predicate,discrete,1192,298.049,1,published_after_gate_recheck,16.664990223944187,4.357050638645887,10.0
100,global,discrete,1193,298.336,1,published_after_gate_recheck,16.79654698818922,4.492644686251879,10.0
100,readset,continuous,1194,298.612,1,published_after_gate_recheck,17.416789662092924,5.028740037232637,10.0
100,readset,discrete,1195,298.851,1,published_after_gate_recheck,16.848254017531872,4.3578119948506355,10.0
100,opa_readset,discrete,1196,299.202,1,opa_allowed_at_gate,12.13059714064002,3.7773032672703266,10.0
100,global,continuous,1197,299.278,1,published_after_gate_recheck,16.230836044996977,4.522820934653282,10.0
100,opa_readset,discrete,1198,299.681,1,opa_allowed_at_gate,11.525152251124382,3.4953737631440163,10.0
100,global,continuous,1199,299.973,1,published_after_gate_recheck,16.136750113219023,4.731602966785431,10.0
10,opa_readset,discrete,0,0.17,1,opa_allowed_at_gate,11.752949096262455,3.3831438049674034,77.0
10,readset,continuous,1,0.415,0,read_set_version_changed_at_gate,21.359493024647236,8.817865047603846,77.0
10,predicate,discrete,2,0.729,1,published_after_gate_recheck,18.47573509439826,6.037961691617966,77.0
10,opa,discrete,3,0.75,1,opa_allowed_at_gate,10.752934031188488,3.757515922188759,77.0
10,truth,discrete,4,1.023,1,published_after_gate_recheck,19.53421998769045,7.060949690639973,77.0
10,readset,continuous,5,1.33,0,read_set_version_changed_at_gate,19.541274290531874,6.502773612737656,77.0
10,truth,discrete,6,1.582,1,published_after_gate_recheck,19.170077983289957,6.987213157117367,77.0
10,readset,discrete,7,1.969,1,published_after_gate_recheck,19.74726002663374,4.965210799127817,77.0
10,truth,discrete,8,2.145,1,published_after_gate_recheck,20.050948951393366,7.143666036427021,77.0
10,opa_readset,discrete,9,2.388,1,opa_allowed_at_gate,11.61066209897399,3.669791854918003,77.0
10,opa,continuous,10,2.537,1,opa_allowed_at_gate,12.342154048383236,3.631560131907463,77.0
10,readset,discrete,11,2.776,1,published_after_gate_recheck,18.387389834970236,5.127925425767899,77.0
10,global,continuous,12,3.225,1,published_after_gate_recheck,21.920836064964533,4.96507016941905,77.0
10,opa,discrete,13,3.48,1,opa_allowed_at_gate,13.99598503485322,3.7279310636222363,77.0
10,readset,continuous,14,3.649,0,read_set_version_changed_at_gate,19.03287973254919,6.2783630564808846,77.0
10,opa,discrete,15,3.824,1,opa_allowed_at_gate,12.007947079837322,3.521753940731287,77.0
10,opa,continuous,16,4.161,1,opa_allowed_at_gate,11.446504853665829,3.8156663067638874,77.0
10,predicate,discrete,17,4.427,1,published_after_gate_recheck,20.33477183431387,4.55844821408391,77.0
10,readset,discrete,18,4.731,1,published_after_gate_recheck,19.92719667032361,4.5898170210421085,77.0
10,global,continuous,19,4.994,1,published_after_gate_recheck,17.054551281034946,4.371617920696735,77.0
10,predicate,discrete,20,5.182,1,published_after_gate_recheck,19.857677165418863,5.4790242575109005,77.0
10,opa,continuous,21,5.472,1,opa_allowed_at_gate,12.167015112936497,3.8371249102056026,77.0
10,opa_readset,discrete,22,5.633,1,opa_allowed_at_gate,10.552247054874897,3.1314617954194546,77.0
10,predicate,discrete,23,5.932,1,published_after_gate_recheck,24.930760264396667,11.505816131830215,77.0
10,global,continuous,24,6.152,1,published_after_gate_recheck,20.253329072147608,4.732534755021334,77.0
10,opa,continuous,25,6.37,1,opa_allowed_at_gate,16.984539106488228,4.5479778200387955,77.0
10,truth,discrete,26,6.615,1,published_after_gate_recheck,21.306132897734642,4.681207705289125,77.0
10,readset,continuous,27,6.988,0,read_set_version_changed_at_gate,20.391066558659077,6.492855027318001,77.0
10,predicate,continuous,28,7.055,1,published_after_gate_recheck,20.896514877676964,4.548037890344858,77.0
10,predicate,discrete,29,7.432,1,published_after_gate_recheck,18.774015363305807,4.476324189454317,77.0
10,global,continuous,30,7.51,1,published_after_gate_recheck,16.36321423575282,4.415520001202822,77.0
10,global,continuous,31,7.958,0,context_version_changed_at_publish,18.649691715836525,6.584037095308304,77.0
10,opa,discrete,32,8.078,1,opa_allowed_at_gate,9.919830597937107,3.0948230996727943,77.0
10,predicate,continuous,33,8.318,1,published_after_gate_recheck,19.037007819861174,5.097938701510429,77.0
10,truth,continuous,34,8.607,1,published_after_gate_recheck,21.29261801019311,8.540335111320019,77.0
10,global,discrete,35,8.854,1,published_after_gate_recheck,17.291505355387926,4.778780974447727,77.0
10,truth,discrete,36,9.129,1,published_after_gate_recheck,19.910977222025394,7.418901659548283,77.0
10,truth,discrete,37,9.355,1,published_after_gate_recheck,16.923675313591957,4.576461855322123,77.0
10,readset,continuous,38,9.513,0,read_set_version_changed_at_gate,28.43013172969222,12.943141162395477,77.0
10,readset,continuous,39,9.896,1,published_after_gate_recheck,19.248293712735176,6.032232195138931,77.0
10,truth,discrete,40,10.223,1,published_after_gate_recheck,19.04637599363923,4.818456247448921,77.0
10,truth,continuous,41,10.308,1,published_after_gate_recheck,19.337561912834644,5.127706099301577,77.0
10,opa,discrete,42,10.695,1,opa_allowed_at_gate,14.249871019273996,3.8973791524767876,77.0
10,readset,discrete,43,10.831,1,published_after_gate_recheck,21.177201997488737,8.616447914391756,77.0
10,opa,continuous,44,11.167,1,opa_allowed_at_gate,12.429076712578535,3.663569688796997,77.0
10,truth,discrete,45,11.499,1,published_after_gate_recheck,19.079256802797318,6.375886034220457,77.0
10,readset,discrete,46,11.733,1,published_after_gate_recheck,19.453939981758595,7.071900647133589,77.0
10,opa_readset,continuous,47,11.845,0,opa_readset_version_changed_at_gate,14.74021002650261,4.310713615268469,77.0
10,readset,discrete,48,12.076,1,published_after_gate_recheck,18.047482706606388,4.689984954893589,77.0
10,readset,discrete,49,12.346,1,published_after_gate_recheck,17.984825186431408,4.754756111651659,77.0
10,opa_readset,continuous,50,12.575,1,opa_allowed_at_gate,12.160804122686386,3.7718331441283226,77.0
10,predicate,discrete,51,12.899,1,published_after_gate_recheck,19.785902928560972,7.070527877658606,77.0
10,truth,continuous,52,13.101,1,published_after_gate_recheck,21.23879687860608,5.8822003193199635,77.0
10,predicate,discrete,53,13.303,1,published_after_gate_recheck,16.844056081026793,4.719289019703865,77.0
10,predicate,discrete,54,13.598,1,published_after_gate_recheck,19.276306964457035,6.776467431336641,77.0
10,predicate,discrete,55,13.97,1,published_after_gate_recheck,18.885313998907804,4.77576581761241,77.0
10,opa_readset,continuous,56,14.201,1,opa_allowed_at_gate,12.987163849174976,4.385072737932205,77.0
10,opa_readset,discrete,57,14.378,1,opa_allowed_at_gate,11.545150075107813,3.6794496700167656,77.0
10,readset,continuous,58,14.614,1,published_after_gate_recheck,17.417240887880325,4.5159789733588696,77.0
10,global,continuous,59,14.934,1,published_after_gate_recheck,18.958420027047396,4.474351182579994,77.0
10,readset,discrete,60,15.214,1,published_after_gate_recheck,19.288429990410805,4.783368669450283,77.0
10,global,continuous,61,15.372,1,published_after_gate_recheck,19.143927842378616,4.207008983939886,77.0
10,readset,continuous,62,15.714,0,read_set_version_changed_at_gate,20.889000967144966,8.63885972648859,77.0
10,opa,continuous,63,15.948,1,opa_allowed_at_gate,12.902373913675547,4.332534037530422,77.0
10,opa_readset,discrete,64,16.036,1,opa_allowed_at_gate,12.014518957585096,3.5997400991618633,77.0
10,global,continuous,65,16.404,1,published_after_gate_recheck,18.522101920098066,5.218686070293188,77.0
10,opa,discrete,66,16.691,1,opa_allowed_at_gate,11.239537037909031,3.2100887037813663,77.0
10,opa_readset,discrete,67,16.758,1,opa_allowed_at_gate,9.98021475970745,3.0561499297618866,77.0
10,readset,continuous,68,17.194,0,read_set_version_changed_at_gate,20.32675687223673,6.4912219531834126,77.0
10,truth,discrete,69,17.368,1,published_after_gate_recheck,16.95740921422839,4.641043022274971,77.0
10,readset,discrete,70,17.547,1,published_after_gate_recheck,21.15234499797225,4.89681214094162,77.0
10,global,discrete,71,17.823,0,context_version_changed_at_publish,21.748943720012903,8.154189679771662,77.0
10,opa,continuous,72,18.224,1,opa_allowed_at_gate,13.098051771521568,3.9360509254038334,77.0
10,global,discrete,73,18.394,1,published_after_gate_recheck,18.861609045416117,4.704252351075411,77.0
10,predicate,continuous,74,18.509,1,published_after_gate_recheck,21.448159124702215,5.109841004014015,77.0
10,global,continuous,75,18.817,0,context_version_changed_at_publish,19.56749288365245,6.4122239127755165,77.0
10,global,discrete,76,19.046,0,context_version_changed_at_publish,20.3799563460052,6.5901679918169975,77.0
10,predicate,discrete,77,19.371,1,published_after_gate_recheck,21.56537864357233,4.976852796971798,77.0
10,opa_readset,continuous,78,19.685,0,opa_readset_version_changed_at_gate,13.313685078173876,3.805666696280241,77.0
10,predicate,discrete,79,19.999,1,published_after_gate_recheck,18.74508010223508,4.616216756403446,77.0
10,opa,discrete,80,20.092,1,opa_allowed_at_gate,11.452887207269669,3.2097487710416317,77.0
10,opa_readset,continuous,81,20.28,1,opa_allowed_at_gate,12.22238875925541,3.281384240835905,77.0
10,predicate,discrete,82,20.744,1,published_after_gate_recheck,22.017857059836388,8.359706029295921,77.0
10,global,discrete,83,20.842,0,context_version_changed_at_publish,18.562688026577234,7.119069341570139,77.0
10,truth,continuous,84,21.142,1,published_after_gate_recheck,21.28325030207634,5.177137907594442,77.0
10,opa_readset,discrete,85,21.497,1,opa_allowed_at_gate,10.554892010986805,3.2576690427958965,77.0
10,global,discrete,86,21.527,1,published_after_gate_recheck,20.57787822559476,4.612700082361698,77.0
10,opa_readset,discrete,87,21.765,1,opa_allowed_at_gate,10.242456570267677,3.2562855631113052,77.0
10,truth,continuous,88,22.166,1,published_after_gate_recheck,18.357875291258097,4.554019309580326,77.0
10,global,continuous,89,22.391,0,context_version_changed_at_publish,21.004367154091597,8.259017020463943,77.0
10,truth,continuous,90,22.686,1,published_after_gate_recheck,17.44385017082095,5.028599873185158,77.0
10,opa,discrete,91,22.842,1,opa_allowed_at_gate,10.733827948570251,3.387090750038624,77.0
10,truth,discrete,92,23.05,1,published_after_gate_recheck,20.47660667449236,7.3011708445847034,77.0
10,predicate,discrete,93,23.492,1,published_after_gate_recheck,19.40900506451726,4.369133152067661,77.0
10,opa_readset,continuous,94,23.669,1,opa_allowed_at_gate,15.68080484867096,4.029194824397564,77.0
10,opa_readset,continuous,95,23.978,1,opa_allowed_at_gate,11.425224132835865,3.4444481134414673,77.0
10,readset,discrete,96,24.122,1,published_after_gate_recheck,17.539500258862972,4.997992888092995,77.0
10,opa_readset,continuous,97,24.375,0,opa_readset_version_changed_at_gate,13.729456346482038,5.418230779469013,77.0
10,predicate,discrete,98,24.506,1,published_after_gate_recheck,17.228737007826567,4.626686219125986,77.0
10,opa,discrete,99,24.858,1,opa_allowed_at_gate,12.137510813772678,3.3583869226276875,77.0
10,opa_readset,continuous,100,25.079,0,opa_readset_version_changed_at_gate,12.478509917855263,4.0559363551437855,77.0
10,predicate,discrete,101,25.27,1,published_after_gate_recheck,20.36794414743781,4.541496280580759,77.0
10,global,continuous,102,25.735,0,context_version_changed_at_publish,21.42635779455304,7.257599849253893,77.0
10,predicate,continuous,103,25.933,1,published_after_gate_recheck,20.21331386640668,8.62984312698245,77.0
10,readset,discrete,104,26.102,1,published_after_gate_recheck,16.855006106197834,4.6131908893585205,77.0
10,global,discrete,105,26.39,1,published_after_gate_recheck,19.215041305869818,4.584806971251965,77.0
10,predicate,discrete,106,26.71,1,published_after_gate_recheck,20.886155776679516,9.051854256540537,77.0
10,opa_readset,discrete,107,26.981,1,opa_allowed_at_gate,12.090000789612532,4.327875096350908,77.0
10,opa,discrete,108,27.144,1,opa_allowed_at_gate,11.477252002805471,3.3319182693958282,77.0
10,predicate,discrete,109,27.4,1,published_after_gate_recheck,19.18620802462101,4.855033941566944,77.0
10,global,continuous,110,27.661,0,context_version_changed_at_publish,18.07711785659194,6.737473886460066,77.0
10,opa,discrete,111,27.955,1,opa_allowed_at_gate,11.369460262358189,3.2198578119277954,77.0
10,opa,discrete,112,28.213,1,opa_allowed_at_gate,10.93833101913333,3.58913978561759,77.0
10,predicate,continuous,113,28.489,1,published_after_gate_recheck,17.567592207342386,5.242650862783194,77.0
10,truth,continuous,114,28.672,1,published_after_gate_recheck,17.004085704684258,4.22775698825717,77.0
10,opa,continuous,115,28.765,1,opa_allowed_at_gate,11.689819861203432,3.9730104617774487,77.0
10,opa_readset,discrete,116,29.011,1,opa_allowed_at_gate,10.869301855564117,3.2017030753195286,77.0
10,readset,discrete,117,29.374,1,published_after_gate_recheck,16.947770956903696,5.084653850644827,77.0
10,opa,discrete,118,29.69,1,opa_allowed_at_gate,11.54859596863389,3.8602380082011223,77.0
10,truth,continuous,119,29.838,1,published_after_gate_recheck,17.154789064079523,4.750057123601437,77.0
10,global,discrete,120,30.014,1,published_after_gate_recheck,16.955034341663122,4.7094011679291725,77.0
10,opa,continuous,121,30.465,1,opa_allowed_at_gate,12.289594858884811,4.480182193219662,77.0
10,readset,discrete,122,30.561,1,published_after_gate_recheck,16.13382389768958,4.4177742674946785,77.0
10,opa,continuous,123,30.764,1,opa_allowed_at_gate,10.739699937403202,3.688977099955082,77.0
10,opa,discrete,124,31.231,1,opa_allowed_at_gate,10.736682917922735,3.469705581665039,77.0
10,global,continuous,125,31.258,0,context_version_changed_at_publish,17.07887602970004,6.0950592160224915,77.0
10,global,continuous,126,31.543,1,published_after_gate_recheck,17.357177566736937,4.753624089062214,77.0
10,predicate,continuous,127,31.955,1,published_after_gate_recheck,19.240239169448614,7.600301876664162,77.0
10,readset,discrete,128,32.131,1,published_after_gate_recheck,15.450963284820318,4.460433963686228,77.0
10,opa_readset,discrete,129,32.305,1,opa_allowed_at_gate,10.927020106464624,3.3980817534029484,77.0
10,global,continuous,130,32.625,0,context_version_changed_at_publish,19.44942120462656,6.264367140829563,77.0
10,global,discrete,131,32.986,0,context_version_changed_at_publish,18.160995095968246,6.681188941001892,77.0
10,readset,continuous,132,33.232,1,published_after_gate_recheck,20.31722804531455,4.815449938178062,77.0
10,global,discrete,133,33.305,0,context_version_changed_at_publish,17.85021275281906,6.702138110995293,77.0
10,opa_readset,continuous,134,33.561,1,opa_allowed_at_gate,13.626381754875183,5.246948916465044,77.0
10,opa,discrete,135,33.814,1,opa_allowed_at_gate,14.887087047100067,3.7306961603462696,77.0
10,truth,discrete,136,34.153,1,published_after_gate_recheck,18.571035005152225,4.721683915704489,77.0
10,opa,discrete,137,34.349,1,opa_allowed_at_gate,11.006238870322704,3.4312037751078606,77.0
10,readset,discrete,138,34.688,1,published_after_gate_recheck,19.908892922103405,4.817403852939606,77.0
10,truth,discrete,139,34.853,1,published_after_gate_recheck,16.522031743079424,5.339994095265865,77.0
10,global,discrete,140,35.15,1,published_after_gate_recheck,20.37969511002302,4.826189950108528,77.0
10,opa,discrete,141,35.371,1,opa_allowed_at_gate,11.823480948805809,3.939056769013405,77.0
10,predicate,continuous,142,35.615,1,published_after_gate_recheck,19.47976788505912,7.026065140962601,77.0
10,opa,discrete,143,35.809,1,opa_allowed_at_gate,11.249564588069916,3.645616117864847,77.0
10,global,continuous,144,36.157,0,context_version_changed_at_publish,20.63262974843383,7.398534100502729,77.0
10,readset,discrete,145,36.363,1,published_after_gate_recheck,16.434267163276672,4.83239209279418,77.0
10,opa,discrete,146,36.709,1,opa_allowed_at_gate,10.462018195539713,2.9154871590435505,77.0
10,global,continuous,147,36.962,1,published_after_gate_recheck,18.460456747561693,4.685395862907171,77.0
10,opa,discrete,148,37.15,1,opa_allowed_at_gate,11.55441626906395,3.049388062208891,77.0
10,opa,continuous,149,37.371,1,opa_allowed_at_gate,11.882701888680458,4.186651203781366,77.0
10,opa_readset,continuous,150,37.677,1,opa_allowed_at_gate,13.681104872375727,3.910452127456665,77.0
10,opa,continuous,151,37.953,1,opa_allowed_at_gate,12.829126790165901,4.1879829950630665,77.0
10,opa_readset,continuous,152,38.246,0,opa_readset_version_changed_at_gate,12.470734771341085,4.173235036432743,77.0
10,opa,discrete,153,38.5,1,opa_allowed_at_gate,11.102600023150444,3.794585820287466,77.0
10,predicate,continuous,154,38.67,1,published_after_gate_recheck,18.491575960069895,6.889149080961943,77.0
10,global,continuous,155,38.793,1,published_after_gate_recheck,16.928604803979397,4.7613088972866535,77.0
10,readset,continuous,156,39.032,0,read_set_version_changed_at_gate,20.821134094148874,7.337127812206745,77.0
10,opa,continuous,157,39.325,1,opa_allowed_at_gate,14.867909718304873,3.5586338490247726,77.0
10,global,continuous,158,39.506,1,published_after_gate_recheck,19.57573788240552,5.413522012531757,77.0
10,global,discrete,159,39.851,1,published_after_gate_recheck,19.421828910708427,4.893696866929531,77.0
10,global,discrete,160,40.155,0,context_version_changed_at_publish,19.512339029461145,7.1698748506605625,77.0
10,truth,continuous,161,40.29,1,published_after_gate_recheck,17.79585098847747,5.414613988250494,77.0
10,predicate,discrete,162,40.719,1,published_after_gate_recheck,19.301504362374544,5.595573224127293,77.0
10,predicate,continuous,163,40.751,1,published_after_gate_recheck,21.03440323844552,5.07326377555728,77.0
10,global,discrete,164,41.084,0,context_version_changed_at_publish,17.603940796107054,6.312868092209101,77.0
10,opa,continuous,165,41.5,1,opa_allowed_at_gate,15.403405297547579,6.740429904311895,77.0
10,predicate,discrete,166,41.643,1,published_after_gate_recheck,19.65561881661415,5.115663167089224,77.0
10,truth,continuous,167,41.865,1,published_after_gate_recheck,19.6386962197721,4.766528028994799,77.0
10,truth,continuous,168,42.107,1,published_after_gate_recheck,19.350836984813213,4.679734818637371,77.0
10,readset,continuous,169,42.276,1,published_after_gate_recheck,19.26067704334855,4.86519280821085,77.0
10,opa,discrete,170,42.545,1,opa_allowed_at_gate,11.531543917953968,3.519770223647356,77.0
10,global,continuous,171,42.944,1,published_after_gate_recheck,18.90241587534547,4.968737252056599,77.0
10,opa_readset,discrete,172,43.208,1,opa_allowed_at_gate,12.137289624661207,3.8406220264732838,77.0
10,opa_readset,continuous,173,43.293,0,opa_readset_version_changed_at_gate,11.105363722890615,4.000542219728231,77.0
10,predicate,discrete,174,43.725,1,published_after_gate_recheck,20.92758286744356,6.762760691344738,77.0
10,opa,discrete,175,43.983,1,opa_allowed_at_gate,13.744765426963568,4.13448316976428,77.0
10,global,continuous,176,44.222,1,published_after_gate_recheck,19.876172300428152,4.364154301583767,77.0
10,readset,discrete,177,44.417,1,published_after_gate_recheck,19.05211666598916,6.100640166550875,77.0
10,readset,discrete,178,44.541,1,published_after_gate_recheck,19.254264887422323,7.559454999864101,77.0
10,global,discrete,179,44.996,1,published_after_gate_recheck,17.78523065149784,4.874249920248985,77.0
10,opa,discrete,180,45.105,1,opa_allowed_at_gate,11.677999049425125,3.827447071671486,77.0
10,readset,discrete,181,45.436,1,published_after_gate_recheck,19.561581779271364,4.777639172971249,77.0
10,opa,continuous,182,45.628,1,opa_allowed_at_gate,12.316255364567041,3.859215881675482,77.0
10,predicate,continuous,183,45.933,1,published_after_gate_recheck,18.156137317419052,6.0856216587126255,77.0
10,readset,continuous,184,46.174,0,read_set_version_changed_at_gate,22.4454402923584,10.252485983073711,77.0
10,readset,continuous,185,46.288,0,read_set_version_changed_at_gate,19.427369814366102,7.186125032603741,77.0
10,truth,continuous,186,46.525,1,published_after_gate_recheck,21.189774852246046,7.94248329475522,77.0
10,truth,discrete,187,46.854,1,published_after_gate_recheck,18.968970980495214,6.20185025036335,77.0
10,global,continuous,188,47.08,1,published_after_gate_recheck,18.071357160806656,4.8555051907896996,77.0
10,readset,discrete,189,47.29,1,published_after_gate_recheck,19.686296116560698,5.473543889820576,77.0
10,opa_readset,discrete,190,47.657,1,opa_allowed_at_gate,11.848518159240484,3.820774145424366,77.0
10,readset,continuous,191,47.996,1,published_after_gate_recheck,17.924020998179913,4.513203166425228,77.0
10,readset,discrete,192,48.141,1,published_after_gate_recheck,16.80858014151454,4.736472386866808,77.0
10,opa_readset,continuous,193,48.266,0,opa_readset_version_changed_at_gate,11.249775066971779,3.4428457729518414,77.0
10,opa,discrete,194,48.567,1,opa_allowed_at_gate,13.197368010878563,5.368246231228113,77.0
10,truth,discrete,195,48.994,1,published_after_gate_recheck,18.360209185630083,7.305399049073458,77.0
10,opa,continuous,196,49.133,1,opa_allowed_at_gate,11.735847219824791,3.6357776261866093,77.0
10,opa,discrete,197,49.484,1,opa_allowed_at_gate,11.786301154643297,3.925460856407881,77.0
10,opa,continuous,198,49.712,1,opa_allowed_at_gate,12.260611169040203,3.849028144031763,77.0
10,truth,continuous,199,49.923,1,published_after_gate_recheck,22.962208837270737,5.370610859245062,77.0
10,truth,discrete,200,50.163,1,published_after_gate_recheck,15.748491045087576,4.427663050591946,77.0
10,truth,discrete,201,50.497,1,published_after_gate_recheck,23.006602190434933,6.596049293875694,77.0
10,predicate,continuous,202,50.52,1,published_after_gate_recheck,16.501714009791613,4.303580150008202,77.0
10,readset,discrete,203,50.946,1,published_after_gate_recheck,20.60569915920496,8.640553336590528,77.0
10,truth,continuous,204,51.105,1,published_after_gate_recheck,19.751498010009527,8.38916189968586,77.0
10,global,discrete,205,51.398,1,published_after_gate_recheck,19.595185294747353,4.902231972664595,77.0
10,opa_readset,discrete,206,51.723,1,opa_allowed_at_gate,11.42258895561099,3.554155118763447,77.0
10,truth,discrete,207,51.96,1,published_after_gate_recheck,19.036045763641596,6.75924401730299,77.0
10,readset,continuous,208,52.123,1,published_after_gate_recheck,24.30575806647539,5.736717022955418,77.0
10,opa_readset,discrete,209,52.323,1,opa_allowed_at_gate,10.329701006412506,3.156369086354971,77.0
10,predicate,discrete,210,52.564,1,published_after_gate_recheck,20.241347141563892,8.004078641533852,77.0
10,opa_readset,continuous,211,52.968,0,opa_readset_version_changed_at_gate,12.029608245939016,3.9413911290466785,77.0
10,opa_readset,continuous,212,53.069,1,opa_allowed_at_gate,10.891634039580822,3.6862422712147236,77.0
10,opa_readset,discrete,213,53.36,1,opa_allowed_at_gate,11.565296910703182,3.5709459334611893,77.0
10,truth,continuous,214,53.57,1,published_after_gate_recheck,19.092331174761057,7.048848085105419,77.0
10,readset,continuous,215,53.992,0,read_set_version_changed_at_gate,19.064318854361773,6.607530172914267,77.0
10,opa_readset,discrete,216,54.011,1,opa_allowed_at_gate,10.216668248176575,2.8957100585103035,77.0
10,opa_readset,continuous,217,54.397,1,opa_allowed_at_gate,11.652971152216196,3.6396449431777,77.0
10,opa,continuous,218,54.515,1,opa_allowed_at_gate,14.395934995263815,5.892939865589142,77.0
10,opa,discrete,219,54.776,1,opa_allowed_at_gate,12.11558934301138,4.439865238964558,77.0
10,opa,discrete,220,55.045,1,opa_allowed_at_gate,11.58723933622241,3.4863469190895557,77.0
10,opa,discrete,221,55.412,1,opa_allowed_at_gate,13.129530008882284,4.828142933547497,77.0
10,opa_readset,discrete,222,55.551,1,opa_allowed_at_gate,16.185461077839136,5.195732694119215,77.0
10,opa_readset,discrete,223,55.765,1,opa_allowed_at_gate,12.781647965312004,4.572955891489983,77.0
10,opa_readset,discrete,224,56.038,1,opa_allowed_at_gate,11.517286766320467,3.6833169870078564,77.0
10,predicate,discrete,225,56.287,1,published_after_gate_recheck,22.64103712514043,5.3521557711064816,77.0
10,global,discrete,226,56.542,1,published_after_gate_recheck,20.616209134459496,4.36351215466857,77.0
10,truth,continuous,227,56.891,1,published_after_gate_recheck,18.510750960558653,4.93719894438982,77.0
10,truth,discrete,228,57.06,1,published_after_gate_recheck,20.279837772250175,5.015856120735407,77.0
10,predicate,discrete,229,57.486,1,published_after_gate_recheck,17.324266023933887,4.480963107198477,77.0
10,truth,continuous,230,57.652,1,published_after_gate_recheck,18.12063902616501,5.724164191633463,77.0
10,global,continuous,231,57.953,0,context_version_changed_at_publish,21.595797035843134,8.404690772294998,77.0
10,truth,continuous,232,58.13,1,published_after_gate_recheck,18.128463998436928,6.246122997254133,77.0
10,global,continuous,233,58.498,0,context_version_changed_at_publish,26.491446886211634,11.088042054325342,77.0
10,global,discrete,234,58.705,1,published_after_gate_recheck,17.70207518711686,4.518573172390461,77.0
10,opa_readset,discrete,235,58.971,1,opa_allowed_at_gate,11.245517060160637,3.6339941434562206,77.0
10,readset,continuous,236,59.215,0,read_set_version_changed_at_gate,17.580626998096704,6.430699024349451,77.0
10,opa,continuous,237,59.464,1,opa_allowed_at_gate,11.328413151204586,3.796379081904888,77.0
10,truth,discrete,238,59.52,1,published_after_gate_recheck,17.003555316478014,4.752542357891798,77.0
10,predicate,discrete,239,59.943,1,published_after_gate_recheck,20.548511762171984,8.917571976780891,77.0
10,truth,discrete,240,60.242,1,published_after_gate_recheck,18.338588997721672,4.399759694933891,77.0
10,truth,discrete,241,60.372,1,published_after_gate_recheck,19.086891319602728,7.086469326168299,77.0
10,predicate,continuous,242,60.575,1,published_after_gate_recheck,19.17837420478463,7.161449175328016,77.0
10,predicate,discrete,243,60.823,1,published_after_gate_recheck,20.685819908976555,6.704892963171005,77.0
10,readset,discrete,244,61.238,1,published_after_gate_recheck,17.071912996470928,4.6554990112781525,77.0
10,truth,discrete,245,61.342,1,published_after_gate_recheck,17.703728284686804,4.6240705996751785,77.0
10,global,discrete,246,61.68,0,context_version_changed_at_publish,16.314523294568062,4.702989012002945,77.0
10,predicate,continuous,247,61.82,1,published_after_gate_recheck,17.262098845094442,4.686207976192236,77.0
10,opa_readset,discrete,248,62.111,1,opa_allowed_at_gate,11.66396215558052,4.210385028272867,77.0
10,predicate,continuous,249,62.37,1,published_after_gate_recheck,18.0407902225852,4.931868053972721,77.0
10,predicate,continuous,250,62.639,1,published_after_gate_recheck,20.965224131941795,5.045551806688309,77.0
10,opa_readset,continuous,251,62.867,0,opa_readset_version_changed_at_gate,12.015190906822681,3.779487684369087,77.0
10,global,continuous,252,63.04,0,context_version_changed_at_publish,18.98305583745241,6.043512839823961,77.0
10,opa,discrete,253,63.42,1,opa_allowed_at_gate,12.02878588810563,4.317807033658028,77.0
10,predicate,discrete,254,63.539,1,published_after_gate_recheck,18.50346801802516,6.433654110878706,77.0
10,global,continuous,255,63.855,0,context_version_changed_at_publish,18.825832288712263,6.5216487273573875,77.0
10,opa,continuous,256,64.039,1,opa_allowed_at_gate,11.831797193735838,4.087425302714109,77.0
10,opa,continuous,257,64.489,1,opa_allowed_at_gate,13.178261928260326,3.2327421940863132,77.0
10,predicate,continuous,258,64.617,1,published_after_gate_recheck,17.17909425497055,5.884705111384392,77.0
10,predicate,continuous,259,64.875,1,published_after_gate_recheck,21.054931916296482,5.080326925963163,77.0
10,truth,continuous,260,65.076,1,published_after_gate_recheck,18.218993674963713,6.402376107871532,77.0
10,opa,discrete,261,65.437,1,opa_allowed_at_gate,11.587960179895163,3.965245094150305,77.0
10,predicate,continuous,262,65.625,1,published_after_gate_recheck,19.690624438226223,7.258851546794176,77.0
10,readset,discrete,263,65.886,1,published_after_gate_recheck,16.706177033483982,4.82244323939085,77.0
10,opa,discrete,264,66.039,1,opa_allowed_at_gate,11.131423991173506,3.7871021777391434,77.0
10,opa_readset,continuous,265,66.337,1,opa_allowed_at_gate,12.02158210799098,3.5258918069303036,77.0
10,predicate,continuous,266,66.54,1,published_after_gate_recheck,18.77472596243024,4.721393808722496,77.0
10,global,discrete,267,66.816,1,published_after_gate_recheck,17.397903837263584,5.097659304738045,77.0
10,global,discrete,268,67.033,1,published_after_gate_recheck,16.637789085507393,5.031926091760397,77.0
10,global,discrete,269,67.338,0,context_version_changed_at_publish,18.53516697883606,6.607620045542717,77.0
10,truth,continuous,270,67.622,1,published_after_gate_recheck,18.82363809272647,4.647816065698862,77.0
10,global,discrete,271,67.973,1,published_after_gate_recheck,16.230416018515825,4.972413647919893,77.0
10,predicate,continuous,272,68.136,1,published_after_gate_recheck,19.053439144045115,7.301691919565201,77.0
10,global,discrete,273,68.335,0,context_version_changed_at_publish,19.139650277793407,7.178430911153555,77.0
10,predicate,discrete,274,68.729,1,published_after_gate_recheck,19.999412819743156,4.71093412488699,77.0
10,global,continuous,275,68.852,0,context_version_changed_at_publish,22.2008409909904,7.876790128648281,77.0
10,opa,discrete,276,69.009,1,opa_allowed_at_gate,12.086404021829367,3.7045059725642204,77.0
10,opa,continuous,277,69.411,1,opa_allowed_at_gate,15.665716957300901,7.867773994803429,77.0
10,opa,discrete,278,69.512,1,opa_allowed_at_gate,10.1267802529037,3.489954397082329,77.0
10,opa,discrete,279,69.799,1,opa_allowed_at_gate,10.901712346822023,3.6163609474897385,77.0
10,truth,discrete,280,70.184,1,published_after_gate_recheck,15.505245886743069,4.291276913136244,77.0
10,global,discrete,281,70.494,0,context_version_changed_at_publish,20.126461051404476,8.3845229819417,77.0
10,readset,continuous,282,70.723,1,published_after_gate_recheck,17.141122836619616,4.826541058719158,77.0
10,opa,discrete,283,70.812,1,opa_allowed_at_gate,12.586622033268213,4.554349929094315,77.0
10,truth,continuous,284,71.236,1,published_after_gate_recheck,18.883020151406527,4.466305021196604,77.0
10,global,discrete,285,71.376,1,published_after_gate_recheck,16.985882073640823,4.691677168011665,77.0
10,opa,continuous,286,71.734,1,opa_allowed_at_gate,11.862102895975113,3.7260670214891434,77.0
10,opa,continuous,287,71.867,1,opa_allowed_at_gate,11.209771037101746,3.7683560512959957,77.0
10,predicate,discrete,288,72.107,1,published_after_gate_recheck,18.13904382288456,7.048237137496471,77.0
10,truth,discrete,289,72.489,1,published_after_gate_recheck,15.7758928835392,4.507672972977161,77.0
10,truth,discrete,290,72.607,1,published_after_gate_recheck,17.767807934433222,6.695856340229511,77.0
10,readset,discrete,291,72.862,1,published_after_gate_recheck,15.854289755225182,4.185318015515804,77.0
10,opa,continuous,292,73.071,1,opa_allowed_at_gate,11.690661776810884,3.7706908769905567,77.0
10,truth,continuous,293,73.38,1,published_after_gate_recheck,20.086887292563915,5.286854226142168,77.0
10,truth,continuous,294,73.6,1,published_after_gate_recheck,16.437813639640808,4.189757164567709,77.0
10,truth,continuous,295,73.825,1,published_after_gate_recheck,19.073416013270617,7.432247046381235,77.0
10,opa,discrete,296,74.058,1,opa_allowed_at_gate,12.403478845953941,3.5122260451316833,77.0
10,opa,discrete,297,74.476,1,opa_allowed_at_gate,11.724375188350677,4.389170091599226,77.0
10,predicate,discrete,298,74.51,1,published_after_gate_recheck,18.990451004356146,4.746810998767614,77.0
10,global,discrete,299,74.88,1,published_after_gate_recheck,15.487230848520994,4.071324598044157,77.0
10,opa,continuous,300,75.126,1,opa_allowed_at_gate,11.532315984368324,3.6008632741868496,77.0
10,global,discrete,301,75.451,1,published_after_gate_recheck,16.543131787329912,4.395812749862671,77.0
10,global,discrete,302,75.536,0,context_version_changed_at_publish,18.598536029458046,7.2651938535273075,77.0
10,opa,continuous,303,75.909,1,opa_allowed_at_gate,11.812179815024137,3.671374171972275,77.0
10,readset,discrete,304,76.109,1,published_after_gate_recheck,19.975236617028713,4.969078116118908,77.0
10,opa,continuous,305,76.313,1,opa_allowed_at_gate,11.258681770414114,3.723371773958206,77.0
10,predicate,discrete,306,76.719,1,published_after_gate_recheck,21.175908390432596,5.100023001432419,77.0
10,opa_readset,continuous,307,76.886,1,opa_allowed_at_gate,10.900700930505991,3.599700052291155,77.0
10,global,continuous,308,77.113,1,published_after_gate_recheck,17.43067568168044,4.715431947261095,77.0
10,predicate,discrete,309,77.368,1,published_after_gate_recheck,20.9624283015728,4.827572964131832,77.0
10,readset,discrete,310,77.707,1,published_after_gate_recheck,17.333785071969032,5.150678101927042,77.0
10,readset,continuous,311,77.775,0,read_set_version_changed_at_gate,18.387250136584044,8.043182082474232,77.0
10,predicate,discrete,312,78.192,1,published_after_gate_recheck,22.07207027822733,9.217633865773678,77.0
10,global,continuous,313,78.35,1,published_after_gate_recheck,17.001269850879908,4.962325561791658,77.0
10,opa_readset,continuous,314,78.59,1,opa_allowed_at_gate,14.24325816333294,5.785830318927765,77.0
10,predicate,discrete,315,78.969,1,published_after_gate_recheck,19.36854002997279,4.293110221624374,77.0
10,global,discrete,316,79.061,1,published_after_gate_recheck,16.83893660083413,4.171020817011595,77.0
10,opa,discrete,317,79.349,1,opa_allowed_at_gate,11.366744991391897,3.3000377006828785,77.0
10,predicate,continuous,318,79.529,1,published_after_gate_recheck,18.792979884892702,4.770214669406414,77.0
10,opa,continuous,319,79.894,1,opa_allowed_at_gate,12.299444060772657,4.194846376776695,77.0
10,predicate,continuous,320,80.149,1,published_after_gate_recheck,19.84038483351469,4.244509153068066,77.0
10,readset,discrete,321,80.486,1,published_after_gate_recheck,15.36406995728612,4.319910891354084,77.0
10,global,continuous,322,80.581,1,published_after_gate_recheck,16.844557132571936,4.326622933149338,77.0
10,global,discrete,323,80.952,1,published_after_gate_recheck,16.48306893184781,4.369303118437529,77.0
10,opa,continuous,324,81.01,1,opa_allowed_at_gate,10.222329292446375,3.2897689379751682,77.0
10,readset,continuous,325,81.393,0,read_set_version_changed_at_gate,21.904755849391222,9.151620790362358,77.0
10,truth,discrete,326,81.652,1,published_after_gate_recheck,17.519662622362375,4.785493947565556,77.0
10,opa_readset,continuous,327,81.963,1,opa_allowed_at_gate,11.092249769717455,3.7171002477407455,77.0
10,predicate,continuous,328,82.061,1,published_after_gate_recheck,17.386843916028738,4.711915738880634,77.0
10,predicate,discrete,329,82.401,1,published_after_gate_recheck,18.746763933449984,6.9077638909220695,77.0
10,opa,discrete,330,82.517,1,opa_allowed_at_gate,14.27631126716733,3.9498568512499332,77.0
10,predicate,continuous,331,82.966,1,published_after_gate_recheck,19.451626110821962,6.896302103996277,77.0
10,predicate,discrete,332,83.072,1,published_after_gate_recheck,17.35044503584504,5.530921742320061,77.0
10,global,continuous,333,83.291,1,published_after_gate_recheck,18.0164547637105,4.567455034703016,77.0
10,global,discrete,334,83.7,1,published_after_gate_recheck,20.096193999052048,4.784551914781332,77.0
10,opa,continuous,335,83.889,1,opa_allowed_at_gate,11.496277991682291,3.8199126720428467,77.0
10,global,discrete,336,84.001,1,published_after_gate_recheck,22.525870241224766,8.306666743010283,77.0
10,opa,discrete,337,84.46,1,opa_allowed_at_gate,14.551808126270771,5.42129622772336,77.0
10,opa,continuous,338,84.605,1,opa_allowed_at_gate,12.119075283408165,3.4021888859570026,77.0
10,global,continuous,339,84.778,0,context_version_changed_at_publish,17.46630296111107,6.058891303837299,77.0
10,global,continuous,340,85.112,0,context_version_changed_at_publish,23.923220578581095,10.960703250020742,77.0
10,truth,discrete,341,85.356,1,published_after_gate_recheck,18.20483710616827,5.836633965373039,77.0
10,truth,discrete,342,85.658,1,published_after_gate_recheck,16.317046713083982,4.629119765013456,77.0
10,truth,discrete,343,85.846,1,published_after_gate_recheck,16.108756884932518,4.848412238061428,77.0
10,global,continuous,344,86.142,1,published_after_gate_recheck,16.622930765151978,4.384592175483704,77.0
10,opa_readset,discrete,345,86.299,1,opa_allowed_at_gate,10.252857115119696,3.289970103651285,77.0
10,opa,discrete,346,86.729,1,opa_allowed_at_gate,9.86693287268281,3.2816240563988686,77.0
10,readset,continuous,347,86.927,0,read_set_version_changed_at_gate,18.87820102274418,6.563026923686266,77.0
10,predicate,discrete,348,87.046,1,published_after_gate_recheck,16.0982683300972,4.609654191881418,77.0
10,predicate,continuous,349,87.411,1,published_after_gate_recheck,16.18717424571514,4.695584997534752,77.0
10,global,discrete,350,87.582,1,published_after_gate_recheck,17.403054051101208,4.8551736399531364,77.0
10,readset,continuous,351,87.996,0,read_set_version_changed_at_gate,17.991477623581886,6.69310986995697,77.0
10,truth,discrete,352,88.198,1,published_after_gate_recheck,20.795045420527458,8.389061316847801,77.0
10,global,continuous,353,88.408,1,published_after_gate_recheck,16.702680848538876,4.715743009001017,77.0
10,readset,continuous,354,88.703,1,published_after_gate_recheck,20.22962411865592,5.486258305609226,77.0
10,truth,discrete,355,88.755,1,published_after_gate_recheck,16.50567213073373,4.951395094394684,77.0
10,opa_readset,discrete,356,89.241,1,opa_allowed_at_gate,13.765483163297176,6.085380911827087,77.0
10,opa_readset,discrete,357,89.499,1,opa_allowed_at_gate,10.528352111577988,3.2079648226499557,77.0
10,readset,discrete,358,89.62,1,published_after_gate_recheck,18.454536329954863,4.644548986107111,77.0
10,truth,continuous,359,89.981,1,published_after_gate_recheck,20.514409057796,4.672470968216658,77.0
10,opa_readset,discrete,360,90.085,1,opa_allowed_at_gate,10.934093967080116,3.361192997545004,77.0
10,readset,continuous,361,90.47,1,published_after_gate_recheck,31.129484064877033,5.085607059299946,77.0
10,readset,continuous,362,90.633,0,read_set_version_changed_at_gate,20.99124202504754,8.899598848074675,77.0
10,readset,continuous,363,90.774,0,read_set_version_changed_at_gate,19.86269559711218,8.75453744083643,77.0
10,predicate,continuous,364,91.216,1,published_after_gate_recheck,19.24743317067623,6.86868978664279,77.0
10,predicate,continuous,365,91.323,1,published_after_gate_recheck,19.65767191722989,8.620735723525286,77.0
10,opa,continuous,366,91.581,1,opa_allowed_at_gate,12.350179255008698,4.0122028440237045,77.0
10,opa_readset,continuous,367,91.849,1,opa_allowed_at_gate,12.190480250865221,3.9291270077228546,77.0
10,global,discrete,368,92.059,1,published_after_gate_recheck,20.776390098035336,4.9089547246694565,77.0
10,predicate,discrete,369,92.39,1,published_after_gate_recheck,19.65834340080619,4.60125831887126,77.0
10,opa,continuous,370,92.641,1,opa_allowed_at_gate,12.252646032720804,4.254186991602182,77.0
10,global,discrete,371,92.821,1,published_after_gate_recheck,16.280629206448793,4.998923745006323,77.0
10,readset,discrete,372,93.09,1,published_after_gate_recheck,18.97883927449584,4.662973806262016,77.0
10,opa,continuous,373,93.281,1,opa_allowed_at_gate,11.257491074502468,4.300795029848814,77.0
10,predicate,discrete,374,93.512,1,published_after_gate_recheck,15.076060313731432,3.6878250539302826,77.0
10,opa,discrete,375,93.888,1,opa_allowed_at_gate,11.769310105592012,3.6747711710631847,77.0
10,global,continuous,376,94.246,0,context_version_changed_at_publish,17.500316724181175,6.5667638555169106,77.0
10,truth,continuous,377,94.328,1,published_after_gate_recheck,20.98002191632986,4.712066147476435,77.0
10,global,discrete,378,94.505,0,context_version_changed_at_publish,19.482043106108904,7.480618078261614,77.0
10,truth,discrete,379,94.848,1,published_after_gate_recheck,16.833186149597168,4.49051009491086,77.0
10,predicate,continuous,380,95.137,1,published_after_gate_recheck,21.757098846137524,4.856036975979805,77.0
10,opa_readset,discrete,381,95.419,1,opa_allowed_at_gate,11.338352225720882,3.546420019119978,77.0
10,opa,continuous,382,95.693,1,opa_allowed_at_gate,12.631928082555532,4.156814888119698,77.0
10,opa_readset,continuous,383,95.819,1,opa_allowed_at_gate,13.29954992979765,3.9488039910793304,77.0
10,truth,discrete,384,96.238,1,published_after_gate_recheck,17.878185026347637,4.963868297636509,77.0
10,global,discrete,385,96.497,1,published_after_gate_recheck,22.895462810993195,5.186515860259533,77.0
10,predicate,discrete,386,96.695,1,published_after_gate_recheck,19.933670293539762,8.52785212919116,77.0
10,readset,continuous,387,96.87,1,published_after_gate_recheck,20.3026020899415,5.275784060359001,77.0
10,truth,discrete,388,97.243,1,published_after_gate_recheck,20.687292329967022,8.899968583136797,77.0
10,global,continuous,389,97.421,1,published_after_gate_recheck,18.602062948048115,4.897833801805973,77.0
10,truth,continuous,390,97.629,1,published_after_gate_recheck,17.69953966140747,5.143315065652132,77.0
10,opa_readset,discrete,391,97.828,1,opa_allowed_at_gate,11.295812204480171,3.533997107297182,77.0
10,readset,continuous,392,98.004,1,published_after_gate_recheck,16.765087842941284,4.8064133152365685,77.0
10,truth,continuous,393,98.272,1,published_after_gate_recheck,16.49746624752879,5.148043856024742,77.0
10,readset,discrete,394,98.59,1,published_after_gate_recheck,20.535318180918694,4.945613909512758,77.0
10,opa_readset,discrete,395,98.805,1,opa_allowed_at_gate,12.838955037295818,4.310042597353458,77.0
10,truth,continuous,396,99.028,1,published_after_gate_recheck,20.88615531101823,4.911290016025305,77.0
10,opa_readset,continuous,397,99.487,1,opa_allowed_at_gate,11.526274029165506,4.221105016767979,77.0
10,readset,continuous,398,99.724,0,read_set_version_changed_at_gate,19.64473770931363,7.324483711272478,77.0
10,global,discrete,399,99.799,0,context_version_changed_at_publish,16.928744968026876,6.071263924241066,77.0
10,truth,discrete,400,100.005,1,published_after_gate_recheck,18.694625701755285,7.89297092705965,77.0
10,opa_readset,discrete,401,100.42,1,opa_allowed_at_gate,11.204821057617664,3.4955451264977455,77.0
10,predicate,continuous,402,100.533,1,published_after_gate_recheck,16.524276230484247,5.3284321911633015,77.0
10,global,discrete,403,100.867,0,context_version_changed_at_publish,17.957404255867004,6.041338667273521,77.0
10,global,continuous,404,101.15,0,context_version_changed_at_publish,21.799248177558184,8.350488729774952,77.0
10,predicate,discrete,405,101.482,1,published_after_gate_recheck,18.221608828753233,5.076870322227478,77.0
10,opa_readset,discrete,406,101.719,1,opa_allowed_at_gate,13.51530384272337,3.213395830243826,77.0
10,truth,discrete,407,101.965,1,published_after_gate_recheck,18.649891950190067,7.321480195969343,77.0
10,truth,continuous,408,102.144,1,published_after_gate_recheck,21.827860735356808,10.466757230460644,77.0
10,truth,discrete,409,102.355,1,published_after_gate_recheck,18.402968998998404,6.42181234434247,77.0
10,opa,continuous,410,102.676,1,opa_allowed_at_gate,11.805447284132242,3.588298801332712,77.0
10,truth,discrete,411,102.752,1,published_after_gate_recheck,16.658246982842684,4.46057366207242,77.0
10,predicate,continuous,412,103.058,1,published_after_gate_recheck,19.97195091098547,6.565691903233528,77.0
10,truth,discrete,413,103.395,1,published_after_gate_recheck,21.164718084037304,9.127534925937653,77.0
10,predicate,discrete,414,103.623,1,published_after_gate_recheck,16.48888923227787,4.537960048764944,77.0
10,opa_readset,continuous,415,103.905,0,opa_readset_version_changed_at_gate,12.093738187104464,3.8229390047490597,77.0
10,predicate,continuous,416,104.235,1,published_after_gate_recheck,15.309597831219435,4.435477312654257,77.0
10,readset,continuous,417,104.411,1,published_after_gate_recheck,22.009921725839376,5.052032880485058,77.0
10,readset,continuous,418,104.559,0,read_set_version_changed_at_gate,18.796927761286497,7.1372841484844685,77.0
10,opa_readset,discrete,419,104.837,1,opa_allowed_at_gate,10.388660710304976,2.9824827797710896,77.0
10,opa_readset,continuous,420,105.18,1,opa_allowed_at_gate,14.658496715128422,7.061721757054329,77.0
10,global,continuous,421,105.428,1,published_after_gate_recheck,17.61709526181221,4.2913067154586315,77.0
10,truth,discrete,422,105.502,1,published_after_gate_recheck,15.781553927809,4.349815659224987,77.0
10,predicate,discrete,423,105.866,1,published_after_gate_recheck,18.58465000987053,7.063555996865034,77.0
10,opa_readset,continuous,424,106.107,1,opa_allowed_at_gate,12.549562845379114,4.010661039501429,77.0
10,truth,continuous,425,106.475,1,published_after_gate_recheck,20.501905120909214,8.403368294239044,77.0
10,opa,discrete,426,106.71,1,opa_allowed_at_gate,12.146786786615849,3.6970721557736397,77.0
10,truth,continuous,427,106.751,1,published_after_gate_recheck,19.4788770750165,7.108720019459724,77.0
10,global,continuous,428,107.081,1,published_after_gate_recheck,17.887372989207506,4.709791857749224,77.0
10,predicate,discrete,429,107.264,1,published_after_gate_recheck,21.32488787174225,9.060199838131666,77.0
10,truth,discrete,430,107.641,1,published_after_gate_recheck,19.451245199888945,5.063765682280064,77.0
10,opa,discrete,431,107.879,1,opa_allowed_at_gate,12.947498820722103,3.5690730437636375,77.0
10,opa_readset,discrete,432,108.217,1,opa_allowed_at_gate,11.820826213806868,3.5661570727825165,77.0
10,readset,continuous,433,108.257,0,read_set_version_changed_at_gate,17.600675113499165,6.548730190843344,77.0
10,opa_readset,discrete,434,108.526,1,opa_allowed_at_gate,11.137404013425112,3.849608823657036,77.0
10,predicate,continuous,435,108.877,1,published_after_gate_recheck,18.017195630818605,6.1659421771764755,77.0
10,readset,continuous,436,109.15,0,read_set_version_changed_at_gate,18.753776792436838,6.197832059115171,77.0
10,predicate,continuous,437,109.357,1,published_after_gate_recheck,21.947655826807022,4.888006020337343,77.0
10,readset,discrete,438,109.748,1,published_after_gate_recheck,20.709904842078686,4.844374023377895,77.0
10,opa_readset,continuous,439,109.831,0,opa_readset_version_changed_at_gate,12.448933906853199,5.006368272006512,77.0
10,opa,discrete,440,110.111,1,opa_allowed_at_gate,12.180539779365063,4.46176715195179,77.0
10,readset,continuous,441,110.441,1,published_after_gate_recheck,20.60182159766555,4.437620751559734,77.0
10,opa_readset,continuous,442,110.677,0,opa_readset_version_changed_at_gate,13.314547017216682,4.434976261109114,77.0
10,opa_readset,continuous,443,110.896,1,opa_allowed_at_gate,13.654364738613367,5.107958801090717,77.0
10,opa,continuous,444,111.118,1,opa_allowed_at_gate,11.683830060064793,3.5404087975621223,77.0
10,truth,continuous,445,111.395,1,published_after_gate_recheck,16.932912170886993,4.8821852542459965,77.0
10,global,discrete,446,111.683,0,context_version_changed_at_publish,18.102054949849844,6.4637307077646255,77.0
10,readset,discrete,447,111.824,1,published_after_gate_recheck,20.00471204519272,8.030748926103115,77.0
10,readset,continuous,448,112.165,1,published_after_gate_recheck,16.321957111358643,4.630843177437782,77.0
10,truth,discrete,449,112.335,1,published_after_gate_recheck,19.7616470977664,7.952883839607239,77.0
10,opa,continuous,450,112.723,1,opa_allowed_at_gate,11.918139178305864,4.183834884315729,77.0
10,predicate,discrete,451,112.883,1,published_after_gate_recheck,15.88765298947692,4.54640481621027,77.0
10,opa_readset,discrete,452,113.211,1,opa_allowed_at_gate,11.316930875182152,3.6802110262215137,77.0
10,opa,continuous,453,113.457,1,opa_allowed_at_gate,11.06748403981328,3.7465649656951427,77.0
10,opa_readset,continuous,454,113.606,1,opa_allowed_at_gate,13.083023019134998,4.820047877728939,77.0
10,opa_readset,discrete,455,113.901,1,opa_allowed_at_gate,12.299173045903444,3.8737542927265167,77.0
10,global,discrete,456,114.022,1,published_after_gate_recheck,18.6202060431242,4.176372196525335,77.0
10,truth,continuous,457,114.264,1,published_after_gate_recheck,15.953706111758947,4.749225918203592,77.0
10,global,continuous,458,114.527,0,context_version_changed_at_publish,18.491644877940416,7.4206748977303505,77.0
10,global,discrete,459,114.848,1,published_after_gate_recheck,17.068226356059313,4.626264795660973,77.0
10,readset,discrete,460,115.08,1,published_after_gate_recheck,23.538799956440926,6.238979287445545,77.0
10,truth,discrete,461,115.305,1,published_after_gate_recheck,15.699398703873158,4.540845286101103,77.0
10,opa,discrete,462,115.6,1,opa_allowed_at_gate,12.25816598162055,4.748112987726927,77.0
10,opa,discrete,463,115.81,1,opa_allowed_at_gate,11.519261170178652,3.821966703981161,77.0
10,truth,discrete,464,116.158,1,published_after_gate_recheck,16.525389160960913,5.071339197456837,77.0
10,global,discrete,465,116.494,0,context_version_changed_at_publish,21.410138346254826,9.098261129111052,77.0
10,truth,continuous,466,116.648,1,published_after_gate_recheck,21.282808855175972,9.358820039778948,77.0
10,truth,discrete,467,116.837,1,published_after_gate_recheck,17.634117044508457,6.467878818511963,77.0
10,predicate,continuous,468,117.083,1,published_after_gate_recheck,15.82729909569025,4.544090945273638,77.0
10,global,discrete,469,117.46,1,published_after_gate_recheck,16.342855989933014,3.9136488921940327,77.0
10,global,discrete,470,117.615,0,context_version_changed_at_publish,22.20005914568901,10.10123174637556,77.0
10,predicate,continuous,471,117.875,1,published_after_gate_recheck,19.086080137640238,6.979699246585369,77.0
10,predicate,discrete,472,118.008,1,published_after_gate_recheck,18.414479680359364,6.731794215738773,77.0
10,predicate,continuous,473,118.485,1,published_after_gate_recheck,16.638671047985554,4.616427235305309,77.0
10,truth,discrete,474,118.601,1,published_after_gate_recheck,19.461893942207098,5.171407945454121,77.0
10,truth,continuous,475,118.982,1,published_after_gate_recheck,17.78165390715003,4.874038975685835,77.0
10,predicate,continuous,476,119.041,1,published_after_gate_recheck,19.891310017555952,4.738265182822943,77.0
10,predicate,continuous,477,119.482,1,published_after_gate_recheck,16.83026971295476,4.7697341069579124,77.0
10,opa_readset,continuous,478,119.52,1,opa_allowed_at_gate,10.740851983428001,3.909159917384386,77.0
10,readset,continuous,479,119.937,0,read_set_version_changed_at_gate,21.61490172147751,9.49225015938282,77.0
10,predicate,discrete,480,120.099,1,published_after_gate_recheck,16.171384137123823,4.474490415304899,77.0
10,global,discrete,481,120.294,1,published_after_gate_recheck,19.095407333225012,4.624953027814627,77.0
10,global,continuous,482,120.53,1,published_after_gate_recheck,18.936620093882084,4.9797892570495605,77.0
10,opa_readset,discrete,483,120.776,1,opa_allowed_at_gate,10.221817996352911,3.2641999423503876,77.0
10,readset,continuous,484,121.031,1,published_after_gate_recheck,17.87021989002824,4.905139096081257,77.0
10,readset,continuous,485,121.261,1,published_after_gate_recheck,17.07493793219328,4.6020797453820705,77.0
10,opa,discrete,486,121.508,1,opa_allowed_at_gate,10.891212616115808,3.1941202469170094,77.0
10,opa_readset,discrete,487,121.951,1,opa_allowed_at_gate,12.85215001553297,3.5284971818327904,77.0
10,opa_readset,continuous,488,122.182,0,opa_readset_version_changed_at_gate,11.140681337565184,3.8541769608855247,77.0
10,opa_readset,discrete,489,122.431,1,opa_allowed_at_gate,11.377535294741392,3.7878332659602165,77.0
10,truth,continuous,490,122.538,1,published_after_gate_recheck,17.444010823965073,6.231355015188456,77.0
10,predicate,continuous,491,122.802,1,published_after_gate_recheck,15.96777280792594,4.70368005335331,77.0
10,opa,discrete,492,123.239,1,opa_allowed_at_gate,12.346141040325165,3.3588577061891556,77.0
10,opa_readset,discrete,493,123.487,1,opa_allowed_at_gate,10.752242989838123,3.3622439950704575,77.0
10,predicate,continuous,494,123.689,1,published_after_gate_recheck,16.449015121906996,4.893827252089977,77.0
10,opa,continuous,495,123.879,1,opa_allowed_at_gate,11.668981052935123,3.9232070557773113,77.0
10,truth,discrete,496,124.237,1,published_after_gate_recheck,17.72142108529806,4.624652210623026,77.0
10,opa_readset,discrete,497,124.337,1,opa_allowed_at_gate,12.876647058874369,5.512277130037546,77.0
10,opa,discrete,498,124.676,1,opa_allowed_at_gate,10.903706774115562,3.1349691562354565,77.0
10,global,discrete,499,124.9,1,published_after_gate_recheck,19.890508614480495,4.715062212198973,77.0
10,predicate,continuous,500,125.206,1,published_after_gate_recheck,15.734164975583553,4.494437947869301,77.0
10,readset,discrete,501,125.328,1,published_after_gate_recheck,18.268947023898363,4.421852063387632,77.0
10,predicate,continuous,502,125.664,1,published_after_gate_recheck,20.037013106048107,8.367700967937708,77.0
10,readset,discrete,503,125.808,1,published_after_gate_recheck,20.700336899608374,4.47151530534029,77.0
10,opa,discrete,504,126.165,1,opa_allowed_at_gate,11.194542050361633,4.064152017235756,77.0
10,readset,discrete,505,126.48,1,published_after_gate_recheck,19.036015961319208,4.479569848626852,77.0
10,truth,discrete,506,126.594,1,published_after_gate_recheck,17.18753995373845,4.539781715720892,77.0
10,predicate,continuous,507,126.78,1,published_after_gate_recheck,18.88779830187559,4.457718692719936,77.0
10,readset,discrete,508,127.087,1,published_after_gate_recheck,20.373282954096794,7.019873708486557,77.0
10,predicate,discrete,509,127.259,1,published_after_gate_recheck,20.04856476560235,4.455896094441414,77.0
10,predicate,discrete,510,127.514,1,published_after_gate_recheck,16.730763018131256,5.211783107370138,77.0
10,opa,continuous,511,127.893,1,opa_allowed_at_gate,11.298235971480608,3.5205422900617123,77.0
10,opa_readset,continuous,512,128.109,1,opa_allowed_at_gate,11.720177717506886,3.575393930077553,77.0
10,readset,continuous,513,128.495,0,read_set_version_changed_at_gate,20.108687691390514,8.003388065844774,77.0
10,opa_readset,discrete,514,128.627,1,opa_allowed_at_gate,10.761489626020193,3.295769914984703,77.0
10,opa_readset,continuous,515,128.849,1,opa_allowed_at_gate,10.81877714022994,3.365280106663704,77.0
10,opa,continuous,516,129.164,1,opa_allowed_at_gate,11.94377662613988,4.013826139271259,77.0
10,readset,continuous,517,129.477,1,published_after_gate_recheck,22.012407891452312,4.907373338937759,77.0
10,truth,continuous,518,129.569,1,published_after_gate_recheck,16.06560591608286,4.907944239675999,77.0
10,readset,continuous,519,129.769,1,published_after_gate_recheck,19.41655995324254,4.842511378228664,77.0
10,predicate,continuous,520,130.248,1,published_after_gate_recheck,19.255176652222872,7.063374854624271,77.0
10,opa,discrete,521,130.454,1,opa_allowed_at_gate,14.451710041612387,7.266575936228037,77.0
10,opa_readset,continuous,522,130.675,0,opa_readset_version_changed_at_gate,15.678810887038708,6.390654016286135,77.0
10,readset,continuous,523,130.756,1,published_after_gate_recheck,26.29374573007226,5.160738248378038,77.0
10,opa,continuous,524,131.214,1,opa_allowed_at_gate,12.362813111394644,4.107492044568062,77.0
10,predicate,continuous,525,131.32,1,published_after_gate_recheck,15.739654656499624,4.5867012813687325,77.0
10,opa,discrete,526,131.678,1,opa_allowed_at_gate,16.525147948414087,6.148149259388447,77.0
10,truth,discrete,527,131.934,1,published_after_gate_recheck,16.995389945805073,4.675248172134161,77.0
10,opa_readset,continuous,528,132.117,1,opa_allowed_at_gate,11.968813836574554,4.188544116914272,77.0
10,truth,continuous,529,132.465,1,published_after_gate_recheck,20.422535948455334,8.790453895926476,77.0
10,opa,discrete,530,132.6,1,opa_allowed_at_gate,10.677522048354149,3.4042936749756336,77.0
10,global,continuous,531,132.919,1,published_after_gate_recheck,19.533058162778616,4.63993102312088,77.0
10,global,continuous,532,133.183,1,published_after_gate_recheck,17.142404802143574,4.730069078505039,77.0
10,readset,continuous,533,133.342,1,published_after_gate_recheck,18.425952177494764,5.100705195218325,77.0
10,opa,discrete,534,133.579,1,opa_allowed_at_gate,11.554155964404345,3.498750738799572,77.0
10,global,continuous,535,133.874,1,published_after_gate_recheck,18.228221219033003,4.804899916052818,77.0
10,predicate,discrete,536,134.05,1,published_after_gate_recheck,20.389033015817404,5.093000829219818,77.0
10,global,discrete,537,134.452,1,published_after_gate_recheck,17.494927160441875,5.099864210933447,77.0
10,truth,continuous,538,134.627,1,published_after_gate_recheck,16.18703408166766,4.63485112413764,77.0
10,opa,continuous,539,134.801,1,opa_allowed_at_gate,13.632713817059994,3.8722320459783077,77.0
10,truth,discrete,540,135.163,1,published_after_gate_recheck,25.34997696056962,9.948906023055315,77.0
10,truth,continuous,541,135.392,1,published_after_gate_recheck,16.448214184492826,4.584957845509052,77.0
10,readset,continuous,542,135.602,1,published_after_gate_recheck,16.44111005589366,5.182767752557993,77.0
10,global,discrete,543,135.768,1,published_after_gate_recheck,20.656966138631105,4.696086049079895,77.0
10,opa,continuous,544,136.137,1,opa_allowed_at_gate,11.164175346493721,3.725667018443346,77.0
10,truth,discrete,545,136.296,1,published_after_gate_recheck,17.421638127416372,6.180379074066877,77.0
10,predicate,discrete,546,136.685,1,published_after_gate_recheck,17.035074066370726,4.675558302551508,77.0
10,readset,discrete,547,136.937,1,published_after_gate_recheck,18.67424789816141,6.61395164206624,77.0
10,global,continuous,548,137.007,1,published_after_gate_recheck,15.154497232288122,4.547898191958666,77.0
10,predicate,continuous,549,137.324,1,published_after_gate_recheck,19.99987429007888,7.9953633248806,77.0
10,opa,continuous,550,137.65,1,opa_allowed_at_gate,11.640598066151142,3.7435400299727917,77.0
10,global,continuous,551,137.779,1,published_after_gate_recheck,20.255933981388807,5.094702821224928,77.0
10,readset,discrete,552,138.099,1,published_after_gate_recheck,15.959737822413445,4.471856169402599,77.0
10,truth,discrete,553,138.352,1,published_after_gate_recheck,16.288323793560266,4.971533082425594,77.0
10,opa,continuous,554,138.708,1,opa_allowed_at_gate,11.16632902994752,3.796178847551346,77.0
10,opa,continuous,555,138.838,1,opa_allowed_at_gate,14.097725972533226,6.252605002373457,77.0
10,global,continuous,556,139.097,1,published_after_gate_recheck,20.868542604148388,4.868149291723967,77.0
10,readset,continuous,557,139.344,1,published_after_gate_recheck,15.189383178949356,4.191108979284763,77.0
10,truth,continuous,558,139.554,1,published_after_gate_recheck,16.78683888167143,4.837531596422195,77.0
10,opa,discrete,559,139.926,1,opa_allowed_at_gate,12.68067816272378,3.7388307973742485,77.0
10,truth,discrete,560,140.08,1,published_after_gate_recheck,20.26391914114356,5.283057224005461,77.0
10,readset,continuous,561,140.327,1,published_after_gate_recheck,24.42631358280778,5.043016746640205,77.0
10,predicate,discrete,562,140.564,1,published_after_gate_recheck,16.433035023510456,4.520706832408905,77.0
10,opa_readset,continuous,563,140.754,0,opa_readset_version_changed_at_gate,11.542014311999083,3.3581280149519444,77.0
10,opa_readset,discrete,564,141.117,1,opa_allowed_at_gate,11.12592313438654,3.5421219654381275,77.0
10,readset,discrete,565,141.357,1,published_after_gate_recheck,18.25511083006859,6.60293223336339,77.0
10,opa_readset,continuous,566,141.7,1,opa_allowed_at_gate,14.517924282699823,4.58432687446475,77.0
10,readset,discrete,567,141.857,1,published_after_gate_recheck,18.456309102475643,6.674956995993853,77.0
10,opa_readset,continuous,568,142.124,0,opa_readset_version_changed_at_gate,11.45286625251174,3.6182948388159275,77.0
10,global,discrete,569,142.456,0,context_version_changed_at_publish,18.674278166145086,6.5752798691391945,77.0
10,global,discrete,570,142.684,0,context_version_changed_at_publish,20.12502821162343,8.707938715815544,77.0
10,global,discrete,571,142.773,1,published_after_gate_recheck,15.925974119454622,4.449252970516682,77.0
10,predicate,continuous,572,143.054,1,published_after_gate_recheck,21.729236003011465,9.17102675884962,77.0
10,opa_readset,discrete,573,143.266,1,opa_allowed_at_gate,11.41049712896347,3.483512904495001,77.0
10,opa,discrete,574,143.73,1,opa_allowed_at_gate,11.226272210478783,3.5412912257015705,77.0
10,opa_readset,continuous,575,143.871,0,opa_readset_version_changed_at_gate,11.821256950497627,4.523221869021654,77.0
10,opa_readset,discrete,576,144.06,1,opa_allowed_at_gate,9.762425906956196,2.9402440413832664,77.0
10,global,discrete,577,144.352,1,published_after_gate_recheck,17.01978500932455,5.382232833653688,77.0
10,global,continuous,578,144.6,1,published_after_gate_recheck,16.280348878353834,4.865133203566074,77.0
10,opa_readset,continuous,579,144.776,1,opa_allowed_at_gate,12.038794811815023,3.4667300060391426,77.0
10,readset,continuous,580,145.036,1,published_after_gate_recheck,16.759918071329594,4.827131982892752,77.0
10,truth,continuous,581,145.267,1,published_after_gate_recheck,17.562974244356155,6.387557834386826,77.0
10,global,continuous,582,145.567,1,published_after_gate_recheck,15.486691147089005,4.303218796849251,77.0
10,opa,continuous,583,145.755,1,opa_allowed_at_gate,12.544532772153616,3.588649909943342,77.0
10,readset,continuous,584,146.078,1,published_after_gate_recheck,19.824614748358727,4.980850033462048,77.0
10,opa_readset,continuous,585,146.257,1,opa_allowed_at_gate,13.212786056101322,5.704686976969242,77.0
10,readset,continuous,586,146.673,1,published_after_gate_recheck,16.989158000797033,4.859623033553362,77.0
10,opa_readset,continuous,587,146.971,0,opa_readset_version_changed_at_gate,19.332111813127995,10.555002838373184,77.0
10,global,discrete,588,147.186,0,context_version_changed_at_publish,20.304133649915457,8.690245915204287,77.0
10,predicate,discrete,589,147.319,1,published_after_gate_recheck,15.169034712016582,4.471064079552889,77.0
10,readset,continuous,590,147.627,1,published_after_gate_recheck,16.304103191941977,4.675096366554499,77.0
10,readset,continuous,591,147.839,1,published_after_gate_recheck,19.96689196676016,3.933065105229616,77.0
10,truth,continuous,592,148.227,1,published_after_gate_recheck,15.306281857192516,4.45530517026782,77.0
10,readset,discrete,593,148.332,1,published_after_gate_recheck,16.610977705568075,4.667822737246752,77.0
10,truth,discrete,594,148.749,1,published_after_gate_recheck,19.654986914247274,4.471885971724987,77.0
10,global,continuous,595,148.948,1,published_after_gate_recheck,15.418372116982937,4.112240858376026,77.0
10,opa_readset,discrete,596,149.238,1,opa_allowed_at_gate,10.805833153426647,2.7771471068263054,77.0
10,global,discrete,597,149.327,0,context_version_changed_at_publish,17.107540275901556,6.650751922279596,77.0
10,readset,discrete,598,149.518,1,published_after_gate_recheck,20.456899888813496,4.72271628677845,77.0
10,predicate,discrete,599,149.896,1,published_after_gate_recheck,19.3944382481277,7.2983563877642155,77.0
10,opa,discrete,600,150.118,1,opa_allowed_at_gate,17.283599823713303,5.5640339851379395,77.0
10,global,continuous,601,150.38,1,published_after_gate_recheck,15.539729967713356,4.226083867251873,77.0
10,opa,continuous,602,150.533,1,opa_allowed_at_gate,11.984133161604404,3.408872988075018,77.0
10,predicate,continuous,603,150.899,1,published_after_gate_recheck,18.73387861996889,4.195296671241522,77.0
10,opa,discrete,604,151.153,1,opa_allowed_at_gate,11.006479151546955,3.4963558427989483,77.0
10,global,continuous,605,151.339,1,published_after_gate_recheck,21.244428120553493,4.820690024644136,77.0
10,truth,discrete,606,151.714,1,published_after_gate_recheck,20.59338614344597,9.365451987832785,77.0
10,opa,continuous,607,151.827,1,opa_allowed_at_gate,11.77761610597372,3.9232270792126656,77.0
10,truth,discrete,608,152.143,1,published_after_gate_recheck,15.986497979611158,4.802374634891748,77.0
10,truth,continuous,609,152.495,1,published_after_gate_recheck,17.213318031281233,5.5567496456205845,77.0
10,opa_readset,discrete,610,152.558,1,opa_allowed_at_gate,10.269347112625837,3.0992021784186363,77.0
10,readset,discrete,611,152.775,1,published_after_gate_recheck,18.18342786282301,7.318133022636175,77.0
10,opa_readset,continuous,612,153.229,1,opa_allowed_at_gate,11.901848018169403,3.9889896288514137,77.0
10,global,continuous,613,153.328,0,context_version_changed_at_publish,18.837202806025743,5.7191443629562855,77.0
10,global,discrete,614,153.614,1,published_after_gate_recheck,16.66260464116931,4.675887990742922,77.0
10,readset,continuous,615,153.952,1,published_after_gate_recheck,15.875420067459345,4.270548932254314,77.0
10,global,continuous,616,154.086,0,context_version_changed_at_publish,19.64943716302514,7.619607727974653,77.0
10,truth,discrete,617,154.35,1,published_after_gate_recheck,20.608535036444664,4.794050008058548,77.0
10,global,discrete,618,154.604,0,context_version_changed_at_publish,20.372122060507536,9.321889840066433,77.0
10,readset,continuous,619,154.903,1,published_after_gate_recheck,18.0153320543468,5.231140181422234,77.0
10,global,continuous,620,155.119,1,published_after_gate_recheck,29.79161497205496,5.644134245812893,77.0
10,opa,discrete,621,155.442,1,opa_allowed_at_gate,11.496138293296099,3.3245841041207314,77.0
10,truth,continuous,622,155.704,1,published_after_gate_recheck,19.738703966140747,6.853400729596615,77.0
10,truth,discrete,623,155.94,1,published_after_gate_recheck,20.188797265291214,5.105393007397652,77.0
10,opa_readset,discrete,624,156.033,1,opa_allowed_at_gate,12.260500807315111,5.546359810978174,77.0
10,truth,continuous,625,156.439,1,published_after_gate_recheck,20.159693900495768,8.137548808008432,77.0
10,opa_readset,discrete,626,156.585,1,opa_allowed_at_gate,12.169240042567253,3.806056920439005,77.0
10,readset,discrete,627,156.784,1,published_after_gate_recheck,22.623233031481504,5.163724068552256,77.0
10,opa,continuous,628,157.057,1,opa_allowed_at_gate,12.627889867872,3.91054293140769,77.0
10,readset,discrete,629,157.295,1,published_after_gate_recheck,19.30082170292735,8.73147277161479,77.0
10,opa,continuous,630,157.514,1,opa_allowed_at_gate,11.72915380448103,4.127178806811571,77.0
10,predicate,discrete,631,157.928,1,published_after_gate_recheck,18.373353872448206,6.6319359466433525,77.0
10,opa_readset,continuous,632,158.103,1,opa_allowed_at_gate,11.343872174620628,4.0456559509038925,77.0
10,truth,discrete,633,158.466,1,published_after_gate_recheck,17.633976880460978,5.897989962249994,77.0
10,global,discrete,634,158.531,1,published_after_gate_recheck,17.417441122233868,4.672311246395111,77.0
10,readset,discrete,635,158.969,1,published_after_gate_recheck,19.005017820745707,6.668644957244396,77.0
10,readset,discrete,636,159.03,1,published_after_gate_recheck,17.95973815023899,4.33436781167984,77.0
10,readset,discrete,637,159.466,1,published_after_gate_recheck,18.19542981684208,7.276003714650869,77.0
10,global,continuous,638,159.702,1,published_after_gate_recheck,15.679082367569208,4.553347826004028,77.0
10,opa_readset,discrete,639,159.774,1,opa_allowed_at_gate,9.526674170047045,2.877215389162302,77.0
10,predicate,discrete,640,160.185,1,published_after_gate_recheck,19.610463175922632,8.084018714725971,77.0
10,readset,continuous,641,160.361,1,published_after_gate_recheck,17.93165598064661,4.796803928911686,77.0
10,opa_readset,continuous,642,160.625,1,opa_allowed_at_gate,12.217610143125057,3.8755168206989765,77.0
10,predicate,continuous,643,160.752,1,published_after_gate_recheck,20.937751978635788,4.875743295997381,77.0
10,truth,discrete,644,161.133,1,published_after_gate_recheck,17.04717706888914,4.739968106150627,77.0
10,readset,discrete,645,161.261,1,published_after_gate_recheck,16.78399322554469,4.7232769429683685,77.0
10,truth,continuous,646,161.525,1,published_after_gate_recheck,20.37635911256075,8.517321199178696,77.0
10,opa,continuous,647,161.841,1,opa_allowed_at_gate,11.826145928353071,4.693951923400164,77.0
10,opa_readset,continuous,648,162.244,0,opa_readset_version_changed_at_gate,11.330165900290012,3.9158030413091183,77.0
10,opa_readset,continuous,649,162.497,1,opa_allowed_at_gate,11.950228828936815,4.14613401517272,77.0
10,global,continuous,650,162.677,0,context_version_changed_at_publish,16.660070978105068,6.551023572683334,77.0
10,opa,discrete,651,162.864,1,opa_allowed_at_gate,12.898778077214956,5.064386874437332,77.0
10,global,discrete,652,163.065,1,published_after_gate_recheck,18.45927396789193,5.016637034714222,77.0
10,predicate,continuous,653,163.371,1,published_after_gate_recheck,18.835970666259527,4.8836576752364635,77.0
10,global,continuous,654,163.592,1,published_after_gate_recheck,18.705346155911684,4.683972802013159,77.0
10,opa_readset,discrete,655,163.776,1,opa_allowed_at_gate,11.386923026293516,3.830924164503813,77.0
10,global,continuous,656,164.134,1,published_after_gate_recheck,17.20763696357608,4.3625608086586,77.0
10,truth,discrete,657,164.297,1,published_after_gate_recheck,16.98551094159484,6.043463014066219,77.0
10,truth,continuous,658,164.57,1,published_after_gate_recheck,15.643403865396976,4.591130185872316,77.0
10,predicate,discrete,659,164.898,1,published_after_gate_recheck,18.696530256420374,7.230368908494711,77.0
10,predicate,discrete,660,165.015,1,published_after_gate_recheck,19.358260091394186,7.515742909163237,77.0
10,global,continuous,661,165.252,1,published_after_gate_recheck,18.9570477232337,5.333330947905779,77.0
10,opa_readset,discrete,662,165.645,1,opa_allowed_at_gate,11.028150096535683,3.122736234217882,77.0
10,global,continuous,663,165.761,1,published_after_gate_recheck,16.332466155290604,4.665678832679987,77.0
10,global,continuous,664,166.198,1,published_after_gate_recheck,16.92012883722782,4.831871017813683,77.0
10,opa,discrete,665,166.363,1,opa_allowed_at_gate,12.623432092368603,5.090254824608564,77.0
10,truth,continuous,666,166.636,1,published_after_gate_recheck,15.95792407169938,4.631324205547571,77.0
10,opa,discrete,667,166.878,1,opa_allowed_at_gate,12.203825172036886,4.068048670887947,77.0
10,readset,discrete,668,167.013,1,published_after_gate_recheck,20.380436908453703,8.272632956504822,77.0
10,predicate,continuous,669,167.397,1,published_after_gate_recheck,17.42890290915966,6.381155923008919,77.0
10,opa,continuous,670,167.617,1,opa_allowed_at_gate,11.702705174684525,3.4325472079217434,77.0
10,opa_readset,discrete,671,167.904,1,opa_allowed_at_gate,11.186276096850634,3.7104375660419464,77.0
10,opa,continuous,672,168.107,1,opa_allowed_at_gate,12.108315248042345,3.909511025995016,77.0
10,predicate,continuous,673,168.5,1,published_after_gate_recheck,18.94099824130535,4.452218767255545,77.0
10,readset,continuous,674,168.671,1,published_after_gate_recheck,15.399747993797064,4.777709022164345,77.0
10,readset,continuous,675,168.851,1,published_after_gate_recheck,15.857546124607325,4.975630901753902,77.0
10,opa,continuous,676,169.141,1,opa_allowed_at_gate,13.519531581550837,4.901380743831396,77.0
10,readset,discrete,677,169.448,1,published_after_gate_recheck,16.746212262660265,4.8366691917181015,77.0
10,readset,continuous,678,169.684,0,read_set_version_changed_at_gate,19.976049195975065,8.065363857895136,77.0
10,predicate,continuous,679,169.952,1,published_after_gate_recheck,16.034187749028206,4.54742694273591,77.0
10,predicate,continuous,680,170.025,1,published_after_gate_recheck,20.302411168813705,6.747803185135126,77.0
10,truth,continuous,681,170.497,1,published_after_gate_recheck,18.97595403715968,6.527060177177191,77.0
10,global,continuous,682,170.712,0,context_version_changed_at_publish,21.74530690535903,8.901802822947502,77.0
10,truth,continuous,683,170.899,1,published_after_gate_recheck,20.103096961975098,4.624071065336466,77.0
10,global,discrete,684,171.159,1,published_after_gate_recheck,19.39921686425805,4.498033784329891,77.0
10,readset,discrete,685,171.29,1,published_after_gate_recheck,15.465409960597754,4.337002988904715,77.0
10,readset,discrete,686,171.501,1,published_after_gate_recheck,17.743581905961037,4.368612077087164,77.0
10,readset,continuous,687,171.793,0,read_set_version_changed_at_gate,21.051615942269564,9.275082033127546,77.0
10,truth,discrete,688,172.01,1,published_after_gate_recheck,15.4960579238832,4.569598939269781,77.0
10,readset,continuous,689,172.307,0,read_set_version_changed_at_gate,18.33184575662017,7.090636994689703,77.0
10,predicate,discrete,690,172.542,1,published_after_gate_recheck,16.12028805539012,4.598513245582581,77.0
10,opa,discrete,691,172.896,1,opa_allowed_at_gate,13.971448875963688,4.187622107565403,77.0
10,truth,continuous,692,173.08,1,published_after_gate_recheck,19.230700563639402,4.755527712404728,77.0
10,predicate,discrete,693,173.486,1,published_after_gate_recheck,23.51062698289752,6.376898381859064,77.0
10,predicate,discrete,694,173.617,1,published_after_gate_recheck,19.99484421685338,7.360872812569141,77.0
10,global,continuous,695,173.796,0,context_version_changed_at_publish,18.304063007235527,6.302578840404749,77.0
10,readset,discrete,696,174.208,1,published_after_gate_recheck,20.87671821936965,4.773901775479317,77.0
10,opa_readset,continuous,697,174.349,1,opa_allowed_at_gate,11.635358911007643,3.7883040495216846,77.0
10,global,continuous,698,174.721,1,published_after_gate_recheck,17.501098103821278,4.617208149284124,77.0
10,predicate,continuous,699,174.767,1,published_after_gate_recheck,18.745791632682085,6.748815067112446,77.0
10,predicate,discrete,700,175.016,1,published_after_gate_recheck,20.20424697548151,7.19998124986887,77.0
10,readset,discrete,701,175.436,1,published_after_gate_recheck,18.961346242576838,6.337624974548817,77.0
10,readset,continuous,702,175.708,1,published_after_gate_recheck,22.451761178672314,5.036395043134689,77.0
10,readset,discrete,703,175.809,1,published_after_gate_recheck,18.707940820604563,4.678423050791025,77.0
10,opa_readset,continuous,704,176.2,1,opa_allowed_at_gate,13.76856816932559,4.172964952886105,77.0
10,global,continuous,705,176.255,1,published_after_gate_recheck,15.852856915444136,4.7348178923130035,77.0
10,opa_readset,continuous,706,176.615,1,opa_allowed_at_gate,11.754853185266256,3.8138609379529953,77.0
10,opa_readset,continuous,707,176.817,1,opa_allowed_at_gate,13.895677868276834,4.703409969806671,77.0
10,opa,continuous,708,177.046,1,opa_allowed_at_gate,12.966153677552938,4.479049239307642,77.0
10,global,discrete,709,177.379,0,context_version_changed_at_publish,19.49366508051753,6.973427254706621,77.0
10,readset,discrete,710,177.575,1,published_after_gate_recheck,18.823568243533373,7.007750682532787,77.0
10,opa,discrete,711,177.959,1,opa_allowed_at_gate,11.455832049250603,3.552841953933239,77.0
10,global,continuous,712,178.084,0,context_version_changed_at_publish,20.259379874914885,7.940720766782761,77.0
10,readset,continuous,713,178.495,0,read_set_version_changed_at_gate,20.270171109586954,7.734993938356638,77.0
10,global,continuous,714,178.658,1,published_after_gate_recheck,23.161662742495537,4.59789065644145,77.0
10,readset,continuous,715,178.925,0,read_set_version_changed_at_gate,17.950369976460934,5.396478809416294,77.0
10,predicate,continuous,716,179.212,1,published_after_gate_recheck,19.391622859984636,4.570170305669308,77.0
10,truth,continuous,717,179.499,1,published_after_gate_recheck,20.42884798720479,4.899177234619856,77.0
10,opa,discrete,718,179.568,1,opa_allowed_at_gate,10.69300202652812,3.6487020552158356,77.0
10,opa_readset,discrete,719,179.911,1,opa_allowed_at_gate,11.818662285804749,3.4803361631929874,77.0
10,readset,discrete,720,180.193,1,published_after_gate_recheck,20.38291096687317,8.57836613431573,77.0
10,truth,discrete,721,180.467,1,published_after_gate_recheck,15.576859936118126,4.44499496370554,77.0
10,global,discrete,722,180.572,1,published_after_gate_recheck,15.82535495981574,4.712285939604044,77.0
10,truth,discrete,723,180.884,1,published_after_gate_recheck,20.11526981368661,8.337273728102446,77.0
10,truth,discrete,724,181.227,1,published_after_gate_recheck,23.211967200040817,5.185243673622608,77.0
10,predicate,continuous,725,181.293,1,published_after_gate_recheck,21.008565090596676,9.315037168562412,77.0
10,global,continuous,726,181.52,1,published_after_gate_recheck,18.656343687325716,4.812024068087339,77.0
10,opa_readset,discrete,727,181.968,1,opa_allowed_at_gate,11.71532878652215,3.8516330532729626,77.0
10,opa_readset,continuous,728,182.171,0,opa_readset_version_changed_at_gate,15.457004774361849,4.1442508809268475,77.0
10,predicate,discrete,729,182.456,1,published_after_gate_recheck,18.719251733273268,7.1142902597785,77.0
10,opa_readset,continuous,730,182.642,0,opa_readset_version_changed_at_gate,12.203923892229795,4.007956013083458,77.0
10,predicate,continuous,731,182.915,1,published_after_gate_recheck,19.104605074971914,6.802085321396589,77.0
10,opa,continuous,732,183.064,1,opa_allowed_at_gate,11.656357906758785,3.951449878513813,77.0
10,opa_readset,discrete,733,183.367,1,opa_allowed_at_gate,10.729460045695305,3.178059123456478,77.0
10,readset,discrete,734,183.58,1,published_after_gate_recheck,19.060080870985985,4.93525480851531,77.0
10,truth,continuous,735,183.943,1,published_after_gate_recheck,22.812367882579565,9.502117987722158,77.0
10,readset,discrete,736,184.065,1,published_after_gate_recheck,16.439558006823063,4.976131021976471,77.0
10,readset,discrete,737,184.276,1,published_after_gate_recheck,18.949203658849,7.518148049712181,77.0
10,predicate,discrete,738,184.548,1,published_after_gate_recheck,20.184840075671673,4.462498240172863,77.0
10,opa,continuous,739,184.915,1,opa_allowed_at_gate,16.382590867578983,8.345348760485649,77.0
10,global,continuous,740,185.163,0,context_version_changed_at_publish,21.267601288855076,8.665950037539005,77.0
10,opa_readset,continuous,741,185.473,1,opa_allowed_at_gate,12.065906077623367,3.6998181603848934,77.0
10,opa,discrete,742,185.627,1,opa_allowed_at_gate,12.308901641517878,3.2920129597187042,77.0
10,opa_readset,discrete,743,185.921,1,opa_allowed_at_gate,11.435543186962605,3.4693260677158833,77.0
10,readset,continuous,744,186.192,1,published_after_gate_recheck,15.573703218251467,4.114084877073765,77.0
10,truth,discrete,745,186.288,1,published_after_gate_recheck,21.22094389051199,4.817273002117872,77.0
10,truth,continuous,746,186.504,1,published_after_gate_recheck,16.26484002918005,4.505357705056667,77.0
10,global,discrete,747,186.796,0,context_version_changed_at_publish,18.883911427110434,6.835196632891893,77.0
10,truth,discrete,748,187.026,1,published_after_gate_recheck,20.447061862796545,8.722747210413218,77.0
10,truth,discrete,749,187.273,1,published_after_gate_recheck,21.33804326876998,8.443914353847504,77.0
10,global,discrete,750,187.518,1,published_after_gate_recheck,21.84429205954075,5.360221024602652,77.0
10,global,continuous,751,187.935,1,published_after_gate_recheck,15.580585692077875,4.024245776236057,77.0
10,readset,continuous,752,188.231,1,published_after_gate_recheck,20.72080597281456,4.937800113111734,77.0
10,opa_readset,continuous,753,188.34,1,opa_allowed_at_gate,13.221792876720428,3.9635919965803623,77.0
10,readset,discrete,754,188.735,1,published_after_gate_recheck,17.528499010950327,5.96047705039382,77.0
10,readset,discrete,755,188.954,1,published_after_gate_recheck,17.21303816884756,4.941957071423531,77.0
10,truth,continuous,756,189.123,1,published_after_gate_recheck,15.555260237306356,4.356950055807829,77.0
10,opa,continuous,757,189.298,1,opa_allowed_at_gate,14.891042839735746,3.792211879044771,77.0
10,global,continuous,758,189.52,1,published_after_gate_recheck,18.50625267252326,4.501200746744871,77.0
10,opa_readset,continuous,759,189.763,1,opa_allowed_at_gate,11.102288961410522,3.485586028546095,77.0
10,opa,continuous,760,190.236,1,opa_allowed_at_gate,12.872438877820969,4.498705733567476,77.0
10,opa_readset,discrete,761,190.315,1,opa_allowed_at_gate,11.66236912831664,3.4782220609486103,77.0
10,opa_readset,discrete,762,190.568,1,opa_allowed_at_gate,11.742258910089731,3.5152919590473175,77.0
10,opa,discrete,763,190.785,1,opa_allowed_at_gate,11.487951967865229,3.3987234346568584,77.0
10,readset,continuous,764,191.066,1,published_after_gate_recheck,15.713816042989492,4.43186005577445,77.0
10,global,discrete,765,191.427,0,context_version_changed_at_publish,18.925759941339493,6.603121757507324,77.0
10,opa,continuous,766,191.544,1,opa_allowed_at_gate,10.890441946685314,3.3572358079254627,77.0
10,opa,discrete,767,191.821,1,opa_allowed_at_gate,10.575050953775644,3.3849570900201797,77.0
10,opa_readset,discrete,768,192.131,1,opa_allowed_at_gate,11.07157114893198,3.6956099793314934,77.0
10,predicate,continuous,769,192.497,1,published_after_gate_recheck,17.998170107603073,6.194937042891979,77.0
10,predicate,discrete,770,192.728,1,published_after_gate_recheck,18.842433113604784,4.79096407070756,77.0
10,global,continuous,771,192.896,0,context_version_changed_at_publish,18.5842989012599,7.419221568852663,77.0
10,opa_readset,discrete,772,193.222,1,opa_allowed_at_gate,10.973358061164618,3.7183817476034164,77.0
10,predicate,continuous,773,193.355,1,published_after_gate_recheck,18.672083038836718,7.421397138386965,77.0
10,global,discrete,774,193.639,1,published_after_gate_recheck,19.497561268508434,4.257784225046635,77.0
10,predicate,discrete,775,193.93,1,published_after_gate_recheck,18.193005118519068,4.523050971329212,77.0
10,global,discrete,776,194.117,1,published_after_gate_recheck,21.96013880893588,4.764724988490343,77.0
10,global,discrete,777,194.264,1,published_after_gate_recheck,16.36911602690816,4.7224657610058784,77.0
10,opa_readset,discrete,778,194.702,1,opa_allowed_at_gate,11.481469962745905,3.8456819020211697,77.0
10,readset,continuous,779,194.932,1,published_after_gate_recheck,17.779169138520956,4.96823713183403,77.0
10,truth,discrete,780,195.026,1,published_after_gate_recheck,16.99582114815712,5.77979814261198,77.0
10,opa_readset,discrete,781,195.42,1,opa_allowed_at_gate,11.680854018777609,3.6513670347630978,77.0
10,readset,discrete,782,195.685,1,published_after_gate_recheck,15.746857970952988,4.314349964261055,77.0
10,predicate,continuous,783,195.776,1,published_after_gate_recheck,17.359041143208742,6.3600363209843636,77.0
10,readset,continuous,784,196.123,1,published_after_gate_recheck,15.590355265885592,4.632175900042057,77.0
10,predicate,discrete,785,196.327,1,published_after_gate_recheck,17.225471325218678,6.989507004618645,77.0
10,opa,continuous,786,196.517,1,opa_allowed_at_gate,11.016346979886293,3.9051934145390987,77.0
10,predicate,discrete,787,196.873,1,published_after_gate_recheck,16.46412257105112,4.637386184185743,77.0
10,readset,continuous,788,197.143,0,read_set_version_changed_at_gate,22.248941008001566,8.632287848740816,77.0
10,readset,discrete,789,197.493,1,published_after_gate_recheck,16.957689076662064,4.8269107937812805,77.0
10,readset,continuous,790,197.681,1,published_after_gate_recheck,20.06525592878461,5.13543002307415,77.0
10,global,continuous,791,197.845,1,published_after_gate_recheck,17.149056773632765,4.470433108508587,77.0
10,opa_readset,continuous,792,198.216,1,opa_allowed_at_gate,11.083744000643492,3.350181970745325,77.0
10,readset,discrete,793,198.38,1,published_after_gate_recheck,15.01450501382351,4.306575283408165,77.0
10,readset,discrete,794,198.638,1,published_after_gate_recheck,19.943869207054377,4.61921188980341,77.0
10,global,discrete,795,198.907,1,published_after_gate_recheck,16.015171073377132,4.743755329400301,77.0
10,predicate,discrete,796,199.18,1,published_after_gate_recheck,18.234773073345423,4.021901171654463,77.0
10,opa,discrete,797,199.33,1,opa_allowed_at_gate,13.047446962445974,3.9386660791933537,77.0
10,predicate,continuous,798,199.563,1,published_after_gate_recheck,17.112449277192354,4.535255022346973,77.0
10,global,discrete,799,199.835,0,context_version_changed_at_publish,18.870325293391943,6.594936829060316,77.0
10,truth,discrete,800,200.118,1,published_after_gate_recheck,21.684451960027218,5.19845774397254,77.0
10,opa,continuous,801,200.284,1,opa_allowed_at_gate,11.106177233159542,3.744741901755333,77.0
10,opa_readset,discrete,802,200.741,1,opa_allowed_at_gate,10.440988931804895,3.02397133782506,77.0
10,truth,discrete,803,200.802,1,published_after_gate_recheck,16.889560967683792,5.360581912100315,77.0
10,global,discrete,804,201.067,1,published_after_gate_recheck,15.752879437059164,4.712126217782497,77.0
10,opa_readset,discrete,805,201.369,1,opa_allowed_at_gate,12.358926236629486,3.7841959856450558,77.0
10,readset,discrete,806,201.721,1,published_after_gate_recheck,18.05061800405383,4.4190362095832825,77.0
10,readset,discrete,807,201.972,1,published_after_gate_recheck,17.00507802888751,4.83656907454133,77.0
10,opa_readset,continuous,808,202.244,1,opa_allowed_at_gate,12.2098159044981,3.6167819052934647,77.0
10,opa,continuous,809,202.468,1,opa_allowed_at_gate,15.928528737276793,3.7428480572998524,77.0
10,predicate,continuous,810,202.623,1,published_after_gate_recheck,18.437773920595646,5.304936785250902,77.0
10,readset,continuous,811,202.942,1,published_after_gate_recheck,20.797870121896267,4.533101338893175,77.0
10,predicate,discrete,812,203.134,1,published_after_gate_recheck,19.599943421781063,7.688828743994236,77.0
10,opa_readset,continuous,813,203.476,1,opa_allowed_at_gate,11.586496140807867,3.7363069131970406,77.0
10,truth,discrete,814,203.657,1,published_after_gate_recheck,15.851343981921673,4.663474857807159,77.0
10,predicate,discrete,815,203.772,1,published_after_gate_recheck,15.366265084594488,4.352831747382879,77.0
10,opa,discrete,816,204.17,1,opa_allowed_at_gate,17.618167214095592,3.993168007582426,77.0
10,opa_readset,continuous,817,204.483,1,opa_allowed_at_gate,15.501908957958221,4.620383959263563,77.0
10,opa_readset,continuous,818,204.671,1,opa_allowed_at_gate,12.338918168097734,3.9942297153174877,77.0
10,opa_readset,continuous,819,204.785,0,opa_readset_version_changed_at_gate,10.75307372957468,3.819483332335949,77.0
10,predicate,discrete,820,205.079,1,published_after_gate_recheck,20.25010297074914,4.517432302236557,77.0
10,truth,continuous,821,205.43,1,published_after_gate_recheck,21.853771060705185,6.801735144108534,77.0
10,opa,continuous,822,205.689,1,opa_allowed_at_gate,11.815727222710848,3.8450099527835846,77.0
10,opa_readset,discrete,823,205.989,1,opa_allowed_at_gate,10.934995021671057,3.695750143378973,77.0
10,global,discrete,824,206.019,1,published_after_gate_recheck,19.272841047495604,4.508984740823507,77.0
10,global,discrete,825,206.264,0,context_version_changed_at_publish,20.109979901462793,8.455716073513031,77.0
10,opa,discrete,826,206.584,1,opa_allowed_at_gate,12.436560820788145,4.656151402741671,77.0
10,opa_readset,discrete,827,206.986,1,opa_allowed_at_gate,11.752056889235973,3.392681945115328,77.0
10,opa,continuous,828,207.066,1,opa_allowed_at_gate,12.026132084429264,4.092643968760967,77.0
10,truth,continuous,829,207.378,1,published_after_gate_recheck,16.818348318338394,4.582724068313837,77.0
10,opa_readset,discrete,830,207.707,1,opa_allowed_at_gate,11.168212164193392,3.201983869075775,77.0
10,global,continuous,831,207.958,1,published_after_gate_recheck,20.83311602473259,4.790243227034807,77.0
10,opa_readset,discrete,832,208.012,1,opa_allowed_at_gate,10.891793761402369,3.5571311600506306,77.0
10,predicate,continuous,833,208.273,1,published_after_gate_recheck,17.490688245743513,5.029531661421061,77.0
10,global,discrete,834,208.747,0,context_version_changed_at_publish,17.951773013919592,7.10475305095315,77.0
10,global,discrete,835,208.967,0,context_version_changed_at_publish,18.820251803845167,7.1144611574709415,77.0
10,opa,discrete,836,209.182,1,opa_allowed_at_gate,11.053336784243584,3.387702628970146,77.0
10,truth,continuous,837,209.356,1,published_after_gate_recheck,19.774250220507383,6.4582801423966885,77.0
10,readset,continuous,838,209.661,0,read_set_version_changed_at_gate,28.200101107358932,10.114827193319798,77.0
10,truth,continuous,839,209.922,1,published_after_gate_recheck,18.81863921880722,5.588138941675425,77.0
10,opa_readset,discrete,840,210.118,1,opa_allowed_at_gate,12.200138065963984,3.9311423897743225,77.0
10,opa_readset,continuous,841,210.487,0,opa_readset_version_changed_at_gate,20.583658013492823,4.130105022341013,77.0
10,predicate,continuous,842,210.557,1,published_after_gate_recheck,22.144766058772802,8.321914821863174,77.0
10,readset,continuous,843,210.932,0,read_set_version_changed_at_gate,22.857062052935362,10.623762384057045,77.0
10,global,continuous,844,211.097,1,published_after_gate_recheck,16.140535939484835,4.354706034064293,77.0
10,truth,continuous,845,211.436,1,published_after_gate_recheck,20.797939971089363,8.649779949337244,77.0
10,readset,discrete,846,211.714,1,published_after_gate_recheck,16.407496761530638,4.68100793659687,77.0
10,predicate,continuous,847,211.865,1,published_after_gate_recheck,22.707210388034582,7.496458012610674,77.0
10,predicate,discrete,848,212.247,1,published_after_gate_recheck,19.887121859937906,7.681593764573336,77.0
10,opa,continuous,849,212.349,1,opa_allowed_at_gate,13.862594962120056,3.986604977399111,77.0
10,opa,discrete,850,212.54,1,opa_allowed_at_gate,10.9068532474339,3.8483459502458572,77.0
10,global,discrete,851,212.792,1,published_after_gate_recheck,17.29461131617427,5.203006789088249,77.0
10,opa_readset,discrete,852,213.225,1,opa_allowed_at_gate,12.565582990646362,3.4255939535796642,77.0
10,predicate,discrete,853,213.281,1,published_after_gate_recheck,17.565608955919743,4.6138218604028225,77.0
10,opa_readset,discrete,854,213.592,1,opa_allowed_at_gate,11.80896395817399,3.2435618340969086,77.0
10,readset,discrete,855,213.754,1,published_after_gate_recheck,17.050242982804775,4.6347808092832565,77.0
10,opa_readset,continuous,856,214.014,1,opa_allowed_at_gate,15.033870935440063,3.9730696007609367,77.0
10,predicate,continuous,857,214.418,1,published_after_gate_recheck,20.545336417853832,4.650259856134653,77.0
10,truth,discrete,858,214.51,1,published_after_gate_recheck,15.86677273735404,4.758082330226898,77.0
10,opa,discrete,859,214.868,1,opa_allowed_at_gate,11.15714106708765,3.4529860131442547,77.0
10,global,continuous,860,215.031,1,published_after_gate_recheck,17.74482522159815,4.767681006342173,77.0
10,truth,continuous,861,215.304,1,published_after_gate_recheck,19.815638195723295,7.459327112883329,77.0
10,opa,continuous,862,215.679,1,opa_allowed_at_gate,12.814879883080721,4.113213159143925,77.0
10,truth,continuous,863,215.753,1,published_after_gate_recheck,15.453709289431572,4.343935754150152,77.0
10,truth,discrete,864,216.074,1,published_after_gate_recheck,22.13444607332349,6.990659050643444,77.0
10,readset,continuous,865,216.429,1,published_after_gate_recheck,20.48854110762477,5.399755202233791,77.0
10,readset,discrete,866,216.732,1,published_after_gate_recheck,16.83469768613577,5.24249067530036,77.0
10,opa_readset,discrete,867,216.987,1,opa_allowed_at_gate,15.178362373262644,4.2120181024074554,77.0
10,truth,continuous,868,217.157,1,published_after_gate_recheck,16.30192995071411,4.537999164313078,77.0
10,opa_readset,continuous,869,217.31,1,opa_allowed_at_gate,14.36063926666975,6.04413403198123,77.0
10,predicate,continuous,870,217.522,1,published_after_gate_recheck,17.177431378513575,4.7369529493153095,77.0
10,readset,discrete,871,217.946,1,published_after_gate_recheck,19.85196629539132,4.787377081811428,77.0
10,truth,discrete,872,218.152,1,published_after_gate_recheck,16.98910817503929,4.4546229764819145,77.0
10,global,discrete,873,218.355,0,context_version_changed_at_publish,19.51966295018792,8.16360767930746,77.0
10,global,continuous,874,218.598,1,published_after_gate_recheck,15.31925704330206,4.249968566000462,77.0
10,readset,discrete,875,218.924,1,published_after_gate_recheck,19.97966505587101,7.618035655468702,77.0
10,readset,discrete,876,219.193,1,published_after_gate_recheck,18.146518152207136,4.3874867260456085,77.0
10,readset,continuous,877,219.262,1,published_after_gate_recheck,15.775621868669987,4.505789373070002,77.0
10,opa,discrete,878,219.538,1,opa_allowed_at_gate,14.99140216037631,5.803301930427551,77.0
10,opa_readset,discrete,879,219.794,1,opa_allowed_at_gate,11.35218795388937,3.531903028488159,77.0
10,truth,continuous,880,220.23,1,published_after_gate_recheck,24.37431737780571,7.7125318348407745,77.0
10,truth,discrete,881,220.271,1,published_after_gate_recheck,19.538809079676867,4.617589060217142,77.0
10,opa_readset,continuous,882,220.735,1,opa_allowed_at_gate,13.586306944489479,5.18332002684474,77.0
10,opa_readset,continuous,883,220.798,1,opa_allowed_at_gate,11.714928317815065,3.47415404394269,77.0
10,readset,continuous,884,221.012,0,read_set_version_changed_at_gate,22.286792285740376,9.712533093988895,77.0
10,truth,discrete,885,221.401,1,published_after_gate_recheck,18.118695821613073,5.218315869569778,77.0
10,truth,discrete,886,221.672,1,published_after_gate_recheck,16.429267823696136,4.918362945318222,77.0
10,opa,continuous,887,221.806,1,opa_allowed_at_gate,10.769825894385576,3.6409683525562286,77.0
10,truth,discrete,888,222.211,1,published_after_gate_recheck,17.3861519433558,4.57765394821763,77.0
10,global,continuous,889,222.376,1,published_after_gate_recheck,15.72669018059969,3.914580214768648,77.0
10,predicate,discrete,890,222.611,1,published_after_gate_recheck,17.014235258102417,4.31438023224473,77.0
10,predicate,discrete,891,222.806,1,published_after_gate_recheck,17.857917118817568,5.453706253319979,77.0
10,predicate,discrete,892,223.149,1,published_after_gate_recheck,20.7381178624928,4.737372975796461,77.0
10,readset,continuous,893,223.371,1,published_after_gate_recheck,17.65524735674262,4.320160951465368,77.0
10,readset,discrete,894,223.542,1,published_after_gate_recheck,16.361680813133717,4.875863902270794,77.0
10,opa_readset,continuous,895,223.934,1,opa_allowed_at_gate,11.705500073730946,3.454107791185379,77.0
10,opa,discrete,896,224.002,1,opa_allowed_at_gate,10.081544984132051,2.947086002677679,77.0
10,predicate,continuous,897,224.463,1,published_after_gate_recheck,17.814505845308304,5.4005468264222145,77.0
10,truth,continuous,898,224.639,1,published_after_gate_recheck,17.253202851861715,4.8219021409749985,77.0
10,predicate,discrete,899,224.945,1,published_after_gate_recheck,16.055245883762836,4.756819922477007,77.0
10,predicate,continuous,900,225.032,1,published_after_gate_recheck,18.558421172201633,4.8941378481686115,77.0
10,truth,discrete,901,225.314,1,published_after_gate_recheck,17.763870302587748,4.8651727847754955,77.0
10,predicate,continuous,902,225.52,1,published_after_gate_recheck,17.955070361495018,4.558278247714043,77.0
10,global,continuous,903,225.985,0,context_version_changed_at_publish,19.626844208687544,6.9765630178153515,77.0
10,opa,continuous,904,226.238,1,opa_allowed_at_gate,10.874652303755283,3.502076957374811,77.0
10,truth,continuous,905,226.313,1,published_after_gate_recheck,16.345981042832136,4.988323897123337,77.0
10,opa,discrete,906,226.629,1,opa_allowed_at_gate,12.27842504158616,3.6118230782449245,77.0
10,predicate,continuous,907,226.877,1,published_after_gate_recheck,18.414319958537817,6.6419849172234535,77.0
10,truth,continuous,908,227.245,1,published_after_gate_recheck,17.039472237229347,4.999334923923016,77.0
10,global,continuous,909,227.462,1,published_after_gate_recheck,15.927757136523724,4.068469163030386,77.0
10,global,discrete,910,227.517,0,context_version_changed_at_publish,17.654275987297297,6.7536840215325356,77.0
10,readset,continuous,911,227.821,1,published_after_gate_recheck,15.784329269081354,4.045125097036362,77.0
10,opa_readset,continuous,912,228.003,0,opa_readset_version_changed_at_gate,12.929875869303942,4.49683191254735,77.0
10,opa_readset,discrete,913,228.491,1,opa_allowed_at_gate,11.338061187416315,3.4065870568156242,77.0
10,readset,discrete,914,228.649,1,published_after_gate_recheck,20.845509134232998,4.939662292599678,77.0
10,opa_readset,discrete,915,228.857,1,opa_allowed_at_gate,11.21177477762103,2.9579163528978825,77.0
10,opa_readset,continuous,916,229.124,0,opa_readset_version_changed_at_gate,12.62374222278595,4.125676117837429,77.0
10,predicate,discrete,917,229.362,1,published_after_gate_recheck,17.521276138722897,5.143855232745409,77.0
10,predicate,discrete,918,229.669,1,published_after_gate_recheck,16.666783951222897,4.734307993203402,77.0
10,truth,continuous,919,229.766,1,published_after_gate_recheck,17.945130821317434,7.090575993061066,77.0
10,opa,discrete,920,230.127,1,opa_allowed_at_gate,11.66067598387599,3.713443875312805,77.0
10,opa_readset,continuous,921,230.263,1,opa_allowed_at_gate,11.265303939580917,3.6041680723428726,77.0
10,opa,continuous,922,230.55,1,opa_allowed_at_gate,12.616919353604317,5.323272198438644,77.0
10,global,discrete,923,230.807,0,context_version_changed_at_publish,18.073382321745157,6.733846850693226,77.0
10,global,continuous,924,231.055,0,context_version_changed_at_publish,24.33894108980894,10.566393844783306,77.0
10,opa,discrete,925,231.285,1,opa_allowed_at_gate,12.317747808992863,4.165801219642162,77.0
10,truth,discrete,926,231.615,1,published_after_gate_recheck,20.55171923711896,4.961414262652397,77.0
10,truth,continuous,927,231.98,1,published_after_gate_recheck,15.028261113911867,4.320681560784578,77.0
10,opa,discrete,928,232.08,1,opa_allowed_at_gate,9.532705880701542,3.227883018553257,77.0
10,opa_readset,discrete,929,232.297,1,opa_allowed_at_gate,10.193975176662207,3.0705882236361504,77.0
10,global,discrete,930,232.542,1,published_after_gate_recheck,16.453342977911234,5.661105737090111,77.0
10,opa,discrete,931,232.815,1,opa_allowed_at_gate,10.535224806517363,3.389156423509121,77.0
10,readset,discrete,932,233.081,1,published_after_gate_recheck,17.74875307455659,4.6135117299854755,77.0
10,opa_readset,discrete,933,233.288,1,opa_allowed_at_gate,12.912413105368614,5.732459016144276,77.0
10,opa_readset,continuous,934,233.632,0,opa_readset_version_changed_at_gate,11.476730927824974,4.0472690016031265,77.0
10,opa_readset,continuous,935,233.776,1,opa_allowed_at_gate,11.551511008292437,3.9199814200401306,77.0
10,truth,continuous,936,234.046,1,published_after_gate_recheck,18.720053136348724,6.9627463817596436,77.0
10,opa_readset,continuous,937,234.338,1,opa_allowed_at_gate,13.964807149022818,4.531757906079292,77.0
10,opa,continuous,938,234.64,1,opa_allowed_at_gate,10.43601892888546,3.4905457869172096,77.0
10,global,continuous,939,234.834,1,published_after_gate_recheck,16.632309183478355,4.472206346690655,77.0
10,predicate,continuous,940,235.117,1,published_after_gate_recheck,19.92768794298172,7.9350401647388935,77.0
10,readset,discrete,941,235.373,1,published_after_gate_recheck,17.021960113197565,4.964829888194799,77.0
10,global,discrete,942,235.637,1,published_after_gate_recheck,15.748071018606424,4.44894190877676,77.0
10,readset,continuous,943,235.909,1,published_after_gate_recheck,18.909187987446785,4.786746110767126,77.0
10,global,continuous,944,236.031,1,published_after_gate_recheck,17.950139939785004,4.025738686323166,77.0
10,opa,continuous,945,236.289,1,opa_allowed_at_gate,11.744954157620668,4.002605099231005,77.0
10,truth,continuous,946,236.651,1,published_after_gate_recheck,16.346232034265995,4.157786723226309,77.0
10,opa,discrete,947,236.767,1,opa_allowed_at_gate,11.457765940576792,3.7306458689272404,77.0
10,predicate,continuous,948,237.214,1,published_after_gate_recheck,22.523987106978893,10.381166823208332,77.0
10,readset,continuous,949,237.324,0,read_set_version_changed_at_gate,19.732221961021423,8.735159877687693,77.0
10,global,continuous,950,237.538,1,published_after_gate_recheck,16.694405116140842,4.785081837326288,77.0
10,opa,continuous,951,237.981,1,opa_allowed_at_gate,11.96383498609066,3.7764618173241615,77.0
10,opa_readset,discrete,952,238.14,1,opa_allowed_at_gate,10.558148380368948,3.450289834290743,77.0
10,global,continuous,953,238.256,1,published_after_gate_recheck,16.92996732890606,4.633077885955572,77.0
10,predicate,discrete,954,238.627,1,published_after_gate_recheck,20.520759746432304,8.399681188166142,77.0
10,opa_readset,discrete,955,238.758,1,opa_allowed_at_gate,10.456348303705454,3.6613051779568195,77.0
10,global,discrete,956,239.005,1,published_after_gate_recheck,17.46897818520665,5.012900102883577,77.0
10,opa_readset,discrete,957,239.336,1,opa_allowed_at_gate,11.29877706989646,3.1245388090610504,77.0
10,readset,continuous,958,239.509,1,published_after_gate_recheck,18.90443917363882,5.377072840929031,77.0
10,opa_readset,continuous,959,239.811,0,opa_readset_version_changed_at_gate,15.169505029916763,3.525339998304844,77.0
10,readset,continuous,960,240.108,1,published_after_gate_recheck,20.09577304124832,4.385192878544331,77.0
10,readset,discrete,961,240.411,1,published_after_gate_recheck,16.51440793648362,4.950853995978832,77.0
10,truth,continuous,962,240.562,1,published_after_gate_recheck,17.90306204929948,5.157702136784792,77.0
10,predicate,discrete,963,240.761,1,published_after_gate_recheck,15.81847295165062,4.5676748268306255,77.0
10,predicate,continuous,964,241.211,1,published_after_gate_recheck,18.243399914354086,5.2273329347372055,77.0
10,opa,continuous,965,241.364,1,opa_allowed_at_gate,11.744603980332613,3.848746884614229,77.0
10,truth,discrete,966,241.593,1,published_after_gate_recheck,17.885900102555752,5.21128298714757,77.0
10,truth,continuous,967,241.987,1,published_after_gate_recheck,19.331208895891905,6.492384243756533,77.0
10,predicate,continuous,968,242.092,1,published_after_gate_recheck,17.51907216385007,4.219311755150557,77.0
10,global,discrete,969,242.488,0,context_version_changed_at_publish,18.22527591139078,6.105959881097078,77.0
10,global,continuous,970,242.677,0,context_version_changed_at_publish,18.111422192305326,6.95837801322341,77.0
10,predicate,discrete,971,242.978,1,published_after_gate_recheck,20.327507983893156,4.606087226420641,77.0
10,truth,discrete,972,243.102,1,published_after_gate_recheck,16.60519791767001,4.696526564657688,77.0
10,predicate,continuous,973,243.478,1,published_after_gate_recheck,20.1954604126513,5.090536084026098,77.0
10,readset,continuous,974,243.742,1,published_after_gate_recheck,21.46391896530986,5.579823162406683,77.0
10,truth,continuous,975,243.997,1,published_after_gate_recheck,17.299318686127663,5.670573096722364,77.0
10,truth,discrete,976,244.108,1,published_after_gate_recheck,20.130577962845564,4.509376361966133,77.0
10,predicate,discrete,977,244.28,1,published_after_gate_recheck,18.11993820592761,4.223861265927553,77.0
10,global,continuous,978,244.613,1,published_after_gate_recheck,16.2752503529191,4.983555059880018,77.0
10,global,continuous,979,244.841,1,published_after_gate_recheck,17.40876492112875,4.6783629804849625,77.0
10,predicate,continuous,980,245.076,1,published_after_gate_recheck,20.27058182284236,7.84411933273077,77.0
10,global,discrete,981,245.431,1,published_after_gate_recheck,18.428757786750793,4.908434115350246,77.0
10,truth,continuous,982,245.629,1,published_after_gate_recheck,15.989192761480808,4.41634189337492,77.0
10,predicate,discrete,983,245.762,1,published_after_gate_recheck,16.782801132649183,4.944921936839819,77.0
10,predicate,discrete,984,246.185,1,published_after_gate_recheck,16.303302254527807,4.467688035219908,77.0
10,truth,continuous,985,246.319,1,published_after_gate_recheck,16.354817897081375,4.471986088901758,77.0
10,predicate,continuous,986,246.562,1,published_after_gate_recheck,16.85904385522008,4.630603827536106,77.0
10,global,discrete,987,246.912,1,published_after_gate_recheck,15.653233043849468,4.205184988677502,77.0
10,predicate,continuous,988,247.118,1,published_after_gate_recheck,20.23458294570446,5.041963886469603,77.0
10,opa,continuous,989,247.306,1,opa_allowed_at_gate,12.384312693029642,4.297038074582815,77.0
10,opa_readset,discrete,990,247.747,1,opa_allowed_at_gate,12.185750994831324,3.7617338821291924,77.0
10,truth,continuous,991,247.899,1,published_after_gate_recheck,18.7628036364913,6.607050076127052,77.0
10,truth,discrete,992,248.202,1,published_after_gate_recheck,17.775182146579027,4.9832952208817005,77.0
10,global,discrete,993,248.346,1,published_after_gate_recheck,17.768580000847578,4.923262167721987,77.0
10,opa,continuous,994,248.675,1,opa_allowed_at_gate,11.554667260497808,3.570043947547674,77.0
10,truth,discrete,995,248.909,1,published_after_gate_recheck,16.35658135637641,4.5216986909508705,77.0
10,opa_readset,continuous,996,249.036,0,opa_readset_version_changed_at_gate,13.501728884875774,4.847018979489803,77.0
10,predicate,discrete,997,249.478,1,published_after_gate_recheck,20.669138990342617,4.366146866232157,77.0
10,readset,continuous,998,249.567,1,published_after_gate_recheck,16.169139649719,5.083172116428614,77.0
10,opa_readset,discrete,999,249.793,1,opa_allowed_at_gate,11.103981640189886,3.5877679474651814,77.0
10,readset,continuous,1000,250.024,0,read_set_version_changed_at_gate,23.715781047940254,8.483588229864836,77.0
10,opa_readset,discrete,1001,250.34,1,opa_allowed_at_gate,10.090521071106195,3.184251021593809,77.0
10,truth,continuous,1002,250.662,1,published_after_gate_recheck,16.42818609252572,4.8017241060733795,77.0
10,opa_readset,discrete,1003,250.913,1,opa_allowed_at_gate,10.821632109582424,3.612313885241747,77.0
10,predicate,continuous,1004,251.112,1,published_after_gate_recheck,17.602848820388317,5.3457943722605705,77.0
10,opa_readset,continuous,1005,251.399,1,opa_allowed_at_gate,10.72749588638544,3.5567795857787132,77.0
10,truth,continuous,1006,251.643,1,published_after_gate_recheck,20.149433985352516,7.439250126481056,77.0
10,global,continuous,1007,251.943,0,context_version_changed_at_publish,21.110165864229202,8.773331996053457,77.0
10,readset,continuous,1008,252.057,0,read_set_version_changed_at_gate,19.586108159273863,7.575725670903921,77.0
10,readset,discrete,1009,252.499,1,published_after_gate_recheck,20.031332969665527,4.343925043940544,77.0
10,opa,continuous,1010,252.607,1,opa_allowed_at_gate,11.212686076760292,3.467522095888853,77.0
10,predicate,continuous,1011,252.821,1,published_after_gate_recheck,16.40109485015273,4.547478165477514,77.0
10,predicate,discrete,1012,253.155,1,published_after_gate_recheck,15.754862688481808,4.580459091812372,77.0
10,truth,discrete,1013,253.418,1,published_after_gate_recheck,20.75012121349573,4.964930005371571,77.0
10,truth,continuous,1014,253.676,1,published_after_gate_recheck,18.90362799167633,6.849593948572874,77.0
10,predicate,continuous,1015,253.953,1,published_after_gate_recheck,16.458953730762005,4.966764245182276,77.0
10,opa_readset,continuous,1016,254.167,1,opa_allowed_at_gate,12.609114404767752,4.147537052631378,77.0
10,opa_readset,continuous,1017,254.453,0,opa_readset_version_changed_at_gate,11.214981321245432,3.7273396737873554,77.0
10,predicate,continuous,1018,254.706,1,published_after_gate_recheck,18.70272122323513,7.092779967933893,77.0
10,opa,continuous,1019,254.834,1,opa_allowed_at_gate,12.59810384362936,4.059222061187029,77.0
10,truth,continuous,1020,255.192,1,published_after_gate_recheck,16.862870659679174,5.111105274409056,77.0
10,truth,continuous,1021,255.276,1,published_after_gate_recheck,18.492947798222303,6.908334791660309,77.0
10,opa_readset,continuous,1022,255.504,0,opa_readset_version_changed_at_gate,11.825215071439743,4.048170987516642,77.0
10,readset,discrete,1023,255.788,1,published_after_gate_recheck,16.214365139603615,4.669777117669582,77.0
10,global,discrete,1024,256.237,0,context_version_changed_at_publish,19.841155968606472,7.43337906897068,77.0
10,truth,continuous,1025,256.305,1,published_after_gate_recheck,20.01878898590803,8.32424033433199,77.0
10,truth,continuous,1026,256.512,1,published_after_gate_recheck,21.87902806326747,9.947973769158125,77.0
10,predicate,discrete,1027,256.866,1,published_after_gate_recheck,18.674729391932487,7.391700986772776,77.0
10,opa_readset,discrete,1028,257.127,1,opa_allowed_at_gate,10.808308143168688,3.5748640075325966,77.0
10,truth,continuous,1029,257.416,1,published_after_gate_recheck,19.453819375485182,6.438384298235178,77.0
10,opa_readset,continuous,1030,257.628,1,opa_allowed_at_gate,11.703045573085546,3.750812727957964,77.0
10,predicate,discrete,1031,257.813,1,published_after_gate_recheck,16.432905104011297,4.723347257822752,77.0
10,opa,continuous,1032,258.016,1,opa_allowed_at_gate,10.633880738168955,3.6092079244554043,77.0
10,truth,continuous,1033,258.303,1,published_after_gate_recheck,18.816434778273106,6.5797981806099415,77.0
10,global,discrete,1034,258.605,1,published_after_gate_recheck,16.501995269209146,4.656392149627209,77.0
10,opa,continuous,1035,258.973,1,opa_allowed_at_gate,11.94091234356165,4.134063143283129,77.0
10,opa,continuous,1036,259.099,1,opa_allowed_at_gate,12.167986948043108,4.013886675238609,77.0
10,opa_readset,continuous,1037,259.335,1,opa_allowed_at_gate,12.655381113290787,4.038974177092314,77.0
10,opa,discrete,1038,259.609,1,opa_allowed_at_gate,12.493036221712828,4.329148679971695,77.0
10,opa_readset,continuous,1039,259.96,1,opa_allowed_at_gate,10.797879192978144,3.534879069775343,77.0
10,global,discrete,1040,260.178,1,published_after_gate_recheck,20.535998977720737,5.003623198717833,77.0
10,readset,continuous,1041,260.334,1,published_after_gate_recheck,22.239974234253168,10.464413091540337,77.0
10,readset,continuous,1042,260.642,1,published_after_gate_recheck,17.11054565384984,4.649509210139513,77.0
10,opa,discrete,1043,260.931,1,opa_allowed_at_gate,13.047285843640566,4.002945963293314,77.0
10,global,discrete,1044,261.041,1,published_after_gate_recheck,19.00000823661685,4.8966119065880775,77.0
10,truth,continuous,1045,261.353,1,published_after_gate_recheck,17.382726073265076,5.021956749260426,77.0
10,opa,discrete,1046,261.732,1,opa_allowed_at_gate,12.229913845658302,4.128641914576292,77.0
10,opa,discrete,1047,261.909,1,opa_allowed_at_gate,11.16598816588521,3.3848569728434086,77.0
10,predicate,continuous,1048,262.042,1,published_after_gate_recheck,18.263277132064104,4.89681214094162,77.0
10,opa_readset,continuous,1049,262.258,1,opa_allowed_at_gate,11.417570989578962,3.70711088180542,77.0
10,predicate,discrete,1050,262.56,1,published_after_gate_recheck,19.193131010979414,4.281298723071814,77.0
10,truth,discrete,1051,262.841,1,published_after_gate_recheck,19.565108697861433,5.425233393907547,77.0
10,global,discrete,1052,263.015,0,context_version_changed_at_publish,19.035375211387873,7.83132528886199,77.0
10,predicate,discrete,1053,263.304,1,published_after_gate_recheck,16.08858909457922,4.903675988316536,77.0
10,readset,discrete,1054,263.514,1,published_after_gate_recheck,20.473001059144735,9.052385110408068,77.0
10,readset,discrete,1055,263.956,1,published_after_gate_recheck,17.87637174129486,6.356960162520409,77.0
10,opa_readset,discrete,1056,264.172,1,opa_allowed_at_gate,10.792308021336794,3.357535693794489,77.0
10,opa_readset,discrete,1057,264.419,1,opa_allowed_at_gate,11.247691232711077,3.8133813068270683,77.0
10,readset,continuous,1058,264.604,0,read_set_version_changed_at_gate,20.112033933401108,8.56021186336875,77.0
10,truth,continuous,1059,264.817,1,published_after_gate_recheck,15.409456100314856,4.311054013669491,77.0
10,predicate,continuous,1060,265.232,1,published_after_gate_recheck,19.52128577977419,5.330415908247232,77.0
10,opa,continuous,1061,265.261,1,opa_allowed_at_gate,10.074842255562544,3.575765062123537,77.0
10,predicate,continuous,1062,265.7,1,published_after_gate_recheck,16.376710031181574,4.444815218448639,77.0
10,readset,continuous,1063,265.97,1,published_after_gate_recheck,29.326103162020445,5.641608964651823,77.0
10,predicate,continuous,1064,266.033,1,published_after_gate_recheck,18.089099787175655,6.3666389323771,77.0
10,opa_readset,continuous,1065,266.331,1,opa_allowed_at_gate,11.004315689206123,3.459156956523657,77.0
10,opa_readset,continuous,1066,266.73,1,opa_allowed_at_gate,11.459148023277521,3.3124410547316074,77.0
10,opa,discrete,1067,266.791,1,opa_allowed_at_gate,11.165718082338572,4.1450927965343,77.0
10,opa_readset,continuous,1068,267.153,0,opa_readset_version_changed_at_gate,12.411694042384624,4.223640076816082,77.0
10,global,discrete,1069,267.271,0,context_version_changed_at_publish,22.21593912690878,9.726119227707386,77.0
10,predicate,continuous,1070,267.624,1,published_after_gate_recheck,16.08505193144083,4.459753166884184,77.0
10,global,discrete,1071,267.911,1,published_after_gate_recheck,18.36271397769451,4.8369006253778934,77.0
10,opa_readset,discrete,1072,268.226,1,opa_allowed_at_gate,10.706427041441202,3.2516070641577244,77.0
10,global,discrete,1073,268.263,1,published_after_gate_recheck,15.095115639269352,4.360266029834747,77.0
10,readset,discrete,1074,268.721,1,published_after_gate_recheck,20.437675062566996,4.794961307197809,77.0
10,opa_readset,discrete,1075,268.999,1,opa_allowed_at_gate,11.601996142417192,3.607093822211027,77.0
10,global,continuous,1076,269.217,0,context_version_changed_at_publish,17.11339084431529,6.272843107581139,77.0
10,opa_readset,continuous,1077,269.321,1,opa_allowed_at_gate,14.55260906368494,3.556879237294197,77.0
10,predicate,continuous,1078,269.658,1,published_after_gate_recheck,18.69127992540598,7.53638194873929,77.0
10,global,discrete,1079,269.914,0,context_version_changed_at_publish,20.618322771042585,8.844916243106127,77.0
10,readset,discrete,1080,270.171,1,published_after_gate_recheck,18.724231980741024,6.9304159842431545,77.0
10,readset,discrete,1081,270.447,1,published_after_gate_recheck,14.853894244879484,3.9641838520765305,77.0
10,predicate,continuous,1082,270.67,1,published_after_gate_recheck,19.72406730055809,4.379773046821356,77.0
10,opa_readset,discrete,1083,270.922,1,opa_allowed_at_gate,12.285137083381414,4.0386333130300045,77.0
10,readset,continuous,1084,271.209,1,published_after_gate_recheck,18.448173999786377,4.507612902671099,77.0
10,truth,continuous,1085,271.397,1,published_after_gate_recheck,19.384148996323347,6.840057205408812,77.0
10,readset,discrete,1086,271.522,1,published_after_gate_recheck,16.182014252990484,4.349546041339636,77.0
10,opa,continuous,1087,271.89,1,opa_allowed_at_gate,17.04872027039528,5.517967045307159,77.0
10,predicate,discrete,1088,272.241,1,published_after_gate_recheck,18.507123924791813,4.858470056205988,77.0
10,opa,discrete,1089,272.423,1,opa_allowed_at_gate,11.52305817231536,4.034205339848995,77.0
10,opa_readset,discrete,1090,272.711,1,opa_allowed_at_gate,11.612546164542437,3.6070342175662518,77.0
10,opa,continuous,1091,272.801,1,opa_allowed_at_gate,14.04304290190339,6.057809107005596,77.0
10,opa_readset,continuous,1092,273.056,1,opa_allowed_at_gate,12.24716566503048,3.677566070109606,77.0
10,opa,continuous,1093,273.353,1,opa_allowed_at_gate,11.288428213447332,3.9398083463311195,77.0
10,readset,continuous,1094,273.603,1,published_after_gate_recheck,21.6798041947186,6.245261058211327,77.0
10,readset,continuous,1095,273.833,1,published_after_gate_recheck,16.5587211959064,4.590247292071581,77.0
10,readset,continuous,1096,274.123,1,published_after_gate_recheck,17.029233276844025,4.314220976084471,77.0
10,readset,discrete,1097,274.444,1,published_after_gate_recheck,20.4303408972919,7.194511126726866,77.0
10,readset,continuous,1098,274.655,0,read_set_version_changed_at_gate,23.587982170283794,10.819377843290567,77.0
10,truth,discrete,1099,274.986,1,published_after_gate_recheck,19.225561060011387,6.166323088109493,77.0
10,global,continuous,1100,275.04,1,published_after_gate_recheck,19.523640628904104,5.140769295394421,77.0
10,global,continuous,1101,275.406,0,context_version_changed_at_publish,19.097220618277788,6.792486645281315,77.0
10,opa_readset,continuous,1102,275.512,1,opa_allowed_at_gate,11.223516892641783,3.9221751503646374,77.0
10,predicate,discrete,1103,275.862,1,published_after_gate_recheck,17.976169008761644,4.964509047567844,77.0
10,opa_readset,discrete,1104,276.175,1,opa_allowed_at_gate,10.510649997740984,3.5335859283804893,77.0
10,truth,discrete,1105,276.274,1,published_after_gate_recheck,16.349047888070345,4.7223251312971115,77.0
10,global,continuous,1106,276.645,0,context_version_changed_at_publish,18.44828436151147,7.323373109102249,77.0
10,global,discrete,1107,276.871,1,published_after_gate_recheck,19.61592398583889,4.99041797593236,77.0
10,predicate,continuous,1108,277.172,1,published_after_gate_recheck,18.784535117447376,4.997871816158295,77.0
10,predicate,discrete,1109,277.415,1,published_after_gate_recheck,17.77908904477954,4.9188327975571156,77.0
10,truth,continuous,1110,277.69,1,published_after_gate_recheck,21.238637156784534,4.528991878032684,77.0
10,truth,discrete,1111,277.99,1,published_after_gate_recheck,22.13994599878788,4.6680038794875145,77.0
10,global,discrete,1112,278.202,0,context_version_changed_at_publish,21.747220307588577,9.279310703277588,77.0
10,readset,discrete,1113,278.38,1,published_after_gate_recheck,16.419630032032728,4.843171685934067,77.0
10,opa,continuous,1114,278.589,1,opa_allowed_at_gate,11.786692310124636,3.7834239192306995,77.0
10,opa,continuous,1115,278.966,1,opa_allowed_at_gate,12.578397057950497,3.669851925224066,77.0
10,readset,continuous,1116,279.168,1,published_after_gate_recheck,22.400936111807823,4.4710650108754635,77.0
10,opa_readset,continuous,1117,279.397,1,opa_allowed_at_gate,11.25617790967226,3.6335932090878487,77.0
10,readset,discrete,1118,279.639,1,published_after_gate_recheck,19.718857016414404,4.136397037655115,77.0
10,global,continuous,1119,279.881,1,published_after_gate_recheck,15.24941623210907,4.155952949076891,77.0
10,opa,continuous,1120,280.132,1,opa_allowed_at_gate,11.968663893640041,3.6287549883127213,77.0
10,opa_readset,discrete,1121,280.497,1,opa_allowed_at_gate,11.259343009442091,3.443337045609951,77.0
10,opa,discrete,1122,280.543,1,opa_allowed_at_gate,11.202376801520586,3.903520293533802,77.0
10,predicate,continuous,1123,280.776,1,published_after_gate_recheck,17.549268435686827,5.9239789843559265,77.0
10,predicate,continuous,1124,281.188,1,published_after_gate_recheck,20.472108852118254,4.345938563346863,77.0
10,opa,continuous,1125,281.347,1,opa_allowed_at_gate,12.773552909493446,5.528327077627182,77.0
10,opa,continuous,1126,281.639,1,opa_allowed_at_gate,11.80742122232914,3.577277995646,77.0
10,predicate,discrete,1127,281.925,1,published_after_gate_recheck,19.43705789744854,7.690912112593651,77.0
10,truth,continuous,1128,282.11,1,published_after_gate_recheck,20.163060165941715,4.674606025218964,77.0
10,global,continuous,1129,282.307,1,published_after_gate_recheck,18.716496881097555,5.40859205648303,77.0
10,opa,continuous,1130,282.748,1,opa_allowed_at_gate,13.471512123942375,3.296812064945698,77.0
10,truth,discrete,1131,282.77,1,published_after_gate_recheck,18.94779084250331,4.691137000918388,77.0
10,truth,continuous,1132,283.158,1,published_after_gate_recheck,20.27295622974634,4.088857676833868,77.0
10,opa,discrete,1133,283.391,1,opa_allowed_at_gate,10.909467935562134,3.610521089285612,77.0
10,global,continuous,1134,283.673,1,published_after_gate_recheck,16.099730040878057,4.259427078068256,77.0
10,opa,continuous,1135,283.968,1,opa_allowed_at_gate,11.844350956380367,3.775550052523613,77.0
10,readset,discrete,1136,284.21,1,published_after_gate_recheck,18.91102222725749,4.987072199583054,77.0
10,truth,continuous,1137,284.279,1,published_after_gate_recheck,19.687437918037176,5.142072215676308,77.0
10,opa_readset,discrete,1138,284.63,1,opa_allowed_at_gate,11.096738278865814,3.660043701529503,77.0
10,truth,continuous,1139,284.991,1,published_after_gate_recheck,19.663852639496326,5.117577034980059,77.0
10,global,continuous,1140,285.196,1,published_after_gate_recheck,15.92976227402687,4.557947162538767,77.0
10,opa_readset,continuous,1141,285.277,1,opa_allowed_at_gate,10.33584214746952,3.501144703477621,77.0
10,readset,continuous,1142,285.645,1,published_after_gate_recheck,20.745743066072464,7.136561907827854,77.0
10,predicate,continuous,1143,285.86,1,published_after_gate_recheck,18.537661992013454,4.442490637302399,77.0
10,opa,discrete,1144,286.081,1,opa_allowed_at_gate,10.704662650823593,3.5593039356172085,77.0
10,readset,discrete,1145,286.45,1,published_after_gate_recheck,17.706142738461494,6.627748254686594,77.0
10,readset,discrete,1146,286.611,1,published_after_gate_recheck,18.274938687682152,4.6662199310958385,77.0
10,predicate,continuous,1147,286.957,1,published_after_gate_recheck,21.742500830441713,4.864592105150223,77.0
10,truth,discrete,1148,287.035,1,published_after_gate_recheck,19.71668191254139,8.509226609021425,77.0
10,opa,discrete,1149,287.352,1,opa_allowed_at_gate,10.79023303464055,3.319044131785631,77.0
10,truth,continuous,1150,287.662,1,published_after_gate_recheck,16.337675973773003,4.37959237024188,77.0
10,truth,discrete,1151,287.781,1,published_after_gate_recheck,16.452722251415253,3.7181521765887737,77.0
10,opa_readset,continuous,1152,288.042,1,opa_allowed_at_gate,11.714125983417034,3.4955348819494247,77.0
10,truth,discrete,1153,288.442,1,published_after_gate_recheck,18.800253979861736,4.650440998375416,77.0
10,truth,discrete,1154,288.582,1,published_after_gate_recheck,17.05274684354663,4.6585858799517155,77.0
10,opa_readset,continuous,1155,288.967,1,opa_allowed_at_gate,12.577184941619635,4.461617209017277,77.0
10,truth,continuous,1156,289.141,1,published_after_gate_recheck,16.34134305641055,4.79795690625906,77.0
10,opa_readset,continuous,1157,289.289,1,opa_allowed_at_gate,12.187173124402761,4.461626056581736,77.0
10,opa_readset,discrete,1158,289.636,1,opa_allowed_at_gate,12.2968889772892,3.836743999272585,77.0
10,opa,discrete,1159,289.848,1,opa_allowed_at_gate,11.017990298569202,3.636979963630438,77.0
10,opa_readset,discrete,1160,290.241,1,opa_allowed_at_gate,10.668195318430662,3.2746302895247936,77.0
10,opa,continuous,1161,290.333,1,opa_allowed_at_gate,10.89491043239832,3.7775039672851562,77.0
10,predicate,continuous,1162,290.566,1,published_after_gate_recheck,16.6995651088655,4.774041939526796,77.0
10,global,continuous,1163,290.767,0,context_version_changed_at_publish,17.854840960353613,6.606457754969597,77.0
10,predicate,continuous,1164,291.029,1,published_after_gate_recheck,20.314614288508892,4.86881984397769,77.0
10,opa_readset,discrete,1165,291.438,1,opa_allowed_at_gate,10.909487958997488,3.3652312122285366,77.0
10,opa,discrete,1166,291.54,1,opa_allowed_at_gate,10.997061617672443,3.4690750762820244,77.0
10,readset,continuous,1167,291.786,0,read_set_version_changed_at_gate,19.933038856834173,8.051177021116018,77.0
10,readset,discrete,1168,292.078,1,published_after_gate_recheck,20.047713071107864,4.599995911121368,77.0
10,opa_readset,discrete,1169,292.319,1,opa_allowed_at_gate,10.555454064160585,3.261375706642866,77.0
10,readset,discrete,1170,292.716,1,published_after_gate_recheck,18.598565831780434,7.485757116228342,77.0
10,predicate,continuous,1171,292.851,1,published_after_gate_recheck,24.735153187066317,4.776126239448786,77.0
10,truth,discrete,1172,293.202,1,published_after_gate_recheck,15.567612834274769,4.200667142868042,77.0
10,opa,discrete,1173,293.253,1,opa_allowed_at_gate,10.411813855171204,3.8097440265119076,77.0
10,truth,continuous,1174,293.587,1,published_after_gate_recheck,18.611470237374306,6.8016937002539635,77.0
10,predicate,discrete,1175,293.778,1,published_after_gate_recheck,18.172717187553644,6.607160437852144,77.0
10,opa,continuous,1176,294.087,1,opa_allowed_at_gate,15.499514993280172,3.5147909075021744,77.0
10,predicate,discrete,1177,294.363,1,published_after_gate_recheck,17.419875133782625,4.6050348319113255,77.0
10,predicate,discrete,1178,294.56,1,published_after_gate_recheck,19.48573999106884,4.64198412373662,77.0
10,truth,discrete,1179,294.839,1,published_after_gate_recheck,19.66845290735364,4.7285170294344425,77.0
10,global,discrete,1180,295.06,1,published_after_gate_recheck,19.6864758618176,3.9313319139182568,77.0
10,truth,discrete,1181,295.39,1,published_after_gate_recheck,16.147469636052847,4.522040020674467,77.0
10,predicate,discrete,1182,295.616,1,published_after_gate_recheck,16.650001984089613,5.335313733667135,77.0
10,opa_readset,continuous,1183,295.903,0,opa_readset_version_changed_at_gate,12.458953075110912,4.259487148374319,77.0
10,predicate,continuous,1184,296.023,1,published_after_gate_recheck,16.91225403919816,4.8337639309465885,77.0
10,opa,continuous,1185,296.398,1,opa_allowed_at_gate,15.04176715388894,7.773918099701405,77.0
10,opa,discrete,1186,296.601,1,opa_allowed_at_gate,11.038899887353182,3.4703765995800495,77.0
10,truth,discrete,1187,296.931,1,published_after_gate_recheck,18.42211512848735,4.721254110336304,77.0
10,truth,continuous,1188,297.06,1,published_after_gate_recheck,21.801091264933348,5.893861874938011,77.0
10,opa,continuous,1189,297.377,1,opa_allowed_at_gate,11.7898378521204,4.371476825326681,77.0
10,opa_readset,discrete,1190,297.64,1,opa_allowed_at_gate,10.952248238027096,3.318122122436762,77.0
10,global,discrete,1191,297.753,1,published_after_gate_recheck,15.901759266853333,4.39464021474123,77.0
10,readset,continuous,1192,298.094,0,read_set_version_changed_at_gate,21.11184922978282,9.672266896814108,77.0
10,predicate,discrete,1193,298.357,1,published_after_gate_recheck,19.007834140211344,7.616342045366764,77.0
10,opa,discrete,1194,298.587,1,opa_allowed_at_gate,11.36057311668992,3.617573995143175,77.0
10,opa,discrete,1195,298.874,1,opa_allowed_at_gate,12.436871882528067,4.4564357958734035,77.0
10,readset,discrete,1196,299.061,1,published_after_gate_recheck,18.31968268379569,4.944301210343838,77.0
10,readset,discrete,1197,299.264,1,published_after_gate_recheck,24.481466971337795,12.382911052554846,77.0
10,opa_readset,continuous,1198,299.644,1,opa_allowed_at_gate,13.414995279163122,3.917696885764599,77.0
10,readset,continuous,1199,299.772,1,published_after_gate_recheck,17.5227178260684,4.787406884133816,77.0
