mode,actuator,inject,event,aba_gap_ms,mirrored,start_version,witness_version,version_at_effect,history_violation,inject_offset_ms,run,gateway_released,reason,cell_result,executed,state_at_effect,stale_effect,refused_by_controller,e2e_latency_ms,pause_after_submit_ms
xair,plc_conditional,0,,,1,2640,2640,2640,0,,0,1,published_after_gate_recheck,executed:RUN:2640,1,RUN,0,0,30.2908718585968,
xair,plc_plain,1,aba,3.0,1,2640,2640,2641,0,8.0,1,1,published_after_gate_recheck,executed:PAUSED:2641,1,PAUSED,1,0,20.062450785189867,8.332876022905111
xair,plc_plain,1,aba,3.0,1,2642,2642,2644,1,12.0,2,1,published_after_gate_recheck,executed:RUN:2644,1,RUN,0,0,26.847053784877062,12.180641293525696
xair,plc_predicate,1,aba,3.0,1,2644,2644,2644,0,14.0,3,1,published_after_gate_recheck,executed:RUN:2644,1,RUN,0,0,18.725222907960415,14.13236977532506
xair,plc_conditional,1,aba,3.0,1,2646,2646,2646,0,14.0,4,1,published_after_gate_recheck,executed:RUN:2646,1,RUN,0,0,20.11218387633562,14.271812047809362
xair_atomic,plc_predicate,1,aba,3.0,1,2648,,,0,4.0,5,0,read_set_version_changed_at_commit,,0,,0,0,15.808282885700464,4.194955807179213
xair,plc_conditional,1,aba,3.0,1,2650,,,0,2.0,6,0,read_set_version_changed_at_gate,,0,,0,0,18.697781953960657,2.1623042412102222
xair_atomic,plc_plain,1,aba,3.0,1,2652,2652,2652,0,20.0,7,1,authorization_committed,executed:RUN:2652,1,RUN,0,0,21.184485405683517,20.19482897594571
xair,plc_predicate,1,aba,3.0,1,2654,,,0,2.0,8,0,read_set_version_changed_at_gate,,0,,0,0,17.544949892908335,2.1775630302727222
xair,plc_conditional,1,aba,3.0,1,2656,2656,2657,0,12.0,9,1,published_after_gate_recheck,refused:version_changed:2657,0,,0,1,21.621575113385916,12.237618211656809
xair,plc_predicate,1,aba,3.0,1,2658,,,0,0.0,10,0,read_set_version_changed_at_gate,,0,,0,0,17.2233572229743,0.29714684933423996
xair,plc_conditional,1,aba,3.0,1,2660,2660,2662,0,4.0,11,1,published_after_gate_recheck,refused:version_changed:2662,0,,0,1,21.51677804067731,4.232055973261595
xair_atomic,plc_predicate,1,aba,3.0,1,2662,2662,2664,1,8.0,12,1,authorization_committed,executed:RUN:2664,1,RUN,0,0,19.369180779904127,8.194637019187212
xair_atomic,plc_predicate,1,aba,3.0,1,2664,2664,2665,0,16.0,13,1,authorization_committed,refused:predicate_false:2665,0,,0,1,23.619720712304115,16.182756051421165
xair,plc_conditional,1,aba,3.0,1,2666,2666,2667,0,10.0,14,1,published_after_gate_recheck,refused:version_changed:2667,0,,0,1,22.660282906144857,10.20765071734786
xair_atomic,plc_conditional,0,,,1,2668,2668,2668,0,,15,1,authorization_committed,executed:RUN:2668,1,RUN,0,0,18.271151930093765,
xair,plc_conditional,1,aba,3.0,1,2668,2668,2669,0,16.0,16,1,published_after_gate_recheck,refused:version_changed:2669,0,,0,1,25.48072161152959,16.206881031394005
xair,plc_predicate,1,aba,3.0,1,2670,2670,2671,0,14.0,17,1,published_after_gate_recheck,refused:predicate_false:2671,0,,0,1,22.307971958070993,14.20268276706338
xair_atomic,plc_conditional,1,aba,3.0,1,2672,2672,2674,0,6.0,18,1,authorization_committed,refused:version_changed:2674,0,,0,1,18.36186181753874,6.177013274282217
xair_atomic,plc_conditional,1,aba,3.0,1,2674,2674,2674,0,20.0,19,1,authorization_committed,executed:RUN:2674,1,RUN,0,0,18.142881337553263,20.20072005689144
xair_atomic,plc_conditional,1,aba,3.0,1,2676,,,0,2.0,20,0,read_set_version_changed_at_commit,,0,,0,0,15.72809275239706,2.146555110812187
xair_atomic,plc_plain,1,aba,3.0,1,2678,2678,2680,1,8.0,21,1,authorization_committed,executed:RUN:2680,1,RUN,0,0,26.433288119733334,8.30104574561119
xair,plc_predicate,1,aba,3.0,1,2680,2680,2682,1,10.0,22,1,published_after_gate_recheck,executed:RUN:2682,1,RUN,0,0,25.24190302938223,10.210797190666199
xair,plc_plain,1,aba,3.0,1,2682,2682,2684,1,6.0,23,1,published_after_gate_recheck,executed:RUN:2684,1,RUN,0,0,21.639076992869377,6.176191847771406
xair,plc_predicate,1,aba,3.0,1,2684,2684,2684,0,16.0,24,1,published_after_gate_recheck,executed:RUN:2684,1,RUN,0,0,22.32552506029606,16.248369123786688
xair_atomic,plc_plain,0,,,1,2686,2686,2686,0,,25,1,authorization_committed,executed:RUN:2686,1,RUN,0,0,19.536004401743412,
xair,plc_predicate,1,aba,3.0,1,2686,2686,2687,0,16.0,26,1,published_after_gate_recheck,refused:predicate_false:2687,0,,0,1,25.661691091954708,16.231436748057604
xair_atomic,plc_plain,1,aba,3.0,1,2688,2688,2689,0,12.0,27,1,authorization_committed,executed:PAUSED:2689,1,PAUSED,1,0,20.238971803337336,12.183506973087788
xair,plc_conditional,1,aba,3.0,1,2690,,,0,0.0,28,0,read_set_version_changed_at_gate,,0,,0,0,17.20722671598196,0.6942623294889927
xair,plc_conditional,0,,,1,2692,2692,2692,0,,29,1,published_after_gate_recheck,executed:RUN:2692,1,RUN,0,0,18.680429086089134,
xair,plc_predicate,1,aba,3.0,1,2692,,,0,0.0,30,0,read_set_version_changed_at_gate,,0,,0,0,18.002336844801903,0.33131102100014687
xair_atomic,plc_predicate,1,aba,3.0,1,2694,2694,2696,1,10.0,31,1,authorization_committed,executed:RUN:2696,1,RUN,0,0,23.86672468855977,10.248507838696241
xair,plc_predicate,1,aba,3.0,1,2696,2696,2696,0,16.0,32,1,published_after_gate_recheck,executed:RUN:2696,1,RUN,0,0,21.466333884745836,16.198524739593267
xair_atomic,plc_conditional,1,aba,3.0,1,2698,2698,2698,0,16.0,33,1,authorization_committed,executed:RUN:2698,1,RUN,0,0,15.88452560827136,16.220485791563988
xair_atomic,plc_plain,1,aba,3.0,1,2700,2700,2702,1,8.0,34,1,authorization_committed,executed:RUN:2702,1,RUN,0,0,23.557815235108137,8.169698994606733
xair,plc_plain,1,aba,3.0,1,2702,,,0,2.0,35,0,read_set_version_changed_at_gate,,0,,0,0,18.820081371814013,2.306204754859209
xair,plc_conditional,1,aba,3.0,1,2704,2704,2706,0,12.0,36,1,published_after_gate_recheck,refused:version_changed:2706,0,,0,1,28.47797190770507,12.235434260219336
xair,plc_predicate,1,aba,3.0,1,2706,2706,2707,0,14.0,37,1,published_after_gate_recheck,refused:predicate_false:2707,0,,0,1,22.43888797238469,14.216258190572262
xair,plc_conditional,1,aba,3.0,1,2708,2708,2708,0,20.0,38,1,published_after_gate_recheck,executed:RUN:2708,1,RUN,0,0,20.15760913491249,20.228112116456032
xair_atomic,plc_predicate,1,aba,3.0,1,2710,2710,2712,1,6.0,39,1,authorization_committed,executed:RUN:2712,1,RUN,0,0,18.77933507785201,6.165951956063509
xair,plc_predicate,1,aba,3.0,1,2712,,,0,4.0,40,0,read_set_version_changed_at_gate,,0,,0,0,18.95647682249546,4.16850671172142
xair_atomic,plc_predicate,1,aba,3.0,1,2714,2714,2716,1,6.0,41,1,authorization_committed,executed:RUN:2716,1,RUN,0,0,24.174522142857313,6.95061357691884
xair_atomic,plc_conditional,1,aba,3.0,1,2716,2716,2717,0,14.0,42,1,authorization_committed,refused:version_changed:2717,0,,0,1,21.18506608530879,14.29435471072793
xair,plc_predicate,1,aba,3.0,1,2718,2718,2719,0,8.0,43,1,published_after_gate_recheck,refused:predicate_false:2719,0,,0,1,20.272704772651196,8.24006088078022
xair,plc_conditional,1,aba,3.0,1,2720,2720,2720,0,14.0,44,1,published_after_gate_recheck,executed:RUN:2720,1,RUN,0,0,18.795385025441647,14.286570250988007
xair,plc_plain,0,,,1,2722,2722,2722,0,,45,1,published_after_gate_recheck,executed:RUN:2722,1,RUN,0,0,22.247578017413616,
xair_atomic,plc_conditional,1,aba,3.0,1,2722,2722,2723,0,12.0,46,1,authorization_committed,refused:version_changed:2723,0,,0,1,19.86691541969776,12.244469951838255
xair,plc_predicate,1,aba,3.0,1,2724,,,0,4.0,47,0,read_set_version_changed_at_gate,,0,,0,0,19.175127148628235,4.202892072498798
xair,plc_predicate,1,aba,3.0,1,2726,,,0,4.0,48,0,read_set_version_changed_at_gate,,0,,0,0,20.260813180357218,4.218851216137409
xair_atomic,plc_conditional,1,aba,3.0,1,2728,2728,2730,0,8.0,49,1,authorization_committed,refused:version_changed:2730,0,,0,1,24.754449259489775,8.24899785220623
xair,plc_conditional,1,aba,3.0,1,2730,2730,2732,0,10.0,50,1,published_after_gate_recheck,refused:version_changed:2732,0,,0,1,25.70210676640272,10.232667904347181
xair,plc_conditional,0,,,1,2732,2732,2732,0,,51,1,published_after_gate_recheck,executed:RUN:2732,1,RUN,0,0,21.454911679029465,
xair,plc_conditional,1,aba,3.0,1,2732,,,0,0.0,52,0,read_set_version_changed_at_gate,,0,,0,0,15.93096274882555,0.271880067884922
xair,plc_predicate,1,aba,3.0,1,2734,2734,2734,0,20.0,53,1,published_after_gate_recheck,executed:RUN:2734,1,RUN,0,0,17.65024708583951,20.187465008348227
xair,plc_predicate,1,aba,3.0,1,2736,,,0,2.0,54,0,read_set_version_changed_at_gate,,0,,0,0,18.04588967934251,2.223338931798935
xair,plc_conditional,1,aba,3.0,1,2738,2738,2740,0,8.0,55,1,published_after_gate_recheck,refused:version_changed:2740,0,,0,1,23.31524109467864,8.22836859151721
xair,plc_conditional,1,aba,3.0,1,2740,2740,2740,0,16.0,56,1,published_after_gate_recheck,executed:RUN:2740,1,RUN,0,0,22.335372865200043,16.29112893715501
xair,plc_conditional,1,aba,3.0,1,2742,2742,2744,0,10.0,57,1,published_after_gate_recheck,refused:version_changed:2744,0,,0,1,29.079990927129984,10.242676828056574
xair,plc_plain,1,aba,3.0,1,2744,2744,2744,0,20.0,58,1,published_after_gate_recheck,executed:RUN:2744,1,RUN,0,0,22.366461344063282,20.208103582262993
xair_atomic,plc_plain,1,aba,3.0,1,2746,2746,2748,1,12.0,59,1,authorization_committed,executed:RUN:2748,1,RUN,0,0,23.84867100045085,12.249450199306011
xair,plc_plain,1,aba,3.0,1,2748,2748,2749,0,10.0,60,1,published_after_gate_recheck,executed:PAUSED:2749,1,PAUSED,1,0,21.58935507759452,10.259428061544895
xair_atomic,plc_predicate,1,aba,3.0,1,2750,2750,2752,1,12.0,61,1,authorization_committed,executed:RUN:2752,1,RUN,0,0,25.64803510904312,12.21857313066721
xair_atomic,plc_plain,1,aba,3.0,1,2752,2752,2753,0,20.0,62,1,authorization_committed,executed:PAUSED:2753,1,PAUSED,1,0,25.598872918635607,20.196422934532166
xair,plc_predicate,1,aba,3.0,1,2754,2754,2755,0,12.0,63,1,published_after_gate_recheck,refused:predicate_false:2755,0,,0,1,21.48042991757393,12.23377138376236
xair_atomic,plc_conditional,1,aba,3.0,1,2756,2756,2758,0,8.0,64,1,authorization_committed,refused:version_changed:2758,0,,0,1,20.71527484804392,8.184317033737898
xair,plc_predicate,1,aba,3.0,1,2758,,,0,2.0,65,0,read_set_version_changed_at_gate,,0,,0,0,17.1552998945117,2.2715693339705467
xair_atomic,plc_plain,1,aba,3.0,1,2760,2760,2761,0,20.0,66,1,authorization_committed,executed:PAUSED:2761,1,PAUSED,1,0,24.728090036660433,20.25178587064147
xair,plc_plain,1,aba,3.0,1,2762,,,0,2.0,67,0,read_set_version_changed_at_gate,,0,,0,0,18.21725070476532,2.2484459914267063
xair,plc_predicate,0,,,1,2764,2764,2764,0,,68,1,published_after_gate_recheck,executed:RUN:2764,1,RUN,0,0,23.370414040982723,
xair_atomic,plc_conditional,1,aba,3.0,1,2764,2764,2766,0,6.0,69,1,authorization_committed,refused:version_changed:2766,0,,0,1,19.463658332824707,6.245971657335758
xair,plc_conditional,1,aba,3.0,1,2766,,,0,0.0,70,0,precondition_failed: line.state == 'RUN',,0,,0,0,13.302965089678764,0.31656306236982346
xair_atomic,plc_plain,1,aba,3.0,1,2768,2768,2769,0,10.0,71,1,authorization_committed,executed:PAUSED:2769,1,PAUSED,1,0,16.622259747236967,10.223911609500647
xair_atomic,plc_predicate,1,aba,3.0,1,2770,,,0,0.0,72,0,precondition_failed: line.state == 'RUN',,0,,0,0,12.852540705353022,0.31492114067077637
xair_atomic,plc_predicate,1,aba,3.0,1,2772,2772,2774,1,10.0,73,1,authorization_committed,executed:RUN:2774,1,RUN,0,0,22.435231134295464,10.181020945310593
xair_atomic,plc_plain,0,,,1,2774,2774,2774,0,,74,1,authorization_committed,executed:RUN:2774,1,RUN,0,0,19.285644870251417,
xair,plc_conditional,1,aba,3.0,1,2774,2774,2775,0,14.0,75,1,published_after_gate_recheck,refused:version_changed:2775,0,,0,1,25.912520941346884,14.18677344918251
xair,plc_conditional,1,aba,3.0,1,2776,2776,2777,0,16.0,76,1,published_after_gate_recheck,refused:version_changed:2777,0,,0,1,28.672685846686363,16.291520092636347
xair_atomic,plc_conditional,1,aba,3.0,1,2778,2778,2779,0,20.0,77,1,authorization_committed,refused:version_changed:2779,0,,0,1,26.049497071653605,20.268237218260765
xair,plc_predicate,1,aba,3.0,1,2780,,,0,0.0,78,0,read_set_version_changed_at_gate,,0,,0,0,17.697396222501993,0.3020470030605793
xair,plc_plain,1,aba,3.0,1,2782,2782,2783,0,10.0,79,1,published_after_gate_recheck,executed:PAUSED:2783,1,PAUSED,1,0,17.731630709022284,10.225845966488123
xair,plc_predicate,1,aba,3.0,1,2784,2784,2786,1,6.0,80,1,published_after_gate_recheck,executed:RUN:2786,1,RUN,0,0,22.38211128860712,6.164609920233488
xair,plc_predicate,1,aba,3.0,1,2786,,,0,2.0,81,0,read_set_version_changed_at_gate,,0,,0,0,18.477499019354582,2.29374086484313
xair,plc_conditional,1,aba,3.0,1,2788,2788,2790,0,10.0,82,1,published_after_gate_recheck,refused:version_changed:2790,0,,0,1,25.84057580679655,10.793440043926239
xair,plc_plain,1,aba,3.0,1,2790,2790,2790,0,20.0,83,1,published_after_gate_recheck,executed:RUN:2790,1,RUN,0,0,22.26087311282754,20.225937943905592
xair_atomic,plc_conditional,1,aba,3.0,1,2792,,,0,0.0,84,0,precondition_failed: line.state == 'RUN',,0,,0,0,13.358721043914557,0.3205318935215473
xair_atomic,plc_conditional,1,aba,3.0,1,2794,2794,2796,0,6.0,85,1,authorization_committed,refused:version_changed:2796,0,,0,1,26.025382801890373,6.2302229925990105
xair,plc_plain,1,aba,3.0,1,2796,,,0,2.0,86,0,read_set_version_changed_at_gate,,0,,0,0,17.649315763264894,2.2230991162359715
xair,plc_plain,1,aba,3.0,1,2798,,,0,2.0,87,0,read_set_version_changed_at_gate,,0,,0,0,18.892317079007626,2.2460822947323322
xair,plc_plain,1,aba,3.0,1,2800,,,0,0.0,88,0,read_set_version_changed_at_gate,,0,,0,0,17.00975699350238,0.27486588805913925
xair_atomic,plc_predicate,1,aba,3.0,1,2802,2802,2804,1,12.0,89,1,authorization_committed,executed:RUN:2804,1,RUN,0,0,23.350155912339687,12.232027016580105
xair_atomic,plc_conditional,1,aba,3.0,1,2804,2804,2804,0,20.0,90,1,authorization_committed,executed:RUN:2804,1,RUN,0,0,18.545736093074083,20.211330149322748
xair_atomic,plc_conditional,1,aba,3.0,1,2806,2806,2807,0,12.0,91,1,authorization_committed,refused:version_changed:2807,0,,0,1,21.165399812161922,12.225235346704721
xair_atomic,plc_conditional,1,aba,3.0,1,2808,,,0,2.0,92,0,read_set_version_changed_at_commit,,0,,0,0,16.160354018211365,6.433685310184956
xair,plc_plain,1,aba,3.0,1,2810,2810,2811,0,12.0,93,1,published_after_gate_recheck,executed:PAUSED:2811,1,PAUSED,1,0,22.592075169086456,12.21728976815939
xair_atomic,plc_plain,1,aba,3.0,1,2812,2812,2813,0,12.0,94,1,authorization_committed,executed:PAUSED:2813,1,PAUSED,1,0,20.300126634538174,12.22559530287981
xair_atomic,plc_conditional,1,aba,3.0,1,2814,,,0,6.0,95,0,read_set_version_changed_at_commit,,0,,0,0,20.638941787183285,6.238929927349091
xair,plc_predicate,1,aba,3.0,1,2816,,,0,4.0,96,0,read_set_version_changed_at_gate,,0,,0,0,19.43397196009755,4.207640886306763
xair,plc_predicate,1,aba,3.0,1,2818,2818,2819,0,14.0,97,1,published_after_gate_recheck,refused:predicate_false:2819,0,,0,1,21.604964043945074,14.184427913278341
xair,plc_conditional,1,aba,3.0,1,2820,2820,2821,0,10.0,98,1,published_after_gate_recheck,refused:version_changed:2821,0,,0,1,20.300055854022503,10.221898090094328
xair,plc_plain,1,aba,3.0,1,2822,2822,2823,0,14.0,99,1,published_after_gate_recheck,executed:PAUSED:2823,1,PAUSED,1,0,23.06131413206458,14.17551189661026
xair_atomic,plc_predicate,1,aba,3.0,1,2824,2824,2825,0,12.0,100,1,authorization_committed,refused:predicate_false:2825,0,,0,1,19.754362758249044,12.141397222876549
xair,plc_plain,0,,,1,2826,2826,2826,0,,101,1,published_after_gate_recheck,executed:RUN:2826,1,RUN,0,0,23.31992005929351,
xair,plc_plain,1,aba,3.0,1,2826,2826,2828,1,4.0,102,1,published_after_gate_recheck,executed:RUN:2828,1,RUN,0,0,21.736490074545145,4.285305738449097
xair,plc_plain,0,,,1,2828,2828,2828,0,,103,1,published_after_gate_recheck,executed:RUN:2828,1,RUN,0,0,22.703973576426506,
xair_atomic,plc_conditional,1,aba,3.0,1,2828,2828,2830,0,4.0,104,1,authorization_committed,refused:version_changed:2830,0,,0,1,19.000648986548185,4.20101685449481
xair,plc_plain,1,aba,3.0,1,2830,2830,2831,0,10.0,105,1,published_after_gate_recheck,executed:PAUSED:2831,1,PAUSED,1,0,23.48645171150565,10.173688177019358
xair,plc_predicate,1,aba,3.0,1,2832,2832,2833,0,8.0,106,1,published_after_gate_recheck,refused:predicate_false:2833,0,,0,1,20.60257364064455,8.3939703181386
xair,plc_predicate,1,aba,3.0,1,2834,,,0,2.0,107,0,read_set_version_changed_at_gate,,0,,0,0,20.822014659643173,2.4086260236799717
xair,plc_predicate,1,aba,3.0,1,2836,2836,2837,0,14.0,108,1,published_after_gate_recheck,refused:predicate_false:2837,0,,0,1,22.56598509848118,14.298322144895792
xair,plc_plain,1,aba,3.0,1,2838,,,0,2.0,109,0,read_set_version_changed_at_gate,,0,,0,0,17.93992007151246,2.2281589917838573
xair_atomic,plc_predicate,1,aba,3.0,1,2840,2840,2840,0,20.0,110,1,authorization_committed,executed:RUN:2840,1,RUN,0,0,21.850382909178734,20.248278975486755
xair_atomic,plc_predicate,1,aba,3.0,1,2842,,,0,2.0,111,0,read_set_version_changed_at_commit,,0,,0,0,15.220030210912228,2.2482858039438725
xair_atomic,plc_predicate,0,,,1,2844,2844,2844,0,,112,1,authorization_committed,executed:RUN:2844,1,RUN,0,0,19.451145082712173,
xair_atomic,plc_predicate,1,aba,3.0,1,2844,,,0,2.0,113,0,read_set_version_changed_at_commit,,0,,0,0,15.548696741461754,2.250390127301216
xair,plc_predicate,1,aba,3.0,1,2846,2846,2846,0,20.0,114,1,published_after_gate_recheck,executed:RUN:2846,1,RUN,0,0,18.059033900499344,20.181703846901655
xair,plc_predicate,1,aba,3.0,1,2848,2848,2849,0,8.0,115,1,published_after_gate_recheck,refused:predicate_false:2849,0,,0,1,21.582521963864565,8.314070757478476
xair,plc_plain,1,aba,3.0,1,2850,2850,2850,0,12.0,116,1,published_after_gate_recheck,executed:RUN:2850,1,RUN,0,0,18.95866170525551,12.28299317881465
xair_atomic,plc_predicate,1,aba,3.0,1,2852,2852,2852,0,16.0,117,1,authorization_committed,executed:RUN:2852,1,RUN,0,0,16.77940459921956,16.195971053093672
xair_atomic,plc_conditional,0,,,1,2854,2854,2854,0,,118,1,authorization_committed,executed:RUN:2854,1,RUN,0,0,25.041186716407537,
xair_atomic,plc_conditional,1,aba,3.0,1,2854,2854,2855,0,12.0,119,1,authorization_committed,refused:version_changed:2855,0,,0,1,20.8036913536489,12.27279333397746
xair_atomic,plc_predicate,1,aba,3.0,1,2856,,,0,0.0,120,0,precondition_failed: line.state == 'RUN',,0,,0,0,12.275058310478926,0.2538161352276802
xair_atomic,plc_conditional,1,aba,3.0,1,2858,2858,2858,0,20.0,121,1,authorization_committed,executed:RUN:2858,1,RUN,0,0,19.369250629097223,20.363986026495695
xair,plc_plain,1,aba,3.0,1,2860,2860,2862,1,4.0,122,1,published_after_gate_recheck,executed:RUN:2862,1,RUN,0,0,24.663307704031467,4.2492179200053215
xair_atomic,plc_conditional,1,aba,3.0,1,2862,2862,2864,0,10.0,123,1,authorization_committed,refused:version_changed:2864,0,,0,1,27.321452740579844,10.168117005378008
xair,plc_conditional,1,aba,3.0,1,2864,2864,2865,0,14.0,124,1,published_after_gate_recheck,refused:version_changed:2865,0,,0,1,23.61964201554656,14.178196899592876
xair_atomic,plc_conditional,1,aba,3.0,1,2866,2866,2868,0,8.0,125,1,authorization_committed,refused:version_changed:2868,0,,0,1,20.088689867407084,8.178325835615396
xair_atomic,plc_conditional,1,aba,3.0,1,2868,2868,2868,0,20.0,126,1,authorization_committed,executed:RUN:2868,1,RUN,0,0,19.218679051846266,20.195491146296263
xair_atomic,plc_predicate,1,aba,3.0,1,2870,2870,2872,1,10.0,127,1,authorization_committed,executed:RUN:2872,1,RUN,0,0,22.21165131777525,10.44350303709507
xair_atomic,plc_plain,1,aba,3.0,1,2872,2872,2873,0,8.0,128,1,authorization_committed,executed:PAUSED:2873,1,PAUSED,1,0,18.23782967403531,8.211438078433275
xair_atomic,plc_plain,1,aba,3.0,1,2874,2874,2875,0,14.0,129,1,authorization_committed,executed:PAUSED:2875,1,PAUSED,1,0,19.831086974591017,14.238028787076473
xair,plc_conditional,1,aba,3.0,1,2876,2876,2876,0,20.0,130,1,published_after_gate_recheck,executed:RUN:2876,1,RUN,0,0,25.951845105737448,20.225657150149345
xair,plc_plain,1,aba,3.0,1,2878,2878,2878,0,20.0,131,1,published_after_gate_recheck,executed:RUN:2878,1,RUN,0,0,18.125739879906178,20.23089723661542
xair,plc_predicate,0,,,1,2880,2880,2880,0,,132,1,published_after_gate_recheck,executed:RUN:2880,1,RUN,0,0,21.030785981565714,
xair_atomic,plc_predicate,1,aba,3.0,1,2880,,,0,0.0,133,0,read_set_version_changed_at_commit,,0,,0,0,13.281606137752533,0.24360697716474533
xair,plc_conditional,1,aba,3.0,1,2882,2882,2883,0,8.0,134,1,published_after_gate_recheck,refused:version_changed:2883,0,,0,1,20.098307635635138,8.307949174195528
xair,plc_plain,1,aba,3.0,1,2884,,,0,2.0,135,0,read_set_version_changed_at_gate,,0,,0,0,17.733854707330465,2.186961006373167
xair_atomic,plc_conditional,1,aba,3.0,1,2886,2886,2887,0,14.0,136,1,authorization_committed,refused:version_changed:2887,0,,0,1,20.368895959109068,14.24979092553258
xair,plc_plain,1,aba,3.0,1,2888,2888,2889,0,10.0,137,1,published_after_gate_recheck,executed:PAUSED:2889,1,PAUSED,1,0,22.62617787346244,10.192772839218378
xair_atomic,plc_plain,1,aba,3.0,1,2890,,,0,2.0,138,0,read_set_version_changed_at_commit,,0,,0,0,14.313329942524433,2.1709008142352104
xair_atomic,plc_conditional,1,aba,3.0,1,2892,2892,2892,0,16.0,139,1,authorization_committed,executed:RUN:2892,1,RUN,0,0,13.909894041717052,16.233179718255997
xair_atomic,plc_predicate,0,,,1,2894,2894,2894,0,,140,1,authorization_committed,executed:RUN:2894,1,RUN,0,0,22.138404194265604,
xair,plc_predicate,0,,,1,2894,2894,2894,0,,141,1,published_after_gate_recheck,executed:RUN:2894,1,RUN,0,0,25.790341664105654,
xair_atomic,plc_predicate,1,aba,3.0,1,2894,2894,2896,1,6.0,142,1,authorization_committed,executed:RUN:2896,1,RUN,0,0,19.504415336996317,6.232516840100288
xair,plc_predicate,1,aba,3.0,1,2896,2896,2896,0,16.0,143,1,published_after_gate_recheck,executed:RUN:2896,1,RUN,0,0,22.366520948708057,16.182845924049616
xair,plc_plain,1,aba,3.0,1,2898,2898,2900,1,10.0,144,1,published_after_gate_recheck,executed:RUN:2900,1,RUN,0,0,27.944060042500496,10.28286200016737
xair,plc_predicate,1,aba,3.0,1,2900,2900,2901,0,14.0,145,1,published_after_gate_recheck,refused:predicate_false:2901,0,,0,1,22.489661816507578,14.282010961323977
xair_atomic,plc_conditional,1,aba,3.0,1,2902,2902,2903,0,16.0,146,1,authorization_committed,refused:version_changed:2903,0,,0,1,23.81511777639389,16.239763237535954
xair_atomic,plc_conditional,1,aba,3.0,1,2904,2904,2906,0,6.0,147,1,authorization_committed,refused:version_changed:2906,0,,0,1,20.12643124908209,6.217979826033115
xair_atomic,plc_conditional,1,aba,3.0,1,2906,2906,2908,0,12.0,148,1,authorization_committed,refused:version_changed:2908,0,,0,1,22.879693191498518,12.239832431077957
xair_atomic,plc_conditional,1,aba,3.0,1,2908,2908,2908,0,16.0,149,1,authorization_committed,executed:RUN:2908,1,RUN,0,0,16.83852495625615,16.236226074397564
xair_atomic,plc_plain,1,aba,3.0,1,2910,2910,2910,0,20.0,150,1,authorization_committed,executed:RUN:2910,1,RUN,0,0,23.025646805763245,20.21030941978097
xair,plc_predicate,1,aba,3.0,1,2912,,,0,4.0,151,0,read_set_version_changed_at_gate,,0,,0,0,19.89005832001567,4.213692154735327
xair_atomic,plc_predicate,1,aba,3.0,1,2914,2914,2914,0,20.0,152,1,authorization_committed,executed:RUN:2914,1,RUN,0,0,19.424854777753353,20.32562531530857
xair_atomic,plc_conditional,1,aba,3.0,1,2916,2916,2917,0,16.0,153,1,authorization_committed,refused:version_changed:2917,0,,0,1,20.48309985548258,16.219062730669975
xair,plc_plain,0,,,1,2918,2918,2918,0,,154,1,published_after_gate_recheck,executed:RUN:2918,1,RUN,0,0,31.380904838442802,
xair_atomic,plc_plain,1,aba,3.0,1,2918,2918,2918,0,16.0,155,1,authorization_committed,executed:RUN:2918,1,RUN,0,0,16.86282129958272,16.279147006571293
xair_atomic,plc_plain,1,aba,3.0,1,2920,2920,2921,0,14.0,156,1,authorization_committed,executed:PAUSED:2921,1,PAUSED,1,0,24.24058597534895,14.233870897442102
xair_atomic,plc_predicate,1,aba,3.0,1,2922,2922,2923,0,16.0,157,1,authorization_committed,refused:predicate_false:2923,0,,0,1,23.229961283504963,16.16103481501341
xair_atomic,plc_plain,1,aba,3.0,1,2924,,,0,4.0,158,0,read_set_version_changed_at_commit,,0,,0,0,17.11136708036065,4.252294078469276
xair_atomic,plc_plain,1,aba,3.0,1,2926,2926,2928,1,12.0,159,1,authorization_committed,executed:RUN:2928,1,RUN,0,0,22.970584221184254,12.166595086455345
xair,plc_conditional,1,aba,3.0,1,2928,,,0,2.0,160,0,read_set_version_changed_at_gate,,0,,0,0,17.996507231146097,2.289954572916031
xair,plc_conditional,1,aba,3.0,1,2930,2930,2932,0,12.0,161,1,published_after_gate_recheck,refused:version_changed:2932,0,,0,1,26.686271652579308,12.187734711915255
xair_atomic,plc_conditional,1,aba,3.0,1,2932,2932,2933,0,14.0,162,1,authorization_committed,refused:version_changed:2933,0,,0,1,17.81506696715951,14.172475785017014
xair,plc_plain,1,aba,3.0,1,2934,,,0,2.0,163,0,read_set_version_changed_at_gate,,0,,0,0,17.59243942797184,2.208741381764412
xair_atomic,plc_predicate,1,aba,3.0,1,2936,2936,2938,1,4.0,164,1,authorization_committed,executed:RUN:2938,1,RUN,0,0,23.26115919277072,4.169628955423832
xair_atomic,plc_plain,1,aba,3.0,1,2938,,,0,0.0,165,0,read_set_version_changed_at_commit,,0,,0,0,13.486870564520359,0.22987090051174164
xair,plc_plain,1,aba,3.0,1,2940,2940,2940,0,16.0,166,1,published_after_gate_recheck,executed:RUN:2940,1,RUN,0,0,20.72972198948264,16.198376193642616
xair_atomic,plc_conditional,1,aba,3.0,1,2942,2942,2944,0,12.0,167,1,authorization_committed,refused:version_changed:2944,0,,0,1,25.295082945376635,12.211338616907597
xair,plc_plain,1,aba,3.0,1,2944,2944,2946,1,6.0,168,1,published_after_gate_recheck,executed:RUN:2946,1,RUN,0,0,24.378485046327114,6.163047160953283
xair_atomic,plc_predicate,1,aba,3.0,1,2946,2946,2948,1,8.0,169,1,authorization_committed,executed:RUN:2948,1,RUN,0,0,20.385005977004766,8.15564300864935
xair_atomic,plc_plain,1,aba,3.0,1,2948,2948,2950,1,6.0,170,1,authorization_committed,executed:RUN:2950,1,RUN,0,0,20.10858803987503,6.181912031024694
xair_atomic,plc_conditional,1,aba,3.0,1,2950,2950,2952,0,4.0,171,1,authorization_committed,refused:version_changed:2952,0,,0,1,20.669198129326105,4.173936787992716
xair,plc_conditional,1,aba,3.0,1,2952,2952,2954,0,6.0,172,1,published_after_gate_recheck,refused:version_changed:2954,0,,0,1,25.029245298355818,6.430327892303467
xair,plc_predicate,1,aba,3.0,1,2954,2954,2955,0,12.0,173,1,published_after_gate_recheck,refused:predicate_false:2955,0,,0,1,20.802950020879507,12.204356025904417
xair_atomic,plc_predicate,0,,,1,2956,2956,2956,0,,174,1,authorization_committed,executed:RUN:2956,1,RUN,0,0,19.180116709321737,
xair,plc_plain,1,aba,3.0,1,2956,2956,2957,0,12.0,175,1,published_after_gate_recheck,executed:PAUSED:2957,1,PAUSED,1,0,25.639459025114775,12.203824240714312
xair_atomic,plc_plain,1,aba,3.0,1,2958,2958,2958,0,12.0,176,1,authorization_committed,executed:RUN:2958,1,RUN,0,0,16.23811898753047,12.339860200881958
xair_atomic,plc_conditional,1,aba,3.0,1,2960,2960,2960,0,16.0,177,1,authorization_committed,executed:RUN:2960,1,RUN,0,0,16.70531602576375,16.208885237574577
xair_atomic,plc_plain,1,aba,3.0,1,2962,2962,2964,1,8.0,178,1,authorization_committed,executed:RUN:2964,1,RUN,0,0,27.056836988776922,8.29776981845498
xair,plc_predicate,1,aba,3.0,1,2964,,,0,0.0,179,0,precondition_failed: line.state == 'RUN',,0,,0,0,13.902829959988594,0.45154616236686707
xair_atomic,plc_conditional,1,aba,3.0,1,2966,2966,2968,0,6.0,180,1,authorization_committed,refused:version_changed:2968,0,,0,1,16.45559724420309,6.218009628355503
xair,plc_predicate,1,aba,3.0,1,2968,2968,2970,1,10.0,181,1,published_after_gate_recheck,executed:RUN:2970,1,RUN,0,0,26.55084803700447,10.213351808488369
xair,plc_predicate,0,,,1,2970,2970,2970,0,,182,1,published_after_gate_recheck,executed:RUN:2970,1,RUN,0,0,20.245925057679415,
xair_atomic,plc_plain,0,,,1,2970,2970,2970,0,,183,1,authorization_committed,executed:RUN:2970,1,RUN,0,0,18.66069296374917,
xair_atomic,plc_conditional,1,aba,3.0,1,2970,2970,2970,0,20.0,184,1,authorization_committed,executed:RUN:2970,1,RUN,0,0,21.203671116381884,20.27139300480485
xair_atomic,plc_predicate,1,aba,3.0,1,2972,2972,2972,0,20.0,185,1,authorization_committed,executed:RUN:2972,1,RUN,0,0,17.74690905585885,20.220347680151463
xair_atomic,plc_conditional,1,aba,3.0,1,2974,2974,2976,0,6.0,186,1,authorization_committed,refused:version_changed:2976,0,,0,1,17.220302019268274,6.204825825989246
xair_atomic,plc_plain,1,aba,3.0,1,2976,,,0,0.0,187,0,read_set_version_changed_at_commit,,0,,0,0,13.762518297880888,0.28845109045505524
xair_atomic,plc_conditional,1,aba,3.0,1,2978,2978,2979,0,16.0,188,1,authorization_committed,refused:version_changed:2979,0,,0,1,24.471187964081764,16.214755829423666
xair_atomic,plc_predicate,1,aba,3.0,1,2980,2980,2982,1,8.0,189,1,authorization_committed,executed:RUN:2982,1,RUN,0,0,21.444952581077814,8.24913801625371
xair_atomic,plc_predicate,0,,,1,2982,2982,2982,0,,190,1,authorization_committed,executed:RUN:2982,1,RUN,0,0,20.24997305124998,
xair,plc_predicate,1,aba,3.0,1,2982,,,0,0.0,191,0,read_set_version_changed_at_gate,,0,,0,0,17.26724859327078,0.627647154033184
xair_atomic,plc_predicate,1,aba,3.0,1,2984,2984,2984,0,14.0,192,1,authorization_committed,executed:RUN:2984,1,RUN,0,0,17.25542778149247,14.283123891800642
xair,plc_predicate,0,,,1,2986,2986,2986,0,,193,1,published_after_gate_recheck,executed:RUN:2986,1,RUN,0,0,21.115575917065144,
xair,plc_conditional,1,aba,3.0,1,2986,2986,2986,0,16.0,194,1,published_after_gate_recheck,executed:RUN:2986,1,RUN,0,0,22.015273105353117,16.215136274695396
xair_atomic,plc_plain,1,aba,3.0,1,2988,2988,2990,1,6.0,195,1,authorization_committed,executed:RUN:2990,1,RUN,0,0,24.97905120253563,6.318779196590185
xair_atomic,plc_conditional,1,aba,3.0,1,2990,2990,2990,0,20.0,196,1,authorization_committed,executed:RUN:2990,1,RUN,0,0,21.607138216495514,21.185075864195824
xair_atomic,plc_predicate,1,aba,3.0,1,2992,2992,2992,0,20.0,197,1,authorization_committed,executed:RUN:2992,1,RUN,0,0,15.199963003396988,20.27868665754795
xair,plc_plain,0,,,1,2994,2994,2994,0,,198,1,published_after_gate_recheck,executed:RUN:2994,1,RUN,0,0,21.41544781625271,
xair,plc_plain,1,aba,3.0,1,2994,2994,2995,0,10.0,199,1,published_after_gate_recheck,executed:PAUSED:2995,1,PAUSED,1,0,22.532712668180466,10.29658829793334
xair,plc_plain,1,aba,3.0,1,2996,2996,2996,0,16.0,200,1,published_after_gate_recheck,executed:RUN:2996,1,RUN,0,0,17.89986528456211,16.268086154013872
xair,plc_plain,1,aba,3.0,1,2998,2998,2999,0,8.0,201,1,published_after_gate_recheck,executed:PAUSED:2999,1,PAUSED,1,0,19.64291511103511,8.243176620453596
xair,plc_conditional,1,aba,3.0,1,3000,3000,3001,0,6.0,202,1,published_after_gate_recheck,refused:version_changed:3001,0,,0,1,19.784079398959875,6.232317071408033
xair_atomic,plc_plain,1,aba,3.0,1,3002,3002,3002,0,16.0,203,1,authorization_committed,executed:RUN:3002,1,RUN,0,0,16.60558907315135,16.220317222177982
xair_atomic,plc_conditional,1,aba,3.0,1,3004,3004,3006,0,12.0,204,1,authorization_committed,refused:version_changed:3006,0,,0,1,24.557500146329403,12.202592100948095
xair_atomic,plc_conditional,1,aba,3.0,1,3006,,,0,0.0,205,0,read_set_version_changed_at_commit,,0,,0,0,13.706572353839874,0.2578240819275379
xair_atomic,plc_plain,0,,,1,3008,3008,3008,0,,206,1,authorization_committed,executed:RUN:3008,1,RUN,0,0,17.04403106123209,
xair_atomic,plc_conditional,1,aba,3.0,1,3008,,,0,2.0,207,0,read_set_version_changed_at_commit,,0,,0,0,15.012480784207582,2.2631939500570297
xair_atomic,plc_plain,1,aba,3.0,1,3010,3010,3012,1,6.0,208,1,authorization_committed,executed:RUN:3012,1,RUN,0,0,26.14125981926918,6.201338954269886
xair_atomic,plc_predicate,1,aba,3.0,1,3012,3012,3014,1,6.0,209,1,authorization_committed,executed:RUN:3014,1,RUN,0,0,21.990676876157522,6.214011926203966
xair_atomic,plc_predicate,1,aba,3.0,1,3014,,,0,2.0,210,0,read_set_version_changed_at_commit,,0,,0,0,14.60081897675991,2.246763091534376
xair_atomic,plc_conditional,1,aba,3.0,1,3016,,,0,4.0,211,0,read_set_version_changed_at_commit,,0,,0,0,16.154362354427576,4.169408231973648
xair,plc_plain,0,,,1,3018,3018,3018,0,,212,1,published_after_gate_recheck,executed:RUN:3018,1,RUN,0,0,24.53712187707424,
xair,plc_plain,1,aba,3.0,1,3018,3018,3020,1,4.0,213,1,published_after_gate_recheck,executed:RUN:3020,1,RUN,0,0,22.94662920758128,4.287188872694969
xair_atomic,plc_predicate,1,aba,3.0,1,3020,3020,3021,0,12.0,214,1,authorization_committed,refused:predicate_false:3021,0,,0,1,17.005939036607742,12.219824828207493
xair_atomic,plc_predicate,1,aba,3.0,1,3022,3022,3023,0,16.0,215,1,authorization_committed,refused:predicate_false:3023,0,,0,1,26.16751892492175,16.266833059489727
xair,plc_predicate,1,aba,3.0,1,3024,3024,3025,0,10.0,216,1,published_after_gate_recheck,refused:predicate_false:3025,0,,0,1,20.86807182058692,10.223710909485817
xair_atomic,plc_conditional,1,aba,3.0,1,3026,3026,3027,0,10.0,217,1,authorization_committed,refused:version_changed:3027,0,,0,1,14.845828991383314,10.192282032221556
xair_atomic,plc_predicate,1,aba,3.0,1,3028,3028,3029,0,12.0,218,1,authorization_committed,refused:predicate_false:3029,0,,0,1,18.343657720834017,12.237336952239275
xair_atomic,plc_predicate,1,aba,3.0,1,3030,,,0,2.0,219,0,read_set_version_changed_at_commit,,0,,0,0,15.274552162736654,2.203822135925293
xair,plc_predicate,1,aba,3.0,1,3032,3032,3032,0,20.0,220,1,published_after_gate_recheck,executed:RUN:3032,1,RUN,0,0,26.71786118298769,20.37628972902894
xair_atomic,plc_plain,1,aba,3.0,1,3034,3034,3036,1,6.0,221,1,authorization_committed,executed:RUN:3036,1,RUN,0,0,17.822441179305315,6.163628306239843
xair_atomic,plc_plain,1,aba,3.0,1,3036,3036,3036,0,16.0,222,1,authorization_committed,executed:RUN:3036,1,RUN,0,0,19.731561187654734,16.15998288616538
xair,plc_predicate,1,aba,3.0,1,3038,3038,3039,0,8.0,223,1,published_after_gate_recheck,refused:predicate_false:3039,0,,0,1,18.93373392522335,8.299803826957941
xair,plc_plain,1,aba,3.0,1,3040,3040,3042,1,10.0,224,1,published_after_gate_recheck,executed:RUN:3042,1,RUN,0,0,27.58844383060932,10.190519038587809
xair,plc_plain,1,aba,3.0,1,3042,3042,3042,0,20.0,225,1,published_after_gate_recheck,executed:RUN:3042,1,RUN,0,0,21.56350575387478,20.21747175604105
xair_atomic,plc_conditional,1,aba,3.0,1,3044,3044,3045,0,12.0,226,1,authorization_committed,refused:version_changed:3045,0,,0,1,22.39073673263192,12.230054009705782
xair_atomic,plc_plain,1,aba,3.0,1,3046,3046,3046,0,20.0,227,1,authorization_committed,executed:RUN:3046,1,RUN,0,0,23.573846090584993,20.162579137831926
xair,plc_conditional,0,,,1,3048,3048,3048,0,,228,1,published_after_gate_recheck,executed:RUN:3048,1,RUN,0,0,20.234332885593176,
xair,plc_plain,1,aba,3.0,1,3048,3048,3050,1,8.0,229,1,published_after_gate_recheck,executed:RUN:3050,1,RUN,0,0,23.2211840339005,8.173866663128138
xair,plc_conditional,0,,,1,3050,3050,3050,0,,230,1,published_after_gate_recheck,executed:RUN:3050,1,RUN,0,0,21.85729704797268,
xair,plc_predicate,1,aba,3.0,1,3050,3050,3051,0,12.0,231,1,published_after_gate_recheck,refused:predicate_false:3051,0,,0,1,23.42082792893052,12.292870786041021
xair_atomic,plc_conditional,1,aba,3.0,1,3052,3052,3053,0,14.0,232,1,authorization_committed,refused:version_changed:3053,0,,0,1,18.931449856609106,14.20802203938365
xair,plc_conditional,1,aba,3.0,1,3054,,,0,0.0,233,0,precondition_failed: line.state == 'RUN',,0,,0,0,13.037106953561306,0.29318034648895264
xair,plc_predicate,1,aba,3.0,1,3056,3056,3057,0,8.0,234,1,published_after_gate_recheck,refused:predicate_false:3057,0,,0,1,19.106607884168625,8.16068286076188
xair,plc_predicate,1,aba,3.0,1,3058,3058,3060,1,10.0,235,1,published_after_gate_recheck,executed:RUN:3060,1,RUN,0,0,27.216756716370583,10.200128424912691
xair_atomic,plc_conditional,1,aba,3.0,1,3060,3060,3061,0,14.0,236,1,authorization_committed,refused:version_changed:3061,0,,0,1,19.214470870792866,14.231537003070116
xair_atomic,plc_conditional,0,,,1,3062,3062,3062,0,,237,1,authorization_committed,executed:RUN:3062,1,RUN,0,0,19.170968793332577,
xair_atomic,plc_plain,1,aba,3.0,1,3062,3062,3063,0,16.0,238,1,authorization_committed,executed:PAUSED:3063,1,PAUSED,1,0,21.948196925222874,16.18822617456317
xair_atomic,plc_predicate,1,aba,3.0,1,3064,3064,3066,1,6.0,239,1,authorization_committed,executed:RUN:3066,1,RUN,0,0,20.090464036911726,6.159910932183266
xair,plc_plain,1,aba,3.0,1,3066,3066,3068,1,8.0,240,1,published_after_gate_recheck,executed:RUN:3068,1,RUN,0,0,24.29449697956443,8.164168801158667
xair,plc_conditional,1,aba,3.0,1,3068,3068,3068,0,20.0,241,1,published_after_gate_recheck,executed:RUN:3068,1,RUN,0,0,20.80719778314233,20.15024609863758
xair,plc_predicate,1,aba,3.0,1,3070,3070,3072,1,10.0,242,1,published_after_gate_recheck,executed:RUN:3072,1,RUN,0,0,24.639573879539967,10.26939693838358
xair,plc_plain,1,aba,3.0,1,3072,3072,3072,0,14.0,243,1,published_after_gate_recheck,executed:RUN:3072,1,RUN,0,0,20.96046507358551,14.310765080153942
xair,plc_conditional,0,,,1,3074,3074,3074,0,,244,1,published_after_gate_recheck,executed:RUN:3074,1,RUN,0,0,20.06025705486536,
xair_atomic,plc_plain,1,aba,3.0,1,3074,3074,3074,0,20.0,245,1,authorization_committed,executed:RUN:3074,1,RUN,0,0,20.700317341834307,20.22173022851348
xair,plc_conditional,1,aba,3.0,1,3076,,,0,4.0,246,0,read_set_version_changed_at_gate,,0,,0,0,21.380162332206964,4.262472968548536
xair,plc_conditional,1,aba,3.0,1,3078,,,0,2.0,247,0,read_set_version_changed_at_gate,,0,,0,0,18.523464910686016,2.2489773109555244
xair,plc_predicate,1,aba,3.0,1,3080,3080,3082,1,4.0,248,1,published_after_gate_recheck,executed:RUN:3082,1,RUN,0,0,28.372853994369507,4.282910842448473
xair_atomic,plc_plain,1,aba,3.0,1,3082,3082,3082,0,16.0,249,1,authorization_committed,executed:RUN:3082,1,RUN,0,0,18.248279113322496,16.270389780402184
xair,plc_conditional,1,aba,3.0,1,3084,3084,3085,0,12.0,250,1,published_after_gate_recheck,refused:version_changed:3085,0,,0,1,22.361021023243666,12.23453227430582
xair_atomic,plc_conditional,1,aba,3.0,1,3086,3086,3088,0,14.0,251,1,authorization_committed,refused:version_changed:3088,0,,0,1,25.08406713604927,14.221417717635632
xair,plc_plain,1,aba,3.0,1,3088,,,0,4.0,252,0,read_set_version_changed_at_gate,,0,,0,0,20.811716094613075,4.200596362352371
xair_atomic,plc_predicate,1,aba,3.0,1,3090,3090,3091,0,12.0,253,1,authorization_committed,refused:predicate_false:3091,0,,0,1,19.275776110589504,12.246013153344393
xair,plc_plain,1,aba,3.0,1,3092,3092,3094,1,14.0,254,1,published_after_gate_recheck,executed:RUN:3094,1,RUN,0,0,29.96408799663186,14.312569051980972
xair,plc_conditional,1,aba,3.0,1,3094,3094,3094,0,20.0,255,1,published_after_gate_recheck,executed:RUN:3094,1,RUN,0,0,19.026007037609816,20.22789092734456
xair_atomic,plc_conditional,1,aba,3.0,1,3096,3096,3098,0,4.0,256,1,authorization_committed,refused:version_changed:3098,0,,0,1,19.06466018408537,4.233919084072113
xair_atomic,plc_predicate,1,aba,3.0,1,3098,3098,3099,0,16.0,257,1,authorization_committed,refused:predicate_false:3099,0,,0,1,20.666082855314016,16.21838193386793
xair,plc_predicate,1,aba,3.0,1,3100,3100,3102,1,6.0,258,1,published_after_gate_recheck,executed:RUN:3102,1,RUN,0,0,25.899406988173723,6.465465296059847
xair,plc_conditional,1,aba,3.0,1,3102,,,0,0.0,259,0,read_set_version_changed_at_gate,,0,,0,0,17.534099984914064,0.337403267621994
xair_atomic,plc_conditional,1,aba,3.0,1,3104,3104,3106,0,8.0,260,1,authorization_committed,refused:version_changed:3106,0,,0,1,23.14008306711912,8.248207159340382
xair_atomic,plc_conditional,1,aba,3.0,1,3106,,,0,2.0,261,0,read_set_version_changed_at_commit,,0,,0,0,16.34442899376154,2.2241007536649704
xair_atomic,plc_plain,1,aba,3.0,1,3108,3108,3109,0,14.0,262,1,authorization_committed,executed:PAUSED:3109,1,PAUSED,1,0,24.282013066112995,14.278864953666925
xair_atomic,plc_plain,1,aba,3.0,1,3110,3110,3112,1,10.0,263,1,authorization_committed,executed:RUN:3112,1,RUN,0,0,26.821304578334093,10.225584730505943
xair_atomic,plc_conditional,1,aba,3.0,1,3112,3112,3114,0,10.0,264,1,authorization_committed,refused:version_changed:3114,0,,0,1,22.717850282788277,10.212269611656666
xair_atomic,plc_plain,1,aba,3.0,1,3114,3114,3114,0,20.0,265,1,authorization_committed,executed:RUN:3114,1,RUN,0,0,18.01914907991886,20.210989750921726
xair_atomic,plc_plain,1,aba,3.0,1,3116,,,0,0.0,266,0,read_set_version_changed_at_commit,,0,,0,0,13.771714642643929,0.29958179220557213
xair,plc_predicate,1,aba,3.0,1,3118,3118,3120,1,6.0,267,1,published_after_gate_recheck,executed:RUN:3120,1,RUN,0,0,20.32744837924838,6.218030117452145
xair_atomic,plc_plain,1,aba,3.0,1,3120,3120,3121,0,8.0,268,1,authorization_committed,executed:PAUSED:3121,1,PAUSED,1,0,17.277628183364868,8.238628972321749
xair,plc_plain,1,aba,3.0,1,3122,3122,3123,0,16.0,269,1,published_after_gate_recheck,executed:PAUSED:3123,1,PAUSED,1,0,24.987225886434317,16.281682066619396
xair,plc_predicate,1,aba,3.0,1,3124,,,0,0.0,270,0,read_set_version_changed_at_gate,,0,,0,0,16.750189941376448,0.2225576899945736
xair,plc_plain,1,aba,3.0,1,3126,,,0,0.0,271,0,read_set_version_changed_at_gate,,0,,0,0,16.30011573433876,0.26352377608418465
xair_atomic,plc_conditional,0,,,1,3128,3128,3128,0,,272,1,authorization_committed,executed:RUN:3128,1,RUN,0,0,19.728214014321566,
xair,plc_conditional,1,aba,3.0,1,3128,3128,3129,0,12.0,273,1,published_after_gate_recheck,refused:version_changed:3129,0,,0,1,25.393748190253973,12.187174055725336
xair_atomic,plc_predicate,1,aba,3.0,1,3130,3130,3131,0,8.0,274,1,authorization_committed,refused:predicate_false:3131,0,,0,1,18.514187075197697,8.145774714648724
xair_atomic,plc_predicate,1,aba,3.0,1,3132,3132,3133,0,8.0,275,1,authorization_committed,refused:predicate_false:3133,0,,0,1,17.5441587343812,8.170831948518753
xair_atomic,plc_conditional,1,aba,3.0,1,3134,3134,3136,0,4.0,276,1,authorization_committed,refused:version_changed:3136,0,,0,1,22.394444327801466,4.185237921774387
xair_atomic,plc_conditional,1,aba,3.0,1,3136,3136,3138,0,6.0,277,1,authorization_committed,refused:version_changed:3138,0,,0,1,21.876111160963774,6.165963131934404
xair,plc_conditional,1,aba,3.0,1,3138,3138,3140,0,8.0,278,1,published_after_gate_recheck,refused:version_changed:3140,0,,0,1,24.503950029611588,8.222899865359068
xair_atomic,plc_plain,1,aba,3.0,1,3140,,,0,0.0,279,0,precondition_failed: line.state == 'RUN',,0,,0,0,13.529531192034483,0.41933730244636536
xair_atomic,plc_plain,1,aba,3.0,1,3142,3142,3142,0,20.0,280,1,authorization_committed,executed:RUN:3142,1,RUN,0,0,24.18599370867014,20.240886136889458
xair_atomic,plc_conditional,1,aba,3.0,1,3144,,,0,0.0,281,0,read_set_version_changed_at_commit,,0,,0,0,14.67902585864067,0.34382473677396774
xair,plc_conditional,1,aba,3.0,1,3146,,,0,4.0,282,0,read_set_version_changed_at_gate,,0,,0,0,20.406146068125963,4.21517388895154
xair_atomic,plc_plain,0,,,1,3148,3148,3148,0,,283,1,authorization_committed,executed:RUN:3148,1,RUN,0,0,22.706117946654558,
xair,plc_conditional,1,aba,3.0,1,3148,,,0,0.0,284,0,read_set_version_changed_at_gate,,0,,0,0,18.372612074017525,0.2965056337416172
xair_atomic,plc_plain,1,aba,3.0,1,3150,3150,3151,0,10.0,285,1,authorization_committed,executed:PAUSED:3151,1,PAUSED,1,0,15.208219178020954,10.200057178735733
xair,plc_conditional,1,aba,3.0,1,3152,3152,3153,0,14.0,286,1,published_after_gate_recheck,refused:version_changed:3153,0,,0,1,22.64787908643484,14.241175260394812
xair,plc_conditional,1,aba,3.0,1,3154,3154,3156,0,6.0,287,1,published_after_gate_recheck,refused:version_changed:3156,0,,0,1,20.74355771765113,6.280297413468361
xair,plc_predicate,1,aba,3.0,1,3156,3156,3156,0,14.0,288,1,published_after_gate_recheck,executed:RUN:3156,1,RUN,0,0,21.636472083628178,14.554142020642757
xair_atomic,plc_plain,1,aba,3.0,1,3158,,,0,2.0,289,0,read_set_version_changed_at_commit,,0,,0,0,15.029131900519133,2.2273873910307884
xair_atomic,plc_conditional,1,aba,3.0,1,3160,3160,3162,0,10.0,290,1,authorization_committed,refused:version_changed:3162,0,,0,1,23.125865031033754,10.235413908958435
xair_atomic,plc_plain,1,aba,3.0,1,3162,3162,3164,1,4.0,291,1,authorization_committed,executed:RUN:3164,1,RUN,0,0,19.675075076520443,4.252294078469276
xair_atomic,plc_predicate,0,,,1,3164,3164,3164,0,,292,1,authorization_committed,executed:RUN:3164,1,RUN,0,0,20.011064130812883,
xair,plc_predicate,1,aba,3.0,1,3164,3164,3164,0,20.0,293,1,published_after_gate_recheck,executed:RUN:3164,1,RUN,0,0,25.78829787671566,20.24726802483201
xair,plc_plain,1,aba,3.0,1,3166,3166,3166,0,16.0,294,1,published_after_gate_recheck,executed:RUN:3166,1,RUN,0,0,22.04566029831767,16.235313843935728
xair_atomic,plc_plain,1,aba,3.0,1,3168,,,0,4.0,295,0,read_set_version_changed_at_commit,,0,,0,0,16.905852127820253,4.1876728646457195
xair,plc_plain,1,aba,3.0,1,3170,3170,3171,0,14.0,296,1,published_after_gate_recheck,executed:PAUSED:3171,1,PAUSED,1,0,24.197254329919815,14.21677926555276
xair_atomic,plc_conditional,0,,,1,3172,3172,3172,0,,297,1,authorization_committed,executed:RUN:3172,1,RUN,0,0,18.89247726649046,
xair,plc_predicate,1,aba,3.0,1,3172,3172,3174,1,10.0,298,1,published_after_gate_recheck,executed:RUN:3174,1,RUN,0,0,25.029375217854977,10.233510285615921
xair_atomic,plc_conditional,0,,,1,3174,3174,3174,0,,299,1,authorization_committed,executed:RUN:3174,1,RUN,0,0,18.289116211235523,
xair,plc_conditional,1,aba,3.0,1,3174,3174,3176,0,8.0,300,1,published_after_gate_recheck,refused:version_changed:3176,0,,0,1,24.569282308220863,8.273405022919178
xair,plc_conditional,1,aba,3.0,1,3176,,,0,2.0,301,0,read_set_version_changed_at_gate,,0,,0,0,18.591273110359907,2.202790230512619
xair,plc_conditional,1,aba,3.0,1,3178,,,0,4.0,302,0,read_set_version_changed_at_gate,,0,,0,0,20.7358431071043,4.301206208765507
xair_atomic,plc_predicate,1,aba,3.0,1,3180,3180,3181,0,12.0,303,1,authorization_committed,refused:predicate_false:3181,0,,0,1,20.527292974293232,12.278954964131117
xair_atomic,plc_predicate,1,aba,3.0,1,3182,,,0,2.0,304,0,read_set_version_changed_at_commit,,0,,0,0,15.179966110736132,2.2080899216234684
xair,plc_predicate,1,aba,3.0,1,3184,3184,3185,0,10.0,305,1,published_after_gate_recheck,refused:predicate_false:3185,0,,0,1,18.825741950422525,10.259538888931274
xair_atomic,plc_conditional,1,aba,3.0,1,3186,3186,3186,0,20.0,306,1,authorization_committed,executed:RUN:3186,1,RUN,0,0,23.85669620707631,20.212963223457336
xair,plc_conditional,1,aba,3.0,1,3188,,,0,4.0,307,0,read_set_version_changed_at_gate,,0,,0,0,20.718891639262438,4.234040156006813
xair_atomic,plc_plain,1,aba,3.0,1,3190,3190,3191,0,10.0,308,1,authorization_committed,executed:PAUSED:3191,1,PAUSED,1,0,16.858804039657116,10.23717736825347
xair_atomic,plc_predicate,1,aba,3.0,1,3192,3192,3192,0,20.0,309,1,authorization_committed,executed:RUN:3192,1,RUN,0,0,19.578874111175537,20.253639202564955
xair_atomic,plc_plain,1,aba,3.0,1,3194,,,0,4.0,310,0,read_set_version_changed_at_commit,,0,,0,0,16.411154065281153,4.208692349493504
xair_atomic,plc_conditional,1,aba,3.0,1,3196,3196,3198,0,8.0,311,1,authorization_committed,refused:version_changed:3198,0,,0,1,23.711172863841057,8.225603960454464
xair,plc_conditional,1,aba,3.0,1,3198,3198,3199,0,14.0,312,1,published_after_gate_recheck,refused:version_changed:3199,0,,0,1,24.366000667214394,16.502986196428537
xair,plc_conditional,1,aba,3.0,1,3200,3200,3201,0,20.0,313,1,published_after_gate_recheck,refused:version_changed:3201,0,,0,1,30.102047137916088,20.364067051559687
xair_atomic,plc_predicate,0,,,1,3202,3202,3202,0,,314,1,authorization_committed,executed:RUN:3202,1,RUN,0,0,27.975119184702635,
xair,plc_conditional,1,aba,3.0,1,3202,3202,3202,0,16.0,315,1,published_after_gate_recheck,executed:RUN:3202,1,RUN,0,0,23.54014292359352,16.48496277630329
xair_atomic,plc_plain,0,,,1,3204,3204,3204,0,,316,1,authorization_committed,executed:RUN:3204,1,RUN,0,0,18.422886729240417,
xair,plc_conditional,1,aba,3.0,1,3204,3204,3206,0,6.0,317,1,published_after_gate_recheck,refused:version_changed:3206,0,,0,1,26.101925875991583,6.258504930883646
xair,plc_predicate,0,,,1,3206,3206,3206,0,,318,1,published_after_gate_recheck,executed:RUN:3206,1,RUN,0,0,21.660116035491228,
xair,plc_predicate,1,aba,3.0,1,3206,3206,3207,0,14.0,319,1,published_after_gate_recheck,refused:predicate_false:3207,0,,0,1,23.59942300245166,14.193635899573565
xair,plc_conditional,1,aba,3.0,1,3208,3208,3210,0,8.0,320,1,published_after_gate_recheck,refused:version_changed:3210,0,,0,1,22.02400891110301,8.37704911828041
xair,plc_conditional,1,aba,3.0,1,3210,3210,3210,0,16.0,321,1,published_after_gate_recheck,executed:RUN:3210,1,RUN,0,0,20.138532854616642,16.197434160858393
xair_atomic,plc_predicate,1,aba,3.0,1,3212,3212,3214,1,8.0,322,1,authorization_committed,executed:RUN:3214,1,RUN,0,0,24.09678604453802,8.150434121489525
xair,plc_plain,1,aba,3.0,1,3214,3214,3215,0,14.0,323,1,published_after_gate_recheck,executed:PAUSED:3215,1,PAUSED,1,0,25.77430196106434,14.142039231956005
xair,plc_conditional,1,aba,3.0,1,3216,3216,3216,0,14.0,324,1,published_after_gate_recheck,executed:RUN:3216,1,RUN,0,0,19.8089056648314,14.14418313652277
xair_atomic,plc_predicate,1,aba,3.0,1,3218,3218,3220,1,4.0,325,1,authorization_committed,executed:RUN:3220,1,RUN,0,0,16.315434128046036,4.284033086150885
xair_atomic,plc_plain,1,aba,3.0,1,3220,,,0,4.0,326,0,read_set_version_changed_at_commit,,0,,0,0,17.585847061127424,4.1794669814407825
xair_atomic,plc_predicate,1,aba,3.0,1,3222,3222,3224,1,6.0,327,1,authorization_committed,executed:RUN:3224,1,RUN,0,0,21.315982099622488,6.147859152406454
xair_atomic,plc_plain,1,aba,3.0,1,3224,3224,3224,0,20.0,328,1,authorization_committed,executed:RUN:3224,1,RUN,0,0,22.249070927500725,20.144654903560877
xair,plc_conditional,1,aba,3.0,1,3226,3226,3226,0,14.0,329,1,published_after_gate_recheck,executed:RUN:3226,1,RUN,0,0,19.40617011860013,14.303901698440313
xair,plc_plain,1,aba,3.0,1,3228,,,0,2.0,330,0,read_set_version_changed_at_gate,,0,,0,0,20.150986965745687,2.3054229095578194
xair,plc_predicate,1,aba,3.0,1,3230,3230,3232,1,4.0,331,1,published_after_gate_recheck,executed:RUN:3232,1,RUN,0,0,24.417447857558727,4.281988833099604
xair,plc_conditional,0,,,1,3232,3232,3232,0,,332,1,published_after_gate_recheck,executed:RUN:3232,1,RUN,0,0,22.66526222229004,
xair_atomic,plc_predicate,1,aba,3.0,1,3232,3232,3232,0,20.0,333,1,authorization_committed,executed:RUN:3232,1,RUN,0,0,18.691259901970625,20.220858044922352
xair_atomic,plc_plain,1,aba,3.0,1,3234,3234,3235,0,14.0,334,1,authorization_committed,executed:PAUSED:3235,1,PAUSED,1,0,21.717184223234653,14.173687901347876
xair_atomic,plc_predicate,1,aba,3.0,1,3236,3236,3236,0,20.0,335,1,authorization_committed,executed:RUN:3236,1,RUN,0,0,14.372722245752811,20.301599986851215
xair,plc_conditional,1,aba,3.0,1,3238,,,0,4.0,336,0,read_set_version_changed_at_gate,,0,,0,0,20.246225874871016,4.219934344291687
xair_atomic,plc_conditional,1,aba,3.0,1,3240,3240,3242,0,8.0,337,1,authorization_committed,refused:version_changed:3242,0,,0,1,19.546793773770332,8.246863726526499
xair_atomic,plc_conditional,1,aba,3.0,1,3242,3242,3243,0,14.0,338,1,authorization_committed,refused:version_changed:3243,0,,0,1,18.47694767639041,14.2301837913692
xair_atomic,plc_predicate,1,aba,3.0,1,3244,3244,3245,0,8.0,339,1,authorization_committed,refused:predicate_false:3245,0,,0,1,17.78100337833166,8.266881573945284
xair_atomic,plc_conditional,1,aba,3.0,1,3246,3246,3247,0,10.0,340,1,authorization_committed,refused:version_changed:3247,0,,0,1,16.236145980656147,10.260600596666336
xair_atomic,plc_conditional,1,aba,3.0,1,3248,3248,3249,0,14.0,341,1,authorization_committed,refused:version_changed:3249,0,,0,1,22.86625886335969,14.238439965993166
xair,plc_predicate,0,,,1,3250,3250,3250,0,,342,1,published_after_gate_recheck,executed:RUN:3250,1,RUN,0,0,26.706159114837646,
xair,plc_plain,1,aba,3.0,1,3250,3250,3251,0,12.0,343,1,published_after_gate_recheck,executed:PAUSED:3251,1,PAUSED,1,0,20.182635635137558,12.236256152391434
xair_atomic,plc_predicate,1,aba,3.0,1,3252,,,0,2.0,344,0,read_set_version_changed_at_commit,,0,,0,0,15.14208409935236,2.3266631178557873
xair_atomic,plc_predicate,1,aba,3.0,1,3254,,,0,0.0,345,0,read_set_version_changed_at_commit,,0,,0,0,13.925503008067608,0.2863667905330658
xair,plc_conditional,1,aba,3.0,1,3256,3256,3256,0,16.0,346,1,published_after_gate_recheck,executed:RUN:3256,1,RUN,0,0,23.26380368322134,16.18749415501952
xair,plc_conditional,1,aba,3.0,1,3258,,,0,0.0,347,0,read_set_version_changed_at_gate,,0,,0,0,17.744633834809065,0.43988367542624474
xair,plc_predicate,1,aba,3.0,1,3260,3260,3260,0,20.0,348,1,published_after_gate_recheck,executed:RUN:3260,1,RUN,0,0,18.1925636716187,20.27094177901745
xair_atomic,plc_predicate,0,,,1,3262,3262,3262,0,,349,1,authorization_committed,executed:RUN:3262,1,RUN,0,0,18.479902762919664,
xair,plc_conditional,1,aba,3.0,1,3262,3262,3262,0,20.0,350,1,published_after_gate_recheck,executed:RUN:3262,1,RUN,0,0,25.217898190021515,20.222641061991453
xair,plc_predicate,1,aba,3.0,1,3264,3264,3265,0,10.0,351,1,published_after_gate_recheck,refused:predicate_false:3265,0,,0,1,17.908071167767048,10.180320125073195
xair_atomic,plc_plain,1,aba,3.0,1,3266,,,0,4.0,352,0,read_set_version_changed_at_commit,,0,,0,0,16.802807804197073,4.186490084975958
xair_atomic,plc_plain,0,,,1,3268,3268,3268,0,,353,1,authorization_committed,executed:RUN:3268,1,RUN,0,0,21.65478700771928,
xair,plc_conditional,1,aba,3.0,1,3268,,,0,2.0,354,0,read_set_version_changed_at_gate,,0,,0,0,18.231136724352837,2.14421097189188
xair,plc_predicate,1,aba,3.0,1,3270,,,0,2.0,355,0,read_set_version_changed_at_gate,,0,,0,0,16.311457380652428,2.374713309109211
xair,plc_plain,1,aba,3.0,1,3272,3272,3273,0,16.0,356,1,published_after_gate_recheck,executed:PAUSED:3273,1,PAUSED,1,0,25.254748295992613,16.21105894446373
xair_atomic,plc_conditional,1,aba,3.0,1,3274,3274,3275,0,12.0,357,1,authorization_committed,refused:version_changed:3275,0,,0,1,18.823939375579357,12.237518094480038
xair_atomic,plc_plain,1,aba,3.0,1,3276,3276,3276,0,20.0,358,1,authorization_committed,executed:RUN:3276,1,RUN,0,0,20.175212994217873,20.260703284293413
xair,plc_conditional,1,aba,3.0,1,3278,,,0,2.0,359,0,read_set_version_changed_at_gate,,0,,0,0,18.46847217530012,2.1609519608318806
xair,plc_plain,1,aba,3.0,1,3280,,,0,0.0,360,0,read_set_version_changed_at_gate,,0,,0,0,18.183687701821327,0.2881898544728756
xair_atomic,plc_predicate,1,aba,3.0,1,3282,3282,3284,1,6.0,361,1,authorization_committed,executed:RUN:3284,1,RUN,0,0,21.167683880776167,6.163197103887796
xair_atomic,plc_plain,1,aba,3.0,1,3284,,,0,2.0,362,0,read_set_version_changed_at_commit,,0,,0,0,15.0295440107584,2.3650950752198696
xair_atomic,plc_predicate,1,aba,3.0,1,3286,3286,3286,0,16.0,363,1,authorization_committed,executed:RUN:3286,1,RUN,0,0,15.777706168591976,16.22053701430559
xair,plc_conditional,1,aba,3.0,1,3288,,,0,4.0,364,0,read_set_version_changed_at_gate,,0,,0,0,19.801521208137274,4.212989937514067
xair_atomic,plc_plain,0,,,1,3290,3290,3290,0,,365,1,authorization_committed,executed:RUN:3290,1,RUN,0,0,25.551513768732548,
xair_atomic,plc_plain,1,aba,3.0,1,3290,3290,3292,1,6.0,366,1,authorization_committed,executed:RUN:3292,1,RUN,0,0,21.932987961918116,6.1763920821249485
xair_atomic,plc_conditional,1,aba,3.0,1,3292,3292,3293,0,14.0,367,1,authorization_committed,refused:version_changed:3293,0,,0,1,21.28025470301509,14.226948842406273
xair_atomic,plc_plain,1,aba,3.0,1,3294,3294,3296,1,8.0,368,1,authorization_committed,executed:RUN:3296,1,RUN,0,0,20.220537669956684,8.237827103585005
xair_atomic,plc_predicate,0,,,1,3296,3296,3296,0,,369,1,authorization_committed,executed:RUN:3296,1,RUN,0,0,20.158971659839153,
xair,plc_plain,1,aba,3.0,1,3296,3296,3297,0,12.0,370,1,published_after_gate_recheck,executed:PAUSED:3297,1,PAUSED,1,0,24.438286665827036,12.332957237958908
xair_atomic,plc_conditional,1,aba,3.0,1,3298,3298,3300,0,8.0,371,1,authorization_committed,refused:version_changed:3300,0,,0,1,25.432611349970102,8.232657797634602
xair,plc_conditional,1,aba,3.0,1,3300,3300,3302,0,10.0,372,1,published_after_gate_recheck,refused:version_changed:3302,0,,0,1,25.207288097590208,10.178286116570234
xair,plc_plain,1,aba,3.0,1,3302,3302,3303,0,4.0,373,1,published_after_gate_recheck,executed:PAUSED:3303,1,PAUSED,1,0,26.545177679508924,4.262533970177174
xair,plc_conditional,1,aba,3.0,1,3304,3304,3305,0,10.0,374,1,published_after_gate_recheck,refused:version_changed:3305,0,,0,1,20.318551920354366,10.207730811089277
xair,plc_conditional,1,aba,3.0,1,3306,3306,3306,0,20.0,375,1,published_after_gate_recheck,executed:RUN:3306,1,RUN,0,0,27.14651497080922,20.24210710078478
xair,plc_conditional,1,aba,3.0,1,3308,3308,3310,0,6.0,376,1,published_after_gate_recheck,refused:version_changed:3310,0,,0,1,19.8735767044127,6.331451702862978
xair,plc_conditional,1,aba,3.0,1,3310,3310,3312,0,8.0,377,1,published_after_gate_recheck,refused:version_changed:3312,0,,0,1,21.72537986189127,8.235974237322807
xair_atomic,plc_plain,1,aba,3.0,1,3312,3312,3314,1,6.0,378,1,authorization_committed,executed:RUN:3314,1,RUN,0,0,17.39071123301983,6.20512617751956
xair,plc_plain,1,aba,3.0,1,3314,3314,3314,0,20.0,379,1,published_after_gate_recheck,executed:RUN:3314,1,RUN,0,0,20.70278162136674,20.24161722511053
xair_atomic,plc_predicate,1,aba,3.0,1,3316,,,0,0.0,380,0,precondition_failed: line.state == 'RUN',,0,,0,0,12.614725157618523,0.2910960465669632
xair,plc_predicate,1,aba,3.0,1,3318,3318,3319,0,12.0,381,1,published_after_gate_recheck,refused:predicate_false:3319,0,,0,1,22.387311328202486,12.265490368008614
xair_atomic,plc_conditional,0,,,1,3320,3320,3320,0,,382,1,authorization_committed,executed:RUN:3320,1,RUN,0,0,22.77242299169302,
xair_atomic,plc_predicate,1,aba,3.0,1,3320,3320,3322,1,8.0,383,1,authorization_committed,executed:RUN:3322,1,RUN,0,0,22.59933901950717,8.409980218857527
xair,plc_plain,1,aba,3.0,1,3322,3322,3324,1,10.0,384,1,published_after_gate_recheck,executed:RUN:3324,1,RUN,0,0,23.153617046773434,10.195478796958923
xair,plc_plain,0,,,1,3324,3324,3324,0,,385,1,published_after_gate_recheck,executed:RUN:3324,1,RUN,0,0,21.28739794716239,
xair,plc_conditional,1,aba,3.0,1,3324,3324,3325,0,8.0,386,1,published_after_gate_recheck,refused:version_changed:3325,0,,0,1,21.411079913377762,8.318248204886913
xair,plc_conditional,1,aba,3.0,1,3326,3326,3327,0,6.0,387,1,published_after_gate_recheck,refused:version_changed:3327,0,,0,1,20.062359981238842,6.271169055253267
xair,plc_conditional,0,,,1,3328,3328,3328,0,,388,1,published_after_gate_recheck,executed:RUN:3328,1,RUN,0,0,20.258899312466383,
xair_atomic,plc_conditional,1,aba,3.0,1,3328,3328,3328,0,20.0,389,1,authorization_committed,executed:RUN:3328,1,RUN,0,0,19.5267959497869,20.227309782058
xair,plc_plain,1,aba,3.0,1,3330,3330,3332,1,12.0,390,1,published_after_gate_recheck,executed:RUN:3332,1,RUN,0,0,25.08803503587842,12.181953061372042
xair,plc_conditional,1,aba,3.0,1,3332,3332,3333,0,8.0,391,1,published_after_gate_recheck,refused:version_changed:3333,0,,0,1,19.965049345046282,8.31514224410057
xair_atomic,plc_plain,1,aba,3.0,1,3334,3334,3334,0,12.0,392,1,authorization_committed,executed:RUN:3334,1,RUN,0,0,15.522498171776533,12.217380106449127
xair,plc_plain,1,aba,3.0,1,3336,3336,3337,0,10.0,393,1,published_after_gate_recheck,executed:PAUSED:3337,1,PAUSED,1,0,20.885223988443613,10.187342762947083
xair_atomic,plc_conditional,1,aba,3.0,1,3338,,,0,0.0,394,0,read_set_version_changed_at_commit,,0,,0,0,13.517167419195175,0.20146789029240608
xair,plc_plain,0,,,1,3340,3340,3340,0,,395,1,published_after_gate_recheck,executed:RUN:3340,1,RUN,0,0,24.506925139576197,
xair,plc_conditional,1,aba,3.0,1,3340,,,0,2.0,396,0,read_set_version_changed_at_gate,,0,,0,0,18.16920004785061,2.170570194721222
xair_atomic,plc_predicate,1,aba,3.0,1,3342,3342,3343,0,14.0,397,1,authorization_committed,refused:predicate_false:3343,0,,0,1,23.247913923114538,14.290357939898968
xair_atomic,plc_predicate,1,aba,3.0,1,3344,3344,3346,1,10.0,398,1,authorization_committed,executed:RUN:3346,1,RUN,0,0,22.200731094926596,10.228349827229977
xair_atomic,plc_predicate,1,aba,3.0,1,3346,,,0,0.0,399,0,precondition_failed: line.state == 'RUN',,0,,0,0,13.255246914923191,0.2867584116756916
xair,plc_plain,1,aba,3.0,1,3348,,,0,0.0,400,0,read_set_version_changed_at_gate,,0,,0,0,16.92904531955719,0.29446324333548546
xair,plc_conditional,1,aba,3.0,1,3350,,,0,0.0,401,0,read_set_version_changed_at_gate,,0,,0,0,16.776708886027336,0.3178967162966728
xair,plc_predicate,1,aba,3.0,1,3352,3352,3353,0,8.0,402,1,published_after_gate_recheck,refused:predicate_false:3353,0,,0,1,19.61040310561657,8.204706013202667
xair,plc_conditional,1,aba,3.0,1,3354,3354,3355,0,8.0,403,1,published_after_gate_recheck,refused:version_changed:3355,0,,0,1,18.06283090263605,8.220545016229153
xair,plc_predicate,1,aba,3.0,1,3356,3356,3357,0,14.0,404,1,published_after_gate_recheck,refused:predicate_false:3357,0,,0,1,27.510436717420816,14.2195550724864
xair_atomic,plc_plain,1,aba,3.0,1,3358,,,0,0.0,405,0,read_set_version_changed_at_commit,,0,,0,0,14.447933062911034,0.2818680368363857
xair_atomic,plc_plain,0,,,1,3360,3360,3360,0,,406,1,authorization_committed,executed:RUN:3360,1,RUN,0,0,22.863473743200302,
xair,plc_predicate,1,aba,3.0,1,3360,3360,3361,0,12.0,407,1,published_after_gate_recheck,refused:predicate_false:3361,0,,0,1,25.31962003558874,12.326855212450027
xair,plc_plain,1,aba,3.0,1,3362,3362,3362,0,16.0,408,1,published_after_gate_recheck,executed:RUN:3362,1,RUN,0,0,19.226783886551857,16.305014956742525
xair,plc_plain,1,aba,3.0,1,3364,3364,3366,1,6.0,409,1,published_after_gate_recheck,executed:RUN:3366,1,RUN,0,0,25.381474755704403,6.211236584931612
xair_atomic,plc_conditional,1,aba,3.0,1,3366,3366,3367,0,14.0,410,1,authorization_committed,refused:version_changed:3367,0,,0,1,18.27400689944625,14.20367369428277
xair,plc_predicate,1,aba,3.0,1,3368,3368,3368,0,20.0,411,1,published_after_gate_recheck,executed:RUN:3368,1,RUN,0,0,20.85627941414714,20.20678110420704
xair,plc_conditional,1,aba,3.0,1,3370,3370,3371,0,12.0,412,1,published_after_gate_recheck,refused:version_changed:3371,0,,0,1,24.367363657802343,12.334398925304413
xair,plc_conditional,1,aba,3.0,1,3372,3372,3372,0,12.0,413,1,published_after_gate_recheck,executed:RUN:3372,1,RUN,0,0,19.218898843973875,12.265469878911972
xair,plc_predicate,1,aba,3.0,1,3374,3374,3376,1,6.0,414,1,published_after_gate_recheck,executed:RUN:3376,1,RUN,0,0,27.916608843952417,6.296687293797731
xair_atomic,plc_predicate,1,aba,3.0,1,3376,3376,3376,0,20.0,415,1,authorization_committed,executed:RUN:3376,1,RUN,0,0,19.20600514858961,20.162949338555336
xair_atomic,plc_conditional,1,aba,3.0,1,3378,3378,3379,0,16.0,416,1,authorization_committed,refused:version_changed:3379,0,,0,1,22.11272530257702,16.22280990704894
xair,plc_conditional,1,aba,3.0,1,3380,3380,3382,0,6.0,417,1,published_after_gate_recheck,refused:version_changed:3382,0,,0,1,22.16066513210535,6.183856166899204
xair,plc_plain,1,aba,3.0,1,3382,3382,3383,0,14.0,418,1,published_after_gate_recheck,executed:PAUSED:3383,1,PAUSED,1,0,22.125910967588425,14.384563080966473
xair,plc_conditional,1,aba,3.0,1,3384,3384,3385,0,12.0,419,1,published_after_gate_recheck,refused:version_changed:3385,0,,0,1,20.69159084931016,12.266200967133045
xair_atomic,plc_predicate,1,aba,3.0,1,3386,3386,3387,0,10.0,420,1,authorization_committed,refused:predicate_false:3387,0,,0,1,18.01556209102273,10.23452216759324
xair,plc_plain,1,aba,3.0,1,3388,3388,3389,0,10.0,421,1,published_after_gate_recheck,executed:PAUSED:3389,1,PAUSED,1,0,24.221940897405148,10.231826920062304
xair,plc_plain,1,aba,3.0,1,3390,3390,3391,0,8.0,422,1,published_after_gate_recheck,executed:PAUSED:3391,1,PAUSED,1,0,18.948671873658895,8.219091687351465
xair,plc_conditional,1,aba,3.0,1,3392,,,0,2.0,423,0,read_set_version_changed_at_gate,,0,,0,0,18.217431847006083,2.2594467736780643
xair_atomic,plc_plain,1,aba,3.0,1,3394,3394,3396,1,6.0,424,1,authorization_committed,executed:RUN:3396,1,RUN,0,0,19.477903842926025,6.162816192954779
xair_atomic,plc_plain,1,aba,3.0,1,3396,3396,3397,0,14.0,425,1,authorization_committed,executed:PAUSED:3397,1,PAUSED,1,0,21.754132583737373,14.167285989969969
xair,plc_plain,1,aba,3.0,1,3398,3398,3400,1,8.0,426,1,published_after_gate_recheck,executed:RUN:3400,1,RUN,0,0,22.465247195214033,8.195026777684689
xair_atomic,plc_predicate,1,aba,3.0,1,3400,3400,3401,0,10.0,427,1,authorization_committed,refused:predicate_false:3401,0,,0,1,17.937245778739452,10.204264894127846
xair,plc_predicate,1,aba,3.0,1,3402,3402,3402,0,20.0,428,1,published_after_gate_recheck,executed:RUN:3402,1,RUN,0,0,23.729658219963312,20.453444216400385
xair,plc_conditional,1,aba,3.0,1,3404,3404,3404,0,20.0,429,1,published_after_gate_recheck,executed:RUN:3404,1,RUN,0,0,24.761111009866,20.31845087185502
xair_atomic,plc_conditional,1,aba,3.0,1,3406,3406,3408,0,10.0,430,1,authorization_committed,refused:version_changed:3408,0,,0,1,22.509268950670958,10.23700600489974
xair_atomic,plc_predicate,1,aba,3.0,1,3408,3408,3409,0,12.0,431,1,authorization_committed,refused:predicate_false:3409,0,,0,1,18.992905970662832,12.259158305823803
xair_atomic,plc_plain,1,aba,3.0,1,3410,,,0,0.0,432,0,read_set_version_changed_at_commit,,0,,0,0,14.38098680227995,0.33579021692276
xair,plc_plain,1,aba,3.0,1,3412,,,0,0.0,433,0,read_set_version_changed_at_gate,,0,,0,0,17.594714183360338,0.3023971803486347
xair_atomic,plc_predicate,0,,,1,3414,3414,3414,0,,434,1,authorization_committed,executed:RUN:3414,1,RUN,0,0,23.357589729130268,
xair_atomic,plc_conditional,1,aba,3.0,1,3414,3414,3416,0,6.0,435,1,authorization_committed,refused:version_changed:3416,0,,0,1,22.968309931457043,6.229120772331953
xair_atomic,plc_predicate,1,aba,3.0,1,3416,3416,3418,1,6.0,436,1,authorization_committed,executed:RUN:3418,1,RUN,0,0,21.27483393996954,6.250892300158739
xair,plc_plain,0,,,1,3418,3418,3418,0,,437,1,published_after_gate_recheck,executed:RUN:3418,1,RUN,0,0,24.2906897328794,
xair_atomic,plc_plain,1,aba,3.0,1,3418,3418,3419,0,10.0,438,1,authorization_committed,executed:PAUSED:3419,1,PAUSED,1,0,19.92631610482931,10.261312127113342
xair,plc_plain,1,aba,3.0,1,3420,3420,3422,1,8.0,439,1,published_after_gate_recheck,executed:RUN:3422,1,RUN,0,0,24.836051743477583,8.227087091654539
xair_atomic,plc_predicate,1,aba,3.0,1,3422,,,0,0.0,440,0,read_set_version_changed_at_commit,,0,,0,0,13.835064135491848,0.2288990654051304
xair_atomic,plc_plain,1,aba,3.0,1,3424,3424,3424,0,14.0,441,1,authorization_committed,executed:RUN:3424,1,RUN,0,0,16.863551922142506,14.253828208893538
xair,plc_conditional,1,aba,3.0,1,3426,3426,3426,0,14.0,442,1,published_after_gate_recheck,executed:RUN:3426,1,RUN,0,0,17.543797846883535,14.175481628626585
xair,plc_predicate,1,aba,3.0,1,3428,3428,3430,1,6.0,443,1,published_after_gate_recheck,executed:RUN:3430,1,RUN,0,0,19.062054809182882,6.169669795781374
xair_atomic,plc_conditional,1,aba,3.0,1,3430,3430,3431,0,8.0,444,1,authorization_committed,refused:version_changed:3431,0,,0,1,16.634724102914333,8.179969154298306
xair,plc_plain,1,aba,3.0,1,3432,3432,3433,0,16.0,445,1,published_after_gate_recheck,executed:PAUSED:3433,1,PAUSED,1,0,26.083079632371664,16.175452154129744
xair_atomic,plc_conditional,1,aba,3.0,1,3434,3434,3435,0,8.0,446,1,authorization_committed,refused:version_changed:3435,0,,0,1,14.279867056757212,8.166795130819082
xair,plc_conditional,1,aba,3.0,1,3436,3436,3437,0,12.0,447,1,published_after_gate_recheck,refused:version_changed:3437,0,,0,1,22.075064945966005,12.35664077103138
xair_atomic,plc_plain,1,aba,3.0,1,3438,3438,3439,0,12.0,448,1,authorization_committed,executed:PAUSED:3439,1,PAUSED,1,0,17.842276953160763,12.303091119974852
xair_atomic,plc_conditional,1,aba,3.0,1,3440,3440,3440,0,14.0,449,1,authorization_committed,executed:RUN:3440,1,RUN,0,0,18.06662790477276,14.244680758565664
xair_atomic,plc_conditional,1,aba,3.0,1,3442,3442,3443,0,12.0,450,1,authorization_committed,refused:version_changed:3443,0,,0,1,18.29104870557785,12.358976062387228
xair_atomic,plc_plain,1,aba,3.0,1,3444,3444,3445,0,12.0,451,1,authorization_committed,executed:PAUSED:3445,1,PAUSED,1,0,18.64671567454934,12.14913185685873
xair,plc_conditional,0,,,1,3446,3446,3446,0,,452,1,published_after_gate_recheck,executed:RUN:3446,1,RUN,0,0,23.37781758978963,
xair,plc_conditional,1,aba,3.0,1,3446,,,0,0.0,453,0,read_set_version_changed_at_gate,,0,,0,0,18.637589178979397,0.7209121249616146
xair_atomic,plc_plain,1,aba,3.0,1,3448,3448,3449,0,14.0,454,1,authorization_committed,executed:PAUSED:3449,1,PAUSED,1,0,20.898208022117615,14.158850070089102
xair,plc_plain,1,aba,3.0,1,3450,3450,3451,0,12.0,455,1,published_after_gate_recheck,executed:PAUSED:3451,1,PAUSED,1,0,23.97425612434745,12.296407949179411
xair_atomic,plc_plain,0,,,1,3452,3452,3452,0,,456,1,authorization_committed,executed:RUN:3452,1,RUN,0,0,14.006554614752531,
xair,plc_conditional,0,,,1,3452,3452,3452,0,,457,1,published_after_gate_recheck,executed:RUN:3452,1,RUN,0,0,28.13507802784443,
xair_atomic,plc_predicate,1,aba,3.0,1,3452,3452,3453,0,10.0,458,1,authorization_committed,refused:predicate_false:3453,0,,0,1,17.83219864591956,10.21075714379549
xair,plc_conditional,0,,,1,3454,3454,3454,0,,459,1,published_after_gate_recheck,executed:RUN:3454,1,RUN,0,0,25.898674968630075,
xair,plc_predicate,1,aba,3.0,1,3454,3454,3456,1,8.0,460,1,published_after_gate_recheck,executed:RUN:3456,1,RUN,0,0,22.953552193939686,8.268765173852444
xair_atomic,plc_predicate,1,aba,3.0,1,3456,,,0,0.0,461,0,read_set_version_changed_at_commit,,0,,0,0,14.358335174620152,0.3198198974132538
xair,plc_plain,0,,,1,3458,3458,3458,0,,462,1,published_after_gate_recheck,executed:RUN:3458,1,RUN,0,0,25.06448095664382,
xair_atomic,plc_plain,1,aba,3.0,1,3458,3458,3458,0,20.0,463,1,authorization_committed,executed:RUN:3458,1,RUN,0,0,18.918586429208517,20.240213721990585
xair_atomic,plc_conditional,1,aba,3.0,1,3460,3460,3461,0,12.0,464,1,authorization_committed,refused:version_changed:3461,0,,0,1,20.815341733396053,12.28577783331275
xair,plc_plain,1,aba,3.0,1,3462,3462,3463,0,12.0,465,1,published_after_gate_recheck,executed:PAUSED:3463,1,PAUSED,1,0,24.456440936774015,12.182213831692934
xair_atomic,plc_conditional,1,aba,3.0,1,3464,,,0,2.0,466,0,read_set_version_changed_at_commit,,0,,0,0,15.28457086533308,2.6920679956674576
xair,plc_predicate,1,aba,3.0,1,3466,3466,3466,0,20.0,467,1,published_after_gate_recheck,executed:RUN:3466,1,RUN,0,0,23.30118464305997,20.29707096517086
xair_atomic,plc_plain,1,aba,3.0,1,3468,,,0,2.0,468,0,read_set_version_changed_at_commit,,0,,0,0,14.530336949974298,2.2404310293495655
xair_atomic,plc_conditional,1,aba,3.0,1,3470,3470,3470,0,20.0,469,1,authorization_committed,executed:RUN:3470,1,RUN,0,0,18.183246720582247,20.24408197030425
xair_atomic,plc_plain,0,,,1,3472,3472,3472,0,,470,1,authorization_committed,executed:RUN:3472,1,RUN,0,0,21.216715220361948,
xair,plc_predicate,1,aba,3.0,1,3472,3472,3473,0,14.0,471,1,published_after_gate_recheck,refused:predicate_false:3473,0,,0,1,25.35893302410841,14.250703155994415
xair,plc_predicate,1,aba,3.0,1,3474,3474,3476,1,14.0,472,1,published_after_gate_recheck,executed:RUN:3476,1,RUN,0,0,28.153101913630962,14.231827110052109
xair_atomic,plc_conditional,1,aba,3.0,1,3476,,,0,2.0,473,0,read_set_version_changed_at_commit,,0,,0,0,15.009025111794472,2.2867778316140175
xair,plc_predicate,1,aba,3.0,1,3478,3478,3479,0,16.0,474,1,published_after_gate_recheck,refused:predicate_false:3479,0,,0,1,26.599207893013954,16.244991682469845
xair_atomic,plc_conditional,1,aba,3.0,1,3480,3480,3482,0,14.0,475,1,authorization_committed,refused:version_changed:3482,0,,0,1,24.54716106876731,14.245553407818079
xair,plc_predicate,1,aba,3.0,1,3482,3482,3483,0,10.0,476,1,published_after_gate_recheck,refused:predicate_false:3483,0,,0,1,21.202489268034697,10.252105072140694
xair,plc_plain,1,aba,3.0,1,3484,3484,3486,1,6.0,477,1,published_after_gate_recheck,executed:RUN:3486,1,RUN,0,0,25.795831810683012,6.257403641939163
xair,plc_conditional,1,aba,3.0,1,3486,3486,3487,0,12.0,478,1,published_after_gate_recheck,refused:version_changed:3487,0,,0,1,22.082048002630472,12.265480123460293
xair,plc_predicate,1,aba,3.0,1,3488,3488,3489,0,10.0,479,1,published_after_gate_recheck,refused:predicate_false:3489,0,,0,1,21.964718122035265,10.234520770609379
xair,plc_conditional,1,aba,3.0,1,3490,3490,3490,0,20.0,480,1,published_after_gate_recheck,executed:RUN:3490,1,RUN,0,0,18.91294587403536,20.222140941768885
xair_atomic,plc_plain,1,aba,3.0,1,3492,3492,3493,0,10.0,481,1,authorization_committed,executed:PAUSED:3493,1,PAUSED,1,0,18.235335126519203,10.329500306397676
xair_atomic,plc_predicate,1,aba,3.0,1,3494,3494,3495,0,16.0,482,1,authorization_committed,refused:predicate_false:3495,0,,0,1,20.454426296055317,16.301217954605818
xair,plc_plain,1,aba,3.0,1,3496,,,0,2.0,483,0,read_set_version_changed_at_gate,,0,,0,0,17.79788499698043,2.2228281013667583
xair_atomic,plc_predicate,1,aba,3.0,1,3498,3498,3499,0,8.0,484,1,authorization_committed,refused:predicate_false:3499,0,,0,1,16.167968045920134,8.213020861148834
xair_atomic,plc_conditional,1,aba,3.0,1,3500,3500,3501,0,10.0,485,1,authorization_committed,refused:version_changed:3501,0,,0,1,20.327497739344835,10.222719982266426
xair,plc_predicate,1,aba,3.0,1,3502,3502,3502,0,20.0,486,1,published_after_gate_recheck,executed:RUN:3502,1,RUN,0,0,25.654527358710766,20.242468919605017
xair_atomic,plc_plain,1,aba,3.0,1,3504,,,0,0.0,487,0,precondition_failed: line.state == 'RUN',,0,,0,0,12.961525935679674,0.308929942548275
xair,plc_conditional,1,aba,3.0,1,3506,,,0,2.0,488,0,read_set_version_changed_at_gate,,0,,0,0,17.782474867999554,2.4521779268980026
xair_atomic,plc_plain,1,aba,3.0,1,3508,3508,3508,0,14.0,489,1,authorization_committed,executed:RUN:3508,1,RUN,0,0,15.221484005451202,14.218121767044067
xair,plc_plain,1,aba,3.0,1,3510,3510,3512,1,6.0,490,1,published_after_gate_recheck,executed:RUN:3512,1,RUN,0,0,27.1106269210577,6.21588621288538
xair,plc_plain,1,aba,3.0,1,3512,3512,3513,0,12.0,491,1,published_after_gate_recheck,executed:PAUSED:3513,1,PAUSED,1,0,22.79645809903741,12.229172047227621
xair,plc_predicate,1,aba,3.0,1,3514,3514,3515,0,14.0,492,1,published_after_gate_recheck,refused:predicate_false:3515,0,,0,1,28.328961692750454,14.269196894019842
xair_atomic,plc_predicate,1,aba,3.0,1,3516,3516,3518,1,12.0,493,1,authorization_committed,executed:RUN:3518,1,RUN,0,0,23.990266025066376,12.24094396457076
xair_atomic,plc_plain,0,,,1,3518,3518,3518,0,,494,1,authorization_committed,executed:RUN:3518,1,RUN,0,0,28.702993877232075,
xair_atomic,plc_conditional,1,aba,3.0,1,3518,3518,3520,0,6.0,495,1,authorization_committed,refused:version_changed:3520,0,,0,1,18.018458038568497,6.235853768885136
xair_atomic,plc_plain,1,aba,3.0,1,3520,3520,3521,0,10.0,496,1,authorization_committed,executed:PAUSED:3521,1,PAUSED,1,0,16.48710621520877,10.242868214845657
xair_atomic,plc_predicate,1,aba,3.0,1,3522,3522,3523,0,14.0,497,1,authorization_committed,refused:predicate_false:3523,0,,0,1,19.75978398695588,14.225396327674389
xair_atomic,plc_predicate,1,aba,3.0,1,3524,3524,3526,1,4.0,498,1,authorization_committed,executed:RUN:3526,1,RUN,0,0,19.020316656678915,4.255359061062336
xair_atomic,plc_plain,1,aba,3.0,1,3526,3526,3527,0,14.0,499,1,authorization_committed,executed:PAUSED:3527,1,PAUSED,1,0,20.372021943330765,14.22816002741456
xair,plc_conditional,1,aba,3.0,1,3528,3528,3529,0,14.0,500,1,published_after_gate_recheck,refused:version_changed:3529,0,,0,1,23.102482315152884,14.247757848352194
xair,plc_predicate,0,,,1,3530,3530,3530,0,,501,1,published_after_gate_recheck,executed:RUN:3530,1,RUN,0,0,28.131051920354366,
xair,plc_conditional,1,aba,3.0,1,3530,,,0,2.0,502,0,read_set_version_changed_at_gate,,0,,0,0,18.626137636601925,2.210916019976139
xair_atomic,plc_conditional,1,aba,3.0,1,3532,3532,3533,0,14.0,503,1,authorization_committed,refused:version_changed:3533,0,,0,1,22.173769772052765,14.18410800397396
xair,plc_conditional,1,aba,3.0,1,3534,3534,3534,0,20.0,504,1,published_after_gate_recheck,executed:RUN:3534,1,RUN,0,0,24.76530009880662,20.32318990677595
xair_atomic,plc_plain,1,aba,3.0,1,3536,3536,3537,0,6.0,505,1,authorization_committed,executed:PAUSED:3537,1,PAUSED,1,0,16.41868893057108,6.2868790701031685
xair_atomic,plc_predicate,1,aba,3.0,1,3538,3538,3538,0,16.0,506,1,authorization_committed,executed:RUN:3538,1,RUN,0,0,17.949367873370647,16.382840927690268
xair,plc_conditional,1,aba,3.0,1,3540,,,0,2.0,507,0,read_set_version_changed_at_gate,,0,,0,0,17.621573992073536,2.2378158755600452
xair,plc_plain,0,,,1,3542,3542,3542,0,,508,1,published_after_gate_recheck,executed:RUN:3542,1,RUN,0,0,27.340589091181755,
xair,plc_predicate,1,aba,3.0,1,3542,3542,3542,0,16.0,509,1,published_after_gate_recheck,executed:RUN:3542,1,RUN,0,0,21.320770028978586,16.34578173980117
xair_atomic,plc_conditional,1,aba,3.0,1,3544,,,0,0.0,510,0,read_set_version_changed_at_commit,,0,,0,0,14.196670614182949,0.3991778939962387
xair_atomic,plc_plain,1,aba,3.0,1,3546,,,0,2.0,511,0,read_set_version_changed_at_commit,,0,,0,0,15.588531270623207,2.234269864857197
xair,plc_conditional,1,aba,3.0,1,3548,3548,3549,0,16.0,512,1,published_after_gate_recheck,refused:version_changed:3549,0,,0,1,25.91839199885726,16.234732698649168
xair_atomic,plc_predicate,1,aba,3.0,1,3550,3550,3551,0,14.0,513,1,authorization_committed,refused:predicate_false:3551,0,,0,1,24.435550905764103,14.253276865929365
xair,plc_predicate,1,aba,3.0,1,3552,3552,3552,0,16.0,514,1,published_after_gate_recheck,executed:RUN:3552,1,RUN,0,0,20.88405191898346,16.239862889051437
xair_atomic,plc_predicate,1,aba,3.0,1,3554,,,0,0.0,515,0,read_set_version_changed_at_commit,,0,,0,0,14.973898883908987,0.2831108868122101
xair_atomic,plc_conditional,1,aba,3.0,1,3556,3556,3558,0,4.0,516,1,authorization_committed,refused:version_changed:3558,0,,0,1,21.150510758161545,4.1786362417042255
xair_atomic,plc_predicate,1,aba,3.0,1,3558,,,0,0.0,517,0,precondition_failed: line.state == 'RUN',,0,,0,0,13.400359079241753,0.2806568518280983
xair,plc_conditional,1,aba,3.0,1,3560,3560,3561,0,14.0,518,1,published_after_gate_recheck,refused:version_changed:3561,0,,0,1,21.821789909154177,14.27024882286787
xair_atomic,plc_predicate,1,aba,3.0,1,3562,3562,3563,0,12.0,519,1,authorization_committed,refused:predicate_false:3563,0,,0,1,18.87895120307803,12.236155103892088
xair_atomic,plc_predicate,1,aba,3.0,1,3564,3564,3565,0,10.0,520,1,authorization_committed,refused:predicate_false:3565,0,,0,1,18.808079417794943,10.227649006992579
xair,plc_predicate,1,aba,3.0,1,3566,,,0,0.0,521,0,read_set_version_changed_at_gate,,0,,0,0,17.240730114281178,0.27911318466067314
xair,plc_plain,1,aba,3.0,1,3568,3568,3570,1,8.0,522,1,published_after_gate_recheck,executed:RUN:3570,1,RUN,0,0,24.754309095442295,8.185780141502619
xair_atomic,plc_plain,1,aba,3.0,1,3570,,,0,0.0,523,0,read_set_version_changed_at_commit,,0,,0,0,14.146968256682158,0.39300695061683655
xair_atomic,plc_conditional,1,aba,3.0,1,3572,,,0,2.0,524,0,read_set_version_changed_at_commit,,0,,0,0,15.30461898073554,2.229290083050728
xair_atomic,plc_plain,1,aba,3.0,1,3574,3574,3575,0,12.0,525,1,authorization_committed,executed:PAUSED:3575,1,PAUSED,1,0,16.667365096509457,12.21469510346651
xair,plc_plain,1,aba,3.0,1,3576,3576,3578,1,4.0,526,1,published_after_gate_recheck,executed:RUN:3578,1,RUN,0,0,20.549634005874395,4.299442283809185
xair,plc_conditional,1,aba,3.0,1,3578,3578,3580,0,8.0,527,1,published_after_gate_recheck,refused:version_changed:3580,0,,0,1,21.702585741877556,8.256631903350353
xair,plc_predicate,1,aba,3.0,1,3580,3580,3581,0,16.0,528,1,published_after_gate_recheck,refused:predicate_false:3581,0,,0,1,29.347581788897514,16.238288953900337
xair,plc_conditional,1,aba,3.0,1,3582,3582,3582,0,14.0,529,1,published_after_gate_recheck,executed:RUN:3582,1,RUN,0,0,19.6149917319417,14.23111604526639
xair,plc_conditional,1,aba,3.0,1,3584,3584,3585,0,12.0,530,1,published_after_gate_recheck,refused:version_changed:3585,0,,0,1,19.174376036971807,12.22602603957057
xair_atomic,plc_conditional,1,aba,3.0,1,3586,,,0,4.0,531,0,read_set_version_changed_at_commit,,0,,0,0,17.33245188370347,4.200255963951349
xair,plc_plain,1,aba,3.0,1,3588,3588,3588,0,20.0,532,1,published_after_gate_recheck,executed:RUN:3588,1,RUN,0,0,18.375436775386333,20.231929142028093
xair_atomic,plc_predicate,1,aba,3.0,1,3590,3590,3592,1,6.0,533,1,authorization_committed,executed:RUN:3592,1,RUN,0,0,18.734381068497896,6.164349149912596
xair,plc_conditional,1,aba,3.0,1,3592,3592,3594,0,4.0,534,1,published_after_gate_recheck,refused:version_changed:3594,0,,0,1,22.676703985780478,4.270738922059536
xair,plc_conditional,0,,,1,3594,3594,3594,0,,535,1,published_after_gate_recheck,executed:RUN:3594,1,RUN,0,0,22.758025210350752,
xair,plc_conditional,1,aba,3.0,1,3594,,,0,2.0,536,0,read_set_version_changed_at_gate,,0,,0,0,18.586003221571445,2.2249319590628147
xair_atomic,plc_conditional,1,aba,3.0,1,3596,3596,3598,0,10.0,537,1,authorization_committed,refused:version_changed:3598,0,,0,1,24.41175701096654,10.203644167631865
xair_atomic,plc_plain,1,aba,3.0,1,3598,3598,3600,1,6.0,538,1,authorization_committed,executed:RUN:3600,1,RUN,0,0,20.79049590975046,6.225363817065954
xair_atomic,plc_plain,1,aba,3.0,1,3600,3600,3600,0,20.0,539,1,authorization_committed,executed:RUN:3600,1,RUN,0,0,20.89323941618204,20.29844420030713
xair,plc_plain,1,aba,3.0,1,3602,3602,3604,1,10.0,540,1,published_after_gate_recheck,executed:RUN:3604,1,RUN,0,0,27.719710022211075,10.21800097078085
xair_atomic,plc_conditional,1,aba,3.0,1,3604,3604,3604,0,16.0,541,1,authorization_committed,executed:RUN:3604,1,RUN,0,0,18.60931608825922,16.246315091848373
xair_atomic,plc_plain,1,aba,3.0,1,3606,3606,3608,1,12.0,542,1,authorization_committed,executed:RUN:3608,1,RUN,0,0,26.613925583660603,12.248467653989792
xair,plc_conditional,1,aba,3.0,1,3608,,,0,4.0,543,0,read_set_version_changed_at_gate,,0,,0,0,20.851690787822008,4.190818872302771
xair_atomic,plc_plain,1,aba,3.0,1,3610,3610,3611,0,16.0,544,1,authorization_committed,executed:PAUSED:3611,1,PAUSED,1,0,23.388929199427366,16.189598944038153
xair,plc_predicate,1,aba,3.0,1,3612,3612,3612,0,20.0,545,1,published_after_gate_recheck,executed:RUN:3612,1,RUN,0,0,23.49984599277377,20.26094403117895
xair,plc_plain,1,aba,3.0,1,3614,3614,3615,0,16.0,546,1,published_after_gate_recheck,executed:PAUSED:3615,1,PAUSED,1,0,27.067437302321196,16.213743947446346
xair_atomic,plc_conditional,1,aba,3.0,1,3616,,,0,2.0,547,0,read_set_version_changed_at_commit,,0,,0,0,15.501748770475388,2.2577540948987007
xair,plc_predicate,1,aba,3.0,1,3618,3618,3619,0,10.0,548,1,published_after_gate_recheck,refused:predicate_false:3619,0,,0,1,22.4482249468565,10.52521588280797
xair_atomic,plc_predicate,1,aba,3.0,1,3620,3620,3621,0,10.0,549,1,authorization_committed,refused:predicate_false:3621,0,,0,1,15.509614255279303,10.224513243883848
xair_atomic,plc_conditional,1,aba,3.0,1,3622,3622,3624,0,6.0,550,1,authorization_committed,refused:version_changed:3624,0,,0,1,20.519879180938005,6.205607205629349
xair,plc_plain,1,aba,3.0,1,3624,3624,3626,1,10.0,551,1,published_after_gate_recheck,executed:RUN:3626,1,RUN,0,0,24.185101967304945,10.193134192377329
xair,plc_conditional,1,aba,3.0,1,3626,3626,3628,0,6.0,552,1,published_after_gate_recheck,refused:version_changed:3628,0,,0,1,30.708855018019676,6.6748568788170815
xair,plc_predicate,0,,,1,3628,3628,3628,0,,553,1,published_after_gate_recheck,executed:RUN:3628,1,RUN,0,0,18.628362100571394,
xair_atomic,plc_plain,0,,,1,3628,3628,3628,0,,554,1,authorization_committed,executed:RUN:3628,1,RUN,0,0,18.16771784797311,
xair,plc_predicate,1,aba,3.0,1,3628,3628,3629,0,14.0,555,1,published_after_gate_recheck,refused:predicate_false:3629,0,,0,1,24.86898424103856,14.240303076803684
xair,plc_conditional,1,aba,3.0,1,3630,3630,3632,0,8.0,556,1,published_after_gate_recheck,refused:version_changed:3632,0,,0,1,32.10566472262144,8.297959808260202
xair,plc_predicate,1,aba,3.0,1,3632,3632,3634,1,6.0,557,1,published_after_gate_recheck,executed:RUN:3634,1,RUN,0,0,21.710732020437717,6.32791593670845
xair_atomic,plc_conditional,1,aba,3.0,1,3634,,,0,0.0,558,0,read_set_version_changed_at_commit,,0,,0,0,14.353306032717228,0.40620192885398865
xair_atomic,plc_conditional,1,aba,3.0,1,3636,3636,3638,0,10.0,559,1,authorization_committed,refused:version_changed:3638,0,,0,1,21.52896113693714,10.252145119011402
xair,plc_predicate,1,aba,3.0,1,3638,3638,3638,0,14.0,560,1,published_after_gate_recheck,executed:RUN:3638,1,RUN,0,0,20.959062036126852,14.231937937438488
xair,plc_conditional,1,aba,3.0,1,3640,,,0,2.0,561,0,read_set_version_changed_at_gate,,0,,0,0,17.658343072980642,2.237926237285137
xair_atomic,plc_plain,1,aba,3.0,1,3642,3642,3644,1,4.0,562,1,authorization_committed,executed:RUN:3644,1,RUN,0,0,19.602558109909296,4.26509790122509
xair_atomic,plc_predicate,0,,,1,3644,3644,3644,0,,563,1,authorization_committed,executed:RUN:3644,1,RUN,0,0,19.58273211494088,
xair,plc_conditional,0,,,1,3644,3644,3644,0,,564,1,published_after_gate_recheck,executed:RUN:3644,1,RUN,0,0,26.173279620707035,
xair_atomic,plc_conditional,0,,,1,3644,3644,3644,0,,565,1,authorization_committed,executed:RUN:3644,1,RUN,0,0,18.649160861968994,
xair_atomic,plc_plain,1,aba,3.0,1,3644,3644,3644,0,16.0,566,1,authorization_committed,executed:RUN:3644,1,RUN,0,0,21.032290067523718,17.675404902547598
xair,plc_predicate,1,aba,3.0,1,3646,,,0,2.0,567,0,read_set_version_changed_at_gate,,0,,0,0,19.716621842235327,2.3014252074062824
xair,plc_conditional,1,aba,3.0,1,3648,,,0,4.0,568,0,read_set_version_changed_at_gate,,0,,0,0,21.089738234877586,4.229422193020582
xair_atomic,plc_plain,1,aba,3.0,1,3650,3650,3651,0,8.0,569,1,authorization_committed,executed:PAUSED:3651,1,PAUSED,1,0,18.553241156041622,8.236055262386799
xair,plc_conditional,1,aba,3.0,1,3652,3652,3654,0,4.0,570,1,published_after_gate_recheck,refused:version_changed:3654,0,,0,1,20.99627209827304,4.310423042625189
xair_atomic,plc_plain,1,aba,3.0,1,3654,3654,3655,0,14.0,571,1,authorization_committed,executed:PAUSED:3655,1,PAUSED,1,0,19.34734033420682,14.2122614197433
xair_atomic,plc_predicate,1,aba,3.0,1,3656,,,0,2.0,572,0,read_set_version_changed_at_commit,,0,,0,0,14.667213894426823,2.1917400881648064
xair_atomic,plc_predicate,0,,,1,3658,3658,3658,0,,573,1,authorization_committed,executed:RUN:3658,1,RUN,0,0,21.677349228411913,
xair_atomic,plc_plain,1,aba,3.0,1,3658,,,0,0.0,574,0,precondition_failed: line.state == 'RUN',,0,,0,0,11.831086128950119,0.25926623493433
xair,plc_plain,1,aba,3.0,1,3660,3660,3662,1,8.0,575,1,published_after_gate_recheck,executed:RUN:3662,1,RUN,0,0,21.418383810669184,8.171102963387966
xair_atomic,plc_predicate,1,aba,3.0,1,3662,3662,3664,1,4.0,576,1,authorization_committed,executed:RUN:3664,1,RUN,0,0,17.88710057735443,4.287469666451216
xair_atomic,plc_plain,1,aba,3.0,1,3664,3664,3664,0,16.0,577,1,authorization_committed,executed:RUN:3664,1,RUN,0,0,19.800059031695127,16.20913529768586
xair,plc_predicate,1,aba,3.0,1,3666,,,0,2.0,578,0,read_set_version_changed_at_gate,,0,,0,0,17.92510272935033,2.1551111713051796
xair,plc_plain,1,aba,3.0,1,3668,3668,3669,0,14.0,579,1,published_after_gate_recheck,executed:PAUSED:3669,1,PAUSED,1,0,24.943203199654818,14.143151231110096
xair_atomic,plc_predicate,1,aba,3.0,1,3670,,,0,4.0,580,0,read_set_version_changed_at_commit,,0,,0,0,17.192820087075233,4.172333981841803
xair_atomic,plc_conditional,1,aba,3.0,1,3672,,,0,0.0,581,0,read_set_version_changed_at_commit,,0,,0,0,14.708791859447956,0.2990309149026871
xair_atomic,plc_plain,1,aba,3.0,1,3674,,,0,0.0,582,0,precondition_failed: line.state == 'RUN',,0,,0,0,12.741934042423964,0.34534791484475136
xair_atomic,plc_plain,0,,,1,3676,3676,3676,0,,583,1,authorization_committed,executed:RUN:3676,1,RUN,0,0,23.40021962299943,
xair_atomic,plc_predicate,1,aba,3.0,1,3676,,,0,4.0,584,0,read_set_version_changed_at_commit,,0,,0,0,18.526851199567318,4.263285081833601
xair_atomic,plc_conditional,1,aba,3.0,1,3678,3678,3679,0,14.0,585,1,authorization_committed,refused:version_changed:3679,0,,0,1,23.275705985724926,14.261411968618631
xair,plc_plain,1,aba,3.0,1,3680,,,0,4.0,586,0,read_set_version_changed_at_gate,,0,,0,0,19.117137882858515,4.240492358803749
xair_atomic,plc_plain,1,aba,3.0,1,3682,3682,3682,0,16.0,587,1,authorization_committed,executed:RUN:3682,1,RUN,0,0,18.944554962217808,16.238209791481495
xair_atomic,plc_predicate,1,aba,3.0,1,3684,,,0,2.0,588,0,read_set_version_changed_at_commit,,0,,0,0,15.09281201288104,2.255149185657501
xair,plc_predicate,1,aba,3.0,1,3686,3686,3687,0,12.0,589,1,published_after_gate_recheck,refused:predicate_false:3687,0,,0,1,23.84056616574526,12.297781184315681
xair,plc_conditional,1,aba,3.0,1,3688,3688,3689,0,14.0,590,1,published_after_gate_recheck,refused:version_changed:3689,0,,0,1,27.312476187944412,14.259689953178167
xair_atomic,plc_conditional,0,,,1,3690,3690,3690,0,,591,1,authorization_committed,executed:RUN:3690,1,RUN,0,0,17.035515047609806,
xair,plc_conditional,1,aba,3.0,1,3690,3690,3692,0,4.0,592,1,published_after_gate_recheck,refused:version_changed:3692,0,,0,1,25.63823712989688,4.254046827554703
xair,plc_predicate,1,aba,3.0,1,3692,3692,3692,0,20.0,593,1,published_after_gate_recheck,executed:RUN:3692,1,RUN,0,0,21.69964089989662,20.21773299202323
xair_atomic,plc_predicate,1,aba,3.0,1,3694,3694,3695,0,12.0,594,1,authorization_committed,refused:predicate_false:3695,0,,0,1,21.666408982127905,12.205577921122313
xair,plc_conditional,1,aba,3.0,1,3696,3696,3697,0,12.0,595,1,published_after_gate_recheck,refused:version_changed:3697,0,,0,1,19.292517099529505,12.272754218429327
xair_atomic,plc_predicate,1,aba,3.0,1,3698,,,0,4.0,596,0,read_set_version_changed_at_commit,,0,,0,0,18.113445956259966,4.241523798555136
xair,plc_predicate,1,aba,3.0,1,3700,,,0,4.0,597,0,read_set_version_changed_at_gate,,0,,0,0,19.179675728082657,4.272011108696461
xair,plc_predicate,1,aba,3.0,1,3702,3702,3704,1,8.0,598,1,published_after_gate_recheck,executed:RUN:3704,1,RUN,0,0,28.155806940048933,8.239730726927519
xair_atomic,plc_predicate,1,aba,3.0,1,3704,3704,3706,1,6.0,599,1,authorization_committed,executed:RUN:3706,1,RUN,0,0,18.066337797790766,6.2096440233290195
xair,plc_plain,1,aba,3.0,1,3706,,,0,2.0,600,0,read_set_version_changed_at_gate,,0,,0,0,18.478781916201115,2.2263252176344395
xair_atomic,plc_conditional,1,aba,3.0,1,3708,3708,3710,0,12.0,601,1,authorization_committed,refused:version_changed:3710,0,,0,1,23.210342973470688,12.225384823977947
xair,plc_conditional,1,aba,3.0,1,3710,3710,3710,0,20.0,602,1,published_after_gate_recheck,executed:RUN:3710,1,RUN,0,0,22.348208352923393,20.22809162735939
xair_atomic,plc_predicate,1,aba,3.0,1,3712,,,0,2.0,603,0,read_set_version_changed_at_commit,,0,,0,0,16.185049898922443,2.2551589645445347
xair_atomic,plc_plain,1,aba,3.0,1,3714,,,0,2.0,604,0,read_set_version_changed_at_commit,,0,,0,0,15.455180779099464,2.235120628029108
xair,plc_conditional,1,aba,3.0,1,3716,3716,3717,0,10.0,605,1,published_after_gate_recheck,refused:version_changed:3717,0,,0,1,23.182030767202377,10.204455349594355
xair_atomic,plc_conditional,1,aba,3.0,1,3718,3718,3719,0,8.0,606,1,authorization_committed,refused:version_changed:3719,0,,0,1,18.268847838044167,8.229412138462067
xair_atomic,plc_conditional,1,aba,3.0,1,3720,3720,3721,0,12.0,607,1,authorization_committed,refused:version_changed:3721,0,,0,1,21.46874787285924,12.363232672214508
xair,plc_predicate,1,aba,3.0,1,3722,,,0,0.0,608,0,read_set_version_changed_at_gate,,0,,0,0,16.882207710295916,0.2460307441651821
xair,plc_conditional,1,aba,3.0,1,3724,3724,3724,0,16.0,609,1,published_after_gate_recheck,executed:RUN:3724,1,RUN,0,0,21.43317135050893,16.29303302615881
xair,plc_predicate,1,aba,3.0,1,3726,,,0,0.0,610,0,precondition_failed: line.state == 'RUN',,0,,0,0,12.987683992832899,0.21966174244880676
xair,plc_conditional,1,aba,3.0,1,3728,3728,3730,0,8.0,611,1,published_after_gate_recheck,refused:version_changed:3730,0,,0,1,24.99968884512782,8.416833356022835
xair,plc_conditional,0,,,1,3730,3730,3730,0,,612,1,published_after_gate_recheck,executed:RUN:3730,1,RUN,0,0,21.666208282113075,
xair,plc_conditional,1,aba,3.0,1,3730,3730,3731,0,14.0,613,1,published_after_gate_recheck,refused:version_changed:3731,0,,0,1,21.984235383570194,14.34174319729209
xair_atomic,plc_plain,1,aba,3.0,1,3732,3732,3733,0,12.0,614,1,authorization_committed,executed:PAUSED:3733,1,PAUSED,1,0,17.336820252239704,12.21613772213459
xair,plc_plain,1,aba,3.0,1,3734,3734,3736,1,12.0,615,1,published_after_gate_recheck,executed:RUN:3736,1,RUN,0,0,25.665367022156715,12.181352823972702
xair_atomic,plc_predicate,1,aba,3.0,1,3736,3736,3736,0,14.0,616,1,authorization_committed,executed:RUN:3736,1,RUN,0,0,17.33551686629653,14.31354135274887
xair,plc_conditional,1,aba,3.0,1,3738,3738,3738,0,20.0,617,1,published_after_gate_recheck,executed:RUN:3738,1,RUN,0,0,17.97023694962263,20.22395422682166
xair,plc_predicate,1,aba,3.0,1,3740,3740,3741,0,12.0,618,1,published_after_gate_recheck,refused:predicate_false:3741,0,,0,1,21.250898949801922,12.339258100837469
xair_atomic,plc_conditional,1,aba,3.0,1,3742,,,0,4.0,619,0,read_set_version_changed_at_commit,,0,,0,0,20.4216749407351,4.3622697703540325
xair,plc_plain,1,aba,3.0,1,3744,3744,3744,0,20.0,620,1,published_after_gate_recheck,executed:RUN:3744,1,RUN,0,0,20.90063178911805,20.227971021085978
xair_atomic,plc_predicate,1,aba,3.0,1,3746,3746,3747,0,6.0,621,1,authorization_committed,refused:predicate_false:3747,0,,0,1,15.145990997552872,6.215604953467846
xair,plc_predicate,1,aba,3.0,1,3748,,,0,0.0,622,0,read_set_version_changed_at_gate,,0,,0,0,18.31666799262166,0.2814880572259426
xair_atomic,plc_plain,1,aba,3.0,1,3750,3750,3752,1,10.0,623,1,authorization_committed,executed:RUN:3752,1,RUN,0,0,24.74444080144167,10.235012974590063
xair,plc_predicate,1,aba,3.0,1,3752,3752,3753,0,14.0,624,1,published_after_gate_recheck,refused:predicate_false:3753,0,,0,1,24.826183915138245,14.201902318745852
xair,plc_plain,1,aba,3.0,1,3754,,,0,4.0,625,0,read_set_version_changed_at_gate,,0,,0,0,19.980988930910826,4.262732807546854
xair_atomic,plc_conditional,1,aba,3.0,1,3756,3756,3757,0,10.0,626,1,authorization_committed,refused:version_changed:3757,0,,0,1,14.946857932955027,10.252866428345442
xair_atomic,plc_predicate,1,aba,3.0,1,3758,,,0,4.0,627,0,read_set_version_changed_at_commit,,0,,0,0,17.046375200152397,4.196008201688528
xair_atomic,plc_predicate,0,,,1,3760,3760,3760,0,,628,1,authorization_committed,executed:RUN:3760,1,RUN,0,0,20.40278911590576,
xair_atomic,plc_predicate,1,aba,3.0,1,3760,,,0,0.0,629,0,precondition_failed: line.state == 'RUN',,0,,0,0,12.745310086756945,0.2307230606675148
xair,plc_conditional,1,aba,3.0,1,3762,3762,3763,0,10.0,630,1,published_after_gate_recheck,refused:version_changed:3763,0,,0,1,22.089982870966196,10.258225724101067
xair,plc_conditional,1,aba,3.0,1,3764,3764,3766,0,6.0,631,1,published_after_gate_recheck,refused:version_changed:3766,0,,0,1,27.25925575941801,6.200958043336868
xair_atomic,plc_plain,1,aba,3.0,1,3766,3766,3768,1,8.0,632,1,authorization_committed,executed:RUN:3768,1,RUN,0,0,19.154869951307774,8.177043870091438
xair,plc_predicate,1,aba,3.0,1,3768,3768,3769,0,8.0,633,1,published_after_gate_recheck,refused:predicate_false:3769,0,,0,1,20.403541158884764,8.281568996608257
xair_atomic,plc_conditional,1,aba,3.0,1,3770,3770,3770,0,20.0,634,1,authorization_committed,executed:RUN:3770,1,RUN,0,0,14.941247645765543,20.199758000671864
xair,plc_predicate,1,aba,3.0,1,3772,,,0,4.0,635,0,read_set_version_changed_at_gate,,0,,0,0,19.728254061192274,4.2317151091992855
xair_atomic,plc_predicate,1,aba,3.0,1,3774,,,0,2.0,636,0,read_set_version_changed_at_commit,,0,,0,0,14.598255045711994,2.243166323751211
xair_atomic,plc_predicate,1,aba,3.0,1,3776,3776,3776,0,12.0,637,1,authorization_committed,executed:RUN:3776,1,RUN,0,0,16.456549055874348,12.19919603317976
xair,plc_conditional,1,aba,3.0,1,3778,3778,3780,0,6.0,638,1,published_after_gate_recheck,refused:version_changed:3780,0,,0,1,21.098534110933542,6.18914607912302
xair,plc_predicate,1,aba,3.0,1,3780,3780,3782,1,8.0,639,1,published_after_gate_recheck,executed:RUN:3782,1,RUN,0,0,22.61769212782383,8.181322365999222
xair_atomic,plc_conditional,0,,,1,3782,3782,3782,0,,640,1,authorization_committed,executed:RUN:3782,1,RUN,0,0,28.83557276800275,
xair_atomic,plc_plain,0,,,1,3782,3782,3782,0,,641,1,authorization_committed,executed:RUN:3782,1,RUN,0,0,20.955394953489304,
xair,plc_plain,1,aba,3.0,1,3782,3782,3783,0,16.0,642,1,published_after_gate_recheck,executed:PAUSED:3783,1,PAUSED,1,0,27.206658385694027,16.221749130636454
xair,plc_plain,1,aba,3.0,1,3784,3784,3785,0,14.0,643,1,published_after_gate_recheck,executed:PAUSED:3785,1,PAUSED,1,0,24.694988038390875,14.351401012390852
xair,plc_plain,1,aba,3.0,1,3786,,,0,4.0,644,0,read_set_version_changed_at_gate,,0,,0,0,19.251649733632803,4.222478251904249
xair_atomic,plc_conditional,1,aba,3.0,1,3788,3788,3789,0,10.0,645,1,authorization_committed,refused:version_changed:3789,0,,0,1,16.9964418746531,10.19981736317277
xair,plc_plain,1,aba,3.0,1,3790,3790,3790,0,20.0,646,1,published_after_gate_recheck,executed:RUN:3790,1,RUN,0,0,23.482274264097214,20.263266749680042
xair,plc_predicate,1,aba,3.0,1,3792,3792,3793,0,14.0,647,1,published_after_gate_recheck,refused:predicate_false:3793,0,,0,1,24.88197898492217,14.230935834348202
xair_atomic,plc_plain,1,aba,3.0,1,3794,,,0,2.0,648,0,read_set_version_changed_at_commit,,0,,0,0,13.560628984123468,2.1909279748797417
xair,plc_predicate,1,aba,3.0,1,3796,,,0,2.0,649,0,read_set_version_changed_at_gate,,0,,0,0,17.109564039856195,2.253846265375614
xair_atomic,plc_predicate,1,aba,3.0,1,3798,3798,3799,0,12.0,650,1,authorization_committed,refused:predicate_false:3799,0,,0,1,22.956417873501778,12.216398026794195
xair,plc_plain,1,aba,3.0,1,3800,3800,3801,0,10.0,651,1,published_after_gate_recheck,executed:PAUSED:3801,1,PAUSED,1,0,21.24949684366584,10.253747925162315
xair_atomic,plc_plain,1,aba,3.0,1,3802,,,0,2.0,652,0,read_set_version_changed_at_commit,,0,,0,0,15.377395786345005,2.295383717864752
xair,plc_conditional,1,aba,3.0,1,3804,,,0,4.0,653,0,read_set_version_changed_at_gate,,0,,0,0,20.981413777917624,4.3097808957099915
xair,plc_predicate,1,aba,3.0,1,3806,,,0,2.0,654,0,read_set_version_changed_at_gate,,0,,0,0,18.374434672296047,2.2326759062707424
xair_atomic,plc_plain,1,aba,3.0,1,3808,3808,3809,0,12.0,655,1,authorization_committed,executed:PAUSED:3809,1,PAUSED,1,0,21.401100791990757,12.22717808559537
xair_atomic,plc_predicate,1,aba,3.0,1,3810,,,0,4.0,656,0,read_set_version_changed_at_commit,,0,,0,0,17.57928403094411,4.269596189260483
xair_atomic,plc_conditional,1,aba,3.0,1,3812,,,0,4.0,657,0,read_set_version_changed_at_commit,,0,,0,0,17.14388793334365,4.251812119036913
xair_atomic,plc_predicate,1,aba,3.0,1,3814,,,0,4.0,658,0,read_set_version_changed_at_commit,,0,,0,0,17.46383821591735,4.239629954099655
xair_atomic,plc_conditional,1,aba,3.0,1,3816,,,0,0.0,659,0,read_set_version_changed_at_commit,,0,,0,0,14.385164715349674,0.3397772088646889
xair,plc_conditional,1,aba,3.0,1,3818,3818,3819,0,12.0,660,1,published_after_gate_recheck,refused:version_changed:3819,0,,0,1,22.336204070597887,12.240644078701735
xair,plc_plain,1,aba,3.0,1,3820,3820,3822,1,8.0,661,1,published_after_gate_recheck,executed:RUN:3822,1,RUN,0,0,22.610179148614407,8.189086802303791
xair_atomic,plc_plain,1,aba,3.0,1,3822,,,0,4.0,662,0,read_set_version_changed_at_commit,,0,,0,0,16.914677806198597,4.3691531755030155
xair,plc_conditional,1,aba,3.0,1,3824,3824,3826,0,6.0,663,1,published_after_gate_recheck,refused:version_changed:3826,0,,0,1,25.77471174299717,6.179849151521921
xair_atomic,plc_predicate,1,aba,3.0,1,3826,3826,3826,0,16.0,664,1,authorization_committed,executed:RUN:3826,1,RUN,0,0,18.838855903595686,16.21841313317418
xair,plc_conditional,1,aba,3.0,1,3828,3828,3828,0,14.0,665,1,published_after_gate_recheck,executed:RUN:3828,1,RUN,0,0,20.39746893569827,14.173278119415045
xair_atomic,plc_plain,1,aba,3.0,1,3830,,,0,2.0,666,0,read_set_version_changed_at_commit,,0,,0,0,14.907354023307562,2.1868599578738213
xair,plc_predicate,1,aba,3.0,1,3832,3832,3833,0,14.0,667,1,published_after_gate_recheck,refused:predicate_false:3833,0,,0,1,22.95435406267643,14.22035600990057
xair_atomic,plc_conditional,0,,,1,3834,3834,3834,0,,668,1,authorization_committed,executed:RUN:3834,1,RUN,0,0,19.018152728676796,
xair_atomic,plc_predicate,1,aba,3.0,1,3834,3834,3835,0,14.0,669,1,authorization_committed,refused:predicate_false:3835,0,,0,1,21.98521699756384,14.244962017983198
xair_atomic,plc_predicate,1,aba,3.0,1,3836,3836,3837,0,14.0,670,1,authorization_committed,refused:predicate_false:3837,0,,0,1,19.84790898859501,14.180821366608143
xair,plc_predicate,1,aba,3.0,1,3838,3838,3839,0,12.0,671,1,published_after_gate_recheck,refused:predicate_false:3839,0,,0,1,23.83278077468276,12.314241379499435
xair_atomic,plc_predicate,1,aba,3.0,1,3840,3840,3840,0,20.0,672,1,authorization_committed,executed:RUN:3840,1,RUN,0,0,18.114097882062197,20.200179424136877
xair_atomic,plc_predicate,1,aba,3.0,1,3842,3842,3844,1,4.0,673,1,authorization_committed,executed:RUN:3844,1,RUN,0,0,15.74689894914627,4.261841997504234
xair,plc_conditional,1,aba,3.0,1,3844,3844,3844,0,20.0,674,1,published_after_gate_recheck,executed:RUN:3844,1,RUN,0,0,26.215479243546724,20.231788977980614
xair_atomic,plc_predicate,1,aba,3.0,1,3846,3846,3848,1,8.0,675,1,authorization_committed,executed:RUN:3848,1,RUN,0,0,24.550606962293386,8.260359056293964
xair,plc_predicate,1,aba,3.0,1,3848,3848,3850,1,10.0,676,1,published_after_gate_recheck,executed:RUN:3850,1,RUN,0,0,24.701249320060015,10.271772276610136
xair_atomic,plc_predicate,1,aba,3.0,1,3850,3850,3850,0,14.0,677,1,authorization_committed,executed:RUN:3850,1,RUN,0,0,16.335291787981987,14.28373483940959
xair_atomic,plc_conditional,0,,,1,3852,3852,3852,0,,678,1,authorization_committed,executed:RUN:3852,1,RUN,0,0,21.441317163407803,
xair_atomic,plc_plain,1,aba,3.0,1,3852,3852,3854,1,8.0,679,1,authorization_committed,executed:RUN:3854,1,RUN,0,0,22.024158854037523,8.284965995699167
xair,plc_predicate,1,aba,3.0,1,3854,3854,3855,0,12.0,680,1,published_after_gate_recheck,refused:predicate_false:3855,0,,0,1,22.918496280908585,12.234031222760677
xair,plc_conditional,1,aba,3.0,1,3856,3856,3856,0,20.0,681,1,published_after_gate_recheck,executed:RUN:3856,1,RUN,0,0,17.78408931568265,20.236798096448183
xair,plc_conditional,1,aba,3.0,1,3858,,,0,2.0,682,0,read_set_version_changed_at_gate,,0,,0,0,17.505296040326357,2.2124690003693104
xair_atomic,plc_conditional,1,aba,3.0,1,3860,3860,3861,0,12.0,683,1,authorization_committed,refused:version_changed:3861,0,,0,1,19.240159075707197,13.35432194173336
xair,plc_conditional,1,aba,3.0,1,3862,,,0,0.0,684,0,read_set_version_changed_at_gate,,0,,0,0,17.970317974686623,0.31632324680685997
xair,plc_conditional,1,aba,3.0,1,3864,,,0,4.0,685,0,read_set_version_changed_at_gate,,0,,0,0,20.041061099618673,4.236784763634205
xair,plc_predicate,1,aba,3.0,1,3866,3866,3867,0,8.0,686,1,published_after_gate_recheck,refused:predicate_false:3867,0,,0,1,20.32493334263563,8.276309818029404
xair_atomic,plc_plain,1,aba,3.0,1,3868,3868,3868,0,14.0,687,1,authorization_committed,executed:RUN:3868,1,RUN,0,0,15.971370041370392,14.264467637985945
xair,plc_predicate,1,aba,3.0,1,3870,3870,3872,1,12.0,688,1,published_after_gate_recheck,executed:RUN:3872,1,RUN,0,0,27.31724502518773,12.239761184900999
xair_atomic,plc_plain,1,aba,3.0,1,3872,3872,3872,0,16.0,689,1,authorization_committed,executed:RUN:3872,1,RUN,0,0,18.790245056152344,16.2328090518713
xair_atomic,plc_predicate,1,aba,3.0,1,3874,3874,3876,1,8.0,690,1,authorization_committed,executed:RUN:3876,1,RUN,0,0,19.77214589715004,8.206298109143972
xair_atomic,plc_predicate,1,aba,3.0,1,3876,3876,3878,1,4.0,691,1,authorization_committed,executed:RUN:3878,1,RUN,0,0,19.039862789213657,4.264937248080969
xair_atomic,plc_plain,1,aba,3.0,1,3878,3878,3880,1,6.0,692,1,authorization_committed,executed:RUN:3880,1,RUN,0,0,21.331369876861572,6.240882910788059
xair,plc_predicate,1,aba,3.0,1,3880,3880,3882,1,6.0,693,1,published_after_gate_recheck,executed:RUN:3882,1,RUN,0,0,25.478066876530647,6.242567207664251
xair,plc_plain,1,aba,3.0,1,3882,3882,3884,1,6.0,694,1,published_after_gate_recheck,executed:RUN:3884,1,RUN,0,0,21.164868026971817,6.247525103390217
xair,plc_predicate,1,aba,3.0,1,3884,3884,3884,0,16.0,695,1,published_after_gate_recheck,executed:RUN:3884,1,RUN,0,0,23.146473802626133,16.231136862188578
xair_atomic,plc_conditional,1,aba,3.0,1,3886,,,0,0.0,696,0,read_set_version_changed_at_commit,,0,,0,0,14.492667280137539,0.32945768907666206
xair,plc_plain,1,aba,3.0,1,3888,3888,3890,1,8.0,697,1,published_after_gate_recheck,executed:RUN:3890,1,RUN,0,0,24.25661589950323,8.266631979495287
xair_atomic,plc_conditional,1,aba,3.0,1,3890,,,0,2.0,698,0,read_set_version_changed_at_commit,,0,,0,0,15.465670730918646,2.23253620788455
xair,plc_conditional,1,aba,3.0,1,3892,3892,3893,0,12.0,699,1,published_after_gate_recheck,refused:version_changed:3893,0,,0,1,25.54871840402484,12.305084150284529
xair_atomic,plc_predicate,1,aba,3.0,1,3894,3894,3894,0,20.0,700,1,authorization_committed,executed:RUN:3894,1,RUN,0,0,16.48957096040249,20.259920973330736
xair,plc_conditional,1,aba,3.0,1,3896,,,0,0.0,701,0,read_set_version_changed_at_gate,,0,,0,0,17.668051179498434,0.3162827342748642
xair_atomic,plc_plain,0,,,1,3898,3898,3898,0,,702,1,authorization_committed,executed:RUN:3898,1,RUN,0,0,24.045008700340986,
xair,plc_predicate,1,aba,3.0,1,3898,3898,3898,0,20.0,703,1,published_after_gate_recheck,executed:RUN:3898,1,RUN,0,0,25.16115177422762,20.283907186239958
xair,plc_predicate,1,aba,3.0,1,3900,3900,3902,1,10.0,704,1,published_after_gate_recheck,executed:RUN:3902,1,RUN,0,0,27.11755083873868,10.280298069119453
xair,plc_plain,1,aba,3.0,1,3902,3902,3903,0,12.0,705,1,published_after_gate_recheck,executed:PAUSED:3903,1,PAUSED,1,0,22.042985074222088,12.344157788902521
xair,plc_plain,0,,,1,3904,3904,3904,0,,706,1,published_after_gate_recheck,executed:RUN:3904,1,RUN,0,0,29.5891547575593,
xair,plc_predicate,1,aba,3.0,1,3904,3904,3904,0,20.0,707,1,published_after_gate_recheck,executed:RUN:3904,1,RUN,0,0,20.621149335056543,20.272955764085054
xair,plc_plain,1,aba,3.0,1,3906,3906,3907,0,12.0,708,1,published_after_gate_recheck,executed:PAUSED:3907,1,PAUSED,1,0,20.926792174577713,12.296648696064949
xair,plc_conditional,1,aba,3.0,1,3908,3908,3909,0,12.0,709,1,published_after_gate_recheck,refused:version_changed:3909,0,,0,1,21.536274813115597,12.213342823088169
xair,plc_predicate,1,aba,3.0,1,3910,3910,3911,0,10.0,710,1,published_after_gate_recheck,refused:predicate_false:3911,0,,0,1,23.095518350601196,10.172424837946892
xair,plc_predicate,1,aba,3.0,1,3912,3912,3913,0,12.0,711,1,published_after_gate_recheck,refused:predicate_false:3913,0,,0,1,20.895684137940407,12.207971885800362
xair_atomic,plc_plain,1,aba,3.0,1,3914,3914,3916,1,8.0,712,1,authorization_committed,executed:RUN:3916,1,RUN,0,0,18.014831002801657,8.187822997570038
xair,plc_predicate,1,aba,3.0,1,3916,3916,3918,1,6.0,713,1,published_after_gate_recheck,executed:RUN:3918,1,RUN,0,0,21.725389175117016,6.237436085939407
xair_atomic,plc_plain,1,aba,3.0,1,3918,3918,3920,1,8.0,714,1,authorization_committed,executed:RUN:3920,1,RUN,0,0,18.55295989662409,8.166574407368898
xair_atomic,plc_plain,1,aba,3.0,1,3920,3920,3922,1,8.0,715,1,authorization_committed,executed:RUN:3922,1,RUN,0,0,22.955414839088917,8.171191904693842
xair,plc_conditional,1,aba,3.0,1,3922,3922,3924,0,8.0,716,1,published_after_gate_recheck,refused:version_changed:3924,0,,0,1,26.23842190951109,8.165341801941395
xair,plc_predicate,0,,,1,3924,3924,3924,0,,717,1,published_after_gate_recheck,executed:RUN:3924,1,RUN,0,0,22.51575142145157,
xair_atomic,plc_predicate,1,aba,3.0,1,3924,3924,3924,0,16.0,718,1,authorization_committed,executed:RUN:3924,1,RUN,0,0,18.77007819712162,16.30016602575779
xair_atomic,plc_conditional,1,aba,3.0,1,3926,3926,3928,0,8.0,719,1,authorization_committed,refused:version_changed:3928,0,,0,1,25.065563153475523,8.202841971069574
xair_atomic,plc_plain,1,aba,3.0,1,3928,3928,3930,1,10.0,720,1,authorization_committed,executed:RUN:3930,1,RUN,0,0,22.339741233736277,10.176233015954494
xair,plc_predicate,1,aba,3.0,1,3930,3930,3931,0,12.0,721,1,published_after_gate_recheck,refused:predicate_false:3931,0,,0,1,22.28290494531393,12.1571971103549
xair_atomic,plc_conditional,1,aba,3.0,1,3932,,,0,0.0,722,0,read_set_version_changed_at_commit,,0,,0,0,13.845643028616905,0.20440341904759407
xair_atomic,plc_conditional,1,aba,3.0,1,3934,3934,3934,0,20.0,723,1,authorization_committed,executed:RUN:3934,1,RUN,0,0,22.06765115261078,20.166204776614904
xair,plc_plain,1,aba,3.0,1,3936,3936,3938,1,6.0,724,1,published_after_gate_recheck,executed:RUN:3938,1,RUN,0,0,24.62085895240307,6.348924711346626
xair_atomic,plc_predicate,1,aba,3.0,1,3938,3938,3939,0,12.0,725,1,authorization_committed,refused:predicate_false:3939,0,,0,1,19.320269115269184,12.194436974823475
xair_atomic,plc_plain,1,aba,3.0,1,3940,,,0,0.0,726,0,read_set_version_changed_at_commit,,0,,0,0,13.96191120147705,0.20804023370146751
xair_atomic,plc_plain,1,aba,3.0,1,3942,3942,3942,0,20.0,727,1,authorization_committed,executed:RUN:3942,1,RUN,0,0,18.335122149437666,20.174541044980288
xair_atomic,plc_conditional,1,aba,3.0,1,3944,,,0,4.0,728,0,read_set_version_changed_at_commit,,0,,0,0,16.409480944275856,4.180129151791334
xair,plc_plain,1,aba,3.0,1,3946,3946,3946,0,20.0,729,1,published_after_gate_recheck,executed:RUN:3946,1,RUN,0,0,19.65341391041875,20.196162164211273
xair_atomic,plc_predicate,1,aba,3.0,1,3948,3948,3949,0,10.0,730,1,authorization_committed,refused:predicate_false:3949,0,,0,1,18.798219971358776,10.184137150645256
xair,plc_predicate,1,aba,3.0,1,3950,3950,3950,0,20.0,731,1,published_after_gate_recheck,executed:RUN:3950,1,RUN,0,0,25.154398754239082,20.374375861138105
xair,plc_predicate,1,aba,3.0,1,3952,,,0,2.0,732,0,read_set_version_changed_at_gate,,0,,0,0,18.067630007863045,2.2316440008580685
xair_atomic,plc_predicate,1,aba,3.0,1,3954,3954,3956,1,8.0,733,1,authorization_committed,executed:RUN:3956,1,RUN,0,0,23.49069993942976,8.19345423951745
xair_atomic,plc_plain,1,aba,3.0,1,3956,,,0,0.0,734,0,read_set_version_changed_at_commit,,0,,0,0,13.997828587889671,0.23851776495575905
xair,plc_predicate,1,aba,3.0,1,3958,3958,3958,0,16.0,735,1,published_after_gate_recheck,executed:RUN:3958,1,RUN,0,0,20.116331987082958,16.18613302707672
xair_atomic,plc_conditional,0,,,1,3960,3960,3960,0,,736,1,authorization_committed,executed:RUN:3960,1,RUN,0,0,25.76766023412347,
xair,plc_plain,1,aba,3.0,1,3960,3960,3961,0,16.0,737,1,published_after_gate_recheck,executed:PAUSED:3961,1,PAUSED,1,0,24.688586127012968,16.231677029281855
xair_atomic,plc_predicate,1,aba,3.0,1,3962,3962,3964,1,10.0,738,1,authorization_committed,executed:RUN:3964,1,RUN,0,0,21.90382406115532,10.231215041130781
xair_atomic,plc_plain,1,aba,3.0,1,3964,3964,3966,1,4.0,739,1,authorization_committed,executed:RUN:3966,1,RUN,0,0,18.186602741479874,4.222087096422911
xair,plc_conditional,1,aba,3.0,1,3966,,,0,0.0,740,0,precondition_failed: line.state == 'RUN',,0,,0,0,13.885948807001114,0.25407690554857254
xair_atomic,plc_conditional,1,aba,3.0,1,3968,3968,3970,0,4.0,741,1,authorization_committed,refused:version_changed:3970,0,,0,1,15.652912203222513,4.2141033336520195
xair_atomic,plc_predicate,1,aba,3.0,1,3970,3970,3971,0,8.0,742,1,authorization_committed,refused:predicate_false:3971,0,,0,1,16.813067253679037,8.228349965065718
xair_atomic,plc_conditional,1,aba,3.0,1,3972,3972,3974,0,10.0,743,1,authorization_committed,refused:version_changed:3974,0,,0,1,22.803050000220537,10.237878188490868
xair_atomic,plc_conditional,1,aba,3.0,1,3974,3974,3976,0,8.0,744,1,authorization_committed,refused:version_changed:3976,0,,0,1,18.690067809075117,8.20006662979722
xair,plc_predicate,0,,,1,3976,3976,3976,0,,745,1,published_after_gate_recheck,executed:RUN:3976,1,RUN,0,0,24.864946957677603,
xair_atomic,plc_plain,1,aba,3.0,1,3976,,,0,8.0,746,0,read_set_version_changed_at_commit,,0,,0,0,23.243615869432688,8.284464944154024
xair,plc_conditional,1,aba,3.0,1,3978,3978,3979,0,8.0,747,1,published_after_gate_recheck,refused:version_changed:3979,0,,0,1,18.745311070233583,8.236876223236322
xair,plc_conditional,1,aba,3.0,1,3980,3980,3982,0,10.0,748,1,published_after_gate_recheck,refused:version_changed:3982,0,,0,1,26.26227680593729,10.198162868618965
xair_atomic,plc_conditional,0,,,1,3982,3982,3982,0,,749,1,authorization_committed,executed:RUN:3982,1,RUN,0,0,20.644201897084713,
xair,plc_plain,1,aba,3.0,1,3982,,,0,0.0,750,0,read_set_version_changed_at_gate,,0,,0,0,18.894219771027565,0.3644130192697048
xair_atomic,plc_predicate,1,aba,3.0,1,3984,3984,3986,1,16.0,751,1,authorization_committed,executed:RUN:3986,1,RUN,0,0,25.656280107796192,16.161495819687843
xair,plc_conditional,1,aba,3.0,1,3986,,,0,4.0,752,0,read_set_version_changed_at_gate,,0,,0,0,20.166526082903147,4.359534941613674
xair_atomic,plc_conditional,1,aba,3.0,1,3988,,,0,2.0,753,0,read_set_version_changed_at_commit,,0,,0,0,14.467889908701181,2.2507295943796635
xair_atomic,plc_conditional,1,aba,3.0,1,3990,3990,3991,0,12.0,754,1,authorization_committed,refused:version_changed:3991,0,,0,1,18.47207872197032,12.147829867899418
xair_atomic,plc_predicate,1,aba,3.0,1,3992,,,0,2.0,755,0,read_set_version_changed_at_commit,,0,,0,0,14.439367223531008,2.258975990116596
xair,plc_predicate,1,aba,3.0,1,3994,3994,3996,1,12.0,756,1,published_after_gate_recheck,executed:RUN:3996,1,RUN,0,0,28.360491152852774,12.189618311822414
xair_atomic,plc_conditional,1,aba,3.0,1,3996,3996,3998,0,8.0,757,1,authorization_committed,refused:version_changed:3998,0,,0,1,18.239522352814674,8.253257256001234
xair_atomic,plc_plain,1,aba,3.0,1,3998,3998,4000,1,6.0,758,1,authorization_committed,executed:RUN:4000,1,RUN,0,0,22.92162273079157,6.191148888319731
xair_atomic,plc_predicate,1,aba,3.0,1,4000,4000,4002,1,6.0,759,1,authorization_committed,executed:RUN:4002,1,RUN,0,0,22.71402394399047,6.19153119623661
xair_atomic,plc_plain,1,aba,3.0,1,4002,4002,4004,1,4.0,760,1,authorization_committed,executed:RUN:4004,1,RUN,0,0,21.336889825761318,4.391435068100691
xair,plc_predicate,1,aba,3.0,1,4004,4004,4006,1,4.0,761,1,published_after_gate_recheck,executed:RUN:4006,1,RUN,0,0,25.44556464999914,4.258385859429836
xair_atomic,plc_predicate,1,aba,3.0,1,4006,,,0,2.0,762,0,read_set_version_changed_at_commit,,0,,0,0,15.140301082283258,2.27462500333786
xair_atomic,plc_conditional,1,aba,3.0,1,4008,4008,4009,0,16.0,763,1,authorization_committed,refused:version_changed:4009,0,,0,1,23.593571968376637,16.217400785535574
xair,plc_plain,1,aba,3.0,1,4010,4010,4010,0,20.0,764,1,published_after_gate_recheck,executed:RUN:4010,1,RUN,0,0,24.84467811882496,20.175873767584562
xair,plc_predicate,1,aba,3.0,1,4012,4012,4014,1,8.0,765,1,published_after_gate_recheck,executed:RUN:4014,1,RUN,0,0,27.34910510480404,8.425259031355381
xair_atomic,plc_plain,1,aba,3.0,1,4014,4014,4014,0,20.0,766,1,authorization_committed,executed:RUN:4014,1,RUN,0,0,19.947845954447985,20.24628594517708
xair,plc_predicate,1,aba,3.0,1,4016,4016,4018,1,10.0,767,1,published_after_gate_recheck,executed:RUN:4018,1,RUN,0,0,26.89770795404911,10.194506961852312
xair_atomic,plc_predicate,1,aba,3.0,1,4018,4018,4020,1,6.0,768,1,authorization_committed,executed:RUN:4020,1,RUN,0,0,18.498077057301998,6.178314797580242
xair,plc_predicate,1,aba,3.0,1,4020,4020,4020,0,16.0,769,1,published_after_gate_recheck,executed:RUN:4020,1,RUN,0,0,21.73571800813079,16.171644907444715
xair,plc_plain,0,,,1,4022,4022,4022,0,,770,1,published_after_gate_recheck,executed:RUN:4022,1,RUN,0,0,18.94556637853384,
xair_atomic,plc_predicate,1,aba,3.0,1,4022,4022,4023,0,14.0,771,1,authorization_committed,refused:predicate_false:4023,0,,0,1,19.745135214179754,14.29666904732585
xair_atomic,plc_conditional,1,aba,3.0,1,4024,4024,4026,0,6.0,772,1,authorization_committed,refused:version_changed:4026,0,,0,1,19.539971835911274,6.640702951699495
xair,plc_predicate,1,aba,3.0,1,4026,4026,4027,0,16.0,773,1,published_after_gate_recheck,refused:predicate_false:4027,0,,0,1,23.762048222124577,16.218703240156174
xair_atomic,plc_conditional,1,aba,3.0,1,4028,4028,4028,0,20.0,774,1,authorization_committed,executed:RUN:4028,1,RUN,0,0,17.189834266901016,20.224464125931263
xair,plc_plain,1,aba,3.0,1,4030,4030,4032,1,6.0,775,1,published_after_gate_recheck,executed:RUN:4032,1,RUN,0,0,23.677540011703968,6.224893033504486
xair,plc_predicate,1,aba,3.0,1,4032,4032,4033,0,14.0,776,1,published_after_gate_recheck,refused:predicate_false:4033,0,,0,1,21.998931653797626,14.218541793525219
xair,plc_conditional,1,aba,3.0,1,4034,,,0,2.0,777,0,read_set_version_changed_at_gate,,0,,0,0,18.60471675172448,2.280876971781254
xair,plc_conditional,1,aba,3.0,1,4036,4036,4038,0,8.0,778,1,published_after_gate_recheck,refused:version_changed:4038,0,,0,1,25.510817766189575,8.175611030310392
xair_atomic,plc_predicate,1,aba,3.0,1,4038,4038,4040,1,8.0,779,1,authorization_committed,executed:RUN:4040,1,RUN,0,0,18.988477997481823,8.244900964200497
xair_atomic,plc_predicate,1,aba,3.0,1,4040,4040,4040,0,20.0,780,1,authorization_committed,executed:RUN:4040,1,RUN,0,0,18.31302000209689,20.227129105478525
xair_atomic,plc_plain,1,aba,3.0,1,4042,4042,4044,1,10.0,781,1,authorization_committed,executed:RUN:4044,1,RUN,0,0,25.070000905543566,10.21544635295868
xair_atomic,plc_plain,1,aba,3.0,1,4044,4044,4046,1,10.0,782,1,authorization_committed,executed:RUN:4046,1,RUN,0,0,20.17043298110366,10.21314226090908
xair_atomic,plc_plain,1,aba,3.0,1,4046,4046,4047,0,12.0,783,1,authorization_committed,executed:PAUSED:4047,1,PAUSED,1,0,22.673527244478464,12.345038820058107
xair_atomic,plc_conditional,1,aba,3.0,1,4048,4048,4049,0,16.0,784,1,authorization_committed,refused:version_changed:4049,0,,0,1,23.21501262485981,16.203605104237795
xair,plc_plain,1,aba,3.0,1,4050,4050,4051,0,12.0,785,1,published_after_gate_recheck,executed:PAUSED:4051,1,PAUSED,1,0,23.01094029098749,12.252565938979387
xair_atomic,plc_predicate,0,,,1,4052,4052,4052,0,,786,1,authorization_committed,executed:RUN:4052,1,RUN,0,0,23.41359481215477,
xair_atomic,plc_conditional,1,aba,3.0,1,4052,,,0,0.0,787,0,read_set_version_changed_at_commit,,0,,0,0,14.779193326830864,2.051836811006069
xair,plc_predicate,1,aba,3.0,1,4054,,,0,0.0,788,0,read_set_version_changed_at_gate,,0,,0,0,17.208699602633715,0.36949198693037033
xair_atomic,plc_predicate,1,aba,3.0,1,4056,4056,4058,1,10.0,789,1,authorization_committed,executed:RUN:4058,1,RUN,0,0,22.675110027194023,10.328907985240221
xair,plc_conditional,1,aba,3.0,1,4058,,,0,4.0,790,0,read_set_version_changed_at_gate,,0,,0,0,21.949169225990772,4.301106091588736
xair_atomic,plc_conditional,1,aba,3.0,1,4060,4060,4062,0,10.0,791,1,authorization_committed,refused:version_changed:4062,0,,0,1,28.553212992846966,10.316545143723488
xair_atomic,plc_conditional,1,aba,3.0,1,4062,4062,4064,0,4.0,792,1,authorization_committed,refused:version_changed:4064,0,,0,1,20.453644916415215,4.2563918977975845
xair_atomic,plc_predicate,1,aba,3.0,1,4064,4064,4064,0,16.0,793,1,authorization_committed,executed:RUN:4064,1,RUN,0,0,19.746037665754557,16.244200989603996
xair,plc_conditional,1,aba,3.0,1,4066,,,0,0.0,794,0,read_set_version_changed_at_gate,,0,,0,0,16.770577989518642,0.3573610447347164
xair_atomic,plc_plain,1,aba,3.0,1,4068,,,0,4.0,795,0,read_set_version_changed_at_commit,,0,,0,0,16.26797579228878,4.185328725725412
xair,plc_conditional,1,aba,3.0,1,4070,4070,4072,0,6.0,796,1,published_after_gate_recheck,refused:version_changed:4072,0,,0,1,22.696119267493486,6.179047282785177
xair,plc_plain,1,aba,3.0,1,4072,,,0,2.0,797,0,read_set_version_changed_at_gate,,0,,0,0,17.632424365729094,2.190657891333103
xair,plc_predicate,1,aba,3.0,1,4074,4074,4076,1,6.0,798,1,published_after_gate_recheck,executed:RUN:4076,1,RUN,0,0,27.729257941246033,6.189156323671341
xair,plc_plain,1,aba,3.0,1,4076,,,0,2.0,799,0,read_set_version_changed_at_gate,,0,,0,0,17.0121006667614,2.199375070631504
xair_atomic,plc_predicate,1,aba,3.0,1,4078,4078,4078,0,20.0,800,1,authorization_committed,executed:RUN:4078,1,RUN,0,0,21.43839094787836,20.236646756529808
xair_atomic,plc_conditional,1,aba,3.0,1,4080,,,0,2.0,801,0,read_set_version_changed_at_commit,,0,,0,0,15.16016898676753,2.1813008934259415
xair,plc_conditional,1,aba,3.0,1,4082,4082,4082,0,16.0,802,1,published_after_gate_recheck,executed:RUN:4082,1,RUN,0,0,20.480776205658913,16.297411173582077
xair_atomic,plc_plain,1,aba,3.0,1,4084,,,0,2.0,803,0,read_set_version_changed_at_commit,,0,,0,0,13.863667845726013,2.2725909948349
xair,plc_predicate,1,aba,3.0,1,4086,4086,4087,0,16.0,804,1,published_after_gate_recheck,refused:predicate_false:4087,0,,0,1,24.48500506579876,16.231536865234375
xair,plc_predicate,1,aba,3.0,1,4088,4088,4090,1,8.0,805,1,published_after_gate_recheck,executed:RUN:4090,1,RUN,0,0,23.08989828452468,8.284905925393105
xair_atomic,plc_predicate,1,aba,3.0,1,4090,4090,4091,0,20.0,806,1,authorization_committed,refused:predicate_false:4091,0,,0,1,25.93180676922202,20.24658629670739
xair,plc_predicate,1,aba,3.0,1,4092,4092,4093,0,20.0,807,1,published_after_gate_recheck,refused:predicate_false:4093,0,,0,1,29.460924677550793,20.295878872275352
xair_atomic,plc_plain,1,aba,3.0,1,4094,4094,4096,1,8.0,808,1,authorization_committed,executed:RUN:4096,1,RUN,0,0,26.86634985730052,8.212270215153694
xair_atomic,plc_predicate,1,aba,3.0,1,4096,,,0,0.0,809,0,precondition_failed: line.state == 'RUN',,0,,0,0,13.33952508866787,0.4222509451210499
xair,plc_predicate,1,aba,3.0,1,4098,,,0,2.0,810,0,read_set_version_changed_at_gate,,0,,0,0,19.059801008552313,2.332954667508602
xair_atomic,plc_plain,0,,,1,4100,4100,4100,0,,811,1,authorization_committed,executed:RUN:4100,1,RUN,0,0,20.043556112796068,
xair,plc_predicate,1,aba,3.0,1,4100,4100,4101,0,14.0,812,1,published_after_gate_recheck,refused:predicate_false:4101,0,,0,1,26.46501688286662,14.241746161133051
xair,plc_conditional,1,aba,3.0,1,4102,4102,4103,0,16.0,813,1,published_after_gate_recheck,refused:version_changed:4103,0,,0,1,26.38821303844452,17.927137203514576
xair_atomic,plc_predicate,1,aba,3.0,1,4104,,,0,2.0,814,0,read_set_version_changed_at_commit,,0,,0,0,14.350810088217258,2.2194217890501022
xair_atomic,plc_plain,1,aba,3.0,1,4106,4106,4107,0,14.0,815,1,authorization_committed,executed:PAUSED:4107,1,PAUSED,1,0,19.645449239760637,14.260701835155487
xair,plc_plain,1,aba,3.0,1,4108,,,0,0.0,816,0,read_set_version_changed_at_gate,,0,,0,0,17.424103803932667,0.35792216658592224
xair_atomic,plc_plain,1,aba,3.0,1,4110,4110,4112,1,4.0,817,1,authorization_committed,executed:RUN:4112,1,RUN,0,0,21.92316995933652,4.218621179461479
xair,plc_predicate,1,aba,3.0,1,4112,,,0,0.0,818,0,read_set_version_changed_at_gate,,0,,0,0,17.505515832453966,0.41717197746038437
xair,plc_conditional,1,aba,3.0,1,4114,4114,4116,0,10.0,819,1,published_after_gate_recheck,refused:version_changed:4116,0,,0,1,27.842169161885977,10.212761349976063
xair_atomic,plc_predicate,1,aba,3.0,1,4116,4116,4116,0,20.0,820,1,authorization_committed,executed:RUN:4116,1,RUN,0,0,17.74013601243496,20.214015152305365
xair,plc_conditional,1,aba,3.0,1,4118,,,0,0.0,821,0,read_set_version_changed_at_gate,,0,,0,0,17.239718232303858,0.2888222225010395
xair_atomic,plc_predicate,1,aba,3.0,1,4120,,,0,2.0,822,0,read_set_version_changed_at_commit,,0,,0,0,14.972176402807236,2.1830438636243343
xair,plc_predicate,1,aba,3.0,1,4122,4122,4124,1,6.0,823,1,published_after_gate_recheck,executed:RUN:4124,1,RUN,0,0,23.10754219070077,6.2074195593595505
xair,plc_conditional,1,aba,3.0,1,4124,4124,4125,0,8.0,824,1,published_after_gate_recheck,refused:version_changed:4125,0,,0,1,20.606542006134987,8.190678898245096
xair,plc_plain,1,aba,3.0,1,4126,,,0,0.0,825,0,read_set_version_changed_at_gate,,0,,0,0,16.93381369113922,0.37182681262493134
xair_atomic,plc_conditional,1,aba,3.0,1,4128,4128,4129,0,10.0,826,1,authorization_committed,refused:version_changed:4129,0,,0,1,19.770394079387188,10.37037605419755
xair_atomic,plc_predicate,1,aba,3.0,1,4130,4130,4131,0,12.0,827,1,authorization_committed,refused:predicate_false:4131,0,,0,1,16.537792049348354,12.241976335644722
xair,plc_conditional,1,aba,3.0,1,4132,4132,4134,0,6.0,828,1,published_after_gate_recheck,refused:version_changed:4134,0,,0,1,20.81956062465906,6.219141650944948
xair,plc_plain,0,,,1,4134,4134,4134,0,,829,1,published_after_gate_recheck,executed:RUN:4134,1,RUN,0,0,21.797063760459423,
xair,plc_predicate,1,aba,3.0,1,4134,4134,4136,1,4.0,830,1,published_after_gate_recheck,executed:RUN:4136,1,RUN,0,0,21.70012192800641,4.223510157316923
xair_atomic,plc_conditional,1,aba,3.0,1,4136,,,0,0.0,831,0,read_set_version_changed_at_commit,,0,,0,0,13.88926524668932,0.28833141550421715
xair,plc_plain,1,aba,3.0,1,4138,4138,4138,0,12.0,832,1,published_after_gate_recheck,executed:RUN:4138,1,RUN,0,0,18.576174043118954,12.184857856482267
xair,plc_conditional,1,aba,3.0,1,4140,4140,4140,0,16.0,833,1,published_after_gate_recheck,executed:RUN:4140,1,RUN,0,0,19.775482825934887,16.372981946915388
xair,plc_plain,1,aba,3.0,1,4142,4142,4142,0,20.0,834,1,published_after_gate_recheck,executed:RUN:4142,1,RUN,0,0,19.16322484612465,20.277824718505144
xair_atomic,plc_plain,1,aba,3.0,1,4144,,,0,2.0,835,0,read_set_version_changed_at_commit,,0,,0,0,15.40141087025404,2.2413930855691433
xair_atomic,plc_conditional,1,aba,3.0,1,4146,4146,4148,0,8.0,836,1,authorization_committed,refused:version_changed:4148,0,,0,1,23.173495195806026,8.255911991000175
xair_atomic,plc_conditional,1,aba,3.0,1,4148,4148,4148,0,20.0,837,1,authorization_committed,executed:RUN:4148,1,RUN,0,0,21.432830952107906,20.268316846340895
xair,plc_plain,1,aba,3.0,1,4150,4150,4152,1,8.0,838,1,published_after_gate_recheck,executed:RUN:4152,1,RUN,0,0,22.673136088997126,8.224312216043472
xair,plc_conditional,0,,,1,4152,4152,4152,0,,839,1,published_after_gate_recheck,executed:RUN:4152,1,RUN,0,0,22.750772070139647,
xair,plc_conditional,1,aba,3.0,1,4152,,,0,2.0,840,0,read_set_version_changed_at_gate,,0,,0,0,17.328334040939808,2.23172502592206
xair_atomic,plc_conditional,1,aba,3.0,1,4154,4154,4155,0,16.0,841,1,authorization_committed,refused:version_changed:4155,0,,0,1,22.647499106824398,16.247326973825693
xair_atomic,plc_predicate,1,aba,3.0,1,4156,,,0,0.0,842,0,read_set_version_changed_at_commit,,0,,0,0,13.833410572260618,0.40991930291056633
xair,plc_conditional,1,aba,3.0,1,4158,4158,4160,0,12.0,843,1,published_after_gate_recheck,refused:version_changed:4160,0,,0,1,28.282114770263433,12.157928198575974
xair,plc_conditional,1,aba,3.0,1,4160,4160,4162,0,6.0,844,1,published_after_gate_recheck,refused:version_changed:4162,0,,0,1,21.058738697320223,6.148018874228001
xair,plc_plain,1,aba,3.0,1,4162,4162,4163,0,14.0,845,1,published_after_gate_recheck,executed:PAUSED:4163,1,PAUSED,1,0,22.655513137578964,14.143011067062616
xair_atomic,plc_predicate,1,aba,3.0,1,4164,,,0,0.0,846,0,precondition_failed: line.state == 'RUN',,0,,0,0,13.983841985464096,0.40093110874295235
xair_atomic,plc_plain,1,aba,3.0,1,4166,,,0,2.0,847,0,read_set_version_changed_at_commit,,0,,0,0,15.646981075406075,2.2496990859508514
xair,plc_plain,1,aba,3.0,1,4168,4168,4168,0,20.0,848,1,published_after_gate_recheck,executed:RUN:4168,1,RUN,0,0,18.89000227674842,20.226428750902414
xair,plc_conditional,1,aba,3.0,1,4170,,,0,0.0,849,0,read_set_version_changed_at_gate,,0,,0,0,18.022165168076754,0.304381363093853
xair_atomic,plc_conditional,1,aba,3.0,1,4172,4172,4173,0,14.0,850,1,authorization_committed,refused:version_changed:4173,0,,0,1,22.21590932458639,14.196530915796757
xair_atomic,plc_conditional,1,aba,3.0,1,4174,4174,4176,0,8.0,851,1,authorization_committed,refused:version_changed:4176,0,,0,1,22.02840708196163,8.155854418873787
xair,plc_conditional,1,aba,3.0,1,4176,4176,4177,0,16.0,852,1,published_after_gate_recheck,refused:version_changed:4177,0,,0,1,24.203836917877197,16.143282409757376
xair,plc_plain,1,aba,3.0,1,4178,4178,4178,0,20.0,853,1,published_after_gate_recheck,executed:RUN:4178,1,RUN,0,0,21.58085908740759,20.156197249889374
xair,plc_plain,1,aba,3.0,1,4180,4180,4181,0,14.0,854,1,published_after_gate_recheck,executed:PAUSED:4181,1,PAUSED,1,0,24.49165703728795,14.299734029918909
xair,plc_plain,1,aba,3.0,1,4182,4182,4184,1,6.0,855,1,published_after_gate_recheck,executed:RUN:4184,1,RUN,0,0,26.392951607704163,6.203331984579563
xair,plc_conditional,1,aba,3.0,1,4184,4184,4185,0,14.0,856,1,published_after_gate_recheck,refused:version_changed:4185,0,,0,1,24.750542361289263,14.558941125869751
xair_atomic,plc_predicate,1,aba,3.0,1,4186,4186,4188,1,8.0,857,1,authorization_committed,executed:RUN:4188,1,RUN,0,0,18.3602892793715,8.24868818745017
xair_atomic,plc_predicate,1,aba,3.0,1,4188,,,0,2.0,858,0,read_set_version_changed_at_commit,,0,,0,0,15.91560523957014,2.199414186179638
xair_atomic,plc_predicate,1,aba,3.0,1,4190,,,0,4.0,859,0,read_set_version_changed_at_commit,,0,,0,0,16.190148890018463,4.263374954462051
xair_atomic,plc_predicate,0,,,1,4192,4192,4192,0,,860,1,authorization_committed,executed:RUN:4192,1,RUN,0,0,20.11613082140684,
xair_atomic,plc_conditional,1,aba,3.0,1,4192,4192,4194,0,10.0,861,1,authorization_committed,refused:version_changed:4194,0,,0,1,22.65833830460906,10.195808950811625
xair_atomic,plc_conditional,1,aba,3.0,1,4194,4194,4194,0,20.0,862,1,authorization_committed,executed:RUN:4194,1,RUN,0,0,19.614210352301598,20.302210934460163
xair_atomic,plc_conditional,1,aba,3.0,1,4196,4196,4196,0,20.0,863,1,authorization_committed,executed:RUN:4196,1,RUN,0,0,22.58687373250723,20.19150322303176
xair_atomic,plc_conditional,1,aba,3.0,1,4198,4198,4200,0,6.0,864,1,authorization_committed,refused:version_changed:4200,0,,0,1,16.18884690105915,6.226545665413141
xair_atomic,plc_conditional,0,,,1,4200,4200,4200,0,,865,1,authorization_committed,executed:RUN:4200,1,RUN,0,0,17.342650797218084,
xair_atomic,plc_conditional,0,,,1,4200,4200,4200,0,,866,1,authorization_committed,executed:RUN:4200,1,RUN,0,0,23.187480866909027,
xair,plc_predicate,1,aba,3.0,1,4200,4200,4202,1,4.0,867,1,published_after_gate_recheck,executed:RUN:4202,1,RUN,0,0,24.965334683656693,4.190918989479542
xair_atomic,plc_predicate,1,aba,3.0,1,4202,4202,4204,1,8.0,868,1,authorization_committed,executed:RUN:4204,1,RUN,0,0,20.179761108011007,8.1741982139647
xair,plc_conditional,1,aba,3.0,1,4204,4204,4205,0,14.0,869,1,published_after_gate_recheck,refused:version_changed:4205,0,,0,1,24.795937351882458,14.196832198649645
xair,plc_predicate,1,aba,3.0,1,4206,4206,4208,1,4.0,870,1,published_after_gate_recheck,executed:RUN:4208,1,RUN,0,0,27.802926022559404,4.273933824151754
xair,plc_predicate,1,aba,3.0,1,4208,,,0,4.0,871,0,read_set_version_changed_at_gate,,0,,0,0,20.841070916503668,4.2450809851288795
xair_atomic,plc_predicate,1,aba,3.0,1,4210,4210,4210,0,16.0,872,1,authorization_committed,executed:RUN:4210,1,RUN,0,0,18.730674404650927,16.225566156208515
xair,plc_plain,1,aba,3.0,1,4212,4212,4212,0,20.0,873,1,published_after_gate_recheck,executed:RUN:4212,1,RUN,0,0,19.36911139637232,20.208686124533415
xair_atomic,plc_plain,1,aba,3.0,1,4214,,,0,0.0,874,0,read_set_version_changed_at_commit,,0,,0,0,14.387279283255339,0.28518494218587875
xair_atomic,plc_plain,1,aba,3.0,1,4216,4216,4217,0,12.0,875,1,authorization_committed,executed:PAUSED:4217,1,PAUSED,1,0,17.444620840251446,12.199516408145428
xair_atomic,plc_plain,1,aba,3.0,1,4218,4218,4219,0,10.0,876,1,authorization_committed,executed:PAUSED:4219,1,PAUSED,1,0,19.00234306231141,10.23607375100255
xair,plc_predicate,1,aba,3.0,1,4220,4220,4222,1,4.0,877,1,published_after_gate_recheck,executed:RUN:4222,1,RUN,0,0,23.038852959871292,4.307989031076431
xair,plc_plain,1,aba,3.0,1,4222,,,0,0.0,878,0,read_set_version_changed_at_gate,,0,,0,0,17.01196003705263,0.3916849382221699
xair_atomic,plc_predicate,1,aba,3.0,1,4224,4224,4225,0,12.0,879,1,authorization_committed,refused:predicate_false:4225,0,,0,1,22.65154616907239,12.259398121386766
xair_atomic,plc_plain,1,aba,3.0,1,4226,4226,4227,0,10.0,880,1,authorization_committed,executed:PAUSED:4227,1,PAUSED,1,0,17.108480911701918,10.357842780649662
xair,plc_conditional,1,aba,3.0,1,4228,4228,4229,0,12.0,881,1,published_after_gate_recheck,refused:version_changed:4229,0,,0,1,22.506664972752333,12.273254804313183
xair,plc_conditional,1,aba,3.0,1,4230,4230,4232,0,6.0,882,1,published_after_gate_recheck,refused:version_changed:4232,0,,0,1,20.45027818530798,6.2402416951954365
xair,plc_conditional,1,aba,3.0,1,4232,,,0,2.0,883,0,read_set_version_changed_at_gate,,0,,0,0,18.441931810230017,2.262893132865429
xair,plc_plain,1,aba,3.0,1,4234,,,0,0.0,884,0,precondition_failed: line.state == 'RUN',,0,,0,0,13.448468875139952,0.3736009821295738
xair_atomic,plc_predicate,1,aba,3.0,1,4236,4236,4238,1,6.0,885,1,authorization_committed,executed:RUN:4238,1,RUN,0,0,25.753973051905632,6.203571800142527
xair_atomic,plc_plain,1,aba,3.0,1,4238,,,0,0.0,886,0,read_set_version_changed_at_commit,,0,,0,0,15.069007873535156,0.24278508499264717
xair_atomic,plc_conditional,1,aba,3.0,1,4240,4240,4242,0,14.0,887,1,authorization_committed,refused:version_changed:4242,0,,0,1,25.153046939522028,14.27674200385809
xair_atomic,plc_conditional,1,aba,3.0,1,4242,,,0,0.0,888,0,read_set_version_changed_at_commit,,0,,0,0,15.341317746788263,0.3153816796839237
xair_atomic,plc_predicate,1,aba,3.0,1,4244,,,0,4.0,889,0,read_set_version_changed_at_commit,,0,,0,0,17.397935036569834,4.227716941386461
xair,plc_predicate,1,aba,3.0,1,4246,4246,4248,1,10.0,890,1,published_after_gate_recheck,executed:RUN:4248,1,RUN,0,0,26.798603124916553,10.245773009955883
xair_atomic,plc_plain,1,aba,3.0,1,4248,,,0,2.0,891,0,read_set_version_changed_at_commit,,0,,0,0,14.83071967959404,2.2466820664703846
xair,plc_plain,1,aba,3.0,1,4250,4250,4251,0,20.0,892,1,published_after_gate_recheck,executed:PAUSED:4251,1,PAUSED,1,0,28.55231100693345,20.2065110206604
xair_atomic,plc_plain,1,aba,3.0,1,4252,4252,4252,0,20.0,893,1,authorization_committed,executed:RUN:4252,1,RUN,0,0,17.80136115849018,20.289666950702667
xair_atomic,plc_predicate,0,,,1,4254,4254,4254,0,,894,1,authorization_committed,executed:RUN:4254,1,RUN,0,0,19.04630521312356,
xair_atomic,plc_predicate,1,aba,3.0,1,4254,,,0,0.0,895,0,read_set_version_changed_at_commit,,0,,0,0,14.045358169823885,0.3657159395515919
xair,plc_plain,1,aba,3.0,1,4256,4256,4258,1,8.0,896,1,published_after_gate_recheck,executed:RUN:4258,1,RUN,0,0,20.648340228945017,8.2585159689188
xair_atomic,plc_plain,1,aba,3.0,1,4258,4258,4259,0,6.0,897,1,authorization_committed,executed:PAUSED:4259,1,PAUSED,1,0,16.115528997033834,6.270437967032194
xair,plc_plain,1,aba,3.0,1,4260,4260,4262,1,6.0,898,1,published_after_gate_recheck,executed:RUN:4262,1,RUN,0,0,20.73325915262103,6.226175930351019
xair,plc_conditional,0,,,1,4262,4262,4262,0,,899,1,published_after_gate_recheck,executed:RUN:4262,1,RUN,0,0,20.561637356877327,
xair,plc_predicate,1,aba,3.0,1,4262,4262,4264,1,8.0,900,1,published_after_gate_recheck,executed:RUN:4264,1,RUN,0,0,23.42676930129528,8.249398786574602
xair_atomic,plc_conditional,1,aba,3.0,1,4264,,,0,2.0,901,0,read_set_version_changed_at_commit,,0,,0,0,14.705165289342403,2.185206860303879
xair,plc_conditional,1,aba,3.0,1,4266,4266,4267,0,16.0,902,1,published_after_gate_recheck,refused:version_changed:4267,0,,0,1,25.674504693597555,16.17220602929592
xair,plc_plain,1,aba,3.0,1,4268,4268,4270,1,6.0,903,1,published_after_gate_recheck,executed:RUN:4270,1,RUN,0,0,22.09734683856368,6.253466010093689
xair,plc_conditional,1,aba,3.0,1,4270,4270,4270,0,20.0,904,1,published_after_gate_recheck,executed:RUN:4270,1,RUN,0,0,21.108641754835844,20.16649628058076
xair,plc_plain,1,aba,3.0,1,4272,4272,4273,0,6.0,905,1,published_after_gate_recheck,executed:PAUSED:4273,1,PAUSED,1,0,19.155911169946194,6.185950245708227
xair,plc_plain,1,aba,3.0,1,4274,,,0,0.0,906,0,read_set_version_changed_at_gate,,0,,0,0,17.440414056181908,0.37182727828621864
xair_atomic,plc_conditional,1,aba,3.0,1,4276,4276,4278,0,10.0,907,1,authorization_committed,refused:version_changed:4278,0,,0,1,21.473636850714684,10.281329043209553
xair_atomic,plc_plain,1,aba,3.0,1,4278,4278,4278,0,14.0,908,1,authorization_committed,executed:RUN:4278,1,RUN,0,0,18.02086317911744,14.19781381264329
xair,plc_predicate,1,aba,3.0,1,4280,4280,4282,1,4.0,909,1,published_after_gate_recheck,executed:RUN:4282,1,RUN,0,0,19.993301946669817,4.183785058557987
xair,plc_plain,1,aba,3.0,1,4282,4282,4284,1,4.0,910,1,published_after_gate_recheck,executed:RUN:4284,1,RUN,0,0,20.922713913023472,4.176701884716749
xair_atomic,plc_conditional,1,aba,3.0,1,4284,,,0,2.0,911,0,read_set_version_changed_at_commit,,0,,0,0,15.5435879714787,2.39483080804348
xair,plc_plain,1,aba,3.0,1,4286,4286,4288,1,4.0,912,1,published_after_gate_recheck,executed:RUN:4288,1,RUN,0,0,26.495863683521748,4.199584946036339
xair_atomic,plc_predicate,1,aba,3.0,1,4288,4288,4290,1,4.0,913,1,authorization_committed,executed:RUN:4290,1,RUN,0,0,19.218668807297945,4.202670883387327
xair_atomic,plc_plain,1,aba,3.0,1,4290,,,0,2.0,914,0,read_set_version_changed_at_commit,,0,,0,0,14.273395761847496,2.1644290536642075
xair_atomic,plc_plain,1,aba,3.0,1,4292,,,0,0.0,915,0,read_set_version_changed_at_commit,,0,,0,0,13.451464008539915,0.2876291982829571
xair,plc_predicate,1,aba,3.0,1,4294,,,0,0.0,916,0,read_set_version_changed_at_gate,,0,,0,0,16.963138710707426,0.2724612131714821
xair_atomic,plc_conditional,1,aba,3.0,1,4296,,,0,0.0,917,0,read_set_version_changed_at_commit,,0,,0,0,15.209520235657692,0.3344370052218437
xair,plc_plain,1,aba,3.0,1,4298,4298,4299,0,14.0,918,1,published_after_gate_recheck,executed:PAUSED:4299,1,PAUSED,1,0,25.472145061939955,14.21853294596076
xair_atomic,plc_plain,0,,,1,4300,4300,4300,0,,919,1,authorization_committed,executed:RUN:4300,1,RUN,0,0,25.534792337566614,
xair,plc_plain,1,aba,3.0,1,4300,4300,4302,1,6.0,920,1,published_after_gate_recheck,executed:RUN:4302,1,RUN,0,0,24.928145110607147,6.2227388843894005
xair_atomic,plc_predicate,1,aba,3.0,1,4302,4302,4304,1,6.0,921,1,authorization_committed,executed:RUN:4304,1,RUN,0,0,18.736996222287416,6.230322644114494
xair,plc_conditional,1,aba,3.0,1,4304,4304,4306,0,6.0,922,1,published_after_gate_recheck,refused:version_changed:4306,0,,0,1,23.545411881059408,6.1990139074623585
xair_atomic,plc_conditional,1,aba,3.0,1,4306,,,0,2.0,923,0,read_set_version_changed_at_commit,,0,,0,0,15.735947992652655,2.239400055259466
xair_atomic,plc_predicate,1,aba,3.0,1,4308,4308,4310,1,10.0,924,1,authorization_committed,executed:RUN:4310,1,RUN,0,0,22.153942845761776,10.274285916239023
xair,plc_conditional,1,aba,3.0,1,4310,4310,4310,0,20.0,925,1,published_after_gate_recheck,executed:RUN:4310,1,RUN,0,0,22.533484268933535,20.28475794941187
xair_atomic,plc_plain,1,aba,3.0,1,4312,4312,4314,1,10.0,926,1,authorization_committed,executed:RUN:4314,1,RUN,0,0,23.68280990049243,10.267624165862799
xair,plc_plain,1,aba,3.0,1,4314,4314,4316,1,8.0,927,1,published_after_gate_recheck,executed:RUN:4316,1,RUN,0,0,23.753251880407333,8.250319864600897
xair,plc_conditional,1,aba,3.0,1,4316,4316,4318,0,6.0,928,1,published_after_gate_recheck,refused:version_changed:4318,0,,0,1,20.926871802657843,6.248126272112131
xair,plc_predicate,0,,,1,4318,4318,4318,0,,929,1,published_after_gate_recheck,executed:RUN:4318,1,RUN,0,0,22.318221163004637,
xair_atomic,plc_predicate,1,aba,3.0,1,4318,4318,4318,0,20.0,930,1,authorization_committed,executed:RUN:4318,1,RUN,0,0,19.875911064445972,20.207322668284178
xair_atomic,plc_plain,1,aba,3.0,1,4320,4320,4322,1,6.0,931,1,authorization_committed,executed:RUN:4322,1,RUN,0,0,24.156327825039625,6.221366114914417
xair,plc_conditional,1,aba,3.0,1,4322,4322,4324,0,6.0,932,1,published_after_gate_recheck,refused:version_changed:4324,0,,0,1,24.411687161773443,6.166753824800253
xair,plc_conditional,1,aba,3.0,1,4324,4324,4324,0,14.0,933,1,published_after_gate_recheck,executed:RUN:4324,1,RUN,0,0,21.455664187669754,14.276030007749796
xair_atomic,plc_predicate,0,,,1,4326,4326,4326,0,,934,1,authorization_committed,executed:RUN:4326,1,RUN,0,0,22.09385111927986,
xair_atomic,plc_conditional,1,aba,3.0,1,4326,4326,4328,0,10.0,935,1,authorization_committed,refused:version_changed:4328,0,,0,1,21.913100965321064,10.179359000176191
xair,plc_conditional,1,aba,3.0,1,4328,,,0,4.0,936,0,read_set_version_changed_at_gate,,0,,0,0,20.01546323299408,4.27141971886158
xair,plc_plain,1,aba,3.0,1,4330,4330,4331,0,12.0,937,1,published_after_gate_recheck,executed:PAUSED:4331,1,PAUSED,1,0,23.696534801274538,12.226917780935764
xair,plc_predicate,1,aba,3.0,1,4332,4332,4334,1,6.0,938,1,published_after_gate_recheck,executed:RUN:4334,1,RUN,0,0,26.63540607318282,6.397577002644539
xair_atomic,plc_conditional,1,aba,3.0,1,4334,,,0,4.0,939,0,read_set_version_changed_at_commit,,0,,0,0,17.001961823552847,4.320621956139803
xair_atomic,plc_predicate,1,aba,3.0,1,4336,,,0,2.0,940,0,read_set_version_changed_at_commit,,0,,0,0,16.10533008351922,2.2529037669301033
xair_atomic,plc_predicate,1,aba,3.0,1,4338,4338,4338,0,20.0,941,1,authorization_committed,executed:RUN:4338,1,RUN,0,0,24.0592360496521,20.237158052623272
xair,plc_plain,1,aba,3.0,1,4340,4340,4341,0,16.0,942,1,published_after_gate_recheck,executed:PAUSED:4341,1,PAUSED,1,0,24.76250473409891,16.242247074842453
xair_atomic,plc_conditional,1,aba,3.0,1,4342,4342,4342,0,16.0,943,1,authorization_committed,executed:RUN:4342,1,RUN,0,0,16.874071676284075,16.52060030028224
xair,plc_conditional,1,aba,3.0,1,4344,4344,4345,0,16.0,944,1,published_after_gate_recheck,refused:version_changed:4345,0,,0,1,25.91727999970317,16.23189775273204
xair_atomic,plc_predicate,1,aba,3.0,1,4346,4346,4347,0,12.0,945,1,authorization_committed,refused:predicate_false:4347,0,,0,1,20.36054991185665,12.261983938515186
xair_atomic,plc_conditional,1,aba,3.0,1,4348,4348,4349,0,14.0,946,1,authorization_committed,refused:version_changed:4349,0,,0,1,21.370602771639824,14.192714355885983
xair,plc_plain,1,aba,3.0,1,4350,,,0,4.0,947,0,read_set_version_changed_at_gate,,0,,0,0,20.903027150779963,4.253515973687172
xair,plc_conditional,1,aba,3.0,1,4352,4352,4354,0,8.0,948,1,published_after_gate_recheck,refused:version_changed:4354,0,,0,1,25.146543979644775,8.249739650636911
xair,plc_conditional,1,aba,3.0,1,4354,4354,4356,0,4.0,949,1,published_after_gate_recheck,refused:version_changed:4356,0,,0,1,23.186889942735434,4.292970057576895
xair,plc_predicate,1,aba,3.0,1,4356,,,0,2.0,950,0,read_set_version_changed_at_gate,,0,,0,0,18.417235929518938,2.182392869144678
xair,plc_predicate,1,aba,3.0,1,4358,4358,4360,1,6.0,951,1,published_after_gate_recheck,executed:RUN:4360,1,RUN,0,0,26.663649827241898,6.15798681974411
xair_atomic,plc_plain,1,aba,3.0,1,4360,4360,4360,0,20.0,952,1,authorization_committed,executed:RUN:4360,1,RUN,0,0,19.073436968028545,20.1748413965106
xair_atomic,plc_predicate,1,aba,3.0,1,4362,4362,4364,1,10.0,953,1,authorization_committed,executed:RUN:4364,1,RUN,0,0,23.956001736223698,10.162977036088705
xair,plc_plain,1,aba,3.0,1,4364,4364,4366,1,4.0,954,1,published_after_gate_recheck,executed:RUN:4366,1,RUN,0,0,23.35366327315569,4.2977589182555676
xair_atomic,plc_predicate,1,aba,3.0,1,4366,4366,4368,1,8.0,955,1,authorization_committed,executed:RUN:4368,1,RUN,0,0,19.67731909826398,8.217940106987953
xair,plc_predicate,1,aba,3.0,1,4368,4368,4370,1,8.0,956,1,published_after_gate_recheck,executed:RUN:4370,1,RUN,0,0,21.942645777016878,8.197442162781954
xair,plc_plain,1,aba,3.0,1,4370,4370,4372,1,6.0,957,1,published_after_gate_recheck,executed:RUN:4372,1,RUN,0,0,21.760243922472,6.168917752802372
xair_atomic,plc_conditional,1,aba,3.0,1,4372,4372,4373,0,12.0,958,1,authorization_committed,refused:version_changed:4373,0,,0,1,18.927553202956915,12.243909295648336
xair,plc_predicate,1,aba,3.0,1,4374,4374,4375,0,12.0,959,1,published_after_gate_recheck,refused:predicate_false:4375,0,,0,1,24.549835827201605,12.172094080597162
xair,plc_predicate,1,aba,3.0,1,4376,,,0,2.0,960,0,read_set_version_changed_at_gate,,0,,0,0,17.99023523926735,2.236003056168556
xair_atomic,plc_predicate,1,aba,3.0,1,4378,4378,4378,0,20.0,961,1,authorization_committed,executed:RUN:4378,1,RUN,0,0,18.70781136676669,20.22236119955778
xair,plc_plain,1,aba,3.0,1,4380,4380,4382,1,10.0,962,1,published_after_gate_recheck,executed:RUN:4382,1,RUN,0,0,24.957970716059208,10.229933075606823
xair,plc_conditional,1,aba,3.0,1,4382,,,0,0.0,963,0,read_set_version_changed_at_gate,,0,,0,0,16.55315002426505,0.31998008489608765
xair,plc_predicate,1,aba,3.0,1,4384,,,0,0.0,964,0,read_set_version_changed_at_gate,,0,,0,0,16.24502334743738,0.23848703131079674
xair_atomic,plc_plain,1,aba,3.0,1,4386,4386,4386,0,16.0,965,1,authorization_committed,executed:RUN:4386,1,RUN,0,0,19.491069950163364,16.174911055713892
xair_atomic,plc_plain,1,aba,3.0,1,4388,4388,4389,0,8.0,966,1,authorization_committed,executed:PAUSED:4389,1,PAUSED,1,0,17.474908847361803,8.184888865798712
xair,plc_plain,1,aba,3.0,1,4390,,,0,2.0,967,0,read_set_version_changed_at_gate,,0,,0,0,16.988416202366352,2.168466802686453
xair,plc_plain,1,aba,3.0,1,4392,4392,4393,0,8.0,968,1,published_after_gate_recheck,executed:PAUSED:4393,1,PAUSED,1,0,20.21374460309744,8.328918367624283
xair,plc_plain,1,aba,3.0,1,4394,4394,4395,0,20.0,969,1,published_after_gate_recheck,executed:PAUSED:4395,1,PAUSED,1,0,28.688065707683563,20.181763917207718
xair_atomic,plc_predicate,1,aba,3.0,1,4396,4396,4396,0,16.0,970,1,authorization_committed,executed:RUN:4396,1,RUN,0,0,18.982945941388607,16.18804596364498
xair,plc_predicate,1,aba,3.0,1,4398,,,0,4.0,971,0,read_set_version_changed_at_gate,,0,,0,0,18.154473043978214,4.176521673798561
xair,plc_plain,1,aba,3.0,1,4400,4400,4402,1,8.0,972,1,published_after_gate_recheck,executed:RUN:4402,1,RUN,0,0,25.44097602367401,8.348484989255667
xair_atomic,plc_conditional,1,aba,3.0,1,4402,4402,4404,0,12.0,973,1,authorization_committed,refused:version_changed:4404,0,,0,1,23.99502508342266,12.240612879395485
xair,plc_conditional,0,,,1,4404,4404,4404,0,,974,1,published_after_gate_recheck,executed:RUN:4404,1,RUN,0,0,21.647613029927015,
xair,plc_predicate,1,aba,3.0,1,4404,4404,4405,0,12.0,975,1,published_after_gate_recheck,refused:predicate_false:4405,0,,0,1,21.57498663291335,12.301728129386902
xair,plc_conditional,1,aba,3.0,1,4406,4406,4406,0,12.0,976,1,published_after_gate_recheck,executed:RUN:4406,1,RUN,0,0,19.213839899748564,12.24187621846795
xair,plc_plain,1,aba,3.0,1,4408,4408,4409,0,8.0,977,1,published_after_gate_recheck,executed:PAUSED:4409,1,PAUSED,1,0,20.448004361242056,8.249129168689251
xair_atomic,plc_plain,1,aba,3.0,1,4410,4410,4412,1,12.0,978,1,authorization_committed,executed:RUN:4412,1,RUN,0,0,24.886167142540216,12.269087135791779
xair,plc_predicate,1,aba,3.0,1,4412,4412,4412,0,16.0,979,1,published_after_gate_recheck,executed:RUN:4412,1,RUN,0,0,21.40433806926012,16.26130286604166
xair,plc_predicate,1,aba,3.0,1,4414,,,0,0.0,980,0,read_set_version_changed_at_gate,,0,,0,0,16.33943011984229,0.22460101172327995
xair_atomic,plc_plain,1,aba,3.0,1,4416,,,0,2.0,981,0,read_set_version_changed_at_commit,,0,,0,0,14.652977231889963,2.1733050234615803
xair,plc_conditional,0,,,1,4418,4418,4418,0,,982,1,published_after_gate_recheck,executed:RUN:4418,1,RUN,0,0,20.54584724828601,
xair_atomic,plc_predicate,1,aba,3.0,1,4418,4418,4419,0,14.0,983,1,authorization_committed,refused:predicate_false:4419,0,,0,1,19.241291098296642,14.17566230520606
xair_atomic,plc_plain,1,aba,3.0,1,4420,4420,4422,1,4.0,984,1,authorization_committed,executed:RUN:4422,1,RUN,0,0,18.040509894490242,4.185669124126434
xair_atomic,plc_plain,1,aba,3.0,1,4422,4422,4424,1,4.0,985,1,authorization_committed,executed:RUN:4424,1,RUN,0,0,18.640775233507156,4.181961994618177
xair_atomic,plc_plain,1,aba,3.0,1,4424,4424,4425,0,14.0,986,1,authorization_committed,executed:PAUSED:4425,1,PAUSED,1,0,21.81418612599373,14.323298819363117
xair_atomic,plc_plain,1,aba,3.0,1,4426,,,0,0.0,987,0,precondition_failed: line.state == 'RUN',,0,,0,0,12.555704917758703,0.24466775357723236
xair_atomic,plc_conditional,1,aba,3.0,1,4428,4428,4429,0,10.0,988,1,authorization_committed,refused:version_changed:4429,0,,0,1,17.4608719535172,10.344508104026318
xair,plc_conditional,1,aba,3.0,1,4430,4430,4430,0,20.0,989,1,published_after_gate_recheck,executed:RUN:4430,1,RUN,0,0,27.02181087806821,20.259411074221134
xair_atomic,plc_plain,1,aba,3.0,1,4432,4432,4433,0,8.0,990,1,authorization_committed,executed:PAUSED:4433,1,PAUSED,1,0,16.09313813969493,8.208782877773046
xair_atomic,plc_plain,1,aba,3.0,1,4434,,,0,0.0,991,0,read_set_version_changed_at_commit,,0,,0,0,14.14170814678073,0.2743341028690338
xair_atomic,plc_conditional,1,aba,3.0,1,4436,,,0,4.0,992,0,read_set_version_changed_at_commit,,0,,0,0,17.221994698047638,4.21990267932415
xair,plc_plain,1,aba,3.0,1,4438,4438,4438,0,12.0,993,1,published_after_gate_recheck,executed:RUN:4438,1,RUN,0,0,16.730332747101784,12.25497992709279
xair_atomic,plc_conditional,1,aba,3.0,1,4440,4440,4442,0,8.0,994,1,authorization_committed,refused:version_changed:4442,0,,0,1,24.045119993388653,8.210466243326664
xair_atomic,plc_conditional,1,aba,3.0,1,4442,4442,4444,0,6.0,995,1,authorization_committed,refused:version_changed:4444,0,,0,1,21.774280816316605,6.1947968788445
xair_atomic,plc_conditional,1,aba,3.0,1,4444,,,0,0.0,996,0,read_set_version_changed_at_commit,,0,,0,0,14.306919183582067,0.2883900888264179
xair_atomic,plc_plain,1,aba,3.0,1,4446,,,0,2.0,997,0,read_set_version_changed_at_commit,,0,,0,0,20.01789677888155,2.4026362225413322
xair_atomic,plc_conditional,1,aba,3.0,1,4448,4448,4450,0,14.0,998,1,authorization_committed,refused:version_changed:4450,0,,0,1,28.045490384101868,14.272734057158232
xair,plc_plain,1,aba,3.0,1,4450,4450,4451,0,14.0,999,1,published_after_gate_recheck,executed:PAUSED:4451,1,PAUSED,1,0,24.051872082054615,14.240873977541924
xair_atomic,plc_plain,1,aba,3.0,1,4452,,,0,2.0,1000,0,read_set_version_changed_at_commit,,0,,0,0,15.922348015010357,2.2630938328802586
xair,plc_plain,1,aba,3.0,1,4454,4454,4456,1,10.0,1001,1,published_after_gate_recheck,executed:RUN:4456,1,RUN,0,0,25.20674793049693,10.226275771856308
xair_atomic,plc_predicate,1,aba,3.0,1,4456,4456,4457,0,12.0,1002,1,authorization_committed,refused:predicate_false:4457,0,,0,1,18.93452601507306,12.345599941909313
xair,plc_predicate,1,aba,3.0,1,4458,,,0,2.0,1003,0,read_set_version_changed_at_gate,,0,,0,0,18.260592129081488,2.283511683344841
xair_atomic,plc_plain,1,aba,3.0,1,4460,4460,4461,0,16.0,1004,1,authorization_committed,executed:PAUSED:4461,1,PAUSED,1,0,22.88345107808709,16.192012932151556
xair,plc_plain,1,aba,3.0,1,4462,4462,4464,1,8.0,1005,1,published_after_gate_recheck,executed:RUN:4464,1,RUN,0,0,22.03701389953494,8.2723218947649
xair_atomic,plc_predicate,1,aba,3.0,1,4464,4464,4465,0,8.0,1006,1,authorization_committed,refused:predicate_false:4465,0,,0,1,18.12274381518364,8.282001130282879
xair,plc_predicate,1,aba,3.0,1,4466,,,0,2.0,1007,0,read_set_version_changed_at_gate,,0,,0,0,18.010572995990515,2.259186003357172
xair,plc_predicate,1,aba,3.0,1,4468,4468,4469,0,16.0,1008,1,published_after_gate_recheck,refused:predicate_false:4469,0,,0,1,26.299807243049145,16.211458947509527
xair,plc_conditional,0,,,1,4470,4470,4470,0,,1009,1,published_after_gate_recheck,executed:RUN:4470,1,RUN,0,0,27.461114805191755,
xair,plc_plain,1,aba,3.0,1,4470,4470,4470,0,14.0,1010,1,published_after_gate_recheck,executed:RUN:4470,1,RUN,0,0,20.709895063191652,14.20564902946353
xair,plc_predicate,1,aba,3.0,1,4472,4472,4473,0,8.0,1011,1,published_after_gate_recheck,refused:predicate_false:4473,0,,0,1,20.138524007052183,8.26504873111844
xair_atomic,plc_plain,1,aba,3.0,1,4474,4474,4474,0,14.0,1012,1,authorization_committed,executed:RUN:4474,1,RUN,0,0,16.901113092899323,14.216457959264517
xair,plc_plain,1,aba,3.0,1,4476,4476,4476,0,14.0,1013,1,published_after_gate_recheck,executed:RUN:4476,1,RUN,0,0,19.199011847376823,14.21089842915535
xair,plc_predicate,0,,,1,4478,4478,4478,0,,1014,1,published_after_gate_recheck,executed:RUN:4478,1,RUN,0,0,19.656510092318058,
xair,plc_plain,0,,,1,4478,4478,4478,0,,1015,1,published_after_gate_recheck,executed:RUN:4478,1,RUN,0,0,22.67308719456196,
xair_atomic,plc_predicate,1,aba,3.0,1,4478,4478,4478,0,16.0,1016,1,authorization_committed,executed:RUN:4478,1,RUN,0,0,19.940913189202547,16.187635250389576
xair,plc_predicate,1,aba,3.0,1,4480,4480,4481,0,12.0,1017,1,published_after_gate_recheck,refused:predicate_false:4481,0,,0,1,20.611992105841637,12.166955042630434
xair,plc_plain,1,aba,3.0,1,4482,4482,4483,0,12.0,1018,1,published_after_gate_recheck,executed:PAUSED:4483,1,PAUSED,1,0,22.946610115468502,12.170141097158194
xair_atomic,plc_plain,1,aba,3.0,1,4484,4484,4485,0,14.0,1019,1,authorization_committed,executed:PAUSED:4485,1,PAUSED,1,0,23.613550234586,14.67510825023055
xair_atomic,plc_plain,1,aba,3.0,1,4486,4486,4488,1,6.0,1020,1,authorization_committed,executed:RUN:4488,1,RUN,0,0,21.154288202524185,6.219532806426287
xair,plc_conditional,1,aba,3.0,1,4488,4488,4490,0,10.0,1021,1,published_after_gate_recheck,refused:version_changed:4490,0,,0,1,25.345187168568373,10.247325990349054
xair_atomic,plc_predicate,1,aba,3.0,1,4490,4490,4491,0,14.0,1022,1,authorization_committed,refused:predicate_false:4491,0,,0,1,18.271232023835182,14.196441043168306
xair,plc_predicate,0,,,1,4492,4492,4492,0,,1023,1,published_after_gate_recheck,executed:RUN:4492,1,RUN,0,0,24.780528154224157,
xair_atomic,plc_plain,1,aba,3.0,1,4492,,,0,4.0,1024,0,read_set_version_changed_at_commit,,0,,0,0,17.90935406461358,4.213911946862936
xair_atomic,plc_conditional,0,,,1,4494,4494,4494,0,,1025,1,authorization_committed,executed:RUN:4494,1,RUN,0,0,19.716902635991573,
xair,plc_conditional,1,aba,3.0,1,4494,4494,4496,0,10.0,1026,1,published_after_gate_recheck,refused:version_changed:4496,0,,0,1,25.46093426644802,10.196028742939234
xair_atomic,plc_plain,1,aba,3.0,1,4496,4496,4497,0,10.0,1027,1,authorization_committed,executed:PAUSED:4497,1,PAUSED,1,0,19.22738505527377,10.287611745297909
xair,plc_predicate,1,aba,3.0,1,4498,4498,4499,0,20.0,1028,1,published_after_gate_recheck,refused:predicate_false:4499,0,,0,1,28.649042826145887,20.222730934619904
xair_atomic,plc_plain,1,aba,3.0,1,4500,4500,4501,0,20.0,1029,1,authorization_committed,executed:PAUSED:4501,1,PAUSED,1,0,25.34683095291257,20.29684092849493
xair_atomic,plc_plain,1,aba,3.0,1,4502,4502,4503,0,16.0,1030,1,authorization_committed,executed:PAUSED:4503,1,PAUSED,1,0,24.358497001230717,16.253438778221607
xair_atomic,plc_predicate,1,aba,3.0,1,4504,4504,4504,0,20.0,1031,1,authorization_committed,executed:RUN:4504,1,RUN,0,0,18.018988892436028,20.26395918801427
xair,plc_conditional,1,aba,3.0,1,4506,4506,4508,0,10.0,1032,1,published_after_gate_recheck,refused:version_changed:4508,0,,0,1,23.311694152653217,10.174639988690615
xair,plc_conditional,1,aba,3.0,1,4508,,,0,2.0,1033,0,read_set_version_changed_at_gate,,0,,0,0,17.12964102625847,2.1983319893479347
xair_atomic,plc_conditional,1,aba,3.0,1,4510,4510,4510,0,20.0,1034,1,authorization_committed,executed:RUN:4510,1,RUN,0,0,21.589494310319424,20.32859018072486
xair_atomic,plc_plain,1,aba,3.0,1,4512,4512,4513,0,16.0,1035,1,authorization_committed,executed:PAUSED:4513,1,PAUSED,1,0,24.48509493842721,16.237629111856222
xair_atomic,plc_predicate,0,,,1,4514,4514,4514,0,,1036,1,authorization_committed,executed:RUN:4514,1,RUN,0,0,21.78971003741026,
xair_atomic,plc_plain,1,aba,3.0,1,4514,4514,4515,0,12.0,1037,1,authorization_committed,executed:PAUSED:4515,1,PAUSED,1,0,20.814080256968737,12.182403821498156
xair_atomic,plc_conditional,1,aba,3.0,1,4516,4516,4518,0,4.0,1038,1,authorization_committed,refused:version_changed:4518,0,,0,1,22.301659919321537,4.177663940936327
xair,plc_conditional,1,aba,3.0,1,4518,,,0,2.0,1039,0,read_set_version_changed_at_gate,,0,,0,0,19.399928394705057,2.4761431850492954
xair_atomic,plc_plain,1,aba,3.0,1,4520,4520,4522,1,12.0,1040,1,authorization_committed,executed:RUN:4522,1,RUN,0,0,23.604291956871748,12.231527362018824
xair,plc_plain,1,aba,3.0,1,4522,4522,4523,0,14.0,1041,1,published_after_gate_recheck,executed:PAUSED:4523,1,PAUSED,1,0,22.296279668807983,14.398981351405382
xair_atomic,plc_conditional,1,aba,3.0,1,4524,,,0,4.0,1042,0,read_set_version_changed_at_commit,,0,,0,0,17.604212276637554,4.224120639264584
xair_atomic,plc_plain,1,aba,3.0,1,4526,4526,4527,0,14.0,1043,1,authorization_committed,executed:PAUSED:4527,1,PAUSED,1,0,19.46498127654195,14.287742786109447
xair_atomic,plc_conditional,1,aba,3.0,1,4528,4528,4530,0,10.0,1044,1,authorization_committed,refused:version_changed:4530,0,,0,1,23.28712772578001,10.205466765910387
xair,plc_plain,0,,,1,4530,4530,4530,0,,1045,1,published_after_gate_recheck,executed:RUN:4530,1,RUN,0,0,23.293389938771725,
xair_atomic,plc_predicate,1,aba,3.0,1,4530,4530,4531,0,10.0,1046,1,authorization_committed,refused:predicate_false:4531,0,,0,1,19.091309048235416,10.255671106278896
xair_atomic,plc_conditional,1,aba,3.0,1,4532,4532,4533,0,16.0,1047,1,authorization_committed,refused:version_changed:4533,0,,0,1,25.275676976889372,16.19182201102376
xair,plc_plain,1,aba,3.0,1,4534,4534,4535,0,16.0,1048,1,published_after_gate_recheck,executed:PAUSED:4535,1,PAUSED,1,0,25.580178014934063,16.193997114896774
xair,plc_predicate,0,,,1,4536,4536,4536,0,,1049,1,published_after_gate_recheck,executed:RUN:4536,1,RUN,0,0,22.439719177782536,
xair_atomic,plc_predicate,1,aba,3.0,1,4536,4536,4537,0,14.0,1050,1,authorization_committed,refused:predicate_false:4537,0,,0,1,18.844075966626406,14.253587927669287
xair,plc_conditional,1,aba,3.0,1,4538,,,0,0.0,1051,0,read_set_version_changed_at_gate,,0,,0,0,17.82791130244732,0.2410123124718666
xair_atomic,plc_plain,1,aba,3.0,1,4540,,,0,4.0,1052,0,read_set_version_changed_at_commit,,0,,0,0,15.021127182990313,4.1931429877877235
xair,plc_plain,1,aba,3.0,1,4542,,,0,2.0,1053,0,read_set_version_changed_at_gate,,0,,0,0,16.403349116444588,2.13573407381773
xair,plc_conditional,1,aba,3.0,1,4544,,,0,4.0,1054,0,read_set_version_changed_at_gate,,0,,0,0,19.777616020292044,4.187393002212048
xair,plc_predicate,1,aba,3.0,1,4546,4546,4546,0,16.0,1055,1,published_after_gate_recheck,executed:RUN:4546,1,RUN,0,0,18.47051503136754,16.219534911215305
xair,plc_conditional,1,aba,3.0,1,4548,4548,4549,0,10.0,1056,1,published_after_gate_recheck,refused:version_changed:4549,0,,0,1,18.65923870354891,10.180691257119179
xair_atomic,plc_conditional,1,aba,3.0,1,4550,4550,4550,0,16.0,1057,1,authorization_committed,executed:RUN:4550,1,RUN,0,0,15.676917042583227,16.32768800482154
xair,plc_plain,1,aba,3.0,1,4552,4552,4552,0,14.0,1058,1,published_after_gate_recheck,executed:RUN:4552,1,RUN,0,0,21.022440865635872,14.235194306820631
xair,plc_predicate,1,aba,3.0,1,4554,4554,4554,0,16.0,1059,1,published_after_gate_recheck,executed:RUN:4554,1,RUN,0,0,19.240680150687695,16.208093147724867
xair,plc_predicate,1,aba,3.0,1,4556,4556,4557,0,16.0,1060,1,published_after_gate_recheck,refused:predicate_false:4557,0,,0,1,27.908182702958584,16.18263591080904
xair,plc_plain,1,aba,3.0,1,4558,,,0,2.0,1061,0,read_set_version_changed_at_gate,,0,,0,0,18.020041286945343,2.304771915078163
xair_atomic,plc_predicate,1,aba,3.0,1,4560,4560,4561,0,14.0,1062,1,authorization_committed,refused:predicate_false:4561,0,,0,1,21.01463731378317,14.201550744473934
xair,plc_plain,1,aba,3.0,1,4562,,,0,4.0,1063,0,read_set_version_changed_at_gate,,0,,0,0,18.43163277953863,4.205977078527212
xair,plc_plain,1,aba,3.0,1,4564,4564,4564,0,20.0,1064,1,published_after_gate_recheck,executed:RUN:4564,1,RUN,0,0,23.600625805556774,20.183006767183542
xair,plc_predicate,1,aba,3.0,1,4566,,,0,0.0,1065,0,read_set_version_changed_at_gate,,0,,0,0,16.77921414375305,0.21159695461392403
xair_atomic,plc_predicate,1,aba,3.0,1,4568,4568,4568,0,16.0,1066,1,authorization_committed,executed:RUN:4568,1,RUN,0,0,18.428908195346594,16.196612268686295
xair_atomic,plc_conditional,1,aba,3.0,1,4570,4570,4571,0,14.0,1067,1,authorization_committed,refused:version_changed:4571,0,,0,1,23.259455803781748,14.35138238593936
xair_atomic,plc_plain,1,aba,3.0,1,4572,,,0,0.0,1068,0,read_set_version_changed_at_commit,,0,,0,0,13.773106969892979,0.24309614673256874
xair_atomic,plc_predicate,1,aba,3.0,1,4574,4574,4575,0,10.0,1069,1,authorization_committed,refused:predicate_false:4575,0,,0,1,19.10852175205946,10.18755417317152
xair_atomic,plc_predicate,1,aba,3.0,1,4576,4576,4578,1,10.0,1070,1,authorization_committed,executed:RUN:4578,1,RUN,0,0,22.0698663033545,10.189957916736603
xair_atomic,plc_plain,1,aba,3.0,1,4578,4578,4579,0,10.0,1071,1,authorization_committed,executed:PAUSED:4579,1,PAUSED,1,0,19.515355117619038,10.158739052712917
xair,plc_predicate,1,aba,3.0,1,4580,4580,4581,0,12.0,1072,1,published_after_gate_recheck,refused:predicate_false:4581,0,,0,1,20.343858283013105,12.169970665127039
xair,plc_conditional,1,aba,3.0,1,4582,,,0,0.0,1073,0,precondition_failed: line.state == 'RUN',,0,,0,0,13.483695220202208,0.28646690770983696
xair_atomic,plc_predicate,0,,,1,4584,4584,4584,0,,1074,1,authorization_committed,executed:RUN:4584,1,RUN,0,0,16.59623207524419,
xair,plc_plain,1,aba,3.0,1,4584,,,0,2.0,1075,0,read_set_version_changed_at_gate,,0,,0,0,17.227484844624996,2.895368728786707
xair,plc_conditional,1,aba,3.0,1,4586,4586,4587,0,16.0,1076,1,published_after_gate_recheck,refused:version_changed:4587,0,,0,1,26.706689968705177,16.16904977709055
xair_atomic,plc_predicate,1,aba,3.0,1,4588,4588,4588,0,14.0,1077,1,authorization_committed,executed:RUN:4588,1,RUN,0,0,14.9379619397223,14.186562970280647
xair_atomic,plc_conditional,1,aba,3.0,1,4590,,,0,0.0,1078,0,read_set_version_changed_at_commit,,0,,0,0,14.591712038964033,0.5485787987709045
xair_atomic,plc_conditional,1,aba,3.0,1,4592,4592,4593,0,6.0,1079,1,authorization_committed,refused:version_changed:4593,0,,0,1,15.599772799760103,6.196429952979088
xair_atomic,plc_predicate,1,aba,3.0,1,4594,4594,4595,0,16.0,1080,1,authorization_committed,refused:predicate_false:4595,0,,0,1,21.972111891955137,16.156586352735758
xair_atomic,plc_predicate,1,aba,3.0,1,4596,,,0,0.0,1081,0,read_set_version_changed_at_commit,,0,,0,0,14.683374669402838,0.28608599677681923
xair_atomic,plc_plain,1,aba,3.0,1,4598,4598,4600,1,6.0,1082,1,authorization_committed,executed:RUN:4600,1,RUN,0,0,20.891595166176558,6.182433106005192
xair,plc_predicate,1,aba,3.0,1,4600,4600,4601,0,16.0,1083,1,published_after_gate_recheck,refused:predicate_false:4601,0,,0,1,25.298899970948696,16.18418889120221
xair_atomic,plc_conditional,1,aba,3.0,1,4602,4602,4603,0,14.0,1084,1,authorization_committed,refused:version_changed:4603,0,,0,1,24.141819681972265,14.31225799024105
xair,plc_plain,1,aba,3.0,1,4604,,,0,0.0,1085,0,read_set_version_changed_at_gate,,0,,0,0,17.808054108172655,0.2363133244216442
xair,plc_plain,1,aba,3.0,1,4606,4606,4607,0,16.0,1086,1,published_after_gate_recheck,executed:PAUSED:4607,1,PAUSED,1,0,24.064685683697462,16.197452787309885
xair,plc_predicate,1,aba,3.0,1,4608,4608,4610,1,8.0,1087,1,published_after_gate_recheck,executed:RUN:4610,1,RUN,0,0,23.434374015778303,8.260038681328297
xair,plc_conditional,1,aba,3.0,1,4610,4610,4612,0,6.0,1088,1,published_after_gate_recheck,refused:version_changed:4612,0,,0,1,21.39850612729788,6.166423205286264
xair,plc_predicate,1,aba,3.0,1,4612,4612,4614,1,6.0,1089,1,published_after_gate_recheck,executed:RUN:4614,1,RUN,0,0,21.483495831489563,6.16355799138546
xair,plc_plain,1,aba,3.0,1,4614,4614,4616,1,8.0,1090,1,published_after_gate_recheck,executed:RUN:4616,1,RUN,0,0,23.220291826874018,8.15450120717287
xair_atomic,plc_plain,1,aba,3.0,1,4616,4616,4617,0,10.0,1091,1,authorization_committed,executed:PAUSED:4617,1,PAUSED,1,0,18.346223048865795,10.180319659411907
xair_atomic,plc_plain,1,aba,3.0,1,4618,4618,4620,1,10.0,1092,1,authorization_committed,executed:RUN:4620,1,RUN,0,0,22.42525201290846,10.166303254663944
xair_atomic,plc_conditional,1,aba,3.0,1,4620,4620,4621,0,12.0,1093,1,authorization_committed,refused:version_changed:4621,0,,0,1,18.931780941784382,12.171815149486065
xair,plc_plain,1,aba,3.0,1,4622,,,0,0.0,1094,0,read_set_version_changed_at_gate,,0,,0,0,16.98808604851365,0.25951722636818886
xair,plc_predicate,1,aba,3.0,1,4624,4624,4625,0,8.0,1095,1,published_after_gate_recheck,refused:predicate_false:4625,0,,0,1,19.340015947818756,8.162665646523237
xair_atomic,plc_predicate,1,aba,3.0,1,4626,,,0,0.0,1096,0,read_set_version_changed_at_commit,,0,,0,0,13.674661982804537,0.21652597934007645
xair_atomic,plc_predicate,1,aba,3.0,1,4628,,,0,0.0,1097,0,read_set_version_changed_at_commit,,0,,0,0,14.175872784107924,0.38439128547906876
xair,plc_predicate,1,aba,3.0,1,4630,4630,4631,0,12.0,1098,1,published_after_gate_recheck,refused:predicate_false:4631,0,,0,1,20.155365113168955,12.176693882793188
xair_atomic,plc_plain,1,aba,3.0,1,4632,4632,4634,1,8.0,1099,1,authorization_committed,executed:RUN:4634,1,RUN,0,0,23.710601963102818,8.20317305624485
xair,plc_conditional,1,aba,3.0,1,4634,4634,4636,0,10.0,1100,1,published_after_gate_recheck,refused:version_changed:4636,0,,0,1,24.57047486677766,10.180269833654165
xair,plc_plain,0,,,1,4636,4636,4636,0,,1101,1,published_after_gate_recheck,executed:RUN:4636,1,RUN,0,0,21.195484790951014,
xair_atomic,plc_conditional,1,aba,3.0,1,4636,4636,4637,0,8.0,1102,1,authorization_committed,refused:version_changed:4637,0,,0,1,18.015072215348482,8.18414706736803
xair,plc_plain,1,aba,3.0,1,4638,4638,4640,1,4.0,1103,1,published_after_gate_recheck,executed:RUN:4640,1,RUN,0,0,22.480966057628393,4.200186114758253
xair_atomic,plc_plain,1,aba,3.0,1,4640,,,0,4.0,1104,0,read_set_version_changed_at_commit,,0,,0,0,16.96193590760231,4.174246918410063
xair_atomic,plc_conditional,1,aba,3.0,1,4642,4642,4644,0,8.0,1105,1,authorization_committed,refused:version_changed:4644,0,,0,1,22.38639909774065,8.148400112986565
xair,plc_predicate,0,,,1,4644,4644,4644,0,,1106,1,published_after_gate_recheck,executed:RUN:4644,1,RUN,0,0,26.79491601884365,
xair,plc_conditional,1,aba,3.0,1,4644,4644,4644,0,16.0,1107,1,published_after_gate_recheck,executed:RUN:4644,1,RUN,0,0,23.16417684778571,16.176864970475435
xair,plc_predicate,1,aba,3.0,1,4646,,,0,2.0,1108,0,read_set_version_changed_at_gate,,0,,0,0,16.19531912729144,2.1395916119217873
xair_atomic,plc_plain,1,aba,3.0,1,4648,4648,4650,1,10.0,1109,1,authorization_committed,executed:RUN:4650,1,RUN,0,0,20.896865986287594,10.18911600112915
xair,plc_predicate,1,aba,3.0,1,4650,4650,4651,0,14.0,1110,1,published_after_gate_recheck,refused:predicate_false:4651,0,,0,1,21.053479984402657,14.170672744512558
xair,plc_predicate,0,,,1,4652,4652,4652,0,,1111,1,published_after_gate_recheck,executed:RUN:4652,1,RUN,0,0,21.327393129467964,
xair_atomic,plc_conditional,1,aba,3.0,1,4652,4652,4652,0,16.0,1112,1,authorization_committed,executed:RUN:4652,1,RUN,0,0,18.695638049393892,16.219003591686487
xair,plc_plain,1,aba,3.0,1,4654,4654,4655,0,6.0,1113,1,published_after_gate_recheck,executed:PAUSED:4655,1,PAUSED,1,0,20.137201063334942,6.191289983689785
xair,plc_predicate,1,aba,3.0,1,4656,4656,4658,1,4.0,1114,1,published_after_gate_recheck,executed:RUN:4658,1,RUN,0,0,21.25158067792654,4.173826891928911
xair,plc_conditional,1,aba,3.0,1,4658,,,0,0.0,1115,0,read_set_version_changed_at_gate,,0,,0,0,16.76198188215494,0.2111857756972313
xair,plc_plain,1,aba,3.0,1,4660,4660,4660,0,20.0,1116,1,published_after_gate_recheck,executed:RUN:4660,1,RUN,0,0,26.76640171557665,20.168349146842957
xair_atomic,plc_predicate,1,aba,3.0,1,4662,,,0,2.0,1117,0,read_set_version_changed_at_commit,,0,,0,0,14.37852205708623,2.329378854483366
xair,plc_predicate,1,aba,3.0,1,4664,,,0,0.0,1118,0,read_set_version_changed_at_gate,,0,,0,0,16.988917253911495,0.25544874370098114
xair,plc_predicate,1,aba,3.0,1,4666,,,0,2.0,1119,0,read_set_version_changed_at_gate,,0,,0,0,18.39945325627923,2.2857370786368847
xair,plc_predicate,1,aba,3.0,1,4668,4668,4669,0,16.0,1120,1,published_after_gate_recheck,refused:predicate_false:4669,0,,0,1,24.340372998267412,16.203294042497873
xair,plc_conditional,1,aba,3.0,1,4670,4670,4671,0,10.0,1121,1,published_after_gate_recheck,refused:version_changed:4671,0,,0,1,22.193326614797115,10.169940069317818
xair_atomic,plc_plain,1,aba,3.0,1,4672,4672,4674,1,6.0,1122,1,authorization_committed,executed:RUN:4674,1,RUN,0,0,24.867712054401636,6.186390295624733
xair_atomic,plc_conditional,1,aba,3.0,1,4674,,,0,6.0,1123,0,read_set_version_changed_at_commit,,0,,0,0,18.948251847177744,6.294824182987213
xair,plc_plain,1,aba,3.0,1,4676,4676,4678,1,10.0,1124,1,published_after_gate_recheck,executed:RUN:4678,1,RUN,0,0,29.980819672346115,10.202971752732992
xair,plc_conditional,1,aba,3.0,1,4678,4678,4678,0,16.0,1125,1,published_after_gate_recheck,executed:RUN:4678,1,RUN,0,0,18.840759992599487,16.17428008466959
xair_atomic,plc_predicate,1,aba,3.0,1,4680,4680,4681,0,16.0,1126,1,authorization_committed,refused:predicate_false:4681,0,,0,1,24.298815056681633,16.1897293291986
xair_atomic,plc_predicate,0,,,1,4682,4682,4682,0,,1127,1,authorization_committed,executed:RUN:4682,1,RUN,0,0,21.532217040657997,
xair,plc_plain,1,aba,3.0,1,4682,4682,4683,0,16.0,1128,1,published_after_gate_recheck,executed:PAUSED:4683,1,PAUSED,1,0,25.282829999923706,16.188225708901882
xair_atomic,plc_plain,0,,,1,4684,4684,4684,0,,1129,1,authorization_committed,executed:RUN:4684,1,RUN,0,0,20.75807610526681,
xair_atomic,plc_plain,1,aba,3.0,1,4684,4684,4685,0,16.0,1130,1,authorization_committed,executed:PAUSED:4685,1,PAUSED,1,0,22.02290715649724,16.17347775027156
xair_atomic,plc_conditional,1,aba,3.0,1,4686,4686,4686,0,16.0,1131,1,authorization_committed,executed:RUN:4686,1,RUN,0,0,19.867945928126574,16.168229281902313
xair_atomic,plc_conditional,1,aba,3.0,1,4688,,,0,4.0,1132,0,read_set_version_changed_at_commit,,0,,0,0,16.376369167119265,4.163807723671198
xair,plc_plain,1,aba,3.0,1,4690,,,0,4.0,1133,0,read_set_version_changed_at_gate,,0,,0,0,19.68839019536972,4.191469866782427
xair,plc_plain,1,aba,3.0,1,4692,,,0,2.0,1134,0,read_set_version_changed_at_gate,,0,,0,0,17.502079717814922,2.1673240698873997
xair_atomic,plc_predicate,1,aba,3.0,1,4694,4694,4694,0,14.0,1135,1,authorization_committed,executed:RUN:4694,1,RUN,0,0,16.867398750036955,14.153871219605207
xair,plc_predicate,0,,,1,4696,4696,4696,0,,1136,1,published_after_gate_recheck,executed:RUN:4696,1,RUN,0,0,30.49591602757573,
xair_atomic,plc_plain,1,aba,3.0,1,4696,4696,4696,0,16.0,1137,1,authorization_committed,executed:RUN:4696,1,RUN,0,0,18.52263417094946,16.184999607503414
xair_atomic,plc_predicate,1,aba,3.0,1,4698,4698,4699,0,10.0,1138,1,authorization_committed,refused:predicate_false:4699,0,,0,1,17.989173065871,10.23509306833148
xair_atomic,plc_conditional,1,aba,3.0,1,4700,,,0,2.0,1139,0,read_set_version_changed_at_commit,,0,,0,0,14.450117014348507,2.1748789586126804
xair_atomic,plc_predicate,1,aba,3.0,1,4702,4702,4703,0,14.0,1140,1,authorization_committed,refused:predicate_false:4703,0,,0,1,20.168310031294823,14.18766425922513
xair_atomic,plc_conditional,1,aba,3.0,1,4704,4704,4704,0,20.0,1141,1,authorization_committed,executed:RUN:4704,1,RUN,0,0,14.175641816109419,20.196963101625443
xair,plc_predicate,1,aba,3.0,1,4706,4706,4707,0,10.0,1142,1,published_after_gate_recheck,refused:predicate_false:4707,0,,0,1,21.17329416796565,10.164931882172823
xair,plc_plain,1,aba,3.0,1,4708,,,0,2.0,1143,0,read_set_version_changed_at_gate,,0,,0,0,16.940035857260227,2.163647674024105
xair,plc_plain,1,aba,3.0,1,4710,,,0,2.0,1144,0,read_set_version_changed_at_gate,,0,,0,0,17.317332793027163,2.1563027985394
xair_atomic,plc_plain,1,aba,3.0,1,4712,4712,4713,0,16.0,1145,1,authorization_committed,executed:PAUSED:4713,1,PAUSED,1,0,24.076648987829685,16.153931617736816
xair_atomic,plc_plain,1,aba,3.0,1,4714,,,0,0.0,1146,0,read_set_version_changed_at_commit,,0,,0,0,13.27204704284668,0.1986231654882431
xair,plc_plain,1,aba,3.0,1,4716,4716,4717,0,12.0,1147,1,published_after_gate_recheck,executed:PAUSED:4717,1,PAUSED,1,0,23.243826813995838,12.158319354057312
xair_atomic,plc_conditional,1,aba,3.0,1,4718,,,0,2.0,1148,0,read_set_version_changed_at_commit,,0,,0,0,14.021673239767551,2.212889026850462
xair,plc_predicate,1,aba,3.0,1,4720,4720,4722,1,6.0,1149,1,published_after_gate_recheck,executed:RUN:4722,1,RUN,0,0,22.089822683483362,6.17541978135705
xair_atomic,plc_plain,1,aba,3.0,1,4722,4722,4722,0,16.0,1150,1,authorization_committed,executed:RUN:4722,1,RUN,0,0,19.23936791718006,16.17426984012127
xair_atomic,plc_predicate,1,aba,3.0,1,4724,,,0,2.0,1151,0,read_set_version_changed_at_commit,,0,,0,0,15.804396942257881,2.3155417293310165
xair,plc_plain,1,aba,3.0,1,4726,4726,4727,0,14.0,1152,1,published_after_gate_recheck,executed:PAUSED:4727,1,PAUSED,1,0,21.451075095683336,14.206059742718935
xair_atomic,plc_predicate,1,aba,3.0,1,4728,4728,4729,0,8.0,1153,1,authorization_committed,refused:predicate_false:4729,0,,0,1,17.754733096808195,8.16343817859888
xair,plc_predicate,1,aba,3.0,1,4730,,,0,4.0,1154,0,read_set_version_changed_at_gate,,0,,0,0,19.303438253700733,4.1783950291574
xair_atomic,plc_conditional,1,aba,3.0,1,4732,,,0,2.0,1155,0,read_set_version_changed_at_commit,,0,,0,0,14.950705226510763,2.1711010485887527
xair_atomic,plc_plain,1,aba,3.0,1,4734,4734,4736,1,4.0,1156,1,authorization_committed,executed:RUN:4736,1,RUN,0,0,20.256694871932268,4.175008740276098
xair,plc_plain,1,aba,3.0,1,4736,4736,4737,0,16.0,1157,1,published_after_gate_recheck,executed:PAUSED:4737,1,PAUSED,1,0,24.29977711290121,16.217831056565046
xair_atomic,plc_predicate,1,aba,3.0,1,4738,4738,4739,0,10.0,1158,1,authorization_committed,refused:predicate_false:4739,0,,0,1,18.775387667119503,10.167085099965334
xair_atomic,plc_plain,1,aba,3.0,1,4740,4740,4742,1,6.0,1159,1,authorization_committed,executed:RUN:4742,1,RUN,0,0,22.29653112590313,6.16014190018177
xair,plc_plain,1,aba,3.0,1,4742,4742,4743,0,14.0,1160,1,published_after_gate_recheck,executed:PAUSED:4743,1,PAUSED,1,0,29.344706796109676,14.433235861361027
xair_atomic,plc_conditional,1,aba,3.0,1,4744,4744,4746,0,12.0,1161,1,authorization_committed,refused:version_changed:4746,0,,0,1,25.59903310611844,12.242367025464773
xair,plc_plain,1,aba,3.0,1,4746,,,0,2.0,1162,0,read_set_version_changed_at_gate,,0,,0,0,17.57643884047866,2.18020798638463
xair,plc_predicate,1,aba,3.0,1,4748,4748,4749,0,10.0,1163,1,published_after_gate_recheck,refused:predicate_false:4749,0,,0,1,19.43284971639514,10.163719300180674
xair,plc_conditional,1,aba,3.0,1,4750,4750,4751,0,14.0,1164,1,published_after_gate_recheck,refused:version_changed:4751,0,,0,1,23.268654011189938,14.166665263473988
xair,plc_plain,1,aba,3.0,1,4752,,,0,0.0,1165,0,read_set_version_changed_at_gate,,0,,0,0,17.527487128973007,0.5296128802001476
xair,plc_plain,1,aba,3.0,1,4754,,,0,4.0,1166,0,read_set_version_changed_at_gate,,0,,0,0,19.85349925234914,4.2501091957092285
xair,plc_conditional,1,aba,3.0,1,4756,4756,4758,0,12.0,1167,1,published_after_gate_recheck,refused:version_changed:4758,0,,0,1,28.55177130550146,12.171553913503885
xair,plc_plain,1,aba,3.0,1,4758,4758,4759,0,10.0,1168,1,published_after_gate_recheck,executed:PAUSED:4759,1,PAUSED,1,0,21.588211879134178,10.161255020648241
xair,plc_conditional,1,aba,3.0,1,4760,4760,4761,0,10.0,1169,1,published_after_gate_recheck,refused:version_changed:4761,0,,0,1,19.082884304225445,10.16466086730361
xair,plc_predicate,1,aba,3.0,1,4762,4762,4764,1,6.0,1170,1,published_after_gate_recheck,executed:RUN:4764,1,RUN,0,0,21.760655101388693,6.18856493383646
xair_atomic,plc_plain,1,aba,3.0,1,4764,4764,4765,0,10.0,1171,1,authorization_committed,executed:PAUSED:4765,1,PAUSED,1,0,19.838270731270313,10.241915006190538
xair_atomic,plc_plain,1,aba,3.0,1,4766,4766,4766,0,20.0,1172,1,authorization_committed,executed:RUN:4766,1,RUN,0,0,19.88488808274269,20.171224139630795
xair_atomic,plc_predicate,1,aba,3.0,1,4768,,,0,4.0,1173,0,read_set_version_changed_at_commit,,0,,0,0,17.017881851643324,4.214523360133171
xair,plc_conditional,1,aba,3.0,1,4770,,,0,0.0,1174,0,read_set_version_changed_at_gate,,0,,0,0,16.813818830996752,0.2456209622323513
xair_atomic,plc_plain,1,aba,3.0,1,4772,,,0,2.0,1175,0,read_set_version_changed_at_commit,,0,,0,0,14.93987487629056,2.19003576785326
xair,plc_predicate,1,aba,3.0,1,4774,4774,4776,1,4.0,1176,1,published_after_gate_recheck,executed:RUN:4776,1,RUN,0,0,18.498318269848824,4.401573911309242
xair_atomic,plc_conditional,1,aba,3.0,1,4776,4776,4776,0,20.0,1177,1,authorization_committed,executed:RUN:4776,1,RUN,0,0,16.81783702224493,20.223013125360012
xair_atomic,plc_predicate,1,aba,3.0,1,4778,4778,4780,1,4.0,1178,1,authorization_committed,executed:RUN:4780,1,RUN,0,0,21.881240885704756,4.17772401124239
xair_atomic,plc_conditional,1,aba,3.0,1,4780,4780,4782,0,8.0,1179,1,authorization_committed,refused:version_changed:4782,0,,0,1,22.91036117821932,8.190598338842392
xair,plc_predicate,1,aba,3.0,1,4782,,,0,0.0,1180,0,read_set_version_changed_at_gate,,0,,0,0,17.182429786771536,0.24695321917533875
xair,plc_predicate,0,,,1,4784,4784,4784,0,,1181,1,published_after_gate_recheck,executed:RUN:4784,1,RUN,0,0,20.020581781864166,
xair,plc_plain,1,aba,3.0,1,4784,,,0,0.0,1182,0,read_set_version_changed_at_gate,,0,,0,0,17.44640525430441,0.21822890266776085
xair_atomic,plc_plain,1,aba,3.0,1,4786,4786,4787,0,16.0,1183,1,authorization_committed,executed:PAUSED:4787,1,PAUSED,1,0,25.163837242871523,16.258548013865948
xair,plc_plain,1,aba,3.0,1,4788,4788,4790,1,6.0,1184,1,published_after_gate_recheck,executed:RUN:4790,1,RUN,0,0,22.58901810273528,6.293491926044226
xair,plc_plain,1,aba,3.0,1,4790,4790,4790,0,20.0,1185,1,published_after_gate_recheck,executed:RUN:4790,1,RUN,0,0,21.214080043137074,20.21589782088995
xair_atomic,plc_predicate,1,aba,3.0,1,4792,4792,4794,1,16.0,1186,1,authorization_committed,executed:RUN:4794,1,RUN,0,0,28.03948987275362,16.249150037765503
xair_atomic,plc_predicate,1,aba,3.0,1,4794,4794,4795,0,14.0,1187,1,authorization_committed,refused:predicate_false:4795,0,,0,1,19.254023674875498,14.198645949363708
xair,plc_conditional,1,aba,3.0,1,4796,4796,4796,0,20.0,1188,1,published_after_gate_recheck,executed:RUN:4796,1,RUN,0,0,21.296504884958267,20.19039075821638
xair,plc_predicate,1,aba,3.0,1,4798,4798,4799,0,12.0,1189,1,published_after_gate_recheck,refused:predicate_false:4799,0,,0,1,25.33721225336194,12.186701875180006
xair_atomic,plc_plain,1,aba,3.0,1,4800,4800,4802,1,6.0,1190,1,authorization_committed,executed:RUN:4802,1,RUN,0,0,17.294660676270723,6.179396994411945
xair,plc_predicate,1,aba,3.0,1,4802,,,0,2.0,1191,0,read_set_version_changed_at_gate,,0,,0,0,18.69272207841277,2.1838448010385036
xair_atomic,plc_conditional,1,aba,3.0,1,4804,,,0,2.0,1192,0,read_set_version_changed_at_commit,,0,,0,0,14.559311792254448,2.194724977016449
xair,plc_plain,1,aba,3.0,1,4806,4806,4806,0,16.0,1193,1,published_after_gate_recheck,executed:RUN:4806,1,RUN,0,0,21.192409098148346,16.162166837602854
xair_atomic,plc_conditional,0,,,1,4808,4808,4808,0,,1194,1,authorization_committed,executed:RUN:4808,1,RUN,0,0,25.611656717956066,
xair_atomic,plc_predicate,1,aba,3.0,1,4808,4808,4809,0,14.0,1195,1,authorization_committed,refused:predicate_false:4809,0,,0,1,21.96178212761879,14.231387060135603
xair_atomic,plc_plain,1,aba,3.0,1,4810,4810,4810,0,14.0,1196,1,authorization_committed,executed:RUN:4810,1,RUN,0,0,15.118489973247051,14.257906004786491
xair,plc_conditional,1,aba,3.0,1,4812,4812,4814,0,8.0,1197,1,published_after_gate_recheck,refused:version_changed:4814,0,,0,1,22.091224789619446,8.166083134710789
xair_atomic,plc_predicate,1,aba,3.0,1,4814,,,0,4.0,1198,0,read_set_version_changed_at_commit,,0,,0,0,17.904384061694145,4.174398258328438
xair,plc_plain,1,aba,3.0,1,4816,4816,4817,0,16.0,1199,1,published_after_gate_recheck,executed:PAUSED:4817,1,PAUSED,1,0,23.786733858287334,16.15647692233324
xair,plc_predicate,0,,,1,4818,4818,4818,0,,1200,1,published_after_gate_recheck,executed:RUN:4818,1,RUN,0,0,20.476406905800104,
xair,plc_conditional,1,aba,3.0,1,4818,4818,4819,0,12.0,1201,1,published_after_gate_recheck,refused:version_changed:4819,0,,0,1,22.00231794267893,12.306357268244028
xair,plc_predicate,1,aba,3.0,1,4820,4820,4822,1,6.0,1202,1,published_after_gate_recheck,executed:RUN:4822,1,RUN,0,0,21.28633577376604,6.252544932067394
xair,plc_conditional,1,aba,3.0,1,4822,,,0,4.0,1203,0,read_set_version_changed_at_gate,,0,,0,0,19.502670969814062,4.201458301395178
xair_atomic,plc_predicate,1,aba,3.0,1,4824,4824,4826,1,4.0,1204,1,authorization_committed,executed:RUN:4826,1,RUN,0,0,20.31979290768504,4.211917985230684
xair_atomic,plc_plain,1,aba,3.0,1,4826,4826,4827,0,14.0,1205,1,authorization_committed,executed:PAUSED:4827,1,PAUSED,1,0,22.494380827993155,14.366288669407368
xair,plc_plain,0,,,1,4828,4828,4828,0,,1206,1,published_after_gate_recheck,executed:RUN:4828,1,RUN,0,0,23.195285815745592,
xair_atomic,plc_plain,1,aba,3.0,1,4828,,,0,2.0,1207,0,read_set_version_changed_at_commit,,0,,0,0,13.800067827105522,2.284653950482607
xair,plc_plain,1,aba,3.0,1,4830,4830,4832,1,4.0,1208,1,published_after_gate_recheck,executed:RUN:4832,1,RUN,0,0,26.103949639946222,4.245501011610031
xair_atomic,plc_conditional,1,aba,3.0,1,4832,,,0,2.0,1209,0,read_set_version_changed_at_commit,,0,,0,0,14.798510354012251,2.1804478019475937
xair,plc_plain,1,aba,3.0,1,4834,,,0,0.0,1210,0,read_set_version_changed_at_gate,,0,,0,0,16.772401053458452,0.2979687415063381
xair,plc_predicate,1,aba,3.0,1,4836,4836,4837,0,10.0,1211,1,published_after_gate_recheck,refused:predicate_false:4837,0,,0,1,23.03256094455719,10.186341125518084
xair_atomic,plc_plain,1,aba,3.0,1,4838,4838,4840,1,8.0,1212,1,authorization_committed,executed:RUN:4840,1,RUN,0,0,18.601180985569954,8.229441940784454
xair_atomic,plc_predicate,1,aba,3.0,1,4840,4840,4840,0,14.0,1213,1,authorization_committed,executed:RUN:4840,1,RUN,0,0,17.668662127107382,14.185500331223011
xair_atomic,plc_predicate,1,aba,3.0,1,4842,4842,4843,0,10.0,1214,1,authorization_committed,refused:predicate_false:4843,0,,0,1,18.07150710374117,10.17756387591362
xair_atomic,plc_plain,1,aba,3.0,1,4844,4844,4846,1,6.0,1215,1,authorization_committed,executed:RUN:4846,1,RUN,0,0,21.1904956959188,6.1861202120780945
xair_atomic,plc_conditional,1,aba,3.0,1,4846,,,0,4.0,1216,0,read_set_version_changed_at_commit,,0,,0,0,16.772361006587744,4.180900286883116
xair_atomic,plc_plain,1,aba,3.0,1,4848,4848,4848,0,20.0,1217,1,authorization_committed,executed:RUN:4848,1,RUN,0,0,15.198920853435993,20.173859782516956
xair_atomic,plc_conditional,0,,,1,4850,4850,4850,0,,1218,1,authorization_committed,executed:RUN:4850,1,RUN,0,0,20.19452815875411,
xair_atomic,plc_conditional,1,aba,3.0,1,4850,4850,4850,0,20.0,1219,1,authorization_committed,executed:RUN:4850,1,RUN,0,0,21.82915387675166,20.19659196957946
xair_atomic,plc_predicate,1,aba,3.0,1,4852,4852,4853,0,16.0,1220,1,authorization_committed,refused:predicate_false:4853,0,,0,1,23.98386411368847,16.19490794837475
xair_atomic,plc_predicate,1,aba,3.0,1,4854,4854,4854,0,20.0,1221,1,authorization_committed,executed:RUN:4854,1,RUN,0,0,21.914724726229906,20.18725499510765
xair,plc_predicate,1,aba,3.0,1,4856,4856,4857,0,6.0,1222,1,published_after_gate_recheck,refused:predicate_false:4857,0,,0,1,19.088814966380596,6.164940074086189
xair,plc_predicate,1,aba,3.0,1,4858,4858,4860,1,6.0,1223,1,published_after_gate_recheck,executed:RUN:4860,1,RUN,0,0,19.69498209655285,6.169548723846674
xair_atomic,plc_conditional,1,aba,3.0,1,4860,4860,4862,0,4.0,1224,1,authorization_committed,refused:version_changed:4862,0,,0,1,16.503356862813234,4.411132074892521
xair_atomic,plc_conditional,1,aba,3.0,1,4862,4862,4864,0,16.0,1225,1,authorization_committed,refused:version_changed:4864,0,,0,1,26.067762169986963,16.218612901866436
xair_atomic,plc_conditional,1,aba,3.0,1,4864,4864,4866,0,6.0,1226,1,authorization_committed,refused:version_changed:4866,0,,0,1,20.277523901313543,6.262723822146654
xair_atomic,plc_predicate,1,aba,3.0,1,4866,4866,4868,1,6.0,1227,1,authorization_committed,executed:RUN:4868,1,RUN,0,0,19.84564494341612,6.170581094920635
xair,plc_predicate,1,aba,3.0,1,4868,4868,4870,1,10.0,1228,1,published_after_gate_recheck,executed:RUN:4870,1,RUN,0,0,23.745818063616753,10.177034419029951
xair,plc_conditional,1,aba,3.0,1,4870,4870,4870,0,20.0,1229,1,published_after_gate_recheck,executed:RUN:4870,1,RUN,0,0,21.42856316640973,20.17790824174881
xair_atomic,plc_conditional,1,aba,3.0,1,4872,,,0,0.0,1230,0,read_set_version_changed_at_commit,,0,,0,0,13.94504914060235,0.21556485444307327
xair_atomic,plc_predicate,1,aba,3.0,1,4874,4874,4875,0,12.0,1231,1,authorization_committed,refused:predicate_false:4875,0,,0,1,18.80864007398486,12.164550833404064
xair_atomic,plc_predicate,1,aba,3.0,1,4876,4876,4878,1,6.0,1232,1,authorization_committed,executed:RUN:4878,1,RUN,0,0,20.739339757710695,6.216056179255247
xair,plc_conditional,0,,,1,4878,4878,4878,0,,1233,1,published_after_gate_recheck,executed:RUN:4878,1,RUN,0,0,24.65237770229578,
xair_atomic,plc_conditional,1,aba,3.0,1,4878,,,0,2.0,1234,0,read_set_version_changed_at_commit,,0,,0,0,13.68054375052452,2.181640826165676
xair,plc_plain,1,aba,3.0,1,4880,,,0,0.0,1235,0,read_set_version_changed_at_gate,,0,,0,0,16.897094901651144,0.2225581556558609
xair_atomic,plc_conditional,1,aba,3.0,1,4882,,,0,0.0,1236,0,read_set_version_changed_at_commit,,0,,0,0,13.902760110795498,0.5097952671349049
xair,plc_plain,1,aba,3.0,1,4884,4884,4886,1,6.0,1237,1,published_after_gate_recheck,executed:RUN:4886,1,RUN,0,0,24.935508612543344,6.2567018903791904
xair,plc_plain,0,,,1,4886,4886,4886,0,,1238,1,published_after_gate_recheck,executed:RUN:4886,1,RUN,0,0,20.846892148256302,
xair_atomic,plc_plain,1,aba,3.0,1,4886,4886,4886,0,20.0,1239,1,authorization_committed,executed:RUN:4886,1,RUN,0,0,19.275995902717113,20.22461500018835
xair,plc_plain,1,aba,3.0,1,4888,4888,4890,1,10.0,1240,1,published_after_gate_recheck,executed:RUN:4890,1,RUN,0,0,25.10588802397251,10.442783124744892
xair_atomic,plc_predicate,1,aba,3.0,1,4890,4890,4890,0,20.0,1241,1,authorization_committed,executed:RUN:4890,1,RUN,0,0,19.401711877435446,20.194729790091515
xair_atomic,plc_plain,1,aba,3.0,1,4892,4892,4894,1,8.0,1242,1,authorization_committed,executed:RUN:4894,1,RUN,0,0,22.18239614740014,8.268125355243683
xair_atomic,plc_predicate,1,aba,3.0,1,4894,,,0,0.0,1243,0,read_set_version_changed_at_commit,,0,,0,0,14.377509709447622,0.3032791428267956
xair_atomic,plc_conditional,1,aba,3.0,1,4896,4896,4897,0,12.0,1244,1,authorization_committed,refused:version_changed:4897,0,,0,1,17.287897877395153,12.16148491948843
xair,plc_plain,1,aba,3.0,1,4898,4898,4900,1,8.0,1245,1,published_after_gate_recheck,executed:RUN:4900,1,RUN,0,0,23.919203784316778,8.177123963832855
xair,plc_predicate,1,aba,3.0,1,4900,4900,4901,0,12.0,1246,1,published_after_gate_recheck,refused:predicate_false:4901,0,,0,1,20.903367083519697,12.215185910463333
xair_atomic,plc_plain,1,aba,3.0,1,4902,4902,4904,1,6.0,1247,1,authorization_committed,executed:RUN:4904,1,RUN,0,0,18.413417972624302,6.179578136652708
xair,plc_plain,1,aba,3.0,1,4904,4904,4905,0,12.0,1248,1,published_after_gate_recheck,executed:PAUSED:4905,1,PAUSED,1,0,24.52100208029151,12.187074404209852
xair,plc_plain,1,aba,3.0,1,4906,4906,4906,0,20.0,1249,1,published_after_gate_recheck,executed:RUN:4906,1,RUN,0,0,19.015999045222998,20.21029870957136
xair_atomic,plc_plain,1,aba,3.0,1,4908,4908,4910,1,12.0,1250,1,authorization_committed,executed:RUN:4910,1,RUN,0,0,23.491110187023878,12.276040390133858
xair,plc_conditional,1,aba,3.0,1,4910,4910,4912,0,10.0,1251,1,published_after_gate_recheck,refused:version_changed:4912,0,,0,1,28.178641106933355,10.291688609868288
xair_atomic,plc_plain,1,aba,3.0,1,4912,4912,4913,0,16.0,1252,1,authorization_committed,executed:PAUSED:4913,1,PAUSED,1,0,25.461165234446526,16.238730866461992
xair,plc_plain,1,aba,3.0,1,4914,,,0,0.0,1253,0,precondition_failed: line.state == 'RUN',,0,,0,0,14.583887998014688,0.34420471638441086
xair,plc_conditional,1,aba,3.0,1,4916,4916,4917,0,16.0,1254,1,published_after_gate_recheck,refused:version_changed:4917,0,,0,1,26.94913512095809,16.2945962511003
xair,plc_plain,1,aba,3.0,1,4918,4918,4920,1,14.0,1255,1,published_after_gate_recheck,executed:RUN:4920,1,RUN,0,0,29.538270086050034,14.271502383053303
xair,plc_conditional,1,aba,3.0,1,4920,4920,4922,0,6.0,1256,1,published_after_gate_recheck,refused:version_changed:4922,0,,0,1,19.579144660383463,6.284925155341625
xair,plc_predicate,1,aba,3.0,1,4922,4922,4922,0,20.0,1257,1,published_after_gate_recheck,executed:RUN:4922,1,RUN,0,0,19.354353193193674,20.25006292387843
xair,plc_conditional,1,aba,3.0,1,4924,,,0,2.0,1258,0,read_set_version_changed_at_gate,,0,,0,0,19.23321606591344,2.221466042101383
xair,plc_predicate,1,aba,3.0,1,4926,4926,4928,1,8.0,1259,1,published_after_gate_recheck,executed:RUN:4928,1,RUN,0,0,25.746610015630722,8.173958398401737
xair,plc_plain,1,aba,3.0,1,4928,4928,4928,0,16.0,1260,1,published_after_gate_recheck,executed:RUN:4928,1,RUN,0,0,21.1098650470376,16.17591315880418
xair_atomic,plc_predicate,1,aba,3.0,1,4930,4930,4932,1,6.0,1261,1,authorization_committed,executed:RUN:4932,1,RUN,0,0,18.242668826133013,6.224682088941336
xair,plc_predicate,1,aba,3.0,1,4932,4932,4932,0,20.0,1262,1,published_after_gate_recheck,executed:RUN:4932,1,RUN,0,0,27.161382604390383,20.448725670576096
xair,plc_predicate,1,aba,3.0,1,4934,4934,4936,1,6.0,1263,1,published_after_gate_recheck,executed:RUN:4936,1,RUN,0,0,21.630480885505676,6.314361002296209
xair,plc_predicate,1,aba,3.0,1,4936,4936,4936,0,20.0,1264,1,published_after_gate_recheck,executed:RUN:4936,1,RUN,0,0,20.855437964200974,20.393301267176867
xair,plc_plain,0,,,1,4938,4938,4938,0,,1265,1,published_after_gate_recheck,executed:RUN:4938,1,RUN,0,0,23.240009788423777,
xair,plc_plain,1,aba,3.0,1,4938,4938,4940,1,6.0,1266,1,published_after_gate_recheck,executed:RUN:4940,1,RUN,0,0,21.811320912092924,6.234982050955296
xair,plc_plain,1,aba,3.0,1,4940,4940,4940,0,16.0,1267,1,published_after_gate_recheck,executed:RUN:4940,1,RUN,0,0,21.44397236406803,16.183556988835335
xair_atomic,plc_predicate,0,,,1,4942,4942,4942,0,,1268,1,authorization_committed,executed:RUN:4942,1,RUN,0,0,18.72353022918105,
xair_atomic,plc_conditional,1,aba,3.0,1,4942,4942,4943,0,16.0,1269,1,authorization_committed,refused:version_changed:4943,0,,0,1,23.4525790438056,16.189879272133112
xair_atomic,plc_conditional,1,aba,3.0,1,4944,4944,4945,0,16.0,1270,1,authorization_committed,refused:version_changed:4945,0,,0,1,23.63070333376527,16.203544102609158
xair_atomic,plc_predicate,1,aba,3.0,1,4946,,,0,0.0,1271,0,read_set_version_changed_at_commit,,0,,0,0,15.58727864176035,0.47979922965168953
xair_atomic,plc_conditional,1,aba,3.0,1,4948,4948,4949,0,8.0,1272,1,authorization_committed,refused:version_changed:4949,0,,0,1,18.09047255665064,8.21390189230442
xair_atomic,plc_plain,1,aba,3.0,1,4950,4950,4950,0,14.0,1273,1,authorization_committed,executed:RUN:4950,1,RUN,0,0,16.317357774823904,14.26359685137868
xair_atomic,plc_conditional,1,aba,3.0,1,4952,,,0,0.0,1274,0,read_set_version_changed_at_commit,,0,,0,0,15.619699843227863,0.33739302307367325
xair_atomic,plc_predicate,1,aba,3.0,1,4954,,,0,2.0,1275,0,read_set_version_changed_at_commit,,0,,0,0,15.28231706470251,2.2347806952893734
xair,plc_conditional,1,aba,3.0,1,4956,4956,4957,0,14.0,1276,1,published_after_gate_recheck,refused:version_changed:4957,0,,0,1,22.275961935520172,14.220335986465216
xair_atomic,plc_plain,1,aba,3.0,1,4958,4958,4959,0,12.0,1277,1,authorization_committed,executed:PAUSED:4959,1,PAUSED,1,0,22.373393643647432,12.203134130686522
xair,plc_predicate,1,aba,3.0,1,4960,4960,4962,1,6.0,1278,1,published_after_gate_recheck,executed:RUN:4962,1,RUN,0,0,20.269969943910837,6.463821046054363
xair_atomic,plc_predicate,1,aba,3.0,1,4962,4962,4962,0,12.0,1279,1,authorization_committed,executed:RUN:4962,1,RUN,0,0,16.39642659574747,12.338907923549414
xair_atomic,plc_conditional,1,aba,3.0,1,4964,4964,4966,0,12.0,1280,1,authorization_committed,refused:version_changed:4966,0,,0,1,23.706233128905296,12.22141832113266
xair_atomic,plc_conditional,0,,,1,4966,4966,4966,0,,1281,1,authorization_committed,executed:RUN:4966,1,RUN,0,0,18.845179118216038,
xair,plc_plain,1,aba,3.0,1,4966,4966,4968,1,10.0,1282,1,published_after_gate_recheck,executed:RUN:4968,1,RUN,0,0,24.5497259311378,10.261413175612688
xair,plc_conditional,1,aba,3.0,1,4968,4968,4970,0,8.0,1283,1,published_after_gate_recheck,refused:version_changed:4970,0,,0,1,21.87992911785841,8.199505042284727
xair,plc_plain,1,aba,3.0,1,4970,4970,4972,1,4.0,1284,1,published_after_gate_recheck,executed:RUN:4972,1,RUN,0,0,20.886515732854605,4.1994149796664715
xair,plc_conditional,1,aba,3.0,1,4972,4972,4974,0,8.0,1285,1,published_after_gate_recheck,refused:version_changed:4974,0,,0,1,22.59298600256443,8.206900209188461
xair_atomic,plc_plain,1,aba,3.0,1,4974,4974,4975,0,12.0,1286,1,authorization_committed,executed:PAUSED:4975,1,PAUSED,1,0,18.4486648067832,12.202662881463766
xair_atomic,plc_plain,1,aba,3.0,1,4976,,,0,2.0,1287,0,read_set_version_changed_at_commit,,0,,0,0,14.975082129240036,2.188923768699169
xair_atomic,plc_conditional,1,aba,3.0,1,4978,4978,4980,0,6.0,1288,1,authorization_committed,refused:version_changed:4980,0,,0,1,24.378614965826273,6.139231845736504
xair,plc_plain,1,aba,3.0,1,4980,4980,4982,1,6.0,1289,1,published_after_gate_recheck,executed:RUN:4982,1,RUN,0,0,25.79972008243203,6.172434892505407
xair_atomic,plc_plain,1,aba,3.0,1,4982,4982,4984,1,4.0,1290,1,authorization_committed,executed:RUN:4984,1,RUN,0,0,18.545135855674744,4.17149206623435
xair_atomic,plc_predicate,1,aba,3.0,1,4984,4984,4986,1,8.0,1291,1,authorization_committed,executed:RUN:4986,1,RUN,0,0,19.93344910442829,8.287732023745775
xair,plc_plain,1,aba,3.0,1,4986,4986,4987,0,16.0,1292,1,published_after_gate_recheck,executed:PAUSED:4987,1,PAUSED,1,0,25.326611939817667,16.39365078881383
xair,plc_conditional,1,aba,3.0,1,4988,4988,4989,0,10.0,1293,1,published_after_gate_recheck,refused:version_changed:4989,0,,0,1,21.250599063932896,10.27819374576211
xair,plc_predicate,1,aba,3.0,1,4990,,,0,0.0,1294,0,read_set_version_changed_at_gate,,0,,0,0,18.554183188825846,0.5086828023195267
xair,plc_predicate,1,aba,3.0,1,4992,4992,4992,0,20.0,1295,1,published_after_gate_recheck,executed:RUN:4992,1,RUN,0,0,20.785197149962187,20.263627637177706
xair,plc_predicate,1,aba,3.0,1,4994,,,0,0.0,1296,0,read_set_version_changed_at_gate,,0,,0,0,16.919046640396118,0.2570720389485359
xair,plc_conditional,1,aba,3.0,1,4996,4996,4996,0,20.0,1297,1,published_after_gate_recheck,executed:RUN:4996,1,RUN,0,0,24.095704313367605,20.317778922617435
xair,plc_plain,1,aba,3.0,1,4998,,,0,0.0,1298,0,read_set_version_changed_at_gate,,0,,0,0,16.744798980653286,0.330580398440361
xair_atomic,plc_conditional,1,aba,3.0,1,5000,5000,5002,0,6.0,1299,1,authorization_committed,refused:version_changed:5002,0,,0,1,23.696456104516983,6.159189157187939
xair_atomic,plc_plain,1,aba,3.0,1,5002,5002,5004,1,4.0,1300,1,authorization_committed,executed:RUN:5004,1,RUN,0,0,22.619615774601698,4.251452628523111
xair_atomic,plc_conditional,1,aba,3.0,1,5004,5004,5006,0,10.0,1301,1,authorization_committed,refused:version_changed:5006,0,,0,1,21.354082971811295,10.28095930814743
xair,plc_plain,1,aba,3.0,1,5006,,,0,0.0,1302,0,precondition_failed: line.state == 'RUN',,0,,0,0,13.260696083307266,0.27375295758247375
xair_atomic,plc_plain,0,,,1,5008,5008,5008,0,,1303,1,authorization_committed,executed:RUN:5008,1,RUN,0,0,18.409752286970615,
xair_atomic,plc_predicate,1,aba,3.0,1,5008,5008,5009,0,14.0,1304,1,authorization_committed,refused:predicate_false:5009,0,,0,1,22.187945898622274,14.16933024302125
xair,plc_conditional,1,aba,3.0,1,5010,5010,5011,0,16.0,1305,1,published_after_gate_recheck,refused:version_changed:5011,0,,0,1,25.610073935240507,16.467038076370955
xair_atomic,plc_conditional,1,aba,3.0,1,5012,5012,5014,0,6.0,1306,1,authorization_committed,refused:version_changed:5014,0,,0,1,19.389358814805746,6.131017114967108
xair,plc_plain,1,aba,3.0,1,5014,5014,5015,0,10.0,1307,1,published_after_gate_recheck,executed:PAUSED:5015,1,PAUSED,1,0,22.90123514831066,10.264098178595304
xair_atomic,plc_predicate,1,aba,3.0,1,5016,5016,5018,1,6.0,1308,1,authorization_committed,executed:RUN:5018,1,RUN,0,0,16.50438876822591,6.179457996040583
xair_atomic,plc_conditional,1,aba,3.0,1,5018,5018,5020,0,4.0,1309,1,authorization_committed,refused:version_changed:5020,0,,0,1,17.104092985391617,4.207119811326265
xair_atomic,plc_predicate,1,aba,3.0,1,5020,5020,5022,1,6.0,1310,1,authorization_committed,executed:RUN:5022,1,RUN,0,0,22.247247863560915,6.21080631390214
xair_atomic,plc_plain,1,aba,3.0,1,5022,,,0,0.0,1311,0,read_set_version_changed_at_commit,,0,,0,0,15.217805746942759,0.2656076103448868
xair,plc_plain,1,aba,3.0,1,5024,,,0,6.0,1312,0,read_set_version_changed_at_gate,,0,,0,0,23.68764905259013,6.3916160725057125
xair,plc_plain,1,aba,3.0,1,5026,,,0,4.0,1313,0,read_set_version_changed_at_gate,,0,,0,0,19.872454926371574,4.250741098076105
xair_atomic,plc_conditional,1,aba,3.0,1,5028,,,0,0.0,1314,0,precondition_failed: line.state == 'RUN',,0,,0,0,12.625585310161114,0.38771703839302063
xair,plc_predicate,1,aba,3.0,1,5030,5030,5031,0,8.0,1315,1,published_after_gate_recheck,refused:predicate_false:5031,0,,0,1,19.083294551819563,8.24071280658245
xair_atomic,plc_predicate,1,aba,3.0,1,5032,,,0,2.0,1316,0,read_set_version_changed_at_commit,,0,,0,0,15.091971028596163,2.239860128611326
xair_atomic,plc_plain,1,aba,3.0,1,5034,5034,5035,0,8.0,1317,1,authorization_committed,executed:PAUSED:5035,1,PAUSED,1,0,17.156220972537994,8.231034968048334
xair,plc_predicate,1,aba,3.0,1,5036,,,0,2.0,1318,0,read_set_version_changed_at_gate,,0,,0,0,18.45996594056487,2.1901270374655724
xair,plc_plain,1,aba,3.0,1,5038,5038,5039,0,14.0,1319,1,published_after_gate_recheck,executed:PAUSED:5039,1,PAUSED,1,0,24.116372223943472,14.23723716288805
