version_scope,pattern,target_rate_hz,run,gateway_released,outcome,reason,e2e_latency_ms,validation_to_gate_ms,achieved_rate_hz,goodput_ips
global,unrelated,0.0,0,1,EXECUTE,published_after_gate_recheck,22.387080010958016,5.860401986865327,0.0,45.42474071264226
global,unrelated,0.0,1,1,EXECUTE,published_after_gate_recheck,21.58805899671279,5.826401000376791,0.0,45.42474071264226
global,unrelated,0.0,2,1,EXECUTE,published_after_gate_recheck,21.897316997637972,5.862900987267494,0.0,45.42474071264226
global,unrelated,0.0,3,1,EXECUTE,published_after_gate_recheck,21.69056099955924,5.902153003262356,0.0,45.42474071264226
global,unrelated,0.0,4,1,EXECUTE,published_after_gate_recheck,21.49380699847825,5.866901978151873,0.0,45.42474071264226
global,unrelated,0.0,5,1,EXECUTE,published_after_gate_recheck,21.442305005621165,5.799400998512283,0.0,45.42474071264226
global,unrelated,0.0,6,1,EXECUTE,published_after_gate_recheck,21.49055601330474,5.7766490208450705,0.0,45.42474071264226
global,unrelated,0.0,7,1,EXECUTE,published_after_gate_recheck,21.50905699818395,5.817400990054011,0.0,45.42474071264226
global,unrelated,0.0,8,1,EXECUTE,published_after_gate_recheck,21.482306998223066,5.778399994596839,0.0,45.42474071264226
global,unrelated,0.0,9,1,EXECUTE,published_after_gate_recheck,21.404054015874863,5.8291500026825815,0.0,45.42474071264226
global,unrelated,0.0,10,1,EXECUTE,published_after_gate_recheck,21.629809984005988,5.84365101531148,0.0,45.42474071264226
global,unrelated,0.0,11,1,EXECUTE,published_after_gate_recheck,21.667560999048874,5.88965299539268,0.0,45.42474071264226
global,unrelated,0.0,12,1,EXECUTE,published_after_gate_recheck,21.62156000849791,5.819901009090245,0.0,45.42474071264226
global,unrelated,0.0,13,1,EXECUTE,published_after_gate_recheck,21.478806011145934,5.827400978887454,0.0,45.42474071264226
global,unrelated,0.0,14,1,EXECUTE,published_after_gate_recheck,21.398304001195356,5.762649001553655,0.0,45.42474071264226
global,unrelated,0.0,15,1,EXECUTE,published_after_gate_recheck,21.45705500151962,5.80290102516301,0.0,45.42474071264226
global,unrelated,0.0,16,1,EXECUTE,published_after_gate_recheck,21.884067013161257,6.0241559986025095,0.0,45.42474071264226
global,unrelated,0.0,17,1,EXECUTE,published_after_gate_recheck,21.557057974860072,5.852651025634259,0.0,45.42474071264226
global,unrelated,0.0,18,1,EXECUTE,published_after_gate_recheck,21.418805001303554,5.769149982370436,0.0,45.42474071264226
global,unrelated,0.0,19,1,EXECUTE,published_after_gate_recheck,21.52705698972568,5.795400007627904,0.0,45.42474071264226
global,unrelated,0.0,20,1,EXECUTE,published_after_gate_recheck,21.47630602121353,5.798149999463931,0.0,45.42474071264226
global,unrelated,0.0,21,1,EXECUTE,published_after_gate_recheck,21.60581000498496,5.7613999815657735,0.0,45.42474071264226
global,unrelated,0.0,22,1,EXECUTE,published_after_gate_recheck,21.428553998703137,5.794900003820658,0.0,45.42474071264226
global,unrelated,0.0,23,1,EXECUTE,published_after_gate_recheck,21.46805598749779,5.757898994488642,0.0,45.42474071264226
global,unrelated,0.0,24,1,EXECUTE,published_after_gate_recheck,21.653311006957665,5.89940301142633,0.0,45.42474071264226
global,unrelated,0.0,25,1,EXECUTE,published_after_gate_recheck,21.742062992416322,5.875152011867613,0.0,45.42474071264226
global,unrelated,0.0,26,1,EXECUTE,published_after_gate_recheck,21.632810006849468,5.872152018127963,0.0,45.42474071264226
global,unrelated,0.0,27,1,EXECUTE,published_after_gate_recheck,21.44280500942841,5.783150001661852,0.0,45.42474071264226
global,unrelated,0.0,28,1,EXECUTE,published_after_gate_recheck,21.4253049925901,5.809900991152972,0.0,45.42474071264226
global,unrelated,0.0,29,1,EXECUTE,published_after_gate_recheck,21.469055995112285,5.796399986138567,0.0,45.42474071264226
global,unrelated,0.0,30,1,EXECUTE,published_after_gate_recheck,21.80681499885395,5.828149995068088,0.0,45.42474071264226
global,unrelated,0.0,31,1,EXECUTE,published_after_gate_recheck,21.60431002266705,5.827650980791077,0.0,45.42474071264226
global,unrelated,0.0,32,1,EXECUTE,published_after_gate_recheck,21.57830898067914,5.8251500013284385,0.0,45.42474071264226
global,unrelated,0.0,33,1,EXECUTE,published_after_gate_recheck,21.43955498468131,5.773899989435449,0.0,45.42474071264226
global,unrelated,0.0,34,1,EXECUTE,published_after_gate_recheck,21.659560006810352,5.965154996374622,0.0,45.42474071264226
global,unrelated,0.0,35,1,EXECUTE,published_after_gate_recheck,22.1620739903301,5.8374009968247265,0.0,45.42474071264226
global,unrelated,0.0,36,1,EXECUTE,published_after_gate_recheck,21.734062989708036,5.917653004871681,0.0,45.42474071264226
global,unrelated,0.0,37,1,EXECUTE,published_after_gate_recheck,21.748562983702868,5.857151991222054,0.0,45.42474071264226
global,unrelated,0.0,38,1,EXECUTE,published_after_gate_recheck,21.551807993091643,5.815901007736102,0.0,45.42474071264226
global,unrelated,0.0,39,1,EXECUTE,published_after_gate_recheck,21.630560018820688,5.8486509951762855,0.0,45.42474071264226
global,unrelated,0.0,40,1,EXECUTE,published_after_gate_recheck,21.51805700850673,5.830401001730934,0.0,45.42474071264226
global,unrelated,0.0,41,1,EXECUTE,published_after_gate_recheck,21.417804004158825,5.798900005174801,0.0,45.42474071264226
global,unrelated,0.0,42,1,EXECUTE,published_after_gate_recheck,21.481805975781754,5.7863990077748895,0.0,45.42474071264226
global,unrelated,0.0,43,1,EXECUTE,published_after_gate_recheck,21.641811006702483,5.817650991957635,0.0,45.42474071264226
global,unrelated,0.0,44,1,EXECUTE,published_after_gate_recheck,21.655810996890068,5.8048999926541,0.0,45.42474071264226
global,unrelated,0.0,45,1,EXECUTE,published_after_gate_recheck,21.475056011695415,5.819151003379375,0.0,45.42474071264226
global,unrelated,0.0,46,1,EXECUTE,published_after_gate_recheck,21.479056013049558,5.760649015428498,0.0,45.42474071264226
global,unrelated,0.0,47,1,EXECUTE,published_after_gate_recheck,21.422805002657697,5.797150020953268,0.0,45.42474071264226
global,unrelated,0.0,48,1,EXECUTE,published_after_gate_recheck,21.772562991827726,5.973405000986531,0.0,45.42474071264226
global,unrelated,0.0,49,1,EXECUTE,published_after_gate_recheck,21.535557985771447,5.853401991771534,0.0,45.42474071264226
global,unrelated,0.0,50,1,EXECUTE,published_after_gate_recheck,21.444804995553568,5.8009000204037875,0.0,45.42474071264226
global,unrelated,0.0,51,1,EXECUTE,published_after_gate_recheck,21.450555010233074,5.835150979692116,0.0,45.42474071264226
global,unrelated,0.0,52,1,EXECUTE,published_after_gate_recheck,21.431555011076853,5.778399005066603,0.0,45.42474071264226
global,unrelated,0.0,53,1,EXECUTE,published_after_gate_recheck,29.937774990685284,5.879903008462861,0.0,45.42474071264226
global,unrelated,0.0,54,1,EXECUTE,published_after_gate_recheck,22.79658999759704,5.950404010945931,0.0,45.42474071264226
global,unrelated,0.0,55,1,EXECUTE,published_after_gate_recheck,21.54780802084133,5.8324010169599205,0.0,45.42474071264226
global,unrelated,0.0,56,1,EXECUTE,published_after_gate_recheck,21.59555902471766,5.758649000199512,0.0,45.42474071264226
global,unrelated,0.0,57,1,EXECUTE,published_after_gate_recheck,21.666810993338004,5.874152004253119,0.0,45.42474071264226
global,unrelated,0.0,58,1,EXECUTE,published_after_gate_recheck,21.626560017466545,5.804399988846853,0.0,45.42474071264226
global,unrelated,0.0,59,1,EXECUTE,published_after_gate_recheck,21.472055988851935,5.8526509965304285,0.0,45.42474071264226
global,unrelated,0.0,60,1,EXECUTE,published_after_gate_recheck,21.44955500261858,5.788899987237528,0.0,45.42474071264226
global,unrelated,0.0,61,1,EXECUTE,published_after_gate_recheck,21.573309000814334,5.816649994812906,0.0,45.42474071264226
global,unrelated,0.0,62,1,EXECUTE,published_after_gate_recheck,21.684810984879732,5.80215101945214,0.0,45.42474071264226
global,unrelated,0.0,63,1,EXECUTE,published_after_gate_recheck,21.527556993532926,5.808151006931439,0.0,45.42474071264226
global,unrelated,0.0,64,1,EXECUTE,published_after_gate_recheck,21.388554014265537,5.767149006715044,0.0,45.42474071264226
global,unrelated,0.0,65,1,EXECUTE,published_after_gate_recheck,21.383804007200524,5.748898984165862,0.0,45.42474071264226
global,unrelated,0.0,66,1,EXECUTE,published_after_gate_recheck,21.59880902036093,5.993905011564493,0.0,45.42474071264226
global,unrelated,0.0,67,1,EXECUTE,published_after_gate_recheck,21.489556005690247,5.780650011729449,0.0,45.42474071264226
global,unrelated,0.0,68,1,EXECUTE,published_after_gate_recheck,21.497306996025145,5.839401012053713,0.0,45.42474071264226
global,unrelated,0.0,69,1,EXECUTE,published_after_gate_recheck,21.522057009860873,5.769148992840201,0.0,45.42474071264226
global,unrelated,0.0,70,1,EXECUTE,published_after_gate_recheck,21.508056990569457,5.858902004547417,0.0,45.42474071264226
global,unrelated,0.0,71,1,EXECUTE,published_after_gate_recheck,21.851066005183384,5.815151002025232,0.0,45.42474071264226
global,unrelated,0.0,72,1,EXECUTE,published_after_gate_recheck,21.44880499690771,5.811149982037023,0.0,45.42474071264226
global,unrelated,0.0,73,1,EXECUTE,published_after_gate_recheck,21.479805989656597,5.80865002120845,0.0,45.42474071264226
global,unrelated,0.0,74,1,EXECUTE,published_after_gate_recheck,22.03257000655867,5.878402007510886,0.0,45.42474071264226
global,unrelated,0.0,75,1,EXECUTE,published_after_gate_recheck,21.786814002553,5.994654988171533,0.0,45.42474071264226
global,unrelated,0.0,76,1,EXECUTE,published_after_gate_recheck,21.53880801051855,5.841901001986116,0.0,45.42474071264226
global,unrelated,0.0,77,1,EXECUTE,published_after_gate_recheck,21.426555002108216,5.761898995842785,0.0,45.42474071264226
global,unrelated,0.0,78,1,EXECUTE,published_after_gate_recheck,21.37705302448012,5.799650010885671,0.0,45.42474071264226
global,unrelated,0.0,79,1,EXECUTE,published_after_gate_recheck,21.415305003756657,5.7766499812714756,0.0,45.42474071264226
global,unrelated,0.0,80,1,EXECUTE,published_after_gate_recheck,21.802314004162326,5.868651991477236,0.0,45.42474071264226
global,unrelated,0.0,81,1,EXECUTE,published_after_gate_recheck,21.811065002111718,5.85990198305808,0.0,45.42474071264226
global,unrelated,0.0,82,1,EXECUTE,published_after_gate_recheck,21.890817006351426,6.035155995050445,0.0,45.42474071264226
global,unrelated,0.0,83,1,EXECUTE,published_after_gate_recheck,21.47630602121353,5.791900010081008,0.0,45.42474071264226
global,unrelated,0.0,84,1,EXECUTE,published_after_gate_recheck,21.546307019889355,5.787400004919618,0.0,45.42474071264226
global,unrelated,0.0,85,1,EXECUTE,published_after_gate_recheck,21.56030901824124,5.815651005832478,0.0,45.42474071264226
global,unrelated,0.0,86,1,EXECUTE,published_after_gate_recheck,21.522307011764497,5.775400000857189,0.0,45.42474071264226
global,unrelated,0.0,87,1,EXECUTE,published_after_gate_recheck,21.476805995916948,5.809400987345725,0.0,45.42474071264226
global,unrelated,0.0,88,1,EXECUTE,published_after_gate_recheck,21.528806973947212,5.783148983027786,0.0,45.42474071264226
global,unrelated,0.0,89,1,EXECUTE,published_after_gate_recheck,22.40858000004664,6.17716001579538,0.0,45.42474071264226
global,unrelated,0.0,90,1,EXECUTE,published_after_gate_recheck,23.300603992538527,6.155158975161612,0.0,45.42474071264226
global,unrelated,0.0,91,1,EXECUTE,published_after_gate_recheck,21.608059003483504,5.767650000052527,0.0,45.42474071264226
global,unrelated,0.0,92,1,EXECUTE,published_after_gate_recheck,21.508806996280327,5.809900991152972,0.0,45.42474071264226
global,unrelated,0.0,93,1,EXECUTE,published_after_gate_recheck,21.493557025678456,5.76264999108389,0.0,45.42474071264226
global,unrelated,0.0,94,1,EXECUTE,published_after_gate_recheck,21.562557987635955,5.8316510112490505,0.0,45.42474071264226
global,unrelated,0.0,95,1,EXECUTE,published_after_gate_recheck,21.527307981159538,5.8114000130444765,0.0,45.42474071264226
global,unrelated,0.0,96,1,EXECUTE,published_after_gate_recheck,21.43580501433462,5.831401009345427,0.0,45.42474071264226
global,unrelated,0.0,97,1,EXECUTE,published_after_gate_recheck,21.483306016307324,5.767898983322084,0.0,45.42474071264226
global,unrelated,0.0,98,1,EXECUTE,published_after_gate_recheck,21.829564997460693,6.032906996551901,0.0,45.42474071264226
global,unrelated,0.0,99,1,EXECUTE,published_after_gate_recheck,21.58880900242366,5.778649996500462,0.0,45.42474071264226
readset,unrelated,0.0,0,1,EXECUTE,published_after_gate_recheck,21.739812014857307,5.99140499252826,0.0,45.4622234250776
readset,unrelated,0.0,1,1,EXECUTE,published_after_gate_recheck,21.49130598991178,5.823401006637141,0.0,45.4622234250776
readset,unrelated,0.0,2,1,EXECUTE,published_after_gate_recheck,21.855314989807084,6.040156004019082,0.0,45.4622234250776
readset,unrelated,0.0,3,1,EXECUTE,published_after_gate_recheck,21.70831200783141,5.875651986571029,0.0,45.4622234250776
readset,unrelated,0.0,4,1,EXECUTE,published_after_gate_recheck,21.508306002942845,5.885402002604678,0.0,45.4622234250776
readset,unrelated,0.0,5,1,EXECUTE,published_after_gate_recheck,21.43655499094166,5.794900003820658,0.0,45.4622234250776
readset,unrelated,0.0,6,1,EXECUTE,published_after_gate_recheck,21.601059997919947,5.884401994990185,0.0,45.4622234250776
readset,unrelated,0.0,7,1,EXECUTE,published_after_gate_recheck,22.12532199337147,6.004905997542664,0.0,45.4622234250776
readset,unrelated,0.0,8,1,EXECUTE,published_after_gate_recheck,21.601309010293335,5.897652998100966,0.0,45.4622234250776
readset,unrelated,0.0,9,1,EXECUTE,published_after_gate_recheck,21.45180501975119,5.832151015056297,0.0,45.4622234250776
readset,unrelated,0.0,10,1,EXECUTE,published_after_gate_recheck,21.564309019595385,5.903152981773019,0.0,45.4622234250776
readset,unrelated,0.0,11,1,EXECUTE,published_after_gate_recheck,21.6175589885097,5.8331510226707906,0.0,45.4622234250776
readset,unrelated,0.0,12,1,EXECUTE,published_after_gate_recheck,21.843816008185968,5.970154015813023,0.0,45.4622234250776
readset,unrelated,0.0,13,1,EXECUTE,published_after_gate_recheck,22.241075988858938,5.886152997845784,0.0,45.4622234250776
readset,unrelated,0.0,14,1,EXECUTE,published_after_gate_recheck,21.56880800612271,5.83615098730661,0.0,45.4622234250776
readset,unrelated,0.0,15,1,EXECUTE,published_after_gate_recheck,21.531557984417304,5.812399991555139,0.0,45.4622234250776
readset,unrelated,0.0,16,1,EXECUTE,published_after_gate_recheck,22.10107198334299,5.919403018197045,0.0,45.4622234250776
readset,unrelated,0.0,17,1,EXECUTE,published_after_gate_recheck,21.924817992839962,5.843401013407856,0.0,45.4622234250776
readset,unrelated,0.0,18,1,EXECUTE,published_after_gate_recheck,21.582057990599424,5.867652012966573,0.0,45.4622234250776
readset,unrelated,0.0,19,1,EXECUTE,published_after_gate_recheck,21.62231001420878,5.87115201051347,0.0,45.4622234250776
readset,unrelated,0.0,20,1,EXECUTE,published_after_gate_recheck,21.609310002531856,5.889902007766068,0.0,45.4622234250776
readset,unrelated,0.0,21,1,EXECUTE,published_after_gate_recheck,21.698060998460278,5.8884029858745635,0.0,45.4622234250776
readset,unrelated,0.0,22,1,EXECUTE,published_after_gate_recheck,22.13007298996672,6.0129060002509505,0.0,45.4622234250776
readset,unrelated,0.0,23,1,EXECUTE,published_after_gate_recheck,21.741812000982463,5.874402006156743,0.0,45.4622234250776
readset,unrelated,0.0,24,1,EXECUTE,published_after_gate_recheck,21.501556009752676,5.876152019482106,0.0,45.4622234250776
readset,unrelated,0.0,25,1,EXECUTE,published_after_gate_recheck,21.726562990806997,5.886402999749407,0.0,45.4622234250776
readset,unrelated,0.0,26,1,EXECUTE,published_after_gate_recheck,22.132072976091877,6.1269080033525825,0.0,45.4622234250776
readset,unrelated,0.0,27,1,EXECUTE,published_after_gate_recheck,21.98906900594011,6.011655001202598,0.0,45.4622234250776
readset,unrelated,0.0,28,1,EXECUTE,published_after_gate_recheck,21.600809006486088,5.9134039911441505,0.0,45.4622234250776
readset,unrelated,0.0,29,1,EXECUTE,published_after_gate_recheck,21.67631100746803,5.844651983352378,0.0,45.4622234250776
readset,unrelated,0.0,30,1,EXECUTE,published_after_gate_recheck,21.90631700796075,5.885402992134914,0.0,45.4622234250776
readset,unrelated,0.0,31,1,EXECUTE,published_after_gate_recheck,22.03882098547183,5.925403005676344,0.0,45.4622234250776
readset,unrelated,0.0,32,1,EXECUTE,published_after_gate_recheck,22.003068996127695,5.99140499252826,0.0,45.4622234250776
readset,unrelated,0.0,33,1,EXECUTE,published_after_gate_recheck,21.66056100395508,5.896652990486473,0.0,45.4622234250776
readset,unrelated,0.0,34,1,EXECUTE,published_after_gate_recheck,21.724313002778217,5.939402995863929,0.0,45.4622234250776
readset,unrelated,0.0,35,1,EXECUTE,published_after_gate_recheck,22.072571009630337,6.0404069954529405,0.0,45.4622234250776
readset,unrelated,0.0,36,1,EXECUTE,published_after_gate_recheck,21.690561989089474,5.858651973539963,0.0,45.4622234250776
readset,unrelated,0.0,37,1,EXECUTE,published_after_gate_recheck,21.529807010665536,5.852151021827012,0.0,45.4622234250776
readset,unrelated,0.0,38,1,EXECUTE,published_after_gate_recheck,21.580058994004503,5.821650993311778,0.0,45.4622234250776
readset,unrelated,0.0,39,1,EXECUTE,published_after_gate_recheck,21.708812011638656,5.917653994401917,0.0,45.4622234250776
readset,unrelated,0.0,40,1,EXECUTE,published_after_gate_recheck,21.5963090013247,5.902653007069603,0.0,45.4622234250776
readset,unrelated,0.0,41,1,EXECUTE,published_after_gate_recheck,21.427804982522503,5.852400994626805,0.0,45.4622234250776
readset,unrelated,0.0,42,1,EXECUTE,published_after_gate_recheck,21.550308010773733,5.8461510052438825,0.0,45.4622234250776
readset,unrelated,0.0,43,1,EXECUTE,published_after_gate_recheck,21.743813005741686,6.01965599344112,0.0,45.4622234250776
readset,unrelated,0.0,44,1,EXECUTE,published_after_gate_recheck,21.542807982768863,5.8599020121619105,0.0,45.4622234250776
readset,unrelated,0.0,45,1,EXECUTE,published_after_gate_recheck,21.511555998586118,5.840900994371623,0.0,45.4622234250776
readset,unrelated,0.0,46,1,EXECUTE,published_after_gate_recheck,21.48705700528808,5.837901000631973,0.0,45.4622234250776
readset,unrelated,0.0,47,1,EXECUTE,published_after_gate_recheck,21.586309012491256,5.831150978337973,0.0,45.4622234250776
readset,unrelated,0.0,48,1,EXECUTE,published_after_gate_recheck,21.572558995103464,5.9409030072856694,0.0,45.4622234250776
readset,unrelated,0.0,49,1,EXECUTE,published_after_gate_recheck,21.661310020135716,5.90290199033916,0.0,45.4622234250776
readset,unrelated,0.0,50,1,EXECUTE,published_after_gate_recheck,21.64006099337712,5.917153001064435,0.0,45.4622234250776
readset,unrelated,0.0,51,1,EXECUTE,published_after_gate_recheck,21.50905699818395,5.847151012858376,0.0,45.4622234250776
readset,unrelated,0.0,52,1,EXECUTE,published_after_gate_recheck,22.36907900078222,5.922653013840318,0.0,45.4622234250776
readset,unrelated,0.0,53,1,EXECUTE,published_after_gate_recheck,21.735312009695917,5.919653980527073,0.0,45.4622234250776
readset,unrelated,0.0,54,1,EXECUTE,published_after_gate_recheck,21.535558014875278,5.863650992978364,0.0,45.4622234250776
readset,unrelated,0.0,55,1,EXECUTE,published_after_gate_recheck,21.499305992620066,5.811399983940646,0.0,45.4622234250776
readset,unrelated,0.0,56,1,EXECUTE,published_after_gate_recheck,21.552058024099097,5.913903005421162,0.0,45.4622234250776
readset,unrelated,0.0,57,1,EXECUTE,published_after_gate_recheck,21.869566990062594,5.930653976975009,0.0,45.4622234250776
readset,unrelated,0.0,58,1,EXECUTE,published_after_gate_recheck,21.57130799605511,5.90090302284807,0.0,45.4622234250776
readset,unrelated,0.0,59,1,EXECUTE,published_after_gate_recheck,21.532558021135628,5.8211499999742955,0.0,45.4622234250776
readset,unrelated,0.0,60,1,EXECUTE,published_after_gate_recheck,21.598309016553685,5.895402980968356,0.0,45.4622234250776
readset,unrelated,0.0,61,1,EXECUTE,published_after_gate_recheck,21.677560987882316,5.857151991222054,0.0,45.4622234250776
readset,unrelated,0.0,62,1,EXECUTE,published_after_gate_recheck,21.686811989638954,5.887653009267524,0.0,45.4622234250776
readset,unrelated,0.0,63,1,EXECUTE,published_after_gate_recheck,21.56355799525045,5.802400002721697,0.0,45.4622234250776
readset,unrelated,0.0,64,1,EXECUTE,published_after_gate_recheck,21.616059995722026,5.927653022808954,0.0,45.4622234250776
readset,unrelated,0.0,65,1,EXECUTE,published_after_gate_recheck,21.554308012127876,5.815401003928855,0.0,45.4622234250776
readset,unrelated,0.0,66,1,EXECUTE,published_after_gate_recheck,21.97031900868751,6.191160995513201,0.0,45.4622234250776
readset,unrelated,0.0,67,1,EXECUTE,published_after_gate_recheck,21.566809009527788,5.805150984087959,0.0,45.4622234250776
readset,unrelated,0.0,68,1,EXECUTE,published_after_gate_recheck,21.535556996241212,5.860151984961703,0.0,45.4622234250776
readset,unrelated,0.0,69,1,EXECUTE,published_after_gate_recheck,21.45655598724261,5.792398995254189,0.0,45.4622234250776
readset,unrelated,0.0,70,1,EXECUTE,published_after_gate_recheck,21.49130598991178,5.886652012122795,0.0,45.4622234250776
readset,unrelated,0.0,71,1,EXECUTE,published_after_gate_recheck,21.68006100691855,5.909903004067019,0.0,45.4622234250776
readset,unrelated,0.0,72,1,EXECUTE,published_after_gate_recheck,21.823065006174147,5.934904009336606,0.0,45.4622234250776
readset,unrelated,0.0,73,1,EXECUTE,published_after_gate_recheck,21.79131400771439,5.847901018569246,0.0,45.4622234250776
readset,unrelated,0.0,74,1,EXECUTE,published_after_gate_recheck,21.50130702648312,5.876152019482106,0.0,45.4622234250776
readset,unrelated,0.0,75,1,EXECUTE,published_after_gate_recheck,21.854065998923033,5.9626540169119835,0.0,45.4622234250776
readset,unrelated,0.0,76,1,EXECUTE,published_after_gate_recheck,21.63080999162048,5.86215200019069,0.0,45.4622234250776
readset,unrelated,0.0,77,1,EXECUTE,published_after_gate_recheck,21.654310985468328,5.856152012711391,0.0,45.4622234250776
readset,unrelated,0.0,78,1,EXECUTE,published_after_gate_recheck,21.532807004405186,5.898903007619083,0.0,45.4622234250776
readset,unrelated,0.0,79,1,EXECUTE,published_after_gate_recheck,21.596309990854934,5.8389010082464665,0.0,45.4622234250776
readset,unrelated,0.0,80,1,EXECUTE,published_after_gate_recheck,21.856316016055644,5.968154990114272,0.0,45.4622234250776
readset,unrelated,0.0,81,1,EXECUTE,published_after_gate_recheck,21.54130701092072,5.83690102212131,0.0,45.4622234250776
readset,unrelated,0.0,82,1,EXECUTE,published_after_gate_recheck,21.520556998439133,5.869401997188106,0.0,45.4622234250776
readset,unrelated,0.0,83,1,EXECUTE,published_after_gate_recheck,21.588559000520036,5.856150994077325,0.0,45.4622234250776
readset,unrelated,0.0,84,1,EXECUTE,published_after_gate_recheck,21.791064005810767,5.926404002821073,0.0,45.4622234250776
readset,unrelated,0.0,85,1,EXECUTE,published_after_gate_recheck,21.79431400145404,5.86590199964121,0.0,45.4622234250776
readset,unrelated,0.0,86,1,EXECUTE,published_after_gate_recheck,21.46030601579696,5.861402023583651,0.0,45.4622234250776
readset,unrelated,0.0,87,1,EXECUTE,published_after_gate_recheck,21.551057987380773,5.833650997374207,0.0,45.4622234250776
readset,unrelated,0.0,88,1,EXECUTE,published_after_gate_recheck,21.467556012794375,5.840401019668207,0.0,45.4622234250776
readset,unrelated,0.0,89,1,EXECUTE,published_after_gate_recheck,21.72956199501641,5.89115300681442,0.0,45.4622234250776
readset,unrelated,0.0,90,1,EXECUTE,published_after_gate_recheck,21.67806201032363,5.908653023652732,0.0,45.4622234250776
readset,unrelated,0.0,91,1,EXECUTE,published_after_gate_recheck,22.350077982991934,5.854652001289651,0.0,45.4622234250776
readset,unrelated,0.0,92,1,EXECUTE,published_after_gate_recheck,21.62481000414118,5.912652995903045,0.0,45.4622234250776
readset,unrelated,0.0,93,1,EXECUTE,published_after_gate_recheck,21.546807984123006,5.841651000082493,0.0,45.4622234250776
readset,unrelated,0.0,94,1,EXECUTE,published_after_gate_recheck,21.673560986528173,5.883402016479522,0.0,45.4622234250776
readset,unrelated,0.0,95,1,EXECUTE,published_after_gate_recheck,21.493306994671002,5.800401006126776,0.0,45.4622234250776
readset,unrelated,0.0,96,1,EXECUTE,published_after_gate_recheck,21.53005698346533,5.887903011171147,0.0,45.4622234250776
readset,unrelated,0.0,97,1,EXECUTE,published_after_gate_recheck,21.57905901549384,5.820151010993868,0.0,45.4622234250776
readset,unrelated,0.0,98,1,EXECUTE,published_after_gate_recheck,21.744563011452556,5.92765401233919,0.0,45.4622234250776
readset,unrelated,0.0,99,1,EXECUTE,published_after_gate_recheck,21.58280901494436,5.876152019482106,0.0,45.4622234250776
truth,unrelated,0.0,0,1,EXECUTE,published_after_gate_recheck,23.750115011353046,7.973706000484526,0.0,39.517178855468835
truth,unrelated,0.0,1,1,EXECUTE,published_after_gate_recheck,21.72181199421175,5.934402986895293,0.0,39.517178855468835
truth,unrelated,0.0,2,1,EXECUTE,published_after_gate_recheck,22.075821994803846,6.07615802437067,0.0,39.517178855468835
truth,unrelated,0.0,3,1,EXECUTE,published_after_gate_recheck,21.63080999162048,5.883652018383145,0.0,39.517178855468835
truth,unrelated,0.0,4,1,EXECUTE,published_after_gate_recheck,21.36805301415734,5.789149989141151,0.0,39.517178855468835
truth,unrelated,0.0,5,1,EXECUTE,published_after_gate_recheck,21.424804988782853,5.783150001661852,0.0,39.517178855468835
truth,unrelated,0.0,6,1,EXECUTE,published_after_gate_recheck,21.566308016190305,5.854152026586235,0.0,39.517178855468835
truth,unrelated,0.0,7,1,EXECUTE,published_after_gate_recheck,21.5835589915514,5.814400006784126,0.0,39.517178855468835
truth,unrelated,0.0,8,1,EXECUTE,published_after_gate_recheck,21.42955400631763,5.832650989759713,0.0,39.517178855468835
truth,unrelated,0.0,9,1,EXECUTE,published_after_gate_recheck,21.559059008723125,5.832650989759713,0.0,39.517178855468835
truth,unrelated,0.0,10,1,EXECUTE,published_after_gate_recheck,21.36605398845859,5.789400020148605,0.0,39.517178855468835
truth,unrelated,0.0,11,1,EXECUTE,published_after_gate_recheck,21.64831099798903,5.936153000220656,0.0,39.517178855468835
truth,unrelated,0.0,12,1,EXECUTE,published_after_gate_recheck,21.619559993268922,5.891152017284185,0.0,39.517178855468835
truth,unrelated,0.0,13,1,EXECUTE,published_after_gate_recheck,21.61980897653848,5.844900995725766,0.0,39.517178855468835
truth,unrelated,0.0,14,1,EXECUTE,published_after_gate_recheck,22.10557198850438,5.9731540095526725,0.0,39.517178855468835
truth,unrelated,0.0,15,1,EXECUTE,published_after_gate_recheck,21.62405999843031,5.786649999208748,0.0,39.517178855468835
truth,unrelated,0.0,16,1,EXECUTE,published_after_gate_recheck,21.666061016730964,5.911403015488759,0.0,39.517178855468835
truth,unrelated,0.0,17,1,EXECUTE,published_after_gate_recheck,21.795564010972157,5.794149998109788,0.0,39.517178855468835
truth,unrelated,0.0,18,1,EXECUTE,published_after_gate_recheck,21.65431101457216,5.8486520138103515,0.0,39.517178855468835
truth,unrelated,0.0,19,1,EXECUTE,published_after_gate_recheck,21.516307024285197,5.8049000217579305,0.0,39.517178855468835
truth,unrelated,0.0,20,1,EXECUTE,published_after_gate_recheck,21.515307016670704,5.871651985216886,0.0,39.517178855468835
truth,unrelated,0.0,21,1,EXECUTE,published_after_gate_recheck,21.72756299842149,5.858151998836547,0.0,39.517178855468835
truth,unrelated,0.0,22,1,EXECUTE,published_after_gate_recheck,21.418054995592684,5.812649993458763,0.0,39.517178855468835
truth,unrelated,0.0,23,1,EXECUTE,published_after_gate_recheck,21.404803992481902,5.77364899800159,0.0,39.517178855468835
truth,unrelated,0.0,24,1,EXECUTE,published_after_gate_recheck,21.499056019820273,5.856152012711391,0.0,39.517178855468835
truth,unrelated,0.0,25,1,EXECUTE,published_after_gate_recheck,21.738812007242814,5.869401997188106,0.0,39.517178855468835
truth,unrelated,0.0,26,1,EXECUTE,published_after_gate_recheck,21.543807990383357,5.881402001250535,0.0,39.517178855468835
truth,unrelated,0.0,27,1,EXECUTE,published_after_gate_recheck,21.559557993896306,5.8794030046556145,0.0,39.517178855468835
truth,unrelated,0.0,28,1,EXECUTE,published_after_gate_recheck,21.574808983132243,5.808651010738686,0.0,39.517178855468835
truth,unrelated,0.0,29,1,EXECUTE,published_after_gate_recheck,21.522307011764497,5.851401016116142,0.0,39.517178855468835
truth,unrelated,0.0,30,1,EXECUTE,published_after_gate_recheck,26.658690010663122,6.1939099978189915,0.0,39.517178855468835
truth,unrelated,0.0,31,1,EXECUTE,published_after_gate_recheck,21.783563977805898,5.843150982400402,0.0,39.517178855468835
truth,unrelated,0.0,32,1,EXECUTE,published_after_gate_recheck,21.442555997055024,5.825650994665921,0.0,39.517178855468835
truth,unrelated,0.0,33,1,EXECUTE,published_after_gate_recheck,21.50480600539595,5.840900994371623,0.0,39.517178855468835
truth,unrelated,0.0,34,1,EXECUTE,published_after_gate_recheck,21.84631599811837,5.993155005853623,0.0,39.517178855468835
truth,unrelated,0.0,35,1,EXECUTE,published_after_gate_recheck,21.592058998066932,5.829150992212817,0.0,39.517178855468835
truth,unrelated,0.0,36,1,EXECUTE,published_after_gate_recheck,21.55605799634941,5.905653000809252,0.0,39.517178855468835
truth,unrelated,0.0,37,1,EXECUTE,published_after_gate_recheck,21.5478079917375,5.8454009995330125,0.0,39.517178855468835
truth,unrelated,0.0,38,1,EXECUTE,published_after_gate_recheck,21.49555698269978,5.825400003232062,0.0,39.517178855468835
truth,unrelated,0.0,39,1,EXECUTE,published_after_gate_recheck,21.633310010656714,5.861151992576197,0.0,39.517178855468835
truth,unrelated,0.0,40,1,EXECUTE,published_after_gate_recheck,21.621060004690662,5.855151975993067,0.0,39.517178855468835
truth,unrelated,0.0,41,1,EXECUTE,published_after_gate_recheck,21.463555982336402,5.845150997629389,0.0,39.517178855468835
truth,unrelated,0.0,42,1,EXECUTE,published_after_gate_recheck,21.74331300193444,5.943153984844685,0.0,39.517178855468835
truth,unrelated,0.0,43,1,EXECUTE,published_after_gate_recheck,21.678060991689563,5.910153005970642,0.0,39.517178855468835
truth,unrelated,0.0,44,1,EXECUTE,published_after_gate_recheck,21.730312990257517,5.805900000268593,0.0,39.517178855468835
truth,unrelated,0.0,45,1,EXECUTE,published_after_gate_recheck,21.53305700630881,5.848902015713975,0.0,39.517178855468835
truth,unrelated,0.0,46,1,EXECUTE,published_after_gate_recheck,21.55305800260976,5.815650976728648,0.0,39.517178855468835
truth,unrelated,0.0,47,1,EXECUTE,published_after_gate_recheck,21.56755799660459,5.8636519825086,0.0,39.517178855468835
truth,unrelated,0.0,48,1,EXECUTE,published_after_gate_recheck,21.627559006446972,5.8696519990917295,0.0,39.517178855468835
truth,unrelated,0.0,49,1,EXECUTE,published_after_gate_recheck,21.46230501239188,5.82940099411644,0.0,39.517178855468835
truth,unrelated,0.0,50,1,EXECUTE,published_after_gate_recheck,21.566559007624164,5.810900998767465,0.0,39.517178855468835
truth,unrelated,0.0,51,1,EXECUTE,published_after_gate_recheck,21.499805996427312,5.851901980349794,0.0,39.517178855468835
truth,unrelated,0.0,52,1,EXECUTE,published_after_gate_recheck,21.662311017280445,5.840400990564376,0.0,39.517178855468835
truth,unrelated,0.0,53,1,EXECUTE,published_after_gate_recheck,21.672061004210263,5.92015398433432,0.0,39.517178855468835
truth,unrelated,0.0,54,1,EXECUTE,published_after_gate_recheck,21.58880900242366,5.8211510186083615,0.0,39.517178855468835
truth,unrelated,0.0,55,1,EXECUTE,published_after_gate_recheck,21.448555024107918,5.870152002898976,0.0,39.517178855468835
truth,unrelated,0.0,56,1,EXECUTE,published_after_gate_recheck,21.453555003972724,5.823401006637141,0.0,39.517178855468835
truth,unrelated,0.0,57,1,EXECUTE,published_after_gate_recheck,21.75056401756592,5.942654010141268,0.0,39.517178855468835
truth,unrelated,0.0,58,1,EXECUTE,published_after_gate_recheck,21.99581899913028,5.903151992242783,0.0,39.517178855468835
truth,unrelated,0.0,59,1,EXECUTE,published_after_gate_recheck,21.627559995977208,5.859402008354664,0.0,39.517178855468835
truth,unrelated,0.0,60,1,EXECUTE,published_after_gate_recheck,21.48380599101074,5.798900005174801,0.0,39.517178855468835
truth,unrelated,0.0,61,1,EXECUTE,published_after_gate_recheck,21.474306005984545,5.823399988003075,0.0,39.517178855468835
truth,unrelated,0.0,62,1,EXECUTE,published_after_gate_recheck,21.935817989287898,5.8794019860215485,0.0,39.517178855468835
truth,unrelated,0.0,63,1,EXECUTE,published_after_gate_recheck,21.756062982603908,5.931654013693333,0.0,39.517178855468835
truth,unrelated,0.0,64,1,EXECUTE,published_after_gate_recheck,21.415803988929838,5.784149980172515,0.0,39.517178855468835
truth,unrelated,0.0,65,1,EXECUTE,published_after_gate_recheck,21.489556995220482,5.830651003634557,0.0,39.517178855468835
truth,unrelated,0.0,66,1,EXECUTE,published_after_gate_recheck,21.743563003838062,5.8656519977375865,0.0,39.517178855468835
truth,unrelated,0.0,67,1,EXECUTE,published_after_gate_recheck,21.51805700850673,5.772899981820956,0.0,39.517178855468835
truth,unrelated,0.0,68,1,EXECUTE,published_after_gate_recheck,21.999819000484422,6.099157995777205,0.0,39.517178855468835
truth,unrelated,0.0,69,1,EXECUTE,published_after_gate_recheck,351.9856130005792,6.440917000873014,0.0,39.517178855468835
truth,unrelated,0.0,70,1,EXECUTE,published_after_gate_recheck,21.92156799719669,5.918902985285968,0.0,39.517178855468835
truth,unrelated,0.0,71,1,EXECUTE,published_after_gate_recheck,21.732313005486503,5.8624020020943135,0.0,39.517178855468835
truth,unrelated,0.0,72,1,EXECUTE,published_after_gate_recheck,21.60705899586901,5.93340300838463,0.0,39.517178855468835
truth,unrelated,0.0,73,1,EXECUTE,published_after_gate_recheck,21.591558994259685,5.775649013230577,0.0,39.517178855468835
truth,unrelated,0.0,74,1,EXECUTE,published_after_gate_recheck,21.86856701155193,6.063656997866929,0.0,39.517178855468835
truth,unrelated,0.0,75,1,EXECUTE,published_after_gate_recheck,21.52855700114742,5.83990101586096,0.0,39.517178855468835
truth,unrelated,0.0,76,1,EXECUTE,published_after_gate_recheck,21.444554993649945,5.852151021827012,0.0,39.517178855468835
truth,unrelated,0.0,77,1,EXECUTE,published_after_gate_recheck,21.475305984495208,5.811650975374505,0.0,39.517178855468835
truth,unrelated,0.0,78,1,EXECUTE,published_after_gate_recheck,21.770063001895323,5.907903017941862,0.0,39.517178855468835
truth,unrelated,0.0,79,1,EXECUTE,published_after_gate_recheck,21.574309008428827,5.8139000029768795,0.0,39.517178855468835
truth,unrelated,0.0,80,1,EXECUTE,published_after_gate_recheck,21.46555599756539,5.8236510085407645,0.0,39.517178855468835
truth,unrelated,0.0,81,1,EXECUTE,published_after_gate_recheck,21.529806981561705,5.800649989396334,0.0,39.517178855468835
truth,unrelated,0.0,82,1,EXECUTE,published_after_gate_recheck,21.47705599782057,5.764648987678811,0.0,39.517178855468835
truth,unrelated,0.0,83,1,EXECUTE,published_after_gate_recheck,21.624310000333935,5.8356510126031935,0.0,39.517178855468835
truth,unrelated,0.0,84,1,EXECUTE,published_after_gate_recheck,21.5673080238048,5.801901017548516,0.0,39.517178855468835
truth,unrelated,0.0,85,1,EXECUTE,published_after_gate_recheck,21.489306003786623,5.832150985952467,0.0,39.517178855468835
truth,unrelated,0.0,86,1,EXECUTE,published_after_gate_recheck,21.485806995769963,5.751399003202096,0.0,39.517178855468835
truth,unrelated,0.0,87,1,EXECUTE,published_after_gate_recheck,21.664560976205394,5.950904014753178,0.0,39.517178855468835
truth,unrelated,0.0,88,1,EXECUTE,published_after_gate_recheck,21.608559996820986,5.8769019960891455,0.0,39.517178855468835
truth,unrelated,0.0,89,1,EXECUTE,published_after_gate_recheck,21.55830798437819,5.850151006598026,0.0,39.517178855468835
truth,unrelated,0.0,90,1,EXECUTE,published_after_gate_recheck,21.591558994259685,5.858151998836547,0.0,39.517178855468835
truth,unrelated,0.0,91,1,EXECUTE,published_after_gate_recheck,21.55530799063854,5.862652003997937,0.0,39.517178855468835
truth,unrelated,0.0,92,1,EXECUTE,published_after_gate_recheck,21.767313999589533,5.8154000143986195,0.0,39.517178855468835
truth,unrelated,0.0,93,1,EXECUTE,published_after_gate_recheck,21.820564987137914,5.852401023730636,0.0,39.517178855468835
truth,unrelated,0.0,94,1,EXECUTE,published_after_gate_recheck,21.69281101669185,5.838651006342843,0.0,39.517178855468835
truth,unrelated,0.0,95,1,EXECUTE,published_after_gate_recheck,21.55080801458098,5.923152988543734,0.0,39.517178855468835
truth,unrelated,0.0,96,1,EXECUTE,published_after_gate_recheck,21.820564987137914,6.057407008484006,0.0,39.517178855468835
truth,unrelated,0.0,97,1,EXECUTE,published_after_gate_recheck,21.682560996850953,5.909152998356149,0.0,39.517178855468835
truth,unrelated,0.0,98,1,EXECUTE,published_after_gate_recheck,21.558558015385643,5.80114999320358,0.0,39.517178855468835
truth,unrelated,0.0,99,1,EXECUTE,published_after_gate_recheck,21.553558006417006,5.8251510199625045,0.0,39.517178855468835
global,related_same,0.0,0,1,EXECUTE,published_after_gate_recheck,21.62081000278704,5.848400993272662,0.0,45.58501609046963
global,related_same,0.0,1,1,EXECUTE,published_after_gate_recheck,22.38358001341112,5.941654002526775,0.0,45.58501609046963
global,related_same,0.0,2,1,EXECUTE,published_after_gate_recheck,21.588559000520036,5.782399995950982,0.0,45.58501609046963
global,related_same,0.0,3,1,EXECUTE,published_after_gate_recheck,21.504057018319145,5.8544019993860275,0.0,45.58501609046963
global,related_same,0.0,4,1,EXECUTE,published_after_gate_recheck,21.507806988665834,5.805399996461347,0.0,45.58501609046963
global,related_same,0.0,5,1,EXECUTE,published_after_gate_recheck,21.613559016259387,5.859151016920805,0.0,45.58501609046963
global,related_same,0.0,6,1,EXECUTE,published_after_gate_recheck,21.631059993524104,5.855901981703937,0.0,45.58501609046963
global,related_same,0.0,7,1,EXECUTE,published_after_gate_recheck,21.478056005435064,5.816400982439518,0.0,45.58501609046963
global,related_same,0.0,8,1,EXECUTE,published_after_gate_recheck,21.47705599782057,5.793399992398918,0.0,45.58501609046963
global,related_same,0.0,9,1,EXECUTE,published_after_gate_recheck,21.68256201548502,5.753147997893393,0.0,45.58501609046963
global,related_same,0.0,10,1,EXECUTE,published_after_gate_recheck,21.459554991452023,5.776150006568059,0.0,45.58501609046963
global,related_same,0.0,11,1,EXECUTE,published_after_gate_recheck,21.667811000952497,5.843401013407856,0.0,45.58501609046963
global,related_same,0.0,12,1,EXECUTE,published_after_gate_recheck,21.501807001186535,5.840900994371623,0.0,45.58501609046963
global,related_same,0.0,13,1,EXECUTE,published_after_gate_recheck,21.550558012677357,5.785649991594255,0.0,45.58501609046963
global,related_same,0.0,14,1,EXECUTE,published_after_gate_recheck,21.456806018250063,5.821400991408154,0.0,45.58501609046963
global,related_same,0.0,15,1,EXECUTE,published_after_gate_recheck,21.65405999403447,5.89040300110355,0.0,45.58501609046963
global,related_same,0.0,16,1,EXECUTE,published_after_gate_recheck,21.465055993758142,5.816151009639725,0.0,45.58501609046963
global,related_same,0.0,17,1,EXECUTE,published_after_gate_recheck,21.47780600353144,5.766900023445487,0.0,45.58501609046963
global,related_same,0.0,18,1,EXECUTE,published_after_gate_recheck,21.511556988116354,5.83165098214522,0.0,45.58501609046963
global,related_same,0.0,19,1,EXECUTE,published_after_gate_recheck,21.693062008125708,5.814150004880503,0.0,45.58501609046963
global,related_same,0.0,20,1,EXECUTE,published_after_gate_recheck,21.648560999892652,5.816899996716529,0.0,45.58501609046963
global,related_same,0.0,21,1,EXECUTE,published_after_gate_recheck,21.5078059991356,5.782899999758229,0.0,45.58501609046963
global,related_same,0.0,22,1,EXECUTE,published_after_gate_recheck,21.677310985978693,5.880651995539665,0.0,45.58501609046963
global,related_same,0.0,23,1,EXECUTE,published_after_gate_recheck,22.239575977437198,6.070657022064552,0.0,45.58501609046963
global,related_same,0.0,24,1,EXECUTE,published_after_gate_recheck,21.928567992290482,6.124409002950415,0.0,45.58501609046963
global,related_same,0.0,25,1,EXECUTE,published_after_gate_recheck,21.71206200728193,5.840400990564376,0.0,45.58501609046963
global,related_same,0.0,26,1,EXECUTE,published_after_gate_recheck,21.48755599046126,5.826900975080207,0.0,45.58501609046963
global,related_same,0.0,27,1,EXECUTE,published_after_gate_recheck,21.535308012971655,5.799400008982047,0.0,45.58501609046963
global,related_same,0.0,28,1,EXECUTE,published_after_gate_recheck,21.514057007152587,5.821899976581335,0.0,45.58501609046963
global,related_same,0.0,29,1,EXECUTE,published_after_gate_recheck,21.59105899045244,5.818400997668505,0.0,45.58501609046963
global,related_same,0.0,30,1,EXECUTE,published_after_gate_recheck,21.48680598475039,5.8396510139573365,0.0,45.58501609046963
global,related_same,0.0,31,1,EXECUTE,published_after_gate_recheck,21.543808019487187,5.829650996020064,0.0,45.58501609046963
global,related_same,0.0,32,1,EXECUTE,published_after_gate_recheck,21.53730799909681,5.819150013849139,0.0,45.58501609046963
global,related_same,0.0,33,1,EXECUTE,published_after_gate_recheck,21.640060003846884,5.798400001367554,0.0,45.58501609046963
global,related_same,0.0,34,1,EXECUTE,published_after_gate_recheck,21.592308999970555,5.877902003703639,0.0,45.58501609046963
global,related_same,0.0,35,1,EXECUTE,published_after_gate_recheck,21.46780598559417,5.785399989690632,0.0,45.58501609046963
global,related_same,0.0,36,1,EXECUTE,published_after_gate_recheck,21.489556005690247,5.768648989032954,0.0,45.58501609046963
global,related_same,0.0,37,1,EXECUTE,published_after_gate_recheck,21.693562011932954,5.846900981850922,0.0,45.58501609046963
global,related_same,0.0,38,1,EXECUTE,published_after_gate_recheck,21.869315998628736,5.879652017029002,0.0,45.58501609046963
global,related_same,0.0,39,1,EXECUTE,published_after_gate_recheck,21.67906198883429,5.860150995431468,0.0,45.58501609046963
global,related_same,0.0,40,1,EXECUTE,published_after_gate_recheck,22.161824017530307,5.858151998836547,0.0,45.58501609046963
global,related_same,0.0,41,1,EXECUTE,published_after_gate_recheck,21.54705798602663,5.8146500086877495,0.0,45.58501609046963
global,related_same,0.0,42,1,EXECUTE,published_after_gate_recheck,21.61180999246426,5.8309010055381805,0.0,45.58501609046963
global,related_same,0.0,43,1,EXECUTE,published_after_gate_recheck,21.692311012884602,5.841651000082493,0.0,45.58501609046963
global,related_same,0.0,44,1,EXECUTE,published_after_gate_recheck,21.512306993827224,5.787148984381929,0.0,45.58501609046963
global,related_same,0.0,45,1,EXECUTE,published_after_gate_recheck,21.5205580170732,5.83840100443922,0.0,45.58501609046963
global,related_same,0.0,46,1,EXECUTE,published_after_gate_recheck,21.50555601110682,5.804650019854307,0.0,45.58501609046963
global,related_same,0.0,47,1,EXECUTE,published_after_gate_recheck,21.534057013923302,5.882902012672275,0.0,45.58501609046963
global,related_same,0.0,48,1,EXECUTE,published_after_gate_recheck,21.566058014286682,5.798400001367554,0.0,45.58501609046963
global,related_same,0.0,49,1,EXECUTE,published_after_gate_recheck,21.46330600953661,5.794899974716827,0.0,45.58501609046963
global,related_same,0.0,50,1,EXECUTE,published_after_gate_recheck,21.64831099798903,5.851650988915935,0.0,45.58501609046963
global,related_same,0.0,51,1,EXECUTE,published_after_gate_recheck,21.542058006161824,5.822400999022648,0.0,45.58501609046963
global,related_same,0.0,52,1,EXECUTE,published_after_gate_recheck,21.583808993455023,5.801399995107204,0.0,45.58501609046963
global,related_same,0.0,53,1,EXECUTE,published_after_gate_recheck,21.47555598639883,5.823400977533311,0.0,45.58501609046963
global,related_same,0.0,54,1,EXECUTE,published_after_gate_recheck,21.57905901549384,5.777648999355733,0.0,45.58501609046963
global,related_same,0.0,55,1,EXECUTE,published_after_gate_recheck,21.59805898554623,5.939654016401619,0.0,45.58501609046963
global,related_same,0.0,56,1,EXECUTE,published_after_gate_recheck,21.62330999271944,5.808899994008243,0.0,45.58501609046963
global,related_same,0.0,57,1,EXECUTE,published_after_gate_recheck,21.72006299952045,5.848902015713975,0.0,45.58501609046963
global,related_same,0.0,58,1,EXECUTE,published_after_gate_recheck,21.47630602121353,5.770400020992383,0.0,45.58501609046963
global,related_same,0.0,59,1,EXECUTE,published_after_gate_recheck,21.581307984888554,5.85465197218582,0.0,45.58501609046963
global,related_same,0.0,60,1,EXECUTE,published_after_gate_recheck,21.611308999126777,5.813401017803699,0.0,45.58501609046963
global,related_same,0.0,61,1,EXECUTE,published_after_gate_recheck,21.605058980640024,5.814400006784126,0.0,45.58501609046963
global,related_same,0.0,62,1,EXECUTE,published_after_gate_recheck,21.573559002717957,5.903402983676642,0.0,45.58501609046963
global,related_same,0.0,63,1,EXECUTE,published_after_gate_recheck,21.56655801809393,5.848150991369039,0.0,45.58501609046963
global,related_same,0.0,64,1,EXECUTE,published_after_gate_recheck,21.626559988362715,5.820900987600908,0.0,45.58501609046963
global,related_same,0.0,65,1,EXECUTE,published_after_gate_recheck,21.53230700059794,5.784650013083592,0.0,45.58501609046963
global,related_same,0.0,66,1,EXECUTE,published_after_gate_recheck,21.62705999216996,5.853151989867911,0.0,45.58501609046963
global,related_same,0.0,67,1,EXECUTE,published_after_gate_recheck,21.436304989038035,5.769899988081306,0.0,45.58501609046963
global,related_same,0.0,68,1,EXECUTE,published_after_gate_recheck,21.42905499204062,5.822900013299659,0.0,45.58501609046963
global,related_same,0.0,69,1,EXECUTE,published_after_gate_recheck,21.584558999165893,5.801399995107204,0.0,45.58501609046963
global,related_same,0.0,70,1,EXECUTE,published_after_gate_recheck,21.58505900297314,5.913403001613915,0.0,45.58501609046963
global,related_same,0.0,71,1,EXECUTE,published_after_gate_recheck,21.511056984309107,5.780649982625619,0.0,45.58501609046963
global,related_same,0.0,72,1,EXECUTE,published_after_gate_recheck,21.4993069821503,5.83840100443922,0.0,45.58501609046963
global,related_same,0.0,73,1,EXECUTE,published_after_gate_recheck,21.587808994809166,5.777150014182553,0.0,45.58501609046963
global,related_same,0.0,74,1,EXECUTE,published_after_gate_recheck,21.510307007702067,5.786149005871266,0.0,45.58501609046963
global,related_same,0.0,75,1,EXECUTE,published_after_gate_recheck,21.71581197762862,5.792150011984631,0.0,45.58501609046963
global,related_same,0.0,76,1,EXECUTE,published_after_gate_recheck,21.472805994562805,5.77514900942333,0.0,45.58501609046963
global,related_same,0.0,77,1,EXECUTE,published_after_gate_recheck,21.57230899319984,5.871402012417093,0.0,45.58501609046963
global,related_same,0.0,78,1,EXECUTE,published_after_gate_recheck,21.64280999568291,5.897152004763484,0.0,45.58501609046963
global,related_same,0.0,79,1,EXECUTE,published_after_gate_recheck,22.89509298861958,6.17490999866277,0.0,45.58501609046963
global,related_same,0.0,80,1,EXECUTE,published_after_gate_recheck,21.56405901769176,5.82940099411644,0.0,45.58501609046963
global,related_same,0.0,81,1,EXECUTE,published_after_gate_recheck,21.494806016562507,5.797400022856891,0.0,45.58501609046963
global,related_same,0.0,82,1,EXECUTE,published_after_gate_recheck,21.627559995977208,5.877152987523004,0.0,45.58501609046963
global,related_same,0.0,83,1,EXECUTE,published_after_gate_recheck,21.829064993653446,5.931404011789709,0.0,45.58501609046963
global,related_same,0.0,84,1,EXECUTE,published_after_gate_recheck,21.87381699332036,5.991904996335506,0.0,45.58501609046963
global,related_same,0.0,85,1,EXECUTE,published_after_gate_recheck,21.59580899751745,5.789150018244982,0.0,45.58501609046963
global,related_same,0.0,86,1,EXECUTE,published_after_gate_recheck,21.50230700499378,5.85615198360756,0.0,45.58501609046963
global,related_same,0.0,87,1,EXECUTE,published_after_gate_recheck,21.707812004024163,5.983404989819974,0.0,45.58501609046963
global,related_same,0.0,88,1,EXECUTE,published_after_gate_recheck,21.605308982543647,5.842901999130845,0.0,45.58501609046963
global,related_same,0.0,89,1,EXECUTE,published_after_gate_recheck,22.062571020796895,5.904153018491343,0.0,45.58501609046963
global,related_same,0.0,90,1,EXECUTE,published_after_gate_recheck,21.704312006477267,5.822651000926271,0.0,45.58501609046963
global,related_same,0.0,91,1,EXECUTE,published_after_gate_recheck,21.49555698269978,5.780650011729449,0.0,45.58501609046963
global,related_same,0.0,92,1,EXECUTE,published_after_gate_recheck,21.881316002691165,5.92615400091745,0.0,45.58501609046963
global,related_same,0.0,93,1,EXECUTE,published_after_gate_recheck,21.8098149925936,5.83390099927783,0.0,45.58501609046963
global,related_same,0.0,94,1,EXECUTE,published_after_gate_recheck,21.49230701616034,5.8236510085407645,0.0,45.58501609046963
global,related_same,0.0,95,1,EXECUTE,published_after_gate_recheck,21.485806006239727,5.767399008618668,0.0,45.58501609046963
global,related_same,0.0,96,1,EXECUTE,published_after_gate_recheck,21.49055598420091,5.803899985039607,0.0,45.58501609046963
global,related_same,0.0,97,1,EXECUTE,published_after_gate_recheck,21.603558998322114,5.779150000307709,0.0,45.58501609046963
global,related_same,0.0,98,1,EXECUTE,published_after_gate_recheck,21.537807973800227,5.811149982037023,0.0,45.58501609046963
global,related_same,0.0,99,1,EXECUTE,published_after_gate_recheck,21.471554995514452,5.774150020442903,0.0,45.58501609046963
readset,related_same,0.0,0,1,EXECUTE,published_after_gate_recheck,21.64430997800082,5.862151010660455,0.0,45.47739414503395
readset,related_same,0.0,1,1,EXECUTE,published_after_gate_recheck,21.592558972770348,5.887652980163693,0.0,45.47739414503395
readset,related_same,0.0,2,1,EXECUTE,published_after_gate_recheck,21.798814996145666,5.848900997079909,0.0,45.47739414503395
readset,related_same,0.0,3,1,EXECUTE,published_after_gate_recheck,22.384829993825406,6.0014050104655325,0.0,45.47739414503395
readset,related_same,0.0,4,1,EXECUTE,published_after_gate_recheck,21.642560022883117,5.8866519830189645,0.0,45.47739414503395
readset,related_same,0.0,5,1,EXECUTE,published_after_gate_recheck,21.91406799829565,5.886401981115341,0.0,45.47739414503395
readset,related_same,0.0,6,1,EXECUTE,published_after_gate_recheck,21.661811013473198,5.945154000073671,0.0,45.47739414503395
readset,related_same,0.0,7,1,EXECUTE,published_after_gate_recheck,21.674560994142666,5.8906519843731076,0.0,45.47739414503395
readset,related_same,0.0,8,1,EXECUTE,published_after_gate_recheck,21.73206300358288,5.919154005823657,0.0,45.47739414503395
readset,related_same,0.0,9,1,EXECUTE,published_after_gate_recheck,21.516056993277743,5.828400986501947,0.0,45.47739414503395
readset,related_same,0.0,10,1,EXECUTE,published_after_gate_recheck,21.63231000304222,5.892401997698471,0.0,45.47739414503395
readset,related_same,0.0,11,1,EXECUTE,published_after_gate_recheck,21.647560002747923,5.864652019226924,0.0,45.47739414503395
readset,related_same,0.0,12,1,EXECUTE,published_after_gate_recheck,21.801064984174445,5.950653983745724,0.0,45.47739414503395
readset,related_same,0.0,13,1,EXECUTE,published_after_gate_recheck,22.27832598146051,5.852902017068118,0.0,45.47739414503395
readset,related_same,0.0,14,1,EXECUTE,published_after_gate_recheck,21.857315994566306,5.941153998719528,0.0,45.47739414503395
readset,related_same,0.0,15,1,EXECUTE,published_after_gate_recheck,21.75156300654635,5.88965299539268,0.0,45.47739414503395
readset,related_same,0.0,16,1,EXECUTE,published_after_gate_recheck,21.656561002600938,5.901402997551486,0.0,45.47739414503395
readset,related_same,0.0,17,1,EXECUTE,published_after_gate_recheck,22.064321005018428,5.881151999346912,0.0,45.47739414503395
readset,related_same,0.0,18,1,EXECUTE,published_after_gate_recheck,21.736813010647893,6.004155002301559,0.0,45.47739414503395
readset,related_same,0.0,19,1,EXECUTE,published_after_gate_recheck,21.640810009557754,5.92090399004519,0.0,45.47739414503395
readset,related_same,0.0,20,1,EXECUTE,published_after_gate_recheck,22.23882600083016,6.268913013627753,0.0,45.47739414503395
readset,related_same,0.0,21,1,EXECUTE,published_after_gate_recheck,22.508833004394546,5.998656008159742,0.0,45.47739414503395
readset,related_same,0.0,22,1,EXECUTE,published_after_gate_recheck,21.54555800370872,5.8154000143986195,0.0,45.47739414503395
readset,related_same,0.0,23,1,EXECUTE,published_after_gate_recheck,21.533557010116056,5.918153008678928,0.0,45.47739414503395
readset,related_same,0.0,24,1,EXECUTE,published_after_gate_recheck,21.699560980778188,5.8511509851086885,0.0,45.47739414503395
readset,related_same,0.0,25,1,EXECUTE,published_after_gate_recheck,21.58130900352262,5.898651987081394,0.0,45.47739414503395
readset,related_same,0.0,26,1,EXECUTE,published_after_gate_recheck,21.490557002834976,5.81015000352636,0.0,45.47739414503395
readset,related_same,0.0,27,1,EXECUTE,published_after_gate_recheck,21.49205599562265,5.841901001986116,0.0,45.47739414503395
readset,related_same,0.0,28,1,EXECUTE,published_after_gate_recheck,21.743563003838062,5.861401004949585,0.0,45.47739414503395
readset,related_same,0.0,29,1,EXECUTE,published_after_gate_recheck,22.00907000224106,5.993906001094729,0.0,45.47739414503395
readset,related_same,0.0,30,1,EXECUTE,published_after_gate_recheck,21.623560023726895,5.818400997668505,0.0,45.47739414503395
readset,related_same,0.0,31,1,EXECUTE,published_after_gate_recheck,21.554807986831293,5.917403002968058,0.0,45.47739414503395
readset,related_same,0.0,32,1,EXECUTE,published_after_gate_recheck,21.819065004820004,6.063406995963305,0.0,45.47739414503395
readset,related_same,0.0,33,1,EXECUTE,published_after_gate_recheck,21.57505799550563,5.846651009051129,0.0,45.47739414503395
readset,related_same,0.0,34,1,EXECUTE,published_after_gate_recheck,21.768063015770167,5.879151984117925,0.0,45.47739414503395
readset,related_same,0.0,35,1,EXECUTE,published_after_gate_recheck,21.604059991659597,5.871402012417093,0.0,45.47739414503395
readset,related_same,0.0,36,1,EXECUTE,published_after_gate_recheck,21.639560000039637,5.850902001839131,0.0,45.47739414503395
readset,related_same,0.0,37,1,EXECUTE,published_after_gate_recheck,21.67331098462455,5.894403002457693,0.0,45.47739414503395
readset,related_same,0.0,38,1,EXECUTE,published_after_gate_recheck,21.66281102108769,5.916403024457395,0.0,45.47739414503395
readset,related_same,0.0,39,1,EXECUTE,published_after_gate_recheck,21.54405799228698,5.8631520078051835,0.0,45.47739414503395
readset,related_same,0.0,40,1,EXECUTE,published_after_gate_recheck,21.6763109783642,5.860150995431468,0.0,45.47739414503395
readset,related_same,0.0,41,1,EXECUTE,published_after_gate_recheck,21.681311016436666,5.860400997335091,0.0,45.47739414503395
readset,related_same,0.0,42,1,EXECUTE,published_after_gate_recheck,21.492555999429896,5.818400997668505,0.0,45.47739414503395
readset,related_same,0.0,43,1,EXECUTE,published_after_gate_recheck,21.58580900868401,5.8591509878169745,0.0,45.47739414503395
readset,related_same,0.0,44,1,EXECUTE,published_after_gate_recheck,21.47855598013848,5.805150984087959,0.0,45.47739414503395
readset,related_same,0.0,45,1,EXECUTE,published_after_gate_recheck,21.533307997742668,5.792649986688048,0.0,45.47739414503395
readset,related_same,0.0,46,1,EXECUTE,published_after_gate_recheck,21.625810011755675,5.88815298397094,0.0,45.47739414503395
readset,related_same,0.0,47,1,EXECUTE,published_after_gate_recheck,21.66480998857878,5.920152994804084,0.0,45.47739414503395
readset,related_same,0.0,48,1,EXECUTE,published_after_gate_recheck,21.6048089787364,5.890152009669691,0.0,45.47739414503395
readset,related_same,0.0,49,1,EXECUTE,published_after_gate_recheck,21.548307995544747,5.820151010993868,0.0,45.47739414503395
readset,related_same,0.0,50,1,EXECUTE,published_after_gate_recheck,21.417053998447955,5.811901006381959,0.0,45.47739414503395
readset,related_same,0.0,51,1,EXECUTE,published_after_gate_recheck,21.69281101669185,5.829901027027518,0.0,45.47739414503395
readset,related_same,0.0,52,1,EXECUTE,published_after_gate_recheck,21.57080901088193,5.898902018088847,0.0,45.47739414503395
readset,related_same,0.0,53,1,EXECUTE,published_after_gate_recheck,21.614808996673673,5.8341510011814535,0.0,45.47739414503395
readset,related_same,0.0,54,1,EXECUTE,published_after_gate_recheck,21.529057004954666,5.859901022631675,0.0,45.47739414503395
readset,related_same,0.0,55,1,EXECUTE,published_after_gate_recheck,21.685060986783355,5.876652023289353,0.0,45.47739414503395
readset,related_same,0.0,56,1,EXECUTE,published_after_gate_recheck,21.57380900462158,5.8971529942937195,0.0,45.47739414503395
readset,related_same,0.0,57,1,EXECUTE,published_after_gate_recheck,21.557058003963903,5.843150982400402,0.0,45.47739414503395
readset,related_same,0.0,58,1,EXECUTE,published_after_gate_recheck,21.552557998802513,5.912402993999422,0.0,45.47739414503395
readset,related_same,0.0,59,1,EXECUTE,published_after_gate_recheck,21.666060987627134,5.884401994990185,0.0,45.47739414503395
readset,related_same,0.0,60,1,EXECUTE,published_after_gate_recheck,22.079821006627753,5.909152998356149,0.0,45.47739414503395
readset,related_same,0.0,61,1,EXECUTE,published_after_gate_recheck,21.6490610036999,5.883652018383145,0.0,45.47739414503395
readset,related_same,0.0,62,1,EXECUTE,published_after_gate_recheck,21.586309012491256,5.880651995539665,0.0,45.47739414503395
readset,related_same,0.0,63,1,EXECUTE,published_after_gate_recheck,21.72731200698763,5.9341530140955,0.0,45.47739414503395
readset,related_same,0.0,64,1,EXECUTE,published_after_gate_recheck,21.69431099900976,5.997154978103936,0.0,45.47739414503395
readset,related_same,0.0,65,1,EXECUTE,published_after_gate_recheck,21.557058003963903,5.8446509938221425,0.0,45.47739414503395
readset,related_same,0.0,66,1,EXECUTE,published_after_gate_recheck,21.79956398322247,5.886402010219172,0.0,45.47739414503395
readset,related_same,0.0,67,1,EXECUTE,published_after_gate_recheck,21.424305014079437,5.790399998659268,0.0,45.47739414503395
readset,related_same,0.0,68,1,EXECUTE,published_after_gate_recheck,21.437805000459775,5.85615198360756,0.0,45.47739414503395
readset,related_same,0.0,69,1,EXECUTE,published_after_gate_recheck,21.588308998616412,5.848901986610144,0.0,45.47739414503395
readset,related_same,0.0,70,1,EXECUTE,published_after_gate_recheck,21.820814989041537,6.07765800668858,0.0,45.47739414503395
readset,related_same,0.0,71,1,EXECUTE,published_after_gate_recheck,21.47105601034127,5.839650984853506,0.0,45.47739414503395
readset,related_same,0.0,72,1,EXECUTE,published_after_gate_recheck,21.574557991698384,5.824651016155258,0.0,45.47739414503395
readset,related_same,0.0,73,1,EXECUTE,published_after_gate_recheck,21.740812982898206,5.83840100443922,0.0,45.47739414503395
readset,related_same,0.0,74,1,EXECUTE,published_after_gate_recheck,21.77756401943043,5.839150981046259,0.0,45.47739414503395
readset,related_same,0.0,75,1,EXECUTE,published_after_gate_recheck,21.79681501002051,5.899902986129746,0.0,45.47739414503395
readset,related_same,0.0,76,1,EXECUTE,published_after_gate_recheck,21.628310001688078,5.887653009267524,0.0,45.47739414503395
readset,related_same,0.0,77,1,EXECUTE,published_after_gate_recheck,21.53655802248977,5.862652003997937,0.0,45.47739414503395
readset,related_same,0.0,78,1,EXECUTE,published_after_gate_recheck,21.79056400200352,5.858650984009728,0.0,45.47739414503395
readset,related_same,0.0,79,1,EXECUTE,published_after_gate_recheck,21.593308978481218,5.826651002280414,0.0,45.47739414503395
readset,related_same,0.0,80,1,EXECUTE,published_after_gate_recheck,21.5060570044443,5.8099000016227365,0.0,45.47739414503395
readset,related_same,0.0,81,1,EXECUTE,published_after_gate_recheck,21.498306014109403,5.86665200535208,0.0,45.47739414503395
readset,related_same,0.0,82,1,EXECUTE,published_after_gate_recheck,21.57380900462158,5.8356510126031935,0.0,45.47739414503395
readset,related_same,0.0,83,1,EXECUTE,published_after_gate_recheck,21.452055021654814,5.832150985952467,0.0,45.47739414503395
readset,related_same,0.0,84,1,EXECUTE,published_after_gate_recheck,21.663310995791107,5.864651990123093,0.0,45.47739414503395
readset,related_same,0.0,85,1,EXECUTE,published_after_gate_recheck,21.70231199124828,5.8779019745998085,0.0,45.47739414503395
readset,related_same,0.0,86,1,EXECUTE,published_after_gate_recheck,21.594309015199542,5.8851529902312905,0.0,45.47739414503395
readset,related_same,0.0,87,1,EXECUTE,published_after_gate_recheck,21.555059007368982,5.944403994362801,0.0,45.47739414503395
readset,related_same,0.0,88,1,EXECUTE,published_after_gate_recheck,21.626308996928856,5.823900981340557,0.0,45.47739414503395
readset,related_same,0.0,89,1,EXECUTE,published_after_gate_recheck,21.59480901900679,5.903902987483889,0.0,45.47739414503395
readset,related_same,0.0,90,1,EXECUTE,published_after_gate_recheck,21.60855897818692,5.8309010055381805,0.0,45.47739414503395
readset,related_same,0.0,91,1,EXECUTE,published_after_gate_recheck,21.4405549922958,5.824400985147804,0.0,45.47739414503395
readset,related_same,0.0,92,1,EXECUTE,published_after_gate_recheck,21.663060993887484,5.851652007550001,0.0,45.47739414503395
readset,related_same,0.0,93,1,EXECUTE,published_after_gate_recheck,21.654559997841716,5.940404022112489,0.0,45.47739414503395
readset,related_same,0.0,94,1,EXECUTE,published_after_gate_recheck,21.615060017211363,5.8704020048025995,0.0,45.47739414503395
readset,related_same,0.0,95,1,EXECUTE,published_after_gate_recheck,21.499307011254132,5.857901996932924,0.0,45.47739414503395
readset,related_same,0.0,96,1,EXECUTE,published_after_gate_recheck,21.561807981925085,5.871151981409639,0.0,45.47739414503395
readset,related_same,0.0,97,1,EXECUTE,published_after_gate_recheck,21.630559989716858,5.88890298968181,0.0,45.47739414503395
readset,related_same,0.0,98,1,EXECUTE,published_after_gate_recheck,21.69556199805811,5.8761519903782755,0.0,45.47739414503395
readset,related_same,0.0,99,1,EXECUTE,published_after_gate_recheck,22.333578002871946,6.020655011525378,0.0,45.47739414503395
truth,related_same,0.0,0,1,EXECUTE,published_after_gate_recheck,21.60656001069583,5.922153010033071,0.0,45.406553430767495
truth,related_same,0.0,1,1,EXECUTE,published_after_gate_recheck,21.55805900110863,5.879402015125379,0.0,45.406553430767495
truth,related_same,0.0,2,1,EXECUTE,published_after_gate_recheck,21.535806998144835,5.831901013152674,0.0,45.406553430767495
truth,related_same,0.0,3,1,EXECUTE,published_after_gate_recheck,21.4108039799612,5.791150004370138,0.0,45.406553430767495
truth,related_same,0.0,4,1,EXECUTE,published_after_gate_recheck,21.504306991118938,5.791150004370138,0.0,45.406553430767495
truth,related_same,0.0,5,1,EXECUTE,published_after_gate_recheck,21.65756101021543,5.825400003232062,0.0,45.406553430767495
truth,related_same,0.0,6,1,EXECUTE,published_after_gate_recheck,21.88881702022627,5.835402000229806,0.0,45.406553430767495
truth,related_same,0.0,7,1,EXECUTE,published_after_gate_recheck,21.696560987038538,5.8396510139573365,0.0,45.406553430767495
truth,related_same,0.0,8,1,EXECUTE,published_after_gate_recheck,21.440804994199425,5.777399986982346,0.0,45.406553430767495
truth,related_same,0.0,9,1,EXECUTE,published_after_gate_recheck,21.65480999974534,5.793899996206164,0.0,45.406553430767495
truth,related_same,0.0,10,1,EXECUTE,published_after_gate_recheck,21.54680699459277,5.863151978701353,0.0,45.406553430767495
truth,related_same,0.0,11,1,EXECUTE,published_after_gate_recheck,21.757312992122024,5.852400994626805,0.0,45.406553430767495
truth,related_same,0.0,12,1,EXECUTE,published_after_gate_recheck,21.669060981366783,5.954905005637556,0.0,45.406553430767495
truth,related_same,0.0,13,1,EXECUTE,published_after_gate_recheck,21.520556998439133,5.793149990495294,0.0,45.406553430767495
truth,related_same,0.0,14,1,EXECUTE,published_after_gate_recheck,21.99082000879571,6.107157998485491,0.0,45.406553430767495
truth,related_same,0.0,15,1,EXECUTE,published_after_gate_recheck,21.793313993839547,5.871651985216886,0.0,45.406553430767495
truth,related_same,0.0,16,1,EXECUTE,published_after_gate_recheck,21.644810010911897,5.8324010169599205,0.0,45.406553430767495
truth,related_same,0.0,17,1,EXECUTE,published_after_gate_recheck,21.619559993268922,5.815899989102036,0.0,45.406553430767495
truth,related_same,0.0,18,1,EXECUTE,published_after_gate_recheck,21.531806996790692,5.818901001475751,0.0,45.406553430767495
truth,related_same,0.0,19,1,EXECUTE,published_after_gate_recheck,21.61406000959687,5.79765098518692,0.0,45.406553430767495
truth,related_same,0.0,20,1,EXECUTE,published_after_gate_recheck,21.757562994025648,5.92815299751237,0.0,45.406553430767495
truth,related_same,0.0,21,1,EXECUTE,published_after_gate_recheck,21.489556995220482,5.771149008069187,0.0,45.406553430767495
truth,related_same,0.0,22,1,EXECUTE,published_after_gate_recheck,21.44030499039218,5.854902003193274,0.0,45.406553430767495
truth,related_same,0.0,23,1,EXECUTE,published_after_gate_recheck,21.93056800751947,6.021405977662653,0.0,45.406553430767495
truth,related_same,0.0,24,1,EXECUTE,published_after_gate_recheck,21.4533050020691,5.816400982439518,0.0,45.406553430767495
truth,related_same,0.0,25,1,EXECUTE,published_after_gate_recheck,22.049071005312726,5.9749039937742054,0.0,45.406553430767495
truth,related_same,0.0,26,1,EXECUTE,published_after_gate_recheck,21.49880598881282,5.844400991918519,0.0,45.406553430767495
truth,related_same,0.0,27,1,EXECUTE,published_after_gate_recheck,21.924818021943793,5.868651991477236,0.0,45.406553430767495
truth,related_same,0.0,28,1,EXECUTE,published_after_gate_recheck,21.73881299677305,5.8826530002988875,0.0,45.406553430767495
truth,related_same,0.0,29,1,EXECUTE,published_after_gate_recheck,21.996318973833695,6.065657013095915,0.0,45.406553430767495
truth,related_same,0.0,30,1,EXECUTE,published_after_gate_recheck,21.484805998625234,5.80189999891445,0.0,45.406553430767495
truth,related_same,0.0,31,1,EXECUTE,published_after_gate_recheck,21.53880798141472,5.831900984048843,0.0,45.406553430767495
truth,related_same,0.0,32,1,EXECUTE,published_after_gate_recheck,21.4830560144037,5.890152009669691,0.0,45.406553430767495
truth,related_same,0.0,33,1,EXECUTE,published_after_gate_recheck,21.496556990314275,5.791400006273761,0.0,45.406553430767495
truth,related_same,0.0,34,1,EXECUTE,published_after_gate_recheck,21.54080700711347,5.83390099927783,0.0,45.406553430767495
truth,related_same,0.0,35,1,EXECUTE,published_after_gate_recheck,21.48980600759387,5.783148983027786,0.0,45.406553430767495
truth,related_same,0.0,36,1,EXECUTE,published_after_gate_recheck,21.46630600327626,5.824151012348011,0.0,45.406553430767495
truth,related_same,0.0,37,1,EXECUTE,published_after_gate_recheck,21.571809018496424,5.798650003271177,0.0,45.406553430767495
truth,related_same,0.0,38,1,EXECUTE,published_after_gate_recheck,22.37732900539413,5.948403995716944,0.0,45.406553430767495
truth,related_same,0.0,39,1,EXECUTE,published_after_gate_recheck,21.5843090263661,5.818650999572128,0.0,45.406553430767495
truth,related_same,0.0,40,1,EXECUTE,published_after_gate_recheck,21.64456099853851,5.914652982028201,0.0,45.406553430767495
truth,related_same,0.0,41,1,EXECUTE,published_after_gate_recheck,21.528306999243796,5.762900022091344,0.0,45.406553430767495
truth,related_same,0.0,42,1,EXECUTE,published_after_gate_recheck,21.41930497600697,5.802150000818074,0.0,45.406553430767495
truth,related_same,0.0,43,1,EXECUTE,published_after_gate_recheck,21.690061985282227,5.83690099301748,0.0,45.406553430767495
truth,related_same,0.0,44,1,EXECUTE,published_after_gate_recheck,21.59505899180658,5.8866519830189645,0.0,45.406553430767495
truth,related_same,0.0,45,1,EXECUTE,published_after_gate_recheck,21.493806008948013,5.805400985991582,0.0,45.406553430767495
truth,related_same,0.0,46,1,EXECUTE,published_after_gate_recheck,21.788564015878364,5.983654991723597,0.0,45.406553430767495
truth,related_same,0.0,47,1,EXECUTE,published_after_gate_recheck,21.502057003090158,5.798649974167347,0.0,45.406553430767495
truth,related_same,0.0,48,1,EXECUTE,published_after_gate_recheck,21.60255899070762,5.859650991624221,0.0,45.406553430767495
truth,related_same,0.0,49,1,EXECUTE,published_after_gate_recheck,21.5545580140315,5.822651000926271,0.0,45.406553430767495
truth,related_same,0.0,50,1,EXECUTE,published_after_gate_recheck,22.248576016863808,6.05740598984994,0.0,45.406553430767495
truth,related_same,0.0,51,1,EXECUTE,published_after_gate_recheck,21.787313977256417,5.863651022082195,0.0,45.406553430767495
truth,related_same,0.0,52,1,EXECUTE,published_after_gate_recheck,22.196074976818636,6.064407003577799,0.0,45.406553430767495
truth,related_same,0.0,53,1,EXECUTE,published_after_gate_recheck,21.64981100941077,5.818900011945516,0.0,45.406553430767495
truth,related_same,0.0,54,1,EXECUTE,published_after_gate_recheck,21.551058016484603,5.853151989867911,0.0,45.406553430767495
truth,related_same,0.0,55,1,EXECUTE,published_after_gate_recheck,21.80681499885395,5.985655006952584,0.0,45.406553430767495
truth,related_same,0.0,56,1,EXECUTE,published_after_gate_recheck,21.50755701586604,5.846651009051129,0.0,45.406553430767495
truth,related_same,0.0,57,1,EXECUTE,published_after_gate_recheck,21.650809998391196,5.791150004370138,0.0,45.406553430767495
truth,related_same,0.0,58,1,EXECUTE,published_after_gate_recheck,21.540307003306225,5.8576519950293005,0.0,45.406553430767495
truth,related_same,0.0,59,1,EXECUTE,published_after_gate_recheck,21.544307994190603,5.80140101374127,0.0,45.406553430767495
truth,related_same,0.0,60,1,EXECUTE,published_after_gate_recheck,21.550558012677357,5.8681519876699895,0.0,45.406553430767495
truth,related_same,0.0,61,1,EXECUTE,published_after_gate_recheck,21.661561011569574,5.8631520078051835,0.0,45.406553430767495
truth,related_same,0.0,62,1,EXECUTE,published_after_gate_recheck,21.501306997379288,5.884653015527874,0.0,45.406553430767495
truth,related_same,0.0,63,1,EXECUTE,published_after_gate_recheck,21.53430800535716,5.799900012789294,0.0,45.406553430767495
truth,related_same,0.0,64,1,EXECUTE,published_after_gate_recheck,21.738312003435567,5.96315402071923,0.0,45.406553430767495
truth,related_same,0.0,65,1,EXECUTE,published_after_gate_recheck,21.86781700584106,5.998154985718429,0.0,45.406553430767495
truth,related_same,0.0,66,1,EXECUTE,published_after_gate_recheck,21.629059978295118,5.9101529768668115,0.0,45.406553430767495
truth,related_same,0.0,67,1,EXECUTE,published_after_gate_recheck,21.684310981072485,5.881902005057782,0.0,45.406553430767495
truth,related_same,0.0,68,1,EXECUTE,published_after_gate_recheck,21.62081000278704,5.8934029948432,0.0,45.406553430767495
truth,related_same,0.0,69,1,EXECUTE,published_after_gate_recheck,21.66956098517403,5.8106500073336065,0.0,45.406553430767495
truth,related_same,0.0,70,1,EXECUTE,published_after_gate_recheck,21.61180999246426,5.888651998247951,0.0,45.406553430767495
truth,related_same,0.0,71,1,EXECUTE,published_after_gate_recheck,23.166099999798462,6.471667991718277,0.0,45.406553430767495
truth,related_same,0.0,72,1,EXECUTE,published_after_gate_recheck,21.81281498633325,5.86065198876895,0.0,45.406553430767495
truth,related_same,0.0,73,1,EXECUTE,published_after_gate_recheck,22.293326997896656,6.119158992078155,0.0,45.406553430767495
truth,related_same,0.0,74,1,EXECUTE,published_after_gate_recheck,22.669586003758013,5.886902014026418,0.0,45.406553430767495
truth,related_same,0.0,75,1,EXECUTE,published_after_gate_recheck,22.313826979370788,5.9684040024876595,0.0,45.406553430767495
truth,related_same,0.0,76,1,EXECUTE,published_after_gate_recheck,21.844814997166395,5.893652007216588,0.0,45.406553430767495
truth,related_same,0.0,77,1,EXECUTE,published_after_gate_recheck,22.246325999731198,5.8559009921737015,0.0,45.406553430767495
truth,related_same,0.0,78,1,EXECUTE,published_after_gate_recheck,21.864067006390542,5.978155008051544,0.0,45.406553430767495
truth,related_same,0.0,79,1,EXECUTE,published_after_gate_recheck,21.654310025041923,5.788400012534112,0.0,45.406553430767495
truth,related_same,0.0,80,1,EXECUTE,published_after_gate_recheck,21.550557983573526,5.871901987120509,0.0,45.406553430767495
truth,related_same,0.0,81,1,EXECUTE,published_after_gate_recheck,21.619560022372752,5.835901014506817,0.0,45.406553430767495
truth,related_same,0.0,82,1,EXECUTE,published_after_gate_recheck,22.376579989213496,6.396665994543582,0.0,45.406553430767495
truth,related_same,0.0,83,1,EXECUTE,published_after_gate_recheck,21.79656401858665,5.892151995794848,0.0,45.406553430767495
truth,related_same,0.0,84,1,EXECUTE,published_after_gate_recheck,21.94131800206378,5.875652015674859,0.0,45.406553430767495
truth,related_same,0.0,85,1,EXECUTE,published_after_gate_recheck,21.631809999234974,5.890401982469484,0.0,45.406553430767495
truth,related_same,0.0,86,1,EXECUTE,published_after_gate_recheck,21.475306013599038,5.798900994705036,0.0,45.406553430767495
truth,related_same,0.0,87,1,EXECUTE,published_after_gate_recheck,21.563307993346825,5.81090000923723,0.0,45.406553430767495
truth,related_same,0.0,88,1,EXECUTE,published_after_gate_recheck,21.50755698676221,5.839151999680325,0.0,45.406553430767495
truth,related_same,0.0,89,1,EXECUTE,published_after_gate_recheck,21.76231300109066,5.826150998473167,0.0,45.406553430767495
truth,related_same,0.0,90,1,EXECUTE,published_after_gate_recheck,21.513307001441717,5.835900985402986,0.0,45.406553430767495
truth,related_same,0.0,91,1,EXECUTE,published_after_gate_recheck,21.505557000637054,5.795399978524074,0.0,45.406553430767495
truth,related_same,0.0,92,1,EXECUTE,published_after_gate_recheck,21.4533050020691,5.829900997923687,0.0,45.406553430767495
truth,related_same,0.0,93,1,EXECUTE,published_after_gate_recheck,22.182324988534674,5.916902999160811,0.0,45.406553430767495
truth,related_same,0.0,94,1,EXECUTE,published_after_gate_recheck,21.560307999607176,5.88965299539268,0.0,45.406553430767495
truth,related_same,0.0,95,1,EXECUTE,published_after_gate_recheck,21.526556985918432,5.808401008835062,0.0,45.406553430767495
truth,related_same,0.0,96,1,EXECUTE,published_after_gate_recheck,21.692311012884602,6.004905997542664,0.0,45.406553430767495
truth,related_same,0.0,97,1,EXECUTE,published_after_gate_recheck,21.658561017829925,5.83540101069957,0.0,45.406553430767495
truth,related_same,0.0,98,1,EXECUTE,published_after_gate_recheck,21.525057003600523,5.853901995578781,0.0,45.406553430767495
truth,related_same,0.0,99,1,EXECUTE,published_after_gate_recheck,21.525557996938005,5.8066500059794635,0.0,45.406553430767495
global,unrelated,20.0,0,1,EXECUTE,published_after_gate_recheck,22.105321986600757,6.027655996149406,20.05041990421725,30.978540789997137
global,unrelated,20.0,1,1,EXECUTE,published_after_gate_recheck,21.92006798577495,5.927154008531943,20.05041990421725,30.978540789997137
global,unrelated,20.0,2,0,REVOKE,context_version_changed_at_publish,26.648190018022433,8.473220019368455,20.05041990421725,30.978540789997137
global,unrelated,20.0,3,1,EXECUTE,published_after_gate_recheck,21.681061014533043,5.951653991360217,20.05041990421725,30.978540789997137
global,unrelated,20.0,4,0,REVOKE,context_version_changed_at_publish,26.86719602206722,8.523220982169732,20.05041990421725,30.978540789997137
global,unrelated,20.0,5,1,EXECUTE,published_after_gate_recheck,21.746062993770465,5.952153995167464,20.05041990421725,30.978540789997137
global,unrelated,20.0,6,0,REVOKE,context_version_changed_at_publish,25.894170015817508,8.72922598500736,20.05041990421725,30.978540789997137
global,unrelated,20.0,7,1,EXECUTE,published_after_gate_recheck,21.658810001099482,5.938653979683295,20.05041990421725,30.978540789997137
global,unrelated,20.0,8,0,REVOKE,context_version_changed_at_publish,25.80641902750358,8.298965025460348,20.05041990421725,30.978540789997137
global,unrelated,20.0,9,1,EXECUTE,published_after_gate_recheck,21.739062998676673,5.918403010582551,20.05041990421725,30.978540789997137
global,unrelated,20.0,10,0,REVOKE,context_version_changed_at_publish,25.387156987562776,9.139986999798566,20.05041990421725,30.978540789997137
global,unrelated,20.0,11,1,EXECUTE,published_after_gate_recheck,21.737562987254933,6.011404999298975,20.05041990421725,30.978540789997137
global,unrelated,20.0,12,1,EXECUTE,published_after_gate_recheck,25.489160005236045,8.095458993921056,20.05041990421725,30.978540789997137
global,unrelated,20.0,13,1,EXECUTE,published_after_gate_recheck,21.706311992602423,5.901402997551486,20.05041990421725,30.978540789997137
global,unrelated,20.0,14,1,EXECUTE,published_after_gate_recheck,22.802090999903157,6.0354059969540685,20.05041990421725,30.978540789997137
global,unrelated,20.0,15,1,EXECUTE,published_after_gate_recheck,21.779564005555585,5.98240498220548,20.05041990421725,30.978540789997137
global,unrelated,20.0,16,1,EXECUTE,published_after_gate_recheck,23.23835200513713,5.9529050195124,20.05041990421725,30.978540789997137
global,unrelated,20.0,17,1,EXECUTE,published_after_gate_recheck,22.00281899422407,6.045906018698588,20.05041990421725,30.978540789997137
global,unrelated,20.0,18,1,EXECUTE,published_after_gate_recheck,21.767564001493156,5.948403995716944,20.05041990421725,30.978540789997137
global,unrelated,20.0,19,1,EXECUTE,published_after_gate_recheck,26.455184997757897,6.069156981538981,20.05041990421725,30.978540789997137
global,unrelated,20.0,20,1,EXECUTE,published_after_gate_recheck,21.75181297934614,5.881403019884601,20.05041990421725,30.978540789997137
global,unrelated,20.0,21,1,EXECUTE,published_after_gate_recheck,27.29995601112023,6.057407008484006,20.05041990421725,30.978540789997137
global,unrelated,20.0,22,1,EXECUTE,published_after_gate_recheck,21.580558008281514,5.908902996452525,20.05041990421725,30.978540789997137
global,unrelated,20.0,23,0,REVOKE,context_version_changed_at_publish,25.750915985554457,8.059709012741223,20.05041990421725,30.978540789997137
global,unrelated,20.0,24,1,EXECUTE,published_after_gate_recheck,21.651310002198443,5.940403003478423,20.05041990421725,30.978540789997137
global,unrelated,20.0,25,0,REVOKE,context_version_changed_at_publish,25.43640902149491,7.903954014182091,20.05041990421725,30.978540789997137
global,unrelated,20.0,26,1,EXECUTE,published_after_gate_recheck,21.717062016250566,5.9351539821363986,20.05041990421725,30.978540789997137
global,unrelated,20.0,27,0,REVOKE,context_version_changed_at_publish,26.436184998601675,8.30221499199979,20.05041990421725,30.978540789997137
global,unrelated,20.0,28,1,EXECUTE,published_after_gate_recheck,22.33407797757536,6.046157010132447,20.05041990421725,30.978540789997137
global,unrelated,20.0,29,0,REVOKE,context_version_changed_at_publish,26.083425007527694,8.670973998960108,20.05041990421725,30.978540789997137
global,unrelated,20.0,30,1,EXECUTE,published_after_gate_recheck,21.616559999529272,5.896902992390096,20.05041990421725,30.978540789997137
global,unrelated,20.0,31,0,REVOKE,context_version_changed_at_publish,25.44315901468508,9.501746011665091,20.05041990421725,30.978540789997137
global,unrelated,20.0,32,1,EXECUTE,published_after_gate_recheck,21.80431497981772,5.999155982863158,20.05041990421725,30.978540789997137
global,unrelated,20.0,33,0,REVOKE,context_version_changed_at_publish,24.5016340049915,8.454217982944101,20.05041990421725,30.978540789997137
global,unrelated,20.0,34,1,EXECUTE,published_after_gate_recheck,21.81431499775499,6.036906008375809,20.05041990421725,30.978540789997137
global,unrelated,20.0,35,1,EXECUTE,published_after_gate_recheck,24.67588899889961,6.056156009435654,20.05041990421725,30.978540789997137
global,unrelated,20.0,36,1,EXECUTE,published_after_gate_recheck,21.9528189918492,6.024406000506133,20.05041990421725,30.978540789997137
global,unrelated,20.0,37,1,EXECUTE,published_after_gate_recheck,23.787366022588685,5.892153014428914,20.05041990421725,30.978540789997137
global,unrelated,20.0,38,1,EXECUTE,published_after_gate_recheck,22.1263229905162,5.924652999965474,20.05041990421725,30.978540789997137
global,unrelated,20.0,39,1,EXECUTE,published_after_gate_recheck,21.659311023540795,5.925402976572514,20.05041990421725,30.978540789997137
global,unrelated,20.0,40,1,EXECUTE,published_after_gate_recheck,26.575187977869064,6.209910003235564,20.05041990421725,30.978540789997137
global,unrelated,20.0,41,1,EXECUTE,published_after_gate_recheck,21.93181699840352,5.937153997365385,20.05041990421725,30.978540789997137
global,unrelated,20.0,42,1,EXECUTE,published_after_gate_recheck,22.623836004640907,6.081908009946346,20.05041990421725,30.978540789997137
global,unrelated,20.0,43,1,EXECUTE,published_after_gate_recheck,21.991068992065266,5.944404023466632,20.05041990421725,30.978540789997137
global,unrelated,20.0,44,0,REVOKE,context_version_changed_at_publish,26.212428987491876,8.183711994206533,20.05041990421725,30.978540789997137
global,unrelated,20.0,45,1,EXECUTE,published_after_gate_recheck,21.767313999589533,5.939653987297788,20.05041990421725,30.978540789997137
global,unrelated,20.0,46,0,REVOKE,context_version_changed_at_publish,25.83891901304014,8.157460979418829,20.05041990421725,30.978540789997137
global,unrelated,20.0,47,1,EXECUTE,published_after_gate_recheck,22.195074998307973,6.107408000389114,20.05041990421725,30.978540789997137
global,unrelated,20.0,48,0,REVOKE,context_version_changed_at_publish,26.045423990581185,8.623722998891026,20.05041990421725,30.978540789997137
global,unrelated,20.0,49,1,EXECUTE,published_after_gate_recheck,21.75256301416084,6.008655007462949,20.05041990421725,30.978540789997137
global,unrelated,20.0,50,0,REVOKE,context_version_changed_at_publish,26.296680996892974,8.320964989252388,20.05041990421725,30.978540789997137
global,unrelated,20.0,51,1,EXECUTE,published_after_gate_recheck,21.797063993290067,5.913152999710292,20.05041990421725,30.978540789997137
global,unrelated,20.0,52,0,REVOKE,context_version_changed_at_publish,24.8488939832896,8.963231986854225,20.05041990421725,30.978540789997137
global,unrelated,20.0,53,1,EXECUTE,published_after_gate_recheck,21.743063000030816,5.973904975689948,20.05041990421725,30.978540789997137
global,unrelated,20.0,54,1,EXECUTE,published_after_gate_recheck,25.391406990820542,7.335440022870898,20.05041990421725,30.978540789997137
global,unrelated,20.0,55,1,EXECUTE,published_after_gate_recheck,22.37807898200117,6.200660980539396,20.05041990421725,30.978540789997137
global,unrelated,20.0,56,1,EXECUTE,published_after_gate_recheck,23.89136899728328,6.082406995119527,20.05041990421725,30.978540789997137
global,unrelated,20.0,57,1,EXECUTE,published_after_gate_recheck,21.695061994250864,5.959153990261257,20.05041990421725,30.978540789997137
global,unrelated,20.0,58,1,EXECUTE,published_after_gate_recheck,24.47588401264511,5.932903004577383,20.05041990421725,30.978540789997137
global,unrelated,20.0,59,1,EXECUTE,published_after_gate_recheck,21.813814993947744,5.917153001064435,20.05041990421725,30.978540789997137
global,unrelated,20.0,60,1,EXECUTE,published_after_gate_recheck,22.37432901165448,5.89415300055407,20.05041990421725,30.978540789997137
global,unrelated,20.0,61,1,EXECUTE,published_after_gate_recheck,23.35560499341227,6.192659988300875,20.05041990421725,30.978540789997137
global,unrelated,20.0,62,1,EXECUTE,published_after_gate_recheck,21.824564988492057,5.976654007099569,20.05041990421725,30.978540789997137
global,unrelated,20.0,63,1,EXECUTE,published_after_gate_recheck,27.389709022827446,6.1334079946391284,20.05041990421725,30.978540789997137
global,unrelated,20.0,64,1,EXECUTE,published_after_gate_recheck,21.600809006486088,5.91940400772728,20.05041990421725,30.978540789997137
global,unrelated,20.0,65,0,REVOKE,context_version_changed_at_publish,26.51993601466529,8.915981015888974,20.05041990421725,30.978540789997137
global,unrelated,20.0,66,1,EXECUTE,published_after_gate_recheck,21.950319001916796,6.017156003508717,20.05041990421725,30.978540789997137
global,unrelated,20.0,67,1,EXECUTE,published_after_gate_recheck,26.21317800367251,6.104908010456711,20.05041990421725,30.978540789997137
global,unrelated,20.0,68,1,EXECUTE,published_after_gate_recheck,21.714811999117956,5.893902009120211,20.05041990421725,30.978540789997137
global,unrelated,20.0,69,0,REVOKE,context_version_changed_at_publish,25.598163018003106,7.8009520075283945,20.05041990421725,30.978540789997137
global,unrelated,20.0,70,1,EXECUTE,published_after_gate_recheck,21.841064997715876,5.9456530143506825,20.05041990421725,30.978540789997137
global,unrelated,20.0,71,0,REVOKE,context_version_changed_at_publish,25.7131649996154,8.64247401477769,20.05041990421725,30.978540789997137
global,unrelated,20.0,72,1,EXECUTE,published_after_gate_recheck,21.65256001171656,5.890903004910797,20.05041990421725,30.978540789997137
global,unrelated,20.0,73,0,REVOKE,context_version_changed_at_publish,25.363157008541748,9.397493005963042,20.05041990421725,30.978540789997137
global,unrelated,20.0,74,1,EXECUTE,published_after_gate_recheck,21.958569006528705,5.972154991468415,20.05041990421725,30.978540789997137
global,unrelated,20.0,75,0,REVOKE,context_version_changed_at_publish,25.96367200021632,10.045759991044179,20.05041990421725,30.978540789997137
global,unrelated,20.0,76,1,EXECUTE,published_after_gate_recheck,21.590059011941776,5.887902021640912,20.05041990421725,30.978540789997137
global,unrelated,20.0,77,1,EXECUTE,published_after_gate_recheck,25.574163009878248,8.117709978250787,20.05041990421725,30.978540789997137
global,unrelated,20.0,78,1,EXECUTE,published_after_gate_recheck,21.755313005996868,5.909403000259772,20.05041990421725,30.978540789997137
global,unrelated,20.0,79,1,EXECUTE,published_after_gate_recheck,23.961870989296585,6.016405997797847,20.05041990421725,30.978540789997137
global,unrelated,20.0,80,1,EXECUTE,published_after_gate_recheck,21.86581600108184,5.951653991360217,20.05041990421725,30.978540789997137
global,unrelated,20.0,81,1,EXECUTE,published_after_gate_recheck,21.81131497491151,5.860151984961703,20.05041990421725,30.978540789997137
global,unrelated,20.0,82,1,EXECUTE,published_after_gate_recheck,22.099321999121457,5.926902987994254,20.05041990421725,30.978540789997137
global,unrelated,20.0,83,1,EXECUTE,published_after_gate_recheck,21.75706301932223,5.919652990996838,20.05041990421725,30.978540789997137
global,unrelated,20.0,84,1,EXECUTE,published_after_gate_recheck,26.392433006549254,6.06190602411516,20.05041990421725,30.978540789997137
global,unrelated,20.0,85,1,EXECUTE,published_after_gate_recheck,21.767564001493156,5.953904008492827,20.05041990421725,30.978540789997137
global,unrelated,20.0,86,1,EXECUTE,published_after_gate_recheck,27.27820599102415,6.103658000938594,20.05041990421725,30.978540789997137
global,unrelated,20.0,87,1,EXECUTE,published_after_gate_recheck,21.626559988362715,5.851651018019766,20.05041990421725,30.978540789997137
global,unrelated,20.0,88,0,REVOKE,context_version_changed_at_publish,25.63766299863346,7.9989570076577365,20.05041990421725,30.978540789997137
global,unrelated,20.0,89,1,EXECUTE,published_after_gate_recheck,21.666060987627134,5.879151984117925,20.05041990421725,30.978540789997137
global,unrelated,20.0,90,0,REVOKE,context_version_changed_at_publish,25.935170997399837,8.513220003806055,20.05041990421725,30.978540789997137
global,unrelated,20.0,91,1,EXECUTE,published_after_gate_recheck,21.71431199531071,5.921653006225824,20.05041990421725,30.978540789997137
global,unrelated,20.0,92,0,REVOKE,context_version_changed_at_publish,25.79116798005998,7.860952988266945,20.05041990421725,30.978540789997137
global,unrelated,20.0,93,1,EXECUTE,published_after_gate_recheck,21.68806199915707,5.8624020020943135,20.05041990421725,30.978540789997137
global,unrelated,20.0,94,0,REVOKE,context_version_changed_at_publish,25.854419014649466,9.998508001444861,20.05041990421725,30.978540789997137
global,unrelated,20.0,95,1,EXECUTE,published_after_gate_recheck,21.71931299380958,5.920652998611331,20.05041990421725,30.978540789997137
global,unrelated,20.0,96,1,EXECUTE,published_after_gate_recheck,30.597042001318187,7.59519700659439,20.05041990421725,30.978540789997137
global,unrelated,20.0,97,1,EXECUTE,published_after_gate_recheck,22.191324998857453,5.998654989525676,20.05041990421725,30.978540789997137
global,unrelated,20.0,98,0,REVOKE,context_version_changed_at_publish,24.406381999142468,8.466469997074455,20.05041990421725,30.978540789997137
global,unrelated,20.0,99,1,EXECUTE,published_after_gate_recheck,21.75081300083548,5.9069029812235385,20.05041990421725,30.978540789997137
readset,unrelated,20.0,0,1,EXECUTE,published_after_gate_recheck,23.08209700277075,6.115158001193777,19.987218880696165,41.70151203316765
readset,unrelated,20.0,1,1,EXECUTE,published_after_gate_recheck,21.79681498091668,5.974405008601025,19.987218880696165,41.70151203316765
readset,unrelated,20.0,2,1,EXECUTE,published_after_gate_recheck,26.13242599181831,8.450219000224024,19.987218880696165,41.70151203316765
readset,unrelated,20.0,3,1,EXECUTE,published_after_gate_recheck,21.736061986302957,5.980403977446258,19.987218880696165,41.70151203316765
readset,unrelated,20.0,4,1,EXECUTE,published_after_gate_recheck,26.03442399413325,7.975957007147372,19.987218880696165,41.70151203316765
readset,unrelated,20.0,5,1,EXECUTE,published_after_gate_recheck,21.697561984183267,5.972654995275661,19.987218880696165,41.70151203316765
readset,unrelated,20.0,6,1,EXECUTE,published_after_gate_recheck,26.22767901630141,8.981481980299577,19.987218880696165,41.70151203316765
readset,unrelated,20.0,7,1,EXECUTE,published_after_gate_recheck,21.753812994575128,5.96390399732627,19.987218880696165,41.70151203316765
readset,unrelated,20.0,8,1,EXECUTE,published_after_gate_recheck,26.06842399109155,8.844978990964592,19.987218880696165,41.70151203316765
readset,unrelated,20.0,9,1,EXECUTE,published_after_gate_recheck,21.70131099410355,5.962654977338389,19.987218880696165,41.70151203316765
readset,unrelated,20.0,10,1,EXECUTE,published_after_gate_recheck,25.40565701201558,9.511996002402157,19.987218880696165,41.70151203316765
readset,unrelated,20.0,11,1,EXECUTE,published_after_gate_recheck,21.787063975352794,5.975154985208064,19.987218880696165,41.70151203316765
readset,unrelated,20.0,12,1,EXECUTE,published_after_gate_recheck,25.31365500180982,8.174460992449895,19.987218880696165,41.70151203316765
readset,unrelated,20.0,13,1,EXECUTE,published_after_gate_recheck,21.845066017704085,5.962655006442219,19.987218880696165,41.70151203316765
readset,unrelated,20.0,14,1,EXECUTE,published_after_gate_recheck,23.947869980474934,6.173910020152107,19.987218880696165,41.70151203316765
readset,unrelated,20.0,15,1,EXECUTE,published_after_gate_recheck,21.84706600382924,6.053407007129863,19.987218880696165,41.70151203316765
readset,unrelated,20.0,16,1,EXECUTE,published_after_gate_recheck,23.67511301417835,6.1221580253914,19.987218880696165,41.70151203316765
readset,unrelated,20.0,17,1,EXECUTE,published_after_gate_recheck,22.03882101457566,6.063906999770552,19.987218880696165,41.70151203316765
readset,unrelated,20.0,18,1,EXECUTE,published_after_gate_recheck,21.861066023120657,6.050655996659771,19.987218880696165,41.70151203316765
readset,unrelated,20.0,19,1,EXECUTE,published_after_gate_recheck,26.45093499450013,6.0831579903606325,19.987218880696165,41.70151203316765
readset,unrelated,20.0,20,1,EXECUTE,published_after_gate_recheck,21.69856199179776,5.9651540068443865,19.987218880696165,41.70151203316765
readset,unrelated,20.0,21,1,EXECUTE,published_after_gate_recheck,26.24692997778766,6.393916002707556,19.987218880696165,41.70151203316765
readset,unrelated,20.0,22,1,EXECUTE,published_after_gate_recheck,21.709311986342072,5.960655020317063,19.987218880696165,41.70151203316765
readset,unrelated,20.0,23,1,EXECUTE,published_after_gate_recheck,25.961172010283917,8.494220004649833,19.987218880696165,41.70151203316765
readset,unrelated,20.0,24,1,EXECUTE,published_after_gate_recheck,21.794314990984276,5.974655010504648,19.987218880696165,41.70151203316765
readset,unrelated,20.0,25,1,EXECUTE,published_after_gate_recheck,26.447684998856857,6.223661010153592,19.987218880696165,41.70151203316765
readset,unrelated,20.0,26,1,EXECUTE,published_after_gate_recheck,21.837815002072603,5.944153992459178,19.987218880696165,41.70151203316765
readset,unrelated,20.0,27,1,EXECUTE,published_after_gate_recheck,27.174204005859792,8.943980996264145,19.987218880696165,41.70151203316765
readset,unrelated,20.0,28,1,EXECUTE,published_after_gate_recheck,21.845065988600254,6.124409002950415,19.987218880696165,41.70151203316765
readset,unrelated,20.0,29,1,EXECUTE,published_after_gate_recheck,25.91342097730376,8.34246602607891,19.987218880696165,41.70151203316765
readset,unrelated,20.0,30,1,EXECUTE,published_after_gate_recheck,21.73431299161166,6.02040599915199,19.987218880696165,41.70151203316765
readset,unrelated,20.0,31,1,EXECUTE,published_after_gate_recheck,26.280430000042543,8.990232978248969,19.987218880696165,41.70151203316765
readset,unrelated,20.0,32,1,EXECUTE,published_after_gate_recheck,21.803064009873196,5.98390499362722,19.987218880696165,41.70151203316765
readset,unrelated,20.0,33,1,EXECUTE,published_after_gate_recheck,26.034673996036872,8.009957993635908,19.987218880696165,41.70151203316765
readset,unrelated,20.0,34,1,EXECUTE,published_after_gate_recheck,21.825314994202927,6.029655982274562,19.987218880696165,41.70151203316765
readset,unrelated,20.0,35,1,EXECUTE,published_after_gate_recheck,24.987397016957402,9.071484993910417,19.987218880696165,41.70151203316765
readset,unrelated,20.0,36,1,EXECUTE,published_after_gate_recheck,21.923318010522053,6.008905998896807,19.987218880696165,41.70151203316765
readset,unrelated,20.0,37,1,EXECUTE,published_after_gate_recheck,25.481660006335005,8.306964999064803,19.987218880696165,41.70151203316765
readset,unrelated,20.0,38,1,EXECUTE,published_after_gate_recheck,22.014069982105866,6.042406021151692,19.987218880696165,41.70151203316765
readset,unrelated,20.0,39,1,EXECUTE,published_after_gate_recheck,25.679665006464347,6.152909016236663,19.987218880696165,41.70151203316765
readset,unrelated,20.0,40,1,EXECUTE,published_after_gate_recheck,21.955569012789056,6.0549069894477725,19.987218880696165,41.70151203316765
readset,unrelated,20.0,41,1,EXECUTE,published_after_gate_recheck,25.542410992784426,6.209661019966006,19.987218880696165,41.70151203316765
readset,unrelated,20.0,42,1,EXECUTE,published_after_gate_recheck,22.170823998749256,6.119408004451543,19.987218880696165,41.70151203316765
readset,unrelated,20.0,43,1,EXECUTE,published_after_gate_recheck,23.456358001567423,6.089907023124397,19.987218880696165,41.70151203316765
readset,unrelated,20.0,44,1,EXECUTE,published_after_gate_recheck,21.94731798954308,6.03965698974207,19.987218880696165,41.70151203316765
readset,unrelated,20.0,45,1,EXECUTE,published_after_gate_recheck,21.723062003729865,5.917652975767851,19.987218880696165,41.70151203316765
readset,unrelated,20.0,46,1,EXECUTE,published_after_gate_recheck,26.395183987915516,6.350164010655135,19.987218880696165,41.70151203316765
readset,unrelated,20.0,47,1,EXECUTE,published_after_gate_recheck,21.728063002228737,5.991154990624636,19.987218880696165,41.70151203316765
readset,unrelated,20.0,48,1,EXECUTE,published_after_gate_recheck,26.07117500156164,6.183910008985549,19.987218880696165,41.70151203316765
readset,unrelated,20.0,49,1,EXECUTE,published_after_gate_recheck,21.69631200376898,5.985155003145337,19.987218880696165,41.70151203316765
readset,unrelated,20.0,50,1,EXECUTE,published_after_gate_recheck,26.046173996292055,6.091657996876165,19.987218880696165,41.70151203316765
readset,unrelated,20.0,51,1,EXECUTE,published_after_gate_recheck,21.627309994073585,5.958153982646763,19.987218880696165,41.70151203316765
readset,unrelated,20.0,52,1,EXECUTE,published_after_gate_recheck,25.83591901930049,8.243463991675526,19.987218880696165,41.70151203316765
readset,unrelated,20.0,53,1,EXECUTE,published_after_gate_recheck,21.735563001129776,6.0031549946870655,19.987218880696165,41.70151203316765
readset,unrelated,20.0,54,1,EXECUTE,published_after_gate_recheck,26.445184979820624,8.552220999263227,19.987218880696165,41.70151203316765
readset,unrelated,20.0,55,1,EXECUTE,published_after_gate_recheck,22.32107799500227,6.191911001224071,19.987218880696165,41.70151203316765
readset,unrelated,20.0,56,1,EXECUTE,published_after_gate_recheck,26.23242902336642,8.014958002604544,19.987218880696165,41.70151203316765
readset,unrelated,20.0,57,1,EXECUTE,published_after_gate_recheck,21.61005898960866,5.929153005126864,19.987218880696165,41.70151203316765
readset,unrelated,20.0,58,1,EXECUTE,published_after_gate_recheck,26.694191008573398,8.999483019579202,19.987218880696165,41.70151203316765
readset,unrelated,20.0,59,1,EXECUTE,published_after_gate_recheck,22.503332991618663,6.3096630037762225,19.987218880696165,41.70151203316765
readset,unrelated,20.0,60,1,EXECUTE,published_after_gate_recheck,26.195427984930575,8.795728004770353,19.987218880696165,41.70151203316765
readset,unrelated,20.0,61,1,EXECUTE,published_after_gate_recheck,21.75581399933435,5.99440501537174,19.987218880696165,41.70151203316765
readset,unrelated,20.0,62,1,EXECUTE,published_after_gate_recheck,24.763141002040356,8.876230014720932,19.987218880696165,41.70151203316765
readset,unrelated,20.0,63,1,EXECUTE,published_after_gate_recheck,22.782590007409453,6.226911005796865,19.987218880696165,41.70151203316765
readset,unrelated,20.0,64,1,EXECUTE,published_after_gate_recheck,25.882670015562326,8.286964992294088,19.987218880696165,41.70151203316765
readset,unrelated,20.0,65,1,EXECUTE,published_after_gate_recheck,21.978819015203044,6.052657001418993,19.987218880696165,41.70151203316765
readset,unrelated,20.0,66,1,EXECUTE,published_after_gate_recheck,25.48615899286233,7.6674479932989925,19.987218880696165,41.70151203316765
readset,unrelated,20.0,67,1,EXECUTE,published_after_gate_recheck,22.017819981556386,5.99140499252826,19.987218880696165,41.70151203316765
readset,unrelated,20.0,68,1,EXECUTE,published_after_gate_recheck,25.196902017341927,6.08715700218454,19.987218880696165,41.70151203316765
readset,unrelated,20.0,69,1,EXECUTE,published_after_gate_recheck,21.992819994920865,6.013155012624338,19.987218880696165,41.70151203316765
readset,unrelated,20.0,70,1,EXECUTE,published_after_gate_recheck,23.79911599564366,5.961404007393867,19.987218880696165,41.70151203316765
readset,unrelated,20.0,71,1,EXECUTE,published_after_gate_recheck,21.935816999757662,6.0969070182181895,19.987218880696165,41.70151203316765
readset,unrelated,20.0,72,1,EXECUTE,published_after_gate_recheck,22.46383100282401,5.933904001722112,19.987218880696165,41.70151203316765
readset,unrelated,20.0,73,1,EXECUTE,published_after_gate_recheck,23.149600019678473,6.067406997317448,19.987218880696165,41.70151203316765
readset,unrelated,20.0,74,1,EXECUTE,published_after_gate_recheck,21.77456399658695,6.039656000211835,19.987218880696165,41.70151203316765
readset,unrelated,20.0,75,1,EXECUTE,published_after_gate_recheck,26.008423010353,6.093408010201529,19.987218880696165,41.70151203316765
readset,unrelated,20.0,76,1,EXECUTE,published_after_gate_recheck,21.68681100010872,5.986655014567077,19.987218880696165,41.70151203316765
readset,unrelated,20.0,77,1,EXECUTE,published_after_gate_recheck,25.810167979216203,8.165461011230946,19.987218880696165,41.70151203316765
readset,unrelated,20.0,78,1,EXECUTE,published_after_gate_recheck,21.729061991209164,6.0129060002509505,19.987218880696165,41.70151203316765
readset,unrelated,20.0,79,1,EXECUTE,published_after_gate_recheck,25.84916999330744,8.36746601271443,19.987218880696165,41.70151203316765
readset,unrelated,20.0,80,1,EXECUTE,published_after_gate_recheck,21.73731301445514,5.991155019728467,19.987218880696165,41.70151203316765
readset,unrelated,20.0,81,1,EXECUTE,published_after_gate_recheck,26.260429993271828,8.992482005851343,19.987218880696165,41.70151203316765
readset,unrelated,20.0,82,1,EXECUTE,published_after_gate_recheck,21.835814986843616,5.981154972687364,19.987218880696165,41.70151203316765
readset,unrelated,20.0,83,1,EXECUTE,published_after_gate_recheck,26.067924016388133,7.947706006234512,19.987218880696165,41.70151203316765
readset,unrelated,20.0,84,1,EXECUTE,published_after_gate_recheck,21.793813997646794,5.938404006883502,19.987218880696165,41.70151203316765
readset,unrelated,20.0,85,1,EXECUTE,published_after_gate_recheck,25.268154015066102,9.438743989448994,19.987218880696165,41.70151203316765
readset,unrelated,20.0,86,1,EXECUTE,published_after_gate_recheck,21.79831499233842,6.0079050017520785,19.987218880696165,41.70151203316765
readset,unrelated,20.0,87,1,EXECUTE,published_after_gate_recheck,25.44090899755247,8.227212994825095,19.987218880696165,41.70151203316765
readset,unrelated,20.0,88,1,EXECUTE,published_after_gate_recheck,22.003319987561554,6.073406984796748,19.987218880696165,41.70151203316765
readset,unrelated,20.0,89,1,EXECUTE,published_after_gate_recheck,26.172677986323833,6.205910991411656,19.987218880696165,41.70151203316765
readset,unrelated,20.0,90,1,EXECUTE,published_after_gate_recheck,22.038570983568206,6.104658008553088,19.987218880696165,41.70151203316765
readset,unrelated,20.0,91,1,EXECUTE,published_after_gate_recheck,25.72241600137204,6.243410985916853,19.987218880696165,41.70151203316765
readset,unrelated,20.0,92,1,EXECUTE,published_after_gate_recheck,21.806064003612846,5.953154992312193,19.987218880696165,41.70151203316765
readset,unrelated,20.0,93,1,EXECUTE,published_after_gate_recheck,23.273602011613548,5.9789050137624145,19.987218880696165,41.70151203316765
readset,unrelated,20.0,94,1,EXECUTE,published_after_gate_recheck,21.872066979994997,5.973154999082908,19.987218880696165,41.70151203316765
readset,unrelated,20.0,95,1,EXECUTE,published_after_gate_recheck,21.778813999844715,5.92015398433432,19.987218880696165,41.70151203316765
readset,unrelated,20.0,96,1,EXECUTE,published_after_gate_recheck,26.401934010209516,6.100158003391698,19.987218880696165,41.70151203316765
readset,unrelated,20.0,97,1,EXECUTE,published_after_gate_recheck,21.796813991386443,5.9909050178248435,19.987218880696165,41.70151203316765
readset,unrelated,20.0,98,1,EXECUTE,published_after_gate_recheck,26.179428008617833,6.180660013342276,19.987218880696165,41.70151203316765
readset,unrelated,20.0,99,1,EXECUTE,published_after_gate_recheck,21.874566009500995,5.955154018010944,19.987218880696165,41.70151203316765
truth,unrelated,20.0,0,1,EXECUTE,published_after_gate_recheck,22.553584014531225,6.0071560146752745,20.048496913066067,41.84103695670733
truth,unrelated,20.0,1,1,EXECUTE,published_after_gate_recheck,21.8158149800729,6.064157001674175,20.048496913066067,41.84103695670733
truth,unrelated,20.0,2,1,EXECUTE,published_after_gate_recheck,26.019424025435,8.470719010801986,20.048496913066067,41.84103695670733
truth,unrelated,20.0,3,1,EXECUTE,published_after_gate_recheck,21.819065004820004,5.952653998974711,20.048496913066067,41.84103695670733
truth,unrelated,20.0,4,1,EXECUTE,published_after_gate_recheck,25.744417012901977,8.23771400609985,20.048496913066067,41.84103695670733
truth,unrelated,20.0,5,1,EXECUTE,published_after_gate_recheck,21.651060989825055,5.913653003517538,20.048496913066067,41.84103695670733
truth,unrelated,20.0,6,1,EXECUTE,published_after_gate_recheck,25.84341901820153,9.845505002886057,20.048496913066067,41.84103695670733
truth,unrelated,20.0,7,1,EXECUTE,published_after_gate_recheck,21.75181297934614,5.944653996266425,20.048496913066067,41.84103695670733
truth,unrelated,20.0,8,1,EXECUTE,published_after_gate_recheck,25.67966398783028,9.679499984486029,20.048496913066067,41.84103695670733
truth,unrelated,20.0,9,1,EXECUTE,published_after_gate_recheck,21.762563002994284,5.914903013035655,20.048496913066067,41.84103695670733
truth,unrelated,20.0,10,1,EXECUTE,published_after_gate_recheck,25.15240098000504,7.569445995613933,20.048496913066067,41.84103695670733
truth,unrelated,20.0,11,1,EXECUTE,published_after_gate_recheck,21.939568017842248,5.990405014017597,20.048496913066067,41.84103695670733
truth,unrelated,20.0,12,1,EXECUTE,published_after_gate_recheck,25.26865398976952,6.096908007748425,20.048496913066067,41.84103695670733
truth,unrelated,20.0,13,1,EXECUTE,published_after_gate_recheck,22.018569987267256,6.041656015440822,20.048496913066067,41.84103695670733
truth,unrelated,20.0,14,1,EXECUTE,published_after_gate_recheck,23.988870991161093,6.069908005883917,20.048496913066067,41.84103695670733
truth,unrelated,20.0,15,1,EXECUTE,published_after_gate_recheck,21.689811983378604,5.962154013104737,20.048496913066067,41.84103695670733
truth,unrelated,20.0,16,1,EXECUTE,published_after_gate_recheck,23.87736801756546,5.880401993636042,20.048496913066067,41.84103695670733
truth,unrelated,20.0,17,1,EXECUTE,published_after_gate_recheck,22.094571992056444,6.02190601057373,20.048496913066067,41.84103695670733
truth,unrelated,20.0,18,1,EXECUTE,published_after_gate_recheck,21.625810011755675,5.940153991105035,20.048496913066067,41.84103695670733
truth,unrelated,20.0,19,1,EXECUTE,published_after_gate_recheck,26.40118298586458,6.1544089985545725,20.048496913066067,41.84103695670733
truth,unrelated,20.0,20,1,EXECUTE,published_after_gate_recheck,21.684810984879732,5.886901984922588,20.048496913066067,41.84103695670733
truth,unrelated,20.0,21,1,EXECUTE,published_after_gate_recheck,26.17992801242508,8.122960018226877,20.048496913066067,41.84103695670733
truth,unrelated,20.0,22,1,EXECUTE,published_after_gate_recheck,21.791564009618014,5.946404009591788,20.048496913066067,41.84103695670733
truth,unrelated,20.0,23,1,EXECUTE,published_after_gate_recheck,25.893419981002808,8.178712014341727,20.048496913066067,41.84103695670733
truth,unrelated,20.0,24,1,EXECUTE,published_after_gate_recheck,21.817064989591017,5.942404008237645,20.048496913066067,41.84103695670733
truth,unrelated,20.0,25,1,EXECUTE,published_after_gate_recheck,25.512161024380475,7.96720598009415,20.048496913066067,41.84103695670733
truth,unrelated,20.0,26,1,EXECUTE,published_after_gate_recheck,21.672061004210263,5.912152992095798,20.048496913066067,41.84103695670733
truth,unrelated,20.0,27,1,EXECUTE,published_after_gate_recheck,25.98517297883518,8.681473991600797,20.048496913066067,41.84103695670733
truth,unrelated,20.0,28,1,EXECUTE,published_after_gate_recheck,21.838815009687096,5.95865398645401,20.048496913066067,41.84103695670733
truth,unrelated,20.0,29,1,EXECUTE,published_after_gate_recheck,24.936645990237594,9.018733020639047,20.048496913066067,41.84103695670733
truth,unrelated,20.0,30,1,EXECUTE,published_after_gate_recheck,21.73656297964044,5.935403984040022,20.048496913066067,41.84103695670733
truth,unrelated,20.0,31,1,EXECUTE,published_after_gate_recheck,25.470909982686862,8.18246099515818,20.048496913066067,41.84103695670733
truth,unrelated,20.0,32,1,EXECUTE,published_after_gate_recheck,22.00281899422407,6.041657004971057,20.048496913066067,41.84103695670733
truth,unrelated,20.0,33,1,EXECUTE,published_after_gate_recheck,25.399156991625205,8.00295700901188,20.048496913066067,41.84103695670733
truth,unrelated,20.0,34,1,EXECUTE,published_after_gate_recheck,21.96956900297664,5.916652997257188,20.048496913066067,41.84103695670733
truth,unrelated,20.0,35,1,EXECUTE,published_after_gate_recheck,23.394855990773067,5.96315402071923,20.048496913066067,41.84103695670733
truth,unrelated,20.0,36,1,EXECUTE,published_after_gate_recheck,21.95981898694299,6.0404059768188745,20.048496913066067,41.84103695670733
truth,unrelated,20.0,37,1,EXECUTE,published_after_gate_recheck,21.876317012356594,5.906402977416292,20.048496913066067,41.84103695670733
truth,unrelated,20.0,38,1,EXECUTE,published_after_gate_recheck,23.122098995372653,6.023905996698886,20.048496913066067,41.84103695670733
truth,unrelated,20.0,39,1,EXECUTE,published_after_gate_recheck,21.665561012923717,5.976154992822558,20.048496913066067,41.84103695670733
truth,unrelated,20.0,40,1,EXECUTE,published_after_gate_recheck,27.431459981016815,6.110408023232594,20.048496913066067,41.84103695670733
truth,unrelated,20.0,41,1,EXECUTE,published_after_gate_recheck,21.675060997949913,5.916902999160811,20.048496913066067,41.84103695670733
truth,unrelated,20.0,42,1,EXECUTE,published_after_gate_recheck,26.10467601334676,6.26766198547557,20.048496913066067,41.84103695670733
truth,unrelated,20.0,43,1,EXECUTE,published_after_gate_recheck,21.690811001462862,5.924903001869097,20.048496913066067,41.84103695670733
truth,unrelated,20.0,44,1,EXECUTE,published_after_gate_recheck,25.91117098927498,8.250463986769319,20.048496913066067,41.84103695670733
truth,unrelated,20.0,45,1,EXECUTE,published_after_gate_recheck,21.826064999913797,5.950154009042308,20.048496913066067,41.84103695670733
truth,unrelated,20.0,46,1,EXECUTE,published_after_gate_recheck,25.85691900458187,8.18346199230291,20.048496913066067,41.84103695670733
truth,unrelated,20.0,47,1,EXECUTE,published_after_gate_recheck,21.75006299512461,5.938654008787125,20.048496913066067,41.84103695670733
truth,unrelated,20.0,48,1,EXECUTE,published_after_gate_recheck,26.01217300980352,10.073010984342545,20.048496913066067,41.84103695670733
truth,unrelated,20.0,49,1,EXECUTE,published_after_gate_recheck,21.68606099439785,5.888401996344328,20.048496913066067,41.84103695670733
truth,unrelated,20.0,50,1,EXECUTE,published_after_gate_recheck,26.23617899371311,8.843728981446475,20.048496913066067,41.84103695670733
truth,unrelated,20.0,51,1,EXECUTE,published_after_gate_recheck,21.748063008999452,5.946653982391581,20.048496913066067,41.84103695670733
truth,unrelated,20.0,52,1,EXECUTE,published_after_gate_recheck,26.110175997018814,10.160763980820775,20.048496913066067,41.84103695670733
truth,unrelated,20.0,53,1,EXECUTE,published_after_gate_recheck,21.77756401943043,6.002405018080026,20.048496913066067,41.84103695670733
truth,unrelated,20.0,54,1,EXECUTE,published_after_gate_recheck,25.49490999081172,8.094210003037006,20.048496913066067,41.84103695670733
truth,unrelated,20.0,55,1,EXECUTE,published_after_gate_recheck,21.888317016419023,6.104157975642011,20.048496913066067,41.84103695670733
truth,unrelated,20.0,56,1,EXECUTE,published_after_gate_recheck,25.66866501001641,6.085156986955553,20.048496913066067,41.84103695670733
truth,unrelated,20.0,57,1,EXECUTE,published_after_gate_recheck,21.85756599646993,6.04640701203607,20.048496913066067,41.84103695670733
truth,unrelated,20.0,58,1,EXECUTE,published_after_gate_recheck,25.710665999213234,6.059406994609162,20.048496913066067,41.84103695670733
truth,unrelated,20.0,59,1,EXECUTE,published_after_gate_recheck,21.83831500587985,5.973154999082908,20.048496913066067,41.84103695670733
truth,unrelated,20.0,60,1,EXECUTE,published_after_gate_recheck,23.157849995186552,5.905653000809252,20.048496913066067,41.84103695670733
truth,unrelated,20.0,61,1,EXECUTE,published_after_gate_recheck,22.050570987630635,5.92690400662832,20.048496913066067,41.84103695670733
truth,unrelated,20.0,62,1,EXECUTE,published_after_gate_recheck,21.908316994085908,5.9974050091113895,20.048496913066067,41.84103695670733
truth,unrelated,20.0,63,1,EXECUTE,published_after_gate_recheck,26.317180978367105,6.093907984904945,20.048496913066067,41.84103695670733
truth,unrelated,20.0,64,1,EXECUTE,published_after_gate_recheck,21.646060020430014,5.949654005235061,20.048496913066067,41.84103695670733
truth,unrelated,20.0,65,1,EXECUTE,published_after_gate_recheck,26.117177010746673,6.048907001968473,20.048496913066067,41.84103695670733
truth,unrelated,20.0,66,1,EXECUTE,published_after_gate_recheck,22.102821996668354,5.942903982941061,20.048496913066067,41.84103695670733
truth,unrelated,20.0,67,1,EXECUTE,published_after_gate_recheck,26.520185987465084,6.1834100051783025,20.048496913066067,41.84103695670733
truth,unrelated,20.0,68,1,EXECUTE,published_after_gate_recheck,21.702562022255734,5.914403009228408,20.048496913066067,41.84103695670733
truth,unrelated,20.0,69,1,EXECUTE,published_after_gate_recheck,25.43090801918879,7.973706000484526,20.048496913066067,41.84103695670733
truth,unrelated,20.0,70,1,EXECUTE,published_after_gate_recheck,22.408581018680707,6.137908989330754,20.048496913066067,41.84103695670733
truth,unrelated,20.0,71,1,EXECUTE,published_after_gate_recheck,25.868169992463663,8.11346000409685,20.048496913066067,41.84103695670733
truth,unrelated,20.0,72,1,EXECUTE,published_after_gate_recheck,21.87881601275876,6.026156013831496,20.048496913066067,41.84103695670733
truth,unrelated,20.0,73,1,EXECUTE,published_after_gate_recheck,25.772167020477355,8.149711007717997,20.048496913066067,41.84103695670733
truth,unrelated,20.0,74,1,EXECUTE,published_after_gate_recheck,21.93456800887361,6.0589069908019155,20.048496913066067,41.84103695670733
truth,unrelated,20.0,75,1,EXECUTE,published_after_gate_recheck,26.25917998375371,8.487468992825598,20.048496913066067,41.84103695670733
truth,unrelated,20.0,76,1,EXECUTE,published_after_gate_recheck,21.772813983261585,6.014905986376107,20.048496913066067,41.84103695670733
truth,unrelated,20.0,77,1,EXECUTE,published_after_gate_recheck,24.603136989753693,8.627474016975611,20.048496913066067,41.84103695670733
truth,unrelated,20.0,78,1,EXECUTE,published_after_gate_recheck,22.217324993107468,6.179160001920536,20.048496913066067,41.84103695670733
truth,unrelated,20.0,79,1,EXECUTE,published_after_gate_recheck,25.504160003038123,8.091458992566913,20.048496913066067,41.84103695670733
truth,unrelated,20.0,80,1,EXECUTE,published_after_gate_recheck,22.495582001283765,6.205409998074174,20.048496913066067,41.84103695670733
truth,unrelated,20.0,81,1,EXECUTE,published_after_gate_recheck,25.640914012910798,7.455193001078442,20.048496913066067,41.84103695670733
truth,unrelated,20.0,82,1,EXECUTE,published_after_gate_recheck,22.382079012459144,6.428916996810585,20.048496913066067,41.84103695670733
truth,unrelated,20.0,83,1,EXECUTE,published_after_gate_recheck,26.589938992401585,9.173488011583686,20.048496913066067,41.84103695670733
truth,unrelated,20.0,84,1,EXECUTE,published_after_gate_recheck,21.849565993761644,5.9554040199145675,20.048496913066067,41.84103695670733
truth,unrelated,20.0,85,1,EXECUTE,published_after_gate_recheck,23.938120022648945,6.057657010387629,20.048496913066067,41.84103695670733
truth,unrelated,20.0,86,1,EXECUTE,published_after_gate_recheck,21.76631399197504,5.988655000692233,20.048496913066067,41.84103695670733
truth,unrelated,20.0,87,1,EXECUTE,published_after_gate_recheck,21.89931698376313,5.929653998464346,20.048496913066067,41.84103695670733
truth,unrelated,20.0,88,1,EXECUTE,published_after_gate_recheck,21.970819012494758,6.05390701093711,20.048496913066067,41.84103695670733
truth,unrelated,20.0,89,1,EXECUTE,published_after_gate_recheck,21.666810993338004,5.920402996707708,20.048496913066067,41.84103695670733
truth,unrelated,20.0,90,1,EXECUTE,published_after_gate_recheck,25.637913990067318,8.019207016332075,20.048496913066067,41.84103695670733
truth,unrelated,20.0,91,1,EXECUTE,published_after_gate_recheck,21.74556298996322,5.979154986562207,20.048496913066067,41.84103695670733
truth,unrelated,20.0,92,1,EXECUTE,published_after_gate_recheck,27.360959007637575,6.114158983109519,20.048496913066067,41.84103695670733
truth,unrelated,20.0,93,1,EXECUTE,published_after_gate_recheck,21.631059993524104,5.908902996452525,20.048496913066067,41.84103695670733
truth,unrelated,20.0,94,1,EXECUTE,published_after_gate_recheck,25.789917999645695,8.172961010131985,20.048496913066067,41.84103695670733
truth,unrelated,20.0,95,1,EXECUTE,published_after_gate_recheck,21.991820016410202,6.01215599454008,20.048496913066067,41.84103695670733
truth,unrelated,20.0,96,1,EXECUTE,published_after_gate_recheck,26.15917701041326,8.008957986021414,20.048496913066067,41.84103695670733
truth,unrelated,20.0,97,1,EXECUTE,published_after_gate_recheck,21.63905999623239,5.916904017794877,20.048496913066067,41.84103695670733
truth,unrelated,20.0,98,1,EXECUTE,published_after_gate_recheck,25.796667992835864,9.861755999736488,20.048496913066067,41.84103695670733
truth,unrelated,20.0,99,1,EXECUTE,published_after_gate_recheck,21.759063994977623,5.973654973786324,20.048496913066067,41.84103695670733
global,related_same,20.0,0,1,EXECUTE,published_after_gate_recheck,22.399329987820238,6.0104049916844815,20.216081963537338,31.664925012797607
global,related_same,20.0,1,1,EXECUTE,published_after_gate_recheck,21.631310024531558,5.858652002643794,20.216081963537338,31.664925012797607
global,related_same,20.0,2,0,REVOKE,context_version_changed_at_publish,25.68891498958692,7.753201003652066,20.216081963537338,31.664925012797607
global,related_same,20.0,3,1,EXECUTE,published_after_gate_recheck,21.808063989738002,5.900652991840616,20.216081963537338,31.664925012797607
global,related_same,20.0,4,0,REVOKE,context_version_changed_at_publish,25.908420997438952,8.817229012493044,20.216081963537338,31.664925012797607
global,related_same,20.0,5,1,EXECUTE,published_after_gate_recheck,21.69406198663637,5.859651981154457,20.216081963537338,31.664925012797607
global,related_same,20.0,6,0,REVOKE,context_version_changed_at_publish,25.715916010085493,9.94325801730156,20.216081963537338,31.664925012797607
global,related_same,20.0,7,1,EXECUTE,published_after_gate_recheck,22.03282099799253,5.985904979752377,20.216081963537338,31.664925012797607
global,related_same,20.0,8,0,REVOKE,context_version_changed_at_publish,24.6598880039528,8.506470010615885,20.216081963537338,31.664925012797607
global,related_same,20.0,9,1,EXECUTE,published_after_gate_recheck,21.78531399113126,5.870152002898976,20.216081963537338,31.664925012797607
global,related_same,20.0,10,1,EXECUTE,published_after_gate_recheck,25.24040301796049,7.307188992854208,20.216081963537338,31.664925012797607
global,related_same,20.0,11,1,EXECUTE,published_after_gate_recheck,21.84506499907002,5.941153998719528,20.216081963537338,31.664925012797607
global,related_same,20.0,12,1,EXECUTE,published_after_gate_recheck,24.25437798956409,5.953654006589204,20.216081963537338,31.664925012797607
global,related_same,20.0,13,1,EXECUTE,published_after_gate_recheck,21.744562982348725,5.924152996158227,20.216081963537338,31.664925012797607
global,related_same,20.0,14,1,EXECUTE,published_after_gate_recheck,22.030069987522438,5.923403979977593,20.216081963537338,31.664925012797607
global,related_same,20.0,15,1,EXECUTE,published_after_gate_recheck,21.70606201980263,5.872152018127963,20.216081963537338,31.664925012797607
global,related_same,20.0,16,1,EXECUTE,published_after_gate_recheck,21.666060987627134,5.863651022082195,20.216081963537338,31.664925012797607
global,related_same,20.0,17,1,EXECUTE,published_after_gate_recheck,27.09220099495724,6.035155995050445,20.216081963537338,31.664925012797607
global,related_same,20.0,18,1,EXECUTE,published_after_gate_recheck,21.611058997223154,5.905653000809252,20.216081963537338,31.664925012797607
global,related_same,20.0,19,1,EXECUTE,published_after_gate_recheck,27.403710002545267,6.10790797509253,20.216081963537338,31.664925012797607
global,related_same,20.0,20,1,EXECUTE,published_after_gate_recheck,21.763814002042636,5.929403996560723,20.216081963537338,31.664925012797607
global,related_same,20.0,21,0,REVOKE,context_version_changed_at_publish,25.54866098216735,8.063708984991536,20.216081963537338,31.664925012797607
global,related_same,20.0,22,1,EXECUTE,published_after_gate_recheck,21.624058979796246,5.856401985511184,20.216081963537338,31.664925012797607
global,related_same,20.0,23,0,REVOKE,context_version_changed_at_publish,25.478908995864913,7.702199014602229,20.216081963537338,31.664925012797607
global,related_same,20.0,24,1,EXECUTE,published_after_gate_recheck,21.811564976815134,5.932154017500579,20.216081963537338,31.664925012797607
global,related_same,20.0,25,0,REVOKE,context_version_changed_at_publish,25.703916006023064,8.197711984394118,20.216081963537338,31.664925012797607
global,related_same,20.0,26,1,EXECUTE,published_after_gate_recheck,21.753812994575128,5.918903014389798,20.216081963537338,31.664925012797607
global,related_same,20.0,27,0,REVOKE,context_version_changed_at_publish,24.328630010131747,8.297465014038607,20.216081963537338,31.664925012797607
global,related_same,20.0,28,1,EXECUTE,published_after_gate_recheck,21.768563019577414,6.01215599454008,20.216081963537338,31.664925012797607
global,related_same,20.0,29,1,EXECUTE,published_after_gate_recheck,25.375157012604177,7.296939002117142,20.216081963537338,31.664925012797607
global,related_same,20.0,30,1,EXECUTE,published_after_gate_recheck,21.89706699573435,5.966405005892739,20.216081963537338,31.664925012797607
global,related_same,20.0,31,1,EXECUTE,published_after_gate_recheck,22.69533701473847,5.980404996080324,20.216081963537338,31.664925012797607
global,related_same,20.0,32,1,EXECUTE,published_after_gate_recheck,21.682560996850953,5.909903004067019,20.216081963537338,31.664925012797607
global,related_same,20.0,33,1,EXECUTE,published_after_gate_recheck,23.28760299133137,5.9061529755126685,20.216081963537338,31.664925012797607
global,related_same,20.0,34,1,EXECUTE,published_after_gate_recheck,22.14932400966063,6.097907986259088,20.216081963537338,31.664925012797607
global,related_same,20.0,35,1,EXECUTE,published_after_gate_recheck,21.860315988305956,6.034905993146822,20.216081963537338,31.664925012797607
global,related_same,20.0,36,1,EXECUTE,published_after_gate_recheck,25.869919976685196,6.0549069894477725,20.216081963537338,31.664925012797607
global,related_same,20.0,37,1,EXECUTE,published_after_gate_recheck,22.01956999488175,5.952653998974711,20.216081963537338,31.664925012797607
global,related_same,20.0,38,0,REVOKE,context_version_changed_at_publish,26.146676973439753,7.949455990456045,20.216081963537338,31.664925012797607
global,related_same,20.0,39,1,EXECUTE,published_after_gate_recheck,22.03931999974884,5.952153995167464,20.216081963537338,31.664925012797607
global,related_same,20.0,40,0,REVOKE,context_version_changed_at_publish,25.646663998486474,8.148210996296257,20.216081963537338,31.664925012797607
global,related_same,20.0,41,1,EXECUTE,published_after_gate_recheck,21.830565005075186,6.040656997356564,20.216081963537338,31.664925012797607
global,related_same,20.0,42,0,REVOKE,context_version_changed_at_publish,25.6076630030293,7.904455007519573,20.216081963537338,31.664925012797607
global,related_same,20.0,43,1,EXECUTE,published_after_gate_recheck,21.739062998676673,5.983654991723597,20.216081963537338,31.664925012797607
global,related_same,20.0,44,0,REVOKE,context_version_changed_at_publish,25.569161982275546,8.557972003472969,20.216081963537338,31.664925012797607
global,related_same,20.0,45,1,EXECUTE,published_after_gate_recheck,21.640310005750507,5.984404997434467,20.216081963537338,31.664925012797607
global,related_same,20.0,46,0,REVOKE,context_version_changed_at_publish,25.353655975777656,9.233988996129483,20.216081963537338,31.664925012797607
global,related_same,20.0,47,1,EXECUTE,published_after_gate_recheck,21.725062979385257,5.903901997953653,20.216081963537338,31.664925012797607
global,related_same,20.0,48,1,EXECUTE,published_after_gate_recheck,26.120676018763334,7.416691980324686,20.216081963537338,31.664925012797607
global,related_same,20.0,49,1,EXECUTE,published_after_gate_recheck,21.920567989582196,6.0451570025179535,20.216081963537338,31.664925012797607
global,related_same,20.0,50,1,EXECUTE,published_after_gate_recheck,25.624663016060367,8.165710984030738,20.216081963537338,31.664925012797607
global,related_same,20.0,51,1,EXECUTE,published_after_gate_recheck,21.8770659994334,6.0476559738162905,20.216081963537338,31.664925012797607
global,related_same,20.0,52,1,EXECUTE,published_after_gate_recheck,24.078622984234244,6.075657001929358,20.216081963537338,31.664925012797607
global,related_same,20.0,53,1,EXECUTE,published_after_gate_recheck,21.846314979484305,5.956904002232477,20.216081963537338,31.664925012797607
global,related_same,20.0,54,1,EXECUTE,published_after_gate_recheck,21.920817001955584,5.963654984952882,20.216081963537338,31.664925012797607
global,related_same,20.0,55,1,EXECUTE,published_after_gate_recheck,21.993819013005123,5.943652999121696,20.216081963537338,31.664925012797607
global,related_same,20.0,56,1,EXECUTE,published_after_gate_recheck,21.62531000794843,5.91715399059467,20.216081963537338,31.664925012797607
global,related_same,20.0,57,0,REVOKE,context_version_changed_at_publish,25.43115901062265,7.917704991996288,20.216081963537338,31.664925012797607
global,related_same,20.0,58,1,EXECUTE,published_after_gate_recheck,21.719812008086592,5.970655009150505,20.216081963537338,31.664925012797607
global,related_same,20.0,59,0,REVOKE,context_version_changed_at_publish,25.49341000849381,7.8089520102366805,20.216081963537338,31.664925012797607
global,related_same,20.0,60,1,EXECUTE,published_after_gate_recheck,21.690061985282227,5.924403987592086,20.216081963537338,31.664925012797607
global,related_same,20.0,61,0,REVOKE,context_version_changed_at_publish,25.873670005239546,8.201962016755715,20.216081963537338,31.664925012797607
global,related_same,20.0,62,1,EXECUTE,published_after_gate_recheck,21.75256298505701,5.902653007069603,20.216081963537338,31.664925012797607
global,related_same,20.0,63,0,REVOKE,context_version_changed_at_publish,24.193126999307424,8.359966013813391,20.216081963537338,31.664925012797607
global,related_same,20.0,64,1,EXECUTE,published_after_gate_recheck,21.77906400174834,5.968654004391283,20.216081963537338,31.664925012797607
global,related_same,20.0,65,1,EXECUTE,published_after_gate_recheck,25.493660010397434,8.170710992999375,20.216081963537338,31.664925012797607
global,related_same,20.0,66,1,EXECUTE,published_after_gate_recheck,21.828315017046407,5.945654003880918,20.216081963537338,31.664925012797607
global,related_same,20.0,67,1,EXECUTE,published_after_gate_recheck,25.614662998123094,8.130710979457945,20.216081963537338,31.664925012797607
global,related_same,20.0,68,1,EXECUTE,published_after_gate_recheck,21.771563013317063,5.965404998278245,20.216081963537338,31.664925012797607
global,related_same,20.0,69,1,EXECUTE,published_after_gate_recheck,24.39638099167496,5.917653004871681,20.216081963537338,31.664925012797607
global,related_same,20.0,70,1,EXECUTE,published_after_gate_recheck,21.748313010903075,5.909653002163395,20.216081963537338,31.664925012797607
global,related_same,20.0,71,1,EXECUTE,published_after_gate_recheck,21.72181199421175,5.956154986051843,20.216081963537338,31.664925012797607
global,related_same,20.0,72,1,EXECUTE,published_after_gate_recheck,22.304326994344592,5.992654972942546,20.216081963537338,31.664925012797607
global,related_same,20.0,73,1,EXECUTE,published_after_gate_recheck,21.668311004759744,5.954653985099867,20.216081963537338,31.664925012797607
global,related_same,20.0,74,0,REVOKE,context_version_changed_at_publish,25.614913000026718,7.941705989651382,20.216081963537338,31.664925012797607
global,related_same,20.0,75,1,EXECUTE,published_after_gate_recheck,21.784813987324014,6.021404988132417,20.216081963537338,31.664925012797607
global,related_same,20.0,76,1,EXECUTE,published_after_gate_recheck,27.19445401453413,6.051156000467017,20.216081963537338,31.664925012797607
global,related_same,20.0,77,1,EXECUTE,published_after_gate_recheck,21.819315006723627,5.879651987925172,20.216081963537338,31.664925012797607
global,related_same,20.0,78,0,REVOKE,context_version_changed_at_publish,26.267929992172867,8.334466023370624,20.216081963537338,31.664925012797607
global,related_same,20.0,79,1,EXECUTE,published_after_gate_recheck,21.746562997577712,5.872651992831379,20.216081963537338,31.664925012797607
global,related_same,20.0,80,0,REVOKE,context_version_changed_at_publish,25.675165001302958,7.675198983633891,20.216081963537338,31.664925012797607
global,related_same,20.0,81,1,EXECUTE,published_after_gate_recheck,21.878066996578127,5.977653985610232,20.216081963537338,31.664925012797607
global,related_same,20.0,82,0,REVOKE,context_version_changed_at_publish,24.06487299595028,8.294464991195127,20.216081963537338,31.664925012797607
global,related_same,20.0,83,1,EXECUTE,published_after_gate_recheck,21.661560982465744,5.896903021493927,20.216081963537338,31.664925012797607
global,related_same,20.0,84,0,REVOKE,context_version_changed_at_publish,24.8853950179182,8.896731014829129,20.216081963537338,31.664925012797607
global,related_same,20.0,85,1,EXECUTE,published_after_gate_recheck,21.628059999784455,5.967653996776789,20.216081963537338,31.664925012797607
global,related_same,20.0,86,1,EXECUTE,published_after_gate_recheck,23.58211000682786,6.0339059855323285,20.216081963537338,31.664925012797607
global,related_same,20.0,87,1,EXECUTE,published_after_gate_recheck,21.77431297604926,5.8841530117206275,20.216081963537338,31.664925012797607
global,related_same,20.0,88,1,EXECUTE,published_after_gate_recheck,24.56888699089177,5.971904989564791,20.216081963537338,31.664925012797607
global,related_same,20.0,89,1,EXECUTE,published_after_gate_recheck,22.058571019442752,6.060157000320032,20.216081963537338,31.664925012797607
global,related_same,20.0,90,1,EXECUTE,published_after_gate_recheck,21.777064015623182,6.032407021848485,20.216081963537338,31.664925012797607
global,related_same,20.0,91,1,EXECUTE,published_after_gate_recheck,25.964172993553802,5.969404999632388,20.216081963537338,31.664925012797607
global,related_same,20.0,92,1,EXECUTE,published_after_gate_recheck,22.783339984016493,5.985905008856207,20.216081963537338,31.664925012797607
global,related_same,20.0,93,1,EXECUTE,published_after_gate_recheck,23.161599994637072,6.064407003577799,20.216081963537338,31.664925012797607
global,related_same,20.0,94,1,EXECUTE,published_after_gate_recheck,21.7698129999917,5.899653013329953,20.216081963537338,31.664925012797607
global,related_same,20.0,95,0,REVOKE,context_version_changed_at_publish,25.5524110107217,7.860954006901011,20.216081963537338,31.664925012797607
global,related_same,20.0,96,1,EXECUTE,published_after_gate_recheck,21.786564000649378,5.877401999896392,20.216081963537338,31.664925012797607
global,related_same,20.0,97,0,REVOKE,context_version_changed_at_publish,26.230429008137435,8.078958984697238,20.216081963537338,31.664925012797607
global,related_same,20.0,98,1,EXECUTE,published_after_gate_recheck,22.08507200703025,6.011655990732834,20.216081963537338,31.664925012797607
global,related_same,20.0,99,0,REVOKE,context_version_changed_at_publish,25.782166980206966,8.554721978725865,20.216081963537338,31.664925012797607
readset,related_same,20.0,0,1,EXECUTE,published_after_gate_recheck,22.262576007051393,6.019905005814508,19.991404895418704,41.71093552522385
readset,related_same,20.0,1,1,EXECUTE,published_after_gate_recheck,21.950568014290184,5.973903986159712,19.991404895418704,41.71093552522385
readset,related_same,20.0,2,1,EXECUTE,published_after_gate_recheck,25.76291700825095,8.172461006324738,19.991404895418704,41.71093552522385
readset,related_same,20.0,3,1,EXECUTE,published_after_gate_recheck,21.75556300790049,5.965154996374622,19.991404895418704,41.71093552522385
readset,related_same,20.0,4,1,EXECUTE,published_after_gate_recheck,26.04992498527281,8.481969009153545,19.991404895418704,41.71093552522385
readset,related_same,20.0,5,1,EXECUTE,published_after_gate_recheck,21.935817989287898,6.124658975750208,19.991404895418704,41.71093552522385
readset,related_same,20.0,6,1,EXECUTE,published_after_gate_recheck,24.578386975917965,8.655223995447159,19.991404895418704,41.71093552522385
readset,related_same,20.0,7,1,EXECUTE,published_after_gate_recheck,21.867066010599956,5.947653990006074,19.991404895418704,41.71093552522385
readset,related_same,20.0,8,1,EXECUTE,published_after_gate_recheck,24.50438402593136,8.52496997686103,19.991404895418704,41.71093552522385
readset,related_same,20.0,9,1,EXECUTE,published_after_gate_recheck,21.915067016379908,5.964905023574829,19.991404895418704,41.71093552522385
readset,related_same,20.0,10,1,EXECUTE,published_after_gate_recheck,25.812417996348813,6.097407982451841,19.991404895418704,41.71093552522385
readset,related_same,20.0,11,1,EXECUTE,published_after_gate_recheck,21.848816017154604,5.944654025370255,19.991404895418704,41.71093552522385
readset,related_same,20.0,12,1,EXECUTE,published_after_gate_recheck,24.45213301689364,5.978655011858791,19.991404895418704,41.71093552522385
readset,related_same,20.0,13,1,EXECUTE,published_after_gate_recheck,21.82556499610655,5.979155015666038,19.991404895418704,41.71093552522385
readset,related_same,20.0,14,1,EXECUTE,published_after_gate_recheck,26.34043199941516,6.286913005169481,19.991404895418704,41.71093552522385
readset,related_same,20.0,15,1,EXECUTE,published_after_gate_recheck,21.969568013446406,5.984154995530844,19.991404895418704,41.71093552522385
readset,related_same,20.0,16,1,EXECUTE,published_after_gate_recheck,23.301603010622784,5.9796540008392185,19.991404895418704,41.71093552522385
readset,related_same,20.0,17,1,EXECUTE,published_after_gate_recheck,22.004069993272424,5.976404994726181,19.991404895418704,41.71093552522385
readset,related_same,20.0,18,1,EXECUTE,published_after_gate_recheck,21.79431400145404,5.925653007579967,19.991404895418704,41.71093552522385
readset,related_same,20.0,19,1,EXECUTE,published_after_gate_recheck,26.16867801407352,6.088658003136516,19.991404895418704,41.71093552522385
readset,related_same,20.0,20,1,EXECUTE,published_after_gate_recheck,22.26107701426372,6.159908982226625,19.991404895418704,41.71093552522385
readset,related_same,20.0,21,1,EXECUTE,published_after_gate_recheck,27.36170799471438,6.202660995768383,19.991404895418704,41.71093552522385
readset,related_same,20.0,22,1,EXECUTE,published_after_gate_recheck,21.767313999589533,5.961154005490243,19.991404895418704,41.71093552522385
readset,related_same,20.0,23,1,EXECUTE,published_after_gate_recheck,25.593662983737886,8.106459979899228,19.991404895418704,41.71093552522385
readset,related_same,20.0,24,1,EXECUTE,published_after_gate_recheck,21.88256601220928,6.045655987691134,19.991404895418704,41.71093552522385
readset,related_same,20.0,25,1,EXECUTE,published_after_gate_recheck,27.370209019863978,6.198410992510617,19.991404895418704,41.71093552522385
readset,related_same,20.0,26,1,EXECUTE,published_after_gate_recheck,22.083821997512132,6.132408976554871,19.991404895418704,41.71093552522385
readset,related_same,20.0,27,1,EXECUTE,published_after_gate_recheck,25.907171017024666,8.104709995677695,19.991404895418704,41.71093552522385
readset,related_same,20.0,28,1,EXECUTE,published_after_gate_recheck,22.231576003832743,6.169158994453028,19.991404895418704,41.71093552522385
readset,related_same,20.0,29,1,EXECUTE,published_after_gate_recheck,26.397183013614267,8.116209995932877,19.991404895418704,41.71093552522385
readset,related_same,20.0,30,1,EXECUTE,published_after_gate_recheck,21.967317996313795,6.2134109903126955,19.991404895418704,41.71093552522385
readset,related_same,20.0,31,1,EXECUTE,published_after_gate_recheck,26.201929023955017,8.908231015084311,19.991404895418704,41.71093552522385
readset,related_same,20.0,32,1,EXECUTE,published_after_gate_recheck,22.138822998385876,5.95865398645401,19.991404895418704,41.71093552522385
readset,related_same,20.0,33,1,EXECUTE,published_after_gate_recheck,26.94194798823446,8.095209981547669,19.991404895418704,41.71093552522385
readset,related_same,20.0,34,1,EXECUTE,published_after_gate_recheck,21.96881899726577,6.066906993510202,19.991404895418704,41.71093552522385
readset,related_same,20.0,35,1,EXECUTE,published_after_gate_recheck,26.067675004014745,9.76050301687792,19.991404895418704,41.71093552522385
readset,related_same,20.0,36,1,EXECUTE,published_after_gate_recheck,21.999819990014657,6.0299059841781855,19.991404895418704,41.71093552522385
readset,related_same,20.0,37,1,EXECUTE,published_after_gate_recheck,24.87164398189634,8.454968978185207,19.991404895418704,41.71093552522385
readset,related_same,20.0,38,1,EXECUTE,published_after_gate_recheck,21.935067983577028,5.962405004538596,19.991404895418704,41.71093552522385
readset,related_same,20.0,39,1,EXECUTE,published_after_gate_recheck,25.275905005401,8.200961980037391,19.991404895418704,41.71093552522385
readset,related_same,20.0,40,1,EXECUTE,published_after_gate_recheck,21.834815008332953,6.043906003469601,19.991404895418704,41.71093552522385
readset,related_same,20.0,41,1,EXECUTE,published_after_gate_recheck,26.30993101047352,8.82897898554802,19.991404895418704,41.71093552522385
readset,related_same,20.0,42,1,EXECUTE,published_after_gate_recheck,22.056571004213765,6.060657004127279,19.991404895418704,41.71093552522385
readset,related_same,20.0,43,1,EXECUTE,published_after_gate_recheck,23.73136399546638,6.068907998269424,19.991404895418704,41.71093552522385
readset,related_same,20.0,44,1,EXECUTE,published_after_gate_recheck,21.705561986891553,5.942654010141268,19.991404895418704,41.71093552522385
readset,related_same,20.0,45,1,EXECUTE,published_after_gate_recheck,21.718311996664852,5.952653998974711,19.991404895418704,41.71093552522385
readset,related_same,20.0,46,1,EXECUTE,published_after_gate_recheck,22.61508599622175,6.27141201402992,19.991404895418704,41.71093552522385
readset,related_same,20.0,47,1,EXECUTE,published_after_gate_recheck,21.76106401020661,5.972654995275661,19.991404895418704,41.71093552522385
readset,related_same,20.0,48,1,EXECUTE,published_after_gate_recheck,25.882669986458495,6.312164012342691,19.991404895418704,41.71093552522385
readset,related_same,20.0,49,1,EXECUTE,published_after_gate_recheck,21.83156501268968,6.069657014450058,19.991404895418704,41.71093552522385
readset,related_same,20.0,50,1,EXECUTE,published_after_gate_recheck,26.48068600683473,6.0929079772904515,19.991404895418704,41.71093552522385
readset,related_same,20.0,51,1,EXECUTE,published_after_gate_recheck,21.932317991741,6.049905990948901,19.991404895418704,41.71093552522385
readset,related_same,20.0,52,1,EXECUTE,published_after_gate_recheck,26.095926004927605,8.042708999710158,19.991404895418704,41.71093552522385
readset,related_same,20.0,53,1,EXECUTE,published_after_gate_recheck,21.790314000099897,5.999654997140169,19.991404895418704,41.71093552522385
readset,related_same,20.0,54,1,EXECUTE,published_after_gate_recheck,25.953171018045396,8.3572170115076,19.991404895418704,41.71093552522385
readset,related_same,20.0,55,1,EXECUTE,published_after_gate_recheck,21.87881601275876,6.014155980665237,19.991404895418704,41.71093552522385
readset,related_same,20.0,56,1,EXECUTE,published_after_gate_recheck,24.43038299679756,8.442468999419361,19.991404895418704,41.71093552522385
readset,related_same,20.0,57,1,EXECUTE,published_after_gate_recheck,21.77931400365196,5.953404004685581,19.991404895418704,41.71093552522385
readset,related_same,20.0,58,1,EXECUTE,published_after_gate_recheck,24.790641997242346,8.781727025052533,19.991404895418704,41.71093552522385
readset,related_same,20.0,59,1,EXECUTE,published_after_gate_recheck,21.91781799774617,6.011406017933041,19.991404895418704,41.71093552522385
readset,related_same,20.0,60,1,EXECUTE,published_after_gate_recheck,25.30165499774739,7.388191006612033,19.991404895418704,41.71093552522385
readset,related_same,20.0,61,1,EXECUTE,published_after_gate_recheck,21.795314009068534,5.935404013143852,19.991404895418704,41.71093552522385
readset,related_same,20.0,62,1,EXECUTE,published_after_gate_recheck,24.97039598529227,6.067907001124695,19.991404895418704,41.71093552522385
readset,related_same,20.0,63,1,EXECUTE,published_after_gate_recheck,21.93756800261326,6.041655986336991,19.991404895418704,41.71093552522385
readset,related_same,20.0,64,1,EXECUTE,published_after_gate_recheck,22.043571021640673,6.0379070055205375,19.991404895418704,41.71093552522385
readset,related_same,20.0,65,1,EXECUTE,published_after_gate_recheck,21.920567989582196,5.9804040065500885,19.991404895418704,41.71093552522385
readset,related_same,20.0,66,1,EXECUTE,published_after_gate_recheck,21.946067980024964,6.101408012909815,19.991404895418704,41.71093552522385
readset,related_same,20.0,67,1,EXECUTE,published_after_gate_recheck,26.35868199286051,6.053407007129863,19.991404895418704,41.71093552522385
readset,related_same,20.0,68,1,EXECUTE,published_after_gate_recheck,21.93206798983738,6.012655998347327,19.991404895418704,41.71093552522385
readset,related_same,20.0,69,1,EXECUTE,published_after_gate_recheck,26.484936010092497,6.150160013930872,19.991404895418704,41.71093552522385
readset,related_same,20.0,70,1,EXECUTE,published_after_gate_recheck,21.73656300874427,5.963405012153089,19.991404895418704,41.71093552522385
readset,related_same,20.0,71,1,EXECUTE,published_after_gate_recheck,30.589542002417147,12.734579999232665,19.991404895418704,41.71093552522385
readset,related_same,20.0,72,1,EXECUTE,published_after_gate_recheck,22.311078006168827,6.070908013498411,19.991404895418704,41.71093552522385
readset,related_same,20.0,73,1,EXECUTE,published_after_gate_recheck,26.370433013653383,6.074408011045307,19.991404895418704,41.71093552522385
readset,related_same,20.0,74,1,EXECUTE,published_after_gate_recheck,21.950068010482937,6.11615800880827,19.991404895418704,41.71093552522385
readset,related_same,20.0,75,1,EXECUTE,published_after_gate_recheck,26.258930010953918,6.143159000203013,19.991404895418704,41.71093552522385
readset,related_same,20.0,76,1,EXECUTE,published_after_gate_recheck,21.74306198139675,6.02040599915199,19.991404895418704,41.71093552522385
readset,related_same,20.0,77,1,EXECUTE,published_after_gate_recheck,26.915697002550587,6.190411018906161,19.991404895418704,41.71093552522385
readset,related_same,20.0,78,1,EXECUTE,published_after_gate_recheck,21.711061999667436,5.954904976533726,19.991404895418704,41.71093552522385
readset,related_same,20.0,79,1,EXECUTE,published_after_gate_recheck,25.622413988457993,8.118711004499346,19.991404895418704,41.71093552522385
readset,related_same,20.0,80,1,EXECUTE,published_after_gate_recheck,21.9748190138489,6.055156991351396,19.991404895418704,41.71093552522385
readset,related_same,20.0,81,1,EXECUTE,published_after_gate_recheck,26.024923980003223,7.986206997884437,19.991404895418704,41.71093552522385
readset,related_same,20.0,82,1,EXECUTE,published_after_gate_recheck,21.611809002934024,5.974905012408271,19.991404895418704,41.71093552522385
readset,related_same,20.0,83,1,EXECUTE,published_after_gate_recheck,26.172677986323833,8.196962007787079,19.991404895418704,41.71093552522385
readset,related_same,20.0,84,1,EXECUTE,published_after_gate_recheck,21.960318001220003,6.012405996443704,19.991404895418704,41.71093552522385
readset,related_same,20.0,85,1,EXECUTE,published_after_gate_recheck,25.99892398575321,8.757475996389985,19.991404895418704,41.71093552522385
readset,related_same,20.0,86,1,EXECUTE,published_after_gate_recheck,21.578808984486386,5.970153986709192,19.991404895418704,41.71093552522385
readset,related_same,20.0,87,1,EXECUTE,published_after_gate_recheck,25.056648009922355,9.205738024320453,19.991404895418704,41.71093552522385
readset,related_same,20.0,88,1,EXECUTE,published_after_gate_recheck,22.120821988210082,6.093907984904945,19.991404895418704,41.71093552522385
readset,related_same,20.0,89,1,EXECUTE,published_after_gate_recheck,25.431409012526274,7.65594799304381,19.991404895418704,41.71093552522385
readset,related_same,20.0,90,1,EXECUTE,published_after_gate_recheck,21.77156397374347,6.000155000947416,19.991404895418704,41.71093552522385
readset,related_same,20.0,91,1,EXECUTE,published_after_gate_recheck,25.10815000277944,8.122961007757112,19.991404895418704,41.71093552522385
readset,related_same,20.0,92,1,EXECUTE,published_after_gate_recheck,21.83981501730159,6.010154989780858,19.991404895418704,41.71093552522385
readset,related_same,20.0,93,1,EXECUTE,published_after_gate_recheck,23.613112018210813,5.985654977848753,19.991404895418704,41.71093552522385
readset,related_same,20.0,94,1,EXECUTE,published_after_gate_recheck,21.75706301932223,5.943904019659385,19.991404895418704,41.71093552522385
readset,related_same,20.0,95,1,EXECUTE,published_after_gate_recheck,22.239074984099716,6.013156002154574,19.991404895418704,41.71093552522385
readset,related_same,20.0,96,1,EXECUTE,published_after_gate_recheck,23.54061001096852,6.233410997083411,19.991404895418704,41.71093552522385
readset,related_same,20.0,97,1,EXECUTE,published_after_gate_recheck,21.928068017587066,6.062406988348812,19.991404895418704,41.71093552522385
readset,related_same,20.0,98,1,EXECUTE,published_after_gate_recheck,26.84744499856606,6.067907001124695,19.991404895418704,41.71093552522385
readset,related_same,20.0,99,1,EXECUTE,published_after_gate_recheck,21.984068996971473,6.038156017893925,19.991404895418704,41.71093552522385
truth,related_same,20.0,0,1,EXECUTE,published_after_gate_recheck,23.120099009247497,6.1859099951107055,20.03829290807636,41.8162702275315
truth,related_same,20.0,1,1,EXECUTE,published_after_gate_recheck,21.703311998862773,5.981655005598441,20.03829290807636,41.8162702275315
truth,related_same,20.0,2,1,EXECUTE,published_after_gate_recheck,26.425934018334374,8.735726994927973,20.03829290807636,41.8162702275315
truth,related_same,20.0,3,1,EXECUTE,published_after_gate_recheck,21.7230629932601,5.8916529815178365,20.03829290807636,41.8162702275315
truth,related_same,20.0,4,1,EXECUTE,published_after_gate_recheck,26.119175978237763,8.072209020610899,20.03829290807636,41.8162702275315
truth,related_same,20.0,5,1,EXECUTE,published_after_gate_recheck,21.946817985735834,5.979405017569661,20.03829290807636,41.8162702275315
truth,related_same,20.0,6,1,EXECUTE,published_after_gate_recheck,25.83291899645701,8.648224000353366,20.03829290807636,41.8162702275315
truth,related_same,20.0,7,1,EXECUTE,published_after_gate_recheck,21.98606898309663,5.976154992822558,20.03829290807636,41.8162702275315
truth,related_same,20.0,8,1,EXECUTE,published_after_gate_recheck,26.052675006212667,7.938705006381497,20.03829290807636,41.8162702275315
truth,related_same,20.0,9,1,EXECUTE,published_after_gate_recheck,21.897566999541596,5.948903999524191,20.03829290807636,41.8162702275315
truth,related_same,20.0,10,1,EXECUTE,published_after_gate_recheck,24.81514198007062,8.937731996411458,20.03829290807636,41.8162702275315
truth,related_same,20.0,11,1,EXECUTE,published_after_gate_recheck,21.619060018565506,5.895153008168563,20.03829290807636,41.8162702275315
truth,related_same,20.0,12,1,EXECUTE,published_after_gate_recheck,25.29915500781499,8.020957990083843,20.03829290807636,41.8162702275315
truth,related_same,20.0,13,1,EXECUTE,published_after_gate_recheck,21.9468190043699,6.015906023094431,20.03829290807636,41.8162702275315
truth,related_same,20.0,14,1,EXECUTE,published_after_gate_recheck,23.99837100529112,6.076656980440021,20.03829290807636,41.8162702275315
truth,related_same,20.0,15,1,EXECUTE,published_after_gate_recheck,21.64130998426117,5.932654021307826,20.03829290807636,41.8162702275315
truth,related_same,20.0,16,1,EXECUTE,published_after_gate_recheck,23.685863008722663,5.860402015969157,20.03829290807636,41.8162702275315
truth,related_same,20.0,17,1,EXECUTE,published_after_gate_recheck,22.035320987924933,5.972404993372038,20.03829290807636,41.8162702275315
truth,related_same,20.0,18,1,EXECUTE,published_after_gate_recheck,21.698311989894137,5.9764040051959455,20.03829290807636,41.8162702275315
truth,related_same,20.0,19,1,EXECUTE,published_after_gate_recheck,26.00092301145196,6.149660010123625,20.03829290807636,41.8162702275315
truth,related_same,20.0,20,1,EXECUTE,published_after_gate_recheck,21.754563000285998,5.929402977926657,20.03829290807636,41.8162702275315
truth,related_same,20.0,21,1,EXECUTE,published_after_gate_recheck,26.408182980958372,6.337664992315695,20.03829290807636,41.8162702275315
truth,related_same,20.0,22,1,EXECUTE,published_after_gate_recheck,21.835565014043823,5.927902995608747,20.03829290807636,41.8162702275315
truth,related_same,20.0,23,1,EXECUTE,published_after_gate_recheck,25.710165995405987,8.205463003832847,20.03829290807636,41.8162702275315
truth,related_same,20.0,24,1,EXECUTE,published_after_gate_recheck,21.67331098462455,5.9044029912911355,20.03829290807636,41.8162702275315
truth,related_same,20.0,25,1,EXECUTE,published_after_gate_recheck,25.57766198879108,7.9439550172537565,20.03829290807636,41.8162702275315
truth,related_same,20.0,26,1,EXECUTE,published_after_gate_recheck,22.06632200977765,6.019405002007261,20.03829290807636,41.8162702275315
truth,related_same,20.0,27,1,EXECUTE,published_after_gate_recheck,25.588161981431767,8.056709019001573,20.03829290807636,41.8162702275315
truth,related_same,20.0,28,1,EXECUTE,published_after_gate_recheck,21.730812004534528,5.8841530117206275,20.03829290807636,41.8162702275315
truth,related_same,20.0,29,1,EXECUTE,published_after_gate_recheck,25.82241900381632,9.95350698940456,20.03829290807636,41.8162702275315
truth,related_same,20.0,30,1,EXECUTE,published_after_gate_recheck,22.67708702129312,6.026906019542366,20.03829290807636,41.8162702275315
truth,related_same,20.0,31,1,EXECUTE,published_after_gate_recheck,25.152151007205248,8.92323098378256,20.03829290807636,41.8162702275315
truth,related_same,20.0,32,1,EXECUTE,published_after_gate_recheck,21.838815009687096,6.004404975101352,20.03829290807636,41.8162702275315
truth,related_same,20.0,33,1,EXECUTE,published_after_gate_recheck,26.257179997628555,9.82425399706699,20.03829290807636,41.8162702275315
truth,related_same,20.0,34,1,EXECUTE,published_after_gate_recheck,21.859315980691463,5.981905007502064,20.03829290807636,41.8162702275315
truth,related_same,20.0,35,1,EXECUTE,published_after_gate_recheck,25.342156004626304,8.025457995245233,20.03829290807636,41.8162702275315
truth,related_same,20.0,36,1,EXECUTE,published_after_gate_recheck,21.89106697915122,6.0621569864451885,20.03829290807636,41.8162702275315
truth,related_same,20.0,37,1,EXECUTE,published_after_gate_recheck,24.04937200481072,5.913653003517538,20.03829290807636,41.8162702275315
truth,related_same,20.0,38,1,EXECUTE,published_after_gate_recheck,21.834815008332953,5.983654991723597,20.03829290807636,41.8162702275315
truth,related_same,20.0,39,1,EXECUTE,published_after_gate_recheck,21.845315000973642,5.970903992420062,20.03829290807636,41.8162702275315
truth,related_same,20.0,40,1,EXECUTE,published_after_gate_recheck,21.683560975361615,5.875402974197641,20.03829290807636,41.8162702275315
truth,related_same,20.0,41,1,EXECUTE,published_after_gate_recheck,21.793565014377236,5.9861550107598305,20.03829290807636,41.8162702275315
truth,related_same,20.0,42,1,EXECUTE,published_after_gate_recheck,26.478435000171885,6.128658016677946,20.03829290807636,41.8162702275315
truth,related_same,20.0,43,1,EXECUTE,published_after_gate_recheck,21.87306701671332,5.936903995461762,20.03829290807636,41.8162702275315
truth,related_same,20.0,44,1,EXECUTE,published_after_gate_recheck,25.619413005188107,8.114460011711344,20.03829290807636,41.8162702275315
truth,related_same,20.0,45,1,EXECUTE,published_after_gate_recheck,21.797814988531172,5.926403013290837,20.03829290807636,41.8162702275315
truth,related_same,20.0,46,1,EXECUTE,published_after_gate_recheck,25.721415993757546,8.102460007648915,20.03829290807636,41.8162702275315
truth,related_same,20.0,47,1,EXECUTE,published_after_gate_recheck,22.295577015029266,6.17716001579538,20.03829290807636,41.8162702275315
truth,related_same,20.0,48,1,EXECUTE,published_after_gate_recheck,26.21617799741216,8.870480000041425,20.03829290807636,41.8162702275315
truth,related_same,20.0,49,1,EXECUTE,published_after_gate_recheck,21.612309996271506,5.891402979614213,20.03829290807636,41.8162702275315
truth,related_same,20.0,50,1,EXECUTE,published_after_gate_recheck,25.78116802033037,7.875704002799466,20.03829290807636,41.8162702275315
truth,related_same,20.0,51,1,EXECUTE,published_after_gate_recheck,21.871316013857722,5.939403985394165,20.03829290807636,41.8162702275315
truth,related_same,20.0,52,1,EXECUTE,published_after_gate_recheck,25.265904027037323,9.094235021620989,20.03829290807636,41.8162702275315
truth,related_same,20.0,53,1,EXECUTE,published_after_gate_recheck,21.83756500016898,5.922153999563307,20.03829290807636,41.8162702275315
truth,related_same,20.0,54,1,EXECUTE,published_after_gate_recheck,25.400157988769934,8.138461009366438,20.03829290807636,41.8162702275315
truth,related_same,20.0,55,1,EXECUTE,published_after_gate_recheck,22.03106999513693,6.069407012546435,20.03829290807636,41.8162702275315
truth,related_same,20.0,56,1,EXECUTE,published_after_gate_recheck,25.756166985956952,6.235411012312397,20.03829290807636,41.8162702275315
truth,related_same,20.0,57,1,EXECUTE,published_after_gate_recheck,21.71581200673245,5.896902002859861,20.03829290807636,41.8162702275315
truth,related_same,20.0,58,1,EXECUTE,published_after_gate_recheck,25.617413979489356,6.075907003832981,20.03829290807636,41.8162702275315
truth,related_same,20.0,59,1,EXECUTE,published_after_gate_recheck,21.958067984087393,6.007404997944832,20.03829290807636,41.8162702275315
truth,related_same,20.0,60,1,EXECUTE,published_after_gate_recheck,23.665613000048324,5.903153010876849,20.03829290807636,41.8162702275315
truth,related_same,20.0,61,1,EXECUTE,published_after_gate_recheck,21.918318001553416,5.937153997365385,20.03829290807636,41.8162702275315
truth,related_same,20.0,62,1,EXECUTE,published_after_gate_recheck,21.671310998499393,5.933653999818489,20.03829290807636,41.8162702275315
truth,related_same,20.0,63,1,EXECUTE,published_after_gate_recheck,26.27893100725487,6.0581569850910455,20.03829290807636,41.8162702275315
truth,related_same,20.0,64,1,EXECUTE,published_after_gate_recheck,21.94656801293604,5.9926550020463765,20.03829290807636,41.8162702275315
truth,related_same,20.0,65,1,EXECUTE,published_after_gate_recheck,27.325958013534546,6.228660990018398,20.03829290807636,41.8162702275315
truth,related_same,20.0,66,1,EXECUTE,published_after_gate_recheck,21.707811974920332,5.915403016842902,20.03829290807636,41.8162702275315
truth,related_same,20.0,67,1,EXECUTE,published_after_gate_recheck,25.84416899480857,6.106907996581867,20.03829290807636,41.8162702275315
truth,related_same,20.0,68,1,EXECUTE,published_after_gate_recheck,21.794065018184483,5.943654017755762,20.03829290807636,41.8162702275315
truth,related_same,20.0,69,1,EXECUTE,published_after_gate_recheck,27.555462991585955,6.213161017512903,20.03829290807636,41.8162702275315
truth,related_same,20.0,70,1,EXECUTE,published_after_gate_recheck,21.62005999707617,5.950154009042308,20.03829290807636,41.8162702275315
truth,related_same,20.0,71,1,EXECUTE,published_after_gate_recheck,25.60366300167516,7.966956007294357,20.03829290807636,41.8162702275315
truth,related_same,20.0,72,1,EXECUTE,published_after_gate_recheck,21.95356899756007,6.081158004235476,20.03829290807636,41.8162702275315
truth,related_same,20.0,73,1,EXECUTE,published_after_gate_recheck,26.152676990022883,7.980207010405138,20.03829290807636,41.8162702275315
truth,related_same,20.0,74,1,EXECUTE,published_after_gate_recheck,21.708062005927786,5.966155003989115,20.03829290807636,41.8162702275315
truth,related_same,20.0,75,1,EXECUTE,published_after_gate_recheck,25.471408996963874,8.01545800641179,20.03829290807636,41.8162702275315
truth,related_same,20.0,76,1,EXECUTE,published_after_gate_recheck,21.854065998923033,6.059906998416409,20.03829290807636,41.8162702275315
truth,related_same,20.0,77,1,EXECUTE,published_after_gate_recheck,24.371131003135815,8.389466995140538,20.03829290807636,41.8162702275315
truth,related_same,20.0,78,1,EXECUTE,published_after_gate_recheck,21.739562012953684,5.952404026174918,20.03829290807636,41.8162702275315
truth,related_same,20.0,79,1,EXECUTE,published_after_gate_recheck,25.128150009550154,8.040207991143689,20.03829290807636,41.8162702275315
truth,related_same,20.0,80,1,EXECUTE,published_after_gate_recheck,22.05082098953426,6.192660017404705,20.03829290807636,41.8162702275315
truth,related_same,20.0,81,1,EXECUTE,published_after_gate_recheck,26.07017499394715,6.099657999584451,20.03829290807636,41.8162702275315
truth,related_same,20.0,82,1,EXECUTE,published_after_gate_recheck,22.11707300739363,6.090157985454425,20.03829290807636,41.8162702275315
truth,related_same,20.0,83,1,EXECUTE,published_after_gate_recheck,25.463158992351964,7.341690012253821,20.03829290807636,41.8162702275315
truth,related_same,20.0,84,1,EXECUTE,published_after_gate_recheck,21.996819006744772,6.005155009916052,20.03829290807636,41.8162702275315
truth,related_same,20.0,85,1,EXECUTE,published_after_gate_recheck,23.84311700006947,5.888651998247951,20.03829290807636,41.8162702275315
truth,related_same,20.0,86,1,EXECUTE,published_after_gate_recheck,21.806564007420093,5.906652979319915,20.03829290807636,41.8162702275315
truth,related_same,20.0,87,1,EXECUTE,published_after_gate_recheck,22.458080988144502,5.920903000514954,20.03829290807636,41.8162702275315
truth,related_same,20.0,88,1,EXECUTE,published_after_gate_recheck,23.00459600519389,6.119158992078155,20.03829290807636,41.8162702275315
truth,related_same,20.0,89,1,EXECUTE,published_after_gate_recheck,21.756562986411154,5.943653988651931,20.03829290807636,41.8162702275315
truth,related_same,20.0,90,1,EXECUTE,published_after_gate_recheck,25.804417993640527,8.20646301144734,20.03829290807636,41.8162702275315
truth,related_same,20.0,91,1,EXECUTE,published_after_gate_recheck,21.773312997538596,5.9004029899369925,20.03829290807636,41.8162702275315
truth,related_same,20.0,92,1,EXECUTE,published_after_gate_recheck,27.032448997488245,6.106157990870997,20.03829290807636,41.8162702275315
truth,related_same,20.0,93,1,EXECUTE,published_after_gate_recheck,21.836314990650862,6.11315801506862,20.03829290807636,41.8162702275315
truth,related_same,20.0,94,1,EXECUTE,published_after_gate_recheck,26.181677996646613,7.951956009492278,20.03829290807636,41.8162702275315
truth,related_same,20.0,95,1,EXECUTE,published_after_gate_recheck,21.86206600163132,6.0241559986025095,20.03829290807636,41.8162702275315
truth,related_same,20.0,96,1,EXECUTE,published_after_gate_recheck,26.38718398520723,8.757475996389985,20.03829290807636,41.8162702275315
truth,related_same,20.0,97,1,EXECUTE,published_after_gate_recheck,21.91681700060144,5.99515502108261,20.03829290807636,41.8162702275315
truth,related_same,20.0,98,1,EXECUTE,published_after_gate_recheck,25.97617299761623,8.67897502030246,20.03829290807636,41.8162702275315
truth,related_same,20.0,99,1,EXECUTE,published_after_gate_recheck,22.18157399329357,5.948653997620568,20.03829290807636,41.8162702275315
global,unrelated,100.0,0,0,REVOKE,context_version_changed_at_publish,27.87047199672088,9.845255000982434,99.91929671983387,1.1845137227920521
global,unrelated,100.0,1,0,REVOKE,context_version_changed_at_publish,37.32071700505912,10.418519988888875,99.91929671983387,1.1845137227920521
global,unrelated,100.0,2,0,REVOKE,context_version_changed_at_publish,33.46511602285318,12.417821999406442,99.91929671983387,1.1845137227920521
global,unrelated,100.0,3,0,REVOKE,context_version_changed_at_publish,37.30421600630507,10.119511978700757,99.91929671983387,1.1845137227920521
global,unrelated,100.0,4,0,REVOKE,context_version_changed_at_publish,33.81012499448843,10.018758999649435,99.91929671983387,1.1845137227920521
global,unrelated,100.0,5,0,REVOKE,context_version_changed_at_publish,32.877101009944454,9.305240993853658,99.91929671983387,1.1845137227920521
global,unrelated,100.0,6,0,REVOKE,context_version_changed_at_publish,28.780994995031506,8.975481992820278,99.91929671983387,1.1845137227920521
global,unrelated,100.0,7,0,REVOKE,context_version_changed_at_publish,34.26888698595576,10.203763988101855,99.91929671983387,1.1845137227920521
global,unrelated,100.0,8,0,REVOKE,context_version_changed_at_publish,36.83345401077531,10.25076600490138,99.91929671983387,1.1845137227920521
global,unrelated,100.0,9,0,REVOKE,context_version_changed_at_publish,33.8628760073334,12.22481598961167,99.91929671983387,1.1845137227920521
global,unrelated,100.0,10,0,REVOKE,context_version_changed_at_publish,38.67475097649731,10.157262993743643,99.91929671983387,1.1845137227920521
global,unrelated,100.0,11,0,REVOKE,context_version_changed_at_publish,37.111460987944156,10.185263003222644,99.91929671983387,1.1845137227920521
global,unrelated,100.0,12,0,REVOKE,context_version_changed_at_publish,31.673819990828633,9.745251998538151,99.91929671983387,1.1845137227920521
global,unrelated,100.0,13,0,REVOKE,context_version_changed_at_publish,32.00607799226418,8.650973992189392,99.91929671983387,1.1845137227920521
global,unrelated,100.0,14,0,REVOKE,context_version_changed_at_publish,32.248584990156814,9.242739994078875,99.91929671983387,1.1845137227920521
global,unrelated,100.0,15,0,REVOKE,context_version_changed_at_publish,31.275810004444793,9.055984002770856,99.91929671983387,1.1845137227920521
global,unrelated,100.0,16,0,REVOKE,context_version_changed_at_publish,33.58462001779117,11.834806995466352,99.91929671983387,1.1845137227920521
global,unrelated,100.0,17,0,REVOKE,context_version_changed_at_publish,33.42086501652375,12.474823015509173,99.91929671983387,1.1845137227920521
global,unrelated,100.0,18,0,REVOKE,context_version_changed_at_publish,34.04513097484596,10.198014002526179,99.91929671983387,1.1845137227920521
global,unrelated,100.0,19,0,REVOKE,context_version_changed_at_publish,33.386363997124135,8.525470009772107,99.91929671983387,1.1845137227920521
global,unrelated,100.0,20,0,REVOKE,context_version_changed_at_publish,32.14433300308883,9.247739013517275,99.91929671983387,1.1845137227920521
global,unrelated,100.0,21,0,REVOKE,context_version_changed_at_publish,30.686045007314533,9.002984006656334,99.91929671983387,1.1845137227920521
global,unrelated,100.0,22,0,REVOKE,context_version_changed_at_publish,32.076080999104306,11.390294996090233,99.91929671983387,1.1845137227920521
global,unrelated,100.0,23,0,REVOKE,context_version_changed_at_publish,35.200412006815895,8.404467022046447,99.91929671983387,1.1845137227920521
global,unrelated,100.0,24,0,REVOKE,context_version_changed_at_publish,32.185332995140925,10.100760991917923,99.91929671983387,1.1845137227920521
global,unrelated,100.0,25,0,REVOKE,context_version_changed_at_publish,28.910747991176322,9.010233014123514,99.91929671983387,1.1845137227920521
global,unrelated,100.0,26,0,REVOKE,context_version_changed_at_publish,33.217609976418316,10.186514002270997,99.91929671983387,1.1845137227920521
global,unrelated,100.0,27,0,REVOKE,context_version_changed_at_publish,29.91327500785701,8.331466000527143,99.91929671983387,1.1845137227920521
global,unrelated,100.0,28,0,REVOKE,context_version_changed_at_publish,35.830428008921444,15.583654021611437,99.91929671983387,1.1845137227920521
global,unrelated,100.0,29,0,REVOKE,context_version_changed_at_publish,31.5708169946447,9.084235993213952,99.91929671983387,1.1845137227920521
global,unrelated,100.0,30,0,REVOKE,context_version_changed_at_publish,34.88265298074111,12.792331981472671,99.91929671983387,1.1845137227920521
global,unrelated,100.0,31,0,REVOKE,context_version_changed_at_publish,29.921025008661672,8.699724974576384,99.91929671983387,1.1845137227920521
global,unrelated,100.0,32,0,REVOKE,context_version_changed_at_publish,36.24918797868304,9.862255014013499,99.91929671983387,1.1845137227920521
global,unrelated,100.0,33,0,REVOKE,context_version_changed_at_publish,35.61767199425958,9.273491014027968,99.91929671983387,1.1845137227920521
global,unrelated,100.0,34,0,REVOKE,context_version_changed_at_publish,31.119805003982037,10.235764988465235,99.91929671983387,1.1845137227920521
global,unrelated,100.0,35,0,REVOKE,context_version_changed_at_publish,31.668819981859997,8.996983000542969,99.91929671983387,1.1845137227920521
global,unrelated,100.0,36,0,REVOKE,context_version_changed_at_publish,32.543342997087166,10.31601699651219,99.91929671983387,1.1845137227920521
global,unrelated,100.0,37,0,REVOKE,context_version_changed_at_publish,33.39861499262042,9.120736009208485,99.91929671983387,1.1845137227920521
global,unrelated,100.0,38,0,REVOKE,context_version_changed_at_publish,31.248309009242803,8.906731003662571,99.91929671983387,1.1845137227920521
global,unrelated,100.0,39,0,REVOKE,context_version_changed_at_publish,36.58119699684903,14.014612999744713,99.91929671983387,1.1845137227920521
global,unrelated,100.0,40,0,REVOKE,context_version_changed_at_publish,31.061054003657773,9.857755998382345,99.91929671983387,1.1845137227920521
global,unrelated,100.0,41,0,REVOKE,context_version_changed_at_publish,31.543816992780194,9.182737994706258,99.91929671983387,1.1845137227920521
global,unrelated,100.0,42,0,REVOKE,context_version_changed_at_publish,29.69451798708178,9.06873500207439,99.91929671983387,1.1845137227920521
global,unrelated,100.0,43,0,REVOKE,context_version_changed_at_publish,33.5541189997457,9.84350498765707,99.91929671983387,1.1845137227920521
global,unrelated,100.0,44,0,REVOKE,context_version_changed_at_publish,32.963354024104774,11.085787002230063,99.91929671983387,1.1845137227920521
global,unrelated,100.0,45,0,REVOKE,context_version_changed_at_publish,35.80992700881325,11.937308998312801,99.91929671983387,1.1845137227920521
global,unrelated,100.0,46,0,REVOKE,context_version_changed_at_publish,37.5127209990751,11.025535000953823,99.91929671983387,1.1845137227920521
global,unrelated,100.0,47,0,REVOKE,context_version_changed_at_publish,32.584344007773325,10.572024009888992,99.91929671983387,1.1845137227920521
global,unrelated,100.0,48,0,REVOKE,context_version_changed_at_publish,35.86042902315967,9.171988000161946,99.91929671983387,1.1845137227920521
global,unrelated,100.0,49,0,REVOKE,context_version_changed_at_publish,31.09805501298979,10.007260018028319,99.91929671983387,1.1845137227920521
global,unrelated,100.0,50,0,REVOKE,context_version_changed_at_publish,32.282836007652804,8.354466001037508,99.91929671983387,1.1845137227920521
global,unrelated,100.0,51,0,REVOKE,context_version_changed_at_publish,37.338216992793605,9.929257008479908,99.91929671983387,1.1845137227920521
global,unrelated,100.0,52,1,EXECUTE,published_after_gate_recheck,35.10915901279077,7.408190984278917,99.91929671983387,1.1845137227920521
global,unrelated,100.0,53,0,REVOKE,context_version_changed_at_publish,30.046528001548722,10.676025995053351,99.91929671983387,1.1845137227920521
global,unrelated,100.0,54,0,REVOKE,context_version_changed_at_publish,32.05958000035025,9.373242995934561,99.91929671983387,1.1845137227920521
global,unrelated,100.0,55,0,REVOKE,context_version_changed_at_publish,30.978802009485662,9.879505989374593,99.91929671983387,1.1845137227920521
global,unrelated,100.0,56,0,REVOKE,context_version_changed_at_publish,32.05483002238907,8.358466002391651,99.91929671983387,1.1845137227920521
global,unrelated,100.0,57,1,EXECUTE,published_after_gate_recheck,36.32344098878093,8.598972024628893,99.91929671983387,1.1845137227920521
global,unrelated,100.0,58,0,REVOKE,context_version_changed_at_publish,33.476366981631145,12.152064009569585,99.91929671983387,1.1845137227920521
global,unrelated,100.0,59,0,REVOKE,context_version_changed_at_publish,35.87142899050377,10.091761010698974,99.91929671983387,1.1845137227920521
global,unrelated,100.0,60,0,REVOKE,context_version_changed_at_publish,33.62837099120952,10.642025008564815,99.91929671983387,1.1845137227920521
global,unrelated,100.0,61,0,REVOKE,context_version_changed_at_publish,35.61142200487666,8.599972003139555,99.91929671983387,1.1845137227920521
global,unrelated,100.0,62,0,REVOKE,context_version_changed_at_publish,31.673070014221594,10.593024984700605,99.91929671983387,1.1845137227920521
global,unrelated,100.0,63,0,REVOKE,context_version_changed_at_publish,34.78240000549704,10.071010998217389,99.91929671983387,1.1845137227920521
global,unrelated,100.0,64,0,REVOKE,context_version_changed_at_publish,30.016276985406876,10.74902797699906,99.91929671983387,1.1845137227920521
global,unrelated,100.0,65,0,REVOKE,context_version_changed_at_publish,32.63809499912895,10.995535005349666,99.91929671983387,1.1845137227920521
global,unrelated,100.0,66,0,REVOKE,context_version_changed_at_publish,32.582093990640715,10.499021009309217,99.91929671983387,1.1845137227920521
global,unrelated,100.0,67,0,REVOKE,context_version_changed_at_publish,35.72667500702664,9.345491998828948,99.91929671983387,1.1845137227920521
global,unrelated,100.0,68,0,REVOKE,context_version_changed_at_publish,31.589318008627743,10.172762995352969,99.91929671983387,1.1845137227920521
global,unrelated,100.0,69,0,REVOKE,context_version_changed_at_publish,32.24683500593528,9.93550699786283,99.91929671983387,1.1845137227920521
global,unrelated,100.0,70,0,REVOKE,context_version_changed_at_publish,37.021708994871005,9.985259006498381,99.91929671983387,1.1845137227920521
global,unrelated,100.0,71,0,REVOKE,context_version_changed_at_publish,30.359286000020802,8.237964008003473,99.91929671983387,1.1845137227920521
global,unrelated,100.0,72,0,REVOKE,context_version_changed_at_publish,35.235162009485066,14.54087599995546,99.91929671983387,1.1845137227920521
global,unrelated,100.0,73,0,REVOKE,context_version_changed_at_publish,32.39658899838105,10.860530979698524,99.91929671983387,1.1845137227920521
global,unrelated,100.0,74,0,REVOKE,context_version_changed_at_publish,31.082055007573217,10.038509994046763,99.91929671983387,1.1845137227920521
global,unrelated,100.0,75,0,REVOKE,context_version_changed_at_publish,33.05185498902574,10.240264993626624,99.91929671983387,1.1845137227920521
global,unrelated,100.0,76,0,REVOKE,context_version_changed_at_publish,36.55269599403255,9.901006007567048,99.91929671983387,1.1845137227920521
global,unrelated,100.0,77,1,EXECUTE,published_after_gate_recheck,34.854402008932084,7.489943993277848,99.91929671983387,1.1845137227920521
global,unrelated,100.0,78,0,REVOKE,context_version_changed_at_publish,33.011355000780895,12.855832988861948,99.91929671983387,1.1845137227920521
global,unrelated,100.0,79,0,REVOKE,context_version_changed_at_publish,32.26808499312028,10.449270979734138,99.91929671983387,1.1845137227920521
global,unrelated,100.0,80,0,REVOKE,context_version_changed_at_publish,35.56767100235447,9.368742001242936,99.91929671983387,1.1845137227920521
global,unrelated,100.0,81,0,REVOKE,context_version_changed_at_publish,34.45689202635549,10.082260996568948,99.91929671983387,1.1845137227920521
global,unrelated,100.0,82,0,REVOKE,context_version_changed_at_publish,29.952275013783947,8.691474999068305,99.91929671983387,1.1845137227920521
global,unrelated,100.0,83,0,REVOKE,context_version_changed_at_publish,36.111185007030144,10.1830140047241,99.91929671983387,1.1845137227920521
global,unrelated,100.0,84,0,REVOKE,context_version_changed_at_publish,35.05215799668804,10.039259999757633,99.91929671983387,1.1845137227920521
global,unrelated,100.0,85,0,REVOKE,context_version_changed_at_publish,31.183807004708797,9.940757998265326,99.91929671983387,1.1845137227920521
global,unrelated,100.0,86,0,REVOKE,context_version_changed_at_publish,31.87057501054369,9.215489000780508,99.91929671983387,1.1845137227920521
global,unrelated,100.0,87,0,REVOKE,context_version_changed_at_publish,32.07558099529706,10.413768992293626,99.91929671983387,1.1845137227920521
global,unrelated,100.0,88,0,REVOKE,context_version_changed_at_publish,33.66112199728377,9.223987988661975,99.91929671983387,1.1845137227920521
global,unrelated,100.0,89,0,REVOKE,context_version_changed_at_publish,31.280309980502352,8.954982011346146,99.91929671983387,1.1845137227920521
global,unrelated,100.0,90,0,REVOKE,context_version_changed_at_publish,34.48964300332591,13.699603994609788,99.91929671983387,1.1845137227920521
global,unrelated,100.0,91,0,REVOKE,context_version_changed_at_publish,40.625551977427676,13.465598982293159,99.91929671983387,1.1845137227920521
global,unrelated,100.0,92,0,REVOKE,context_version_changed_at_publish,34.55914501682855,9.463245020015165,99.91929671983387,1.1845137227920521
global,unrelated,100.0,93,0,REVOKE,context_version_changed_at_publish,31.798072974197567,10.130512004252523,99.91929671983387,1.1845137227920521
global,unrelated,100.0,94,0,REVOKE,context_version_changed_at_publish,35.489418980432674,9.858506004093215,99.91929671983387,1.1845137227920521
global,unrelated,100.0,95,0,REVOKE,context_version_changed_at_publish,28.862497012596577,9.060235024662688,99.91929671983387,1.1845137227920521
global,unrelated,100.0,96,0,REVOKE,context_version_changed_at_publish,35.21491200081073,8.446469000773504,99.91929671983387,1.1845137227920521
global,unrelated,100.0,97,1,EXECUTE,published_after_gate_recheck,36.44444397650659,7.820703001925722,99.91929671983387,1.1845137227920521
global,unrelated,100.0,98,0,REVOKE,context_version_changed_at_publish,33.6161210143473,13.932111003668979,99.91929671983387,1.1845137227920521
global,unrelated,100.0,99,0,REVOKE,context_version_changed_at_publish,37.058708985568956,10.196264018304646,99.91929671983387,1.1845137227920521
readset,unrelated,100.0,0,1,EXECUTE,published_after_gate_recheck,28.59399002045393,9.864255000138655,99.91291732809982,29.094216419757082
readset,unrelated,100.0,1,1,EXECUTE,published_after_gate_recheck,36.232938000466675,7.926204998511821,99.91291732809982,29.094216419757082
readset,unrelated,100.0,2,1,EXECUTE,published_after_gate_recheck,33.30936300335452,13.60935199772939,99.91291732809982,29.094216419757082
readset,unrelated,100.0,3,1,EXECUTE,published_after_gate_recheck,36.73370098113082,10.296766995452344,99.91291732809982,29.094216419757082
readset,unrelated,100.0,4,1,EXECUTE,published_after_gate_recheck,32.00407899566926,10.25651500094682,99.91291732809982,29.094216419757082
readset,unrelated,100.0,5,1,EXECUTE,published_after_gate_recheck,30.971051019150764,12.7165790181607,99.91291732809982,29.094216419757082
readset,unrelated,100.0,6,1,EXECUTE,published_after_gate_recheck,33.52936802548356,9.531246992992237,99.91291732809982,29.094216419757082
readset,unrelated,100.0,7,1,EXECUTE,published_after_gate_recheck,29.391511023277417,9.2292390181683,99.91291732809982,29.094216419757082
readset,unrelated,100.0,8,1,EXECUTE,published_after_gate_recheck,35.086159012280405,11.998811009107158,99.91291732809982,29.094216419757082
readset,unrelated,100.0,9,1,EXECUTE,published_after_gate_recheck,37.53097201115452,10.89703300385736,99.91291732809982,29.094216419757082
readset,unrelated,100.0,10,1,EXECUTE,published_after_gate_recheck,34.305137989576906,10.906032985076308,99.91291732809982,29.094216419757082
readset,unrelated,100.0,11,1,EXECUTE,published_after_gate_recheck,32.71634699194692,9.524997003609315,99.91291732809982,29.094216419757082
readset,unrelated,100.0,12,1,EXECUTE,published_after_gate_recheck,30.820048006717116,9.154986997600645,99.91291732809982,29.094216419757082
readset,unrelated,100.0,13,1,EXECUTE,published_after_gate_recheck,33.87462699902244,9.961508010746911,99.91291732809982,29.094216419757082
readset,unrelated,100.0,14,1,EXECUTE,published_after_gate_recheck,38.606749003520235,9.973007981898263,99.91291732809982,29.094216419757082
readset,unrelated,100.0,15,1,EXECUTE,published_after_gate_recheck,33.59986998839304,9.041484008776024,99.91291732809982,29.094216419757082
readset,unrelated,100.0,16,1,EXECUTE,published_after_gate_recheck,33.80462501081638,10.499021998839453,99.91291732809982,29.094216419757082
readset,unrelated,100.0,17,1,EXECUTE,published_after_gate_recheck,32.24158499506302,10.484271013410762,99.91291732809982,29.094216419757082
readset,unrelated,100.0,18,1,EXECUTE,published_after_gate_recheck,36.0391830035951,9.538746991893277,99.91291732809982,29.094216419757082
readset,unrelated,100.0,19,1,EXECUTE,published_after_gate_recheck,33.744373999070376,10.904781986027956,99.91291732809982,29.094216419757082
readset,unrelated,100.0,20,1,EXECUTE,published_after_gate_recheck,32.719597016694024,10.26626501698047,99.91291732809982,29.094216419757082
readset,unrelated,100.0,21,1,EXECUTE,published_after_gate_recheck,30.07227898342535,9.386992984218523,99.91291732809982,29.094216419757082
readset,unrelated,100.0,22,1,EXECUTE,published_after_gate_recheck,34.43364199483767,11.50879799388349,99.91291732809982,29.094216419757082
readset,unrelated,100.0,23,1,EXECUTE,published_after_gate_recheck,35.02940697944723,13.743355026235804,99.91291732809982,29.094216419757082
readset,unrelated,100.0,24,1,EXECUTE,published_after_gate_recheck,31.816323986276984,10.989033995429054,99.91291732809982,29.094216419757082
readset,unrelated,100.0,25,1,EXECUTE,published_after_gate_recheck,32.502591027878225,10.978284000884742,99.91291732809982,29.094216419757082
readset,unrelated,100.0,26,1,EXECUTE,published_after_gate_recheck,34.20388500671834,10.697777004679665,99.91291732809982,29.094216419757082
readset,unrelated,100.0,27,1,EXECUTE,published_after_gate_recheck,30.35828599240631,11.005784006556496,99.91291732809982,29.094216419757082
readset,unrelated,100.0,28,1,EXECUTE,published_after_gate_recheck,32.85335001419298,10.80328001989983,99.91291732809982,29.094216419757082
readset,unrelated,100.0,29,1,EXECUTE,published_after_gate_recheck,34.944904007716104,10.942282999167219,99.91291732809982,29.094216419757082
readset,unrelated,100.0,30,1,EXECUTE,published_after_gate_recheck,31.7435720062349,10.21651501650922,99.91291732809982,29.094216419757082
readset,unrelated,100.0,31,1,EXECUTE,published_after_gate_recheck,31.103556015295908,10.644775989931077,99.91291732809982,29.094216419757082
readset,unrelated,100.0,32,1,EXECUTE,published_after_gate_recheck,32.901601982302964,10.140263009816408,99.91291732809982,29.094216419757082
readset,unrelated,100.0,33,1,EXECUTE,published_after_gate_recheck,38.0122349888552,9.989508980652317,99.91291732809982,29.094216419757082
readset,unrelated,100.0,34,1,EXECUTE,published_after_gate_recheck,35.2539129962679,7.709699013503268,99.91291732809982,29.094216419757082
readset,unrelated,100.0,35,1,EXECUTE,published_after_gate_recheck,31.9478279852774,10.119511978700757,99.91291732809982,29.094216419757082
readset,unrelated,100.0,36,1,EXECUTE,published_after_gate_recheck,33.38761400664225,10.245015000691637,99.91291732809982,29.094216419757082
readset,unrelated,100.0,37,1,EXECUTE,published_after_gate_recheck,37.13671100558713,10.293767001712695,99.91291732809982,29.094216419757082
readset,unrelated,100.0,38,1,EXECUTE,published_after_gate_recheck,31.096054997760803,10.176014009630308,99.91291732809982,29.094216419757082
readset,unrelated,100.0,39,1,EXECUTE,published_after_gate_recheck,34.83515197876841,10.202764009591192,99.91291732809982,29.094216419757082
readset,unrelated,100.0,40,1,EXECUTE,published_after_gate_recheck,30.187781987478957,11.116288020275533,99.91291732809982,29.094216419757082
readset,unrelated,100.0,41,1,EXECUTE,published_after_gate_recheck,32.2983359801583,10.961283987853676,99.91291732809982,29.094216419757082
readset,unrelated,100.0,42,1,EXECUTE,published_after_gate_recheck,31.81907400721684,10.199763986747712,99.91291732809982,29.094216419757082
readset,unrelated,100.0,43,1,EXECUTE,published_after_gate_recheck,36.23793899896555,10.488772008102387,99.91291732809982,29.094216419757082
readset,unrelated,100.0,44,1,EXECUTE,published_after_gate_recheck,31.30831100861542,9.665499994298443,99.91291732809982,29.094216419757082
readset,unrelated,100.0,45,1,EXECUTE,published_after_gate_recheck,32.239585008937865,8.556971995858476,99.91291732809982,29.094216419757082
readset,unrelated,100.0,46,1,EXECUTE,published_after_gate_recheck,37.189461989328265,10.753527982160449,99.91291732809982,29.094216419757082
readset,unrelated,100.0,47,1,EXECUTE,published_after_gate_recheck,35.551669978303835,12.31706899125129,99.91291732809982,29.094216419757082
readset,unrelated,100.0,48,1,EXECUTE,published_after_gate_recheck,31.965827976819128,10.114762000739574,99.91291732809982,29.094216419757082
readset,unrelated,100.0,49,1,EXECUTE,published_after_gate_recheck,33.86937698815018,10.662276006769389,99.91291732809982,29.094216419757082
readset,unrelated,100.0,50,1,EXECUTE,published_after_gate_recheck,35.92367999954149,8.943480992456898,99.91291732809982,29.094216419757082
readset,unrelated,100.0,51,1,EXECUTE,published_after_gate_recheck,30.498539010295644,9.170238015940413,99.91291732809982,29.094216419757082
readset,unrelated,100.0,52,1,EXECUTE,published_after_gate_recheck,33.23360998183489,8.88898002449423,99.91291732809982,29.094216419757082
readset,unrelated,100.0,53,1,EXECUTE,published_after_gate_recheck,37.39046800183132,10.137513017980382,99.91291732809982,29.094216419757082
readset,unrelated,100.0,54,1,EXECUTE,published_after_gate_recheck,35.07040799013339,9.47724501020275,99.91291732809982,29.094216419757082
readset,unrelated,100.0,55,1,EXECUTE,published_after_gate_recheck,32.43459001532756,12.921835004817694,99.91291732809982,29.094216419757082
readset,unrelated,100.0,56,1,EXECUTE,published_after_gate_recheck,35.50866898149252,10.845279990462586,99.91291732809982,29.094216419757082
readset,unrelated,100.0,57,1,EXECUTE,published_after_gate_recheck,33.18510900135152,9.506495989626274,99.91291732809982,29.094216419757082
readset,unrelated,100.0,58,1,EXECUTE,published_after_gate_recheck,32.01357900979929,10.387018992332742,99.91291732809982,29.094216419757082
readset,unrelated,100.0,59,1,EXECUTE,published_after_gate_recheck,33.23836001800373,10.21801499882713,99.91291732809982,29.094216419757082
readset,unrelated,100.0,60,1,EXECUTE,published_after_gate_recheck,35.866677993908525,10.16301300842315,99.91291732809982,29.094216419757082
readset,unrelated,100.0,61,1,EXECUTE,published_after_gate_recheck,34.42164100124501,12.378321000142023,99.91291732809982,29.094216419757082
readset,unrelated,100.0,62,1,EXECUTE,published_after_gate_recheck,33.452615985879675,10.909781994996592,99.91291732809982,29.094216419757082
readset,unrelated,100.0,63,1,EXECUTE,published_after_gate_recheck,31.766322994371876,9.191238001221791,99.91291732809982,29.094216419757082
readset,unrelated,100.0,64,1,EXECUTE,published_after_gate_recheck,37.36146801384166,9.063734993105754,99.91291732809982,29.094216419757082
readset,unrelated,100.0,65,1,EXECUTE,published_after_gate_recheck,31.307060999097303,10.28026599669829,99.91291732809982,29.094216419757082
readset,unrelated,100.0,66,1,EXECUTE,published_after_gate_recheck,32.43009001016617,10.076011007186025,99.91291732809982,29.094216419757082
readset,unrelated,100.0,67,1,EXECUTE,published_after_gate_recheck,37.0737100020051,10.017258988227695,99.91291732809982,29.094216419757082
readset,unrelated,100.0,68,1,EXECUTE,published_after_gate_recheck,35.766425979090855,10.027259006164968,99.91291732809982,29.094216419757082
readset,unrelated,100.0,69,1,EXECUTE,published_after_gate_recheck,32.08258099039085,11.074537003878504,99.91291732809982,29.094216419757082
readset,unrelated,100.0,70,1,EXECUTE,published_after_gate_recheck,33.58686901628971,10.671025986084715,99.91291732809982,29.094216419757082
readset,unrelated,100.0,71,1,EXECUTE,published_after_gate_recheck,36.73270100262016,10.891281999647617,99.91291732809982,29.094216419757082
readset,unrelated,100.0,72,1,EXECUTE,published_after_gate_recheck,32.70884699304588,10.694527009036392,99.91291732809982,29.094216419757082
readset,unrelated,100.0,73,1,EXECUTE,published_after_gate_recheck,33.702121989335865,9.516247024293989,99.91291732809982,29.094216419757082
readset,unrelated,100.0,74,1,EXECUTE,published_after_gate_recheck,29.092752985889092,9.111485996982083,99.91291732809982,29.094216419757082
readset,unrelated,100.0,75,1,EXECUTE,published_after_gate_recheck,33.402864006347954,10.491022025234997,99.91291732809982,29.094216419757082
readset,unrelated,100.0,76,1,EXECUTE,published_after_gate_recheck,33.73462299350649,10.658276005415246,99.91291732809982,29.094216419757082
readset,unrelated,100.0,77,1,EXECUTE,published_after_gate_recheck,33.35586399771273,9.507996001048014,99.91291732809982,29.094216419757082
readset,unrelated,100.0,78,1,EXECUTE,published_after_gate_recheck,31.854575005127117,10.695027012843639,99.91291732809982,29.094216419757082
readset,unrelated,100.0,79,1,EXECUTE,published_after_gate_recheck,35.43416698812507,11.802054999861866,99.91291732809982,29.094216419757082
readset,unrelated,100.0,80,1,EXECUTE,published_after_gate_recheck,32.10558099090122,10.641525004757568,99.91291732809982,29.094216419757082
readset,unrelated,100.0,81,1,EXECUTE,published_after_gate_recheck,37.74872800568119,14.370121993124485,99.91291732809982,29.094216419757082
readset,unrelated,100.0,82,1,EXECUTE,published_after_gate_recheck,64.86092900740914,19.797262008069083,99.91291732809982,29.094216419757082
readset,unrelated,100.0,83,1,EXECUTE,published_after_gate_recheck,42.48360000201501,11.344544007442892,99.91291732809982,29.094216419757082
readset,unrelated,100.0,84,1,EXECUTE,published_after_gate_recheck,32.92810299899429,10.262266005156562,99.91291732809982,29.094216419757082
readset,unrelated,100.0,85,1,EXECUTE,published_after_gate_recheck,30.919800978153944,9.440994006581604,99.91291732809982,29.094216419757082
readset,unrelated,100.0,86,1,EXECUTE,published_after_gate_recheck,33.156109013361856,9.051235014339909,99.91291732809982,29.094216419757082
readset,unrelated,100.0,87,1,EXECUTE,published_after_gate_recheck,37.699726002756506,10.095510981045663,99.91291732809982,29.094216419757082
readset,unrelated,100.0,88,1,EXECUTE,published_after_gate_recheck,35.07390801678412,9.452244004933164,99.91291732809982,29.094216419757082
readset,unrelated,100.0,89,1,EXECUTE,published_after_gate_recheck,32.90710202418268,13.029837020440027,99.91291732809982,29.094216419757082
readset,unrelated,100.0,90,1,EXECUTE,published_after_gate_recheck,32.19508400070481,10.364018002292141,99.91291732809982,29.094216419757082
readset,unrelated,100.0,91,1,EXECUTE,published_after_gate_recheck,35.48266799771227,9.3934930046089,99.91291732809982,29.094216419757082
readset,unrelated,100.0,92,1,EXECUTE,published_after_gate_recheck,31.221808021655306,10.639025014825165,99.91291732809982,29.094216419757082
readset,unrelated,100.0,93,1,EXECUTE,published_after_gate_recheck,32.83285000361502,8.602723013609648,99.91291732809982,29.094216419757082
readset,unrelated,100.0,94,1,EXECUTE,published_after_gate_recheck,36.08168399659917,7.769200979964808,99.91291732809982,29.094216419757082
readset,unrelated,100.0,95,1,EXECUTE,published_after_gate_recheck,33.86312699876726,12.395321013173088,99.91291732809982,29.094216419757082
readset,unrelated,100.0,96,1,EXECUTE,published_after_gate_recheck,36.34519100887701,10.365267982706428,99.91291732809982,29.094216419757082
readset,unrelated,100.0,97,1,EXECUTE,published_after_gate_recheck,32.537591992877424,10.642775014275685,99.91291732809982,29.094216419757082
readset,unrelated,100.0,98,1,EXECUTE,published_after_gate_recheck,35.865177982486784,9.504496003501117,99.91291732809982,29.094216419757082
readset,unrelated,100.0,99,1,EXECUTE,published_after_gate_recheck,31.161807011812925,10.199763986747712,99.91291732809982,29.094216419757082
truth,unrelated,100.0,0,1,EXECUTE,published_after_gate_recheck,28.7054939835798,10.100761981448159,99.97727630721906,29.55719835314993
truth,unrelated,100.0,1,1,EXECUTE,published_after_gate_recheck,36.25993899186142,7.66269801533781,99.97727630721906,29.55719835314993
truth,unrelated,100.0,2,1,EXECUTE,published_after_gate_recheck,33.55511900736019,12.123313994379714,99.97727630721906,29.55719835314993
truth,unrelated,100.0,3,1,EXECUTE,published_after_gate_recheck,37.27321501355618,16.558678005822003,99.97727630721906,29.55719835314993
truth,unrelated,100.0,4,1,EXECUTE,published_after_gate_recheck,32.1018309914507,10.391518997494131,99.97727630721906,29.55719835314993
truth,unrelated,100.0,5,1,EXECUTE,published_after_gate_recheck,35.93568000360392,8.879230008460581,99.97727630721906,29.55719835314993
truth,unrelated,100.0,6,1,EXECUTE,published_after_gate_recheck,31.554567016428337,10.42951998533681,99.97727630721906,29.55719835314993
truth,unrelated,100.0,7,1,EXECUTE,published_after_gate_recheck,34.759400004986674,12.860082992119715,99.97727630721906,29.55719835314993
truth,unrelated,100.0,8,1,EXECUTE,published_after_gate_recheck,32.10633099661209,9.037234005518258,99.97727630721906,29.55719835314993
truth,unrelated,100.0,9,1,EXECUTE,published_after_gate_recheck,32.78759800014086,12.968335999175906,99.97727630721906,29.55719835314993
truth,unrelated,100.0,10,1,EXECUTE,published_after_gate_recheck,36.2986900145188,9.947757003828883,99.97727630721906,29.55719835314993
truth,unrelated,100.0,11,1,EXECUTE,published_after_gate_recheck,33.63862098194659,12.87858298746869,99.97727630721906,29.55719835314993
truth,unrelated,100.0,12,1,EXECUTE,published_after_gate_recheck,36.203186988132074,8.850979997077957,99.97727630721906,29.55719835314993
truth,unrelated,100.0,13,1,EXECUTE,published_after_gate_recheck,31.1650570074562,10.230764019070193,99.97727630721906,29.55719835314993
truth,unrelated,100.0,14,1,EXECUTE,published_after_gate_recheck,32.41758898366243,8.42396798543632,99.97727630721906,29.55719835314993
truth,unrelated,100.0,15,1,EXECUTE,published_after_gate_recheck,37.96548300306313,10.034008999355137,99.97727630721906,29.55719835314993
truth,unrelated,100.0,16,1,EXECUTE,published_after_gate_recheck,34.741148992907256,9.260989987524226,99.97727630721906,29.55719835314993
truth,unrelated,100.0,17,1,EXECUTE,published_after_gate_recheck,31.743072002427652,10.047010000562295,99.97727630721906,29.55719835314993
truth,unrelated,100.0,18,1,EXECUTE,published_after_gate_recheck,33.89862799667753,10.044010006822646,99.97727630721906,29.55719835314993
truth,unrelated,100.0,19,1,EXECUTE,published_after_gate_recheck,36.15118601010181,8.86247999733314,99.97727630721906,29.55719835314993
truth,unrelated,100.0,20,1,EXECUTE,published_after_gate_recheck,31.32981201633811,10.366517992224544,99.97727630721906,29.55719835314993
truth,unrelated,100.0,21,1,EXECUTE,published_after_gate_recheck,34.95990499504842,10.003759001847357,99.97727630721906,29.55719835314993
truth,unrelated,100.0,22,1,EXECUTE,published_after_gate_recheck,29.841523006325588,8.89798000571318,99.97727630721906,29.55719835314993
truth,unrelated,100.0,23,1,EXECUTE,published_after_gate_recheck,31.23505800613202,10.80253001418896,99.97727630721906,29.55719835314993
truth,unrelated,100.0,24,1,EXECUTE,published_after_gate_recheck,31.91557602258399,9.118735993979499,99.97727630721906,29.55719835314993
truth,unrelated,100.0,25,1,EXECUTE,published_after_gate_recheck,32.51059100148268,10.245015990221873,99.97727630721906,29.55719835314993
truth,unrelated,100.0,26,1,EXECUTE,published_after_gate_recheck,33.128607989056036,9.36449199798517,99.97727630721906,29.55719835314993
truth,unrelated,100.0,27,1,EXECUTE,published_after_gate_recheck,32.07133000250906,9.495745995081961,99.97727630721906,29.55719835314993
truth,unrelated,100.0,28,1,EXECUTE,published_after_gate_recheck,35.841678007273,15.595153003232554,99.97727630721906,29.55719835314993
truth,unrelated,100.0,29,1,EXECUTE,published_after_gate_recheck,30.551291012670845,9.415493987035006,99.97727630721906,29.55719835314993
truth,unrelated,100.0,30,1,EXECUTE,published_after_gate_recheck,31.62881900789216,9.5687480061315,99.97727630721906,29.55719835314993
truth,unrelated,100.0,31,1,EXECUTE,published_after_gate_recheck,30.950051004765555,9.954257984645665,99.97727630721906,29.55719835314993
truth,unrelated,100.0,32,1,EXECUTE,published_after_gate_recheck,32.31033598422073,9.946007980033755,99.97727630721906,29.55719835314993
truth,unrelated,100.0,33,1,EXECUTE,published_after_gate_recheck,36.60319800837897,7.740450993878767,99.97727630721906,29.55719835314993
truth,unrelated,100.0,34,1,EXECUTE,published_after_gate_recheck,33.49736699601635,14.037112996447831,99.97727630721906,29.55719835314993
truth,unrelated,100.0,35,1,EXECUTE,published_after_gate_recheck,37.6624750206247,12.62382700224407,99.97727630721906,29.55719835314993
truth,unrelated,100.0,36,1,EXECUTE,published_after_gate_recheck,33.54561800369993,9.495995996985584,99.97727630721906,29.55719835314993
truth,unrelated,100.0,37,1,EXECUTE,published_after_gate_recheck,34.289138013264164,9.276490018237382,99.97727630721906,29.55719835314993
truth,unrelated,100.0,38,1,EXECUTE,published_after_gate_recheck,31.43006400205195,10.0715100124944,99.97727630721906,29.55719835314993
truth,unrelated,100.0,39,1,EXECUTE,published_after_gate_recheck,34.79965100996196,9.296990989241749,99.97727630721906,29.55719835314993
truth,unrelated,100.0,40,1,EXECUTE,published_after_gate_recheck,29.637016996275634,9.296489995904267,99.97727630721906,29.55719835314993
truth,unrelated,100.0,41,1,EXECUTE,published_after_gate_recheck,38.467745995149016,13.539851002860814,99.97727630721906,29.55719835314993
truth,unrelated,100.0,42,1,EXECUTE,published_after_gate_recheck,30.78229702077806,9.521747007966042,99.97727630721906,29.55719835314993
truth,unrelated,100.0,43,1,EXECUTE,published_after_gate_recheck,31.37206201790832,9.336741000879556,99.97727630721906,29.55719835314993
truth,unrelated,100.0,44,1,EXECUTE,published_after_gate_recheck,30.67129399278201,9.279490011977032,99.97727630721906,29.55719835314993
truth,unrelated,100.0,45,1,EXECUTE,published_after_gate_recheck,33.505867002531886,9.835255012148991,99.97727630721906,29.55719835314993
truth,unrelated,100.0,46,1,EXECUTE,published_after_gate_recheck,37.33196601388045,9.825255023315549,99.97727630721906,29.55719835314993
truth,unrelated,100.0,47,1,EXECUTE,published_after_gate_recheck,34.35338899726048,12.058063002768904,99.97727630721906,29.55719835314993
truth,unrelated,100.0,48,1,EXECUTE,published_after_gate_recheck,33.43161501106806,10.253014974296093,99.97727630721906,29.55719835314993
truth,unrelated,100.0,49,1,EXECUTE,published_after_gate_recheck,33.828626008471474,10.09076100308448,99.97727630721906,29.55719835314993
truth,unrelated,100.0,50,1,EXECUTE,published_after_gate_recheck,35.45766798197292,8.868729986716062,99.97727630721906,29.55719835314993
truth,unrelated,100.0,51,1,EXECUTE,published_after_gate_recheck,32.15833200374618,10.01075899694115,99.97727630721906,29.55719835314993
truth,unrelated,100.0,52,1,EXECUTE,published_after_gate_recheck,33.74012402491644,8.907731011277065,99.97727630721906,29.55719835314993
truth,unrelated,100.0,53,1,EXECUTE,published_after_gate_recheck,31.20180798578076,8.871480007655919,99.97727630721906,29.55719835314993
truth,unrelated,100.0,54,1,EXECUTE,published_after_gate_recheck,32.30758602148853,10.484022001037374,99.97727630721906,29.55719835314993
truth,unrelated,100.0,55,1,EXECUTE,published_after_gate_recheck,31.744572013849393,10.111262003192678,99.97727630721906,29.55719835314993
truth,unrelated,100.0,56,1,EXECUTE,published_after_gate_recheck,35.55142000550404,10.049259988591075,99.97727630721906,29.55719835314993
truth,unrelated,100.0,57,1,EXECUTE,published_after_gate_recheck,31.651819997932762,9.776752995094284,99.97727630721906,29.55719835314993
truth,unrelated,100.0,58,1,EXECUTE,published_after_gate_recheck,34.23238598043099,9.902755991788581,99.97727630721906,29.55719835314993
truth,unrelated,100.0,59,1,EXECUTE,published_after_gate_recheck,36.33169099339284,9.673500986536965,99.97727630721906,29.55719835314993
truth,unrelated,100.0,60,1,EXECUTE,published_after_gate_recheck,35.80192700610496,10.912533005466685,99.97727630721906,29.55719835314993
truth,unrelated,100.0,61,1,EXECUTE,published_after_gate_recheck,31.504316022619605,10.731028014561161,99.97727630721906,29.55719835314993
truth,unrelated,100.0,62,1,EXECUTE,published_after_gate_recheck,33.41286498471163,10.144013009266928,99.97727630721906,29.55719835314993
truth,unrelated,100.0,63,1,EXECUTE,published_after_gate_recheck,36.273939011152834,8.864728995831683,99.97727630721906,29.55719835314993
truth,unrelated,100.0,64,1,EXECUTE,published_after_gate_recheck,31.241809017956257,10.27876598527655,99.97727630721906,29.55719835314993
truth,unrelated,100.0,65,1,EXECUTE,published_after_gate_recheck,31.606067990651354,8.745475992327556,99.97727630721906,29.55719835314993
truth,unrelated,100.0,66,1,EXECUTE,published_after_gate_recheck,39.65852700639516,10.400019004009664,99.97727630721906,29.55719835314993
truth,unrelated,100.0,67,1,EXECUTE,published_after_gate_recheck,38.78525400068611,9.959507995517924,99.97727630721906,29.55719835314993
truth,unrelated,100.0,68,1,EXECUTE,published_after_gate_recheck,36.942206003004685,7.726450014160946,99.97727630721906,29.55719835314993
truth,unrelated,100.0,69,1,EXECUTE,published_after_gate_recheck,33.66387099958956,13.978112023323774,99.97727630721906,29.55719835314993
truth,unrelated,100.0,70,1,EXECUTE,published_after_gate_recheck,35.950680990936235,10.31376697937958,99.97727630721906,29.55719835314993
truth,unrelated,100.0,71,1,EXECUTE,published_after_gate_recheck,32.636844989610836,10.43026999104768,99.97727630721906,29.55719835314993
truth,unrelated,100.0,72,1,EXECUTE,published_after_gate_recheck,36.618198006181046,9.303491009632125,99.97727630721906,29.55719835314993
truth,unrelated,100.0,73,1,EXECUTE,published_after_gate_recheck,31.212557980325073,10.190513014094904,99.97727630721906,29.55719835314993
truth,unrelated,100.0,74,1,EXECUTE,published_after_gate_recheck,35.03065701806918,11.451046011643484,99.97727630721906,29.55719835314993
truth,unrelated,100.0,75,1,EXECUTE,published_after_gate_recheck,29.87002400914207,8.913230994949117,99.97727630721906,29.55719835314993
truth,unrelated,100.0,76,1,EXECUTE,published_after_gate_recheck,31.776822987012565,10.068511008284986,99.97727630721906,29.55719835314993
truth,unrelated,100.0,77,1,EXECUTE,published_after_gate_recheck,33.890127000631765,10.625524999340996,99.97727630721906,29.55719835314993
truth,unrelated,100.0,78,1,EXECUTE,published_after_gate_recheck,35.70517399930395,15.76815900625661,99.97727630721906,29.55719835314993
truth,unrelated,100.0,79,1,EXECUTE,published_after_gate_recheck,30.598292010836303,9.333991998573765,99.97727630721906,29.55719835314993
truth,unrelated,100.0,80,1,EXECUTE,published_after_gate_recheck,31.654320016968995,8.358966995729133,99.97727630721906,29.55719835314993
truth,unrelated,100.0,81,1,EXECUTE,published_after_gate_recheck,35.006406978936866,7.741701003396884,99.97727630721906,29.55719835314993
truth,unrelated,100.0,82,1,EXECUTE,published_after_gate_recheck,31.52356602367945,10.796779999509454,99.97727630721906,29.55719835314993
truth,unrelated,100.0,83,1,EXECUTE,published_after_gate_recheck,33.54261800996028,10.268515994539484,99.97727630721906,29.55719835314993
truth,unrelated,100.0,84,1,EXECUTE,published_after_gate_recheck,35.3346650081221,8.772227010922506,99.97727630721906,29.55719835314993
truth,unrelated,100.0,85,1,EXECUTE,published_after_gate_recheck,33.011355000780895,10.300766007276252,99.97727630721906,29.55719835314993
truth,unrelated,100.0,86,1,EXECUTE,published_after_gate_recheck,34.4906430109404,11.774305021390319,99.97727630721906,29.55719835314993
truth,unrelated,100.0,87,1,EXECUTE,published_after_gate_recheck,29.78302101837471,8.883230009814724,99.97727630721906,29.55719835314993
truth,unrelated,100.0,88,1,EXECUTE,published_after_gate_recheck,32.279836013913155,11.942308978177607,99.97727630721906,29.55719835314993
truth,unrelated,100.0,89,1,EXECUTE,published_after_gate_recheck,33.63437100779265,10.182263009482995,99.97727630721906,29.55719835314993
truth,unrelated,100.0,90,1,EXECUTE,published_after_gate_recheck,35.08090801187791,8.742976002395153,99.97727630721906,29.55719835314993
truth,unrelated,100.0,91,1,EXECUTE,published_after_gate_recheck,32.25208501680754,10.360018000937998,99.97727630721906,29.55719835314993
truth,unrelated,100.0,92,1,EXECUTE,published_after_gate_recheck,33.675621991278604,8.739476994378492,99.97727630721906,29.55719835314993
truth,unrelated,100.0,93,1,EXECUTE,published_after_gate_recheck,31.325560994446278,8.936981001170352,99.97727630721906,29.55719835314993
truth,unrelated,100.0,94,1,EXECUTE,published_after_gate_recheck,32.56034301011823,10.942282999167219,99.97727630721906,29.55719835314993
truth,unrelated,100.0,95,1,EXECUTE,published_after_gate_recheck,34.41564098466188,10.719526995671913,99.97727630721906,29.55719835314993
truth,unrelated,100.0,96,1,EXECUTE,published_after_gate_recheck,33.59937001368962,9.840754995821044,99.97727630721906,29.55719835314993
truth,unrelated,100.0,97,1,EXECUTE,published_after_gate_recheck,32.28308600955643,10.327766998670995,99.97727630721906,29.55719835314993
truth,unrelated,100.0,98,1,EXECUTE,published_after_gate_recheck,34.69864898943342,10.78402900020592,99.97727630721906,29.55719835314993
truth,unrelated,100.0,99,1,EXECUTE,published_after_gate_recheck,29.933275014627725,9.05473402235657,99.97727630721906,29.55719835314993
global,related_same,100.0,0,0,REVOKE,context_version_changed_at_publish,26.050924003357068,8.346966002136469,99.94836407048544,1.8044222298339747
global,related_same,100.0,1,0,REVOKE,context_version_changed_at_publish,31.64031999767758,8.862229995429516,99.94836407048544,1.8044222298339747
global,related_same,100.0,2,0,REVOKE,context_version_changed_at_publish,30.807797011220828,10.49802199122496,99.94836407048544,1.8044222298339747
global,related_same,100.0,3,0,REVOKE,context_version_changed_at_publish,35.55366999353282,9.140737005509436,99.94836407048544,1.8044222298339747
global,related_same,100.0,4,0,REVOKE,context_version_changed_at_publish,33.98187999846414,9.991257975343615,99.94836407048544,1.8044222298339747
global,related_same,100.0,5,0,REVOKE,context_version_changed_at_publish,29.52451500459574,8.356217003893107,99.94836407048544,1.8044222298339747
global,related_same,100.0,6,0,REVOKE,context_version_changed_at_publish,33.26361201470718,9.209988988004625,99.94836407048544,1.8044222298339747
global,related_same,100.0,7,0,REVOKE,context_version_changed_at_publish,32.28233600384556,11.24154101125896,99.94836407048544,1.8044222298339747
global,related_same,100.0,8,0,REVOKE,context_version_changed_at_publish,31.45956399384886,10.04276002640836,99.94836407048544,1.8044222298339747
global,related_same,100.0,9,0,REVOKE,context_version_changed_at_publish,31.912826001644135,8.330715005286038,99.94836407048544,1.8044222298339747
global,related_same,100.0,10,0,REVOKE,context_version_changed_at_publish,32.554592995438725,9.75075297174044,99.94836407048544,1.8044222298339747
global,related_same,100.0,11,0,REVOKE,context_version_changed_at_publish,30.379286006791517,8.826978009892628,99.94836407048544,1.8044222298339747
global,related_same,100.0,12,0,REVOKE,context_version_changed_at_publish,31.649568991269916,12.463323015253991,99.94836407048544,1.8044222298339747
global,related_same,100.0,13,0,REVOKE,context_version_changed_at_publish,31.816323986276984,9.06123497406952,99.94836407048544,1.8044222298339747
global,related_same,100.0,14,0,REVOKE,context_version_changed_at_publish,31.949327007168904,8.240213006502017,99.94836407048544,1.8044222298339747
global,related_same,100.0,15,0,REVOKE,context_version_changed_at_publish,29.683268017834052,9.605498024029657,99.94836407048544,1.8044222298339747
global,related_same,100.0,16,0,REVOKE,context_version_changed_at_publish,31.69657097896561,9.042483987286687,99.94836407048544,1.8044222298339747
global,related_same,100.0,17,0,REVOKE,context_version_changed_at_publish,33.15110900439322,11.875557014718652,99.94836407048544,1.8044222298339747
global,related_same,100.0,18,0,REVOKE,context_version_changed_at_publish,35.058658017078415,10.766277991933748,99.94836407048544,1.8044222298339747
global,related_same,100.0,19,0,REVOKE,context_version_changed_at_publish,29.03950199834071,8.130211004754528,99.94836407048544,1.8044222298339747
global,related_same,100.0,20,0,REVOKE,context_version_changed_at_publish,30.88779898826033,8.788477978669107,99.94836407048544,1.8044222298339747
global,related_same,100.0,21,0,REVOKE,context_version_changed_at_publish,34.15788398706354,9.654000023147091,99.94836407048544,1.8044222298339747
global,related_same,100.0,22,0,REVOKE,context_version_changed_at_publish,35.20566099905409,9.25073999678716,99.94836407048544,1.8044222298339747
global,related_same,100.0,23,0,REVOKE,context_version_changed_at_publish,30.01352699357085,10.61977498466149,99.94836407048544,1.8044222298339747
global,related_same,100.0,24,0,REVOKE,context_version_changed_at_publish,31.82107297470793,9.355991991469637,99.94836407048544,1.8044222298339747
global,related_same,100.0,25,0,REVOKE,context_version_changed_at_publish,30.81579800345935,9.919506992446259,99.94836407048544,1.8044222298339747
global,related_same,100.0,26,0,REVOKE,context_version_changed_at_publish,32.103581994306296,8.281464979518205,99.94836407048544,1.8044222298339747
global,related_same,100.0,27,1,EXECUTE,published_after_gate_recheck,34.578646009322256,7.6604479982052,99.94836407048544,1.8044222298339747
global,related_same,100.0,28,0,REVOKE,context_version_changed_at_publish,31.52656598831527,12.354070000583306,99.94836407048544,1.8044222298339747
global,related_same,100.0,29,0,REVOKE,context_version_changed_at_publish,31.785322993528098,9.074984991457313,99.94836407048544,1.8044222298339747
global,related_same,100.0,30,0,REVOKE,context_version_changed_at_publish,35.96918101538904,9.183488000417128,99.94836407048544,1.8044222298339747
global,related_same,100.0,31,0,REVOKE,context_version_changed_at_publish,28.466486983234063,8.800477982731536,99.94836407048544,1.8044222298339747
global,related_same,100.0,32,0,REVOKE,context_version_changed_at_publish,33.50161699927412,10.072011005831882,99.94836407048544,1.8044222298339747
global,related_same,100.0,33,0,REVOKE,context_version_changed_at_publish,31.30456098006107,8.750475972192362,99.94836407048544,1.8044222298339747
global,related_same,100.0,34,0,REVOKE,context_version_changed_at_publish,35.11691000312567,9.75875201402232,99.94836407048544,1.8044222298339747
global,related_same,100.0,35,0,REVOKE,context_version_changed_at_publish,31.397063023177907,9.039983997354284,99.94836407048544,1.8044222298339747
global,related_same,100.0,36,0,REVOKE,context_version_changed_at_publish,30.19528099684976,9.86875599483028,99.94836407048544,1.8044222298339747
global,related_same,100.0,37,0,REVOKE,context_version_changed_at_publish,32.8588510164991,8.268964011222124,99.94836407048544,1.8044222298339747
global,related_same,100.0,38,0,REVOKE,context_version_changed_at_publish,37.64772499562241,9.841755003435537,99.94836407048544,1.8044222298339747
global,related_same,100.0,39,0,REVOKE,context_version_changed_at_publish,34.96765499585308,9.219239000231028,99.94836407048544,1.8044222298339747
global,related_same,100.0,40,0,REVOKE,context_version_changed_at_publish,29.886773991165683,10.77502898988314,99.94836407048544,1.8044222298339747
global,related_same,100.0,41,0,REVOKE,context_version_changed_at_publish,31.424313987372443,9.588247979991138,99.94836407048544,1.8044222298339747
global,related_same,100.0,42,0,REVOKE,context_version_changed_at_publish,30.669794010464102,9.300241013988853,99.94836407048544,1.8044222298339747
global,related_same,100.0,43,0,REVOKE,context_version_changed_at_publish,33.121357002528384,9.926006983732805,99.94836407048544,1.8044222298339747
global,related_same,100.0,44,1,EXECUTE,published_after_gate_recheck,36.25768900383264,7.826952991308644,99.94836407048544,1.8044222298339747
global,related_same,100.0,45,0,REVOKE,context_version_changed_at_publish,31.897825974738225,12.843831995269284,99.94836407048544,1.8044222298339747
global,related_same,100.0,46,0,REVOKE,context_version_changed_at_publish,35.52241899888031,11.064785998314619,99.94836407048544,1.8044222298339747
global,related_same,100.0,47,0,REVOKE,context_version_changed_at_publish,31.547566992230713,9.000232996186242,99.94836407048544,1.8044222298339747
global,related_same,100.0,48,0,REVOKE,context_version_changed_at_publish,32.02982898801565,9.970007988158613,99.94836407048544,1.8044222298339747
global,related_same,100.0,49,0,REVOKE,context_version_changed_at_publish,34.643897000933066,9.904756996547803,99.94836407048544,1.8044222298339747
global,related_same,100.0,50,0,REVOKE,context_version_changed_at_publish,30.083029007073492,9.229488990968093,99.94836407048544,1.8044222298339747
global,related_same,100.0,51,0,REVOKE,context_version_changed_at_publish,33.13585798605345,11.384543991880491,99.94836407048544,1.8044222298339747
global,related_same,100.0,52,0,REVOKE,context_version_changed_at_publish,34.1801350004971,10.22676401771605,99.94836407048544,1.8044222298339747
global,related_same,100.0,53,0,REVOKE,context_version_changed_at_publish,33.62512099556625,6.919678999111056,99.94836407048544,1.8044222298339747
global,related_same,100.0,54,0,REVOKE,context_version_changed_at_publish,32.90135200950317,9.967758000129834,99.94836407048544,1.8044222298339747
global,related_same,100.0,55,0,REVOKE,context_version_changed_at_publish,34.09213200211525,10.236015019472688,99.94836407048544,1.8044222298339747
global,related_same,100.0,56,0,REVOKE,context_version_changed_at_publish,30.313284980366006,8.865479991072789,99.94836407048544,1.8044222298339747
global,related_same,100.0,57,0,REVOKE,context_version_changed_at_publish,32.690346997696906,11.701803014148027,99.94836407048544,1.8044222298339747
global,related_same,100.0,58,0,REVOKE,context_version_changed_at_publish,32.10833200137131,10.301517002517357,99.94836407048544,1.8044222298339747
global,related_same,100.0,59,0,REVOKE,context_version_changed_at_publish,36.41369199613109,9.05398398754187,99.94836407048544,1.8044222298339747
global,related_same,100.0,60,0,REVOKE,context_version_changed_at_publish,31.12480600248091,9.875504998490214,99.94836407048544,1.8044222298339747
global,related_same,100.0,61,0,REVOKE,context_version_changed_at_publish,32.77734899893403,7.99845700385049,99.94836407048544,1.8044222298339747
global,related_same,100.0,62,0,REVOKE,context_version_changed_at_publish,38.400994992116466,10.023259004810825,99.94836407048544,1.8044222298339747
global,related_same,100.0,63,1,EXECUTE,published_after_gate_recheck,36.76370199536905,8.573721977882087,99.94836407048544,1.8044222298339747
global,related_same,100.0,64,0,REVOKE,context_version_changed_at_publish,33.28611099277623,13.754355983110145,99.94836407048544,1.8044222298339747
global,related_same,100.0,65,0,REVOKE,context_version_changed_at_publish,36.22743798769079,10.196513991104439,99.94836407048544,1.8044222298339747
global,related_same,100.0,66,0,REVOKE,context_version_changed_at_publish,32.200333022046834,10.471521003637463,99.94836407048544,1.8044222298339747
global,related_same,100.0,67,0,REVOKE,context_version_changed_at_publish,34.93340400746092,9.231739008100703,99.94836407048544,1.8044222298339747
global,related_same,100.0,68,0,REVOKE,context_version_changed_at_publish,28.746494004735723,9.165487019345164,99.94836407048544,1.8044222298339747
global,related_same,100.0,69,0,REVOKE,context_version_changed_at_publish,33.65112200845033,10.546523000812158,99.94836407048544,1.8044222298339747
global,related_same,100.0,70,0,REVOKE,context_version_changed_at_publish,35.235413000918925,9.328742016805336,99.94836407048544,1.8044222298339747
global,related_same,100.0,71,0,REVOKE,context_version_changed_at_publish,33.378863998223096,11.032284994143993,99.94836407048544,1.8044222298339747
global,related_same,100.0,72,0,REVOKE,context_version_changed_at_publish,32.629845023620874,10.31526701990515,99.94836407048544,1.8044222298339747
global,related_same,100.0,73,0,REVOKE,context_version_changed_at_publish,35.32916499534622,9.29624101263471,99.94836407048544,1.8044222298339747
global,related_same,100.0,74,0,REVOKE,context_version_changed_at_publish,32.23283399711363,10.059010004624724,99.94836407048544,1.8044222298339747
global,related_same,100.0,75,0,REVOKE,context_version_changed_at_publish,34.716899011982605,9.856754972133785,99.94836407048544,1.8044222298339747
global,related_same,100.0,76,0,REVOKE,context_version_changed_at_publish,29.9517750099767,9.239989012712613,99.94836407048544,1.8044222298339747
global,related_same,100.0,77,0,REVOKE,context_version_changed_at_publish,32.67209598561749,11.458046996267512,99.94836407048544,1.8044222298339747
global,related_same,100.0,78,0,REVOKE,context_version_changed_at_publish,32.4735909816809,9.99125899397768,99.94836407048544,1.8044222298339747
global,related_same,100.0,79,0,REVOKE,context_version_changed_at_publish,36.3974419888109,9.201987995766103,99.94836407048544,1.8044222298339747
global,related_same,100.0,80,0,REVOKE,context_version_changed_at_publish,33.6483720166143,11.161539005115628,99.94836407048544,1.8044222298339747
global,related_same,100.0,81,0,REVOKE,context_version_changed_at_publish,32.041079975897446,8.255963999545202,99.94836407048544,1.8044222298339747
global,related_same,100.0,82,0,REVOKE,context_version_changed_at_publish,31.213307986035943,9.242489002645016,99.94836407048544,1.8044222298339747
global,related_same,100.0,83,0,REVOKE,context_version_changed_at_publish,33.7488729855977,10.900282009970397,99.94836407048544,1.8044222298339747
global,related_same,100.0,84,0,REVOKE,context_version_changed_at_publish,34.59164599189535,12.560075003420934,99.94836407048544,1.8044222298339747
global,related_same,100.0,85,0,REVOKE,context_version_changed_at_publish,31.646569987060502,10.862280993023887,99.94836407048544,1.8044222298339747
global,related_same,100.0,86,0,REVOKE,context_version_changed_at_publish,31.849074992351234,10.379768995335326,99.94836407048544,1.8044222298339747
global,related_same,100.0,87,0,REVOKE,context_version_changed_at_publish,31.583317992044613,8.231464016716927,99.94836407048544,1.8044222298339747
global,related_same,100.0,88,1,EXECUTE,published_after_gate_recheck,34.45789299439639,7.6901990105398,99.94836407048544,1.8044222298339747
global,related_same,100.0,89,0,REVOKE,context_version_changed_at_publish,31.388562987558544,10.454269999172539,99.94836407048544,1.8044222298339747
global,related_same,100.0,90,0,REVOKE,context_version_changed_at_publish,33.36811298504472,10.386519017629325,99.94836407048544,1.8044222298339747
global,related_same,100.0,91,0,REVOKE,context_version_changed_at_publish,35.97143100341782,8.719725999981165,99.94836407048544,1.8044222298339747
global,related_same,100.0,92,0,REVOKE,context_version_changed_at_publish,32.160081987967715,10.121011990122497,99.94836407048544,1.8044222298339747
global,related_same,100.0,93,1,EXECUTE,published_after_gate_recheck,32.264335022773594,8.62397300079465,99.94836407048544,1.8044222298339747
global,related_same,100.0,94,0,REVOKE,context_version_changed_at_publish,33.98912999546155,10.237515001790598,99.94836407048544,1.8044222298339747
global,related_same,100.0,95,0,REVOKE,context_version_changed_at_publish,34.77590100374073,13.326345011591911,99.94836407048544,1.8044222298339747
global,related_same,100.0,96,0,REVOKE,context_version_changed_at_publish,36.4501939911861,10.147761990083382,99.94836407048544,1.8044222298339747
global,related_same,100.0,97,0,REVOKE,context_version_changed_at_publish,33.1498589948751,10.696026991354302,99.94836407048544,1.8044222298339747
global,related_same,100.0,98,1,EXECUTE,published_after_gate_recheck,38.506496988702565,8.433469018200412,99.94836407048544,1.8044222298339747
global,related_same,100.0,99,0,REVOKE,context_version_changed_at_publish,35.76917698956095,8.762226992985234,99.94836407048544,1.8044222298339747
readset,related_same,100.0,0,1,EXECUTE,published_after_gate_recheck,28.70749300927855,10.274016007315367,99.90289609681768,29.784689384436533
readset,related_same,100.0,1,1,EXECUTE,published_after_gate_recheck,35.99818199290894,8.293465012684464,99.90289609681768,29.784689384436533
readset,related_same,100.0,2,1,EXECUTE,published_after_gate_recheck,32.193084014579654,12.457071978133172,99.90289609681768,29.784689384436533
readset,related_same,100.0,3,1,EXECUTE,published_after_gate_recheck,34.984156023710966,10.872282000491396,99.90289609681768,29.784689384436533
readset,related_same,100.0,4,1,EXECUTE,published_after_gate_recheck,29.57726499880664,8.715225994819775,99.90289609681768,29.784689384436533
readset,related_same,100.0,5,1,EXECUTE,published_after_gate_recheck,30.985551973572,9.103235992370173,99.90289609681768,29.784689384436533
readset,related_same,100.0,6,1,EXECUTE,published_after_gate_recheck,33.45986601198092,11.217539984500036,99.90289609681768,29.784689384436533
readset,related_same,100.0,7,1,EXECUTE,published_after_gate_recheck,34.5961450075265,11.367794999387115,99.90289609681768,29.784689384436533
readset,related_same,100.0,8,1,EXECUTE,published_after_gate_recheck,31.972327997209504,11.170789017342031,99.90289609681768,29.784689384436533
readset,related_same,100.0,9,1,EXECUTE,published_after_gate_recheck,30.969301995355636,9.50399599969387,99.90289609681768,29.784689384436533
readset,related_same,100.0,10,1,EXECUTE,published_after_gate_recheck,32.64159499667585,10.00475900946185,99.90289609681768,29.784689384436533
readset,related_same,100.0,11,1,EXECUTE,published_after_gate_recheck,33.2341110042762,10.350767988711596,99.90289609681768,29.784689384436533
readset,related_same,100.0,12,1,EXECUTE,published_after_gate_recheck,31.719071994302794,10.452019982039928,99.90289609681768,29.784689384436533
readset,related_same,100.0,13,1,EXECUTE,published_after_gate_recheck,32.024079002439976,12.90683398838155,99.90289609681768,29.784689384436533
readset,related_same,100.0,14,1,EXECUTE,published_after_gate_recheck,34.64339699712582,10.754527989774942,99.90289609681768,29.784689384436533
readset,related_same,100.0,15,1,EXECUTE,published_after_gate_recheck,29.80177098652348,8.773476991336793,99.90289609681768,29.784689384436533
readset,related_same,100.0,16,1,EXECUTE,published_after_gate_recheck,32.79034898150712,10.12351200915873,99.90289609681768,29.784689384436533
readset,related_same,100.0,17,1,EXECUTE,published_after_gate_recheck,32.346088002668694,8.398717996897176,99.90289609681768,29.784689384436533
readset,related_same,100.0,18,1,EXECUTE,published_after_gate_recheck,34.75364999030717,7.626698003150523,99.90289609681768,29.784689384436533
readset,related_same,100.0,19,1,EXECUTE,published_after_gate_recheck,31.26555899507366,10.512272012419999,99.90289609681768,29.784689384436533
readset,related_same,100.0,20,1,EXECUTE,published_after_gate_recheck,33.35811398574151,10.508272011065856,99.90289609681768,29.784689384436533
readset,related_same,100.0,21,1,EXECUTE,published_after_gate_recheck,35.723175009479746,8.957730984548107,99.90289609681768,29.784689384436533
readset,related_same,100.0,22,1,EXECUTE,published_after_gate_recheck,30.483288981486112,9.180738008581102,99.90289609681768,29.784689384436533
readset,related_same,100.0,23,1,EXECUTE,published_after_gate_recheck,32.52609199262224,8.532220992492512,99.90289609681768,29.784689384436533
readset,related_same,100.0,24,1,EXECUTE,published_after_gate_recheck,37.39546801079996,10.390268987976015,99.90289609681768,29.784689384436533
readset,related_same,100.0,25,1,EXECUTE,published_after_gate_recheck,35.808678017929196,14.799633005168289,99.90289609681768,29.784689384436533
readset,related_same,100.0,26,1,EXECUTE,published_after_gate_recheck,30.341286008479074,11.05878601083532,99.90289609681768,29.784689384436533
readset,related_same,100.0,27,1,EXECUTE,published_after_gate_recheck,29.882022994570434,8.835979009745643,99.90289609681768,29.784689384436533
readset,related_same,100.0,28,1,EXECUTE,published_after_gate_recheck,33.67237199563533,10.684776003472507,99.90289609681768,29.784689384436533
readset,related_same,100.0,29,1,EXECUTE,published_after_gate_recheck,32.64434600714594,9.865504980552942,99.90289609681768,29.784689384436533
readset,related_same,100.0,30,1,EXECUTE,published_after_gate_recheck,34.89540398004465,9.640250005759299,99.90289609681768,29.784689384436533
readset,related_same,100.0,31,1,EXECUTE,published_after_gate_recheck,34.98290598508902,13.472348975483328,99.90289609681768,29.784689384436533
readset,related_same,100.0,32,1,EXECUTE,published_after_gate_recheck,35.369165998417884,10.334268008591607,99.90289609681768,29.784689384436533
readset,related_same,100.0,33,1,EXECUTE,published_after_gate_recheck,36.228437995305285,10.558273002970964,99.90289609681768,29.784689384436533
readset,related_same,100.0,34,1,EXECUTE,published_after_gate_recheck,31.72207099851221,11.009534995537251,99.90289609681768,29.784689384436533
readset,related_same,100.0,35,1,EXECUTE,published_after_gate_recheck,30.887548986356705,9.546247019898146,99.90289609681768,29.784689384436533
readset,related_same,100.0,36,1,EXECUTE,published_after_gate_recheck,32.69459601142444,8.56147101148963,99.90289609681768,29.784689384436533
readset,related_same,100.0,37,1,EXECUTE,published_after_gate_recheck,36.41919299843721,9.854505013208836,99.90289609681768,29.784689384436533
readset,related_same,100.0,38,1,EXECUTE,published_after_gate_recheck,31.195308023598045,8.689725014846772,99.90289609681768,29.784689384436533
readset,related_same,100.0,39,1,EXECUTE,published_after_gate_recheck,35.00215700478293,10.844529984751716,99.90289609681768,29.784689384436533
readset,related_same,100.0,40,1,EXECUTE,published_after_gate_recheck,31.658319989219308,9.222738997777924,99.90289609681768,29.784689384436533
readset,related_same,100.0,41,1,EXECUTE,published_after_gate_recheck,32.00932900654152,10.170513007324189,99.90289609681768,29.784689384436533
readset,related_same,100.0,42,1,EXECUTE,published_after_gate_recheck,31.79007300059311,9.808253991650417,99.90289609681768,29.784689384436533
readset,related_same,100.0,43,1,EXECUTE,published_after_gate_recheck,38.43349497765303,10.027259995695204,99.90289609681768,29.784689384436533
readset,related_same,100.0,44,1,EXECUTE,published_after_gate_recheck,34.4413910061121,8.927480987040326,99.90289609681768,29.784689384436533
readset,related_same,100.0,45,1,EXECUTE,published_after_gate_recheck,31.813324021641165,11.371793982107192,99.90289609681768,29.784689384436533
readset,related_same,100.0,46,1,EXECUTE,published_after_gate_recheck,33.48811701289378,10.535273002460599,99.90289609681768,29.784689384436533
readset,related_same,100.0,47,1,EXECUTE,published_after_gate_recheck,35.5609210091643,8.909980999305844,99.90289609681768,29.784689384436533
readset,related_same,100.0,48,1,EXECUTE,published_after_gate_recheck,34.17588502634317,13.222841982496902,99.90289609681768,29.784689384436533
readset,related_same,100.0,49,1,EXECUTE,published_after_gate_recheck,29.6582680020947,8.544721000362188,99.90289609681768,29.784689384436533
readset,related_same,100.0,50,1,EXECUTE,published_after_gate_recheck,31.11005501705222,9.618248994229361,99.90289609681768,29.784689384436533
readset,related_same,100.0,51,1,EXECUTE,published_after_gate_recheck,31.819324009120464,11.13828900270164,99.90289609681768,29.784689384436533
readset,related_same,100.0,52,1,EXECUTE,published_after_gate_recheck,35.05440702429041,9.274490003008395,99.90289609681768,29.784689384436533
readset,related_same,100.0,53,1,EXECUTE,published_after_gate_recheck,35.01590600353666,7.703448995016515,99.90289609681768,29.784689384436533
readset,related_same,100.0,54,1,EXECUTE,published_after_gate_recheck,31.383313005790114,9.915506991092116,99.90289609681768,29.784689384436533
readset,related_same,100.0,55,1,EXECUTE,published_after_gate_recheck,32.45209000306204,12.29856800637208,99.90289609681768,29.784689384436533
readset,related_same,100.0,56,1,EXECUTE,published_after_gate_recheck,36.60794801544398,9.993008978199214,99.90289609681768,29.784689384436533
readset,related_same,100.0,57,1,EXECUTE,published_after_gate_recheck,33.716873003868386,8.550722006475553,99.90289609681768,29.784689384436533
readset,related_same,100.0,58,1,EXECUTE,published_after_gate_recheck,35.136659018462524,12.75608001742512,99.90289609681768,29.784689384436533
readset,related_same,100.0,59,1,EXECUTE,published_after_gate_recheck,34.568394999951124,11.418045993195847,99.90289609681768,29.784689384436533
readset,related_same,100.0,60,1,EXECUTE,published_after_gate_recheck,33.02860600524582,11.7280539998319,99.90289609681768,29.784689384436533
readset,related_same,100.0,61,1,EXECUTE,published_after_gate_recheck,33.75087399035692,10.68602700252086,99.90289609681768,29.784689384436533
readset,related_same,100.0,62,1,EXECUTE,published_after_gate_recheck,31.679070001700893,8.906479983124882,99.90289609681768,29.784689384436533
readset,related_same,100.0,63,1,EXECUTE,published_after_gate_recheck,33.68287198827602,8.442969003226608,99.90289609681768,29.784689384436533
readset,related_same,100.0,64,1,EXECUTE,published_after_gate_recheck,33.36311399471015,12.185815983684734,99.90289609681768,29.784689384436533
readset,related_same,100.0,65,1,EXECUTE,published_after_gate_recheck,36.65444898069836,10.299265995854512,99.90289609681768,29.784689384436533
readset,related_same,100.0,66,1,EXECUTE,published_after_gate_recheck,34.68789902399294,10.258766007609665,99.90289609681768,29.784689384436533
readset,related_same,100.0,67,1,EXECUTE,published_after_gate_recheck,32.06608098116703,10.112510994076729,99.90289609681768,29.784689384436533
readset,related_same,100.0,68,1,EXECUTE,published_after_gate_recheck,28.476487001171336,9.387992991833016,99.90289609681768,29.784689384436533
readset,related_same,100.0,69,1,EXECUTE,published_after_gate_recheck,32.89960199617781,8.85997898876667,99.90289609681768,29.784689384436533
readset,related_same,100.0,70,1,EXECUTE,published_after_gate_recheck,31.90482599893585,12.823332013795152,99.90289609681768,29.784689384436533
readset,related_same,100.0,71,1,EXECUTE,published_after_gate_recheck,34.71564900246449,10.934282996458933,99.90289609681768,29.784689384436533
readset,related_same,100.0,72,1,EXECUTE,published_after_gate_recheck,30.69779500947334,8.54647098458372,99.90289609681768,29.784689384436533
readset,related_same,100.0,73,1,EXECUTE,published_after_gate_recheck,31.275810004444793,10.928283008979633,99.90289609681768,29.784689384436533
readset,related_same,100.0,74,1,EXECUTE,published_after_gate_recheck,32.66809499473311,10.03226000466384,99.90289609681768,29.784689384436533
readset,related_same,100.0,75,1,EXECUTE,published_after_gate_recheck,36.22718798578717,7.727699994575232,99.90289609681768,29.784689384436533
readset,related_same,100.0,76,1,EXECUTE,published_after_gate_recheck,33.533367997733876,12.180064979474992,99.90289609681768,29.784689384436533
readset,related_same,100.0,77,1,EXECUTE,published_after_gate_recheck,36.87570500187576,10.85678199888207,99.90289609681768,29.784689384436533
readset,related_same,100.0,78,1,EXECUTE,published_after_gate_recheck,34.28863699082285,10.459020995767787,99.90289609681768,29.784689384436533
readset,related_same,100.0,79,1,EXECUTE,published_after_gate_recheck,34.18813500320539,9.002232982311398,99.90289609681768,29.784689384436533
readset,related_same,100.0,80,1,EXECUTE,published_after_gate_recheck,31.560566974803805,10.674025979824364,99.90289609681768,29.784689384436533
readset,related_same,100.0,81,1,EXECUTE,published_after_gate_recheck,32.29283599648625,10.16151299700141,99.90289609681768,29.784689384436533
readset,related_same,100.0,82,1,EXECUTE,published_after_gate_recheck,35.13615901465528,7.715700019616634,99.90289609681768,29.784689384436533
readset,related_same,100.0,83,1,EXECUTE,published_after_gate_recheck,33.435366000048816,12.202815996715799,99.90289609681768,29.784689384436533
readset,related_same,100.0,84,1,EXECUTE,published_after_gate_recheck,36.891955009195954,10.363768000388518,99.90289609681768,29.784689384436533
readset,related_same,100.0,85,1,EXECUTE,published_after_gate_recheck,32.32733698678203,10.585773998172954,99.90289609681768,29.784689384436533
readset,related_same,100.0,86,1,EXECUTE,published_after_gate_recheck,36.30169000825845,9.360992000438273,99.90289609681768,29.784689384436533
readset,related_same,100.0,87,1,EXECUTE,published_after_gate_recheck,31.252059008693323,10.157263022847474,99.90289609681768,29.784689384436533
readset,related_same,100.0,88,1,EXECUTE,published_after_gate_recheck,34.55664499779232,9.837753983447328,99.90289609681768,29.784689384436533
readset,related_same,100.0,89,1,EXECUTE,published_after_gate_recheck,29.677018988877535,9.44174500182271,99.90289609681768,29.784689384436533
readset,related_same,100.0,90,1,EXECUTE,published_after_gate_recheck,34.121133998269215,10.479771997779608,99.90289609681768,29.784689384436533
readset,related_same,100.0,91,1,EXECUTE,published_after_gate_recheck,32.152832980500534,10.49802199122496,99.90289609681768,29.784689384436533
readset,related_same,100.0,92,1,EXECUTE,published_after_gate_recheck,36.25743798329495,9.433494007680565,99.90289609681768,29.784689384436533
readset,related_same,100.0,93,1,EXECUTE,published_after_gate_recheck,33.41261498280801,10.689527000067756,99.90289609681768,29.784689384436533
readset,related_same,100.0,94,1,EXECUTE,published_after_gate_recheck,32.8683510015253,10.108262009453028,99.90289609681768,29.784689384436533
readset,related_same,100.0,95,1,EXECUTE,published_after_gate_recheck,32.05258000525646,9.08298502326943,99.90289609681768,29.784689384436533
readset,related_same,100.0,96,1,EXECUTE,published_after_gate_recheck,36.707451014081016,12.287817982723936,99.90289609681768,29.784689384436533
readset,related_same,100.0,97,1,EXECUTE,published_after_gate_recheck,32.04633001587354,10.121761995833367,99.90289609681768,29.784689384436533
readset,related_same,100.0,98,1,EXECUTE,published_after_gate_recheck,30.79279701341875,9.091984975384548,99.90289609681768,29.784689384436533
readset,related_same,100.0,99,1,EXECUTE,published_after_gate_recheck,31.108555995160714,10.116511984961107,99.90289609681768,29.784689384436533
truth,related_same,100.0,0,1,EXECUTE,published_after_gate_recheck,28.235981008037925,9.899255994241685,99.979928759068,30.272590085494468
truth,related_same,100.0,1,1,EXECUTE,published_after_gate_recheck,37.30821600765921,9.74250299623236,99.979928759068,30.272590085494468
truth,related_same,100.0,2,1,EXECUTE,published_after_gate_recheck,31.96782700251788,10.333017009543255,99.979928759068,30.272590085494468
truth,related_same,100.0,3,1,EXECUTE,published_after_gate_recheck,33.513367001432925,10.619525011861697,99.979928759068,30.272590085494468
truth,related_same,100.0,4,1,EXECUTE,published_after_gate_recheck,31.318311026552692,9.929256979376078,99.979928759068,30.272590085494468
truth,related_same,100.0,5,1,EXECUTE,published_after_gate_recheck,29.692268988583237,8.835229004034773,99.979928759068,30.272590085494468
truth,related_same,100.0,6,1,EXECUTE,published_after_gate_recheck,31.016302993521094,9.353492001537234,99.979928759068,30.272590085494468
truth,related_same,100.0,7,1,EXECUTE,published_after_gate_recheck,34.13813401130028,13.412847009021789,99.979928759068,30.272590085494468
truth,related_same,100.0,8,1,EXECUTE,published_after_gate_recheck,36.474944005021825,10.243765020277351,99.979928759068,30.272590085494468
truth,related_same,100.0,9,1,EXECUTE,published_after_gate_recheck,34.22488598152995,10.445521009387448,99.979928759068,30.272590085494468
truth,related_same,100.0,10,1,EXECUTE,published_after_gate_recheck,32.80684899073094,9.254739998141304,99.979928759068,30.272590085494468
truth,related_same,100.0,11,1,EXECUTE,published_after_gate_recheck,33.080607012379915,12.593576015206054,99.979928759068,30.272590085494468
truth,related_same,100.0,12,1,EXECUTE,published_after_gate_recheck,34.91365400259383,10.350517986807972,99.979928759068,30.272590085494468
truth,related_same,100.0,13,1,EXECUTE,published_after_gate_recheck,30.290283990325406,10.845031007193029,99.979928759068,30.272590085494468
truth,related_same,100.0,14,1,EXECUTE,published_after_gate_recheck,31.451813993044198,10.80452898168005,99.979928759068,30.272590085494468
truth,related_same,100.0,15,1,EXECUTE,published_after_gate_recheck,33.14260800834745,12.759331002598628,99.979928759068,30.272590085494468
truth,related_same,100.0,16,1,EXECUTE,published_after_gate_recheck,36.85045399470255,12.589325982844457,99.979928759068,30.272590085494468
truth,related_same,100.0,17,1,EXECUTE,published_after_gate_recheck,33.47361600026488,12.003810988971964,99.979928759068,30.272590085494468
truth,related_same,100.0,18,1,EXECUTE,published_after_gate_recheck,29.825772013282403,9.529747010674328,99.979928759068,30.272590085494468
truth,related_same,100.0,19,1,EXECUTE,published_after_gate_recheck,30.73104500072077,8.800228009931743,99.979928759068,30.272590085494468
truth,related_same,100.0,20,1,EXECUTE,published_after_gate_recheck,36.555446014972404,13.41934798983857,99.979928759068,30.272590085494468
truth,related_same,100.0,21,1,EXECUTE,published_after_gate_recheck,36.88345500268042,10.310267010936514,99.979928759068,30.272590085494468
truth,related_same,100.0,22,1,EXECUTE,published_after_gate_recheck,32.62984400498681,10.077511018607765,99.979928759068,30.272590085494468
truth,related_same,100.0,23,1,EXECUTE,published_after_gate_recheck,33.98437998839654,8.610223012510687,99.979928759068,30.272590085494468
truth,related_same,100.0,24,1,EXECUTE,published_after_gate_recheck,31.852574000367895,11.274792021140456,99.979928759068,30.272590085494468
truth,related_same,100.0,25,1,EXECUTE,published_after_gate_recheck,31.54881700174883,8.444468985544518,99.979928759068,30.272590085494468
truth,related_same,100.0,26,1,EXECUTE,published_after_gate_recheck,34.86190299736336,7.7086999954190105,99.979928759068,30.272590085494468
truth,related_same,100.0,27,1,EXECUTE,published_after_gate_recheck,29.963525012135506,9.525495988782495,99.979928759068,30.272590085494468
truth,related_same,100.0,28,1,EXECUTE,published_after_gate_recheck,31.664070003898814,10.833279986400157,99.979928759068,30.272590085494468
truth,related_same,100.0,29,1,EXECUTE,published_after_gate_recheck,30.96705098869279,10.245515004498884,99.979928759068,30.272590085494468
truth,related_same,100.0,30,1,EXECUTE,published_after_gate_recheck,31.011053011752665,8.2339639775455,99.979928759068,30.272590085494468
truth,related_same,100.0,31,1,EXECUTE,published_after_gate_recheck,34.844651992898434,8.21171299321577,99.979928759068,30.272590085494468
truth,related_same,100.0,32,1,EXECUTE,published_after_gate_recheck,31.329060991993174,10.722527018515393,99.979928759068,30.272590085494468
truth,related_same,100.0,33,1,EXECUTE,published_after_gate_recheck,31.248558982042596,8.832228981191292,99.979928759068,30.272590085494468
truth,related_same,100.0,34,1,EXECUTE,published_after_gate_recheck,31.595317996107042,9.708000987302512,99.979928759068,30.272590085494468
truth,related_same,100.0,35,1,EXECUTE,published_after_gate_recheck,34.48364298674278,9.376992005854845,99.979928759068,30.272590085494468
truth,related_same,100.0,36,1,EXECUTE,published_after_gate_recheck,29.96302497922443,8.930981974117458,99.979928759068,30.272590085494468
truth,related_same,100.0,37,1,EXECUTE,published_after_gate_recheck,31.07180498773232,10.602274007396773,99.979928759068,30.272590085494468
truth,related_same,100.0,38,1,EXECUTE,published_after_gate_recheck,33.44311600085348,10.053759993752465,99.979928759068,30.272590085494468
truth,related_same,100.0,39,1,EXECUTE,published_after_gate_recheck,36.547945986967534,12.102563021471724,99.979928759068,30.272590085494468
truth,related_same,100.0,40,1,EXECUTE,published_after_gate_recheck,33.87837699847296,9.998258989071473,99.979928759068,30.272590085494468
truth,related_same,100.0,41,1,EXECUTE,published_after_gate_recheck,29.614516999572515,8.548220997909084,99.979928759068,30.272590085494468
truth,related_same,100.0,42,1,EXECUTE,published_after_gate_recheck,33.477866993052885,9.340991993667558,99.979928759068,30.272590085494468
truth,related_same,100.0,43,1,EXECUTE,published_after_gate_recheck,31.24955901876092,10.647025977959856,99.979928759068,30.272590085494468
truth,related_same,100.0,44,1,EXECUTE,published_after_gate_recheck,33.6518720141612,10.62952500069514,99.979928759068,30.272590085494468
truth,related_same,100.0,45,1,EXECUTE,published_after_gate_recheck,35.286414000438526,9.211238007992506,99.979928759068,30.272590085494468
truth,related_same,100.0,46,1,EXECUTE,published_after_gate_recheck,32.7883479767479,10.723028011852875,99.979928759068,30.272590085494468
truth,related_same,100.0,47,1,EXECUTE,published_after_gate_recheck,34.742899995762855,10.802280012285337,99.979928759068,30.272590085494468
truth,related_same,100.0,48,1,EXECUTE,published_after_gate_recheck,28.886998014058918,8.932981989346445,99.979928759068,30.272590085494468
truth,related_same,100.0,49,1,EXECUTE,published_after_gate_recheck,33.82912598317489,10.200263990554959,99.979928759068,30.272590085494468
truth,related_same,100.0,50,1,EXECUTE,published_after_gate_recheck,35.44816799694672,11.27804201678373,99.979928759068,30.272590085494468
truth,related_same,100.0,51,1,EXECUTE,published_after_gate_recheck,28.003724990412593,8.997233002446592,99.979928759068,30.272590085494468
truth,related_same,100.0,52,1,EXECUTE,published_after_gate_recheck,32.176333013921976,8.75822699163109,99.979928759068,30.272590085494468
truth,related_same,100.0,53,1,EXECUTE,published_after_gate_recheck,29.017750988714397,8.981482009403408,99.979928759068,30.272590085494468
truth,related_same,100.0,54,1,EXECUTE,published_after_gate_recheck,33.36861400748603,10.113011987414211,99.979928759068,30.272590085494468
truth,related_same,100.0,55,1,EXECUTE,published_after_gate_recheck,34.8056519869715,10.081762011395767,99.979928759068,30.272590085494468
truth,related_same,100.0,56,1,EXECUTE,published_after_gate_recheck,32.064580998849124,8.724726008949801,99.979928759068,30.272590085494468
truth,related_same,100.0,57,1,EXECUTE,published_after_gate_recheck,29.77852101321332,8.872979989973828,99.979928759068,30.272590085494468
truth,related_same,100.0,58,1,EXECUTE,published_after_gate_recheck,31.408313021529466,9.893505979562178,99.979928759068,30.272590085494468
truth,related_same,100.0,59,1,EXECUTE,published_after_gate_recheck,33.42486498877406,12.571325991302729,99.979928759068,30.272590085494468
truth,related_same,100.0,60,1,EXECUTE,published_after_gate_recheck,36.67445000610314,10.111012001289055,99.979928759068,30.272590085494468
truth,related_same,100.0,61,1,EXECUTE,published_after_gate_recheck,31.74882198800333,10.161013022297993,99.979928759068,30.272590085494468
truth,related_same,100.0,62,1,EXECUTE,published_after_gate_recheck,31.947327021043748,8.603972994023934,99.979928759068,30.272590085494468
truth,related_same,100.0,63,1,EXECUTE,published_after_gate_recheck,32.19633302069269,8.757727016927674,99.979928759068,30.272590085494468
truth,related_same,100.0,64,1,EXECUTE,published_after_gate_recheck,29.058501997496933,8.680725004523993,99.979928759068,30.272590085494468
truth,related_same,100.0,65,1,EXECUTE,published_after_gate_recheck,33.555867994436994,10.234015004243702,99.979928759068,30.272590085494468
truth,related_same,100.0,66,1,EXECUTE,published_after_gate_recheck,31.72682100557722,10.038509994046763,99.979928759068,30.272590085494468
truth,related_same,100.0,67,1,EXECUTE,published_after_gate_recheck,34.939905017381534,9.133986022789031,99.979928759068,30.272590085494468
truth,related_same,100.0,68,1,EXECUTE,published_after_gate_recheck,29.676517995540053,8.854478975990787,99.979928759068,30.272590085494468
truth,related_same,100.0,69,1,EXECUTE,published_after_gate_recheck,32.770099001936615,10.954533994663507,99.979928759068,30.272590085494468
truth,related_same,100.0,70,1,EXECUTE,published_after_gate_recheck,33.10360698378645,11.802554974565282,99.979928759068,30.272590085494468
truth,related_same,100.0,71,1,EXECUTE,published_after_gate_recheck,36.04843298671767,10.112761985510588,99.979928759068,30.272590085494468
truth,related_same,100.0,72,1,EXECUTE,published_after_gate_recheck,34.17038399493322,10.541273019043729,99.979928759068,30.272590085494468
truth,related_same,100.0,73,1,EXECUTE,published_after_gate_recheck,32.62259499751963,9.246989007806405,99.979928759068,30.272590085494468
truth,related_same,100.0,74,1,EXECUTE,published_after_gate_recheck,33.18585900706239,12.620076013263315,99.979928759068,30.272590085494468
truth,related_same,100.0,75,1,EXECUTE,published_after_gate_recheck,34.69964800751768,9.946258011041209,99.979928759068,30.272590085494468
truth,related_same,100.0,76,1,EXECUTE,published_after_gate_recheck,30.445538024650887,8.790227002464235,99.979928759068,30.272590085494468
truth,related_same,100.0,77,1,EXECUTE,published_after_gate_recheck,30.957551003666595,10.634025995386764,99.979928759068,30.272590085494468
truth,related_same,100.0,78,1,EXECUTE,published_after_gate_recheck,30.986801983090118,8.922981010982767,99.979928759068,30.272590085494468
truth,related_same,100.0,79,1,EXECUTE,published_after_gate_recheck,31.405312998685986,10.371269017923623,99.979928759068,30.272590085494468
truth,related_same,100.0,80,1,EXECUTE,published_after_gate_recheck,34.47739299735986,11.498547974042594,99.979928759068,30.272590085494468
truth,related_same,100.0,81,1,EXECUTE,published_after_gate_recheck,32.153582986211404,9.4862449914217,99.979928759068,30.272590085494468
truth,related_same,100.0,82,1,EXECUTE,published_after_gate_recheck,32.27558598155156,12.646326998947188,99.979928759068,30.272590085494468
truth,related_same,100.0,83,1,EXECUTE,published_after_gate_recheck,34.41939200274646,11.497297004098073,99.979928759068,30.272590085494468
truth,related_same,100.0,84,1,EXECUTE,published_after_gate_recheck,32.24808498634957,9.530497016385198,99.979928759068,30.272590085494468
truth,related_same,100.0,85,1,EXECUTE,published_after_gate_recheck,32.85010001854971,12.881083006504923,99.979928759068,30.272590085494468
truth,related_same,100.0,86,1,EXECUTE,published_after_gate_recheck,34.44689098978415,15.550902986433357,99.979928759068,30.272590085494468
truth,related_same,100.0,87,1,EXECUTE,published_after_gate_recheck,32.89685200434178,9.558496996760368,99.979928759068,30.272590085494468
truth,related_same,100.0,88,1,EXECUTE,published_after_gate_recheck,35.76692700153217,14.825134014245123,99.979928759068,30.272590085494468
truth,related_same,100.0,89,1,EXECUTE,published_after_gate_recheck,29.931775003205985,10.684025997761637,99.979928759068,30.272590085494468
truth,related_same,100.0,90,1,EXECUTE,published_after_gate_recheck,31.795073009561747,10.92728300136514,99.979928759068,30.272590085494468
truth,related_same,100.0,91,1,EXECUTE,published_after_gate_recheck,30.953801004216075,10.257265996187925,99.979928759068,30.272590085494468
truth,related_same,100.0,92,1,EXECUTE,published_after_gate_recheck,32.75134798604995,9.811753989197314,99.979928759068,30.272590085494468
truth,related_same,100.0,93,1,EXECUTE,published_after_gate_recheck,37.36146801384166,17.12344298721291,99.979928759068,30.272590085494468
truth,related_same,100.0,94,1,EXECUTE,published_after_gate_recheck,35.197412013076246,9.247990004951134,99.979928759068,30.272590085494468
truth,related_same,100.0,95,1,EXECUTE,published_after_gate_recheck,29.941276006866246,10.736528027337044,99.979928759068,30.272590085494468
truth,related_same,100.0,96,1,EXECUTE,published_after_gate_recheck,32.06033000606112,10.971034993417561,99.979928759068,30.272590085494468
truth,related_same,100.0,97,1,EXECUTE,published_after_gate_recheck,32.833849982125685,12.761079997289926,99.979928759068,30.272590085494468
truth,related_same,100.0,98,1,EXECUTE,published_after_gate_recheck,33.09510598774068,8.627973002148792,99.979928759068,30.272590085494468
truth,related_same,100.0,99,1,EXECUTE,published_after_gate_recheck,31.368061987450346,8.969732007244602,99.979928759068,30.272590085494468
