version_scope,pattern,target_rate_hz,run,gateway_released,outcome,reason,e2e_latency_ms,validation_to_gate_ms,achieved_rate_hz,goodput_ips
global,unrelated,0,0,1,EXECUTE,published_after_gate_recheck,16.815342009067535,4.763142205774784,0.0,67.83132216406433
global,unrelated,0,1,1,EXECUTE,published_after_gate_recheck,15.505054965615273,4.63856803253293,0.0,67.83132216406433
global,unrelated,0,2,1,EXECUTE,published_after_gate_recheck,14.609345234930515,4.106180276721716,0.0,67.83132216406433
global,unrelated,0,3,1,EXECUTE,published_after_gate_recheck,15.108301304280758,4.466426093131304,0.0,67.83132216406433
global,unrelated,0,4,1,EXECUTE,published_after_gate_recheck,14.491334091871977,4.253877326846123,0.0,67.83132216406433
global,unrelated,0,5,1,EXECUTE,published_after_gate_recheck,14.678555075079203,4.250189755111933,0.0,67.83132216406433
global,unrelated,0,6,1,EXECUTE,published_after_gate_recheck,14.691920019686222,3.900834359228611,0.0,67.83132216406433
global,unrelated,0,7,1,EXECUTE,published_after_gate_recheck,14.645633287727833,3.7963292561471462,0.0,67.83132216406433
global,unrelated,0,8,1,EXECUTE,published_after_gate_recheck,14.673695899546146,4.09006979316473,0.0,67.83132216406433
global,unrelated,0,9,1,EXECUTE,published_after_gate_recheck,13.7815629132092,4.131467081606388,0.0,67.83132216406433
global,unrelated,0,10,1,EXECUTE,published_after_gate_recheck,14.450267888605595,3.997144754976034,0.0,67.83132216406433
global,unrelated,0,11,1,EXECUTE,published_after_gate_recheck,14.27414733916521,3.9524808526039124,0.0,67.83132216406433
global,unrelated,0,12,1,EXECUTE,published_after_gate_recheck,14.330252073705196,4.040717147290707,0.0,67.83132216406433
global,unrelated,0,13,1,EXECUTE,published_after_gate_recheck,14.526640065014362,4.424045328050852,0.0,67.83132216406433
global,unrelated,0,14,1,EXECUTE,published_after_gate_recheck,15.455853193998337,4.341802094131708,0.0,67.83132216406433
global,unrelated,0,15,1,EXECUTE,published_after_gate_recheck,14.671663288027048,4.104526713490486,0.0,67.83132216406433
global,unrelated,0,16,1,EXECUTE,published_after_gate_recheck,14.407556038349867,4.087766166776419,0.0,67.83132216406433
global,unrelated,0,17,1,EXECUTE,published_after_gate_recheck,15.100276097655296,4.109626170247793,0.0,67.83132216406433
global,unrelated,0,18,1,EXECUTE,published_after_gate_recheck,14.83594998717308,4.279634915292263,0.0,67.83132216406433
global,unrelated,0,19,1,EXECUTE,published_after_gate_recheck,13.978091068565845,4.103485029190779,0.0,67.83132216406433
global,unrelated,0,20,1,EXECUTE,published_after_gate_recheck,14.680819120258093,4.218600690364838,0.0,67.83132216406433
global,unrelated,0,21,1,EXECUTE,published_after_gate_recheck,15.203248709440231,4.072556737810373,0.0,67.83132216406433
global,unrelated,0,22,1,EXECUTE,published_after_gate_recheck,14.78680782020092,4.186810925602913,0.0,67.83132216406433
global,unrelated,0,23,1,EXECUTE,published_after_gate_recheck,15.185615047812462,4.6692159958183765,0.0,67.83132216406433
global,unrelated,0,24,1,EXECUTE,published_after_gate_recheck,14.48975084349513,4.023895598948002,0.0,67.83132216406433
global,unrelated,0,25,1,EXECUTE,published_after_gate_recheck,14.510008972138166,4.032270982861519,0.0,67.83132216406433
global,unrelated,0,26,1,EXECUTE,published_after_gate_recheck,14.62484523653984,4.160832148045301,0.0,67.83132216406433
global,unrelated,0,27,1,EXECUTE,published_after_gate_recheck,14.483329374343157,4.221696872264147,0.0,67.83132216406433
global,unrelated,0,28,1,EXECUTE,published_after_gate_recheck,15.156973153352737,4.387407097965479,0.0,67.83132216406433
global,unrelated,0,29,1,EXECUTE,published_after_gate_recheck,14.759647194296122,4.260890185832977,0.0,67.83132216406433
global,unrelated,0,30,1,EXECUTE,published_after_gate_recheck,14.420781750231981,4.283722955733538,0.0,67.83132216406433
global,unrelated,0,31,1,EXECUTE,published_after_gate_recheck,14.723290223628283,3.9589237421751022,0.0,67.83132216406433
global,unrelated,0,32,1,EXECUTE,published_after_gate_recheck,14.464634004980326,4.00350708514452,0.0,67.83132216406433
global,unrelated,0,33,1,EXECUTE,published_after_gate_recheck,14.349187724292278,4.166743252426386,0.0,67.83132216406433
global,unrelated,0,34,1,EXECUTE,published_after_gate_recheck,14.116921927779913,3.9917752146720886,0.0,67.83132216406433
global,unrelated,0,35,1,EXECUTE,published_after_gate_recheck,14.4338458776474,4.203723277896643,0.0,67.83132216406433
global,unrelated,0,36,1,EXECUTE,published_after_gate_recheck,14.677192084491253,4.099277313798666,0.0,67.83132216406433
global,unrelated,0,37,1,EXECUTE,published_after_gate_recheck,15.449000056833029,4.214663989841938,0.0,67.83132216406433
global,unrelated,0,38,1,EXECUTE,published_after_gate_recheck,14.688523951917887,4.108252935111523,0.0,67.83132216406433
global,unrelated,0,39,1,EXECUTE,published_after_gate_recheck,15.583030879497528,3.861050121486187,0.0,67.83132216406433
global,unrelated,0,40,1,EXECUTE,published_after_gate_recheck,15.5168273486197,4.1945260018110275,0.0,67.83132216406433
global,unrelated,0,41,1,EXECUTE,published_after_gate_recheck,14.48048371821642,4.180890042334795,0.0,67.83132216406433
global,unrelated,0,42,1,EXECUTE,published_after_gate_recheck,14.871457125991583,4.235692322254181,0.0,67.83132216406433
global,unrelated,0,43,1,EXECUTE,published_after_gate_recheck,14.369305223226547,4.334438126534224,0.0,67.83132216406433
global,unrelated,0,44,1,EXECUTE,published_after_gate_recheck,14.454325195401907,4.392345901578665,0.0,67.83132216406433
global,unrelated,0,45,1,EXECUTE,published_after_gate_recheck,14.504820108413696,4.142978694289923,0.0,67.83132216406433
global,unrelated,0,46,1,EXECUTE,published_after_gate_recheck,14.216088224202394,4.369854927062988,0.0,67.83132216406433
global,unrelated,0,47,1,EXECUTE,published_after_gate_recheck,14.444326050579548,4.554901272058487,0.0,67.83132216406433
global,unrelated,0,48,1,EXECUTE,published_after_gate_recheck,15.30603226274252,4.448933061212301,0.0,67.83132216406433
global,unrelated,0,49,1,EXECUTE,published_after_gate_recheck,15.720258932560682,4.6274373307824135,0.0,67.83132216406433
global,unrelated,0,50,1,EXECUTE,published_after_gate_recheck,14.95288871228695,3.977659158408642,0.0,67.83132216406433
global,unrelated,0,51,1,EXECUTE,published_after_gate_recheck,14.870665036141872,4.502363037317991,0.0,67.83132216406433
global,unrelated,0,52,1,EXECUTE,published_after_gate_recheck,14.892886858433485,4.268493968993425,0.0,67.83132216406433
global,unrelated,0,53,1,EXECUTE,published_after_gate_recheck,15.108390711247921,4.448761697858572,0.0,67.83132216406433
global,unrelated,0,54,1,EXECUTE,published_after_gate_recheck,15.58264996856451,4.334427881985903,0.0,67.83132216406433
global,unrelated,0,55,1,EXECUTE,published_after_gate_recheck,14.586852863430977,4.402505233883858,0.0,67.83132216406433
global,unrelated,0,56,1,EXECUTE,published_after_gate_recheck,14.449646230787039,3.901755902916193,0.0,67.83132216406433
global,unrelated,0,57,1,EXECUTE,published_after_gate_recheck,14.684637077152729,4.149191081523895,0.0,67.83132216406433
global,unrelated,0,58,1,EXECUTE,published_after_gate_recheck,14.61679907515645,4.339658189564943,0.0,67.83132216406433
global,unrelated,0,59,1,EXECUTE,published_after_gate_recheck,14.6542489528656,4.329008050262928,0.0,67.83132216406433
global,unrelated,0,60,1,EXECUTE,published_after_gate_recheck,14.502204954624176,4.061215091496706,0.0,67.83132216406433
global,unrelated,0,61,1,EXECUTE,published_after_gate_recheck,15.01193130388856,4.683301784098148,0.0,67.83132216406433
global,unrelated,0,62,1,EXECUTE,published_after_gate_recheck,14.418167062103748,4.559540189802647,0.0,67.83132216406433
global,unrelated,0,63,1,EXECUTE,published_after_gate_recheck,14.148571994155645,3.7927418015897274,0.0,67.83132216406433
global,unrelated,0,64,1,EXECUTE,published_after_gate_recheck,14.268515631556511,4.277742002159357,0.0,67.83132216406433
global,unrelated,0,65,1,EXECUTE,published_after_gate_recheck,13.39681213721633,4.047919996082783,0.0,67.83132216406433
global,unrelated,0,66,1,EXECUTE,published_after_gate_recheck,15.166600234806538,4.6241809614002705,0.0,67.83132216406433
global,unrelated,0,67,1,EXECUTE,published_after_gate_recheck,15.139248687773943,4.402786027640104,0.0,67.83132216406433
global,unrelated,0,68,1,EXECUTE,published_after_gate_recheck,14.177755918353796,3.88155784457922,0.0,67.83132216406433
global,unrelated,0,69,1,EXECUTE,published_after_gate_recheck,15.149648301303387,4.340139217674732,0.0,67.83132216406433
global,unrelated,0,70,1,EXECUTE,published_after_gate_recheck,14.120949897915125,3.916604910045862,0.0,67.83132216406433
global,unrelated,0,71,1,EXECUTE,published_after_gate_recheck,14.761561062186956,4.334006924182177,0.0,67.83132216406433
global,unrelated,0,72,1,EXECUTE,published_after_gate_recheck,14.580080285668373,4.061124753206968,0.0,67.83132216406433
global,unrelated,0,73,1,EXECUTE,published_after_gate_recheck,15.151552855968475,4.221806768327951,0.0,67.83132216406433
global,unrelated,0,74,1,EXECUTE,published_after_gate_recheck,14.49635298922658,3.9254212751984596,0.0,67.83132216406433
global,unrelated,0,75,1,EXECUTE,published_after_gate_recheck,14.92119999602437,3.707180730998516,0.0,67.83132216406433
global,unrelated,0,76,1,EXECUTE,published_after_gate_recheck,15.632815193384886,4.700364079326391,0.0,67.83132216406433
global,unrelated,0,77,1,EXECUTE,published_after_gate_recheck,14.812286011874676,4.689434077590704,0.0,67.83132216406433
global,unrelated,0,78,1,EXECUTE,published_after_gate_recheck,15.104133170098066,4.326552618294954,0.0,67.83132216406433
global,unrelated,0,79,1,EXECUTE,published_after_gate_recheck,14.001686125993729,4.034215118736029,0.0,67.83132216406433
global,unrelated,0,80,1,EXECUTE,published_after_gate_recheck,14.9811627343297,4.679794888943434,0.0,67.83132216406433
global,unrelated,0,81,1,EXECUTE,published_after_gate_recheck,14.921961817890406,4.211708437651396,0.0,67.83132216406433
global,unrelated,0,82,1,EXECUTE,published_after_gate_recheck,13.64102028310299,3.843638114631176,0.0,67.83132216406433
global,unrelated,0,83,1,EXECUTE,published_after_gate_recheck,14.351130928844213,3.8009369745850563,0.0,67.83132216406433
global,unrelated,0,84,1,EXECUTE,published_after_gate_recheck,13.637142721563578,4.158456809818745,0.0,67.83132216406433
global,unrelated,0,85,1,EXECUTE,published_after_gate_recheck,14.8963937535882,4.1960179805755615,0.0,67.83132216406433
global,unrelated,0,86,1,EXECUTE,published_after_gate_recheck,14.665060210973024,4.2256140150129795,0.0,67.83132216406433
global,unrelated,0,87,1,EXECUTE,published_after_gate_recheck,14.90422897040844,4.550131969153881,0.0,67.83132216406433
global,unrelated,0,88,1,EXECUTE,published_after_gate_recheck,14.956024941056967,4.228438716381788,0.0,67.83132216406433
global,unrelated,0,89,1,EXECUTE,published_after_gate_recheck,14.497155323624611,4.1190548799932,0.0,67.83132216406433
global,unrelated,0,90,1,EXECUTE,published_after_gate_recheck,14.038305263966322,4.1786059737205505,0.0,67.83132216406433
global,unrelated,0,91,1,EXECUTE,published_after_gate_recheck,14.966425020247698,4.198804032057524,0.0,67.83132216406433
global,unrelated,0,92,1,EXECUTE,published_after_gate_recheck,14.430469833314419,4.5461952686309814,0.0,67.83132216406433
global,unrelated,0,93,1,EXECUTE,published_after_gate_recheck,14.066056814044714,4.247255157679319,0.0,67.83132216406433
global,unrelated,0,94,1,EXECUTE,published_after_gate_recheck,14.9561557918787,4.318277817219496,0.0,67.83132216406433
global,unrelated,0,95,1,EXECUTE,published_after_gate_recheck,14.760639052838087,4.508644808083773,0.0,67.83132216406433
global,unrelated,0,96,1,EXECUTE,published_after_gate_recheck,14.544334262609482,4.1023120284080505,0.0,67.83132216406433
global,unrelated,0,97,1,EXECUTE,published_after_gate_recheck,14.089430682361126,3.77194257453084,0.0,67.83132216406433
global,unrelated,0,98,1,EXECUTE,published_after_gate_recheck,14.163658954203129,4.008136224001646,0.0,67.83132216406433
global,unrelated,0,99,1,EXECUTE,published_after_gate_recheck,14.874532353132963,4.439515061676502,0.0,67.83132216406433
readset,unrelated,0,0,1,EXECUTE,published_after_gate_recheck,14.95257904753089,4.282079637050629,0.0,66.60611655712835
readset,unrelated,0,1,1,EXECUTE,published_after_gate_recheck,14.548711944371462,4.418766126036644,0.0,66.60611655712835
readset,unrelated,0,2,1,EXECUTE,published_after_gate_recheck,15.263992827385664,4.508723970502615,0.0,66.60611655712835
readset,unrelated,0,3,1,EXECUTE,published_after_gate_recheck,14.904608950018883,4.046838730573654,0.0,66.60611655712835
readset,unrelated,0,4,1,EXECUTE,published_after_gate_recheck,15.063627157360315,3.998488187789917,0.0,66.60611655712835
readset,unrelated,0,5,1,EXECUTE,published_after_gate_recheck,16.920318827033043,4.886594135314226,0.0,66.60611655712835
readset,unrelated,0,6,1,EXECUTE,published_after_gate_recheck,14.159752056002617,4.129053093492985,0.0,66.60611655712835
readset,unrelated,0,7,1,EXECUTE,published_after_gate_recheck,15.071282163262367,4.186379723250866,0.0,66.60611655712835
readset,unrelated,0,8,1,EXECUTE,published_after_gate_recheck,15.0461052544415,4.222447983920574,0.0,66.60611655712835
readset,unrelated,0,9,1,EXECUTE,published_after_gate_recheck,15.998661052435637,4.115057177841663,0.0,66.60611655712835
readset,unrelated,0,10,1,EXECUTE,published_after_gate_recheck,17.050212249159813,4.181071184575558,0.0,66.60611655712835
readset,unrelated,0,11,1,EXECUTE,published_after_gate_recheck,15.519692096859217,4.532849881798029,0.0,66.60611655712835
readset,unrelated,0,12,1,EXECUTE,published_after_gate_recheck,14.438195154070854,4.043892957270145,0.0,66.60611655712835
readset,unrelated,0,13,1,EXECUTE,published_after_gate_recheck,14.679004903882742,4.308199044317007,0.0,66.60611655712835
readset,unrelated,0,14,1,EXECUTE,published_after_gate_recheck,14.020942151546478,3.808832261711359,0.0,66.60611655712835
readset,unrelated,0,15,1,EXECUTE,published_after_gate_recheck,14.940565917640924,4.089809022843838,0.0,66.60611655712835
readset,unrelated,0,16,1,EXECUTE,published_after_gate_recheck,14.569681137800217,4.299532156437635,0.0,66.60611655712835
readset,unrelated,0,17,1,EXECUTE,published_after_gate_recheck,14.230174012482166,4.1627963073551655,0.0,66.60611655712835
readset,unrelated,0,18,1,EXECUTE,published_after_gate_recheck,14.624203089624643,4.3014357797801495,0.0,66.60611655712835
readset,unrelated,0,19,1,EXECUTE,published_after_gate_recheck,15.181638300418854,4.487955942749977,0.0,66.60611655712835
readset,unrelated,0,20,1,EXECUTE,published_after_gate_recheck,15.956931747496128,4.910408053547144,0.0,66.60611655712835
readset,unrelated,0,21,1,EXECUTE,published_after_gate_recheck,15.319307334721088,4.113784991204739,0.0,66.60611655712835
readset,unrelated,0,22,1,EXECUTE,published_after_gate_recheck,14.014059212058783,4.172745160758495,0.0,66.60611655712835
readset,unrelated,0,23,1,EXECUTE,published_after_gate_recheck,14.314673375338316,4.02422621846199,0.0,66.60611655712835
readset,unrelated,0,24,1,EXECUTE,published_after_gate_recheck,16.92398590967059,4.198221955448389,0.0,66.60611655712835
readset,unrelated,0,25,1,EXECUTE,published_after_gate_recheck,15.263320878148079,4.241122864186764,0.0,66.60611655712835
readset,unrelated,0,26,1,EXECUTE,published_after_gate_recheck,15.049842186272144,4.313278011977673,0.0,66.60611655712835
readset,unrelated,0,27,1,EXECUTE,published_after_gate_recheck,14.910981059074402,4.353133030235767,0.0,66.60611655712835
readset,unrelated,0,28,1,EXECUTE,published_after_gate_recheck,14.270900748670101,3.962660674005747,0.0,66.60611655712835
readset,unrelated,0,29,1,EXECUTE,published_after_gate_recheck,14.302350115031004,4.574177321046591,0.0,66.60611655712835
readset,unrelated,0,30,1,EXECUTE,published_after_gate_recheck,14.455746859312057,3.8817892782390118,0.0,66.60611655712835
readset,unrelated,0,31,1,EXECUTE,published_after_gate_recheck,14.41325806081295,4.367148969322443,0.0,66.60611655712835
readset,unrelated,0,32,1,EXECUTE,published_after_gate_recheck,14.438866171985865,4.303099121898413,0.0,66.60611655712835
readset,unrelated,0,33,1,EXECUTE,published_after_gate_recheck,14.089439995586872,4.04980406165123,0.0,66.60611655712835
readset,unrelated,0,34,1,EXECUTE,published_after_gate_recheck,14.917083084583282,4.073137883096933,0.0,66.60611655712835
readset,unrelated,0,35,1,EXECUTE,published_after_gate_recheck,15.473165083676577,4.625723697245121,0.0,66.60611655712835
readset,unrelated,0,36,1,EXECUTE,published_after_gate_recheck,14.170671813189983,4.081082064658403,0.0,66.60611655712835
readset,unrelated,0,37,1,EXECUTE,published_after_gate_recheck,14.718750957399607,4.295204300433397,0.0,66.60611655712835
readset,unrelated,0,38,1,EXECUTE,published_after_gate_recheck,15.246751252561808,4.507432691752911,0.0,66.60611655712835
readset,unrelated,0,39,1,EXECUTE,published_after_gate_recheck,14.606360346078873,4.058250226080418,0.0,66.60611655712835
readset,unrelated,0,40,1,EXECUTE,published_after_gate_recheck,15.158004127442837,4.450625274330378,0.0,66.60611655712835
readset,unrelated,0,41,1,EXECUTE,published_after_gate_recheck,15.01279091462493,3.8808174431324005,0.0,66.60611655712835
readset,unrelated,0,42,1,EXECUTE,published_after_gate_recheck,14.475283678621054,4.304300993680954,0.0,66.60611655712835
readset,unrelated,0,43,1,EXECUTE,published_after_gate_recheck,14.300766866654158,4.406022373586893,0.0,66.60611655712835
readset,unrelated,0,44,1,EXECUTE,published_after_gate_recheck,15.6414401717484,4.086864180862904,0.0,66.60611655712835
readset,unrelated,0,45,1,EXECUTE,published_after_gate_recheck,15.195284970104694,4.170109052211046,0.0,66.60611655712835
readset,unrelated,0,46,1,EXECUTE,published_after_gate_recheck,15.259104315191507,4.601428285241127,0.0,66.60611655712835
readset,unrelated,0,47,1,EXECUTE,published_after_gate_recheck,14.92189196869731,4.156183917075396,0.0,66.60611655712835
readset,unrelated,0,48,1,EXECUTE,published_after_gate_recheck,16.673084814101458,4.522399976849556,0.0,66.60611655712835
readset,unrelated,0,49,1,EXECUTE,published_after_gate_recheck,16.168839763849974,4.761909134685993,0.0,66.60611655712835
readset,unrelated,0,50,1,EXECUTE,published_after_gate_recheck,15.050543006509542,4.0399059653282166,0.0,66.60611655712835
readset,unrelated,0,51,1,EXECUTE,published_after_gate_recheck,15.300401020795107,4.323948174715042,0.0,66.60611655712835
readset,unrelated,0,52,1,EXECUTE,published_after_gate_recheck,14.320944901555777,3.7922910414636135,0.0,66.60611655712835
readset,unrelated,0,53,1,EXECUTE,published_after_gate_recheck,15.108772087842226,4.388009198009968,0.0,66.60611655712835
readset,unrelated,0,54,1,EXECUTE,published_after_gate_recheck,14.360157772898674,3.95596818998456,0.0,66.60611655712835
readset,unrelated,0,55,1,EXECUTE,published_after_gate_recheck,14.810362830758095,4.590969067066908,0.0,66.60611655712835
readset,unrelated,0,56,1,EXECUTE,published_after_gate_recheck,15.234027057886124,4.675547126680613,0.0,66.60611655712835
readset,unrelated,0,57,1,EXECUTE,published_after_gate_recheck,14.37931414693594,3.987426869571209,0.0,66.60611655712835
readset,unrelated,0,58,1,EXECUTE,published_after_gate_recheck,14.746482018381357,4.134101793169975,0.0,66.60611655712835
readset,unrelated,0,59,1,EXECUTE,published_after_gate_recheck,14.074301812797785,3.64959379658103,0.0,66.60611655712835
readset,unrelated,0,60,1,EXECUTE,published_after_gate_recheck,14.53300192952156,4.254227038472891,0.0,66.60611655712835
readset,unrelated,0,61,1,EXECUTE,published_after_gate_recheck,14.99400706961751,4.412375390529633,0.0,66.60611655712835
readset,unrelated,0,62,1,EXECUTE,published_after_gate_recheck,14.393240213394165,4.260179121047258,0.0,66.60611655712835
readset,unrelated,0,63,1,EXECUTE,published_after_gate_recheck,14.382559806108475,4.210716113448143,0.0,66.60611655712835
readset,unrelated,0,64,1,EXECUTE,published_after_gate_recheck,14.652136247605085,4.361027851700783,0.0,66.60611655712835
readset,unrelated,0,65,1,EXECUTE,published_after_gate_recheck,14.373713172972202,4.067867994308472,0.0,66.60611655712835
readset,unrelated,0,66,1,EXECUTE,published_after_gate_recheck,14.056488871574402,3.968202043324709,0.0,66.60611655712835
readset,unrelated,0,67,1,EXECUTE,published_after_gate_recheck,14.450167305767536,4.116297699511051,0.0,66.60611655712835
readset,unrelated,0,68,1,EXECUTE,published_after_gate_recheck,14.260591007769108,3.785358276218176,0.0,66.60611655712835
readset,unrelated,0,69,1,EXECUTE,published_after_gate_recheck,14.704694971442223,4.2674122378230095,0.0,66.60611655712835
readset,unrelated,0,70,1,EXECUTE,published_after_gate_recheck,14.675579965114594,4.07378887757659,0.0,66.60611655712835
readset,unrelated,0,71,1,EXECUTE,published_after_gate_recheck,14.486454892903566,4.283593036234379,0.0,66.60611655712835
readset,unrelated,0,72,1,EXECUTE,published_after_gate_recheck,14.41574189811945,4.128471948206425,0.0,66.60611655712835
readset,unrelated,0,73,1,EXECUTE,published_after_gate_recheck,14.55092616379261,3.899191040545702,0.0,66.60611655712835
readset,unrelated,0,74,1,EXECUTE,published_after_gate_recheck,15.767237171530724,4.720853175967932,0.0,66.60611655712835
readset,unrelated,0,75,1,EXECUTE,published_after_gate_recheck,15.655407216399908,4.40778536722064,0.0,66.60611655712835
readset,unrelated,0,76,1,EXECUTE,published_after_gate_recheck,15.217064879834652,4.516939632594585,0.0,66.60611655712835
readset,unrelated,0,77,1,EXECUTE,published_after_gate_recheck,14.504899736493826,4.243688192218542,0.0,66.60611655712835
readset,unrelated,0,78,1,EXECUTE,published_after_gate_recheck,15.566359739750624,4.64674411341548,0.0,66.60611655712835
readset,unrelated,0,79,1,EXECUTE,published_after_gate_recheck,14.727958012372255,4.51201107352972,0.0,66.60611655712835
readset,unrelated,0,80,1,EXECUTE,published_after_gate_recheck,13.456703629344702,3.624577075242996,0.0,66.60611655712835
readset,unrelated,0,81,1,EXECUTE,published_after_gate_recheck,14.527362305670977,4.336000885814428,0.0,66.60611655712835
readset,unrelated,0,82,1,EXECUTE,published_after_gate_recheck,15.259434003382921,4.776798188686371,0.0,66.60611655712835
readset,unrelated,0,83,1,EXECUTE,published_after_gate_recheck,18.985712435096502,6.6758389584720135,0.0,66.60611655712835
readset,unrelated,0,84,1,EXECUTE,published_after_gate_recheck,17.26884301751852,5.073432810604572,0.0,66.60611655712835
readset,unrelated,0,85,1,EXECUTE,published_after_gate_recheck,16.392569988965988,4.530556034296751,0.0,66.60611655712835
readset,unrelated,0,86,1,EXECUTE,published_after_gate_recheck,17.223648261278868,5.158043000847101,0.0,66.60611655712835
readset,unrelated,0,87,1,EXECUTE,published_after_gate_recheck,14.862359035760164,4.402494989335537,0.0,66.60611655712835
readset,unrelated,0,88,1,EXECUTE,published_after_gate_recheck,14.449705835431814,4.24461904913187,0.0,66.60611655712835
readset,unrelated,0,89,1,EXECUTE,published_after_gate_recheck,14.348656870424747,3.7805591709911823,0.0,66.60611655712835
readset,unrelated,0,90,1,EXECUTE,published_after_gate_recheck,13.995124027132988,4.122009966522455,0.0,66.60611655712835
readset,unrelated,0,91,1,EXECUTE,published_after_gate_recheck,14.78614704683423,4.03068820014596,0.0,66.60611655712835
readset,unrelated,0,92,1,EXECUTE,published_after_gate_recheck,14.75467812269926,4.249358084052801,0.0,66.60611655712835
readset,unrelated,0,93,1,EXECUTE,published_after_gate_recheck,15.579324215650558,4.786085337400436,0.0,66.60611655712835
readset,unrelated,0,94,1,EXECUTE,published_after_gate_recheck,13.935131020843983,4.019887652248144,0.0,66.60611655712835
readset,unrelated,0,95,1,EXECUTE,published_after_gate_recheck,15.26836073026061,4.322705790400505,0.0,66.60611655712835
readset,unrelated,0,96,1,EXECUTE,published_after_gate_recheck,14.339138753712177,3.780950326472521,0.0,66.60611655712835
readset,unrelated,0,97,1,EXECUTE,published_after_gate_recheck,15.46857738867402,4.323216620832682,0.0,66.60611655712835
readset,unrelated,0,98,1,EXECUTE,published_after_gate_recheck,14.39561415463686,4.0710438042879105,0.0,66.60611655712835
readset,unrelated,0,99,1,EXECUTE,published_after_gate_recheck,14.129526447504759,4.044223111122847,0.0,66.60611655712835
truth,unrelated,0,0,1,EXECUTE,published_after_gate_recheck,15.26964409276843,4.386526066809893,0.0,66.05645722993525
truth,unrelated,0,1,1,EXECUTE,published_after_gate_recheck,15.821367967873812,4.534714389592409,0.0,66.05645722993525
truth,unrelated,0,2,1,EXECUTE,published_after_gate_recheck,14.814159832894802,4.247754812240601,0.0,66.05645722993525
truth,unrelated,0,3,1,EXECUTE,published_after_gate_recheck,14.856819994747639,4.277470987290144,0.0,66.05645722993525
truth,unrelated,0,4,1,EXECUTE,published_after_gate_recheck,14.75965790450573,4.0331631898880005,0.0,66.05645722993525
truth,unrelated,0,5,1,EXECUTE,published_after_gate_recheck,14.783541671931744,4.247565288096666,0.0,66.05645722993525
truth,unrelated,0,6,1,EXECUTE,published_after_gate_recheck,14.397147111594677,4.0031359530985355,0.0,66.05645722993525
truth,unrelated,0,7,1,EXECUTE,published_after_gate_recheck,15.658243093639612,4.425629042088985,0.0,66.05645722993525
truth,unrelated,0,8,1,EXECUTE,published_after_gate_recheck,14.047030825167894,4.099908284842968,0.0,66.05645722993525
truth,unrelated,0,9,1,EXECUTE,published_after_gate_recheck,14.832654036581516,4.4576493091881275,0.0,66.05645722993525
truth,unrelated,0,10,1,EXECUTE,published_after_gate_recheck,14.497476164251566,4.448662046343088,0.0,66.05645722993525
truth,unrelated,0,11,1,EXECUTE,published_after_gate_recheck,15.450602862983942,4.407203756272793,0.0,66.05645722993525
truth,unrelated,0,12,1,EXECUTE,published_after_gate_recheck,14.280970208346844,4.081323742866516,0.0,66.05645722993525
truth,unrelated,0,13,1,EXECUTE,published_after_gate_recheck,15.124029945582151,4.0815831162035465,0.0,66.05645722993525
truth,unrelated,0,14,1,EXECUTE,published_after_gate_recheck,14.649089891463518,4.352913238108158,0.0,66.05645722993525
truth,unrelated,0,15,1,EXECUTE,published_after_gate_recheck,15.169525984674692,4.343394190073013,0.0,66.05645722993525
truth,unrelated,0,16,1,EXECUTE,published_after_gate_recheck,14.900961890816689,4.412003792822361,0.0,66.05645722993525
truth,unrelated,0,17,1,EXECUTE,published_after_gate_recheck,15.085298102349043,4.302938934415579,0.0,66.05645722993525
truth,unrelated,0,18,1,EXECUTE,published_after_gate_recheck,15.581719111651182,4.380344413220882,0.0,66.05645722993525
truth,unrelated,0,19,1,EXECUTE,published_after_gate_recheck,14.556736685335636,4.354636184871197,0.0,66.05645722993525
truth,unrelated,0,20,1,EXECUTE,published_after_gate_recheck,15.238896012306213,4.451217129826546,0.0,66.05645722993525
truth,unrelated,0,21,1,EXECUTE,published_after_gate_recheck,15.084125101566315,4.497503861784935,0.0,66.05645722993525
truth,unrelated,0,22,1,EXECUTE,published_after_gate_recheck,14.857620000839233,4.1046771220862865,0.0,66.05645722993525
truth,unrelated,0,23,1,EXECUTE,published_after_gate_recheck,14.69461526721716,4.129644017666578,0.0,66.05645722993525
truth,unrelated,0,24,1,EXECUTE,published_after_gate_recheck,14.87922202795744,4.6927896328270435,0.0,66.05645722993525
truth,unrelated,0,25,1,EXECUTE,published_after_gate_recheck,14.301488175988197,4.02457732707262,0.0,66.05645722993525
truth,unrelated,0,26,1,EXECUTE,published_after_gate_recheck,13.865841086953878,4.125757142901421,0.0,66.05645722993525
truth,unrelated,0,27,1,EXECUTE,published_after_gate_recheck,15.398836228996515,4.555682651698589,0.0,66.05645722993525
truth,unrelated,0,28,1,EXECUTE,published_after_gate_recheck,14.470444992184639,4.4119227677583694,0.0,66.05645722993525
truth,unrelated,0,29,1,EXECUTE,published_after_gate_recheck,13.902570120990276,3.848958294838667,0.0,66.05645722993525
truth,unrelated,0,30,1,EXECUTE,published_after_gate_recheck,15.230580698698759,4.950062837451696,0.0,66.05645722993525
truth,unrelated,0,31,1,EXECUTE,published_after_gate_recheck,14.590459875762463,4.245440941303968,0.0,66.05645722993525
truth,unrelated,0,32,1,EXECUTE,published_after_gate_recheck,14.458612073212862,4.000831861048937,0.0,66.05645722993525
truth,unrelated,0,33,1,EXECUTE,published_after_gate_recheck,15.08010784164071,4.443833138793707,0.0,66.05645722993525
truth,unrelated,0,34,1,EXECUTE,published_after_gate_recheck,14.640954323112965,4.161444026976824,0.0,66.05645722993525
truth,unrelated,0,35,1,EXECUTE,published_after_gate_recheck,15.002361964434385,4.042270127683878,0.0,66.05645722993525
truth,unrelated,0,36,1,EXECUTE,published_after_gate_recheck,14.925729017704725,4.5547508634626865,0.0,66.05645722993525
truth,unrelated,0,37,1,EXECUTE,published_after_gate_recheck,14.952759258449078,4.19959519058466,0.0,66.05645722993525
truth,unrelated,0,38,1,EXECUTE,published_after_gate_recheck,14.999516773968935,4.4026547111570835,0.0,66.05645722993525
truth,unrelated,0,39,1,EXECUTE,published_after_gate_recheck,14.398068655282259,4.281128291040659,0.0,66.05645722993525
truth,unrelated,0,40,1,EXECUTE,published_after_gate_recheck,14.145043678581715,4.067236557602882,0.0,66.05645722993525
truth,unrelated,0,41,1,EXECUTE,published_after_gate_recheck,13.980596791952848,4.028483759611845,0.0,66.05645722993525
truth,unrelated,0,42,1,EXECUTE,published_after_gate_recheck,13.51429196074605,3.847894724458456,0.0,66.05645722993525
truth,unrelated,0,43,1,EXECUTE,published_after_gate_recheck,15.351556707173586,4.522801376879215,0.0,66.05645722993525
truth,unrelated,0,44,1,EXECUTE,published_after_gate_recheck,15.425976365804672,4.486413206905127,0.0,66.05645722993525
truth,unrelated,0,45,1,EXECUTE,published_after_gate_recheck,13.966590166091919,3.5564787685871124,0.0,66.05645722993525
truth,unrelated,0,46,1,EXECUTE,published_after_gate_recheck,14.088307972997427,3.5784500651061535,0.0,66.05645722993525
truth,unrelated,0,47,1,EXECUTE,published_after_gate_recheck,15.0222796946764,4.156022798269987,0.0,66.05645722993525
truth,unrelated,0,48,1,EXECUTE,published_after_gate_recheck,14.476075302809477,4.455554764717817,0.0,66.05645722993525
truth,unrelated,0,49,1,EXECUTE,published_after_gate_recheck,15.755794942378998,4.693211056292057,0.0,66.05645722993525
truth,unrelated,0,50,1,EXECUTE,published_after_gate_recheck,14.725252985954285,4.255629610270262,0.0,66.05645722993525
truth,unrelated,0,51,1,EXECUTE,published_after_gate_recheck,14.847781974822283,4.298029001802206,0.0,66.05645722993525
truth,unrelated,0,52,1,EXECUTE,published_after_gate_recheck,14.066678006201982,3.866459708660841,0.0,66.05645722993525
truth,unrelated,0,53,1,EXECUTE,published_after_gate_recheck,14.941659290343523,4.111249931156635,0.0,66.05645722993525
truth,unrelated,0,54,1,EXECUTE,published_after_gate_recheck,15.032669063657522,3.831523936241865,0.0,66.05645722993525
truth,unrelated,0,55,1,EXECUTE,published_after_gate_recheck,14.846419915556908,4.270779434591532,0.0,66.05645722993525
truth,unrelated,0,56,1,EXECUTE,published_after_gate_recheck,14.822775963693857,4.283663351088762,0.0,66.05645722993525
truth,unrelated,0,57,1,EXECUTE,published_after_gate_recheck,15.330227091908455,4.339145962148905,0.0,66.05645722993525
truth,unrelated,0,58,1,EXECUTE,published_after_gate_recheck,14.99162195250392,3.8812682032585144,0.0,66.05645722993525
truth,unrelated,0,59,1,EXECUTE,published_after_gate_recheck,15.365793835371733,4.324119072407484,0.0,66.05645722993525
truth,unrelated,0,60,1,EXECUTE,published_after_gate_recheck,17.440184019505978,4.473117645829916,0.0,66.05645722993525
truth,unrelated,0,61,1,EXECUTE,published_after_gate_recheck,15.03349095582962,4.261982161551714,0.0,66.05645722993525
truth,unrelated,0,62,1,EXECUTE,published_after_gate_recheck,18.30739015713334,4.595597740262747,0.0,66.05645722993525
truth,unrelated,0,63,1,EXECUTE,published_after_gate_recheck,18.047100864350796,6.485802121460438,0.0,66.05645722993525
truth,unrelated,0,64,1,EXECUTE,published_after_gate_recheck,18.372422084212303,4.231635015457869,0.0,66.05645722993525
truth,unrelated,0,65,1,EXECUTE,published_after_gate_recheck,16.998105216771364,5.850300192832947,0.0,66.05645722993525
truth,unrelated,0,66,1,EXECUTE,published_after_gate_recheck,18.669768702238798,4.052930045872927,0.0,66.05645722993525
truth,unrelated,0,67,1,EXECUTE,published_after_gate_recheck,15.619408804923296,3.9811148308217525,0.0,66.05645722993525
truth,unrelated,0,68,1,EXECUTE,published_after_gate_recheck,15.00805327668786,4.170830827206373,0.0,66.05645722993525
truth,unrelated,0,69,1,EXECUTE,published_after_gate_recheck,14.895271975547075,4.245290998369455,0.0,66.05645722993525
truth,unrelated,0,70,1,EXECUTE,published_after_gate_recheck,14.417055062949657,3.9711659774184227,0.0,66.05645722993525
truth,unrelated,0,71,1,EXECUTE,published_after_gate_recheck,15.040503814816475,4.4754319824278355,0.0,66.05645722993525
truth,unrelated,0,72,1,EXECUTE,published_after_gate_recheck,15.374790877103806,4.588163923472166,0.0,66.05645722993525
truth,unrelated,0,73,1,EXECUTE,published_after_gate_recheck,14.842061791568995,4.3403999879956245,0.0,66.05645722993525
truth,unrelated,0,74,1,EXECUTE,published_after_gate_recheck,14.624002855271101,4.33859508484602,0.0,66.05645722993525
truth,unrelated,0,75,1,EXECUTE,published_after_gate_recheck,15.732732135802507,4.530906211584806,0.0,66.05645722993525
truth,unrelated,0,76,1,EXECUTE,published_after_gate_recheck,16.048092860728502,4.693180788308382,0.0,66.05645722993525
truth,unrelated,0,77,1,EXECUTE,published_after_gate_recheck,14.552137814462185,4.166462924331427,0.0,66.05645722993525
truth,unrelated,0,78,1,EXECUTE,published_after_gate_recheck,15.695692971348763,4.860064014792442,0.0,66.05645722993525
truth,unrelated,0,79,1,EXECUTE,published_after_gate_recheck,15.687607694417238,4.662883933633566,0.0,66.05645722993525
truth,unrelated,0,80,1,EXECUTE,published_after_gate_recheck,15.148246195167303,4.225593991577625,0.0,66.05645722993525
truth,unrelated,0,81,1,EXECUTE,published_after_gate_recheck,15.365262981504202,4.14953101426363,0.0,66.05645722993525
truth,unrelated,0,82,1,EXECUTE,published_after_gate_recheck,15.08941501379013,4.251301754266024,0.0,66.05645722993525
truth,unrelated,0,83,1,EXECUTE,published_after_gate_recheck,15.049782115966082,4.370716400444508,0.0,66.05645722993525
truth,unrelated,0,84,1,EXECUTE,published_after_gate_recheck,14.652797020971775,4.540254361927509,0.0,66.05645722993525
truth,unrelated,0,85,1,EXECUTE,published_after_gate_recheck,14.886385295540094,4.570289980620146,0.0,66.05645722993525
truth,unrelated,0,86,1,EXECUTE,published_after_gate_recheck,16.44616900011897,4.081212915480137,0.0,66.05645722993525
truth,unrelated,0,87,1,EXECUTE,published_after_gate_recheck,15.237062238156796,4.354376345872879,0.0,66.05645722993525
truth,unrelated,0,88,1,EXECUTE,published_after_gate_recheck,14.620205853134394,4.528121091425419,0.0,66.05645722993525
truth,unrelated,0,89,1,EXECUTE,published_after_gate_recheck,14.516942203044891,4.242245107889175,0.0,66.05645722993525
truth,unrelated,0,90,1,EXECUTE,published_after_gate_recheck,14.804310631006956,4.515045788139105,0.0,66.05645722993525
truth,unrelated,0,91,1,EXECUTE,published_after_gate_recheck,15.505625866353512,4.446387756615877,0.0,66.05645722993525
truth,unrelated,0,92,1,EXECUTE,published_after_gate_recheck,15.782404690980911,4.489559214562178,0.0,66.05645722993525
truth,unrelated,0,93,1,EXECUTE,published_after_gate_recheck,14.197793789207935,4.16435906663537,0.0,66.05645722993525
truth,unrelated,0,94,1,EXECUTE,published_after_gate_recheck,14.92425613105297,4.5415060594677925,0.0,66.05645722993525
truth,unrelated,0,95,1,EXECUTE,published_after_gate_recheck,14.878020156174898,4.681939724832773,0.0,66.05645722993525
truth,unrelated,0,96,1,EXECUTE,published_after_gate_recheck,14.654911123216152,3.9417617954313755,0.0,66.05645722993525
truth,unrelated,0,97,1,EXECUTE,published_after_gate_recheck,15.029342845082283,4.361368250101805,0.0,66.05645722993525
truth,unrelated,0,98,1,EXECUTE,published_after_gate_recheck,14.653468038886786,4.269175231456757,0.0,66.05645722993525
truth,unrelated,0,99,1,EXECUTE,published_after_gate_recheck,14.508215710520744,4.0088677778840065,0.0,66.05645722993525
opa,unrelated,0,0,1,EXECUTE,opa_allowed_at_gate,10.729890782386065,3.2183248549699783,0.0,111.55095525667244
opa,unrelated,0,1,1,EXECUTE,opa_allowed_at_gate,9.592367801815271,3.202415071427822,0.0,111.55095525667244
opa,unrelated,0,2,1,EXECUTE,opa_allowed_at_gate,9.104752913117409,3.1088502146303654,0.0,111.55095525667244
opa,unrelated,0,3,1,EXECUTE,opa_allowed_at_gate,8.428094442933798,2.855464816093445,0.0,111.55095525667244
opa,unrelated,0,4,1,EXECUTE,opa_allowed_at_gate,9.137564804404974,3.093461040407419,0.0,111.55095525667244
opa,unrelated,0,5,1,EXECUTE,opa_allowed_at_gate,8.727825712412596,3.019842319190502,0.0,111.55095525667244
opa,unrelated,0,6,1,EXECUTE,opa_allowed_at_gate,9.123017080128193,2.8761629946529865,0.0,111.55095525667244
opa,unrelated,0,7,1,EXECUTE,opa_allowed_at_gate,8.437532000243664,2.8424798510968685,0.0,111.55095525667244
opa,unrelated,0,8,1,EXECUTE,opa_allowed_at_gate,7.953515276312828,2.6100636459887028,0.0,111.55095525667244
opa,unrelated,0,9,1,EXECUTE,opa_allowed_at_gate,9.382955264300108,3.4475550055503845,0.0,111.55095525667244
opa,unrelated,0,10,1,EXECUTE,opa_allowed_at_gate,9.2180659994483,3.006076905876398,0.0,111.55095525667244
opa,unrelated,0,11,1,EXECUTE,opa_allowed_at_gate,8.696436882019043,2.989976666867733,0.0,111.55095525667244
opa,unrelated,0,12,1,EXECUTE,opa_allowed_at_gate,9.429381228983402,3.070347011089325,0.0,111.55095525667244
opa,unrelated,0,13,1,EXECUTE,opa_allowed_at_gate,9.033279027789831,2.8339740820229053,0.0,111.55095525667244
opa,unrelated,0,14,1,EXECUTE,opa_allowed_at_gate,8.970721624791622,3.04348673671484,0.0,111.55095525667244
opa,unrelated,0,15,1,EXECUTE,opa_allowed_at_gate,8.889950346201658,2.9267091304063797,0.0,111.55095525667244
opa,unrelated,0,16,1,EXECUTE,opa_allowed_at_gate,9.604801423847675,3.0380170792341232,0.0,111.55095525667244
opa,unrelated,0,17,1,EXECUTE,opa_allowed_at_gate,8.823817130178213,2.868679817765951,0.0,111.55095525667244
opa,unrelated,0,18,1,EXECUTE,opa_allowed_at_gate,8.526639081537724,2.949911169707775,0.0,111.55095525667244
opa,unrelated,0,19,1,EXECUTE,opa_allowed_at_gate,8.317377418279648,2.6915869675576687,0.0,111.55095525667244
opa,unrelated,0,20,1,EXECUTE,opa_allowed_at_gate,8.341351989656687,2.572382800281048,0.0,111.55095525667244
opa,unrelated,0,21,1,EXECUTE,opa_allowed_at_gate,8.84877284988761,2.793458290398121,0.0,111.55095525667244
opa,unrelated,0,22,1,EXECUTE,opa_allowed_at_gate,8.964098989963531,2.942838240414858,0.0,111.55095525667244
opa,unrelated,0,23,1,EXECUTE,opa_allowed_at_gate,8.39798804372549,2.782939001917839,0.0,111.55095525667244
opa,unrelated,0,24,1,EXECUTE,opa_allowed_at_gate,8.371829055249691,2.59596761316061,0.0,111.55095525667244
opa,unrelated,0,25,1,EXECUTE,opa_allowed_at_gate,8.3416816778481,2.5939452461898327,0.0,111.55095525667244
opa,unrelated,0,26,1,EXECUTE,opa_allowed_at_gate,10.387619026005268,4.184307064861059,0.0,111.55095525667244
opa,unrelated,0,27,1,EXECUTE,opa_allowed_at_gate,8.7678711861372,2.7618389576673508,0.0,111.55095525667244
opa,unrelated,0,28,1,EXECUTE,opa_allowed_at_gate,8.359225932508707,2.7928566560149193,0.0,111.55095525667244
opa,unrelated,0,29,1,EXECUTE,opa_allowed_at_gate,8.625164162367582,2.699993085116148,0.0,111.55095525667244
opa,unrelated,0,30,1,EXECUTE,opa_allowed_at_gate,8.951805997639894,3.096266184002161,0.0,111.55095525667244
opa,unrelated,0,31,1,EXECUTE,opa_allowed_at_gate,8.920527063310146,2.955270931124687,0.0,111.55095525667244
opa,unrelated,0,32,1,EXECUTE,opa_allowed_at_gate,8.817644789814949,2.8950991109013557,0.0,111.55095525667244
opa,unrelated,0,33,1,EXECUTE,opa_allowed_at_gate,8.663104847073555,2.9585682787001133,0.0,111.55095525667244
opa,unrelated,0,34,1,EXECUTE,opa_allowed_at_gate,8.462688885629177,2.566362265497446,0.0,111.55095525667244
opa,unrelated,0,35,1,EXECUTE,opa_allowed_at_gate,9.507638867944479,2.6999530382454395,0.0,111.55095525667244
opa,unrelated,0,36,1,EXECUTE,opa_allowed_at_gate,8.720483165234327,3.049429040402174,0.0,111.55095525667244
opa,unrelated,0,37,1,EXECUTE,opa_allowed_at_gate,8.259657770395279,2.8105201199650764,0.0,111.55095525667244
opa,unrelated,0,38,1,EXECUTE,opa_allowed_at_gate,9.330175817012787,3.122285008430481,0.0,111.55095525667244
opa,unrelated,0,39,1,EXECUTE,opa_allowed_at_gate,8.697459008544683,2.77702696621418,0.0,111.55095525667244
opa,unrelated,0,40,1,EXECUTE,opa_allowed_at_gate,8.422364015132189,2.7520302683115005,0.0,111.55095525667244
opa,unrelated,0,41,1,EXECUTE,opa_allowed_at_gate,8.625824935734272,3.0831610783934593,0.0,111.55095525667244
opa,unrelated,0,42,1,EXECUTE,opa_allowed_at_gate,8.86998325586319,2.9369876720011234,0.0,111.55095525667244
opa,unrelated,0,43,1,EXECUTE,opa_allowed_at_gate,8.579286746680737,2.9041958041489124,0.0,111.55095525667244
opa,unrelated,0,44,1,EXECUTE,opa_allowed_at_gate,8.571562822908163,2.771778032183647,0.0,111.55095525667244
opa,unrelated,0,45,1,EXECUTE,opa_allowed_at_gate,8.78829974681139,2.6954938657581806,0.0,111.55095525667244
opa,unrelated,0,46,1,EXECUTE,opa_allowed_at_gate,9.385881014168262,3.174893092364073,0.0,111.55095525667244
opa,unrelated,0,47,1,EXECUTE,opa_allowed_at_gate,8.773481007665396,2.8379708528518677,0.0,111.55095525667244
opa,unrelated,0,48,1,EXECUTE,opa_allowed_at_gate,9.284009225666523,2.8800200670957565,0.0,111.55095525667244
opa,unrelated,0,49,1,EXECUTE,opa_allowed_at_gate,8.485492318868637,3.0155042186379433,0.0,111.55095525667244
opa,unrelated,0,50,1,EXECUTE,opa_allowed_at_gate,8.96829692646861,3.063565120100975,0.0,111.55095525667244
opa,unrelated,0,51,1,EXECUTE,opa_allowed_at_gate,9.695010259747505,3.1650951132178307,0.0,111.55095525667244
opa,unrelated,0,52,1,EXECUTE,opa_allowed_at_gate,9.369620122015476,2.931607887148857,0.0,111.55095525667244
opa,unrelated,0,53,1,EXECUTE,opa_allowed_at_gate,9.41774994134903,3.305829130113125,0.0,111.55095525667244
opa,unrelated,0,54,1,EXECUTE,opa_allowed_at_gate,9.046354331076145,2.9225097969174385,0.0,111.55095525667244
opa,unrelated,0,55,1,EXECUTE,opa_allowed_at_gate,8.755136746913195,2.9999460093677044,0.0,111.55095525667244
opa,unrelated,0,56,1,EXECUTE,opa_allowed_at_gate,9.066442027688026,3.100524190813303,0.0,111.55095525667244
opa,unrelated,0,57,1,EXECUTE,opa_allowed_at_gate,10.564490221440792,2.8793788515031338,0.0,111.55095525667244
opa,unrelated,0,58,1,EXECUTE,opa_allowed_at_gate,8.112282026559114,2.8988062404096127,0.0,111.55095525667244
opa,unrelated,0,59,1,EXECUTE,opa_allowed_at_gate,9.559236001223326,3.1674588099122047,0.0,111.55095525667244
opa,unrelated,0,60,1,EXECUTE,opa_allowed_at_gate,8.959079626947641,3.089664038270712,0.0,111.55095525667244
opa,unrelated,0,61,1,EXECUTE,opa_allowed_at_gate,9.048977866768837,2.98520689830184,0.0,111.55095525667244
opa,unrelated,0,62,1,EXECUTE,opa_allowed_at_gate,9.426405653357506,3.1753950752317905,0.0,111.55095525667244
opa,unrelated,0,63,1,EXECUTE,opa_allowed_at_gate,8.838634006679058,2.8235246427357197,0.0,111.55095525667244
opa,unrelated,0,64,1,EXECUTE,opa_allowed_at_gate,8.805542252957821,2.7219438925385475,0.0,111.55095525667244
opa,unrelated,0,65,1,EXECUTE,opa_allowed_at_gate,8.875412866473198,3.1675901263952255,0.0,111.55095525667244
opa,unrelated,0,66,1,EXECUTE,opa_allowed_at_gate,8.450525812804699,2.8739990666508675,0.0,111.55095525667244
opa,unrelated,0,67,1,EXECUTE,opa_allowed_at_gate,8.488798048347235,2.705222927033901,0.0,111.55095525667244
opa,unrelated,0,68,1,EXECUTE,opa_allowed_at_gate,9.345884900540113,2.7893511578440666,0.0,111.55095525667244
opa,unrelated,0,69,1,EXECUTE,opa_allowed_at_gate,8.69074696674943,2.982982899993658,0.0,111.55095525667244
opa,unrelated,0,70,1,EXECUTE,opa_allowed_at_gate,8.997201919555664,2.9812101274728775,0.0,111.55095525667244
opa,unrelated,0,71,1,EXECUTE,opa_allowed_at_gate,8.646694011986256,3.023408818989992,0.0,111.55095525667244
opa,unrelated,0,72,1,EXECUTE,opa_allowed_at_gate,8.892825338989496,2.9516248032450676,0.0,111.55095525667244
opa,unrelated,0,73,1,EXECUTE,opa_allowed_at_gate,9.05697327107191,3.158552572131157,0.0,111.55095525667244
opa,unrelated,0,74,1,EXECUTE,opa_allowed_at_gate,8.494979236274958,2.7542151510715485,0.0,111.55095525667244
opa,unrelated,0,75,1,EXECUTE,opa_allowed_at_gate,8.579348213970661,3.0335988849401474,0.0,111.55095525667244
opa,unrelated,0,76,1,EXECUTE,opa_allowed_at_gate,8.932599797844887,2.865093294531107,0.0,111.55095525667244
opa,unrelated,0,77,1,EXECUTE,opa_allowed_at_gate,8.443973958492279,2.649156842380762,0.0,111.55095525667244
opa,unrelated,0,78,1,EXECUTE,opa_allowed_at_gate,9.084123652428389,3.107065800577402,0.0,111.55095525667244
opa,unrelated,0,79,1,EXECUTE,opa_allowed_at_gate,9.129879996180534,3.1176358461380005,0.0,111.55095525667244
opa,unrelated,0,80,1,EXECUTE,opa_allowed_at_gate,9.05253505334258,3.3588488586246967,0.0,111.55095525667244
opa,unrelated,0,81,1,EXECUTE,opa_allowed_at_gate,8.801033720374107,2.9391711577773094,0.0,111.55095525667244
opa,unrelated,0,82,1,EXECUTE,opa_allowed_at_gate,8.437572047114372,2.8068828396499157,0.0,111.55095525667244
opa,unrelated,0,83,1,EXECUTE,opa_allowed_at_gate,8.531638886779547,2.6781922206282616,0.0,111.55095525667244
opa,unrelated,0,84,1,EXECUTE,opa_allowed_at_gate,9.69337671995163,3.595912829041481,0.0,111.55095525667244
opa,unrelated,0,85,1,EXECUTE,opa_allowed_at_gate,8.769243955612183,2.9079229570925236,0.0,111.55095525667244
opa,unrelated,0,86,1,EXECUTE,opa_allowed_at_gate,8.505900856107473,2.8126141987740993,0.0,111.55095525667244
opa,unrelated,0,87,1,EXECUTE,opa_allowed_at_gate,9.440212044864893,3.4797550179064274,0.0,111.55095525667244
opa,unrelated,0,88,1,EXECUTE,opa_allowed_at_gate,8.809349033981562,2.92305089533329,0.0,111.55095525667244
opa,unrelated,0,89,1,EXECUTE,opa_allowed_at_gate,8.577294182032347,2.8894487768411636,0.0,111.55095525667244
opa,unrelated,0,90,1,EXECUTE,opa_allowed_at_gate,8.737053722143173,2.924364060163498,0.0,111.55095525667244
opa,unrelated,0,91,1,EXECUTE,opa_allowed_at_gate,8.871456142514944,3.1350888311862946,0.0,111.55095525667244
opa,unrelated,0,92,1,EXECUTE,opa_allowed_at_gate,9.010605979710817,3.190373070538044,0.0,111.55095525667244
opa,unrelated,0,93,1,EXECUTE,opa_allowed_at_gate,8.930766955018044,3.019792027771473,0.0,111.55095525667244
opa,unrelated,0,94,1,EXECUTE,opa_allowed_at_gate,9.243814274668694,3.0134301632642746,0.0,111.55095525667244
opa,unrelated,0,95,1,EXECUTE,opa_allowed_at_gate,8.89396807178855,2.7484740130603313,0.0,111.55095525667244
opa,unrelated,0,96,1,EXECUTE,opa_allowed_at_gate,9.01123695075512,2.9986733570694923,0.0,111.55095525667244
opa,unrelated,0,97,1,EXECUTE,opa_allowed_at_gate,9.066601749509573,3.06797306984663,0.0,111.55095525667244
opa,unrelated,0,98,1,EXECUTE,opa_allowed_at_gate,9.173091035336256,3.311640117317438,0.0,111.55095525667244
opa,unrelated,0,99,1,EXECUTE,opa_allowed_at_gate,9.164444636553526,3.0356920324265957,0.0,111.55095525667244
opa_readset,unrelated,0,0,1,EXECUTE,opa_allowed_at_gate,10.40968019515276,3.293135203421116,0.0,111.89710384413138
opa_readset,unrelated,0,1,1,EXECUTE,opa_allowed_at_gate,9.28858807310462,3.082861192524433,0.0,111.89710384413138
opa_readset,unrelated,0,2,1,EXECUTE,opa_allowed_at_gate,8.82295472547412,3.018330316990614,0.0,111.89710384413138
opa_readset,unrelated,0,3,1,EXECUTE,opa_allowed_at_gate,8.924153633415699,3.120922017842531,0.0,111.89710384413138
opa_readset,unrelated,0,4,1,EXECUTE,opa_allowed_at_gate,8.769845124334097,2.8952290304005146,0.0,111.89710384413138
opa_readset,unrelated,0,5,1,EXECUTE,opa_allowed_at_gate,9.204269852489233,3.1501268967986107,0.0,111.89710384413138
opa_readset,unrelated,0,6,1,EXECUTE,opa_allowed_at_gate,8.757512085139751,2.8684991411864758,0.0,111.89710384413138
opa_readset,unrelated,0,7,1,EXECUTE,opa_allowed_at_gate,9.07347397878766,3.041503019630909,0.0,111.89710384413138
opa_readset,unrelated,0,8,1,EXECUTE,opa_allowed_at_gate,8.572726044803858,3.013662062585354,0.0,111.89710384413138
opa_readset,unrelated,0,9,1,EXECUTE,opa_allowed_at_gate,8.902483619749546,2.823835238814354,0.0,111.89710384413138
opa_readset,unrelated,0,10,1,EXECUTE,opa_allowed_at_gate,8.387057110667229,2.6831310242414474,0.0,111.89710384413138
opa_readset,unrelated,0,11,1,EXECUTE,opa_allowed_at_gate,8.859944064170122,2.9640980064868927,0.0,111.89710384413138
opa_readset,unrelated,0,12,1,EXECUTE,opa_allowed_at_gate,8.863410912454128,2.9753497801721096,0.0,111.89710384413138
opa_readset,unrelated,0,13,1,EXECUTE,opa_allowed_at_gate,8.727135136723518,2.707276027649641,0.0,111.89710384413138
opa_readset,unrelated,0,14,1,EXECUTE,opa_allowed_at_gate,8.268384728580713,2.6058759540319443,0.0,111.89710384413138
opa_readset,unrelated,0,15,1,EXECUTE,opa_allowed_at_gate,9.924350306391716,3.414824139326811,0.0,111.89710384413138
opa_readset,unrelated,0,16,1,EXECUTE,opa_allowed_at_gate,8.393590338528156,2.932910341769457,0.0,111.89710384413138
opa_readset,unrelated,0,17,1,EXECUTE,opa_allowed_at_gate,9.10993292927742,2.9872218146920204,0.0,111.89710384413138
opa_readset,unrelated,0,18,1,EXECUTE,opa_allowed_at_gate,8.799079805612564,2.9201959259808064,0.0,111.89710384413138
opa_readset,unrelated,0,19,1,EXECUTE,opa_allowed_at_gate,8.496092166751623,2.8341151773929596,0.0,111.89710384413138
opa_readset,unrelated,0,20,1,EXECUTE,opa_allowed_at_gate,8.604626171290874,2.5386610068380833,0.0,111.89710384413138
opa_readset,unrelated,0,21,1,EXECUTE,opa_allowed_at_gate,8.981681894510984,3.133365884423256,0.0,111.89710384413138
opa_readset,unrelated,0,22,1,EXECUTE,opa_allowed_at_gate,8.847982157021761,3.011717926710844,0.0,111.89710384413138
opa_readset,unrelated,0,23,1,EXECUTE,opa_allowed_at_gate,8.306036237627268,2.70097516477108,0.0,111.89710384413138
opa_readset,unrelated,0,24,1,EXECUTE,opa_allowed_at_gate,9.324104990810156,3.2987259328365326,0.0,111.89710384413138
opa_readset,unrelated,0,25,1,EXECUTE,opa_allowed_at_gate,9.106747340410948,2.9077320359647274,0.0,111.89710384413138
opa_readset,unrelated,0,26,1,EXECUTE,opa_allowed_at_gate,8.424668107181787,2.8566867113113403,0.0,111.89710384413138
opa_readset,unrelated,0,27,1,EXECUTE,opa_allowed_at_gate,8.59563797712326,2.50409496948123,0.0,111.89710384413138
opa_readset,unrelated,0,28,1,EXECUTE,opa_allowed_at_gate,9.360012132674456,2.87979980930686,0.0,111.89710384413138
opa_readset,unrelated,0,29,1,EXECUTE,opa_allowed_at_gate,8.669196162372828,2.7183066122233868,0.0,111.89710384413138
opa_readset,unrelated,0,30,1,EXECUTE,opa_allowed_at_gate,8.686158806085587,3.0426462180912495,0.0,111.89710384413138
opa_readset,unrelated,0,31,1,EXECUTE,opa_allowed_at_gate,8.533881977200508,2.833122853189707,0.0,111.89710384413138
opa_readset,unrelated,0,32,1,EXECUTE,opa_allowed_at_gate,8.811492938548326,2.804079093039036,0.0,111.89710384413138
opa_readset,unrelated,0,33,1,EXECUTE,opa_allowed_at_gate,8.25529033318162,2.9214690439403057,0.0,111.89710384413138
opa_readset,unrelated,0,34,1,EXECUTE,opa_allowed_at_gate,9.07030887901783,3.0865981243550777,0.0,111.89710384413138
opa_readset,unrelated,0,35,1,EXECUTE,opa_allowed_at_gate,8.502384182065725,2.8282636776566505,0.0,111.89710384413138
opa_readset,unrelated,0,36,1,EXECUTE,opa_allowed_at_gate,9.288277011364698,2.802064176648855,0.0,111.89710384413138
opa_readset,unrelated,0,37,1,EXECUTE,opa_allowed_at_gate,8.693672250956297,3.056241199374199,0.0,111.89710384413138
opa_readset,unrelated,0,38,1,EXECUTE,opa_allowed_at_gate,8.798409253358841,2.7758749201893806,0.0,111.89710384413138
opa_readset,unrelated,0,39,1,EXECUTE,opa_allowed_at_gate,9.055070113390684,2.9513142071664333,0.0,111.89710384413138
opa_readset,unrelated,0,40,1,EXECUTE,opa_allowed_at_gate,8.735640905797482,2.8975941240787506,0.0,111.89710384413138
opa_readset,unrelated,0,41,1,EXECUTE,opa_allowed_at_gate,8.814077824354172,3.1946408562362194,0.0,111.89710384413138
opa_readset,unrelated,0,42,1,EXECUTE,opa_allowed_at_gate,9.288628119975328,3.226269967854023,0.0,111.89710384413138
opa_readset,unrelated,0,43,1,EXECUTE,opa_allowed_at_gate,8.638068102300167,2.7100821025669575,0.0,111.89710384413138
opa_readset,unrelated,0,44,1,EXECUTE,opa_allowed_at_gate,8.608663454651833,2.6981988921761513,0.0,111.89710384413138
opa_readset,unrelated,0,45,1,EXECUTE,opa_allowed_at_gate,8.958818856626749,2.9144850559532642,0.0,111.89710384413138
opa_readset,unrelated,0,46,1,EXECUTE,opa_allowed_at_gate,9.465229231864214,3.530590794980526,0.0,111.89710384413138
opa_readset,unrelated,0,47,1,EXECUTE,opa_allowed_at_gate,8.11654981225729,2.76392325758934,0.0,111.89710384413138
opa_readset,unrelated,0,48,1,EXECUTE,opa_allowed_at_gate,8.77194944769144,3.0922391451895237,0.0,111.89710384413138
opa_readset,unrelated,0,49,1,EXECUTE,opa_allowed_at_gate,8.894548751413822,3.07838199660182,0.0,111.89710384413138
opa_readset,unrelated,0,50,1,EXECUTE,opa_allowed_at_gate,8.949682116508484,3.0563813634216785,0.0,111.89710384413138
opa_readset,unrelated,0,51,1,EXECUTE,opa_allowed_at_gate,9.44209611043334,3.197355195879936,0.0,111.89710384413138
opa_readset,unrelated,0,52,1,EXECUTE,opa_allowed_at_gate,9.556080214679241,3.2441136427223682,0.0,111.89710384413138
opa_readset,unrelated,0,53,1,EXECUTE,opa_allowed_at_gate,8.70252912864089,2.7087489143013954,0.0,111.89710384413138
opa_readset,unrelated,0,54,1,EXECUTE,opa_allowed_at_gate,8.767581079155207,2.982312347739935,0.0,111.89710384413138
opa_readset,unrelated,0,55,1,EXECUTE,opa_allowed_at_gate,8.737564086914062,2.715802751481533,0.0,111.89710384413138
opa_readset,unrelated,0,56,1,EXECUTE,opa_allowed_at_gate,8.987644221633673,3.022788092494011,0.0,111.89710384413138
opa_readset,unrelated,0,57,1,EXECUTE,opa_allowed_at_gate,8.597101084887981,2.7248491533100605,0.0,111.89710384413138
opa_readset,unrelated,0,58,1,EXECUTE,opa_allowed_at_gate,8.63071484491229,2.9538292437791824,0.0,111.89710384413138
opa_readset,unrelated,0,59,1,EXECUTE,opa_allowed_at_gate,8.012123871594667,2.746038604527712,0.0,111.89710384413138
opa_readset,unrelated,0,60,1,EXECUTE,opa_allowed_at_gate,9.445352014154196,3.212123643606901,0.0,111.89710384413138
opa_readset,unrelated,0,61,1,EXECUTE,opa_allowed_at_gate,8.79061408340931,2.878317143768072,0.0,111.89710384413138
opa_readset,unrelated,0,62,1,EXECUTE,opa_allowed_at_gate,8.505398873239756,2.7176858857274055,0.0,111.89710384413138
opa_readset,unrelated,0,63,1,EXECUTE,opa_allowed_at_gate,9.095675777643919,2.8871940448880196,0.0,111.89710384413138
opa_readset,unrelated,0,64,1,EXECUTE,opa_allowed_at_gate,9.16806235909462,2.9989839531481266,0.0,111.89710384413138
opa_readset,unrelated,0,65,1,EXECUTE,opa_allowed_at_gate,9.199329651892185,3.3160988241434097,0.0,111.89710384413138
opa_readset,unrelated,0,66,1,EXECUTE,opa_allowed_at_gate,9.266526903957129,3.017578274011612,0.0,111.89710384413138
opa_readset,unrelated,0,67,1,EXECUTE,opa_allowed_at_gate,9.127796161919832,3.16093722358346,0.0,111.89710384413138
opa_readset,unrelated,0,68,1,EXECUTE,opa_allowed_at_gate,10.80105360597372,3.0300221405923367,0.0,111.89710384413138
opa_readset,unrelated,0,69,1,EXECUTE,opa_allowed_at_gate,9.069717954844236,2.9369769617915154,0.0,111.89710384413138
opa_readset,unrelated,0,70,1,EXECUTE,opa_allowed_at_gate,8.86556413024664,2.7286666445434093,0.0,111.89710384413138
opa_readset,unrelated,0,71,1,EXECUTE,opa_allowed_at_gate,9.088582824915648,2.8371610678732395,0.0,111.89710384413138
opa_readset,unrelated,0,72,1,EXECUTE,opa_allowed_at_gate,8.93288105726242,2.90506798774004,0.0,111.89710384413138
opa_readset,unrelated,0,73,1,EXECUTE,opa_allowed_at_gate,8.413536939769983,2.877176273614168,0.0,111.89710384413138
opa_readset,unrelated,0,74,1,EXECUTE,opa_allowed_at_gate,8.998904842883348,3.312542103230953,0.0,111.89710384413138
opa_readset,unrelated,0,75,1,EXECUTE,opa_allowed_at_gate,8.76679876819253,2.879820764064789,0.0,111.89710384413138
opa_readset,unrelated,0,76,1,EXECUTE,opa_allowed_at_gate,11.188670992851257,5.168160889297724,0.0,111.89710384413138
opa_readset,unrelated,0,77,1,EXECUTE,opa_allowed_at_gate,9.443006943911314,3.1912848353385925,0.0,111.89710384413138
opa_readset,unrelated,0,78,1,EXECUTE,opa_allowed_at_gate,8.958959951996803,2.768330741673708,0.0,111.89710384413138
opa_readset,unrelated,0,79,1,EXECUTE,opa_allowed_at_gate,8.177835028618574,3.036513924598694,0.0,111.89710384413138
opa_readset,unrelated,0,80,1,EXECUTE,opa_allowed_at_gate,8.731333073228598,2.9765707440674305,0.0,111.89710384413138
opa_readset,unrelated,0,81,1,EXECUTE,opa_allowed_at_gate,9.592939168214798,3.490965813398361,0.0,111.89710384413138
opa_readset,unrelated,0,82,1,EXECUTE,opa_allowed_at_gate,8.754066191613674,2.9771029949188232,0.0,111.89710384413138
opa_readset,unrelated,0,83,1,EXECUTE,opa_allowed_at_gate,8.283672854304314,2.7240579947829247,0.0,111.89710384413138
opa_readset,unrelated,0,84,1,EXECUTE,opa_allowed_at_gate,8.534663822501898,2.7968650683760643,0.0,111.89710384413138
opa_readset,unrelated,0,85,1,EXECUTE,opa_allowed_at_gate,8.684685919433832,3.1451378017663956,0.0,111.89710384413138
opa_readset,unrelated,0,86,1,EXECUTE,opa_allowed_at_gate,8.682812098413706,2.9409853741526604,0.0,111.89710384413138
opa_readset,unrelated,0,87,1,EXECUTE,opa_allowed_at_gate,8.376547135412693,2.8403159230947495,0.0,111.89710384413138
opa_readset,unrelated,0,88,1,EXECUTE,opa_allowed_at_gate,8.263885974884033,2.707397099584341,0.0,111.89710384413138
opa_readset,unrelated,0,89,1,EXECUTE,opa_allowed_at_gate,8.94589489325881,2.8649233281612396,0.0,111.89710384413138
opa_readset,unrelated,0,90,1,EXECUTE,opa_allowed_at_gate,8.796554990112782,2.9495800845324993,0.0,111.89710384413138
opa_readset,unrelated,0,91,1,EXECUTE,opa_allowed_at_gate,8.622517809271812,2.9604509472846985,0.0,111.89710384413138
opa_readset,unrelated,0,92,1,EXECUTE,opa_allowed_at_gate,8.096602745354176,2.616556826978922,0.0,111.89710384413138
opa_readset,unrelated,0,93,1,EXECUTE,opa_allowed_at_gate,8.078488055616617,2.7343276888132095,0.0,111.89710384413138
opa_readset,unrelated,0,94,1,EXECUTE,opa_allowed_at_gate,8.848703000694513,3.080646973103285,0.0,111.89710384413138
opa_readset,unrelated,0,95,1,EXECUTE,opa_allowed_at_gate,9.153434075415134,3.0151838436722755,0.0,111.89710384413138
opa_readset,unrelated,0,96,1,EXECUTE,opa_allowed_at_gate,9.148344863206148,3.1974059529602528,0.0,111.89710384413138
opa_readset,unrelated,0,97,1,EXECUTE,opa_allowed_at_gate,9.131153114140034,3.070287872105837,0.0,111.89710384413138
opa_readset,unrelated,0,98,1,EXECUTE,opa_allowed_at_gate,8.70092585682869,3.1056837178766727,0.0,111.89710384413138
opa_readset,unrelated,0,99,1,EXECUTE,opa_allowed_at_gate,9.177510160952806,3.3359359949827194,0.0,111.89710384413138
global,related_same,0,0,1,EXECUTE,published_after_gate_recheck,14.879191759973764,3.984231036156416,0.0,66.06657477880071
global,related_same,0,1,1,EXECUTE,published_after_gate_recheck,15.380251221358776,4.32418892160058,0.0,66.06657477880071
global,related_same,0,2,1,EXECUTE,published_after_gate_recheck,14.689375646412373,4.136667121201754,0.0,66.06657477880071
global,related_same,0,3,1,EXECUTE,published_after_gate_recheck,14.52841330319643,4.083266947418451,0.0,66.06657477880071
global,related_same,0,4,1,EXECUTE,published_after_gate_recheck,14.606679789721966,4.202339798212051,0.0,66.06657477880071
global,related_same,0,5,1,EXECUTE,published_after_gate_recheck,14.341312926262617,4.054163116961718,0.0,66.06657477880071
global,related_same,0,6,1,EXECUTE,published_after_gate_recheck,14.691520016640425,4.123653285205364,0.0,66.06657477880071
global,related_same,0,7,1,EXECUTE,published_after_gate_recheck,14.57296684384346,4.058020189404488,0.0,66.06657477880071
global,related_same,0,8,1,EXECUTE,published_after_gate_recheck,14.552469365298748,4.1345031931996346,0.0,66.06657477880071
global,related_same,0,9,1,EXECUTE,published_after_gate_recheck,15.643754974007607,4.663785919547081,0.0,66.06657477880071
global,related_same,0,10,1,EXECUTE,published_after_gate_recheck,15.438680071383715,4.549229983240366,0.0,66.06657477880071
global,related_same,0,11,1,EXECUTE,published_after_gate_recheck,17.214329913258553,4.260399844497442,0.0,66.06657477880071
global,related_same,0,12,1,EXECUTE,published_after_gate_recheck,15.133759006857872,4.507833160459995,0.0,66.06657477880071
global,related_same,0,13,1,EXECUTE,published_after_gate_recheck,14.722608029842377,4.340449348092079,0.0,66.06657477880071
global,related_same,0,14,1,EXECUTE,published_after_gate_recheck,15.003765001893044,4.193844273686409,0.0,66.06657477880071
global,related_same,0,15,1,EXECUTE,published_after_gate_recheck,14.72479198127985,3.8805268704891205,0.0,66.06657477880071
global,related_same,0,16,1,EXECUTE,published_after_gate_recheck,14.722688123583794,3.9748139679431915,0.0,66.06657477880071
global,related_same,0,17,1,EXECUTE,published_after_gate_recheck,14.315574895590544,3.997927065938711,0.0,66.06657477880071
global,related_same,0,18,1,EXECUTE,published_after_gate_recheck,15.38783498108387,4.220284055918455,0.0,66.06657477880071
global,related_same,0,19,1,EXECUTE,published_after_gate_recheck,14.815902803093195,4.410861060023308,0.0,66.06657477880071
global,related_same,0,20,1,EXECUTE,published_after_gate_recheck,14.924224931746721,4.145273007452488,0.0,66.06657477880071
global,related_same,0,21,1,EXECUTE,published_after_gate_recheck,14.798641204833984,4.318798426538706,0.0,66.06657477880071
global,related_same,0,22,1,EXECUTE,published_after_gate_recheck,14.45004716515541,4.406042862683535,0.0,66.06657477880071
global,related_same,0,23,1,EXECUTE,published_after_gate_recheck,14.813829213380814,4.308960400521755,0.0,66.06657477880071
global,related_same,0,24,1,EXECUTE,published_after_gate_recheck,15.400018077343702,4.1286819614470005,0.0,66.06657477880071
global,related_same,0,25,1,EXECUTE,published_after_gate_recheck,14.87388089299202,4.483507946133614,0.0,66.06657477880071
global,related_same,0,26,1,EXECUTE,published_after_gate_recheck,13.734335079789162,3.814293071627617,0.0,66.06657477880071
global,related_same,0,27,1,EXECUTE,published_after_gate_recheck,15.002523083239794,4.3165236711502075,0.0,66.06657477880071
global,related_same,0,28,1,EXECUTE,published_after_gate_recheck,13.873214833438396,3.802119754254818,0.0,66.06657477880071
global,related_same,0,29,1,EXECUTE,published_after_gate_recheck,14.767651911824942,4.584858193993568,0.0,66.06657477880071
global,related_same,0,30,1,EXECUTE,published_after_gate_recheck,14.819961041212082,4.586199764162302,0.0,66.06657477880071
global,related_same,0,31,1,EXECUTE,published_after_gate_recheck,15.285233035683632,4.298841115087271,0.0,66.06657477880071
global,related_same,0,32,1,EXECUTE,published_after_gate_recheck,14.446309302002192,4.128640983253717,0.0,66.06657477880071
global,related_same,0,33,1,EXECUTE,published_after_gate_recheck,14.638389926403761,4.3951417319476604,0.0,66.06657477880071
global,related_same,0,34,1,EXECUTE,published_after_gate_recheck,14.72307788208127,4.362531006336212,0.0,66.06657477880071
global,related_same,0,35,1,EXECUTE,published_after_gate_recheck,15.850231982767582,4.56891767680645,0.0,66.06657477880071
global,related_same,0,36,1,EXECUTE,published_after_gate_recheck,15.299289021641016,4.456436727195978,0.0,66.06657477880071
global,related_same,0,37,1,EXECUTE,published_after_gate_recheck,15.490808058530092,4.4206189922988415,0.0,66.06657477880071
global,related_same,0,38,1,EXECUTE,published_after_gate_recheck,17.5845748744905,4.56972885876894,0.0,66.06657477880071
global,related_same,0,39,1,EXECUTE,published_after_gate_recheck,16.228672116994858,4.512893036007881,0.0,66.06657477880071
global,related_same,0,40,1,EXECUTE,published_after_gate_recheck,14.86188918352127,4.032872151583433,0.0,66.06657477880071
global,related_same,0,41,1,EXECUTE,published_after_gate_recheck,15.23991720750928,4.046497866511345,0.0,66.06657477880071
global,related_same,0,42,1,EXECUTE,published_after_gate_recheck,15.735256019979715,4.6983202919363976,0.0,66.06657477880071
global,related_same,0,43,1,EXECUTE,published_after_gate_recheck,15.819754917174578,4.247525241225958,0.0,66.06657477880071
global,related_same,0,44,1,EXECUTE,published_after_gate_recheck,14.734549913555384,4.141665995121002,0.0,66.06657477880071
global,related_same,0,45,1,EXECUTE,published_after_gate_recheck,15.50791971385479,3.9047119207680225,0.0,66.06657477880071
global,related_same,0,46,1,EXECUTE,published_after_gate_recheck,13.921665959060192,3.760230727493763,0.0,66.06657477880071
global,related_same,0,47,1,EXECUTE,published_after_gate_recheck,14.860065653920174,4.184976685792208,0.0,66.06657477880071
global,related_same,0,48,1,EXECUTE,published_after_gate_recheck,14.47584480047226,3.8921493105590343,0.0,66.06657477880071
global,related_same,0,49,1,EXECUTE,published_after_gate_recheck,15.855742618441582,4.480951931327581,0.0,66.06657477880071
global,related_same,0,50,1,EXECUTE,published_after_gate_recheck,15.053017064929008,4.399210214614868,0.0,66.06657477880071
global,related_same,0,51,1,EXECUTE,published_after_gate_recheck,15.145971905440092,4.302889108657837,0.0,66.06657477880071
global,related_same,0,52,1,EXECUTE,published_after_gate_recheck,15.145420096814632,4.34156134724617,0.0,66.06657477880071
global,related_same,0,53,1,EXECUTE,published_after_gate_recheck,14.323959592729807,3.9212326519191265,0.0,66.06657477880071
global,related_same,0,54,1,EXECUTE,published_after_gate_recheck,14.026812743395567,3.663359209895134,0.0,66.06657477880071
global,related_same,0,55,1,EXECUTE,published_after_gate_recheck,15.294950921088457,4.314761143177748,0.0,66.06657477880071
global,related_same,0,56,1,EXECUTE,published_after_gate_recheck,13.598248828202486,3.6826450377702713,0.0,66.06657477880071
global,related_same,0,57,1,EXECUTE,published_after_gate_recheck,14.341332949697971,3.908268641680479,0.0,66.06657477880071
global,related_same,0,58,1,EXECUTE,published_after_gate_recheck,14.341642614454031,4.139391705393791,0.0,66.06657477880071
global,related_same,0,59,1,EXECUTE,published_after_gate_recheck,13.711601961404085,3.8639260455965996,0.0,66.06657477880071
global,related_same,0,60,1,EXECUTE,published_after_gate_recheck,15.222826041281223,4.389010369777679,0.0,66.06657477880071
global,related_same,0,61,1,EXECUTE,published_after_gate_recheck,15.15610096976161,3.7802979350090027,0.0,66.06657477880071
global,related_same,0,62,1,EXECUTE,published_after_gate_recheck,15.013462863862514,4.492743872106075,0.0,66.06657477880071
global,related_same,0,63,1,EXECUTE,published_after_gate_recheck,14.908145181834698,4.677681718021631,0.0,66.06657477880071
global,related_same,0,64,1,EXECUTE,published_after_gate_recheck,14.803890138864517,4.386266227811575,0.0,66.06657477880071
global,related_same,0,65,1,EXECUTE,published_after_gate_recheck,14.331172686070204,4.244057927280664,0.0,66.06657477880071
global,related_same,0,66,1,EXECUTE,published_after_gate_recheck,14.61880374699831,4.283441696316004,0.0,66.06657477880071
global,related_same,0,67,1,EXECUTE,published_after_gate_recheck,14.68761172145605,4.078567959368229,0.0,66.06657477880071
global,related_same,0,68,1,EXECUTE,published_after_gate_recheck,15.935573261231184,4.545813892036676,0.0,66.06657477880071
global,related_same,0,69,1,EXECUTE,published_after_gate_recheck,14.416222926229239,4.159730859100819,0.0,66.06657477880071
global,related_same,0,70,1,EXECUTE,published_after_gate_recheck,14.190540183335543,4.231825936585665,0.0,66.06657477880071
global,related_same,0,71,1,EXECUTE,published_after_gate_recheck,15.179574955254793,4.757041111588478,0.0,66.06657477880071
global,related_same,0,72,1,EXECUTE,published_after_gate_recheck,15.154326800256968,4.4455761089921,0.0,66.06657477880071
global,related_same,0,73,1,EXECUTE,published_after_gate_recheck,14.90061217918992,4.020188003778458,0.0,66.06657477880071
global,related_same,0,74,1,EXECUTE,published_after_gate_recheck,14.247356448322535,3.9070569910109043,0.0,66.06657477880071
global,related_same,0,75,1,EXECUTE,published_after_gate_recheck,13.789528049528599,4.066234920173883,0.0,66.06657477880071
global,related_same,0,76,1,EXECUTE,published_after_gate_recheck,14.234722126275301,3.841422963887453,0.0,66.06657477880071
global,related_same,0,77,1,EXECUTE,published_after_gate_recheck,14.144143089652061,4.047721158713102,0.0,66.06657477880071
global,related_same,0,78,1,EXECUTE,published_after_gate_recheck,14.758925884962082,4.235962871462107,0.0,66.06657477880071
global,related_same,0,79,1,EXECUTE,published_after_gate_recheck,17.121596727520227,7.032858207821846,0.0,66.06657477880071
global,related_same,0,80,1,EXECUTE,published_after_gate_recheck,21.029063034802675,7.030082866549492,0.0,66.06657477880071
global,related_same,0,81,1,EXECUTE,published_after_gate_recheck,15.288178343325853,4.5415363274514675,0.0,66.06657477880071
global,related_same,0,82,1,EXECUTE,published_after_gate_recheck,15.640038065612316,4.627868067473173,0.0,66.06657477880071
global,related_same,0,83,1,EXECUTE,published_after_gate_recheck,17.633687239140272,5.1996298134326935,0.0,66.06657477880071
global,related_same,0,84,1,EXECUTE,published_after_gate_recheck,16.380907967686653,4.533861298114061,0.0,66.06657477880071
global,related_same,0,85,1,EXECUTE,published_after_gate_recheck,17.469468992203474,4.738966003060341,0.0,66.06657477880071
global,related_same,0,86,1,EXECUTE,published_after_gate_recheck,16.554273199290037,4.5910789631307125,0.0,66.06657477880071
global,related_same,0,87,1,EXECUTE,published_after_gate_recheck,16.08420116826892,4.796675406396389,0.0,66.06657477880071
global,related_same,0,88,1,EXECUTE,published_after_gate_recheck,15.5392587184906,4.186640959233046,0.0,66.06657477880071
global,related_same,0,89,1,EXECUTE,published_after_gate_recheck,15.386372338980436,4.312385804951191,0.0,66.06657477880071
global,related_same,0,90,1,EXECUTE,published_after_gate_recheck,14.501331839710474,3.8790549151599407,0.0,66.06657477880071
global,related_same,0,91,1,EXECUTE,published_after_gate_recheck,14.854906126856804,4.2983898892998695,0.0,66.06657477880071
global,related_same,0,92,1,EXECUTE,published_after_gate_recheck,14.463962987065315,4.254597704857588,0.0,66.06657477880071
global,related_same,0,93,1,EXECUTE,published_after_gate_recheck,15.069236978888512,4.277301020920277,0.0,66.06657477880071
global,related_same,0,94,1,EXECUTE,published_after_gate_recheck,14.616468921303749,4.0029860101640224,0.0,66.06657477880071
global,related_same,0,95,1,EXECUTE,published_after_gate_recheck,14.326314441859722,3.995691891759634,0.0,66.06657477880071
global,related_same,0,96,1,EXECUTE,published_after_gate_recheck,14.807276893407106,4.579408094286919,0.0,66.06657477880071
global,related_same,0,97,1,EXECUTE,published_after_gate_recheck,13.801219873130322,4.055744968354702,0.0,66.06657477880071
global,related_same,0,98,1,EXECUTE,published_after_gate_recheck,14.614504761993885,4.1546812281012535,0.0,66.06657477880071
global,related_same,0,99,1,EXECUTE,published_after_gate_recheck,17.01114885509014,5.95052819699049,0.0,66.06657477880071
readset,related_same,0,0,1,EXECUTE,published_after_gate_recheck,16.836141236126423,4.800722934305668,0.0,67.28421269283034
readset,related_same,0,1,1,EXECUTE,published_after_gate_recheck,15.64048882573843,3.9347787387669086,0.0,67.28421269283034
readset,related_same,0,2,1,EXECUTE,published_after_gate_recheck,14.769014902412891,4.144872073084116,0.0,67.28421269283034
readset,related_same,0,3,1,EXECUTE,published_after_gate_recheck,14.081666246056557,4.007305018603802,0.0,67.28421269283034
readset,related_same,0,4,1,EXECUTE,published_after_gate_recheck,14.5281832665205,4.013274796307087,0.0,67.28421269283034
readset,related_same,0,5,1,EXECUTE,published_after_gate_recheck,14.075715094804764,4.208321217447519,0.0,67.28421269283034
readset,related_same,0,6,1,EXECUTE,published_after_gate_recheck,14.551656786352396,4.770045168697834,0.0,67.28421269283034
readset,related_same,0,7,1,EXECUTE,published_after_gate_recheck,14.79372102767229,4.364174325019121,0.0,67.28421269283034
readset,related_same,0,8,1,EXECUTE,published_after_gate_recheck,15.59932203963399,4.37855115160346,0.0,67.28421269283034
readset,related_same,0,9,1,EXECUTE,published_after_gate_recheck,14.349258039146662,4.370706155896187,0.0,67.28421269283034
readset,related_same,0,10,1,EXECUTE,published_after_gate_recheck,14.238149859011173,4.253917373716831,0.0,67.28421269283034
readset,related_same,0,11,1,EXECUTE,published_after_gate_recheck,13.955098111182451,3.9984378963708878,0.0,67.28421269283034
readset,related_same,0,12,1,EXECUTE,published_after_gate_recheck,14.596350956708193,4.075773060321808,0.0,67.28421269283034
readset,related_same,0,13,1,EXECUTE,published_after_gate_recheck,14.346883166581392,3.990804310888052,0.0,67.28421269283034
readset,related_same,0,14,1,EXECUTE,published_after_gate_recheck,14.791196212172508,3.8423449732363224,0.0,67.28421269283034
readset,related_same,0,15,1,EXECUTE,published_after_gate_recheck,13.760543894022703,3.960727248340845,0.0,67.28421269283034
readset,related_same,0,16,1,EXECUTE,published_after_gate_recheck,14.560984913259745,3.9745429530739784,0.0,67.28421269283034
readset,related_same,0,17,1,EXECUTE,published_after_gate_recheck,13.875870034098625,3.7903282791376114,0.0,67.28421269283034
readset,related_same,0,18,1,EXECUTE,published_after_gate_recheck,14.672884251922369,4.429656080901623,0.0,67.28421269283034
readset,related_same,0,19,1,EXECUTE,published_after_gate_recheck,16.032744199037552,4.512100946158171,0.0,67.28421269283034
readset,related_same,0,20,1,EXECUTE,published_after_gate_recheck,13.828570954501629,4.424677230417728,0.0,67.28421269283034
readset,related_same,0,21,1,EXECUTE,published_after_gate_recheck,18.011495005339384,6.434055045247078,0.0,67.28421269283034
readset,related_same,0,22,1,EXECUTE,published_after_gate_recheck,15.216002706438303,4.006713163107634,0.0,67.28421269283034
readset,related_same,0,23,1,EXECUTE,published_after_gate_recheck,15.868136193603277,4.486602731049061,0.0,67.28421269283034
readset,related_same,0,24,1,EXECUTE,published_after_gate_recheck,15.004766173660755,4.696957767009735,0.0,67.28421269283034
readset,related_same,0,25,1,EXECUTE,published_after_gate_recheck,15.620831865817308,5.072993226349354,0.0,67.28421269283034
readset,related_same,0,26,1,EXECUTE,published_after_gate_recheck,15.7771660014987,4.4189561158418655,0.0,67.28421269283034
readset,related_same,0,27,1,EXECUTE,published_after_gate_recheck,14.893827959895134,4.399459809064865,0.0,67.28421269283034
readset,related_same,0,28,1,EXECUTE,published_after_gate_recheck,14.749547932296991,4.092324059456587,0.0,67.28421269283034
readset,related_same,0,29,1,EXECUTE,published_after_gate_recheck,14.74178396165371,4.745128098875284,0.0,67.28421269283034
readset,related_same,0,30,1,EXECUTE,published_after_gate_recheck,14.108635950833559,4.171973094344139,0.0,67.28421269283034
readset,related_same,0,31,1,EXECUTE,published_after_gate_recheck,14.257014263421297,4.160833079367876,0.0,67.28421269283034
readset,related_same,0,32,1,EXECUTE,published_after_gate_recheck,14.603313989937305,4.07764595001936,0.0,67.28421269283034
readset,related_same,0,33,1,EXECUTE,published_after_gate_recheck,16.003930941224098,4.588965326547623,0.0,67.28421269283034
readset,related_same,0,34,1,EXECUTE,published_after_gate_recheck,14.884562231600285,4.344317130744457,0.0,67.28421269283034
readset,related_same,0,35,1,EXECUTE,published_after_gate_recheck,14.033955987542868,4.1464949026703835,0.0,67.28421269283034
readset,related_same,0,36,1,EXECUTE,published_after_gate_recheck,14.438645914196968,4.16356697678566,0.0,67.28421269283034
readset,related_same,0,37,1,EXECUTE,published_after_gate_recheck,14.822985976934433,4.269256256520748,0.0,67.28421269283034
readset,related_same,0,38,1,EXECUTE,published_after_gate_recheck,14.927932992577553,4.454523324966431,0.0,67.28421269283034
readset,related_same,0,39,1,EXECUTE,published_after_gate_recheck,14.16788762435317,4.129753913730383,0.0,67.28421269283034
readset,related_same,0,40,1,EXECUTE,published_after_gate_recheck,14.620727393776178,4.037652164697647,0.0,67.28421269283034
readset,related_same,0,41,1,EXECUTE,published_after_gate_recheck,14.39457293599844,4.39223600551486,0.0,67.28421269283034
readset,related_same,0,42,1,EXECUTE,published_after_gate_recheck,14.511561952531338,4.2917681857943535,0.0,67.28421269283034
readset,related_same,0,43,1,EXECUTE,published_after_gate_recheck,14.155934564769268,4.2983610183000565,0.0,67.28421269283034
readset,related_same,0,44,1,EXECUTE,published_after_gate_recheck,15.664653852581978,4.496200941503048,0.0,67.28421269283034
readset,related_same,0,45,1,EXECUTE,published_after_gate_recheck,14.58372687920928,4.190347157418728,0.0,67.28421269283034
readset,related_same,0,46,1,EXECUTE,published_after_gate_recheck,15.405036974698305,4.239640198647976,0.0,67.28421269283034
readset,related_same,0,47,1,EXECUTE,published_after_gate_recheck,15.92649519443512,4.312767181545496,0.0,67.28421269283034
readset,related_same,0,48,1,EXECUTE,published_after_gate_recheck,14.792388770729303,3.9719180203974247,0.0,67.28421269283034
readset,related_same,0,49,1,EXECUTE,published_after_gate_recheck,15.35771880298853,4.589445888996124,0.0,67.28421269283034
readset,related_same,0,50,1,EXECUTE,published_after_gate_recheck,14.860705938190222,4.18639974668622,0.0,67.28421269283034
readset,related_same,0,51,1,EXECUTE,published_after_gate_recheck,14.394071884453297,3.8242307491600513,0.0,67.28421269283034
readset,related_same,0,52,1,EXECUTE,published_after_gate_recheck,15.026167035102844,4.1543408297002316,0.0,67.28421269283034
readset,related_same,0,53,1,EXECUTE,published_after_gate_recheck,14.788221102207899,4.355618264526129,0.0,67.28421269283034
readset,related_same,0,54,1,EXECUTE,published_after_gate_recheck,13.906387146562338,4.001303110271692,0.0,67.28421269283034
readset,related_same,0,55,1,EXECUTE,published_after_gate_recheck,14.756560791283846,3.9854543283581734,0.0,67.28421269283034
readset,related_same,0,56,1,EXECUTE,published_after_gate_recheck,13.757368084043264,3.8662697188556194,0.0,67.28421269283034
readset,related_same,0,57,1,EXECUTE,published_after_gate_recheck,14.95286962017417,4.473608918488026,0.0,67.28421269283034
readset,related_same,0,58,1,EXECUTE,published_after_gate_recheck,13.849109876900911,4.143941216170788,0.0,67.28421269283034
readset,related_same,0,59,1,EXECUTE,published_after_gate_recheck,15.270915813744068,4.140303935855627,0.0,67.28421269283034
readset,related_same,0,60,1,EXECUTE,published_after_gate_recheck,14.176052995026112,3.766483161598444,0.0,67.28421269283034
readset,related_same,0,61,1,EXECUTE,published_after_gate_recheck,15.003724955022335,4.45801904425025,0.0,67.28421269283034
readset,related_same,0,62,1,EXECUTE,published_after_gate_recheck,14.029607642441988,4.104506224393845,0.0,67.28421269283034
readset,related_same,0,63,1,EXECUTE,published_after_gate_recheck,14.88600391894579,4.194505978375673,0.0,67.28421269283034
readset,related_same,0,64,1,EXECUTE,published_after_gate_recheck,13.758470304310322,3.8401419296860695,0.0,67.28421269283034
readset,related_same,0,65,1,EXECUTE,published_after_gate_recheck,14.6058090031147,4.301145207136869,0.0,67.28421269283034
readset,related_same,0,66,1,EXECUTE,published_after_gate_recheck,14.719792176038027,4.293411038815975,0.0,67.28421269283034
readset,related_same,0,67,1,EXECUTE,published_after_gate_recheck,14.535476919263601,4.285966977477074,0.0,67.28421269283034
readset,related_same,0,68,1,EXECUTE,published_after_gate_recheck,21.414415910840034,4.817293956875801,0.0,67.28421269283034
readset,related_same,0,69,1,EXECUTE,published_after_gate_recheck,15.061493031680584,4.162406083196402,0.0,67.28421269283034
readset,related_same,0,70,1,EXECUTE,published_after_gate_recheck,14.676171354949474,4.435406997799873,0.0,67.28421269283034
readset,related_same,0,71,1,EXECUTE,published_after_gate_recheck,14.870184939354658,4.336230922490358,0.0,67.28421269283034
readset,related_same,0,72,1,EXECUTE,published_after_gate_recheck,15.13983029872179,3.9058737456798553,0.0,67.28421269283034
readset,related_same,0,73,1,EXECUTE,published_after_gate_recheck,13.988651800900698,4.002375062555075,0.0,67.28421269283034
readset,related_same,0,74,1,EXECUTE,published_after_gate_recheck,14.124294742941856,4.067628178745508,0.0,67.28421269283034
readset,related_same,0,75,1,EXECUTE,published_after_gate_recheck,14.45049699395895,4.138611257076263,0.0,67.28421269283034
readset,related_same,0,76,1,EXECUTE,published_after_gate_recheck,14.545245096087456,4.278533160686493,0.0,67.28421269283034
readset,related_same,0,77,1,EXECUTE,published_after_gate_recheck,14.268365688621998,4.6252841129899025,0.0,67.28421269283034
readset,related_same,0,78,1,EXECUTE,published_after_gate_recheck,15.942845959216356,4.349175840616226,0.0,67.28421269283034
readset,related_same,0,79,1,EXECUTE,published_after_gate_recheck,14.429908711463213,4.374923650175333,0.0,67.28421269283034
readset,related_same,0,80,1,EXECUTE,published_after_gate_recheck,14.860776718705893,4.271308891475201,0.0,67.28421269283034
readset,related_same,0,81,1,EXECUTE,published_after_gate_recheck,14.018487185239792,3.9977561682462692,0.0,67.28421269283034
readset,related_same,0,82,1,EXECUTE,published_after_gate_recheck,15.470119193196297,4.40581189468503,0.0,67.28421269283034
readset,related_same,0,83,1,EXECUTE,published_after_gate_recheck,13.839791994541883,3.868434112519026,0.0,67.28421269283034
readset,related_same,0,84,1,EXECUTE,published_after_gate_recheck,14.845006633549929,4.372138064354658,0.0,67.28421269283034
readset,related_same,0,85,1,EXECUTE,published_after_gate_recheck,14.356471132487059,4.081203136593103,0.0,67.28421269283034
readset,related_same,0,86,1,EXECUTE,published_after_gate_recheck,14.369315933436155,3.9216335862874985,0.0,67.28421269283034
readset,related_same,0,87,1,EXECUTE,published_after_gate_recheck,14.24525212496519,4.39710495993495,0.0,67.28421269283034
readset,related_same,0,88,1,EXECUTE,published_after_gate_recheck,14.246294740587473,4.16821613907814,0.0,67.28421269283034
readset,related_same,0,89,1,EXECUTE,published_after_gate_recheck,14.906994067132473,4.201849922537804,0.0,67.28421269283034
readset,related_same,0,90,1,EXECUTE,published_after_gate_recheck,14.646594878286123,4.317657090723515,0.0,67.28421269283034
readset,related_same,0,91,1,EXECUTE,published_after_gate_recheck,14.253096655011177,4.005671013146639,0.0,67.28421269283034
readset,related_same,0,92,1,EXECUTE,published_after_gate_recheck,15.003695152699947,4.135956056416035,0.0,67.28421269283034
readset,related_same,0,93,1,EXECUTE,published_after_gate_recheck,15.617334749549627,4.499608185142279,0.0,67.28421269283034
readset,related_same,0,94,1,EXECUTE,published_after_gate_recheck,15.087991952896118,4.562024958431721,0.0,67.28421269283034
readset,related_same,0,95,1,EXECUTE,published_after_gate_recheck,15.288419090211391,4.4766440987586975,0.0,67.28421269283034
readset,related_same,0,96,1,EXECUTE,published_after_gate_recheck,14.317498076707125,3.9553269743919373,0.0,67.28421269283034
readset,related_same,0,97,1,EXECUTE,published_after_gate_recheck,14.838534872978926,4.432071000337601,0.0,67.28421269283034
readset,related_same,0,98,1,EXECUTE,published_after_gate_recheck,13.594543095678091,3.875207155942917,0.0,67.28421269283034
readset,related_same,0,99,1,EXECUTE,published_after_gate_recheck,15.543797984719276,4.704782739281654,0.0,67.28421269283034
truth,related_same,0,0,1,EXECUTE,published_after_gate_recheck,16.21592789888382,5.161868873983622,0.0,67.1254167082264
truth,related_same,0,1,1,EXECUTE,published_after_gate_recheck,14.712709933519363,4.031349904835224,0.0,67.1254167082264
truth,related_same,0,2,1,EXECUTE,published_after_gate_recheck,14.628631062805653,4.674254916608334,0.0,67.1254167082264
truth,related_same,0,3,1,EXECUTE,published_after_gate_recheck,15.171310398727655,4.419898148626089,0.0,67.1254167082264
truth,related_same,0,4,1,EXECUTE,published_after_gate_recheck,15.277198050171137,4.816340748220682,0.0,67.1254167082264
truth,related_same,0,5,1,EXECUTE,published_after_gate_recheck,14.841069933027029,4.0185158140957355,0.0,67.1254167082264
truth,related_same,0,6,1,EXECUTE,published_after_gate_recheck,14.919437002390623,4.487855825573206,0.0,67.1254167082264
truth,related_same,0,7,1,EXECUTE,published_after_gate_recheck,14.63807001709938,4.383198916912079,0.0,67.1254167082264
truth,related_same,0,8,1,EXECUTE,published_after_gate_recheck,14.743005856871605,4.464020952582359,0.0,67.1254167082264
truth,related_same,0,9,1,EXECUTE,published_after_gate_recheck,14.609516132622957,4.172304179519415,0.0,67.1254167082264
truth,related_same,0,10,1,EXECUTE,published_after_gate_recheck,14.637407846748829,4.518894013017416,0.0,67.1254167082264
truth,related_same,0,11,1,EXECUTE,published_after_gate_recheck,14.266012236475945,4.070833791047335,0.0,67.1254167082264
truth,related_same,0,12,1,EXECUTE,published_after_gate_recheck,14.607671648263931,4.266931209713221,0.0,67.1254167082264
truth,related_same,0,13,1,EXECUTE,published_after_gate_recheck,14.682321809232235,4.003568086773157,0.0,67.1254167082264
truth,related_same,0,14,1,EXECUTE,published_after_gate_recheck,16.086054034531116,4.412013106048107,0.0,67.1254167082264
truth,related_same,0,15,1,EXECUTE,published_after_gate_recheck,13.944037724286318,3.9893509820103645,0.0,67.1254167082264
truth,related_same,0,16,1,EXECUTE,published_after_gate_recheck,14.732686337083578,4.237466957420111,0.0,67.1254167082264
truth,related_same,0,17,1,EXECUTE,published_after_gate_recheck,14.460035134106874,4.479740280658007,0.0,67.1254167082264
truth,related_same,0,18,1,EXECUTE,published_after_gate_recheck,14.298481866717339,4.088365938514471,0.0,67.1254167082264
truth,related_same,0,19,1,EXECUTE,published_after_gate_recheck,17.35612563788891,4.681327845901251,0.0,67.1254167082264
truth,related_same,0,20,1,EXECUTE,published_after_gate_recheck,16.309934202581644,4.407323896884918,0.0,67.1254167082264
truth,related_same,0,21,1,EXECUTE,published_after_gate_recheck,15.025084838271141,4.596588667482138,0.0,67.1254167082264
truth,related_same,0,22,1,EXECUTE,published_after_gate_recheck,16.142590902745724,4.638367798179388,0.0,67.1254167082264
truth,related_same,0,23,1,EXECUTE,published_after_gate_recheck,15.703476965427399,4.290074575692415,0.0,67.1254167082264
truth,related_same,0,24,1,EXECUTE,published_after_gate_recheck,14.387428760528564,4.0277717635035515,0.0,67.1254167082264
truth,related_same,0,25,1,EXECUTE,published_after_gate_recheck,14.795263763517141,3.9795120246708393,0.0,67.1254167082264
truth,related_same,0,26,1,EXECUTE,published_after_gate_recheck,14.266572427004576,3.9958427660167217,0.0,67.1254167082264
truth,related_same,0,27,1,EXECUTE,published_after_gate_recheck,14.478920958936214,3.9457189850509167,0.0,67.1254167082264
truth,related_same,0,28,1,EXECUTE,published_after_gate_recheck,14.196510892361403,4.6371459029614925,0.0,67.1254167082264
truth,related_same,0,29,1,EXECUTE,published_after_gate_recheck,14.814591035246849,4.346100147813559,0.0,67.1254167082264
truth,related_same,0,30,1,EXECUTE,published_after_gate_recheck,14.82895715162158,4.460874013602734,0.0,67.1254167082264
truth,related_same,0,31,1,EXECUTE,published_after_gate_recheck,15.031627845019102,4.567285068333149,0.0,67.1254167082264
truth,related_same,0,32,1,EXECUTE,published_after_gate_recheck,14.874283224344254,4.234200343489647,0.0,67.1254167082264
truth,related_same,0,33,1,EXECUTE,published_after_gate_recheck,14.269227162003517,4.716294351965189,0.0,67.1254167082264
truth,related_same,0,34,1,EXECUTE,published_after_gate_recheck,15.626463107764721,4.681328311562538,0.0,67.1254167082264
truth,related_same,0,35,1,EXECUTE,published_after_gate_recheck,14.506743289530277,4.037701059132814,0.0,67.1254167082264
truth,related_same,0,36,1,EXECUTE,published_after_gate_recheck,15.082813799381256,4.421561025083065,0.0,67.1254167082264
truth,related_same,0,37,1,EXECUTE,published_after_gate_recheck,13.91223818063736,4.225103184580803,0.0,67.1254167082264
truth,related_same,0,38,1,EXECUTE,published_after_gate_recheck,14.312638901174068,4.116148687899113,0.0,67.1254167082264
truth,related_same,0,39,1,EXECUTE,published_after_gate_recheck,14.187043998390436,3.8798460736870766,0.0,67.1254167082264
truth,related_same,0,40,1,EXECUTE,published_after_gate_recheck,14.13931418210268,4.095129203051329,0.0,67.1254167082264
truth,related_same,0,41,1,EXECUTE,published_after_gate_recheck,14.181913807988167,4.177804104983807,0.0,67.1254167082264
truth,related_same,0,42,1,EXECUTE,published_after_gate_recheck,15.36804810166359,4.68114810064435,0.0,67.1254167082264
truth,related_same,0,43,1,EXECUTE,published_after_gate_recheck,14.261983800679445,3.8267760537564754,0.0,67.1254167082264
truth,related_same,0,44,1,EXECUTE,published_after_gate_recheck,14.95151687413454,4.549181088805199,0.0,67.1254167082264
truth,related_same,0,45,1,EXECUTE,published_after_gate_recheck,15.071942005306482,4.460284020751715,0.0,67.1254167082264
truth,related_same,0,46,1,EXECUTE,published_after_gate_recheck,14.454936143010855,4.214792978018522,0.0,67.1254167082264
truth,related_same,0,47,1,EXECUTE,published_after_gate_recheck,14.534145127981901,4.688322078436613,0.0,67.1254167082264
truth,related_same,0,48,1,EXECUTE,published_after_gate_recheck,15.591898001730442,4.17793495580554,0.0,67.1254167082264
truth,related_same,0,49,1,EXECUTE,published_after_gate_recheck,15.626212116330862,4.53475397080183,0.0,67.1254167082264
truth,related_same,0,50,1,EXECUTE,published_after_gate_recheck,14.297740999609232,4.3639629147946835,0.0,67.1254167082264
truth,related_same,0,51,1,EXECUTE,published_after_gate_recheck,13.72464606538415,3.845781087875366,0.0,67.1254167082264
truth,related_same,0,52,1,EXECUTE,published_after_gate_recheck,14.050017111003399,4.031709861010313,0.0,67.1254167082264
truth,related_same,0,53,1,EXECUTE,published_after_gate_recheck,14.641756191849709,4.542046692222357,0.0,67.1254167082264
truth,related_same,0,54,1,EXECUTE,published_after_gate_recheck,14.788450673222542,4.40980913117528,0.0,67.1254167082264
truth,related_same,0,55,1,EXECUTE,published_after_gate_recheck,14.070074073970318,4.036059137433767,0.0,67.1254167082264
truth,related_same,0,56,1,EXECUTE,published_after_gate_recheck,13.6100510135293,3.66705609485507,0.0,67.1254167082264
truth,related_same,0,57,1,EXECUTE,published_after_gate_recheck,14.151737093925476,4.05941205099225,0.0,67.1254167082264
truth,related_same,0,58,1,EXECUTE,published_after_gate_recheck,14.520229306071997,4.421130754053593,0.0,67.1254167082264
truth,related_same,0,59,1,EXECUTE,published_after_gate_recheck,14.38766997307539,4.140684846788645,0.0,67.1254167082264
truth,related_same,0,60,1,EXECUTE,published_after_gate_recheck,14.427815098315477,4.306395072489977,0.0,67.1254167082264
truth,related_same,0,61,1,EXECUTE,published_after_gate_recheck,15.286624897271395,4.254408180713654,0.0,67.1254167082264
truth,related_same,0,62,1,EXECUTE,published_after_gate_recheck,14.64791689068079,4.304282367229462,0.0,67.1254167082264
truth,related_same,0,63,1,EXECUTE,published_after_gate_recheck,15.39620105177164,3.838838078081608,0.0,67.1254167082264
truth,related_same,0,64,1,EXECUTE,published_after_gate_recheck,15.885287895798683,4.133250564336777,0.0,67.1254167082264
truth,related_same,0,65,1,EXECUTE,published_after_gate_recheck,16.433185897767544,5.017067305743694,0.0,67.1254167082264
truth,related_same,0,66,1,EXECUTE,published_after_gate_recheck,14.929345808923244,4.108635243028402,0.0,67.1254167082264
truth,related_same,0,67,1,EXECUTE,published_after_gate_recheck,17.511536832898855,4.4617969542741776,0.0,67.1254167082264
truth,related_same,0,68,1,EXECUTE,published_after_gate_recheck,15.46526001766324,4.3617188930511475,0.0,67.1254167082264
truth,related_same,0,69,1,EXECUTE,published_after_gate_recheck,14.696429017931223,4.462759010493755,0.0,67.1254167082264
truth,related_same,0,70,1,EXECUTE,published_after_gate_recheck,14.438445214182138,4.0006618946790695,0.0,67.1254167082264
truth,related_same,0,71,1,EXECUTE,published_after_gate_recheck,14.696949161589146,4.3711671605706215,0.0,67.1254167082264
truth,related_same,0,72,1,EXECUTE,published_after_gate_recheck,15.341568738222122,4.084028769284487,0.0,67.1254167082264
truth,related_same,0,73,1,EXECUTE,published_after_gate_recheck,13.768468983471394,4.023946356028318,0.0,67.1254167082264
truth,related_same,0,74,1,EXECUTE,published_after_gate_recheck,14.684977009892464,4.3958630412817,0.0,67.1254167082264
truth,related_same,0,75,1,EXECUTE,published_after_gate_recheck,15.314287040382624,4.259516950696707,0.0,67.1254167082264
truth,related_same,0,76,1,EXECUTE,published_after_gate_recheck,14.641635119915009,4.479981027543545,0.0,67.1254167082264
truth,related_same,0,77,1,EXECUTE,published_after_gate_recheck,14.29359382018447,4.1760411113500595,0.0,67.1254167082264
truth,related_same,0,78,1,EXECUTE,published_after_gate_recheck,15.306783374398947,4.719601012766361,0.0,67.1254167082264
truth,related_same,0,79,1,EXECUTE,published_after_gate_recheck,14.472337905317545,4.244800191372633,0.0,67.1254167082264
truth,related_same,0,80,1,EXECUTE,published_after_gate_recheck,14.376539271324873,4.346019122749567,0.0,67.1254167082264
truth,related_same,0,81,1,EXECUTE,published_after_gate_recheck,14.509868808090687,4.0077948942780495,0.0,67.1254167082264
truth,related_same,0,82,1,EXECUTE,published_after_gate_recheck,14.832714572548866,4.097183234989643,0.0,67.1254167082264
truth,related_same,0,83,1,EXECUTE,published_after_gate_recheck,14.517833013087511,4.3617901392281055,0.0,67.1254167082264
truth,related_same,0,84,1,EXECUTE,published_after_gate_recheck,14.566045254468918,3.6489018239080906,0.0,67.1254167082264
truth,related_same,0,85,1,EXECUTE,published_after_gate_recheck,15.127075836062431,4.16901707649231,0.0,67.1254167082264
truth,related_same,0,86,1,EXECUTE,published_after_gate_recheck,14.572315849363804,4.092935007065535,0.0,67.1254167082264
truth,related_same,0,87,1,EXECUTE,published_after_gate_recheck,14.844987075775862,4.179877694696188,0.0,67.1254167082264
truth,related_same,0,88,1,EXECUTE,published_after_gate_recheck,14.831752050668001,4.32441895827651,0.0,67.1254167082264
truth,related_same,0,89,1,EXECUTE,published_after_gate_recheck,14.666732866317034,4.566783085465431,0.0,67.1254167082264
truth,related_same,0,90,1,EXECUTE,published_after_gate_recheck,14.620395842939615,4.242584574967623,0.0,67.1254167082264
truth,related_same,0,91,1,EXECUTE,published_after_gate_recheck,14.558420050889254,4.2982399463653564,0.0,67.1254167082264
truth,related_same,0,92,1,EXECUTE,published_after_gate_recheck,14.86945291981101,4.654338117688894,0.0,67.1254167082264
truth,related_same,0,93,1,EXECUTE,published_after_gate_recheck,15.25504607707262,4.619993269443512,0.0,67.1254167082264
truth,related_same,0,94,1,EXECUTE,published_after_gate_recheck,15.830254182219505,4.452349152415991,0.0,67.1254167082264
truth,related_same,0,95,1,EXECUTE,published_after_gate_recheck,14.766168780624866,4.384150728583336,0.0,67.1254167082264
truth,related_same,0,96,1,EXECUTE,published_after_gate_recheck,14.944813679903746,4.631855990737677,0.0,67.1254167082264
truth,related_same,0,97,1,EXECUTE,published_after_gate_recheck,15.132175758481026,4.435326904058456,0.0,67.1254167082264
truth,related_same,0,98,1,EXECUTE,published_after_gate_recheck,15.430475119501352,4.813116043806076,0.0,67.1254167082264
truth,related_same,0,99,1,EXECUTE,published_after_gate_recheck,14.797297772020102,4.393930081278086,0.0,67.1254167082264
opa,related_same,0,0,1,EXECUTE,opa_allowed_at_gate,9.922146331518888,3.720656968653202,0.0,112.44374413662278
opa,related_same,0,1,1,EXECUTE,opa_allowed_at_gate,8.868779987096786,2.981980796903372,0.0,112.44374413662278
opa,related_same,0,2,1,EXECUTE,opa_allowed_at_gate,8.485020603984594,2.561212982982397,0.0,112.44374413662278
opa,related_same,0,3,1,EXECUTE,opa_allowed_at_gate,8.89914808794856,2.8316997922956944,0.0,112.44374413662278
opa,related_same,0,4,1,EXECUTE,opa_allowed_at_gate,8.941977750509977,2.9791872948408127,0.0,112.44374413662278
opa,related_same,0,5,1,EXECUTE,opa_allowed_at_gate,9.177669882774353,3.0324668623507023,0.0,112.44374413662278
opa,related_same,0,6,1,EXECUTE,opa_allowed_at_gate,9.210451040416956,2.9203672893345356,0.0,112.44374413662278
opa,related_same,0,7,1,EXECUTE,opa_allowed_at_gate,9.671004954725504,3.4324470907449722,0.0,112.44374413662278
opa,related_same,0,8,1,EXECUTE,opa_allowed_at_gate,8.945825044065714,3.2125036232173443,0.0,112.44374413662278
opa,related_same,0,9,1,EXECUTE,opa_allowed_at_gate,9.09591605886817,3.395617939531803,0.0,112.44374413662278
opa,related_same,0,10,1,EXECUTE,opa_allowed_at_gate,8.425840176641941,3.331286832690239,0.0,112.44374413662278
opa,related_same,0,11,1,EXECUTE,opa_allowed_at_gate,8.132148999720812,2.819366753101349,0.0,112.44374413662278
opa,related_same,0,12,1,EXECUTE,opa_allowed_at_gate,9.192167315632105,2.9724338091909885,0.0,112.44374413662278
opa,related_same,0,13,1,EXECUTE,opa_allowed_at_gate,8.71847802773118,2.940733917057514,0.0,112.44374413662278
opa,related_same,0,14,1,EXECUTE,opa_allowed_at_gate,8.696618024259806,2.84098694100976,0.0,112.44374413662278
opa,related_same,0,15,1,EXECUTE,opa_allowed_at_gate,9.018461219966412,3.046732861548662,0.0,112.44374413662278
opa,related_same,0,16,1,EXECUTE,opa_allowed_at_gate,9.10360086709261,3.156648948788643,0.0,112.44374413662278
opa,related_same,0,17,1,EXECUTE,opa_allowed_at_gate,9.37587209045887,3.1952117569744587,0.0,112.44374413662278
opa,related_same,0,18,1,EXECUTE,opa_allowed_at_gate,8.942598942667246,3.2649030908942223,0.0,112.44374413662278
opa,related_same,0,19,1,EXECUTE,opa_allowed_at_gate,8.480291813611984,2.929452806711197,0.0,112.44374413662278
opa,related_same,0,20,1,EXECUTE,opa_allowed_at_gate,8.878998924046755,2.930053975433111,0.0,112.44374413662278
opa,related_same,0,21,1,EXECUTE,opa_allowed_at_gate,8.94203782081604,3.0707488767802715,0.0,112.44374413662278
opa,related_same,0,22,1,EXECUTE,opa_allowed_at_gate,8.803407661616802,2.7443962171673775,0.0,112.44374413662278
opa,related_same,0,23,1,EXECUTE,opa_allowed_at_gate,8.507634047418833,2.8934557922184467,0.0,112.44374413662278
opa,related_same,0,24,1,EXECUTE,opa_allowed_at_gate,10.154071263968945,3.426935989409685,0.0,112.44374413662278
opa,related_same,0,25,1,EXECUTE,opa_allowed_at_gate,9.090425912290812,2.997731324285269,0.0,112.44374413662278
opa,related_same,0,26,1,EXECUTE,opa_allowed_at_gate,9.222864173352718,3.0765701085329056,0.0,112.44374413662278
opa,related_same,0,27,1,EXECUTE,opa_allowed_at_gate,8.618821855634451,2.7113347314298153,0.0,112.44374413662278
opa,related_same,0,28,1,EXECUTE,opa_allowed_at_gate,8.743877056986094,2.777818124741316,0.0,112.44374413662278
opa,related_same,0,29,1,EXECUTE,opa_allowed_at_gate,8.338646963238716,2.683031838387251,0.0,112.44374413662278
opa,related_same,0,30,1,EXECUTE,opa_allowed_at_gate,8.773060981184244,2.862147055566311,0.0,112.44374413662278
opa,related_same,0,31,1,EXECUTE,opa_allowed_at_gate,9.016997646540403,3.0794041231274605,0.0,112.44374413662278
opa,related_same,0,32,1,EXECUTE,opa_allowed_at_gate,9.517856873571873,3.434040118008852,0.0,112.44374413662278
opa,related_same,0,33,1,EXECUTE,opa_allowed_at_gate,9.366944897919893,2.9189628548920155,0.0,112.44374413662278
opa,related_same,0,34,1,EXECUTE,opa_allowed_at_gate,8.513524662703276,2.89294496178627,0.0,112.44374413662278
opa,related_same,0,35,1,EXECUTE,opa_allowed_at_gate,8.413027040660381,2.7327248826622963,0.0,112.44374413662278
opa,related_same,0,36,1,EXECUTE,opa_allowed_at_gate,9.917056187987328,2.8290748596191406,0.0,112.44374413662278
opa,related_same,0,37,1,EXECUTE,opa_allowed_at_gate,9.92117403075099,3.3975811675190926,0.0,112.44374413662278
opa,related_same,0,38,1,EXECUTE,opa_allowed_at_gate,8.394291158765554,2.883407287299633,0.0,112.44374413662278
opa,related_same,0,39,1,EXECUTE,opa_allowed_at_gate,9.404644835740328,3.4063677303493023,0.0,112.44374413662278
opa,related_same,0,40,1,EXECUTE,opa_allowed_at_gate,9.216242004185915,3.2010930590331554,0.0,112.44374413662278
opa,related_same,0,41,1,EXECUTE,opa_allowed_at_gate,9.72506683319807,3.551479894667864,0.0,112.44374413662278
opa,related_same,0,42,1,EXECUTE,opa_allowed_at_gate,9.558193851262331,3.3640279434621334,0.0,112.44374413662278
opa,related_same,0,43,1,EXECUTE,opa_allowed_at_gate,9.107287973165512,3.041071817278862,0.0,112.44374413662278
opa,related_same,0,44,1,EXECUTE,opa_allowed_at_gate,8.362059947103262,3.0108257196843624,0.0,112.44374413662278
opa,related_same,0,45,1,EXECUTE,opa_allowed_at_gate,8.708820212632418,3.1561176292598248,0.0,112.44374413662278
opa,related_same,0,46,1,EXECUTE,opa_allowed_at_gate,8.228820748627186,2.850905992090702,0.0,112.44374413662278
opa,related_same,0,47,1,EXECUTE,opa_allowed_at_gate,9.120061993598938,3.0499291606247425,0.0,112.44374413662278
opa,related_same,0,48,1,EXECUTE,opa_allowed_at_gate,8.053040597587824,3.0865082517266273,0.0,112.44374413662278
opa,related_same,0,49,1,EXECUTE,opa_allowed_at_gate,8.99987667798996,2.670648042112589,0.0,112.44374413662278
opa,related_same,0,50,1,EXECUTE,opa_allowed_at_gate,8.43922607600689,2.9955878853797913,0.0,112.44374413662278
opa,related_same,0,51,1,EXECUTE,opa_allowed_at_gate,9.019563905894756,3.1252698972821236,0.0,112.44374413662278
opa,related_same,0,52,1,EXECUTE,opa_allowed_at_gate,9.459578897804022,3.364007920026779,0.0,112.44374413662278
opa,related_same,0,53,1,EXECUTE,opa_allowed_at_gate,8.598824962973595,2.932528965175152,0.0,112.44374413662278
opa,related_same,0,54,1,EXECUTE,opa_allowed_at_gate,8.929113857448101,3.1834891997277737,0.0,112.44374413662278
opa,related_same,0,55,1,EXECUTE,opa_allowed_at_gate,8.850857149809599,2.6587960310280323,0.0,112.44374413662278
opa,related_same,0,56,1,EXECUTE,opa_allowed_at_gate,9.403562638908625,3.512355964630842,0.0,112.44374413662278
opa,related_same,0,57,1,EXECUTE,opa_allowed_at_gate,9.150668978691101,2.892524003982544,0.0,112.44374413662278
opa,related_same,0,58,1,EXECUTE,opa_allowed_at_gate,8.613490965217352,3.031644970178604,0.0,112.44374413662278
opa,related_same,0,59,1,EXECUTE,opa_allowed_at_gate,8.378901984542608,2.78900982812047,0.0,112.44374413662278
opa,related_same,0,60,1,EXECUTE,opa_allowed_at_gate,8.870534133166075,2.8304168954491615,0.0,112.44374413662278
opa,related_same,0,61,1,EXECUTE,opa_allowed_at_gate,8.638798724859953,2.7784700505435467,0.0,112.44374413662278
opa,related_same,0,62,1,EXECUTE,opa_allowed_at_gate,8.637567982077599,3.241698257625103,0.0,112.44374413662278
opa,related_same,0,63,1,EXECUTE,opa_allowed_at_gate,8.977253921329975,3.0800960958004,0.0,112.44374413662278
opa,related_same,0,64,1,EXECUTE,opa_allowed_at_gate,8.391506038606167,2.487082965672016,0.0,112.44374413662278
opa,related_same,0,65,1,EXECUTE,opa_allowed_at_gate,8.358954917639494,2.528571989387274,0.0,112.44374413662278
opa,related_same,0,66,1,EXECUTE,opa_allowed_at_gate,8.617710322141647,2.989837434142828,0.0,112.44374413662278
opa,related_same,0,67,1,EXECUTE,opa_allowed_at_gate,8.616738021373749,2.7836100198328495,0.0,112.44374413662278
opa,related_same,0,68,1,EXECUTE,opa_allowed_at_gate,8.879018947482109,3.0512819066643715,0.0,112.44374413662278
opa,related_same,0,69,1,EXECUTE,opa_allowed_at_gate,8.781197015196085,3.0466332100331783,0.0,112.44374413662278
opa,related_same,0,70,1,EXECUTE,opa_allowed_at_gate,9.2141879722476,3.0765491537749767,0.0,112.44374413662278
opa,related_same,0,71,1,EXECUTE,opa_allowed_at_gate,8.935226127505302,2.9858886264264584,0.0,112.44374413662278
opa,related_same,0,72,1,EXECUTE,opa_allowed_at_gate,9.080507326871157,3.011518158018589,0.0,112.44374413662278
opa,related_same,0,73,1,EXECUTE,opa_allowed_at_gate,8.455445989966393,3.0694659799337387,0.0,112.44374413662278
opa,related_same,0,74,1,EXECUTE,opa_allowed_at_gate,8.233269210904837,2.6371460407972336,0.0,112.44374413662278
opa,related_same,0,75,1,EXECUTE,opa_allowed_at_gate,8.706366177648306,3.0186311341822147,0.0,112.44374413662278
opa,related_same,0,76,1,EXECUTE,opa_allowed_at_gate,9.03260800987482,2.8517981991171837,0.0,112.44374413662278
opa,related_same,0,77,1,EXECUTE,opa_allowed_at_gate,8.630875032395124,3.0183601193130016,0.0,112.44374413662278
opa,related_same,0,78,1,EXECUTE,opa_allowed_at_gate,9.012129157781601,3.2782270573079586,0.0,112.44374413662278
opa,related_same,0,79,1,EXECUTE,opa_allowed_at_gate,8.488377090543509,2.717695664614439,0.0,112.44374413662278
opa,related_same,0,80,1,EXECUTE,opa_allowed_at_gate,8.21596710011363,2.9066111892461777,0.0,112.44374413662278
opa,related_same,0,81,1,EXECUTE,opa_allowed_at_gate,8.077087346464396,2.5185728445649147,0.0,112.44374413662278
opa,related_same,0,82,1,EXECUTE,opa_allowed_at_gate,8.053902070969343,2.5686873123049736,0.0,112.44374413662278
opa,related_same,0,83,1,EXECUTE,opa_allowed_at_gate,9.06030973419547,3.2324320636689663,0.0,112.44374413662278
opa,related_same,0,84,1,EXECUTE,opa_allowed_at_gate,8.892204146832228,3.0069691129028797,0.0,112.44374413662278
opa,related_same,0,85,1,EXECUTE,opa_allowed_at_gate,8.963808882981539,3.172048833221197,0.0,112.44374413662278
opa,related_same,0,86,1,EXECUTE,opa_allowed_at_gate,8.49798507988453,2.9536192305386066,0.0,112.44374413662278
opa,related_same,0,87,1,EXECUTE,opa_allowed_at_gate,8.595819119364023,2.964690327644348,0.0,112.44374413662278
opa,related_same,0,88,1,EXECUTE,opa_allowed_at_gate,8.694052696228027,2.943890169262886,0.0,112.44374413662278
opa,related_same,0,89,1,EXECUTE,opa_allowed_at_gate,8.170271292328835,2.9053478501737118,0.0,112.44374413662278
opa,related_same,0,90,1,EXECUTE,opa_allowed_at_gate,8.273263927549124,2.781605813652277,0.0,112.44374413662278
opa,related_same,0,91,1,EXECUTE,opa_allowed_at_gate,8.135374635457993,2.624932210892439,0.0,112.44374413662278
opa,related_same,0,92,1,EXECUTE,opa_allowed_at_gate,8.666601963341236,2.9149060137569904,0.0,112.44374413662278
opa,related_same,0,93,1,EXECUTE,opa_allowed_at_gate,8.93739890307188,3.1480430625379086,0.0,112.44374413662278
opa,related_same,0,94,1,EXECUTE,opa_allowed_at_gate,8.503135293722153,2.7230260893702507,0.0,112.44374413662278
opa,related_same,0,95,1,EXECUTE,opa_allowed_at_gate,8.892254903912544,3.288817126303911,0.0,112.44374413662278
opa,related_same,0,96,1,EXECUTE,opa_allowed_at_gate,9.077731985598803,3.3089150674641132,0.0,112.44374413662278
opa,related_same,0,97,1,EXECUTE,opa_allowed_at_gate,9.610391221940517,3.319193609058857,0.0,112.44374413662278
opa,related_same,0,98,1,EXECUTE,opa_allowed_at_gate,8.828685153275728,2.8806920163333416,0.0,112.44374413662278
opa,related_same,0,99,1,EXECUTE,opa_allowed_at_gate,8.262263145297766,2.789040096104145,0.0,112.44374413662278
opa_readset,related_same,0,0,1,EXECUTE,opa_allowed_at_gate,9.592517744749784,2.866405062377453,0.0,112.79017716349847
opa_readset,related_same,0,1,1,EXECUTE,opa_allowed_at_gate,8.871355094015598,2.724780235439539,0.0,112.79017716349847
opa_readset,related_same,0,2,1,EXECUTE,opa_allowed_at_gate,8.982785046100616,3.0163759365677834,0.0,112.79017716349847
opa_readset,related_same,0,3,1,EXECUTE,opa_allowed_at_gate,8.375836070626974,2.765095327049494,0.0,112.79017716349847
opa_readset,related_same,0,4,1,EXECUTE,opa_allowed_at_gate,9.168521966785192,3.4423652105033398,0.0,112.79017716349847
opa_readset,related_same,0,5,1,EXECUTE,opa_allowed_at_gate,8.735490962862968,3.013261128216982,0.0,112.79017716349847
opa_readset,related_same,0,6,1,EXECUTE,opa_allowed_at_gate,8.750448934733868,2.6749358512461185,0.0,112.79017716349847
opa_readset,related_same,0,7,1,EXECUTE,opa_allowed_at_gate,8.261592127382755,2.7735107578337193,0.0,112.79017716349847
opa_readset,related_same,0,8,1,EXECUTE,opa_allowed_at_gate,8.16347822546959,2.7246992103755474,0.0,112.79017716349847
opa_readset,related_same,0,9,1,EXECUTE,opa_allowed_at_gate,8.78945179283619,2.673843875527382,0.0,112.79017716349847
opa_readset,related_same,0,10,1,EXECUTE,opa_allowed_at_gate,8.486834820359945,2.6917681097984314,0.0,112.79017716349847
opa_readset,related_same,0,11,1,EXECUTE,opa_allowed_at_gate,8.639279752969742,2.83327279612422,0.0,112.79017716349847
opa_readset,related_same,0,12,1,EXECUTE,opa_allowed_at_gate,9.052695706486702,3.1512491405010223,0.0,112.79017716349847
opa_readset,related_same,0,13,1,EXECUTE,opa_allowed_at_gate,8.579057175666094,2.7953218668699265,0.0,112.79017716349847
opa_readset,related_same,0,14,1,EXECUTE,opa_allowed_at_gate,8.293833117932081,2.559799700975418,0.0,112.79017716349847
opa_readset,related_same,0,15,1,EXECUTE,opa_allowed_at_gate,8.866627234965563,2.913061995059252,0.0,112.79017716349847
opa_readset,related_same,0,16,1,EXECUTE,opa_allowed_at_gate,8.762450888752937,2.816301304847002,0.0,112.79017716349847
opa_readset,related_same,0,17,1,EXECUTE,opa_allowed_at_gate,8.331574033945799,2.817383036017418,0.0,112.79017716349847
opa_readset,related_same,0,18,1,EXECUTE,opa_allowed_at_gate,8.845876902341843,3.0486970208585262,0.0,112.79017716349847
opa_readset,related_same,0,19,1,EXECUTE,opa_allowed_at_gate,8.336212020367384,2.622367814183235,0.0,112.79017716349847
opa_readset,related_same,0,20,1,EXECUTE,opa_allowed_at_gate,9.601434227079153,3.065507858991623,0.0,112.79017716349847
opa_readset,related_same,0,21,1,EXECUTE,opa_allowed_at_gate,8.738697040826082,2.932619769126177,0.0,112.79017716349847
opa_readset,related_same,0,22,1,EXECUTE,opa_allowed_at_gate,9.858867153525352,3.189290873706341,0.0,112.79017716349847
opa_readset,related_same,0,23,1,EXECUTE,opa_allowed_at_gate,8.235203102231026,2.5451318360865116,0.0,112.79017716349847
opa_readset,related_same,0,24,1,EXECUTE,opa_allowed_at_gate,8.508776314556599,2.8886268846690655,0.0,112.79017716349847
opa_readset,related_same,0,25,1,EXECUTE,opa_allowed_at_gate,8.56316788122058,2.7601458132267,0.0,112.79017716349847
opa_readset,related_same,0,26,1,EXECUTE,opa_allowed_at_gate,8.76722065731883,2.721743658185005,0.0,112.79017716349847
opa_readset,related_same,0,27,1,EXECUTE,opa_allowed_at_gate,8.9509142562747,2.974678296595812,0.0,112.79017716349847
opa_readset,related_same,0,28,1,EXECUTE,opa_allowed_at_gate,8.735631126910448,3.034491091966629,0.0,112.79017716349847
opa_readset,related_same,0,29,1,EXECUTE,opa_allowed_at_gate,8.817133959382772,2.9346132650971413,0.0,112.79017716349847
opa_readset,related_same,0,30,1,EXECUTE,opa_allowed_at_gate,8.620625827461481,2.9040146619081497,0.0,112.79017716349847
opa_readset,related_same,0,31,1,EXECUTE,opa_allowed_at_gate,8.577543776482344,2.824055962264538,0.0,112.79017716349847
opa_readset,related_same,0,32,1,EXECUTE,opa_allowed_at_gate,8.857789915055037,2.999755088239908,0.0,112.79017716349847
opa_readset,related_same,0,33,1,EXECUTE,opa_allowed_at_gate,8.803968783468008,2.668424043804407,0.0,112.79017716349847
opa_readset,related_same,0,34,1,EXECUTE,opa_allowed_at_gate,8.865263778716326,3.08282021433115,0.0,112.79017716349847
opa_readset,related_same,0,35,1,EXECUTE,opa_allowed_at_gate,8.758503943681717,3.3049876801669598,0.0,112.79017716349847
opa_readset,related_same,0,36,1,EXECUTE,opa_allowed_at_gate,8.527670986950397,3.0044340528547764,0.0,112.79017716349847
opa_readset,related_same,0,37,1,EXECUTE,opa_allowed_at_gate,8.880372159183025,3.131312318146229,0.0,112.79017716349847
opa_readset,related_same,0,38,1,EXECUTE,opa_allowed_at_gate,8.902084082365036,2.878839150071144,0.0,112.79017716349847
opa_readset,related_same,0,39,1,EXECUTE,opa_allowed_at_gate,9.184032212942839,3.31087876111269,0.0,112.79017716349847
opa_readset,related_same,0,40,1,EXECUTE,opa_allowed_at_gate,8.329028263688087,2.6930803433060646,0.0,112.79017716349847
opa_readset,related_same,0,41,1,EXECUTE,opa_allowed_at_gate,9.049519896507263,2.8925039805471897,0.0,112.79017716349847
opa_readset,related_same,0,42,1,EXECUTE,opa_allowed_at_gate,8.632717654109001,2.8189150616526604,0.0,112.79017716349847
opa_readset,related_same,0,43,1,EXECUTE,opa_allowed_at_gate,8.401443716138601,2.820199355483055,0.0,112.79017716349847
opa_readset,related_same,0,44,1,EXECUTE,opa_allowed_at_gate,9.020905941724777,3.25971283018589,0.0,112.79017716349847
opa_readset,related_same,0,45,1,EXECUTE,opa_allowed_at_gate,8.443363010883331,2.942187711596489,0.0,112.79017716349847
opa_readset,related_same,0,46,1,EXECUTE,opa_allowed_at_gate,8.567946031689644,2.7544046752154827,0.0,112.79017716349847
opa_readset,related_same,0,47,1,EXECUTE,opa_allowed_at_gate,9.31637967005372,3.2167816534638405,0.0,112.79017716349847
opa_readset,related_same,0,48,1,EXECUTE,opa_allowed_at_gate,8.434265851974487,2.616256009787321,0.0,112.79017716349847
opa_readset,related_same,0,49,1,EXECUTE,opa_allowed_at_gate,9.183882270008326,2.9218089766800404,0.0,112.79017716349847
opa_readset,related_same,0,50,1,EXECUTE,opa_allowed_at_gate,9.054708760231733,2.8675771318376064,0.0,112.79017716349847
opa_readset,related_same,0,51,1,EXECUTE,opa_allowed_at_gate,7.950248196721077,2.5834450498223305,0.0,112.79017716349847
opa_readset,related_same,0,52,1,EXECUTE,opa_allowed_at_gate,8.730060886591673,3.0239708721637726,0.0,112.79017716349847
opa_readset,related_same,0,53,1,EXECUTE,opa_allowed_at_gate,8.67239199578762,2.8223833069205284,0.0,112.79017716349847
opa_readset,related_same,0,54,1,EXECUTE,opa_allowed_at_gate,8.83873412385583,2.8532100841403008,0.0,112.79017716349847
opa_readset,related_same,0,55,1,EXECUTE,opa_allowed_at_gate,8.695835713297129,3.1302100978791714,0.0,112.79017716349847
opa_readset,related_same,0,56,1,EXECUTE,opa_allowed_at_gate,8.37196921929717,2.9756701551377773,0.0,112.79017716349847
opa_readset,related_same,0,57,1,EXECUTE,opa_allowed_at_gate,9.192988742142916,3.5031898878514767,0.0,112.79017716349847
opa_readset,related_same,0,58,1,EXECUTE,opa_allowed_at_gate,8.554442320019007,2.8576389886438847,0.0,112.79017716349847
opa_readset,related_same,0,59,1,EXECUTE,opa_allowed_at_gate,9.0174600481987,2.938029821962118,0.0,112.79017716349847
opa_readset,related_same,0,60,1,EXECUTE,opa_allowed_at_gate,9.27576282992959,3.152160905301571,0.0,112.79017716349847
opa_readset,related_same,0,61,1,EXECUTE,opa_allowed_at_gate,8.37558601051569,2.9645487666130066,0.0,112.79017716349847
opa_readset,related_same,0,62,1,EXECUTE,opa_allowed_at_gate,8.567725773900747,2.915668301284313,0.0,112.79017716349847
opa_readset,related_same,0,63,1,EXECUTE,opa_allowed_at_gate,8.466626051813364,2.8096679598093033,0.0,112.79017716349847
opa_readset,related_same,0,64,1,EXECUTE,opa_allowed_at_gate,8.09969799593091,2.7049719356000423,0.0,112.79017716349847
opa_readset,related_same,0,65,1,EXECUTE,opa_allowed_at_gate,8.94317077472806,2.673033159226179,0.0,112.79017716349847
opa_readset,related_same,0,66,1,EXECUTE,opa_allowed_at_gate,10.03215229138732,3.0528451316058636,0.0,112.79017716349847
opa_readset,related_same,0,67,1,EXECUTE,opa_allowed_at_gate,8.555993903428316,2.8080460615456104,0.0,112.79017716349847
opa_readset,related_same,0,68,1,EXECUTE,opa_allowed_at_gate,9.114050306379795,2.9932530596852303,0.0,112.79017716349847
opa_readset,related_same,0,69,1,EXECUTE,opa_allowed_at_gate,8.663325104862452,3.0509713105857372,0.0,112.79017716349847
opa_readset,related_same,0,70,1,EXECUTE,opa_allowed_at_gate,8.938943035900593,3.263649996370077,0.0,112.79017716349847
opa_readset,related_same,0,71,1,EXECUTE,opa_allowed_at_gate,8.795253001153469,3.259191755205393,0.0,112.79017716349847
opa_readset,related_same,0,72,1,EXECUTE,opa_allowed_at_gate,9.48035717010498,2.572814002633095,0.0,112.79017716349847
opa_readset,related_same,0,73,1,EXECUTE,opa_allowed_at_gate,9.256388060748577,3.122185356914997,0.0,112.79017716349847
opa_readset,related_same,0,74,1,EXECUTE,opa_allowed_at_gate,8.427042048424482,2.9785549268126488,0.0,112.79017716349847
opa_readset,related_same,0,75,1,EXECUTE,opa_allowed_at_gate,8.381266612559557,3.0499789863824844,0.0,112.79017716349847
opa_readset,related_same,0,76,1,EXECUTE,opa_allowed_at_gate,8.924624882638454,3.027467057108879,0.0,112.79017716349847
opa_readset,related_same,0,77,1,EXECUTE,opa_allowed_at_gate,8.856568019837141,2.745839301496744,0.0,112.79017716349847
opa_readset,related_same,0,78,1,EXECUTE,opa_allowed_at_gate,8.48040310665965,2.9646791517734528,0.0,112.79017716349847
opa_readset,related_same,0,79,1,EXECUTE,opa_allowed_at_gate,8.322006091475487,3.0023702420294285,0.0,112.79017716349847
opa_readset,related_same,0,80,1,EXECUTE,opa_allowed_at_gate,8.818015921860933,3.1794519163668156,0.0,112.79017716349847
opa_readset,related_same,0,81,1,EXECUTE,opa_allowed_at_gate,8.214844856411219,2.9183230362832546,0.0,112.79017716349847
opa_readset,related_same,0,82,1,EXECUTE,opa_allowed_at_gate,9.271044749766588,3.1799832358956337,0.0,112.79017716349847
opa_readset,related_same,0,83,1,EXECUTE,opa_allowed_at_gate,11.262238956987858,3.6049699410796165,0.0,112.79017716349847
opa_readset,related_same,0,84,1,EXECUTE,opa_allowed_at_gate,9.036975912749767,3.0643357895314693,0.0,112.79017716349847
opa_readset,related_same,0,85,1,EXECUTE,opa_allowed_at_gate,9.276214055716991,3.147892653942108,0.0,112.79017716349847
opa_readset,related_same,0,86,1,EXECUTE,opa_allowed_at_gate,8.636605460196733,3.073162864893675,0.0,112.79017716349847
opa_readset,related_same,0,87,1,EXECUTE,opa_allowed_at_gate,8.98169307038188,2.8291959315538406,0.0,112.79017716349847
opa_readset,related_same,0,88,1,EXECUTE,opa_allowed_at_gate,8.747211657464504,2.742582932114601,0.0,112.79017716349847
opa_readset,related_same,0,89,1,EXECUTE,opa_allowed_at_gate,8.952007163316011,3.0631539411842823,0.0,112.79017716349847
opa_readset,related_same,0,90,1,EXECUTE,opa_allowed_at_gate,8.535176049917936,2.7856039814651012,0.0,112.79017716349847
opa_readset,related_same,0,91,1,EXECUTE,opa_allowed_at_gate,9.488222189247608,3.683817572891712,0.0,112.79017716349847
opa_readset,related_same,0,92,1,EXECUTE,opa_allowed_at_gate,9.034581948071718,3.314295317977667,0.0,112.79017716349847
opa_readset,related_same,0,93,1,EXECUTE,opa_allowed_at_gate,9.402862284332514,3.109721001237631,0.0,112.79017716349847
opa_readset,related_same,0,94,1,EXECUTE,opa_allowed_at_gate,9.411027189344168,3.370110411196947,0.0,112.79017716349847
opa_readset,related_same,0,95,1,EXECUTE,opa_allowed_at_gate,8.624712936580181,3.183149266988039,0.0,112.79017716349847
opa_readset,related_same,0,96,1,EXECUTE,opa_allowed_at_gate,9.164995979517698,3.3312467858195305,0.0,112.79017716349847
opa_readset,related_same,0,97,1,EXECUTE,opa_allowed_at_gate,8.458631113171577,2.979828044772148,0.0,112.79017716349847
opa_readset,related_same,0,98,1,EXECUTE,opa_allowed_at_gate,8.758263196796179,2.533331047743559,0.0,112.79017716349847
opa_readset,related_same,0,99,1,EXECUTE,opa_allowed_at_gate,8.703339844942093,2.908294089138508,0.0,112.79017716349847
global,unrelated,20,0,1,EXECUTE,published_after_gate_recheck,17.250027041882277,3.9429240860044956,20.185577046445715,55.6276666004482
global,unrelated,20,1,1,EXECUTE,published_after_gate_recheck,15.172622166574001,4.627607762813568,20.185577046445715,55.6276666004482
global,unrelated,20,2,1,EXECUTE,published_after_gate_recheck,14.585060067474842,4.345729015767574,20.185577046445715,55.6276666004482
global,unrelated,20,3,1,EXECUTE,published_after_gate_recheck,20.058463793247938,3.926563076674938,20.185577046445715,55.6276666004482
global,unrelated,20,4,1,EXECUTE,published_after_gate_recheck,14.473760966211557,4.111389629542828,20.185577046445715,55.6276666004482
global,unrelated,20,5,1,EXECUTE,published_after_gate_recheck,23.117659613490105,10.706136003136635,20.185577046445715,55.6276666004482
global,unrelated,20,6,1,EXECUTE,published_after_gate_recheck,17.34728878363967,5.071441177278757,20.185577046445715,55.6276666004482
global,unrelated,20,7,1,EXECUTE,published_after_gate_recheck,15.548116061836481,4.3491157703101635,20.185577046445715,55.6276666004482
global,unrelated,20,8,1,EXECUTE,published_after_gate_recheck,15.963965095579624,4.5491899363696575,20.185577046445715,55.6276666004482
global,unrelated,20,9,1,EXECUTE,published_after_gate_recheck,14.898026827722788,4.164689686149359,20.185577046445715,55.6276666004482
global,unrelated,20,10,1,EXECUTE,published_after_gate_recheck,15.201004222035408,4.563337191939354,20.185577046445715,55.6276666004482
global,unrelated,20,11,1,EXECUTE,published_after_gate_recheck,14.687541872262955,4.213090054690838,20.185577046445715,55.6276666004482
global,unrelated,20,12,1,EXECUTE,published_after_gate_recheck,17.30771502479911,4.047680180519819,20.185577046445715,55.6276666004482
global,unrelated,20,13,1,EXECUTE,published_after_gate_recheck,14.57487978041172,4.012774676084518,20.185577046445715,55.6276666004482
global,unrelated,20,14,1,EXECUTE,published_after_gate_recheck,13.746117241680622,3.8769696839153767,20.185577046445715,55.6276666004482
global,unrelated,20,15,0,REVOKE,context_version_changed_at_publish,18.16207729279995,7.464787922799587,20.185577046445715,55.6276666004482
global,unrelated,20,16,1,EXECUTE,published_after_gate_recheck,14.408438932150602,4.0577189065515995,20.185577046445715,55.6276666004482
global,unrelated,20,17,1,EXECUTE,published_after_gate_recheck,14.611268881708384,4.291767720133066,20.185577046445715,55.6276666004482
global,unrelated,20,18,1,EXECUTE,published_after_gate_recheck,15.054058749228716,4.421081393957138,20.185577046445715,55.6276666004482
global,unrelated,20,19,1,EXECUTE,published_after_gate_recheck,14.75794380530715,4.231685306876898,20.185577046445715,55.6276666004482
global,unrelated,20,20,1,EXECUTE,published_after_gate_recheck,14.970502816140652,4.315782804042101,20.185577046445715,55.6276666004482
global,unrelated,20,21,1,EXECUTE,published_after_gate_recheck,14.57036193460226,4.17677266523242,20.185577046445715,55.6276666004482
global,unrelated,20,22,1,EXECUTE,published_after_gate_recheck,15.850011259317398,4.351840820163488,20.185577046445715,55.6276666004482
global,unrelated,20,23,1,EXECUTE,published_after_gate_recheck,14.674718026071787,4.057078156620264,20.185577046445715,55.6276666004482
global,unrelated,20,24,1,EXECUTE,published_after_gate_recheck,15.070289839059114,3.9573507383465767,20.185577046445715,55.6276666004482
global,unrelated,20,25,1,EXECUTE,published_after_gate_recheck,20.672103855758905,4.663805011659861,20.185577046445715,55.6276666004482
global,unrelated,20,26,1,EXECUTE,published_after_gate_recheck,14.438434969633818,4.359565209597349,20.185577046445715,55.6276666004482
global,unrelated,20,27,1,EXECUTE,published_after_gate_recheck,14.940766617655754,4.366056993603706,20.185577046445715,55.6276666004482
global,unrelated,20,28,0,REVOKE,context_version_changed_at_publish,16.695076134055853,6.129905115813017,20.185577046445715,55.6276666004482
global,unrelated,20,29,1,EXECUTE,published_after_gate_recheck,15.878584701567888,4.47093416005373,20.185577046445715,55.6276666004482
global,unrelated,20,30,1,EXECUTE,published_after_gate_recheck,15.43981209397316,4.9994648434221745,20.185577046445715,55.6276666004482
global,unrelated,20,31,0,REVOKE,context_version_changed_at_publish,17.628447152674198,6.573305930942297,20.185577046445715,55.6276666004482
global,unrelated,20,32,1,EXECUTE,published_after_gate_recheck,14.607943128794432,3.9058742113411427,20.185577046445715,55.6276666004482
global,unrelated,20,33,1,EXECUTE,published_after_gate_recheck,14.67654062435031,3.9996211417019367,20.185577046445715,55.6276666004482
global,unrelated,20,34,1,EXECUTE,published_after_gate_recheck,14.944734051823616,4.593874793499708,20.185577046445715,55.6276666004482
global,unrelated,20,35,1,EXECUTE,published_after_gate_recheck,14.94668796658516,4.540944937616587,20.185577046445715,55.6276666004482
global,unrelated,20,36,1,EXECUTE,published_after_gate_recheck,15.18554612994194,4.2987908236682415,20.185577046445715,55.6276666004482
global,unrelated,20,37,1,EXECUTE,published_after_gate_recheck,14.357452746480703,3.927995916455984,20.185577046445715,55.6276666004482
global,unrelated,20,38,1,EXECUTE,published_after_gate_recheck,15.24051884189248,4.36473498120904,20.185577046445715,55.6276666004482
global,unrelated,20,39,1,EXECUTE,published_after_gate_recheck,15.71069099009037,4.632506985217333,20.185577046445715,55.6276666004482
global,unrelated,20,40,1,EXECUTE,published_after_gate_recheck,14.07985296100378,3.9909142069518566,20.185577046445715,55.6276666004482
global,unrelated,20,41,1,EXECUTE,published_after_gate_recheck,19.13410983979702,3.8924389518797398,20.185577046445715,55.6276666004482
global,unrelated,20,42,1,EXECUTE,published_after_gate_recheck,15.071481931954622,4.4585601426661015,20.185577046445715,55.6276666004482
global,unrelated,20,43,1,EXECUTE,published_after_gate_recheck,14.199917670339346,4.217679146677256,20.185577046445715,55.6276666004482
global,unrelated,20,44,0,REVOKE,context_version_changed_at_publish,17.199653200805187,6.47907005622983,20.185577046445715,55.6276666004482
global,unrelated,20,45,1,EXECUTE,published_after_gate_recheck,15.310601331293583,4.565269686281681,20.185577046445715,55.6276666004482
global,unrelated,20,46,1,EXECUTE,published_after_gate_recheck,14.722647611051798,4.0259696543216705,20.185577046445715,55.6276666004482
global,unrelated,20,47,0,REVOKE,context_version_changed_at_publish,19.38634319230914,8.02144082263112,20.185577046445715,55.6276666004482
global,unrelated,20,48,1,EXECUTE,published_after_gate_recheck,14.308431185781956,4.469761159271002,20.185577046445715,55.6276666004482
global,unrelated,20,49,1,EXECUTE,published_after_gate_recheck,14.923814684152603,4.559759981930256,20.185577046445715,55.6276666004482
global,unrelated,20,50,0,REVOKE,context_version_changed_at_publish,20.102365873754025,9.240326937288046,20.185577046445715,55.6276666004482
global,unrelated,20,51,1,EXECUTE,published_after_gate_recheck,15.425595920532942,4.317636135965586,20.185577046445715,55.6276666004482
global,unrelated,20,52,1,EXECUTE,published_after_gate_recheck,14.593204949051142,4.2273071594536304,20.185577046445715,55.6276666004482
global,unrelated,20,53,1,EXECUTE,published_after_gate_recheck,15.289229806512594,4.4880458153784275,20.185577046445715,55.6276666004482
global,unrelated,20,54,1,EXECUTE,published_after_gate_recheck,15.098001807928085,4.328407347202301,20.185577046445715,55.6276666004482
global,unrelated,20,55,1,EXECUTE,published_after_gate_recheck,14.764114748686552,4.18007792904973,20.185577046445715,55.6276666004482
global,unrelated,20,56,1,EXECUTE,published_after_gate_recheck,14.598804991692305,4.103614948689938,20.185577046445715,55.6276666004482
global,unrelated,20,57,1,EXECUTE,published_after_gate_recheck,15.448179095983505,4.4203088618814945,20.185577046445715,55.6276666004482
global,unrelated,20,58,1,EXECUTE,published_after_gate_recheck,14.802888035774231,4.360387101769447,20.185577046445715,55.6276666004482
global,unrelated,20,59,1,EXECUTE,published_after_gate_recheck,13.946802821010351,4.108563996851444,20.185577046445715,55.6276666004482
global,unrelated,20,60,0,REVOKE,context_version_changed_at_publish,16.80448092520237,5.993448197841644,20.185577046445715,55.6276666004482
global,unrelated,20,61,1,EXECUTE,published_after_gate_recheck,14.421924017369747,3.9672688581049442,20.185577046445715,55.6276666004482
global,unrelated,20,62,1,EXECUTE,published_after_gate_recheck,15.419094357639551,4.465774167329073,20.185577046445715,55.6276666004482
global,unrelated,20,63,0,REVOKE,context_version_changed_at_publish,17.623357009142637,7.217173930257559,20.185577046445715,55.6276666004482
global,unrelated,20,64,1,EXECUTE,published_after_gate_recheck,14.955403748899698,4.720862023532391,20.185577046445715,55.6276666004482
global,unrelated,20,65,1,EXECUTE,published_after_gate_recheck,15.271688345819712,4.387066699564457,20.185577046445715,55.6276666004482
global,unrelated,20,66,1,EXECUTE,published_after_gate_recheck,16.75853505730629,5.013812333345413,20.185577046445715,55.6276666004482
global,unrelated,20,67,1,EXECUTE,published_after_gate_recheck,15.829232055693865,4.622447770088911,20.185577046445715,55.6276666004482
global,unrelated,20,68,1,EXECUTE,published_after_gate_recheck,16.75944682210684,4.374222829937935,20.185577046445715,55.6276666004482
global,unrelated,20,69,1,EXECUTE,published_after_gate_recheck,16.00845903158188,4.63746627792716,20.185577046445715,55.6276666004482
global,unrelated,20,70,1,EXECUTE,published_after_gate_recheck,15.581869054585695,4.748003091663122,20.185577046445715,55.6276666004482
global,unrelated,20,71,1,EXECUTE,published_after_gate_recheck,15.467785764485598,4.451337270438671,20.185577046445715,55.6276666004482
global,unrelated,20,72,1,EXECUTE,published_after_gate_recheck,15.085177961736917,3.894723951816559,20.185577046445715,55.6276666004482
global,unrelated,20,73,1,EXECUTE,published_after_gate_recheck,15.912137925624847,4.447048995643854,20.185577046445715,55.6276666004482
global,unrelated,20,74,1,EXECUTE,published_after_gate_recheck,14.589047059416771,3.883090801537037,20.185577046445715,55.6276666004482
global,unrelated,20,75,1,EXECUTE,published_after_gate_recheck,14.989058021456003,4.343604668974876,20.185577046445715,55.6276666004482
global,unrelated,20,76,1,EXECUTE,published_after_gate_recheck,17.29262713342905,4.169067833572626,20.185577046445715,55.6276666004482
global,unrelated,20,77,1,EXECUTE,published_after_gate_recheck,14.373353216797113,4.125687293708324,20.185577046445715,55.6276666004482
global,unrelated,20,78,1,EXECUTE,published_after_gate_recheck,14.840048272162676,3.872050903737545,20.185577046445715,55.6276666004482
global,unrelated,20,79,0,REVOKE,context_version_changed_at_publish,17.655647825449705,6.097984965890646,20.185577046445715,55.6276666004482
global,unrelated,20,80,1,EXECUTE,published_after_gate_recheck,15.070459805428982,4.542327020317316,20.185577046445715,55.6276666004482
global,unrelated,20,81,1,EXECUTE,published_after_gate_recheck,14.42140294238925,4.171872977167368,20.185577046445715,55.6276666004482
global,unrelated,20,82,0,REVOKE,context_version_changed_at_publish,20.259720273315907,9.227442555129528,20.185577046445715,55.6276666004482
global,unrelated,20,83,1,EXECUTE,published_after_gate_recheck,15.364331193268299,4.358083009719849,20.185577046445715,55.6276666004482
global,unrelated,20,84,1,EXECUTE,published_after_gate_recheck,14.224023092538118,4.2656478472054005,20.185577046445715,55.6276666004482
global,unrelated,20,85,0,REVOKE,context_version_changed_at_publish,19.470189698040485,8.285446092486382,20.185577046445715,55.6276666004482
global,unrelated,20,86,1,EXECUTE,published_after_gate_recheck,17.65567809343338,4.831389989703894,20.185577046445715,55.6276666004482
global,unrelated,20,87,1,EXECUTE,published_after_gate_recheck,14.513485133647919,4.363252315670252,20.185577046445715,55.6276666004482
global,unrelated,20,88,0,REVOKE,context_version_changed_at_publish,17.222485970705748,7.2331237606704235,20.185577046445715,55.6276666004482
global,unrelated,20,89,1,EXECUTE,published_after_gate_recheck,15.771463979035616,4.387107212096453,20.185577046445715,55.6276666004482
global,unrelated,20,90,1,EXECUTE,published_after_gate_recheck,14.549644198268652,4.20658802613616,20.185577046445715,55.6276666004482
global,unrelated,20,91,1,EXECUTE,published_after_gate_recheck,15.503571834415197,4.75280312821269,20.185577046445715,55.6276666004482
global,unrelated,20,92,1,EXECUTE,published_after_gate_recheck,15.617716126143932,4.712576977908611,20.185577046445715,55.6276666004482
global,unrelated,20,93,1,EXECUTE,published_after_gate_recheck,14.934584964066744,4.08171396702528,20.185577046445715,55.6276666004482
global,unrelated,20,94,1,EXECUTE,published_after_gate_recheck,14.345891773700714,4.086572676897049,20.185577046445715,55.6276666004482
global,unrelated,20,95,1,EXECUTE,published_after_gate_recheck,15.174154192209244,4.115466959774494,20.185577046445715,55.6276666004482
global,unrelated,20,96,1,EXECUTE,published_after_gate_recheck,14.688503928482533,4.3289572931826115,20.185577046445715,55.6276666004482
global,unrelated,20,97,1,EXECUTE,published_after_gate_recheck,14.090090990066528,4.07086405903101,20.185577046445715,55.6276666004482
global,unrelated,20,98,1,EXECUTE,published_after_gate_recheck,19.464971031993628,4.273413680493832,20.185577046445715,55.6276666004482
global,unrelated,20,99,1,EXECUTE,published_after_gate_recheck,14.057049993425608,3.8957749493420124,20.185577046445715,55.6276666004482
readset,unrelated,20,0,1,EXECUTE,published_after_gate_recheck,18.12099013477564,4.628840368241072,20.214687733853488,63.308627370278614
readset,unrelated,20,1,1,EXECUTE,published_after_gate_recheck,15.009266324341297,4.024607129395008,20.214687733853488,63.308627370278614
readset,unrelated,20,2,1,EXECUTE,published_after_gate_recheck,14.630564954131842,4.260009154677391,20.214687733853488,63.308627370278614
readset,unrelated,20,3,1,EXECUTE,published_after_gate_recheck,19.898633006960154,4.134282004088163,20.214687733853488,63.308627370278614
readset,unrelated,20,4,1,EXECUTE,published_after_gate_recheck,14.650051016360521,4.241252783685923,20.214687733853488,63.308627370278614
readset,unrelated,20,5,1,EXECUTE,published_after_gate_recheck,14.944233931601048,4.2058369144797325,20.214687733853488,63.308627370278614
readset,unrelated,20,6,1,EXECUTE,published_after_gate_recheck,16.11798396334052,6.23207725584507,20.214687733853488,63.308627370278614
readset,unrelated,20,7,1,EXECUTE,published_after_gate_recheck,14.885103330016136,4.363942891359329,20.214687733853488,63.308627370278614
readset,unrelated,20,8,1,EXECUTE,published_after_gate_recheck,14.406886417418718,4.50139120221138,20.214687733853488,63.308627370278614
readset,unrelated,20,9,1,EXECUTE,published_after_gate_recheck,20.537842996418476,9.432637598365545,20.214687733853488,63.308627370278614
readset,unrelated,20,10,1,EXECUTE,published_after_gate_recheck,15.377194620668888,4.534532781690359,20.214687733853488,63.308627370278614
readset,unrelated,20,11,1,EXECUTE,published_after_gate_recheck,15.9644172526896,5.069886799901724,20.214687733853488,63.308627370278614
readset,unrelated,20,12,1,EXECUTE,published_after_gate_recheck,17.766445875167847,7.08346301689744,20.214687733853488,63.308627370278614
readset,unrelated,20,13,1,EXECUTE,published_after_gate_recheck,14.106982853263617,4.099768120795488,20.214687733853488,63.308627370278614
readset,unrelated,20,14,1,EXECUTE,published_after_gate_recheck,14.530797954648733,4.437090363353491,20.214687733853488,63.308627370278614
readset,unrelated,20,15,1,EXECUTE,published_after_gate_recheck,15.444081276655197,4.452989902347326,20.214687733853488,63.308627370278614
readset,unrelated,20,16,1,EXECUTE,published_after_gate_recheck,16.98876777663827,4.370276350528002,20.214687733853488,63.308627370278614
readset,unrelated,20,17,1,EXECUTE,published_after_gate_recheck,14.0810152515769,3.234905656427145,20.214687733853488,63.308627370278614
readset,unrelated,20,18,1,EXECUTE,published_after_gate_recheck,14.602693263441324,4.17126202955842,20.214687733853488,63.308627370278614
readset,unrelated,20,19,1,EXECUTE,published_after_gate_recheck,14.846700243651867,4.683363251388073,20.214687733853488,63.308627370278614
readset,unrelated,20,20,1,EXECUTE,published_after_gate_recheck,14.773263130337,4.3237279169261456,20.214687733853488,63.308627370278614
readset,unrelated,20,21,1,EXECUTE,published_after_gate_recheck,14.208374079316854,4.428835120052099,20.214687733853488,63.308627370278614
readset,unrelated,20,22,1,EXECUTE,published_after_gate_recheck,16.826894134283066,5.824973341077566,20.214687733853488,63.308627370278614
readset,unrelated,20,23,1,EXECUTE,published_after_gate_recheck,14.171333983540535,3.8085817359387875,20.214687733853488,63.308627370278614
readset,unrelated,20,24,1,EXECUTE,published_after_gate_recheck,14.523423742502928,4.436970222741365,20.214687733853488,63.308627370278614
readset,unrelated,20,25,1,EXECUTE,published_after_gate_recheck,14.062059111893177,3.9397678337991238,20.214687733853488,63.308627370278614
readset,unrelated,20,26,1,EXECUTE,published_after_gate_recheck,14.807568397372961,4.658795893192291,20.214687733853488,63.308627370278614
readset,unrelated,20,27,1,EXECUTE,published_after_gate_recheck,14.121240004897118,4.052489995956421,20.214687733853488,63.308627370278614
readset,unrelated,20,28,1,EXECUTE,published_after_gate_recheck,14.536368194967508,4.543720744550228,20.214687733853488,63.308627370278614
readset,unrelated,20,29,1,EXECUTE,published_after_gate_recheck,17.377075273543596,4.699212033301592,20.214687733853488,63.308627370278614
readset,unrelated,20,30,1,EXECUTE,published_after_gate_recheck,14.937069732695818,4.4314200058579445,20.214687733853488,63.308627370278614
readset,unrelated,20,31,1,EXECUTE,published_after_gate_recheck,14.439556747674942,3.9094509556889534,20.214687733853488,63.308627370278614
readset,unrelated,20,32,1,EXECUTE,published_after_gate_recheck,19.772217143326998,4.733216017484665,20.214687733853488,63.308627370278614
readset,unrelated,20,33,1,EXECUTE,published_after_gate_recheck,14.968467876315117,4.1378396563231945,20.214687733853488,63.308627370278614
readset,unrelated,20,34,1,EXECUTE,published_after_gate_recheck,14.459424186497927,3.835352137684822,20.214687733853488,63.308627370278614
readset,unrelated,20,35,1,EXECUTE,published_after_gate_recheck,16.900832764804363,6.074870936572552,20.214687733853488,63.308627370278614
readset,unrelated,20,36,1,EXECUTE,published_after_gate_recheck,16.371288802474737,4.298519808799028,20.214687733853488,63.308627370278614
readset,unrelated,20,37,1,EXECUTE,published_after_gate_recheck,15.091569628566504,4.317656625062227,20.214687733853488,63.308627370278614
readset,unrelated,20,38,1,EXECUTE,published_after_gate_recheck,15.297896694391966,4.7805942595005035,20.214687733853488,63.308627370278614
readset,unrelated,20,39,1,EXECUTE,published_after_gate_recheck,14.814699999988079,4.46417136117816,20.214687733853488,63.308627370278614
readset,unrelated,20,40,1,EXECUTE,published_after_gate_recheck,14.395174104720354,3.874496091157198,20.214687733853488,63.308627370278614
readset,unrelated,20,41,1,EXECUTE,published_after_gate_recheck,13.954848982393742,3.8418350741267204,20.214687733853488,63.308627370278614
readset,unrelated,20,42,1,EXECUTE,published_after_gate_recheck,13.648704160004854,3.6715948954224586,20.214687733853488,63.308627370278614
readset,unrelated,20,43,1,EXECUTE,published_after_gate_recheck,15.194201841950417,4.63754590600729,20.214687733853488,63.308627370278614
readset,unrelated,20,44,1,EXECUTE,published_after_gate_recheck,14.927932992577553,4.476714879274368,20.214687733853488,63.308627370278614
readset,unrelated,20,45,1,EXECUTE,published_after_gate_recheck,15.88412607088685,6.342604290693998,20.214687733853488,63.308627370278614
readset,unrelated,20,46,1,EXECUTE,published_after_gate_recheck,14.131098054349422,4.011572804301977,20.214687733853488,63.308627370278614
readset,unrelated,20,47,1,EXECUTE,published_after_gate_recheck,14.021793846040964,4.365015309303999,20.214687733853488,63.308627370278614
readset,unrelated,20,48,1,EXECUTE,published_after_gate_recheck,13.906748034060001,4.132839851081371,20.214687733853488,63.308627370278614
readset,unrelated,20,49,1,EXECUTE,published_after_gate_recheck,13.95274419337511,4.111981019377708,20.214687733853488,63.308627370278614
readset,unrelated,20,50,1,EXECUTE,published_after_gate_recheck,14.254370238631964,4.0035368874669075,20.214687733853488,63.308627370278614
readset,unrelated,20,51,1,EXECUTE,published_after_gate_recheck,14.763524755835533,4.659587051719427,20.214687733853488,63.308627370278614
readset,unrelated,20,52,1,EXECUTE,published_after_gate_recheck,18.220355734229088,4.468008875846863,20.214687733853488,63.308627370278614
readset,unrelated,20,53,1,EXECUTE,published_after_gate_recheck,14.010030776262283,4.255879670381546,20.214687733853488,63.308627370278614
readset,unrelated,20,54,1,EXECUTE,published_after_gate_recheck,14.36672080308199,4.236855078488588,20.214687733853488,63.308627370278614
readset,unrelated,20,55,1,EXECUTE,published_after_gate_recheck,17.551803030073643,6.865032948553562,20.214687733853488,63.308627370278614
readset,unrelated,20,56,1,EXECUTE,published_after_gate_recheck,14.389704447239637,4.1040959767997265,20.214687733853488,63.308627370278614
readset,unrelated,20,57,1,EXECUTE,published_after_gate_recheck,14.570732600986958,4.755987785756588,20.214687733853488,63.308627370278614
readset,unrelated,20,58,1,EXECUTE,published_after_gate_recheck,14.938332606106997,4.229882266372442,20.214687733853488,63.308627370278614
readset,unrelated,20,59,1,EXECUTE,published_after_gate_recheck,15.342049300670624,4.366037901490927,20.214687733853488,63.308627370278614
readset,unrelated,20,60,1,EXECUTE,published_after_gate_recheck,15.059089288115501,4.555892664939165,20.214687733853488,63.308627370278614
readset,unrelated,20,61,1,EXECUTE,published_after_gate_recheck,15.097721014171839,4.417093005031347,20.214687733853488,63.308627370278614
readset,unrelated,20,62,1,EXECUTE,published_after_gate_recheck,15.706172212958336,4.358944017440081,20.214687733853488,63.308627370278614
readset,unrelated,20,63,1,EXECUTE,published_after_gate_recheck,14.569050166755915,4.18419623747468,20.214687733853488,63.308627370278614
readset,unrelated,20,64,1,EXECUTE,published_after_gate_recheck,14.967045746743679,4.488176200538874,20.214687733853488,63.308627370278614
readset,unrelated,20,65,1,EXECUTE,published_after_gate_recheck,18.164661712944508,4.479970782995224,20.214687733853488,63.308627370278614
readset,unrelated,20,66,1,EXECUTE,published_after_gate_recheck,18.128554336726665,4.868378862738609,20.214687733853488,63.308627370278614
readset,unrelated,20,67,1,EXECUTE,published_after_gate_recheck,15.934830997139215,4.650420043617487,20.214687733853488,63.308627370278614
readset,unrelated,20,68,1,EXECUTE,published_after_gate_recheck,20.288784988224506,4.806203301995993,20.214687733853488,63.308627370278614
readset,unrelated,20,69,1,EXECUTE,published_after_gate_recheck,14.942959882318974,4.10199211910367,20.214687733853488,63.308627370278614
readset,unrelated,20,70,1,EXECUTE,published_after_gate_recheck,18.114537931978703,4.160311073064804,20.214687733853488,63.308627370278614
readset,unrelated,20,71,1,EXECUTE,published_after_gate_recheck,16.05313317850232,4.545113071799278,20.214687733853488,63.308627370278614
readset,unrelated,20,72,1,EXECUTE,published_after_gate_recheck,15.34218993037939,4.333727061748505,20.214687733853488,63.308627370278614
readset,unrelated,20,73,1,EXECUTE,published_after_gate_recheck,15.114072244614363,4.32613305747509,20.214687733853488,63.308627370278614
readset,unrelated,20,74,1,EXECUTE,published_after_gate_recheck,17.55706313997507,4.604343790560961,20.214687733853488,63.308627370278614
readset,unrelated,20,75,1,EXECUTE,published_after_gate_recheck,13.754672836512327,4.05316986143589,20.214687733853488,63.308627370278614
readset,unrelated,20,76,1,EXECUTE,published_after_gate_recheck,15.284462366253138,4.693962167948484,20.214687733853488,63.308627370278614
readset,unrelated,20,77,1,EXECUTE,published_after_gate_recheck,22.413820028305054,4.939071834087372,20.214687733853488,63.308627370278614
readset,unrelated,20,78,1,EXECUTE,published_after_gate_recheck,15.137685928493738,4.2357430793344975,20.214687733853488,63.308627370278614
readset,unrelated,20,79,1,EXECUTE,published_after_gate_recheck,14.785765670239925,4.028595052659512,20.214687733853488,63.308627370278614
readset,unrelated,20,80,1,EXECUTE,published_after_gate_recheck,16.99484884738922,4.174007102847099,20.214687733853488,63.308627370278614
readset,unrelated,20,81,1,EXECUTE,published_after_gate_recheck,14.359867200255394,4.214902874082327,20.214687733853488,63.308627370278614
readset,unrelated,20,82,1,EXECUTE,published_after_gate_recheck,14.475955162197351,4.58107003942132,20.214687733853488,63.308627370278614
readset,unrelated,20,83,1,EXECUTE,published_after_gate_recheck,17.203851137310266,6.314821075648069,20.214687733853488,63.308627370278614
readset,unrelated,20,84,1,EXECUTE,published_after_gate_recheck,15.10479487478733,4.238076973706484,20.214687733853488,63.308627370278614
readset,unrelated,20,85,1,EXECUTE,published_after_gate_recheck,15.836716163903475,4.949692171066999,20.214687733853488,63.308627370278614
readset,unrelated,20,86,1,EXECUTE,published_after_gate_recheck,20.51649196073413,9.37122292816639,20.214687733853488,63.308627370278614
readset,unrelated,20,87,1,EXECUTE,published_after_gate_recheck,14.959542080760002,4.462727811187506,20.214687733853488,63.308627370278614
readset,unrelated,20,88,1,EXECUTE,published_after_gate_recheck,15.784940216690302,4.472796805202961,20.214687733853488,63.308627370278614
readset,unrelated,20,89,1,EXECUTE,published_after_gate_recheck,17.578833736479282,6.067046895623207,20.214687733853488,63.308627370278614
readset,unrelated,20,90,1,EXECUTE,published_after_gate_recheck,14.925567898899317,4.209834150969982,20.214687733853488,63.308627370278614
readset,unrelated,20,91,1,EXECUTE,published_after_gate_recheck,15.329156070947647,4.565291106700897,20.214687733853488,63.308627370278614
readset,unrelated,20,92,1,EXECUTE,published_after_gate_recheck,19.134359899908304,8.689844980835915,20.214687733853488,63.308627370278614
readset,unrelated,20,93,1,EXECUTE,published_after_gate_recheck,15.439742244780064,4.278532695025206,20.214687733853488,63.308627370278614
readset,unrelated,20,94,1,EXECUTE,published_after_gate_recheck,15.8588788472116,4.610466305166483,20.214687733853488,63.308627370278614
readset,unrelated,20,95,1,EXECUTE,published_after_gate_recheck,19.442217890173197,8.71770828962326,20.214687733853488,63.308627370278614
readset,unrelated,20,96,1,EXECUTE,published_after_gate_recheck,15.259725041687489,4.190257750451565,20.214687733853488,63.308627370278614
readset,unrelated,20,97,1,EXECUTE,published_after_gate_recheck,15.197919216006994,4.2968979105353355,20.214687733853488,63.308627370278614
readset,unrelated,20,98,1,EXECUTE,published_after_gate_recheck,19.349605310708284,8.05672723799944,20.214687733853488,63.308627370278614
readset,unrelated,20,99,1,EXECUTE,published_after_gate_recheck,15.493193175643682,4.172434099018574,20.214687733853488,63.308627370278614
truth,unrelated,20,0,1,EXECUTE,published_after_gate_recheck,18.511453177779913,4.470983985811472,20.175682255676886,63.17576805446662
truth,unrelated,20,1,1,EXECUTE,published_after_gate_recheck,16.261273063719273,5.198969040066004,20.175682255676886,63.17576805446662
truth,unrelated,20,2,1,EXECUTE,published_after_gate_recheck,14.946256764233112,4.575860220938921,20.175682255676886,63.17576805446662
truth,unrelated,20,3,1,EXECUTE,published_after_gate_recheck,18.925038166344166,4.230812657624483,20.175682255676886,63.17576805446662
truth,unrelated,20,4,1,EXECUTE,published_after_gate_recheck,15.734043903648853,4.371086601167917,20.175682255676886,63.17576805446662
truth,unrelated,20,5,1,EXECUTE,published_after_gate_recheck,14.035269152373075,3.4951940178871155,20.175682255676886,63.17576805446662
truth,unrelated,20,6,1,EXECUTE,published_after_gate_recheck,20.37261286750436,4.248958081007004,20.175682255676886,63.17576805446662
truth,unrelated,20,7,1,EXECUTE,published_after_gate_recheck,15.034533105790615,4.199214745312929,20.175682255676886,63.17576805446662
truth,unrelated,20,8,1,EXECUTE,published_after_gate_recheck,13.961400836706161,3.847955260425806,20.175682255676886,63.17576805446662
truth,unrelated,20,9,1,EXECUTE,published_after_gate_recheck,18.955274019390345,4.3628322891891,20.175682255676886,63.17576805446662
truth,unrelated,20,10,1,EXECUTE,published_after_gate_recheck,15.315759927034378,4.485200624912977,20.175682255676886,63.17576805446662
truth,unrelated,20,11,1,EXECUTE,published_after_gate_recheck,14.296099077910185,4.176381044089794,20.175682255676886,63.17576805446662
truth,unrelated,20,12,1,EXECUTE,published_after_gate_recheck,21.595416124910116,6.691357120871544,20.175682255676886,63.17576805446662
truth,unrelated,20,13,1,EXECUTE,published_after_gate_recheck,18.519486766308546,4.530655685812235,20.175682255676886,63.17576805446662
truth,unrelated,20,14,1,EXECUTE,published_after_gate_recheck,16.69969502836466,3.9992500096559525,20.175682255676886,63.17576805446662
truth,unrelated,20,15,1,EXECUTE,published_after_gate_recheck,16.411924734711647,4.684824962168932,20.175682255676886,63.17576805446662
truth,unrelated,20,16,1,EXECUTE,published_after_gate_recheck,19.40095005556941,6.660339888185263,20.175682255676886,63.17576805446662
truth,unrelated,20,17,1,EXECUTE,published_after_gate_recheck,15.602848958224058,4.451236687600613,20.175682255676886,63.17576805446662
truth,unrelated,20,18,1,EXECUTE,published_after_gate_recheck,15.219039283692837,4.045826382935047,20.175682255676886,63.17576805446662
truth,unrelated,20,19,1,EXECUTE,published_after_gate_recheck,14.664748683571815,4.062057007104158,20.175682255676886,63.17576805446662
truth,unrelated,20,20,1,EXECUTE,published_after_gate_recheck,14.84821317717433,4.205565899610519,20.175682255676886,63.17576805446662
truth,unrelated,20,21,1,EXECUTE,published_after_gate_recheck,16.675539780408144,4.239779897034168,20.175682255676886,63.17576805446662
truth,unrelated,20,22,1,EXECUTE,published_after_gate_recheck,15.51764877513051,4.678523167967796,20.175682255676886,63.17576805446662
truth,unrelated,20,23,1,EXECUTE,published_after_gate_recheck,14.067660085856915,4.080662038177252,20.175682255676886,63.17576805446662
truth,unrelated,20,24,1,EXECUTE,published_after_gate_recheck,16.333248000591993,5.686323158442974,20.175682255676886,63.17576805446662
truth,unrelated,20,25,1,EXECUTE,published_after_gate_recheck,14.635675121098757,4.256852902472019,20.175682255676886,63.17576805446662
truth,unrelated,20,26,1,EXECUTE,published_after_gate_recheck,14.799612108618021,4.0107909590005875,20.175682255676886,63.17576805446662
truth,unrelated,20,27,1,EXECUTE,published_after_gate_recheck,19.30597284808755,9.241770021617413,20.175682255676886,63.17576805446662
truth,unrelated,20,28,1,EXECUTE,published_after_gate_recheck,14.685737900435925,4.7190687619149685,20.175682255676886,63.17576805446662
truth,unrelated,20,29,1,EXECUTE,published_after_gate_recheck,14.39443277195096,4.172824788838625,20.175682255676886,63.17576805446662
truth,unrelated,20,30,1,EXECUTE,published_after_gate_recheck,14.182584825903177,4.104356747120619,20.175682255676886,63.17576805446662
truth,unrelated,20,31,1,EXECUTE,published_after_gate_recheck,14.498758129775524,3.985462710261345,20.175682255676886,63.17576805446662
truth,unrelated,20,32,1,EXECUTE,published_after_gate_recheck,15.011369250714779,4.411481786519289,20.175682255676886,63.17576805446662
truth,unrelated,20,33,1,EXECUTE,published_after_gate_recheck,14.386456925421953,3.868645057082176,20.175682255676886,63.17576805446662
truth,unrelated,20,34,1,EXECUTE,published_after_gate_recheck,18.297129776328802,4.392868373543024,20.175682255676886,63.17576805446662
truth,unrelated,20,35,1,EXECUTE,published_after_gate_recheck,14.519838150590658,4.091231618076563,20.175682255676886,63.17576805446662
truth,unrelated,20,36,1,EXECUTE,published_after_gate_recheck,15.411699190735817,4.438893869519234,20.175682255676886,63.17576805446662
truth,unrelated,20,37,1,EXECUTE,published_after_gate_recheck,18.527884036302567,4.459762945771217,20.175682255676886,63.17576805446662
truth,unrelated,20,38,1,EXECUTE,published_after_gate_recheck,14.817165210843086,4.330871161073446,20.175682255676886,63.17576805446662
truth,unrelated,20,39,1,EXECUTE,published_after_gate_recheck,15.002122148871422,4.439814947545528,20.175682255676886,63.17576805446662
truth,unrelated,20,40,1,EXECUTE,published_after_gate_recheck,17.499123699963093,6.848261225968599,20.175682255676886,63.17576805446662
truth,unrelated,20,41,1,EXECUTE,published_after_gate_recheck,15.192699618637562,3.912006039172411,20.175682255676886,63.17576805446662
truth,unrelated,20,42,1,EXECUTE,published_after_gate_recheck,14.234150759875774,3.8080611266195774,20.175682255676886,63.17576805446662
truth,unrelated,20,43,1,EXECUTE,published_after_gate_recheck,19.208078738301992,8.568027056753635,20.175682255676886,63.17576805446662
truth,unrelated,20,44,1,EXECUTE,published_after_gate_recheck,15.309087000787258,4.490479826927185,20.175682255676886,63.17576805446662
truth,unrelated,20,45,1,EXECUTE,published_after_gate_recheck,14.521830715239048,4.26260381937027,20.175682255676886,63.17576805446662
truth,unrelated,20,46,1,EXECUTE,published_after_gate_recheck,14.439937192946672,4.127480089664459,20.175682255676886,63.17576805446662
truth,unrelated,20,47,1,EXECUTE,published_after_gate_recheck,14.713980723172426,3.8948841392993927,20.175682255676886,63.17576805446662
truth,unrelated,20,48,1,EXECUTE,published_after_gate_recheck,15.615702141076326,4.648547153919935,20.175682255676886,63.17576805446662
truth,unrelated,20,49,1,EXECUTE,published_after_gate_recheck,14.229182619601488,4.334266763180494,20.175682255676886,63.17576805446662
truth,unrelated,20,50,1,EXECUTE,published_after_gate_recheck,15.64860437065363,4.690004047006369,20.175682255676886,63.17576805446662
truth,unrelated,20,51,1,EXECUTE,published_after_gate_recheck,14.845467638224363,4.48325602337718,20.175682255676886,63.17576805446662
truth,unrelated,20,52,1,EXECUTE,published_after_gate_recheck,14.138291589915752,4.352672025561333,20.175682255676886,63.17576805446662
truth,unrelated,20,53,1,EXECUTE,published_after_gate_recheck,17.21828803420067,6.511339917778969,20.175682255676886,63.17576805446662
truth,unrelated,20,54,1,EXECUTE,published_after_gate_recheck,14.844536781311035,4.509426187723875,20.175682255676886,63.17576805446662
truth,unrelated,20,55,1,EXECUTE,published_after_gate_recheck,15.895848162472248,4.214403219521046,20.175682255676886,63.17576805446662
truth,unrelated,20,56,1,EXECUTE,published_after_gate_recheck,18.31977302208543,7.373708300292492,20.175682255676886,63.17576805446662
truth,unrelated,20,57,1,EXECUTE,published_after_gate_recheck,15.1803158223629,4.528772085905075,20.175682255676886,63.17576805446662
truth,unrelated,20,58,1,EXECUTE,published_after_gate_recheck,14.552639331668615,4.731511697173119,20.175682255676886,63.17576805446662
truth,unrelated,20,59,1,EXECUTE,published_after_gate_recheck,20.082389004528522,9.878062643110752,20.175682255676886,63.17576805446662
truth,unrelated,20,60,1,EXECUTE,published_after_gate_recheck,14.569641090929508,4.061044659465551,20.175682255676886,63.17576805446662
truth,unrelated,20,61,1,EXECUTE,published_after_gate_recheck,15.06438897922635,4.579196684062481,20.175682255676886,63.17576805446662
truth,unrelated,20,62,1,EXECUTE,published_after_gate_recheck,19.035825971513987,8.324699942022562,20.175682255676886,63.17576805446662
truth,unrelated,20,63,1,EXECUTE,published_after_gate_recheck,14.482988975942135,4.0902202017605305,20.175682255676886,63.17576805446662
truth,unrelated,20,64,1,EXECUTE,published_after_gate_recheck,15.518299769610167,4.365005064755678,20.175682255676886,63.17576805446662
truth,unrelated,20,65,1,EXECUTE,published_after_gate_recheck,15.294770710170269,4.778049886226654,20.175682255676886,63.17576805446662
truth,unrelated,20,66,1,EXECUTE,published_after_gate_recheck,14.307419303804636,4.280587192624807,20.175682255676886,63.17576805446662
truth,unrelated,20,67,1,EXECUTE,published_after_gate_recheck,14.932079706341028,4.352862015366554,20.175682255676886,63.17576805446662
truth,unrelated,20,68,1,EXECUTE,published_after_gate_recheck,15.33527672290802,4.425588995218277,20.175682255676886,63.17576805446662
truth,unrelated,20,69,1,EXECUTE,published_after_gate_recheck,15.290262177586555,4.754996858537197,20.175682255676886,63.17576805446662
truth,unrelated,20,70,1,EXECUTE,published_after_gate_recheck,13.932936824858189,4.199625924229622,20.175682255676886,63.17576805446662
truth,unrelated,20,71,1,EXECUTE,published_after_gate_recheck,15.079075936228037,4.856797866523266,20.175682255676886,63.17576805446662
truth,unrelated,20,72,1,EXECUTE,published_after_gate_recheck,16.52960618957877,6.019978784024715,20.175682255676886,63.17576805446662
truth,unrelated,20,73,1,EXECUTE,published_after_gate_recheck,14.750279020518064,4.199976101517677,20.175682255676886,63.17576805446662
truth,unrelated,20,74,1,EXECUTE,published_after_gate_recheck,15.825395938009024,4.642795771360397,20.175682255676886,63.17576805446662
truth,unrelated,20,75,1,EXECUTE,published_after_gate_recheck,18.310105428099632,7.79022928327322,20.175682255676886,63.17576805446662
truth,unrelated,20,76,1,EXECUTE,published_after_gate_recheck,16.021092887967825,4.682369995862246,20.175682255676886,63.17576805446662
truth,unrelated,20,77,1,EXECUTE,published_after_gate_recheck,15.599581878632307,4.348183982074261,20.175682255676886,63.17576805446662
truth,unrelated,20,78,1,EXECUTE,published_after_gate_recheck,18.46160925924778,8.572003804147243,20.175682255676886,63.17576805446662
truth,unrelated,20,79,1,EXECUTE,published_after_gate_recheck,14.422144275158644,4.130665212869644,20.175682255676886,63.17576805446662
truth,unrelated,20,80,1,EXECUTE,published_after_gate_recheck,14.914839062839746,4.111309070140123,20.175682255676886,63.17576805446662
truth,unrelated,20,81,1,EXECUTE,published_after_gate_recheck,15.742069575935602,4.983033984899521,20.175682255676886,63.17576805446662
truth,unrelated,20,82,1,EXECUTE,published_after_gate_recheck,14.301598072052002,4.183064214885235,20.175682255676886,63.17576805446662
truth,unrelated,20,83,1,EXECUTE,published_after_gate_recheck,15.130302403122187,4.514806438237429,20.175682255676886,63.17576805446662
truth,unrelated,20,84,1,EXECUTE,published_after_gate_recheck,14.590479899197817,3.9826887659728527,20.175682255676886,63.17576805446662
truth,unrelated,20,85,1,EXECUTE,published_after_gate_recheck,15.18438383936882,4.195937886834145,20.175682255676886,63.17576805446662
truth,unrelated,20,86,1,EXECUTE,published_after_gate_recheck,15.008493792265654,4.567223601043224,20.175682255676886,63.17576805446662
truth,unrelated,20,87,1,EXECUTE,published_after_gate_recheck,14.912412967532873,4.56123286858201,20.175682255676886,63.17576805446662
truth,unrelated,20,88,1,EXECUTE,published_after_gate_recheck,16.660681925714016,6.2651378102600574,20.175682255676886,63.17576805446662
truth,unrelated,20,89,1,EXECUTE,published_after_gate_recheck,15.136484056711197,3.9454190991818905,20.175682255676886,63.17576805446662
truth,unrelated,20,90,1,EXECUTE,published_after_gate_recheck,14.753676019608974,4.1883341036736965,20.175682255676886,63.17576805446662
truth,unrelated,20,91,1,EXECUTE,published_after_gate_recheck,19.312484189867973,8.431900758296251,20.175682255676886,63.17576805446662
truth,unrelated,20,92,1,EXECUTE,published_after_gate_recheck,14.451830182224512,4.206607583910227,20.175682255676886,63.17576805446662
truth,unrelated,20,93,1,EXECUTE,published_after_gate_recheck,14.949362259358168,4.668654873967171,20.175682255676886,63.17576805446662
truth,unrelated,20,94,1,EXECUTE,published_after_gate_recheck,14.59350623190403,4.384631756693125,20.175682255676886,63.17576805446662
truth,unrelated,20,95,1,EXECUTE,published_after_gate_recheck,14.721636194735765,4.200746770948172,20.175682255676886,63.17576805446662
truth,unrelated,20,96,1,EXECUTE,published_after_gate_recheck,14.513625763356686,4.192802123725414,20.175682255676886,63.17576805446662
truth,unrelated,20,97,1,EXECUTE,published_after_gate_recheck,15.782104339450598,4.549561068415642,20.175682255676886,63.17576805446662
truth,unrelated,20,98,1,EXECUTE,published_after_gate_recheck,15.207225922495127,4.28661797195673,20.175682255676886,63.17576805446662
truth,unrelated,20,99,1,EXECUTE,published_after_gate_recheck,14.626067131757736,4.299112129956484,20.175682255676886,63.17576805446662
opa,unrelated,20,0,1,EXECUTE,opa_allowed_at_gate,11.01277070119977,3.4165969118475914,20.335451863360877,107.57501758894986
opa,unrelated,20,1,1,EXECUTE,opa_allowed_at_gate,9.0104672126472,3.2028257846832275,20.335451863360877,107.57501758894986
opa,unrelated,20,2,1,EXECUTE,opa_allowed_at_gate,8.959660772234201,3.289849031716585,20.335451863360877,107.57501758894986
opa,unrelated,20,3,1,EXECUTE,opa_allowed_at_gate,8.905088994652033,3.059335984289646,20.335451863360877,107.57501758894986
opa,unrelated,20,4,1,EXECUTE,opa_allowed_at_gate,9.10434266552329,3.032455686479807,20.335451863360877,107.57501758894986
opa,unrelated,20,5,1,EXECUTE,opa_allowed_at_gate,10.723709128797054,3.7103979848325253,20.335451863360877,107.57501758894986
opa,unrelated,20,6,1,EXECUTE,opa_allowed_at_gate,9.28394915536046,3.2230340875685215,20.335451863360877,107.57501758894986
opa,unrelated,20,7,1,EXECUTE,opa_allowed_at_gate,9.628925938159227,3.0989120714366436,20.335451863360877,107.57501758894986
opa,unrelated,20,8,1,EXECUTE,opa_allowed_at_gate,8.964620064944029,2.947367262095213,20.335451863360877,107.57501758894986
opa,unrelated,20,9,1,EXECUTE,opa_allowed_at_gate,9.190002921968699,3.390336874872446,20.335451863360877,107.57501758894986
opa,unrelated,20,10,1,EXECUTE,opa_allowed_at_gate,8.913854602724314,3.016867209225893,20.335451863360877,107.57501758894986
opa,unrelated,20,11,1,EXECUTE,opa_allowed_at_gate,8.446958847343922,2.6328470557928085,20.335451863360877,107.57501758894986
opa,unrelated,20,12,1,EXECUTE,opa_allowed_at_gate,9.392883628606796,3.3013313077390194,20.335451863360877,107.57501758894986
opa,unrelated,20,13,1,EXECUTE,opa_allowed_at_gate,8.755748625844717,2.807674929499626,20.335451863360877,107.57501758894986
opa,unrelated,20,14,1,EXECUTE,opa_allowed_at_gate,9.351956192404032,3.2412377186119556,20.335451863360877,107.57501758894986
opa,unrelated,20,15,1,EXECUTE,opa_allowed_at_gate,9.146661963313818,2.9934030026197433,20.335451863360877,107.57501758894986
opa,unrelated,20,16,1,EXECUTE,opa_allowed_at_gate,9.942795149981976,3.627421800047159,20.335451863360877,107.57501758894986
opa,unrelated,20,17,1,EXECUTE,opa_allowed_at_gate,9.006608743220568,2.96391686424613,20.335451863360877,107.57501758894986
opa,unrelated,20,18,1,EXECUTE,opa_allowed_at_gate,8.533602114766836,2.768350765109062,20.335451863360877,107.57501758894986
opa,unrelated,20,19,1,EXECUTE,opa_allowed_at_gate,9.87239321693778,2.7597052976489067,20.335451863360877,107.57501758894986
opa,unrelated,20,20,1,EXECUTE,opa_allowed_at_gate,9.136212058365345,2.9189540073275566,20.335451863360877,107.57501758894986
opa,unrelated,20,21,1,EXECUTE,opa_allowed_at_gate,9.38277505338192,3.5715270787477493,20.335451863360877,107.57501758894986
opa,unrelated,20,22,1,EXECUTE,opa_allowed_at_gate,9.373897686600685,3.134096972644329,20.335451863360877,107.57501758894986
opa,unrelated,20,23,1,EXECUTE,opa_allowed_at_gate,8.676509838551283,2.9141446575522423,20.335451863360877,107.57501758894986
opa,unrelated,20,24,1,EXECUTE,opa_allowed_at_gate,8.947677910327911,3.2220622524619102,20.335451863360877,107.57501758894986
opa,unrelated,20,25,1,EXECUTE,opa_allowed_at_gate,9.005527943372726,2.9513854533433914,20.335451863360877,107.57501758894986
opa,unrelated,20,26,1,EXECUTE,opa_allowed_at_gate,9.488042443990707,3.2343948259949684,20.335451863360877,107.57501758894986
opa,unrelated,20,27,1,EXECUTE,opa_allowed_at_gate,9.286374319344759,3.1853229738771915,20.335451863360877,107.57501758894986
opa,unrelated,20,28,1,EXECUTE,opa_allowed_at_gate,8.691577706485987,2.9432792216539383,20.335451863360877,107.57501758894986
opa,unrelated,20,29,1,EXECUTE,opa_allowed_at_gate,9.196925908327103,3.1353402882814407,20.335451863360877,107.57501758894986
opa,unrelated,20,30,1,EXECUTE,opa_allowed_at_gate,9.048767853528261,2.9435204342007637,20.335451863360877,107.57501758894986
opa,unrelated,20,31,1,EXECUTE,opa_allowed_at_gate,13.269744347780943,5.760992877185345,20.335451863360877,107.57501758894986
opa,unrelated,20,32,1,EXECUTE,opa_allowed_at_gate,9.033448994159698,3.0364440754055977,20.335451863360877,107.57501758894986
opa,unrelated,20,33,1,EXECUTE,opa_allowed_at_gate,9.196014143526554,3.1300289556384087,20.335451863360877,107.57501758894986
opa,unrelated,20,34,1,EXECUTE,opa_allowed_at_gate,8.766258135437965,3.1598550267517567,20.335451863360877,107.57501758894986
opa,unrelated,20,35,1,EXECUTE,opa_allowed_at_gate,8.363543078303337,2.8480710461735725,20.335451863360877,107.57501758894986
opa,unrelated,20,36,1,EXECUTE,opa_allowed_at_gate,8.57774494215846,3.19952005520463,20.335451863360877,107.57501758894986
opa,unrelated,20,37,1,EXECUTE,opa_allowed_at_gate,8.479631040245295,2.684473991394043,20.335451863360877,107.57501758894986
opa,unrelated,20,38,1,EXECUTE,opa_allowed_at_gate,9.100825991481543,3.3540199510753155,20.335451863360877,107.57501758894986
opa,unrelated,20,39,1,EXECUTE,opa_allowed_at_gate,8.60540708526969,2.735510002821684,20.335451863360877,107.57501758894986
opa,unrelated,20,40,1,EXECUTE,opa_allowed_at_gate,9.106134995818138,3.1148511916399,20.335451863360877,107.57501758894986
opa,unrelated,20,41,1,EXECUTE,opa_allowed_at_gate,8.841379079967737,2.923712134361267,20.335451863360877,107.57501758894986
opa,unrelated,20,42,1,EXECUTE,opa_allowed_at_gate,8.897404186427593,3.0296510085463524,20.335451863360877,107.57501758894986
opa,unrelated,20,43,1,EXECUTE,opa_allowed_at_gate,9.198528714478016,2.9951161704957485,20.335451863360877,107.57501758894986
opa,unrelated,20,44,1,EXECUTE,opa_allowed_at_gate,9.701182134449482,2.951794769614935,20.335451863360877,107.57501758894986
opa,unrelated,20,45,1,EXECUTE,opa_allowed_at_gate,9.505945723503828,3.3006886951625347,20.335451863360877,107.57501758894986
opa,unrelated,20,46,1,EXECUTE,opa_allowed_at_gate,8.923663757741451,3.009052947163582,20.335451863360877,107.57501758894986
opa,unrelated,20,47,1,EXECUTE,opa_allowed_at_gate,8.876163978129625,2.9983329586684704,20.335451863360877,107.57501758894986
opa,unrelated,20,48,1,EXECUTE,opa_allowed_at_gate,9.431535843759775,3.5007549449801445,20.335451863360877,107.57501758894986
opa,unrelated,20,49,1,EXECUTE,opa_allowed_at_gate,8.860374800860882,2.8864326886832714,20.335451863360877,107.57501758894986
opa,unrelated,20,50,1,EXECUTE,opa_allowed_at_gate,9.198989253491163,3.1900820322334766,20.335451863360877,107.57501758894986
opa,unrelated,20,51,1,EXECUTE,opa_allowed_at_gate,9.29601164534688,3.5314522683620453,20.335451863360877,107.57501758894986
opa,unrelated,20,52,1,EXECUTE,opa_allowed_at_gate,8.901812136173248,2.8249872848391533,20.335451863360877,107.57501758894986
opa,unrelated,20,53,1,EXECUTE,opa_allowed_at_gate,9.111004881560802,3.1209918670356274,20.335451863360877,107.57501758894986
opa,unrelated,20,54,1,EXECUTE,opa_allowed_at_gate,9.630749002099037,3.357505891472101,20.335451863360877,107.57501758894986
opa,unrelated,20,55,1,EXECUTE,opa_allowed_at_gate,8.731373120099306,3.1855530105531216,20.335451863360877,107.57501758894986
opa,unrelated,20,56,1,EXECUTE,opa_allowed_at_gate,9.622673969715834,3.142793197184801,20.335451863360877,107.57501758894986
opa,unrelated,20,57,1,EXECUTE,opa_allowed_at_gate,9.162981994450092,2.876903861761093,20.335451863360877,107.57501758894986
opa,unrelated,20,58,1,EXECUTE,opa_allowed_at_gate,8.952157106250525,2.99876369535923,20.335451863360877,107.57501758894986
opa,unrelated,20,59,1,EXECUTE,opa_allowed_at_gate,9.454640094190836,3.084844909608364,20.335451863360877,107.57501758894986
opa,unrelated,20,60,1,EXECUTE,opa_allowed_at_gate,9.723233059048653,2.999234013259411,20.335451863360877,107.57501758894986
opa,unrelated,20,61,1,EXECUTE,opa_allowed_at_gate,8.963508065789938,3.1137089245021343,20.335451863360877,107.57501758894986
opa,unrelated,20,62,1,EXECUTE,opa_allowed_at_gate,8.721414022147655,3.0002761632204056,20.335451863360877,107.57501758894986
opa,unrelated,20,63,1,EXECUTE,opa_allowed_at_gate,9.498592000454664,2.897994127124548,20.335451863360877,107.57501758894986
opa,unrelated,20,64,1,EXECUTE,opa_allowed_at_gate,9.915484115481377,2.914033830165863,20.335451863360877,107.57501758894986
opa,unrelated,20,65,1,EXECUTE,opa_allowed_at_gate,9.968402795493603,4.160622134804726,20.335451863360877,107.57501758894986
opa,unrelated,20,66,1,EXECUTE,opa_allowed_at_gate,9.792251978069544,3.6932560615241528,20.335451863360877,107.57501758894986
opa,unrelated,20,67,1,EXECUTE,opa_allowed_at_gate,9.547083172947168,2.95872800052166,20.335451863360877,107.57501758894986
opa,unrelated,20,68,1,EXECUTE,opa_allowed_at_gate,8.590158075094223,2.733626402914524,20.335451863360877,107.57501758894986
opa,unrelated,20,69,1,EXECUTE,opa_allowed_at_gate,9.078844916075468,2.865523099899292,20.335451863360877,107.57501758894986
opa,unrelated,20,70,1,EXECUTE,opa_allowed_at_gate,9.397873189300299,3.169683739542961,20.335451863360877,107.57501758894986
opa,unrelated,20,71,1,EXECUTE,opa_allowed_at_gate,9.641529060900211,3.4208237193524837,20.335451863360877,107.57501758894986
opa,unrelated,20,72,1,EXECUTE,opa_allowed_at_gate,9.666485711932182,2.791023813188076,20.335451863360877,107.57501758894986
opa,unrelated,20,73,1,EXECUTE,opa_allowed_at_gate,8.635402657091618,2.9915492050349712,20.335451863360877,107.57501758894986
opa,unrelated,20,74,1,EXECUTE,opa_allowed_at_gate,8.67388490587473,2.9825526289641857,20.335451863360877,107.57501758894986
opa,unrelated,20,75,1,EXECUTE,opa_allowed_at_gate,8.879571221768856,2.9066107235848904,20.335451863360877,107.57501758894986
opa,unrelated,20,76,1,EXECUTE,opa_allowed_at_gate,9.053215850144625,3.055740147829056,20.335451863360877,107.57501758894986
opa,unrelated,20,77,1,EXECUTE,opa_allowed_at_gate,8.47244681790471,2.827832940965891,20.335451863360877,107.57501758894986
opa,unrelated,20,78,1,EXECUTE,opa_allowed_at_gate,9.297775104641914,2.9046759009361267,20.335451863360877,107.57501758894986
opa,unrelated,20,79,1,EXECUTE,opa_allowed_at_gate,9.3095269985497,3.0720201320946217,20.335451863360877,107.57501758894986
opa,unrelated,20,80,1,EXECUTE,opa_allowed_at_gate,9.153734892606735,2.9648090712726116,20.335451863360877,107.57501758894986
opa,unrelated,20,81,1,EXECUTE,opa_allowed_at_gate,11.300801299512386,2.9985029250383377,20.335451863360877,107.57501758894986
opa,unrelated,20,82,1,EXECUTE,opa_allowed_at_gate,10.001674760133028,3.218935802578926,20.335451863360877,107.57501758894986
opa,unrelated,20,83,1,EXECUTE,opa_allowed_at_gate,8.539033122360706,2.5924108922481537,20.335451863360877,107.57501758894986
opa,unrelated,20,84,1,EXECUTE,opa_allowed_at_gate,9.658261202275753,3.2571679912507534,20.335451863360877,107.57501758894986
opa,unrelated,20,85,1,EXECUTE,opa_allowed_at_gate,9.347448591142893,3.1653661280870438,20.335451863360877,107.57501758894986
opa,unrelated,20,86,1,EXECUTE,opa_allowed_at_gate,9.028030093759298,2.9999851249158382,20.335451863360877,107.57501758894986
opa,unrelated,20,87,1,EXECUTE,opa_allowed_at_gate,9.27995191887021,3.0656992457807064,20.335451863360877,107.57501758894986
opa,unrelated,20,88,1,EXECUTE,opa_allowed_at_gate,9.519100189208984,3.0820993706583977,20.335451863360877,107.57501758894986
opa,unrelated,20,89,1,EXECUTE,opa_allowed_at_gate,9.010626934468746,3.041392657905817,20.335451863360877,107.57501758894986
opa,unrelated,20,90,1,EXECUTE,opa_allowed_at_gate,9.470629971474409,3.4094140864908695,20.335451863360877,107.57501758894986
opa,unrelated,20,91,1,EXECUTE,opa_allowed_at_gate,9.183180052787066,2.8451550751924515,20.335451863360877,107.57501758894986
opa,unrelated,20,92,1,EXECUTE,opa_allowed_at_gate,9.507467970252037,3.0829510651528835,20.335451863360877,107.57501758894986
opa,unrelated,20,93,1,EXECUTE,opa_allowed_at_gate,9.435744024813175,3.1873169355094433,20.335451863360877,107.57501758894986
opa,unrelated,20,94,1,EXECUTE,opa_allowed_at_gate,8.50881589576602,2.7280962094664574,20.335451863360877,107.57501758894986
opa,unrelated,20,95,1,EXECUTE,opa_allowed_at_gate,9.270533919334412,3.336146008223295,20.335451863360877,107.57501758894986
opa,unrelated,20,96,1,EXECUTE,opa_allowed_at_gate,9.184782858937979,2.9111187905073166,20.335451863360877,107.57501758894986
opa,unrelated,20,97,1,EXECUTE,opa_allowed_at_gate,8.97159380838275,2.7741021476686,20.335451863360877,107.57501758894986
opa,unrelated,20,98,1,EXECUTE,opa_allowed_at_gate,8.781517390161753,2.881864085793495,20.335451863360877,107.57501758894986
opa,unrelated,20,99,1,EXECUTE,opa_allowed_at_gate,9.40873334184289,3.2931449823081493,20.335451863360877,107.57501758894986
opa_readset,unrelated,20,0,1,EXECUTE,opa_allowed_at_gate,10.798930190503597,3.4180101938545704,20.440698273392304,108.25750229081802
opa_readset,unrelated,20,1,1,EXECUTE,opa_allowed_at_gate,8.925056084990501,3.1188083812594414,20.440698273392304,108.25750229081802
opa_readset,unrelated,20,2,1,EXECUTE,opa_allowed_at_gate,8.974839001893997,3.025955054908991,20.440698273392304,108.25750229081802
opa_readset,unrelated,20,3,1,EXECUTE,opa_allowed_at_gate,9.037177078425884,3.1095719896256924,20.440698273392304,108.25750229081802
opa_readset,unrelated,20,4,1,EXECUTE,opa_allowed_at_gate,8.696977980434895,2.8419499285519123,20.440698273392304,108.25750229081802
opa_readset,unrelated,20,5,1,EXECUTE,opa_allowed_at_gate,8.926819078624249,3.104040864855051,20.440698273392304,108.25750229081802
opa_readset,unrelated,20,6,1,EXECUTE,opa_allowed_at_gate,9.784206748008728,2.95849796384573,20.440698273392304,108.25750229081802
opa_readset,unrelated,20,7,1,EXECUTE,opa_allowed_at_gate,8.507884107530117,2.9340917244553566,20.440698273392304,108.25750229081802
opa_readset,unrelated,20,8,1,EXECUTE,opa_allowed_at_gate,8.773632813245058,2.9393723234534264,20.440698273392304,108.25750229081802
opa_readset,unrelated,20,9,1,EXECUTE,opa_allowed_at_gate,8.269977755844593,2.500348724424839,20.440698273392304,108.25750229081802
opa_readset,unrelated,20,10,1,EXECUTE,opa_allowed_at_gate,9.09780990332365,3.1078169122338295,20.440698273392304,108.25750229081802
opa_readset,unrelated,20,11,1,EXECUTE,opa_allowed_at_gate,8.943099994212389,3.1347880139946938,20.440698273392304,108.25750229081802
opa_readset,unrelated,20,12,1,EXECUTE,opa_allowed_at_gate,9.996575303375721,3.8173790089786053,20.440698273392304,108.25750229081802
opa_readset,unrelated,20,13,1,EXECUTE,opa_allowed_at_gate,9.071710985153913,3.0378070659935474,20.440698273392304,108.25750229081802
opa_readset,unrelated,20,14,1,EXECUTE,opa_allowed_at_gate,9.220049250870943,2.6629730127751827,20.440698273392304,108.25750229081802
opa_readset,unrelated,20,15,1,EXECUTE,opa_allowed_at_gate,8.605796843767166,3.0111963860690594,20.440698273392304,108.25750229081802
opa_readset,unrelated,20,16,1,EXECUTE,opa_allowed_at_gate,8.91451584175229,2.694601658731699,20.440698273392304,108.25750229081802
opa_readset,unrelated,20,17,1,EXECUTE,opa_allowed_at_gate,8.818856906145811,2.9097669757902622,20.440698273392304,108.25750229081802
opa_readset,unrelated,20,18,1,EXECUTE,opa_allowed_at_gate,8.312317077070475,3.1253001652657986,20.440698273392304,108.25750229081802
opa_readset,unrelated,20,19,1,EXECUTE,opa_allowed_at_gate,8.408988360315561,2.687739674001932,20.440698273392304,108.25750229081802
opa_readset,unrelated,20,20,1,EXECUTE,opa_allowed_at_gate,8.259138092398643,2.732032909989357,20.440698273392304,108.25750229081802
opa_readset,unrelated,20,21,1,EXECUTE,opa_allowed_at_gate,9.100725874304771,3.1051430851221085,20.440698273392304,108.25750229081802
opa_readset,unrelated,20,22,1,EXECUTE,opa_allowed_at_gate,9.074056055396795,3.2807718962430954,20.440698273392304,108.25750229081802
opa_readset,unrelated,20,23,1,EXECUTE,opa_allowed_at_gate,9.183381218463182,2.979828044772148,20.440698273392304,108.25750229081802
opa_readset,unrelated,20,24,1,EXECUTE,opa_allowed_at_gate,8.534213062375784,2.8475685976445675,20.440698273392304,108.25750229081802
opa_readset,unrelated,20,25,1,EXECUTE,opa_allowed_at_gate,9.26411198452115,3.339933231472969,20.440698273392304,108.25750229081802
opa_readset,unrelated,20,26,1,EXECUTE,opa_allowed_at_gate,8.61616712063551,2.732153981924057,20.440698273392304,108.25750229081802
opa_readset,unrelated,20,27,1,EXECUTE,opa_allowed_at_gate,8.929395116865635,3.0643059872090816,20.440698273392304,108.25750229081802
opa_readset,unrelated,20,28,1,EXECUTE,opa_allowed_at_gate,8.894257713109255,3.2294858247041702,20.440698273392304,108.25750229081802
opa_readset,unrelated,20,29,1,EXECUTE,opa_allowed_at_gate,9.515704121440649,3.2224017195403576,20.440698273392304,108.25750229081802
opa_readset,unrelated,20,30,1,EXECUTE,opa_allowed_at_gate,9.130772203207016,2.981371246278286,20.440698273392304,108.25750229081802
opa_readset,unrelated,20,31,1,EXECUTE,opa_allowed_at_gate,9.075078181922436,3.292905166745186,20.440698273392304,108.25750229081802
opa_readset,unrelated,20,32,1,EXECUTE,opa_allowed_at_gate,8.477406110614538,2.804177813231945,20.440698273392304,108.25750229081802
opa_readset,unrelated,20,33,1,EXECUTE,opa_allowed_at_gate,8.791295811533928,2.952605951577425,20.440698273392304,108.25750229081802
opa_readset,unrelated,20,34,1,EXECUTE,opa_allowed_at_gate,8.923123124986887,3.1436351127922535,20.440698273392304,108.25750229081802
opa_readset,unrelated,20,35,1,EXECUTE,opa_allowed_at_gate,9.219728875905275,3.1169746071100235,20.440698273392304,108.25750229081802
opa_readset,unrelated,20,36,1,EXECUTE,opa_allowed_at_gate,9.505894966423512,3.2548941671848297,20.440698273392304,108.25750229081802
opa_readset,unrelated,20,37,1,EXECUTE,opa_allowed_at_gate,8.807484991848469,2.8966222889721394,20.440698273392304,108.25750229081802
opa_readset,unrelated,20,38,1,EXECUTE,opa_allowed_at_gate,8.394250646233559,2.651942428201437,20.440698273392304,108.25750229081802
opa_readset,unrelated,20,39,1,EXECUTE,opa_allowed_at_gate,9.698858018964529,3.314265049993992,20.440698273392304,108.25750229081802
opa_readset,unrelated,20,40,1,EXECUTE,opa_allowed_at_gate,9.423842187970877,3.249022178351879,20.440698273392304,108.25750229081802
opa_readset,unrelated,20,41,1,EXECUTE,opa_allowed_at_gate,8.237006142735481,2.826681360602379,20.440698273392304,108.25750229081802
opa_readset,unrelated,20,42,1,EXECUTE,opa_allowed_at_gate,8.77521513029933,3.0039632692933083,20.440698273392304,108.25750229081802
opa_readset,unrelated,20,43,1,EXECUTE,opa_allowed_at_gate,9.146080818027258,3.0666301026940346,20.440698273392304,108.25750229081802
opa_readset,unrelated,20,44,1,EXECUTE,opa_allowed_at_gate,9.648922830820084,3.705618903040886,20.440698273392304,108.25750229081802
opa_readset,unrelated,20,45,1,EXECUTE,opa_allowed_at_gate,8.951244875788689,2.8262902051210403,20.440698273392304,108.25750229081802
opa_readset,unrelated,20,46,1,EXECUTE,opa_allowed_at_gate,8.507933933287859,2.885791938751936,20.440698273392304,108.25750229081802
opa_readset,unrelated,20,47,1,EXECUTE,opa_allowed_at_gate,9.398133959621191,3.16871190443635,20.440698273392304,108.25750229081802
opa_readset,unrelated,20,48,1,EXECUTE,opa_allowed_at_gate,8.90030013397336,3.0906759202480316,20.440698273392304,108.25750229081802
opa_readset,unrelated,20,49,1,EXECUTE,opa_allowed_at_gate,8.507742546498775,3.0812183395028114,20.440698273392304,108.25750229081802
opa_readset,unrelated,20,50,1,EXECUTE,opa_allowed_at_gate,9.402049705386162,3.277837298810482,20.440698273392304,108.25750229081802
opa_readset,unrelated,20,51,1,EXECUTE,opa_allowed_at_gate,9.28764557465911,2.8358083218336105,20.440698273392304,108.25750229081802
opa_readset,unrelated,20,52,1,EXECUTE,opa_allowed_at_gate,8.403507992625237,3.000786993652582,20.440698273392304,108.25750229081802
opa_readset,unrelated,20,53,1,EXECUTE,opa_allowed_at_gate,8.756650611758232,2.9137739911675453,20.440698273392304,108.25750229081802
opa_readset,unrelated,20,54,1,EXECUTE,opa_allowed_at_gate,8.526418823748827,2.78480164706707,20.440698273392304,108.25750229081802
opa_readset,unrelated,20,55,1,EXECUTE,opa_allowed_at_gate,8.855906780809164,2.774273045361042,20.440698273392304,108.25750229081802
opa_readset,unrelated,20,56,1,EXECUTE,opa_allowed_at_gate,10.469843167811632,4.044183995574713,20.440698273392304,108.25750229081802
opa_readset,unrelated,20,57,1,EXECUTE,opa_allowed_at_gate,10.309070814400911,3.4713703207671642,20.440698273392304,108.25750229081802
opa_readset,unrelated,20,58,1,EXECUTE,opa_allowed_at_gate,8.489138912409544,3.104250878095627,20.440698273392304,108.25750229081802
opa_readset,unrelated,20,59,1,EXECUTE,opa_allowed_at_gate,8.861667942255735,3.145989030599594,20.440698273392304,108.25750229081802
opa_readset,unrelated,20,60,1,EXECUTE,opa_allowed_at_gate,9.513769764453173,3.1165843829512596,20.440698273392304,108.25750229081802
opa_readset,unrelated,20,61,1,EXECUTE,opa_allowed_at_gate,10.204476304352283,4.215444903820753,20.440698273392304,108.25750229081802
opa_readset,unrelated,20,62,1,EXECUTE,opa_allowed_at_gate,8.6895152926445,3.2021943479776382,20.440698273392304,108.25750229081802
opa_readset,unrelated,20,63,1,EXECUTE,opa_allowed_at_gate,8.802566211670637,2.727605402469635,20.440698273392304,108.25750229081802
opa_readset,unrelated,20,64,1,EXECUTE,opa_allowed_at_gate,9.397522080689669,3.165766131132841,20.440698273392304,108.25750229081802
opa_readset,unrelated,20,65,1,EXECUTE,opa_allowed_at_gate,8.560231886804104,3.0546379275619984,20.440698273392304,108.25750229081802
opa_readset,unrelated,20,66,1,EXECUTE,opa_allowed_at_gate,9.907918982207775,3.328090999275446,20.440698273392304,108.25750229081802
opa_readset,unrelated,20,67,1,EXECUTE,opa_allowed_at_gate,10.030168574303389,3.225608728826046,20.440698273392304,108.25750229081802
opa_readset,unrelated,20,68,1,EXECUTE,opa_allowed_at_gate,8.989396970719099,3.033568151295185,20.440698273392304,108.25750229081802
opa_readset,unrelated,20,69,1,EXECUTE,opa_allowed_at_gate,8.870984893292189,2.827682066708803,20.440698273392304,108.25750229081802
opa_readset,unrelated,20,70,1,EXECUTE,opa_allowed_at_gate,9.014624170958996,2.818766050040722,20.440698273392304,108.25750229081802
opa_readset,unrelated,20,71,1,EXECUTE,opa_allowed_at_gate,9.243101812899113,3.1813662499189377,20.440698273392304,108.25750229081802
opa_readset,unrelated,20,72,1,EXECUTE,opa_allowed_at_gate,9.729395154863596,3.3708312548696995,20.440698273392304,108.25750229081802
opa_readset,unrelated,20,73,1,EXECUTE,opa_allowed_at_gate,12.413948774337769,6.315513048321009,20.440698273392304,108.25750229081802
opa_readset,unrelated,20,74,1,EXECUTE,opa_allowed_at_gate,9.554174728691578,3.343380056321621,20.440698273392304,108.25750229081802
opa_readset,unrelated,20,75,1,EXECUTE,opa_allowed_at_gate,9.107307996600866,3.169693984091282,20.440698273392304,108.25750229081802
opa_readset,unrelated,20,76,1,EXECUTE,opa_allowed_at_gate,9.223525878041983,3.075658343732357,20.440698273392304,108.25750229081802
opa_readset,unrelated,20,77,1,EXECUTE,opa_allowed_at_gate,8.86083533987403,3.356453962624073,20.440698273392304,108.25750229081802
opa_readset,unrelated,20,78,1,EXECUTE,opa_allowed_at_gate,8.917642291635275,2.8954087756574154,20.440698273392304,108.25750229081802
opa_readset,unrelated,20,79,1,EXECUTE,opa_allowed_at_gate,8.572706021368504,2.870582975447178,20.440698273392304,108.25750229081802
opa_readset,unrelated,20,80,1,EXECUTE,opa_allowed_at_gate,8.340369910001755,2.6472238823771477,20.440698273392304,108.25750229081802
opa_readset,unrelated,20,81,1,EXECUTE,opa_allowed_at_gate,8.720872923731804,2.9801176860928535,20.440698273392304,108.25750229081802
opa_readset,unrelated,20,82,1,EXECUTE,opa_allowed_at_gate,10.533593129366636,3.221430815756321,20.440698273392304,108.25750229081802
opa_readset,unrelated,20,83,1,EXECUTE,opa_allowed_at_gate,10.852971114218235,4.142058081924915,20.440698273392304,108.25750229081802
opa_readset,unrelated,20,84,1,EXECUTE,opa_allowed_at_gate,9.569114074110985,3.029561135917902,20.440698273392304,108.25750229081802
opa_readset,unrelated,20,85,1,EXECUTE,opa_allowed_at_gate,8.916079066693783,2.8481706976890564,20.440698273392304,108.25750229081802
opa_readset,unrelated,20,86,1,EXECUTE,opa_allowed_at_gate,8.764915633946657,2.925165928900242,20.440698273392304,108.25750229081802
opa_readset,unrelated,20,87,1,EXECUTE,opa_allowed_at_gate,9.161970112472773,3.0447999015450478,20.440698273392304,108.25750229081802
opa_readset,unrelated,20,88,1,EXECUTE,opa_allowed_at_gate,9.944058023393154,3.1307912431657314,20.440698273392304,108.25750229081802
opa_readset,unrelated,20,89,1,EXECUTE,opa_allowed_at_gate,8.44195019453764,2.744046039879322,20.440698273392304,108.25750229081802
opa_readset,unrelated,20,90,1,EXECUTE,opa_allowed_at_gate,9.05833626165986,2.7951919473707676,20.440698273392304,108.25750229081802
opa_readset,unrelated,20,91,1,EXECUTE,opa_allowed_at_gate,9.264282882213593,3.074193838983774,20.440698273392304,108.25750229081802
opa_readset,unrelated,20,92,1,EXECUTE,opa_allowed_at_gate,9.332781191915274,3.2740989699959755,20.440698273392304,108.25750229081802
opa_readset,unrelated,20,93,1,EXECUTE,opa_allowed_at_gate,9.173332247883081,3.3919913694262505,20.440698273392304,108.25750229081802
opa_readset,unrelated,20,94,1,EXECUTE,opa_allowed_at_gate,9.462463669478893,3.222803119570017,20.440698273392304,108.25750229081802
opa_readset,unrelated,20,95,1,EXECUTE,opa_allowed_at_gate,9.573131799697876,3.332108724862337,20.440698273392304,108.25750229081802
opa_readset,unrelated,20,96,1,EXECUTE,opa_allowed_at_gate,10.521851014345884,3.455400001257658,20.440698273392304,108.25750229081802
opa_readset,unrelated,20,97,1,EXECUTE,opa_allowed_at_gate,12.670249678194523,3.322980832308531,20.440698273392304,108.25750229081802
opa_readset,unrelated,20,98,1,EXECUTE,opa_allowed_at_gate,9.693958330899477,3.7043471820652485,20.440698273392304,108.25750229081802
opa_readset,unrelated,20,99,1,EXECUTE,opa_allowed_at_gate,9.006608743220568,2.864581998437643,20.440698273392304,108.25750229081802
global,related_same,20,0,1,EXECUTE,published_after_gate_recheck,17.8333199582994,4.004338756203651,20.24109946189367,53.246143012587076
global,related_same,20,1,1,EXECUTE,published_after_gate_recheck,14.852582011371851,4.359986167401075,20.24109946189367,53.246143012587076
global,related_same,20,2,1,EXECUTE,published_after_gate_recheck,14.6071407943964,4.260588902980089,20.24109946189367,53.246143012587076
global,related_same,20,3,0,REVOKE,context_version_changed_at_publish,16.6729548946023,6.186391226947308,20.24109946189367,53.246143012587076
global,related_same,20,4,1,EXECUTE,published_after_gate_recheck,15.061063226312399,3.990753088146448,20.24109946189367,53.246143012587076
global,related_same,20,5,1,EXECUTE,published_after_gate_recheck,14.664228074252605,4.596169106662273,20.24109946189367,53.246143012587076
global,related_same,20,6,0,REVOKE,context_version_changed_at_publish,19.072895403951406,7.753279060125351,20.24109946189367,53.246143012587076
global,related_same,20,7,1,EXECUTE,published_after_gate_recheck,15.458086971193552,4.541185684502125,20.24109946189367,53.246143012587076
global,related_same,20,8,1,EXECUTE,published_after_gate_recheck,15.39544016122818,4.6507311053574085,20.24109946189367,53.246143012587076
global,related_same,20,9,0,REVOKE,context_version_changed_at_publish,19.636821933090687,8.458541240543127,20.24109946189367,53.246143012587076
global,related_same,20,10,1,EXECUTE,published_after_gate_recheck,16.47704793140292,4.536566790193319,20.24109946189367,53.246143012587076
global,related_same,20,11,1,EXECUTE,published_after_gate_recheck,15.306232031434774,4.591941367834806,20.24109946189367,53.246143012587076
global,related_same,20,12,0,REVOKE,context_version_changed_at_publish,16.67126128450036,6.715232040733099,20.24109946189367,53.246143012587076
global,related_same,20,13,1,EXECUTE,published_after_gate_recheck,15.006138943135738,4.467968828976154,20.24109946189367,53.246143012587076
global,related_same,20,14,1,EXECUTE,published_after_gate_recheck,15.21051162853837,4.643437918275595,20.24109946189367,53.246143012587076
global,related_same,20,15,1,EXECUTE,published_after_gate_recheck,15.841405838727951,4.758173134177923,20.24109946189367,53.246143012587076
global,related_same,20,16,1,EXECUTE,published_after_gate_recheck,14.781027100980282,4.431018605828285,20.24109946189367,53.246143012587076
global,related_same,20,17,1,EXECUTE,published_after_gate_recheck,14.8269128985703,4.251191392540932,20.24109946189367,53.246143012587076
global,related_same,20,18,1,EXECUTE,published_after_gate_recheck,15.639225952327251,4.219532012939453,20.24109946189367,53.246143012587076
global,related_same,20,19,1,EXECUTE,published_after_gate_recheck,15.480247791856527,4.713047761470079,20.24109946189367,53.246143012587076
global,related_same,20,20,1,EXECUTE,published_after_gate_recheck,15.537005383521318,4.603843204677105,20.24109946189367,53.246143012587076
global,related_same,20,21,1,EXECUTE,published_after_gate_recheck,16.471977811306715,5.530361086130142,20.24109946189367,53.246143012587076
global,related_same,20,22,1,EXECUTE,published_after_gate_recheck,21.352299954742193,7.63318408280611,20.24109946189367,53.246143012587076
global,related_same,20,23,1,EXECUTE,published_after_gate_recheck,15.60946088284254,4.248125944286585,20.24109946189367,53.246143012587076
global,related_same,20,24,1,EXECUTE,published_after_gate_recheck,19.023502711206675,4.770645871758461,20.24109946189367,53.246143012587076
global,related_same,20,25,1,EXECUTE,published_after_gate_recheck,17.156921792775393,4.977222997695208,20.24109946189367,53.246143012587076
global,related_same,20,26,1,EXECUTE,published_after_gate_recheck,15.776444226503372,4.2762793600559235,20.24109946189367,53.246143012587076
global,related_same,20,27,0,REVOKE,context_version_changed_at_publish,21.06196479871869,7.450160104781389,20.24109946189367,53.246143012587076
global,related_same,20,28,1,EXECUTE,published_after_gate_recheck,15.87089104577899,4.708279389888048,20.24109946189367,53.246143012587076
global,related_same,20,29,1,EXECUTE,published_after_gate_recheck,15.23458817973733,4.216976929455996,20.24109946189367,53.246143012587076
global,related_same,20,30,0,REVOKE,context_version_changed_at_publish,20.325193647295237,9.747748728841543,20.24109946189367,53.246143012587076
global,related_same,20,31,1,EXECUTE,published_after_gate_recheck,14.859464019536972,3.8671321235597134,20.24109946189367,53.246143012587076
global,related_same,20,32,1,EXECUTE,published_after_gate_recheck,14.902274124324322,4.313508048653603,20.24109946189367,53.246143012587076
global,related_same,20,33,0,REVOKE,context_version_changed_at_publish,19.05284821987152,7.99510208889842,20.24109946189367,53.246143012587076
global,related_same,20,34,1,EXECUTE,published_after_gate_recheck,15.46763489022851,4.628429189324379,20.24109946189367,53.246143012587076
global,related_same,20,35,1,EXECUTE,published_after_gate_recheck,13.662518933415413,3.7852786481380463,20.24109946189367,53.246143012587076
global,related_same,20,36,1,EXECUTE,published_after_gate_recheck,14.502634759992361,4.4029769487679005,20.24109946189367,53.246143012587076
global,related_same,20,37,1,EXECUTE,published_after_gate_recheck,14.793780632317066,4.211487248539925,20.24109946189367,53.246143012587076
global,related_same,20,38,1,EXECUTE,published_after_gate_recheck,14.851229265332222,4.202931188046932,20.24109946189367,53.246143012587076
global,related_same,20,39,1,EXECUTE,published_after_gate_recheck,14.250111766159534,4.3097021989524364,20.24109946189367,53.246143012587076
global,related_same,20,40,1,EXECUTE,published_after_gate_recheck,16.668615862727165,4.260828718543053,20.24109946189367,53.246143012587076
global,related_same,20,41,1,EXECUTE,published_after_gate_recheck,14.491403941065073,4.2052846401929855,20.24109946189367,53.246143012587076
global,related_same,20,42,1,EXECUTE,published_after_gate_recheck,14.36209212988615,4.39867889508605,20.24109946189367,53.246143012587076
global,related_same,20,43,0,REVOKE,context_version_changed_at_publish,16.39224821701646,5.948685109615326,20.24109946189367,53.246143012587076
global,related_same,20,44,1,EXECUTE,published_after_gate_recheck,15.250738710165024,4.630913957953453,20.24109946189367,53.246143012587076
global,related_same,20,45,1,EXECUTE,published_after_gate_recheck,15.253752935677767,4.2346809059381485,20.24109946189367,53.246143012587076
global,related_same,20,46,0,REVOKE,context_version_changed_at_publish,20.115049090236425,9.439700748771429,20.24109946189367,53.246143012587076
global,related_same,20,47,1,EXECUTE,published_after_gate_recheck,15.048068016767502,4.216556902974844,20.24109946189367,53.246143012587076
global,related_same,20,48,1,EXECUTE,published_after_gate_recheck,15.033119823783636,4.059722647070885,20.24109946189367,53.246143012587076
global,related_same,20,49,0,REVOKE,context_version_changed_at_publish,17.865471076220274,7.873693946748972,20.24109946189367,53.246143012587076
global,related_same,20,50,1,EXECUTE,published_after_gate_recheck,14.995669946074486,4.445706028491259,20.24109946189367,53.246143012587076
global,related_same,20,51,1,EXECUTE,published_after_gate_recheck,15.48442617058754,4.3310909532010555,20.24109946189367,53.246143012587076
global,related_same,20,52,1,EXECUTE,published_after_gate_recheck,15.940822195261717,4.3143900111317635,20.24109946189367,53.246143012587076
global,related_same,20,53,1,EXECUTE,published_after_gate_recheck,16.281310934573412,4.743615165352821,20.24109946189367,53.246143012587076
global,related_same,20,54,1,EXECUTE,published_after_gate_recheck,15.478193759918213,4.379472229629755,20.24109946189367,53.246143012587076
global,related_same,20,55,1,EXECUTE,published_after_gate_recheck,14.68517817556858,4.519654903560877,20.24109946189367,53.246143012587076
global,related_same,20,56,1,EXECUTE,published_after_gate_recheck,15.434111934155226,4.273684229701757,20.24109946189367,53.246143012587076
global,related_same,20,57,1,EXECUTE,published_after_gate_recheck,14.486274216324091,4.078357946127653,20.24109946189367,53.246143012587076
global,related_same,20,58,1,EXECUTE,published_after_gate_recheck,14.447902794927359,3.8718702271580696,20.24109946189367,53.246143012587076
global,related_same,20,59,1,EXECUTE,published_after_gate_recheck,17.57576782256365,4.136546049267054,20.24109946189367,53.246143012587076
global,related_same,20,60,1,EXECUTE,published_after_gate_recheck,14.540717005729675,4.47168480604887,20.24109946189367,53.246143012587076
global,related_same,20,61,1,EXECUTE,published_after_gate_recheck,14.497535768896341,4.09065093845129,20.24109946189367,53.246143012587076
global,related_same,20,62,0,REVOKE,context_version_changed_at_publish,17.27949269115925,6.5616038627922535,20.24109946189367,53.246143012587076
global,related_same,20,63,1,EXECUTE,published_after_gate_recheck,16.161025036126375,4.7567300498485565,20.24109946189367,53.246143012587076
global,related_same,20,64,1,EXECUTE,published_after_gate_recheck,14.465003740042448,4.067507106810808,20.24109946189367,53.246143012587076
global,related_same,20,65,0,REVOKE,context_version_changed_at_publish,16.466087196022272,6.705244071781635,20.24109946189367,53.246143012587076
global,related_same,20,66,1,EXECUTE,published_after_gate_recheck,15.5572728253901,4.512921907007694,20.24109946189367,53.246143012587076
global,related_same,20,67,1,EXECUTE,published_after_gate_recheck,14.32528207078576,4.371447023004293,20.24109946189367,53.246143012587076
global,related_same,20,68,1,EXECUTE,published_after_gate_recheck,14.236837159842253,4.001463297754526,20.24109946189367,53.246143012587076
global,related_same,20,69,1,EXECUTE,published_after_gate_recheck,14.561957214027643,4.163546953350306,20.24109946189367,53.246143012587076
global,related_same,20,70,1,EXECUTE,published_after_gate_recheck,14.64688591659069,4.332884680479765,20.24109946189367,53.246143012587076
global,related_same,20,71,1,EXECUTE,published_after_gate_recheck,14.517422765493393,4.427243024110794,20.24109946189367,53.246143012587076
global,related_same,20,72,1,EXECUTE,published_after_gate_recheck,18.281140830367804,4.140353761613369,20.24109946189367,53.246143012587076
global,related_same,20,73,1,EXECUTE,published_after_gate_recheck,14.671891927719116,4.471234045922756,20.24109946189367,53.246143012587076
global,related_same,20,74,1,EXECUTE,published_after_gate_recheck,14.715143013745546,4.005230031907558,20.24109946189367,53.246143012587076
global,related_same,20,75,0,REVOKE,context_version_changed_at_publish,17.679872922599316,6.912582088261843,20.24109946189367,53.246143012587076
global,related_same,20,76,1,EXECUTE,published_after_gate_recheck,14.88150516524911,4.3713669292628765,20.24109946189367,53.246143012587076
global,related_same,20,77,1,EXECUTE,published_after_gate_recheck,13.986167032271624,4.145574290305376,20.24109946189367,53.246143012587076
global,related_same,20,78,0,REVOKE,context_version_changed_at_publish,19.107338972389698,7.831465918570757,20.24109946189367,53.246143012587076
global,related_same,20,79,1,EXECUTE,published_after_gate_recheck,13.928739354014397,3.7342431023716927,20.24109946189367,53.246143012587076
global,related_same,20,80,1,EXECUTE,published_after_gate_recheck,14.102956280112267,4.0396046824753284,20.24109946189367,53.246143012587076
global,related_same,20,81,1,EXECUTE,published_after_gate_recheck,14.857671223580837,4.335759673267603,20.24109946189367,53.246143012587076
global,related_same,20,82,1,EXECUTE,published_after_gate_recheck,15.16142999753356,4.786024335771799,20.24109946189367,53.246143012587076
global,related_same,20,83,1,EXECUTE,published_after_gate_recheck,15.339645091444254,4.674685653299093,20.24109946189367,53.246143012587076
global,related_same,20,84,1,EXECUTE,published_after_gate_recheck,14.263846911489964,3.733881749212742,20.24109946189367,53.246143012587076
global,related_same,20,85,1,EXECUTE,published_after_gate_recheck,17.181709874421358,4.252333659678698,20.24109946189367,53.246143012587076
global,related_same,20,86,1,EXECUTE,published_after_gate_recheck,14.216368086636066,4.2830221354961395,20.24109946189367,53.246143012587076
global,related_same,20,87,1,EXECUTE,published_after_gate_recheck,14.21623770147562,4.298650659620762,20.24109946189367,53.246143012587076
global,related_same,20,88,0,REVOKE,context_version_changed_at_publish,16.409972216933966,6.421401631087065,20.24109946189367,53.246143012587076
global,related_same,20,89,1,EXECUTE,published_after_gate_recheck,13.866983354091644,3.838046919554472,20.24109946189367,53.246143012587076
global,related_same,20,90,1,EXECUTE,published_after_gate_recheck,15.808604191988707,4.7950707376003265,20.24109946189367,53.246143012587076
global,related_same,20,91,1,EXECUTE,published_after_gate_recheck,14.662133995443583,4.33312589302659,20.24109946189367,53.246143012587076
global,related_same,20,92,1,EXECUTE,published_after_gate_recheck,13.61054228618741,3.9746128022670746,20.24109946189367,53.246143012587076
global,related_same,20,93,1,EXECUTE,published_after_gate_recheck,13.32684000954032,4.0882970206439495,20.24109946189367,53.246143012587076
global,related_same,20,94,1,EXECUTE,published_after_gate_recheck,14.294465072453022,4.1020819917321205,20.24109946189367,53.246143012587076
global,related_same,20,95,1,EXECUTE,published_after_gate_recheck,17.70804589614272,4.280326887965202,20.24109946189367,53.246143012587076
global,related_same,20,96,1,EXECUTE,published_after_gate_recheck,14.608002733439207,4.335479810833931,20.24109946189367,53.246143012587076
global,related_same,20,97,1,EXECUTE,published_after_gate_recheck,14.799581840634346,3.872813191264868,20.24109946189367,53.246143012587076
global,related_same,20,98,0,REVOKE,context_version_changed_at_publish,17.281665932387114,7.014813832938671,20.24109946189367,53.246143012587076
global,related_same,20,99,1,EXECUTE,published_after_gate_recheck,14.140465762466192,4.216417204588652,20.24109946189367,53.246143012587076
readset,related_same,20,0,1,EXECUTE,published_after_gate_recheck,18.067108932882547,4.924985114485025,20.393921038191532,63.94601843208125
readset,related_same,20,1,1,EXECUTE,published_after_gate_recheck,15.31935716047883,3.859356977045536,20.393921038191532,63.94601843208125
readset,related_same,20,2,1,EXECUTE,published_after_gate_recheck,15.601556282490492,4.468790255486965,20.393921038191532,63.94601843208125
readset,related_same,20,3,1,EXECUTE,published_after_gate_recheck,17.58384332060814,4.3137092143297195,20.393921038191532,63.94601843208125
readset,related_same,20,4,1,EXECUTE,published_after_gate_recheck,14.517773874104023,3.717430867254734,20.393921038191532,63.94601843208125
readset,related_same,20,5,1,EXECUTE,published_after_gate_recheck,14.08317917957902,4.2801955714821815,20.393921038191532,63.94601843208125
readset,related_same,20,6,1,EXECUTE,published_after_gate_recheck,17.38757500424981,6.684124004095793,20.393921038191532,63.94601843208125
readset,related_same,20,7,1,EXECUTE,published_after_gate_recheck,14.504387974739075,3.710959106683731,20.393921038191532,63.94601843208125
readset,related_same,20,8,1,EXECUTE,published_after_gate_recheck,14.700115658342838,4.2680129408836365,20.393921038191532,63.94601843208125
readset,related_same,20,9,1,EXECUTE,published_after_gate_recheck,14.774324838072062,4.052107688039541,20.393921038191532,63.94601843208125
readset,related_same,20,10,1,EXECUTE,published_after_gate_recheck,14.272734057158232,3.969093319028616,20.393921038191532,63.94601843208125
readset,related_same,20,11,1,EXECUTE,published_after_gate_recheck,14.17245576158166,4.335510078817606,20.393921038191532,63.94601843208125
readset,related_same,20,12,1,EXECUTE,published_after_gate_recheck,15.267368871718645,4.175140056759119,20.393921038191532,63.94601843208125
readset,related_same,20,13,1,EXECUTE,published_after_gate_recheck,14.959312044084072,3.606041893362999,20.393921038191532,63.94601843208125
readset,related_same,20,14,1,EXECUTE,published_after_gate_recheck,15.20002307370305,3.966808784753084,20.393921038191532,63.94601843208125
readset,related_same,20,15,1,EXECUTE,published_after_gate_recheck,14.438956044614315,4.159209318459034,20.393921038191532,63.94601843208125
readset,related_same,20,16,1,EXECUTE,published_after_gate_recheck,16.86496427282691,5.971427075564861,20.393921038191532,63.94601843208125
readset,related_same,20,17,1,EXECUTE,published_after_gate_recheck,14.638741035014391,4.423404112458229,20.393921038191532,63.94601843208125
readset,related_same,20,18,1,EXECUTE,published_after_gate_recheck,13.55072995647788,4.158488009124994,20.393921038191532,63.94601843208125
readset,related_same,20,19,1,EXECUTE,published_after_gate_recheck,14.200358185917139,3.9117257110774517,20.393921038191532,63.94601843208125
readset,related_same,20,20,1,EXECUTE,published_after_gate_recheck,14.32734727859497,4.24554105848074,20.393921038191532,63.94601843208125
readset,related_same,20,21,1,EXECUTE,published_after_gate_recheck,16.744608990848064,4.701436031609774,20.393921038191532,63.94601843208125
readset,related_same,20,22,1,EXECUTE,published_after_gate_recheck,14.252055902034044,3.943465184420347,20.393921038191532,63.94601843208125
readset,related_same,20,23,1,EXECUTE,published_after_gate_recheck,16.381958965212107,4.288360942155123,20.393921038191532,63.94601843208125
readset,related_same,20,24,1,EXECUTE,published_after_gate_recheck,14.646163675934076,4.297939594835043,20.393921038191532,63.94601843208125
readset,related_same,20,25,1,EXECUTE,published_after_gate_recheck,14.826411847025156,4.2637549340724945,20.393921038191532,63.94601843208125
readset,related_same,20,26,1,EXECUTE,published_after_gate_recheck,16.52313396334648,6.231826264411211,20.393921038191532,63.94601843208125
readset,related_same,20,27,1,EXECUTE,published_after_gate_recheck,15.102600678801537,4.19039698317647,20.393921038191532,63.94601843208125
readset,related_same,20,28,1,EXECUTE,published_after_gate_recheck,13.90135707333684,3.810935653746128,20.393921038191532,63.94601843208125
readset,related_same,20,29,1,EXECUTE,published_after_gate_recheck,15.41181979700923,4.756981041282415,20.393921038191532,63.94601843208125
readset,related_same,20,30,1,EXECUTE,published_after_gate_recheck,14.350108802318573,4.150472581386566,20.393921038191532,63.94601843208125
readset,related_same,20,31,1,EXECUTE,published_after_gate_recheck,14.991802163422108,4.325271118432283,20.393921038191532,63.94601843208125
readset,related_same,20,32,1,EXECUTE,published_after_gate_recheck,14.41813725978136,3.8319560699164867,20.393921038191532,63.94601843208125
readset,related_same,20,33,1,EXECUTE,published_after_gate_recheck,15.13857813552022,4.312356933951378,20.393921038191532,63.94601843208125
readset,related_same,20,34,1,EXECUTE,published_after_gate_recheck,14.156305696815252,3.653130028396845,20.393921038191532,63.94601843208125
readset,related_same,20,35,1,EXECUTE,published_after_gate_recheck,14.643960166722536,3.929157741367817,20.393921038191532,63.94601843208125
readset,related_same,20,36,1,EXECUTE,published_after_gate_recheck,16.024508979171515,5.1017869263887405,20.393921038191532,63.94601843208125
readset,related_same,20,37,1,EXECUTE,published_after_gate_recheck,14.714883174747229,3.8468637503683567,20.393921038191532,63.94601843208125
readset,related_same,20,38,1,EXECUTE,published_after_gate_recheck,14.823166187852621,4.333265125751495,20.393921038191532,63.94601843208125
readset,related_same,20,39,1,EXECUTE,published_after_gate_recheck,14.83098091557622,4.371206741780043,20.393921038191532,63.94601843208125
readset,related_same,20,40,1,EXECUTE,published_after_gate_recheck,15.057645738124847,4.42800298333168,20.393921038191532,63.94601843208125
readset,related_same,20,41,1,EXECUTE,published_after_gate_recheck,14.49001207947731,4.154390189796686,20.393921038191532,63.94601843208125
readset,related_same,20,42,1,EXECUTE,published_after_gate_recheck,14.023235999047756,4.005200695246458,20.393921038191532,63.94601843208125
readset,related_same,20,43,1,EXECUTE,published_after_gate_recheck,17.04277889803052,4.626234993338585,20.393921038191532,63.94601843208125
readset,related_same,20,44,1,EXECUTE,published_after_gate_recheck,14.922913163900375,3.9302599616348743,20.393921038191532,63.94601843208125
readset,related_same,20,45,1,EXECUTE,published_after_gate_recheck,14.677553437650204,4.40943893045187,20.393921038191532,63.94601843208125
readset,related_same,20,46,1,EXECUTE,published_after_gate_recheck,16.60267310217023,4.674043972045183,20.393921038191532,63.94601843208125
readset,related_same,20,47,1,EXECUTE,published_after_gate_recheck,17.158384900540113,5.036403890699148,20.393921038191532,63.94601843208125
readset,related_same,20,48,1,EXECUTE,published_after_gate_recheck,17.504163086414337,4.175550304353237,20.393921038191532,63.94601843208125
readset,related_same,20,49,1,EXECUTE,published_after_gate_recheck,20.03467781469226,5.631390027701855,20.393921038191532,63.94601843208125
readset,related_same,20,50,1,EXECUTE,published_after_gate_recheck,14.453372918069363,3.7958179600536823,20.393921038191532,63.94601843208125
readset,related_same,20,51,1,EXECUTE,published_after_gate_recheck,24.602544028311968,7.623405195772648,20.393921038191532,63.94601843208125
readset,related_same,20,52,1,EXECUTE,published_after_gate_recheck,15.372096095234156,4.347122274339199,20.393921038191532,63.94601843208125
readset,related_same,20,53,1,EXECUTE,published_after_gate_recheck,14.79203812777996,4.528471268713474,20.393921038191532,63.94601843208125
readset,related_same,20,54,1,EXECUTE,published_after_gate_recheck,15.18279081210494,4.09583980217576,20.393921038191532,63.94601843208125
readset,related_same,20,55,1,EXECUTE,published_after_gate_recheck,19.952825736254454,6.889629177749157,20.393921038191532,63.94601843208125
readset,related_same,20,56,1,EXECUTE,published_after_gate_recheck,15.911155845969915,4.465383943170309,20.393921038191532,63.94601843208125
readset,related_same,20,57,1,EXECUTE,published_after_gate_recheck,16.038835048675537,4.374893847852945,20.393921038191532,63.94601843208125
readset,related_same,20,58,1,EXECUTE,published_after_gate_recheck,15.27793938294053,4.654038231819868,20.393921038191532,63.94601843208125
readset,related_same,20,59,1,EXECUTE,published_after_gate_recheck,15.62804589048028,4.3931081891059875,20.393921038191532,63.94601843208125
readset,related_same,20,60,1,EXECUTE,published_after_gate_recheck,15.158495400100946,4.8051499761641026,20.393921038191532,63.94601843208125
readset,related_same,20,61,1,EXECUTE,published_after_gate_recheck,16.03715308010578,4.716123919934034,20.393921038191532,63.94601843208125
readset,related_same,20,62,1,EXECUTE,published_after_gate_recheck,13.967362232506275,4.183335229754448,20.393921038191532,63.94601843208125
readset,related_same,20,63,1,EXECUTE,published_after_gate_recheck,15.383417252451181,4.331041127443314,20.393921038191532,63.94601843208125
readset,related_same,20,64,1,EXECUTE,published_after_gate_recheck,20.154042635113,4.466786980628967,20.393921038191532,63.94601843208125
readset,related_same,20,65,1,EXECUTE,published_after_gate_recheck,14.293622691184282,4.358342848718166,20.393921038191532,63.94601843208125
readset,related_same,20,66,1,EXECUTE,published_after_gate_recheck,13.885007239878178,3.91440000385046,20.393921038191532,63.94601843208125
readset,related_same,20,67,1,EXECUTE,published_after_gate_recheck,17.268511932343245,6.69876066967845,20.393921038191532,63.94601843208125
readset,related_same,20,68,1,EXECUTE,published_after_gate_recheck,15.263812616467476,4.186901263892651,20.393921038191532,63.94601843208125
readset,related_same,20,69,1,EXECUTE,published_after_gate_recheck,14.449756126850843,3.7562637589871883,20.393921038191532,63.94601843208125
readset,related_same,20,70,1,EXECUTE,published_after_gate_recheck,19.246480893343687,9.295942261815071,20.393921038191532,63.94601843208125
readset,related_same,20,71,1,EXECUTE,published_after_gate_recheck,15.345846302807331,4.365746863186359,20.393921038191532,63.94601843208125
readset,related_same,20,72,1,EXECUTE,published_after_gate_recheck,13.7523477897048,4.035446792840958,20.393921038191532,63.94601843208125
readset,related_same,20,73,1,EXECUTE,published_after_gate_recheck,14.918454922735691,4.508014302700758,20.393921038191532,63.94601843208125
readset,related_same,20,74,1,EXECUTE,published_after_gate_recheck,14.666121453046799,4.186300095170736,20.393921038191532,63.94601843208125
readset,related_same,20,75,1,EXECUTE,published_after_gate_recheck,15.3604238294065,4.6745361760258675,20.393921038191532,63.94601843208125
readset,related_same,20,76,1,EXECUTE,published_after_gate_recheck,14.424909837543964,4.131506662815809,20.393921038191532,63.94601843208125
readset,related_same,20,77,1,EXECUTE,published_after_gate_recheck,14.810703229159117,4.071575123816729,20.393921038191532,63.94601843208125
readset,related_same,20,78,1,EXECUTE,published_after_gate_recheck,13.767136260867119,4.2121377773582935,20.393921038191532,63.94601843208125
readset,related_same,20,79,1,EXECUTE,published_after_gate_recheck,14.824658632278442,4.057178273797035,20.393921038191532,63.94601843208125
readset,related_same,20,80,1,EXECUTE,published_after_gate_recheck,18.11659289523959,8.042921777814627,20.393921038191532,63.94601843208125
readset,related_same,20,81,1,EXECUTE,published_after_gate_recheck,14.31069616228342,4.188353661447763,20.393921038191532,63.94601843208125
readset,related_same,20,82,1,EXECUTE,published_after_gate_recheck,15.284311026334763,4.4272420927882195,20.393921038191532,63.94601843208125
readset,related_same,20,83,1,EXECUTE,published_after_gate_recheck,15.009135007858276,4.387358203530312,20.393921038191532,63.94601843208125
readset,related_same,20,84,1,EXECUTE,published_after_gate_recheck,14.500952325761318,4.0538012981414795,20.393921038191532,63.94601843208125
readset,related_same,20,85,1,EXECUTE,published_after_gate_recheck,15.604320913553238,4.3587032705545425,20.393921038191532,63.94601843208125
readset,related_same,20,86,1,EXECUTE,published_after_gate_recheck,15.4494009912014,4.76918276399374,20.393921038191532,63.94601843208125
readset,related_same,20,87,1,EXECUTE,published_after_gate_recheck,15.516605693846941,4.597431048750877,20.393921038191532,63.94601843208125
readset,related_same,20,88,1,EXECUTE,published_after_gate_recheck,14.955283608287573,4.537798929959536,20.393921038191532,63.94601843208125
readset,related_same,20,89,1,EXECUTE,published_after_gate_recheck,15.345074702054262,4.675175994634628,20.393921038191532,63.94601843208125
readset,related_same,20,90,1,EXECUTE,published_after_gate_recheck,17.923248931765556,4.477547015994787,20.393921038191532,63.94601843208125
readset,related_same,20,91,1,EXECUTE,published_after_gate_recheck,16.5020739659667,4.620654042810202,20.393921038191532,63.94601843208125
readset,related_same,20,92,1,EXECUTE,published_after_gate_recheck,15.093333087861538,4.422131925821304,20.393921038191532,63.94601843208125
readset,related_same,20,93,1,EXECUTE,published_after_gate_recheck,18.37625913321972,4.264497198164463,20.393921038191532,63.94601843208125
readset,related_same,20,94,1,EXECUTE,published_after_gate_recheck,14.229162130504847,4.260438960045576,20.393921038191532,63.94601843208125
readset,related_same,20,95,1,EXECUTE,published_after_gate_recheck,14.874802902340889,4.418584983795881,20.393921038191532,63.94601843208125
readset,related_same,20,96,1,EXECUTE,published_after_gate_recheck,17.310420982539654,6.688861642032862,20.393921038191532,63.94601843208125
readset,related_same,20,97,1,EXECUTE,published_after_gate_recheck,15.388246160000563,4.562715999782085,20.393921038191532,63.94601843208125
readset,related_same,20,98,1,EXECUTE,published_after_gate_recheck,15.802261885255575,4.518112167716026,20.393921038191532,63.94601843208125
readset,related_same,20,99,1,EXECUTE,published_after_gate_recheck,18.270079977810383,7.365361787378788,20.393921038191532,63.94601843208125
truth,related_same,20,0,1,EXECUTE,published_after_gate_recheck,20.142660941928625,5.076949950307608,20.026645710185687,62.641818890839076
truth,related_same,20,1,1,EXECUTE,published_after_gate_recheck,15.648513566702604,4.579105880111456,20.026645710185687,62.641818890839076
truth,related_same,20,2,1,EXECUTE,published_after_gate_recheck,17.580376006662846,5.219386890530586,20.026645710185687,62.641818890839076
truth,related_same,20,3,1,EXECUTE,published_after_gate_recheck,16.83746324852109,4.52691875398159,20.026645710185687,62.641818890839076
truth,related_same,20,4,1,EXECUTE,published_after_gate_recheck,16.688173171132803,4.855235107243061,20.026645710185687,62.641818890839076
truth,related_same,20,5,1,EXECUTE,published_after_gate_recheck,15.866142231971025,4.448461811989546,20.026645710185687,62.641818890839076
truth,related_same,20,6,1,EXECUTE,published_after_gate_recheck,14.693793840706348,4.332904703915119,20.026645710185687,62.641818890839076
truth,related_same,20,7,1,EXECUTE,published_after_gate_recheck,15.490938909351826,4.420700017362833,20.026645710185687,62.641818890839076
truth,related_same,20,8,1,EXECUTE,published_after_gate_recheck,15.183261595666409,4.250019788742065,20.026645710185687,62.641818890839076
truth,related_same,20,9,1,EXECUTE,published_after_gate_recheck,20.91154409572482,4.422743804752827,20.026645710185687,62.641818890839076
truth,related_same,20,10,1,EXECUTE,published_after_gate_recheck,14.991351868957281,4.567213822156191,20.026645710185687,62.641818890839076
truth,related_same,20,11,1,EXECUTE,published_after_gate_recheck,14.885093085467815,4.1283112950623035,20.026645710185687,62.641818890839076
truth,related_same,20,12,1,EXECUTE,published_after_gate_recheck,17.827640287578106,4.104476887732744,20.026645710185687,62.641818890839076
truth,related_same,20,13,1,EXECUTE,published_after_gate_recheck,14.419138431549072,4.074620082974434,20.026645710185687,62.641818890839076
truth,related_same,20,14,1,EXECUTE,published_after_gate_recheck,14.839876908808947,4.324749577790499,20.026645710185687,62.641818890839076
truth,related_same,20,15,1,EXECUTE,published_after_gate_recheck,16.480965074151754,6.356269121170044,20.026645710185687,62.641818890839076
truth,related_same,20,16,1,EXECUTE,published_after_gate_recheck,15.842026099562645,4.081815015524626,20.026645710185687,62.641818890839076
truth,related_same,20,17,1,EXECUTE,published_after_gate_recheck,14.679796993732452,3.8039730861783028,20.026645710185687,62.641818890839076
truth,related_same,20,18,1,EXECUTE,published_after_gate_recheck,23.552214726805687,12.401225045323372,20.026645710185687,62.641818890839076
truth,related_same,20,19,1,EXECUTE,published_after_gate_recheck,16.919747926294804,4.728577099740505,20.026645710185687,62.641818890839076
truth,related_same,20,20,1,EXECUTE,published_after_gate_recheck,15.84663474932313,4.617649130523205,20.026645710185687,62.641818890839076
truth,related_same,20,21,1,EXECUTE,published_after_gate_recheck,17.860813066363335,4.2090220376849174,20.026645710185687,62.641818890839076
truth,related_same,20,22,1,EXECUTE,published_after_gate_recheck,15.60574397444725,4.52094804495573,20.026645710185687,62.641818890839076
truth,related_same,20,23,1,EXECUTE,published_after_gate_recheck,15.542105305939913,4.569468088448048,20.026645710185687,62.641818890839076
truth,related_same,20,24,1,EXECUTE,published_after_gate_recheck,19.440004136413336,4.769613966345787,20.026645710185687,62.641818890839076
truth,related_same,20,25,1,EXECUTE,published_after_gate_recheck,15.754803083837032,4.348434042185545,20.026645710185687,62.641818890839076
truth,related_same,20,26,1,EXECUTE,published_after_gate_recheck,15.855973120778799,4.144401289522648,20.026645710185687,62.641818890839076
truth,related_same,20,27,1,EXECUTE,published_after_gate_recheck,16.281290911138058,4.23093419522047,20.026645710185687,62.641818890839076
truth,related_same,20,28,1,EXECUTE,published_after_gate_recheck,14.862630981951952,4.330890718847513,20.026645710185687,62.641818890839076
truth,related_same,20,29,1,EXECUTE,published_after_gate_recheck,14.592854306101799,4.223991185426712,20.026645710185687,62.641818890839076
truth,related_same,20,30,1,EXECUTE,published_after_gate_recheck,20.378713961690664,4.384370986372232,20.026645710185687,62.641818890839076
truth,related_same,20,31,1,EXECUTE,published_after_gate_recheck,14.408447779715061,4.031089134514332,20.026645710185687,62.641818890839076
truth,related_same,20,32,1,EXECUTE,published_after_gate_recheck,14.264298137277365,4.02996689081192,20.026645710185687,62.641818890839076
truth,related_same,20,33,1,EXECUTE,published_after_gate_recheck,17.727592028677464,6.8550738506019115,20.026645710185687,62.641818890839076
truth,related_same,20,34,1,EXECUTE,published_after_gate_recheck,14.76415479555726,4.188764840364456,20.026645710185687,62.641818890839076
truth,related_same,20,35,1,EXECUTE,published_after_gate_recheck,13.796130195260048,4.472677130252123,20.026645710185687,62.641818890839076
truth,related_same,20,36,1,EXECUTE,published_after_gate_recheck,19.605614244937897,9.020745754241943,20.026645710185687,62.641818890839076
truth,related_same,20,37,1,EXECUTE,published_after_gate_recheck,14.780265744775534,4.412004258483648,20.026645710185687,62.641818890839076
truth,related_same,20,38,1,EXECUTE,published_after_gate_recheck,15.115274116396904,4.5416769571602345,20.026645710185687,62.641818890839076
truth,related_same,20,39,1,EXECUTE,published_after_gate_recheck,15.480218920856714,4.651312250643969,20.026645710185687,62.641818890839076
truth,related_same,20,40,1,EXECUTE,published_after_gate_recheck,15.818792860955,4.586751107126474,20.026645710185687,62.641818890839076
truth,related_same,20,41,1,EXECUTE,published_after_gate_recheck,15.443679876625538,4.030347336083651,20.026645710185687,62.641818890839076
truth,related_same,20,42,1,EXECUTE,published_after_gate_recheck,15.330316964536905,4.5557222329080105,20.026645710185687,62.641818890839076
truth,related_same,20,43,1,EXECUTE,published_after_gate_recheck,15.666668303310871,4.813256207853556,20.026645710185687,62.641818890839076
truth,related_same,20,44,1,EXECUTE,published_after_gate_recheck,14.725703746080399,4.19083796441555,20.026645710185687,62.641818890839076
truth,related_same,20,45,1,EXECUTE,published_after_gate_recheck,14.95257904753089,4.345017019659281,20.026645710185687,62.641818890839076
truth,related_same,20,46,1,EXECUTE,published_after_gate_recheck,17.39075081422925,4.531737882643938,20.026645710185687,62.641818890839076
truth,related_same,20,47,1,EXECUTE,published_after_gate_recheck,14.314441941678524,4.073378164321184,20.026645710185687,62.641818890839076
truth,related_same,20,48,1,EXECUTE,published_after_gate_recheck,15.08966600522399,4.273402970284224,20.026645710185687,62.641818890839076
truth,related_same,20,49,1,EXECUTE,published_after_gate_recheck,19.19626584276557,4.023915622383356,20.026645710185687,62.641818890839076
truth,related_same,20,50,1,EXECUTE,published_after_gate_recheck,14.877348206937313,4.34788316488266,20.026645710185687,62.641818890839076
truth,related_same,20,51,1,EXECUTE,published_after_gate_recheck,15.221823006868362,4.535384941846132,20.026645710185687,62.641818890839076
truth,related_same,20,52,1,EXECUTE,published_after_gate_recheck,17.289141193032265,6.172524765133858,20.026645710185687,62.641818890839076
truth,related_same,20,53,1,EXECUTE,published_after_gate_recheck,15.56069916114211,4.5322091318666935,20.026645710185687,62.641818890839076
truth,related_same,20,54,1,EXECUTE,published_after_gate_recheck,14.41055303439498,4.214331973344088,20.026645710185687,62.641818890839076
truth,related_same,20,55,1,EXECUTE,published_after_gate_recheck,19.04969196766615,8.493246976286173,20.026645710185687,62.641818890839076
truth,related_same,20,56,1,EXECUTE,published_after_gate_recheck,14.443824999034405,3.937632776796818,20.026645710185687,62.641818890839076
truth,related_same,20,57,1,EXECUTE,published_after_gate_recheck,14.693792909383774,4.3152510188519955,20.026645710185687,62.641818890839076
truth,related_same,20,58,1,EXECUTE,published_after_gate_recheck,15.055001247674227,4.627767950296402,20.026645710185687,62.641818890839076
truth,related_same,20,59,1,EXECUTE,published_after_gate_recheck,15.067754779011011,4.167013801634312,20.026645710185687,62.641818890839076
truth,related_same,20,60,1,EXECUTE,published_after_gate_recheck,14.213271904736757,4.230552818626165,20.026645710185687,62.641818890839076
truth,related_same,20,61,1,EXECUTE,published_after_gate_recheck,14.55507380887866,4.391034133732319,20.026645710185687,62.641818890839076
truth,related_same,20,62,1,EXECUTE,published_after_gate_recheck,16.23772783204913,3.9573912508785725,20.026645710185687,62.641818890839076
truth,related_same,20,63,1,EXECUTE,published_after_gate_recheck,14.862469863146544,4.423575010150671,20.026645710185687,62.641818890839076
truth,related_same,20,64,1,EXECUTE,published_after_gate_recheck,15.2040203101933,4.330090247094631,20.026645710185687,62.641818890839076
truth,related_same,20,65,1,EXECUTE,published_after_gate_recheck,21.995816845446825,4.20055678114295,20.026645710185687,62.641818890839076
truth,related_same,20,66,1,EXECUTE,published_after_gate_recheck,15.081269666552544,4.3169246055185795,20.026645710185687,62.641818890839076
truth,related_same,20,67,1,EXECUTE,published_after_gate_recheck,15.106867998838425,4.0190857835114,20.026645710185687,62.641818890839076
truth,related_same,20,68,1,EXECUTE,published_after_gate_recheck,16.08177600428462,4.71203587949276,20.026645710185687,62.641818890839076
truth,related_same,20,69,1,EXECUTE,published_after_gate_recheck,15.418572816997766,4.753643646836281,20.026645710185687,62.641818890839076
truth,related_same,20,70,1,EXECUTE,published_after_gate_recheck,18.32058373838663,4.269606899470091,20.026645710185687,62.641818890839076
truth,related_same,20,71,1,EXECUTE,published_after_gate_recheck,16.855306923389435,5.168783012777567,20.026645710185687,62.641818890839076
truth,related_same,20,72,1,EXECUTE,published_after_gate_recheck,15.554517973214388,4.548991098999977,20.026645710185687,62.641818890839076
truth,related_same,20,73,1,EXECUTE,published_after_gate_recheck,15.890417154878378,5.065839271992445,20.026645710185687,62.641818890839076
truth,related_same,20,74,1,EXECUTE,published_after_gate_recheck,16.621509101241827,4.488926846534014,20.026645710185687,62.641818890839076
truth,related_same,20,75,1,EXECUTE,published_after_gate_recheck,14.879151247441769,4.363803192973137,20.026645710185687,62.641818890839076
truth,related_same,20,76,1,EXECUTE,published_after_gate_recheck,15.427570324391127,4.70467284321785,20.026645710185687,62.641818890839076
truth,related_same,20,77,1,EXECUTE,published_after_gate_recheck,16.037173103541136,6.4039989374578,20.026645710185687,62.641818890839076
truth,related_same,20,78,1,EXECUTE,published_after_gate_recheck,14.553450979292393,4.295926075428724,20.026645710185687,62.641818890839076
truth,related_same,20,79,1,EXECUTE,published_after_gate_recheck,15.028080902993679,4.42144088447094,20.026645710185687,62.641818890839076
truth,related_same,20,80,1,EXECUTE,published_after_gate_recheck,14.466037042438984,3.7759109400212765,20.026645710185687,62.641818890839076
truth,related_same,20,81,1,EXECUTE,published_after_gate_recheck,14.503005892038345,3.7127817049622536,20.026645710185687,62.641818890839076
truth,related_same,20,82,1,EXECUTE,published_after_gate_recheck,14.255180954933167,3.9518410339951515,20.026645710185687,62.641818890839076
truth,related_same,20,83,1,EXECUTE,published_after_gate_recheck,15.079988166689873,4.585037939250469,20.026645710185687,62.641818890839076
truth,related_same,20,84,1,EXECUTE,published_after_gate_recheck,16.559262294322252,4.098094999790192,20.026645710185687,62.641818890839076
truth,related_same,20,85,1,EXECUTE,published_after_gate_recheck,14.330342877656221,4.147026222199202,20.026645710185687,62.641818890839076
truth,related_same,20,86,1,EXECUTE,published_after_gate_recheck,14.813888818025589,4.526087082922459,20.026645710185687,62.641818890839076
truth,related_same,20,87,1,EXECUTE,published_after_gate_recheck,17.602899111807346,7.015675771981478,20.026645710185687,62.641818890839076
truth,related_same,20,88,1,EXECUTE,published_after_gate_recheck,15.231673140078783,4.3956320732831955,20.026645710185687,62.641818890839076
truth,related_same,20,89,1,EXECUTE,published_after_gate_recheck,14.145906083285809,4.215424880385399,20.026645710185687,62.641818890839076
truth,related_same,20,90,1,EXECUTE,published_after_gate_recheck,19.32679209858179,9.36624314635992,20.026645710185687,62.641818890839076
truth,related_same,20,91,1,EXECUTE,published_after_gate_recheck,14.348485972732306,3.879175055772066,20.026645710185687,62.641818890839076
truth,related_same,20,92,1,EXECUTE,published_after_gate_recheck,15.026217326521873,4.287539981305599,20.026645710185687,62.641818890839076
truth,related_same,20,93,1,EXECUTE,published_after_gate_recheck,14.804771170020103,4.458541050553322,20.026645710185687,62.641818890839076
truth,related_same,20,94,1,EXECUTE,published_after_gate_recheck,14.920208137482405,4.435326904058456,20.026645710185687,62.641818890839076
truth,related_same,20,95,1,EXECUTE,published_after_gate_recheck,14.68583894893527,4.101191181689501,20.026645710185687,62.641818890839076
truth,related_same,20,96,1,EXECUTE,published_after_gate_recheck,13.981478288769722,3.767554648220539,20.026645710185687,62.641818890839076
truth,related_same,20,97,1,EXECUTE,published_after_gate_recheck,17.33871316537261,4.073018208146095,20.026645710185687,62.641818890839076
truth,related_same,20,98,1,EXECUTE,published_after_gate_recheck,14.475353993475437,4.078097175806761,20.026645710185687,62.641818890839076
truth,related_same,20,99,1,EXECUTE,published_after_gate_recheck,13.57576809823513,3.8642561994493008,20.026645710185687,62.641818890839076
opa,related_same,20,0,1,EXECUTE,opa_allowed_at_gate,11.37471990659833,3.443766850978136,20.59634267292162,109.26013097170392
opa,related_same,20,1,1,EXECUTE,opa_allowed_at_gate,9.18647600337863,3.1471122056245804,20.59634267292162,109.26013097170392
opa,related_same,20,2,1,EXECUTE,opa_allowed_at_gate,9.416568093001842,3.133996855467558,20.59634267292162,109.26013097170392
opa,related_same,20,3,1,EXECUTE,opa_allowed_at_gate,8.79564369097352,2.8523989021778107,20.59634267292162,109.26013097170392
opa,related_same,20,4,1,EXECUTE,opa_allowed_at_gate,8.992623072117567,2.8618359938263893,20.59634267292162,109.26013097170392
opa,related_same,20,5,1,EXECUTE,opa_allowed_at_gate,9.163172915577888,2.955192234367132,20.59634267292162,109.26013097170392
opa,related_same,20,6,1,EXECUTE,opa_allowed_at_gate,9.138005785644054,3.019091207534075,20.59634267292162,109.26013097170392
opa,related_same,20,7,1,EXECUTE,opa_allowed_at_gate,9.210762102156878,3.0458220280706882,20.59634267292162,109.26013097170392
opa,related_same,20,8,1,EXECUTE,opa_allowed_at_gate,9.322341065853834,3.1040911562740803,20.59634267292162,109.26013097170392
opa,related_same,20,9,1,EXECUTE,opa_allowed_at_gate,8.94851004704833,3.0675730668008327,20.59634267292162,109.26013097170392
opa,related_same,20,10,1,EXECUTE,opa_allowed_at_gate,8.710164111107588,3.0365539714694023,20.59634267292162,109.26013097170392
opa,related_same,20,11,1,EXECUTE,opa_allowed_at_gate,9.140429552644491,3.452935256063938,20.59634267292162,109.26013097170392
opa,related_same,20,12,1,EXECUTE,opa_allowed_at_gate,8.087125141173601,2.7696029283106327,20.59634267292162,109.26013097170392
opa,related_same,20,13,1,EXECUTE,opa_allowed_at_gate,8.847510907799006,2.88218492642045,20.59634267292162,109.26013097170392
opa,related_same,20,14,1,EXECUTE,opa_allowed_at_gate,8.916189894080162,2.8415690176188946,20.59634267292162,109.26013097170392
opa,related_same,20,15,1,EXECUTE,opa_allowed_at_gate,8.600007276982069,3.0834819190204144,20.59634267292162,109.26013097170392
opa,related_same,20,16,1,EXECUTE,opa_allowed_at_gate,9.189573116600513,3.1551369465887547,20.59634267292162,109.26013097170392
opa,related_same,20,17,1,EXECUTE,opa_allowed_at_gate,9.73787996917963,3.1873872503638268,20.59634267292162,109.26013097170392
opa,related_same,20,18,1,EXECUTE,opa_allowed_at_gate,9.094022680073977,3.3216490410268307,20.59634267292162,109.26013097170392
opa,related_same,20,19,1,EXECUTE,opa_allowed_at_gate,9.198558982461691,3.055680077522993,20.59634267292162,109.26013097170392
opa,related_same,20,20,1,EXECUTE,opa_allowed_at_gate,8.771829307079315,3.0287792906165123,20.59634267292162,109.26013097170392
opa,related_same,20,21,1,EXECUTE,opa_allowed_at_gate,9.267888963222504,3.1390669755637646,20.59634267292162,109.26013097170392
opa,related_same,20,22,1,EXECUTE,opa_allowed_at_gate,8.97960877045989,3.283125814050436,20.59634267292162,109.26013097170392
opa,related_same,20,23,1,EXECUTE,opa_allowed_at_gate,8.844905998557806,2.6687937788665295,20.59634267292162,109.26013097170392
opa,related_same,20,24,1,EXECUTE,opa_allowed_at_gate,9.728332050144672,2.82877404242754,20.59634267292162,109.26013097170392
opa,related_same,20,25,1,EXECUTE,opa_allowed_at_gate,8.590158075094223,2.963186241686344,20.59634267292162,109.26013097170392
opa,related_same,20,26,1,EXECUTE,opa_allowed_at_gate,8.803829085081816,2.82413512468338,20.59634267292162,109.26013097170392
opa,related_same,20,27,1,EXECUTE,opa_allowed_at_gate,8.89985915273428,2.9904376715421677,20.59634267292162,109.26013097170392
opa,related_same,20,28,1,EXECUTE,opa_allowed_at_gate,9.02604591101408,2.8548529371619225,20.59634267292162,109.26013097170392
opa,related_same,20,29,1,EXECUTE,opa_allowed_at_gate,8.828904945403337,2.6907562278211117,20.59634267292162,109.26013097170392
opa,related_same,20,30,1,EXECUTE,opa_allowed_at_gate,9.7542111761868,4.109506960958242,20.59634267292162,109.26013097170392
opa,related_same,20,31,1,EXECUTE,opa_allowed_at_gate,8.732905611395836,3.0921888537704945,20.59634267292162,109.26013097170392
opa,related_same,20,32,1,EXECUTE,opa_allowed_at_gate,8.76892264932394,3.0169482342898846,20.59634267292162,109.26013097170392
opa,related_same,20,33,1,EXECUTE,opa_allowed_at_gate,9.141482412815094,3.01804905757308,20.59634267292162,109.26013097170392
opa,related_same,20,34,1,EXECUTE,opa_allowed_at_gate,8.802546188235283,2.9436596669256687,20.59634267292162,109.26013097170392
opa,related_same,20,35,1,EXECUTE,opa_allowed_at_gate,8.754597045481205,2.812995109707117,20.59634267292162,109.26013097170392
opa,related_same,20,36,1,EXECUTE,opa_allowed_at_gate,8.457078132778406,2.879439853131771,20.59634267292162,109.26013097170392
opa,related_same,20,37,1,EXECUTE,opa_allowed_at_gate,9.065800346434116,2.851337194442749,20.59634267292162,109.26013097170392
opa,related_same,20,38,1,EXECUTE,opa_allowed_at_gate,9.261806961148977,3.466519992798567,20.59634267292162,109.26013097170392
opa,related_same,20,39,1,EXECUTE,opa_allowed_at_gate,9.53094195574522,3.324364311993122,20.59634267292162,109.26013097170392
opa,related_same,20,40,1,EXECUTE,opa_allowed_at_gate,9.0463743545115,3.177909180521965,20.59634267292162,109.26013097170392
opa,related_same,20,41,1,EXECUTE,opa_allowed_at_gate,8.865625131875277,2.9177512042224407,20.59634267292162,109.26013097170392
opa,related_same,20,42,1,EXECUTE,opa_allowed_at_gate,9.32695996016264,3.0546081252396107,20.59634267292162,109.26013097170392
opa,related_same,20,43,1,EXECUTE,opa_allowed_at_gate,9.259935002774,3.13608068972826,20.59634267292162,109.26013097170392
opa,related_same,20,44,1,EXECUTE,opa_allowed_at_gate,9.39362496137619,3.4433072432875633,20.59634267292162,109.26013097170392
opa,related_same,20,45,1,EXECUTE,opa_allowed_at_gate,9.061380755156279,2.9574763029813766,20.59634267292162,109.26013097170392
opa,related_same,20,46,1,EXECUTE,opa_allowed_at_gate,8.441038895398378,2.880471758544445,20.59634267292162,109.26013097170392
opa,related_same,20,47,1,EXECUTE,opa_allowed_at_gate,8.96945921704173,3.1576608307659626,20.59634267292162,109.26013097170392
opa,related_same,20,48,1,EXECUTE,opa_allowed_at_gate,8.592552971094847,2.803696785122156,20.59634267292162,109.26013097170392
opa,related_same,20,49,1,EXECUTE,opa_allowed_at_gate,9.04866773635149,3.289668820798397,20.59634267292162,109.26013097170392
opa,related_same,20,50,1,EXECUTE,opa_allowed_at_gate,9.89907281473279,2.908864989876747,20.59634267292162,109.26013097170392
opa,related_same,20,51,1,EXECUTE,opa_allowed_at_gate,8.985469117760658,2.582984045147896,20.59634267292162,109.26013097170392
opa,related_same,20,52,1,EXECUTE,opa_allowed_at_gate,8.969428949058056,3.082960844039917,20.59634267292162,109.26013097170392
opa,related_same,20,53,1,EXECUTE,opa_allowed_at_gate,8.976632729172707,3.005877137184143,20.59634267292162,109.26013097170392
opa,related_same,20,54,1,EXECUTE,opa_allowed_at_gate,9.429431986063719,3.1113438308238983,20.59634267292162,109.26013097170392
opa,related_same,20,55,1,EXECUTE,opa_allowed_at_gate,9.183079935610294,2.8183450922369957,20.59634267292162,109.26013097170392
opa,related_same,20,56,1,EXECUTE,opa_allowed_at_gate,9.093010798096657,2.9218290001153946,20.59634267292162,109.26013097170392
opa,related_same,20,57,1,EXECUTE,opa_allowed_at_gate,9.364040102809668,3.123887814581394,20.59634267292162,109.26013097170392
opa,related_same,20,58,1,EXECUTE,opa_allowed_at_gate,9.271034970879555,3.1507378444075584,20.59634267292162,109.26013097170392
opa,related_same,20,59,1,EXECUTE,opa_allowed_at_gate,8.9078638702631,3.2013030722737312,20.59634267292162,109.26013097170392
opa,related_same,20,60,1,EXECUTE,opa_allowed_at_gate,8.92814202234149,3.1625800766050816,20.59634267292162,109.26013097170392
opa,related_same,20,61,1,EXECUTE,opa_allowed_at_gate,9.752567857503891,3.1071072444319725,20.59634267292162,109.26013097170392
opa,related_same,20,62,1,EXECUTE,opa_allowed_at_gate,9.592046961188316,3.6542322486639023,20.59634267292162,109.26013097170392
opa,related_same,20,63,1,EXECUTE,opa_allowed_at_gate,8.61784117296338,3.03284777328372,20.59634267292162,109.26013097170392
opa,related_same,20,64,1,EXECUTE,opa_allowed_at_gate,9.28641390055418,3.206793684512377,20.59634267292162,109.26013097170392
opa,related_same,20,65,1,EXECUTE,opa_allowed_at_gate,9.315960109233856,2.954630646854639,20.59634267292162,109.26013097170392
opa,related_same,20,66,1,EXECUTE,opa_allowed_at_gate,8.776878006756306,2.8001409955322742,20.59634267292162,109.26013097170392
opa,related_same,20,67,1,EXECUTE,opa_allowed_at_gate,8.358963765203953,2.9790461994707584,20.59634267292162,109.26013097170392
opa,related_same,20,68,1,EXECUTE,opa_allowed_at_gate,9.278459008783102,3.0392888002097607,20.59634267292162,109.26013097170392
opa,related_same,20,69,1,EXECUTE,opa_allowed_at_gate,8.686969988048077,3.031495027244091,20.59634267292162,109.26013097170392
opa,related_same,20,70,1,EXECUTE,opa_allowed_at_gate,8.662845008075237,2.855484839528799,20.59634267292162,109.26013097170392
opa,related_same,20,71,1,EXECUTE,opa_allowed_at_gate,8.855144958943129,3.1623411923646927,20.59634267292162,109.26013097170392
opa,related_same,20,72,1,EXECUTE,opa_allowed_at_gate,9.332490153610706,2.992250956594944,20.59634267292162,109.26013097170392
opa,related_same,20,73,1,EXECUTE,opa_allowed_at_gate,8.571052923798561,2.7060438878834248,20.59634267292162,109.26013097170392
opa,related_same,20,74,1,EXECUTE,opa_allowed_at_gate,9.39344521611929,3.1794519163668156,20.59634267292162,109.26013097170392
opa,related_same,20,75,1,EXECUTE,opa_allowed_at_gate,9.73543617874384,3.159634303301573,20.59634267292162,109.26013097170392
opa,related_same,20,76,1,EXECUTE,opa_allowed_at_gate,12.307539116591215,4.42564906552434,20.59634267292162,109.26013097170392
opa,related_same,20,77,1,EXECUTE,opa_allowed_at_gate,10.909928008913994,3.613515757024288,20.59634267292162,109.26013097170392
opa,related_same,20,78,1,EXECUTE,opa_allowed_at_gate,9.075358044356108,3.146870993077755,20.59634267292162,109.26013097170392
opa,related_same,20,79,1,EXECUTE,opa_allowed_at_gate,8.489598985761404,3.0277082696557045,20.59634267292162,109.26013097170392
opa,related_same,20,80,1,EXECUTE,opa_allowed_at_gate,9.299589321017265,2.9714819975197315,20.59634267292162,109.26013097170392
opa,related_same,20,81,1,EXECUTE,opa_allowed_at_gate,8.381898049265146,2.819417044520378,20.59634267292162,109.26013097170392
opa,related_same,20,82,1,EXECUTE,opa_allowed_at_gate,9.217093233019114,3.530690912157297,20.59634267292162,109.26013097170392
opa,related_same,20,83,1,EXECUTE,opa_allowed_at_gate,9.165186900645494,3.272777423262596,20.59634267292162,109.26013097170392
opa,related_same,20,84,1,EXECUTE,opa_allowed_at_gate,8.922381792217493,2.9607918113470078,20.59634267292162,109.26013097170392
opa,related_same,20,85,1,EXECUTE,opa_allowed_at_gate,8.805422112345695,3.0977390706539154,20.59634267292162,109.26013097170392
opa,related_same,20,86,1,EXECUTE,opa_allowed_at_gate,9.47542767971754,3.370230086147785,20.59634267292162,109.26013097170392
opa,related_same,20,87,1,EXECUTE,opa_allowed_at_gate,8.941838052123785,3.0540269799530506,20.59634267292162,109.26013097170392
opa,related_same,20,88,1,EXECUTE,opa_allowed_at_gate,9.459437802433968,3.0295010656118393,20.59634267292162,109.26013097170392
opa,related_same,20,89,1,EXECUTE,opa_allowed_at_gate,8.475604001432657,2.8580687940120697,20.59634267292162,109.26013097170392
opa,related_same,20,90,1,EXECUTE,opa_allowed_at_gate,9.305189363658428,3.003812860697508,20.59634267292162,109.26013097170392
opa,related_same,20,91,1,EXECUTE,opa_allowed_at_gate,8.948159869760275,2.975780051201582,20.59634267292162,109.26013097170392
opa,related_same,20,92,1,EXECUTE,opa_allowed_at_gate,8.84258234873414,2.850715070962906,20.59634267292162,109.26013097170392
opa,related_same,20,93,1,EXECUTE,opa_allowed_at_gate,9.42181795835495,2.80589098110795,20.59634267292162,109.26013097170392
opa,related_same,20,94,1,EXECUTE,opa_allowed_at_gate,8.905097842216492,3.174122888594866,20.59634267292162,109.26013097170392
opa,related_same,20,95,1,EXECUTE,opa_allowed_at_gate,8.44099884852767,2.565440721809864,20.59634267292162,109.26013097170392
opa,related_same,20,96,1,EXECUTE,opa_allowed_at_gate,8.61829100176692,2.96853668987751,20.59634267292162,109.26013097170392
opa,related_same,20,97,1,EXECUTE,opa_allowed_at_gate,9.443928953260183,3.307702951133251,20.59634267292162,109.26013097170392
opa,related_same,20,98,1,EXECUTE,opa_allowed_at_gate,8.108654990792274,2.6119169779121876,20.59634267292162,109.26013097170392
opa,related_same,20,99,1,EXECUTE,opa_allowed_at_gate,9.182820096611977,2.991930115967989,20.59634267292162,109.26013097170392
opa_readset,related_same,20,0,1,EXECUTE,opa_allowed_at_gate,12.371798977255821,4.130995832383633,20.311618790718306,107.41531403317255
opa_readset,related_same,20,1,1,EXECUTE,opa_allowed_at_gate,9.114181157201529,2.884159330278635,20.311618790718306,107.41531403317255
opa_readset,related_same,20,2,1,EXECUTE,opa_allowed_at_gate,8.624181617051363,2.9123923741281033,20.311618790718306,107.41531403317255
opa_readset,related_same,20,3,1,EXECUTE,opa_allowed_at_gate,9.332920890301466,3.2202978618443012,20.311618790718306,107.41531403317255
opa_readset,related_same,20,4,1,EXECUTE,opa_allowed_at_gate,8.880533277988434,3.037034999579191,20.311618790718306,107.41531403317255
opa_readset,related_same,20,5,1,EXECUTE,opa_allowed_at_gate,8.788730949163437,2.837931737303734,20.311618790718306,107.41531403317255
opa_readset,related_same,20,6,1,EXECUTE,opa_allowed_at_gate,9.735344909131527,3.3482383005321026,20.311618790718306,107.41531403317255
opa_readset,related_same,20,7,1,EXECUTE,opa_allowed_at_gate,9.035232942551374,3.7784846499562263,20.311618790718306,107.41531403317255
opa_readset,related_same,20,8,1,EXECUTE,opa_allowed_at_gate,8.890481200069189,2.812854014337063,20.311618790718306,107.41531403317255
opa_readset,related_same,20,9,1,EXECUTE,opa_allowed_at_gate,8.514306042343378,2.9996749944984913,20.311618790718306,107.41531403317255
opa_readset,related_same,20,10,1,EXECUTE,opa_allowed_at_gate,8.784201927483082,3.1649149022996426,20.311618790718306,107.41531403317255
opa_readset,related_same,20,11,1,EXECUTE,opa_allowed_at_gate,9.40548675134778,3.199639730155468,20.311618790718306,107.41531403317255
opa_readset,related_same,20,12,1,EXECUTE,opa_allowed_at_gate,9.077912662178278,2.924012951552868,20.311618790718306,107.41531403317255
opa_readset,related_same,20,13,1,EXECUTE,opa_allowed_at_gate,8.664217311888933,2.8394642286002636,20.311618790718306,107.41531403317255
opa_readset,related_same,20,14,1,EXECUTE,opa_allowed_at_gate,8.462319150567055,2.7154418639838696,20.311618790718306,107.41531403317255
opa_readset,related_same,20,15,1,EXECUTE,opa_allowed_at_gate,8.866296149790287,2.8809718787670135,20.311618790718306,107.41531403317255
opa_readset,related_same,20,16,1,EXECUTE,opa_allowed_at_gate,8.965202141553164,2.8538708575069904,20.311618790718306,107.41531403317255
opa_readset,related_same,20,17,1,EXECUTE,opa_allowed_at_gate,9.598408825695515,3.13396705314517,20.311618790718306,107.41531403317255
opa_readset,related_same,20,18,1,EXECUTE,opa_allowed_at_gate,9.090285748243332,3.1580920331180096,20.311618790718306,107.41531403317255
opa_readset,related_same,20,19,1,EXECUTE,opa_allowed_at_gate,9.495565667748451,3.4799049608409405,20.311618790718306,107.41531403317255
opa_readset,related_same,20,20,1,EXECUTE,opa_allowed_at_gate,8.999946061521769,2.9078926891088486,20.311618790718306,107.41531403317255
opa_readset,related_same,20,21,1,EXECUTE,opa_allowed_at_gate,8.957316633313894,2.87034222856164,20.311618790718306,107.41531403317255
opa_readset,related_same,20,22,1,EXECUTE,opa_allowed_at_gate,9.649213869124651,3.11829661950469,20.311618790718306,107.41531403317255
opa_readset,related_same,20,23,1,EXECUTE,opa_allowed_at_gate,9.345023892819881,3.1570913270115852,20.311618790718306,107.41531403317255
opa_readset,related_same,20,24,1,EXECUTE,opa_allowed_at_gate,8.719449862837791,2.698680851608515,20.311618790718306,107.41531403317255
opa_readset,related_same,20,25,1,EXECUTE,opa_allowed_at_gate,9.336818009614944,3.218935802578926,20.311618790718306,107.41531403317255
opa_readset,related_same,20,26,1,EXECUTE,opa_allowed_at_gate,8.783591445535421,2.870833035558462,20.311618790718306,107.41531403317255
opa_readset,related_same,20,27,1,EXECUTE,opa_allowed_at_gate,9.04925912618637,2.8158496133983135,20.311618790718306,107.41531403317255
opa_readset,related_same,20,28,1,EXECUTE,opa_allowed_at_gate,11.782393790781498,2.93947197496891,20.311618790718306,107.41531403317255
opa_readset,related_same,20,29,1,EXECUTE,opa_allowed_at_gate,10.274256113916636,3.545028157532215,20.311618790718306,107.41531403317255
opa_readset,related_same,20,30,1,EXECUTE,opa_allowed_at_gate,9.76227642968297,3.2665859907865524,20.311618790718306,107.41531403317255
opa_readset,related_same,20,31,1,EXECUTE,opa_allowed_at_gate,9.571427945047617,3.4256642684340477,20.311618790718306,107.41531403317255
opa_readset,related_same,20,32,1,EXECUTE,opa_allowed_at_gate,8.459171745926142,2.855293918401003,20.311618790718306,107.41531403317255
opa_readset,related_same,20,33,1,EXECUTE,opa_allowed_at_gate,9.192307014018297,3.2082772813737392,20.311618790718306,107.41531403317255
opa_readset,related_same,20,34,1,EXECUTE,opa_allowed_at_gate,8.96162400022149,3.0786730349063873,20.311618790718306,107.41531403317255
opa_readset,related_same,20,35,1,EXECUTE,opa_allowed_at_gate,8.698571939021349,3.0401311814785004,20.311618790718306,107.41531403317255
opa_readset,related_same,20,36,1,EXECUTE,opa_allowed_at_gate,9.70865460112691,2.911308780312538,20.311618790718306,107.41531403317255
opa_readset,related_same,20,37,1,EXECUTE,opa_allowed_at_gate,9.247670881450176,2.954591065645218,20.311618790718306,107.41531403317255
opa_readset,related_same,20,38,1,EXECUTE,opa_allowed_at_gate,8.94783902913332,3.18034365773201,20.311618790718306,107.41531403317255
opa_readset,related_same,20,39,1,EXECUTE,opa_allowed_at_gate,8.462549187242985,2.707778010517359,20.311618790718306,107.41531403317255
opa_readset,related_same,20,40,1,EXECUTE,opa_allowed_at_gate,8.96174507215619,2.8925640508532524,20.311618790718306,107.41531403317255
opa_readset,related_same,20,41,1,EXECUTE,opa_allowed_at_gate,9.476530831307173,3.384136129170656,20.311618790718306,107.41531403317255
opa_readset,related_same,20,42,1,EXECUTE,opa_allowed_at_gate,9.49165876954794,3.1220950186252594,20.311618790718306,107.41531403317255
opa_readset,related_same,20,43,1,EXECUTE,opa_allowed_at_gate,9.202216286212206,3.0054557137191296,20.311618790718306,107.41531403317255
opa_readset,related_same,20,44,1,EXECUTE,opa_allowed_at_gate,9.774409234523773,3.2136766240000725,20.311618790718306,107.41531403317255
opa_readset,related_same,20,45,1,EXECUTE,opa_allowed_at_gate,9.538817219436169,3.416336141526699,20.311618790718306,107.41531403317255
opa_readset,related_same,20,46,1,EXECUTE,opa_allowed_at_gate,13.752499129623175,6.075271870940924,20.311618790718306,107.41531403317255
opa_readset,related_same,20,47,1,EXECUTE,opa_allowed_at_gate,9.521794971078634,3.0686850659549236,20.311618790718306,107.41531403317255
opa_readset,related_same,20,48,1,EXECUTE,opa_allowed_at_gate,10.155022144317627,3.6466880701482296,20.311618790718306,107.41531403317255
opa_readset,related_same,20,49,1,EXECUTE,opa_allowed_at_gate,8.918294217437506,3.176727332174778,20.311618790718306,107.41531403317255
opa_readset,related_same,20,50,1,EXECUTE,opa_allowed_at_gate,9.595103096216917,2.761910203844309,20.311618790718306,107.41531403317255
opa_readset,related_same,20,51,1,EXECUTE,opa_allowed_at_gate,8.627498988062143,2.8109713457524776,20.311618790718306,107.41531403317255
opa_readset,related_same,20,52,1,EXECUTE,opa_allowed_at_gate,9.439861867576838,3.1050830148160458,20.311618790718306,107.41531403317255
opa_readset,related_same,20,53,1,EXECUTE,opa_allowed_at_gate,9.717392269521952,3.466821275651455,20.311618790718306,107.41531403317255
opa_readset,related_same,20,54,1,EXECUTE,opa_allowed_at_gate,9.602095000445843,3.0973688699305058,20.311618790718306,107.41531403317255
opa_readset,related_same,20,55,1,EXECUTE,opa_allowed_at_gate,9.488232899457216,3.1941193155944347,20.311618790718306,107.41531403317255
opa_readset,related_same,20,56,1,EXECUTE,opa_allowed_at_gate,8.84448504075408,3.0632936395704746,20.311618790718306,107.41531403317255
opa_readset,related_same,20,57,1,EXECUTE,opa_allowed_at_gate,8.902332745492458,2.872997894883156,20.311618790718306,107.41531403317255
opa_readset,related_same,20,58,1,EXECUTE,opa_allowed_at_gate,8.535895962268114,2.9274397529661655,20.311618790718306,107.41531403317255
opa_readset,related_same,20,59,1,EXECUTE,opa_allowed_at_gate,9.00025712326169,2.949981950223446,20.311618790718306,107.41531403317255
opa_readset,related_same,20,60,1,EXECUTE,opa_allowed_at_gate,9.468273725360632,3.1245090067386627,20.311618790718306,107.41531403317255
opa_readset,related_same,20,61,1,EXECUTE,opa_allowed_at_gate,9.070598985999823,3.0684340745210648,20.311618790718306,107.41531403317255
opa_readset,related_same,20,62,1,EXECUTE,opa_allowed_at_gate,8.677321951836348,3.342227078974247,20.311618790718306,107.41531403317255
opa_readset,related_same,20,63,1,EXECUTE,opa_allowed_at_gate,9.035473689436913,3.2687997445464134,20.311618790718306,107.41531403317255
opa_readset,related_same,20,64,1,EXECUTE,opa_allowed_at_gate,9.485157206654549,3.2386640086770058,20.311618790718306,107.41531403317255
opa_readset,related_same,20,65,1,EXECUTE,opa_allowed_at_gate,9.775861166417599,3.1665777787566185,20.311618790718306,107.41531403317255
opa_readset,related_same,20,66,1,EXECUTE,opa_allowed_at_gate,9.192336816340685,3.147752955555916,20.311618790718306,107.41531403317255
opa_readset,related_same,20,67,1,EXECUTE,opa_allowed_at_gate,8.15767701715231,2.64953775331378,20.311618790718306,107.41531403317255
opa_readset,related_same,20,68,1,EXECUTE,opa_allowed_at_gate,9.233594872057438,2.5879722088575363,20.311618790718306,107.41531403317255
opa_readset,related_same,20,69,1,EXECUTE,opa_allowed_at_gate,12.070403899997473,2.892203163355589,20.311618790718306,107.41531403317255
opa_readset,related_same,20,70,1,EXECUTE,opa_allowed_at_gate,9.97539609670639,3.25295003131032,20.311618790718306,107.41531403317255
opa_readset,related_same,20,71,1,EXECUTE,opa_allowed_at_gate,9.496938437223434,3.120571840554476,20.311618790718306,107.41531403317255
opa_readset,related_same,20,72,1,EXECUTE,opa_allowed_at_gate,9.092469699680805,2.8768647462129593,20.311618790718306,107.41531403317255
opa_readset,related_same,20,73,1,EXECUTE,opa_allowed_at_gate,8.799940813332796,2.992962021380663,20.311618790718306,107.41531403317255
opa_readset,related_same,20,74,1,EXECUTE,opa_allowed_at_gate,9.203587658703327,3.0325669795274734,20.311618790718306,107.41531403317255
opa_readset,related_same,20,75,1,EXECUTE,opa_allowed_at_gate,10.208713356405497,3.0968869104981422,20.311618790718306,107.41531403317255
opa_readset,related_same,20,76,1,EXECUTE,opa_allowed_at_gate,9.373807813972235,2.891671843826771,20.311618790718306,107.41531403317255
opa_readset,related_same,20,77,1,EXECUTE,opa_allowed_at_gate,8.674636017531157,2.7380241081118584,20.311618790718306,107.41531403317255
opa_readset,related_same,20,78,1,EXECUTE,opa_allowed_at_gate,8.698772173374891,2.937888726592064,20.311618790718306,107.41531403317255
opa_readset,related_same,20,79,1,EXECUTE,opa_allowed_at_gate,9.45249479264021,3.059057053178549,20.311618790718306,107.41531403317255
opa_readset,related_same,20,80,1,EXECUTE,opa_allowed_at_gate,9.048838634043932,3.3015822991728783,20.311618790718306,107.41531403317255
opa_readset,related_same,20,81,1,EXECUTE,opa_allowed_at_gate,9.149196092039347,2.9972512274980545,20.311618790718306,107.41531403317255
opa_readset,related_same,20,82,1,EXECUTE,opa_allowed_at_gate,9.107597637921572,2.821932081133127,20.311618790718306,107.41531403317255
opa_readset,related_same,20,83,1,EXECUTE,opa_allowed_at_gate,8.439825847744942,2.8404858894646168,20.311618790718306,107.41531403317255
opa_readset,related_same,20,84,1,EXECUTE,opa_allowed_at_gate,8.861606940627098,3.060549031943083,20.311618790718306,107.41531403317255
opa_readset,related_same,20,85,1,EXECUTE,opa_allowed_at_gate,8.76590795814991,2.956213429570198,20.311618790718306,107.41531403317255
opa_readset,related_same,20,86,1,EXECUTE,opa_allowed_at_gate,9.142945054918528,2.9763318598270416,20.311618790718306,107.41531403317255
opa_readset,related_same,20,87,1,EXECUTE,opa_allowed_at_gate,8.8965417817235,2.8149480931460857,20.311618790718306,107.41531403317255
opa_readset,related_same,20,88,1,EXECUTE,opa_allowed_at_gate,8.656521793454885,2.7722991071641445,20.311618790718306,107.41531403317255
opa_readset,related_same,20,89,1,EXECUTE,opa_allowed_at_gate,9.128186851739883,3.0846339650452137,20.311618790718306,107.41531403317255
opa_readset,related_same,20,90,1,EXECUTE,opa_allowed_at_gate,9.381562005728483,3.115962725132704,20.311618790718306,107.41531403317255
opa_readset,related_same,20,91,1,EXECUTE,opa_allowed_at_gate,9.265474043786526,3.010774962604046,20.311618790718306,107.41531403317255
opa_readset,related_same,20,92,1,EXECUTE,opa_allowed_at_gate,8.618010208010674,3.0492576770484447,20.311618790718306,107.41531403317255
opa_readset,related_same,20,93,1,EXECUTE,opa_allowed_at_gate,9.072341956198215,3.057322930544615,20.311618790718306,107.41531403317255
opa_readset,related_same,20,94,1,EXECUTE,opa_allowed_at_gate,9.207645896822214,3.158903680741787,20.311618790718306,107.41531403317255
opa_readset,related_same,20,95,1,EXECUTE,opa_allowed_at_gate,8.417434059083462,2.8904597274959087,20.311618790718306,107.41531403317255
opa_readset,related_same,20,96,1,EXECUTE,opa_allowed_at_gate,8.5870330221951,2.938750199973583,20.311618790718306,107.41531403317255
opa_readset,related_same,20,97,1,EXECUTE,opa_allowed_at_gate,8.836159948259592,3.0818190425634384,20.311618790718306,107.41531403317255
opa_readset,related_same,20,98,1,EXECUTE,opa_allowed_at_gate,8.759404998272657,2.6823896914720535,20.311618790718306,107.41531403317255
opa_readset,related_same,20,99,1,EXECUTE,opa_allowed_at_gate,8.846237789839506,3.0587459914386272,20.311618790718306,107.41531403317255
global,unrelated,100,0,1,EXECUTE,published_after_gate_recheck,17.514103092253208,4.697699099779129,99.90674421353305,17.45263642117389
global,unrelated,100,1,1,EXECUTE,published_after_gate_recheck,20.406246185302734,4.622046835720539,99.90674421353305,17.45263642117389
global,unrelated,100,2,1,EXECUTE,published_after_gate_recheck,18.84148083627224,4.7408100217580795,99.90674421353305,17.45263642117389
global,unrelated,100,3,0,REVOKE,context_version_changed_at_publish,17.66691915690899,5.955107044428587,99.90674421353305,17.45263642117389
global,unrelated,100,4,0,REVOKE,context_version_changed_at_publish,17.98650762066245,7.018130272626877,99.90674421353305,17.45263642117389
global,unrelated,100,5,1,EXECUTE,published_after_gate_recheck,16.499781049787998,4.734368063509464,99.90674421353305,17.45263642117389
global,unrelated,100,6,0,REVOKE,context_version_changed_at_publish,25.371125899255276,9.391530882567167,99.90674421353305,17.45263642117389
global,unrelated,100,7,0,REVOKE,context_version_changed_at_publish,18.43512011691928,7.408561650663614,99.90674421353305,17.45263642117389
global,unrelated,100,8,0,REVOKE,context_version_changed_at_publish,18.07742891833186,6.633337587118149,99.90674421353305,17.45263642117389
global,unrelated,100,9,1,EXECUTE,published_after_gate_recheck,15.680042561143637,4.077044781297445,99.90674421353305,17.45263642117389
global,unrelated,100,10,0,REVOKE,context_version_changed_at_publish,17.878935672342777,6.512132007628679,99.90674421353305,17.45263642117389
global,unrelated,100,11,0,REVOKE,context_version_changed_at_publish,17.389658838510513,7.091558072715998,99.90674421353305,17.45263642117389
global,unrelated,100,12,0,REVOKE,context_version_changed_at_publish,20.762674044817686,9.486228693276644,99.90674421353305,17.45263642117389
global,unrelated,100,13,0,REVOKE,context_version_changed_at_publish,20.550996996462345,8.561613969504833,99.90674421353305,17.45263642117389
global,unrelated,100,14,0,REVOKE,context_version_changed_at_publish,19.844321999698877,8.741982746869326,99.90674421353305,17.45263642117389
global,unrelated,100,15,0,REVOKE,context_version_changed_at_publish,18.778403289616108,7.6855020597577095,99.90674421353305,17.45263642117389
global,unrelated,100,16,1,EXECUTE,published_after_gate_recheck,14.902614988386631,4.445405676960945,99.90674421353305,17.45263642117389
global,unrelated,100,17,0,REVOKE,context_version_changed_at_publish,24.842394050210714,8.599906228482723,99.90674421353305,17.45263642117389
global,unrelated,100,18,1,EXECUTE,published_after_gate_recheck,15.392954926937819,4.155702888965607,99.90674421353305,17.45263642117389
global,unrelated,100,19,1,EXECUTE,published_after_gate_recheck,18.651165068149567,4.5924922451376915,99.90674421353305,17.45263642117389
global,unrelated,100,20,0,REVOKE,context_version_changed_at_publish,17.584623768925667,6.134894210845232,99.90674421353305,17.45263642117389
global,unrelated,100,21,0,REVOKE,context_version_changed_at_publish,18.298853654414415,7.23981624469161,99.90674421353305,17.45263642117389
global,unrelated,100,22,1,EXECUTE,published_after_gate_recheck,14.778563287109137,4.072366282343864,99.90674421353305,17.45263642117389
global,unrelated,100,23,0,REVOKE,context_version_changed_at_publish,24.93892516940832,9.071940556168556,99.90674421353305,17.45263642117389
global,unrelated,100,24,0,REVOKE,context_version_changed_at_publish,20.524918101727962,9.528016205877066,99.90674421353305,17.45263642117389
global,unrelated,100,25,0,REVOKE,context_version_changed_at_publish,20.334851928055286,9.08443471416831,99.90674421353305,17.45263642117389
global,unrelated,100,26,0,REVOKE,context_version_changed_at_publish,18.667835276573896,8.131206966936588,99.90674421353305,17.45263642117389
global,unrelated,100,27,0,REVOKE,context_version_changed_at_publish,20.101313944905996,8.524063974618912,99.90674421353305,17.45263642117389
global,unrelated,100,28,1,EXECUTE,published_after_gate_recheck,15.841044951230288,4.509415943175554,99.90674421353305,17.45263642117389
global,unrelated,100,29,1,EXECUTE,published_after_gate_recheck,18.90997914597392,3.914120141416788,99.90674421353305,17.45263642117389
global,unrelated,100,30,1,EXECUTE,published_after_gate_recheck,19.674513023346663,4.2252326384186745,99.90674421353305,17.45263642117389
global,unrelated,100,31,0,REVOKE,context_version_changed_at_publish,16.69354410842061,5.6535410694777966,99.90674421353305,17.45263642117389
global,unrelated,100,32,0,REVOKE,context_version_changed_at_publish,19.58106877282262,7.785147987306118,99.90674421353305,17.45263642117389
global,unrelated,100,33,0,REVOKE,context_version_changed_at_publish,19.48569994419813,7.996315136551857,99.90674421353305,17.45263642117389
global,unrelated,100,34,1,EXECUTE,published_after_gate_recheck,15.039431862533092,4.357550758868456,99.90674421353305,17.45263642117389
global,unrelated,100,35,0,REVOKE,context_version_changed_at_publish,16.15856122225523,5.678758956491947,99.90674421353305,17.45263642117389
global,unrelated,100,36,0,REVOKE,context_version_changed_at_publish,19.489355850964785,8.292049169540405,99.90674421353305,17.45263642117389
global,unrelated,100,37,0,REVOKE,context_version_changed_at_publish,20.394393242895603,6.575238890945911,99.90674421353305,17.45263642117389
global,unrelated,100,38,0,REVOKE,context_version_changed_at_publish,17.18267099931836,6.4513180404901505,99.90674421353305,17.45263642117389
global,unrelated,100,39,1,EXECUTE,published_after_gate_recheck,16.23155828565359,4.723838064819574,99.90674421353305,17.45263642117389
global,unrelated,100,40,0,REVOKE,context_version_changed_at_publish,17.534721177071333,5.853837821632624,99.90674421353305,17.45263642117389
global,unrelated,100,41,0,REVOKE,context_version_changed_at_publish,19.043109845370054,6.552236154675484,99.90674421353305,17.45263642117389
global,unrelated,100,42,0,REVOKE,context_version_changed_at_publish,19.730409141629934,7.582047022879124,99.90674421353305,17.45263642117389
global,unrelated,100,43,0,REVOKE,context_version_changed_at_publish,17.495146952569485,5.444529000669718,99.90674421353305,17.45263642117389
global,unrelated,100,44,0,REVOKE,context_version_changed_at_publish,21.425436716526747,9.36135370284319,99.90674421353305,17.45263642117389
global,unrelated,100,45,0,REVOKE,context_version_changed_at_publish,18.846401013433933,7.915113121271133,99.90674421353305,17.45263642117389
global,unrelated,100,46,0,REVOKE,context_version_changed_at_publish,21.47883689031005,10.233580134809017,99.90674421353305,17.45263642117389
global,unrelated,100,47,0,REVOKE,context_version_changed_at_publish,19.025396090000868,7.749712094664574,99.90674421353305,17.45263642117389
global,unrelated,100,48,0,REVOKE,context_version_changed_at_publish,20.118245854973793,8.81675397977233,99.90674421353305,17.45263642117389
global,unrelated,100,49,1,EXECUTE,published_after_gate_recheck,16.046380158513784,4.973135888576508,99.90674421353305,17.45263642117389
global,unrelated,100,50,0,REVOKE,context_version_changed_at_publish,23.49668089300394,8.450236171483994,99.90674421353305,17.45263642117389
global,unrelated,100,51,0,REVOKE,context_version_changed_at_publish,18.893298227339983,8.305344264954329,99.90674421353305,17.45263642117389
global,unrelated,100,52,1,EXECUTE,published_after_gate_recheck,16.52985718101263,4.424748010933399,99.90674421353305,17.45263642117389
global,unrelated,100,53,1,EXECUTE,published_after_gate_recheck,18.63950304687023,4.380214028060436,99.90674421353305,17.45263642117389
global,unrelated,100,54,0,REVOKE,context_version_changed_at_publish,16.956827137619257,6.350639276206493,99.90674421353305,17.45263642117389
global,unrelated,100,55,0,REVOKE,context_version_changed_at_publish,17.98939285799861,7.71590881049633,99.90674421353305,17.45263642117389
global,unrelated,100,56,1,EXECUTE,published_after_gate_recheck,14.828034676611423,4.2742351070046425,99.90674421353305,17.45263642117389
global,unrelated,100,57,0,REVOKE,context_version_changed_at_publish,17.842718865722418,6.4034778624773026,99.90674421353305,17.45263642117389
global,unrelated,100,58,0,REVOKE,context_version_changed_at_publish,17.59025501087308,6.9767930544912815,99.90674421353305,17.45263642117389
global,unrelated,100,59,1,EXECUTE,published_after_gate_recheck,14.791136141866446,4.365616012364626,99.90674421353305,17.45263642117389
global,unrelated,100,60,1,EXECUTE,published_after_gate_recheck,19.461654126644135,4.395212046802044,99.90674421353305,17.45263642117389
global,unrelated,100,61,0,REVOKE,context_version_changed_at_publish,16.751683317124844,5.943805910646915,99.90674421353305,17.45263642117389
global,unrelated,100,62,0,REVOKE,context_version_changed_at_publish,16.51586079970002,5.628102924674749,99.90674421353305,17.45263642117389
global,unrelated,100,63,1,EXECUTE,published_after_gate_recheck,16.667786054313183,4.530635662376881,99.90674421353305,17.45263642117389
global,unrelated,100,64,0,REVOKE,context_version_changed_at_publish,18.816303927451372,7.057754788547754,99.90674421353305,17.45263642117389
global,unrelated,100,65,0,REVOKE,context_version_changed_at_publish,17.52392016351223,6.21415302157402,99.90674421353305,17.45263642117389
global,unrelated,100,66,0,REVOKE,context_version_changed_at_publish,18.983517307788134,7.3610227555036545,99.90674421353305,17.45263642117389
global,unrelated,100,67,0,REVOKE,context_version_changed_at_publish,19.336138851940632,8.639910724014044,99.90674421353305,17.45263642117389
global,unrelated,100,68,1,EXECUTE,published_after_gate_recheck,16.077428590506315,4.653766751289368,99.90674421353305,17.45263642117389
global,unrelated,100,69,1,EXECUTE,published_after_gate_recheck,18.09539319947362,4.310854244977236,99.90674421353305,17.45263642117389
global,unrelated,100,70,0,REVOKE,context_version_changed_at_publish,20.01476241275668,7.364559918642044,99.90674421353305,17.45263642117389
global,unrelated,100,71,0,REVOKE,context_version_changed_at_publish,17.421318218111992,5.89448306709528,99.90674421353305,17.45263642117389
global,unrelated,100,72,0,REVOKE,context_version_changed_at_publish,18.5097292996943,7.307473104447126,99.90674421353305,17.45263642117389
global,unrelated,100,73,0,REVOKE,context_version_changed_at_publish,18.69079889729619,7.512778043746948,99.90674421353305,17.45263642117389
global,unrelated,100,74,1,EXECUTE,published_after_gate_recheck,16.46756986156106,4.755217116326094,99.90674421353305,17.45263642117389
global,unrelated,100,75,0,REVOKE,context_version_changed_at_publish,17.11045578122139,6.2337601557374,99.90674421353305,17.45263642117389
global,unrelated,100,76,0,REVOKE,context_version_changed_at_publish,17.496840097010136,6.64829695597291,99.90674421353305,17.45263642117389
global,unrelated,100,77,1,EXECUTE,published_after_gate_recheck,15.982910990715027,4.701445810496807,99.90674421353305,17.45263642117389
global,unrelated,100,78,1,EXECUTE,published_after_gate_recheck,18.470566254109144,4.491742700338364,99.90674421353305,17.45263642117389
global,unrelated,100,79,0,REVOKE,context_version_changed_at_publish,16.053935047239065,5.653952248394489,99.90674421353305,17.45263642117389
global,unrelated,100,80,0,REVOKE,context_version_changed_at_publish,19.0864410251379,9.21149319037795,99.90674421353305,17.45263642117389
global,unrelated,100,81,1,EXECUTE,published_after_gate_recheck,15.116055030375719,4.448091145604849,99.90674421353305,17.45263642117389
global,unrelated,100,82,0,REVOKE,context_version_changed_at_publish,17.112229019403458,6.002695765346289,99.90674421353305,17.45263642117389
global,unrelated,100,83,0,REVOKE,context_version_changed_at_publish,18.28836416825652,7.834301330149174,99.90674421353305,17.45263642117389
global,unrelated,100,84,0,REVOKE,context_version_changed_at_publish,20.510150585323572,9.329235181212425,99.90674421353305,17.45263642117389
global,unrelated,100,85,0,REVOKE,context_version_changed_at_publish,19.005538895726204,8.169619832187891,99.90674421353305,17.45263642117389
global,unrelated,100,86,1,EXECUTE,published_after_gate_recheck,16.02644333615899,4.708077758550644,99.90674421353305,17.45263642117389
global,unrelated,100,87,1,EXECUTE,published_after_gate_recheck,17.58289197459817,4.2423163540661335,99.90674421353305,17.45263642117389
global,unrelated,100,88,0,REVOKE,context_version_changed_at_publish,16.86413399875164,6.533231120556593,99.90674421353305,17.45263642117389
global,unrelated,100,89,0,REVOKE,context_version_changed_at_publish,19.04808869585395,8.805952966213226,99.90674421353305,17.45263642117389
global,unrelated,100,90,1,EXECUTE,published_after_gate_recheck,14.758264180272818,3.941260278224945,99.90674421353305,17.45263642117389
global,unrelated,100,91,0,REVOKE,context_version_changed_at_publish,18.177255988121033,6.488507147878408,99.90674421353305,17.45263642117389
global,unrelated,100,92,0,REVOKE,context_version_changed_at_publish,18.087859265506268,6.220945622771978,99.90674421353305,17.45263642117389
global,unrelated,100,93,0,REVOKE,context_version_changed_at_publish,20.62835218384862,8.942649234086275,99.90674421353305,17.45263642117389
global,unrelated,100,94,0,REVOKE,context_version_changed_at_publish,18.36786326020956,7.386261131614447,99.90674421353305,17.45263642117389
global,unrelated,100,95,1,EXECUTE,published_after_gate_recheck,15.13663399964571,4.430889151990414,99.90674421353305,17.45263642117389
global,unrelated,100,96,1,EXECUTE,published_after_gate_recheck,18.630145117640495,4.01783362030983,99.90674421353305,17.45263642117389
global,unrelated,100,97,0,REVOKE,context_version_changed_at_publish,17.78807584196329,6.5960390493273735,99.90674421353305,17.45263642117389
global,unrelated,100,98,0,REVOKE,context_version_changed_at_publish,18.32712721079588,7.416697684675455,99.90674421353305,17.45263642117389
global,unrelated,100,99,0,REVOKE,context_version_changed_at_publish,20.475394558161497,8.696747943758965,99.90674421353305,17.45263642117389
readset,unrelated,100,0,1,EXECUTE,published_after_gate_recheck,17.917107790708542,4.556084051728249,99.92809040005011,52.550783660529376
readset,unrelated,100,1,1,EXECUTE,published_after_gate_recheck,16.273575834929943,5.4702782072126865,99.92809040005011,52.550783660529376
readset,unrelated,100,2,1,EXECUTE,published_after_gate_recheck,17.52735720947385,7.580033969134092,99.92809040005011,52.550783660529376
readset,unrelated,100,3,1,EXECUTE,published_after_gate_recheck,15.946061816066504,4.481173120439053,99.92809040005011,52.550783660529376
readset,unrelated,100,4,1,EXECUTE,published_after_gate_recheck,17.16227224096656,6.54743704944849,99.92809040005011,52.550783660529376
readset,unrelated,100,5,1,EXECUTE,published_after_gate_recheck,18.690297845751047,7.205681875348091,99.92809040005011,52.550783660529376
readset,unrelated,100,6,1,EXECUTE,published_after_gate_recheck,19.60212690755725,6.801112554967403,99.92809040005011,52.550783660529376
readset,unrelated,100,7,1,EXECUTE,published_after_gate_recheck,19.428330939263105,8.006845135241747,99.92809040005011,52.550783660529376
readset,unrelated,100,8,1,EXECUTE,published_after_gate_recheck,20.802347920835018,10.15134621411562,99.92809040005011,52.550783660529376
readset,unrelated,100,9,1,EXECUTE,published_after_gate_recheck,18.934194929897785,8.078327868133783,99.92809040005011,52.550783660529376
readset,unrelated,100,10,1,EXECUTE,published_after_gate_recheck,16.002186574041843,4.851358011364937,99.92809040005011,52.550783660529376
readset,unrelated,100,11,1,EXECUTE,published_after_gate_recheck,17.074949108064175,4.005942028015852,99.92809040005011,52.550783660529376
readset,unrelated,100,12,1,EXECUTE,published_after_gate_recheck,16.82173414155841,6.282280199229717,99.92809040005011,52.550783660529376
readset,unrelated,100,13,1,EXECUTE,published_after_gate_recheck,20.125549286603928,8.722235914319754,99.92809040005011,52.550783660529376
readset,unrelated,100,14,1,EXECUTE,published_after_gate_recheck,15.003995969891548,4.669766873121262,99.92809040005011,52.550783660529376
readset,unrelated,100,15,1,EXECUTE,published_after_gate_recheck,19.089626148343086,4.766528960317373,99.92809040005011,52.550783660529376
readset,unrelated,100,16,1,EXECUTE,published_after_gate_recheck,17.67219789326191,6.35044788941741,99.92809040005011,52.550783660529376
readset,unrelated,100,17,1,EXECUTE,published_after_gate_recheck,18.810794223099947,6.1896974220871925,99.92809040005011,52.550783660529376
readset,unrelated,100,18,1,EXECUTE,published_after_gate_recheck,18.44698190689087,7.3225111700594425,99.92809040005011,52.550783660529376
readset,unrelated,100,19,1,EXECUTE,published_after_gate_recheck,20.887488033622503,9.865389671176672,99.92809040005011,52.550783660529376
readset,unrelated,100,20,1,EXECUTE,published_after_gate_recheck,18.758696038275957,8.615326136350632,99.92809040005011,52.550783660529376
readset,unrelated,100,21,1,EXECUTE,published_after_gate_recheck,14.835650101304054,4.195727873593569,99.92809040005011,52.550783660529376
readset,unrelated,100,22,1,EXECUTE,published_after_gate_recheck,19.517950247973204,4.54719690605998,99.92809040005011,52.550783660529376
readset,unrelated,100,23,1,EXECUTE,published_after_gate_recheck,17.59384199976921,6.71460060402751,99.92809040005011,52.550783660529376
readset,unrelated,100,24,1,EXECUTE,published_after_gate_recheck,18.97255703806877,7.677305955439806,99.92809040005011,52.550783660529376
readset,unrelated,100,25,1,EXECUTE,published_after_gate_recheck,20.154083147644997,8.711986243724823,99.92809040005011,52.550783660529376
readset,unrelated,100,26,1,EXECUTE,published_after_gate_recheck,18.098006956279278,7.301933132112026,99.92809040005011,52.550783660529376
readset,unrelated,100,27,1,EXECUTE,published_after_gate_recheck,14.349808916449547,4.172715358436108,99.92809040005011,52.550783660529376
readset,unrelated,100,28,1,EXECUTE,published_after_gate_recheck,16.94839121773839,6.536075845360756,99.92809040005011,52.550783660529376
readset,unrelated,100,29,1,EXECUTE,published_after_gate_recheck,20.056460052728653,8.28931387513876,99.92809040005011,52.550783660529376
readset,unrelated,100,30,1,EXECUTE,published_after_gate_recheck,19.72030894830823,8.894969709217548,99.92809040005011,52.550783660529376
readset,unrelated,100,31,1,EXECUTE,published_after_gate_recheck,19.414947368204594,8.673133328557014,99.92809040005011,52.550783660529376
readset,unrelated,100,32,1,EXECUTE,published_after_gate_recheck,20.37356374785304,9.54869482666254,99.92809040005011,52.550783660529376
readset,unrelated,100,33,1,EXECUTE,published_after_gate_recheck,19.423633348196745,8.437151089310646,99.92809040005011,52.550783660529376
readset,unrelated,100,34,1,EXECUTE,published_after_gate_recheck,20.586813800036907,8.969790302217007,99.92809040005011,52.550783660529376
readset,unrelated,100,35,1,EXECUTE,published_after_gate_recheck,18.99972790852189,8.534893859177828,99.92809040005011,52.550783660529376
readset,unrelated,100,36,1,EXECUTE,published_after_gate_recheck,15.45156491920352,4.553398117423058,99.92809040005011,52.550783660529376
readset,unrelated,100,37,1,EXECUTE,published_after_gate_recheck,25.645780842751265,8.470833767205477,99.92809040005011,52.550783660529376
readset,unrelated,100,38,1,EXECUTE,published_after_gate_recheck,19.786142744123936,7.561820093542337,99.92809040005011,52.550783660529376
readset,unrelated,100,39,1,EXECUTE,published_after_gate_recheck,19.235058687627316,6.9838957861065865,99.92809040005011,52.550783660529376
readset,unrelated,100,40,1,EXECUTE,published_after_gate_recheck,20.89296793565154,8.504838217049837,99.92809040005011,52.550783660529376
readset,unrelated,100,41,1,EXECUTE,published_after_gate_recheck,18.57333816587925,7.73458369076252,99.92809040005011,52.550783660529376
readset,unrelated,100,42,1,EXECUTE,published_after_gate_recheck,15.743130818009377,4.788809921592474,99.92809040005011,52.550783660529376
readset,unrelated,100,43,1,EXECUTE,published_after_gate_recheck,18.76865467056632,4.265587776899338,99.92809040005011,52.550783660529376
readset,unrelated,100,44,1,EXECUTE,published_after_gate_recheck,16.533493995666504,6.2102749943733215,99.92809040005011,52.550783660529376
readset,unrelated,100,45,1,EXECUTE,published_after_gate_recheck,18.915079068392515,7.627702783793211,99.92809040005011,52.550783660529376
readset,unrelated,100,46,1,EXECUTE,published_after_gate_recheck,20.47558594495058,9.697755798697472,99.92809040005011,52.550783660529376
readset,unrelated,100,47,1,EXECUTE,published_after_gate_recheck,19.117349293082952,7.985754869878292,99.92809040005011,52.550783660529376
readset,unrelated,100,48,1,EXECUTE,published_after_gate_recheck,20.487878937274218,8.597873151302338,99.92809040005011,52.550783660529376
readset,unrelated,100,49,1,EXECUTE,published_after_gate_recheck,19.933669827878475,8.519535884261131,99.92809040005011,52.550783660529376
readset,unrelated,100,50,1,EXECUTE,published_after_gate_recheck,20.995029713958502,9.041114244610071,99.92809040005011,52.550783660529376
readset,unrelated,100,51,1,EXECUTE,published_after_gate_recheck,18.09866912662983,7.424222305417061,99.92809040005011,52.550783660529376
readset,unrelated,100,52,1,EXECUTE,published_after_gate_recheck,15.455822926014662,4.555211868137121,99.92809040005011,52.550783660529376
readset,unrelated,100,53,1,EXECUTE,published_after_gate_recheck,19.60764778777957,4.264005925506353,99.92809040005011,52.550783660529376
readset,unrelated,100,54,1,EXECUTE,published_after_gate_recheck,19.87846614792943,4.1453843005001545,99.92809040005011,52.550783660529376
readset,unrelated,100,55,1,EXECUTE,published_after_gate_recheck,27.069029863923788,8.778451941907406,99.92809040005011,52.550783660529376
readset,unrelated,100,56,1,EXECUTE,published_after_gate_recheck,19.4764519110322,8.385635446757078,99.92809040005011,52.550783660529376
readset,unrelated,100,57,1,EXECUTE,published_after_gate_recheck,17.75530492886901,6.552266888320446,99.92809040005011,52.550783660529376
readset,unrelated,100,58,1,EXECUTE,published_after_gate_recheck,16.1184249445796,4.728327039629221,99.92809040005011,52.550783660529376
readset,unrelated,100,59,1,EXECUTE,published_after_gate_recheck,24.23908282071352,8.725662250071764,99.92809040005011,52.550783660529376
readset,unrelated,100,60,1,EXECUTE,published_after_gate_recheck,19.85899917781353,9.061771910637617,99.92809040005011,52.550783660529376
readset,unrelated,100,61,1,EXECUTE,published_after_gate_recheck,15.273751225322485,4.403225611895323,99.92809040005011,52.550783660529376
readset,unrelated,100,62,1,EXECUTE,published_after_gate_recheck,19.837459083646536,4.162145312875509,99.92809040005011,52.550783660529376
readset,unrelated,100,63,1,EXECUTE,published_after_gate_recheck,17.52793788909912,7.045691832900047,99.92809040005011,52.550783660529376
readset,unrelated,100,64,1,EXECUTE,published_after_gate_recheck,16.570954117923975,6.245381198823452,99.92809040005011,52.550783660529376
readset,unrelated,100,65,1,EXECUTE,published_after_gate_recheck,15.683799982070923,4.202109761536121,99.92809040005011,52.550783660529376
readset,unrelated,100,66,1,EXECUTE,published_after_gate_recheck,19.288438837975264,4.430417902767658,99.92809040005011,52.550783660529376
readset,unrelated,100,67,1,EXECUTE,published_after_gate_recheck,21.53943106532097,4.866134840995073,99.92809040005011,52.550783660529376
readset,unrelated,100,68,1,EXECUTE,published_after_gate_recheck,19.494635984301567,4.532759077847004,99.92809040005011,52.550783660529376
readset,unrelated,100,69,1,EXECUTE,published_after_gate_recheck,22.191253025084734,5.708835087716579,99.92809040005011,52.550783660529376
readset,unrelated,100,70,1,EXECUTE,published_after_gate_recheck,24.665202014148235,7.47262267395854,99.92809040005011,52.550783660529376
readset,unrelated,100,71,1,EXECUTE,published_after_gate_recheck,24.902547243982553,8.016843348741531,99.92809040005011,52.550783660529376
readset,unrelated,100,72,1,EXECUTE,published_after_gate_recheck,23.994334042072296,7.880216930061579,99.92809040005011,52.550783660529376
readset,unrelated,100,73,1,EXECUTE,published_after_gate_recheck,15.737360808998346,4.542517941445112,99.92809040005011,52.550783660529376
readset,unrelated,100,74,1,EXECUTE,published_after_gate_recheck,22.308132145553827,11.894374154508114,99.92809040005011,52.550783660529376
readset,unrelated,100,75,1,EXECUTE,published_after_gate_recheck,22.850689012557268,6.716635078191757,99.92809040005011,52.550783660529376
readset,unrelated,100,76,1,EXECUTE,published_after_gate_recheck,18.894872162491083,7.264693267643452,99.92809040005011,52.550783660529376
readset,unrelated,100,77,1,EXECUTE,published_after_gate_recheck,19.067415967583656,7.464708294719458,99.92809040005011,52.550783660529376
readset,unrelated,100,78,1,EXECUTE,published_after_gate_recheck,15.769992023706436,4.816822241991758,99.92809040005011,52.550783660529376
readset,unrelated,100,79,1,EXECUTE,published_after_gate_recheck,19.316541962325573,4.631364718079567,99.92809040005011,52.550783660529376
readset,unrelated,100,80,1,EXECUTE,published_after_gate_recheck,18.62175017595291,4.725420847535133,99.92809040005011,52.550783660529376
readset,unrelated,100,81,1,EXECUTE,published_after_gate_recheck,17.75032514706254,6.270930171012878,99.92809040005011,52.550783660529376
readset,unrelated,100,82,1,EXECUTE,published_after_gate_recheck,18.188427202403545,6.2318057753145695,99.92809040005011,52.550783660529376
readset,unrelated,100,83,1,EXECUTE,published_after_gate_recheck,15.069608110934496,4.677190911024809,99.92809040005011,52.550783660529376
readset,unrelated,100,84,1,EXECUTE,published_after_gate_recheck,19.47982795536518,4.929804243147373,99.92809040005011,52.550783660529376
readset,unrelated,100,85,1,EXECUTE,published_after_gate_recheck,23.73020863160491,7.500214967876673,99.92809040005011,52.550783660529376
readset,unrelated,100,86,1,EXECUTE,published_after_gate_recheck,15.88844321668148,4.534793086349964,99.92809040005011,52.550783660529376
readset,unrelated,100,87,1,EXECUTE,published_after_gate_recheck,20.33548289909959,4.573236219584942,99.92809040005011,52.550783660529376
readset,unrelated,100,88,1,EXECUTE,published_after_gate_recheck,18.72608531266451,4.7259521670639515,99.92809040005011,52.550783660529376
readset,unrelated,100,89,1,EXECUTE,published_after_gate_recheck,17.17223087325692,6.416060961782932,99.92809040005011,52.550783660529376
readset,unrelated,100,90,1,EXECUTE,published_after_gate_recheck,19.268522039055824,7.482179906219244,99.92809040005011,52.550783660529376
readset,unrelated,100,91,1,EXECUTE,published_after_gate_recheck,15.14199422672391,4.628548864275217,99.92809040005011,52.550783660529376
readset,unrelated,100,92,1,EXECUTE,published_after_gate_recheck,24.403321091085672,9.376232977956533,99.92809040005011,52.550783660529376
readset,unrelated,100,93,1,EXECUTE,published_after_gate_recheck,19.714918918907642,9.073385037481785,99.92809040005011,52.550783660529376
readset,unrelated,100,94,1,EXECUTE,published_after_gate_recheck,19.340006168931723,8.3955442532897,99.92809040005011,52.550783660529376
readset,unrelated,100,95,1,EXECUTE,published_after_gate_recheck,20.243579987436533,9.16631892323494,99.92809040005011,52.550783660529376
readset,unrelated,100,96,1,EXECUTE,published_after_gate_recheck,19.150751642882824,7.430914789438248,99.92809040005011,52.550783660529376
readset,unrelated,100,97,1,EXECUTE,published_after_gate_recheck,14.533412642776966,4.1725654155015945,99.92809040005011,52.550783660529376
readset,unrelated,100,98,1,EXECUTE,published_after_gate_recheck,17.361536156386137,5.997516214847565,99.92809040005011,52.550783660529376
readset,unrelated,100,99,1,EXECUTE,published_after_gate_recheck,18.93046824261546,7.489254232496023,99.92809040005011,52.550783660529376
truth,unrelated,100,0,1,EXECUTE,published_after_gate_recheck,17.994503024965525,4.357180092483759,99.94706588855611,53.08538582998045
truth,unrelated,100,1,1,EXECUTE,published_after_gate_recheck,19.54134413972497,4.497003275901079,99.94706588855611,53.08538582998045
truth,unrelated,100,2,1,EXECUTE,published_after_gate_recheck,19.669674802571535,4.61820000782609,99.94706588855611,53.08538582998045
truth,unrelated,100,3,1,EXECUTE,published_after_gate_recheck,17.402363009750843,6.149942055344582,99.94706588855611,53.08538582998045
truth,unrelated,100,4,1,EXECUTE,published_after_gate_recheck,18.432925920933485,6.864071823656559,99.94706588855611,53.08538582998045
truth,unrelated,100,5,1,EXECUTE,published_after_gate_recheck,19.71956668421626,9.288829285651445,99.94706588855611,53.08538582998045
truth,unrelated,100,6,1,EXECUTE,published_after_gate_recheck,18.63783923909068,7.249253802001476,99.94706588855611,53.08538582998045
truth,unrelated,100,7,1,EXECUTE,published_after_gate_recheck,16.215979121625423,4.4317711144685745,99.94706588855611,53.08538582998045
truth,unrelated,100,8,1,EXECUTE,published_after_gate_recheck,24.207602720707655,9.150890167802572,99.94706588855611,53.08538582998045
truth,unrelated,100,9,1,EXECUTE,published_after_gate_recheck,20.97494201734662,8.817083202302456,99.94706588855611,53.08538582998045
truth,unrelated,100,10,1,EXECUTE,published_after_gate_recheck,17.723294906318188,6.990598980337381,99.94706588855611,53.08538582998045
truth,unrelated,100,11,1,EXECUTE,published_after_gate_recheck,15.55048068985343,4.282820969820023,99.94706588855611,53.08538582998045
truth,unrelated,100,12,1,EXECUTE,published_after_gate_recheck,16.912965569645166,6.236033979803324,99.94706588855611,53.08538582998045
truth,unrelated,100,13,1,EXECUTE,published_after_gate_recheck,18.295598216354847,7.709526922553778,99.94706588855611,53.08538582998045
truth,unrelated,100,14,1,EXECUTE,published_after_gate_recheck,19.979004748165607,8.754135109484196,99.94706588855611,53.08538582998045
truth,unrelated,100,15,1,EXECUTE,published_after_gate_recheck,15.599091071635485,4.566432908177376,99.94706588855611,53.08538582998045
truth,unrelated,100,16,1,EXECUTE,published_after_gate_recheck,20.333650056272745,4.479479975998402,99.94706588855611,53.08538582998045
truth,unrelated,100,17,1,EXECUTE,published_after_gate_recheck,19.21021332964301,4.301777109503746,99.94706588855611,53.08538582998045
truth,unrelated,100,18,1,EXECUTE,published_after_gate_recheck,17.892842181026936,6.243478041142225,99.94706588855611,53.08538582998045
truth,unrelated,100,19,1,EXECUTE,published_after_gate_recheck,17.161481082439423,5.9126983396708965,99.94706588855611,53.08538582998045
truth,unrelated,100,20,1,EXECUTE,published_after_gate_recheck,16.388230957090855,4.648837260901928,99.94706588855611,53.08538582998045
truth,unrelated,100,21,1,EXECUTE,published_after_gate_recheck,23.05953111499548,9.063415229320526,99.94706588855611,53.08538582998045
truth,unrelated,100,22,1,EXECUTE,published_after_gate_recheck,21.03802002966404,9.291673079133034,99.94706588855611,53.08538582998045
truth,unrelated,100,23,1,EXECUTE,published_after_gate_recheck,19.760153722018003,8.160251658409834,99.94706588855611,53.08538582998045
truth,unrelated,100,24,1,EXECUTE,published_after_gate_recheck,16.396015882492065,4.183193668723106,99.94706588855611,53.08538582998045
truth,unrelated,100,25,1,EXECUTE,published_after_gate_recheck,25.836397893726826,11.074146255850792,99.94706588855611,53.08538582998045
truth,unrelated,100,26,1,EXECUTE,published_after_gate_recheck,18.627069424837828,6.88899913802743,99.94706588855611,53.08538582998045
truth,unrelated,100,27,1,EXECUTE,published_after_gate_recheck,19.838130101561546,8.085271809250116,99.94706588855611,53.08538582998045
truth,unrelated,100,28,1,EXECUTE,published_after_gate_recheck,18.07936280965805,4.486472811549902,99.94706588855611,53.08538582998045
truth,unrelated,100,29,1,EXECUTE,published_after_gate_recheck,21.891561336815357,9.16951522231102,99.94706588855611,53.08538582998045
truth,unrelated,100,30,1,EXECUTE,published_after_gate_recheck,22.007137071341276,7.293155882507563,99.94706588855611,53.08538582998045
truth,unrelated,100,31,1,EXECUTE,published_after_gate_recheck,23.660216946154833,6.663796026259661,99.94706588855611,53.08538582998045
truth,unrelated,100,32,1,EXECUTE,published_after_gate_recheck,23.75197922810912,9.824662934988737,99.94706588855611,53.08538582998045
truth,unrelated,100,33,1,EXECUTE,published_after_gate_recheck,18.547520972788334,7.344963029026985,99.94706588855611,53.08538582998045
truth,unrelated,100,34,1,EXECUTE,published_after_gate_recheck,14.373383019119501,4.127901047468185,99.94706588855611,53.08538582998045
truth,unrelated,100,35,1,EXECUTE,published_after_gate_recheck,19.799959380179644,4.668103065341711,99.94706588855611,53.08538582998045
truth,unrelated,100,36,1,EXECUTE,published_after_gate_recheck,17.131024040281773,6.3416319899261,99.94706588855611,53.08538582998045
truth,unrelated,100,37,1,EXECUTE,published_after_gate_recheck,18.41561170294881,7.314156275242567,99.94706588855611,53.08538582998045
truth,unrelated,100,38,1,EXECUTE,published_after_gate_recheck,14.457040000706911,4.748574923723936,99.94706588855611,53.08538582998045
truth,unrelated,100,39,1,EXECUTE,published_after_gate_recheck,17.0932631008327,5.989200435578823,99.94706588855611,53.08538582998045
truth,unrelated,100,40,1,EXECUTE,published_after_gate_recheck,17.443710006773472,5.824292078614235,99.94706588855611,53.08538582998045
truth,unrelated,100,41,1,EXECUTE,published_after_gate_recheck,15.801872126758099,4.763091914355755,99.94706588855611,53.08538582998045
truth,unrelated,100,42,1,EXECUTE,published_after_gate_recheck,19.206636119633913,4.440175835043192,99.94706588855611,53.08538582998045
truth,unrelated,100,43,1,EXECUTE,published_after_gate_recheck,17.227665055543184,6.8177152425050735,99.94706588855611,53.08538582998045
truth,unrelated,100,44,1,EXECUTE,published_after_gate_recheck,18.40714691206813,7.685752119868994,99.94706588855611,53.08538582998045
truth,unrelated,100,45,1,EXECUTE,published_after_gate_recheck,19.355776254087687,8.668194990605116,99.94706588855611,53.08538582998045
truth,unrelated,100,46,1,EXECUTE,published_after_gate_recheck,19.777435809373856,8.456446696072817,99.94706588855611,53.08538582998045
truth,unrelated,100,47,1,EXECUTE,published_after_gate_recheck,22.009461652487516,10.01115282997489,99.94706588855611,53.08538582998045
truth,unrelated,100,48,1,EXECUTE,published_after_gate_recheck,18.38930370286107,7.008261978626251,99.94706588855611,53.08538582998045
truth,unrelated,100,49,1,EXECUTE,published_after_gate_recheck,14.790074899792671,4.364384338259697,99.94706588855611,53.08538582998045
truth,unrelated,100,50,1,EXECUTE,published_after_gate_recheck,17.843259032815695,6.126048043370247,99.94706588855611,53.08538582998045
truth,unrelated,100,51,1,EXECUTE,published_after_gate_recheck,18.19284539669752,6.530196405947208,99.94706588855611,53.08538582998045
truth,unrelated,100,52,1,EXECUTE,published_after_gate_recheck,20.124337170273066,9.030885063111782,99.94706588855611,53.08538582998045
truth,unrelated,100,53,1,EXECUTE,published_after_gate_recheck,18.303642980754375,7.193900179117918,99.94706588855611,53.08538582998045
truth,unrelated,100,54,1,EXECUTE,published_after_gate_recheck,15.448309015482664,4.585237707942724,99.94706588855611,53.08538582998045
truth,unrelated,100,55,1,EXECUTE,published_after_gate_recheck,28.805445414036512,10.081353597342968,99.94706588855611,53.08538582998045
truth,unrelated,100,56,1,EXECUTE,published_after_gate_recheck,17.86833582445979,6.493656896054745,99.94706588855611,53.08538582998045
truth,unrelated,100,57,1,EXECUTE,published_after_gate_recheck,19.779820926487446,7.228904869407415,99.94706588855611,53.08538582998045
truth,unrelated,100,58,1,EXECUTE,published_after_gate_recheck,18.447653390467167,7.982378825545311,99.94706588855611,53.08538582998045
truth,unrelated,100,59,1,EXECUTE,published_after_gate_recheck,18.969160970300436,7.841063663363457,99.94706588855611,53.08538582998045
truth,unrelated,100,60,1,EXECUTE,published_after_gate_recheck,14.733378309756517,4.335569683462381,99.94706588855611,53.08538582998045
truth,unrelated,100,61,1,EXECUTE,published_after_gate_recheck,17.017892096191645,6.3847932033240795,99.94706588855611,53.08538582998045
truth,unrelated,100,62,1,EXECUTE,published_after_gate_recheck,19.616885110735893,8.395593147724867,99.94706588855611,53.08538582998045
truth,unrelated,100,63,1,EXECUTE,published_after_gate_recheck,18.3867490850389,7.326678838580847,99.94706588855611,53.08538582998045
truth,unrelated,100,64,1,EXECUTE,published_after_gate_recheck,15.496178064495325,4.391475114971399,99.94706588855611,53.08538582998045
truth,unrelated,100,65,1,EXECUTE,published_after_gate_recheck,17.62300729751587,7.05845607444644,99.94706588855611,53.08538582998045
truth,unrelated,100,66,1,EXECUTE,published_after_gate_recheck,17.99254911020398,6.626646965742111,99.94706588855611,53.08538582998045
truth,unrelated,100,67,1,EXECUTE,published_after_gate_recheck,19.789880141615868,8.1240339204669,99.94706588855611,53.08538582998045
truth,unrelated,100,68,1,EXECUTE,published_after_gate_recheck,19.73401615396142,8.651643991470337,99.94706588855611,53.08538582998045
truth,unrelated,100,69,1,EXECUTE,published_after_gate_recheck,14.94611706584692,4.034726414829493,99.94706588855611,53.08538582998045
truth,unrelated,100,70,1,EXECUTE,published_after_gate_recheck,20.1644622720778,5.088151898235083,99.94706588855611,53.08538582998045
truth,unrelated,100,71,1,EXECUTE,published_after_gate_recheck,26.597574818879366,6.471285130828619,99.94706588855611,53.08538582998045
truth,unrelated,100,72,1,EXECUTE,published_after_gate_recheck,20.700758323073387,9.34471283107996,99.94706588855611,53.08538582998045
truth,unrelated,100,73,1,EXECUTE,published_after_gate_recheck,17.748743295669556,6.844916380941868,99.94706588855611,53.08538582998045
truth,unrelated,100,74,1,EXECUTE,published_after_gate_recheck,25.927257724106312,8.348674979060888,99.94706588855611,53.08538582998045
truth,unrelated,100,75,1,EXECUTE,published_after_gate_recheck,18.016855232417583,6.36715954169631,99.94706588855611,53.08538582998045
truth,unrelated,100,76,1,EXECUTE,published_after_gate_recheck,20.04606043919921,8.287351112812757,99.94706588855611,53.08538582998045
truth,unrelated,100,77,1,EXECUTE,published_after_gate_recheck,15.761996153742075,5.387162324041128,99.94706588855611,53.08538582998045
truth,unrelated,100,78,1,EXECUTE,published_after_gate_recheck,19.502260256558657,9.13725420832634,99.94706588855611,53.08538582998045
truth,unrelated,100,79,1,EXECUTE,published_after_gate_recheck,14.857110101729631,4.640861880034208,99.94706588855611,53.08538582998045
truth,unrelated,100,80,1,EXECUTE,published_after_gate_recheck,19.637865014374256,4.5648496598005295,99.94706588855611,53.08538582998045
truth,unrelated,100,81,1,EXECUTE,published_after_gate_recheck,16.703462228178978,6.426199804991484,99.94706588855611,53.08538582998045
truth,unrelated,100,82,1,EXECUTE,published_after_gate_recheck,19.574967212975025,8.03470704704523,99.94706588855611,53.08538582998045
truth,unrelated,100,83,1,EXECUTE,published_after_gate_recheck,18.553380854427814,6.792827043682337,99.94706588855611,53.08538582998045
truth,unrelated,100,84,1,EXECUTE,published_after_gate_recheck,19.220270682126284,8.462017867714167,99.94706588855611,53.08538582998045
truth,unrelated,100,85,1,EXECUTE,published_after_gate_recheck,15.204111114144325,4.563977941870689,99.94706588855611,53.08538582998045
truth,unrelated,100,86,1,EXECUTE,published_after_gate_recheck,17.21259718760848,6.2567731365561485,99.94706588855611,53.08538582998045
truth,unrelated,100,87,1,EXECUTE,published_after_gate_recheck,18.804321996867657,7.998498622328043,99.94706588855611,53.08538582998045
truth,unrelated,100,88,1,EXECUTE,published_after_gate_recheck,14.989449176937342,4.326301626861095,99.94706588855611,53.08538582998045
truth,unrelated,100,89,1,EXECUTE,published_after_gate_recheck,19.56286421045661,4.862909205257893,99.94706588855611,53.08538582998045
truth,unrelated,100,90,1,EXECUTE,published_after_gate_recheck,16.72601466998458,5.664160940796137,99.94706588855611,53.08538582998045
truth,unrelated,100,91,1,EXECUTE,published_after_gate_recheck,17.80940592288971,7.275774143636227,99.94706588855611,53.08538582998045
truth,unrelated,100,92,1,EXECUTE,published_after_gate_recheck,20.64026379957795,9.383456315845251,99.94706588855611,53.08538582998045
truth,unrelated,100,93,1,EXECUTE,published_after_gate_recheck,19.27345199510455,8.351861964911222,99.94706588855611,53.08538582998045
truth,unrelated,100,94,1,EXECUTE,published_after_gate_recheck,15.853077173233032,5.6858123280107975,99.94706588855611,53.08538582998045
truth,unrelated,100,95,1,EXECUTE,published_after_gate_recheck,22.53583911806345,7.377243135124445,99.94706588855611,53.08538582998045
truth,unrelated,100,96,1,EXECUTE,published_after_gate_recheck,16.169219743460417,4.1412352584302425,99.94706588855611,53.08538582998045
truth,unrelated,100,97,1,EXECUTE,published_after_gate_recheck,19.1938322968781,6.290024612098932,99.94706588855611,53.08538582998045
truth,unrelated,100,98,1,EXECUTE,published_after_gate_recheck,18.720023799687624,7.096787914633751,99.94706588855611,53.08538582998045
truth,unrelated,100,99,1,EXECUTE,published_after_gate_recheck,18.1774259544909,6.3645741902291775,99.94706588855611,53.08538582998045
opa,unrelated,100,0,1,EXECUTE,opa_allowed_at_gate,11.650226078927517,3.5327449440956116,99.87695814334943,105.02051640925053
opa,unrelated,100,1,1,EXECUTE,opa_allowed_at_gate,9.576267097145319,3.189690876752138,99.87695814334943,105.02051640925053
opa,unrelated,100,2,1,EXECUTE,opa_allowed_at_gate,9.054618887603283,3.0225678347051144,99.87695814334943,105.02051640925053
opa,unrelated,100,3,1,EXECUTE,opa_allowed_at_gate,9.779639076441526,2.9076221399009228,99.87695814334943,105.02051640925053
opa,unrelated,100,4,1,EXECUTE,opa_allowed_at_gate,9.758930187672377,3.163853194564581,99.87695814334943,105.02051640925053
opa,unrelated,100,5,1,EXECUTE,opa_allowed_at_gate,9.284459985792637,3.205541055649519,99.87695814334943,105.02051640925053
opa,unrelated,100,6,1,EXECUTE,opa_allowed_at_gate,9.41557576879859,2.6989709585905075,99.87695814334943,105.02051640925053
opa,unrelated,100,7,1,EXECUTE,opa_allowed_at_gate,9.202216286212206,2.9866411350667477,99.87695814334943,105.02051640925053
opa,unrelated,100,8,1,EXECUTE,opa_allowed_at_gate,8.791595697402954,2.980148885399103,99.87695814334943,105.02051640925053
opa,unrelated,100,9,1,EXECUTE,opa_allowed_at_gate,9.138226043432951,3.2599130645394325,99.87695814334943,105.02051640925053
opa,unrelated,100,10,1,EXECUTE,opa_allowed_at_gate,9.41993435844779,3.2307286746799946,99.87695814334943,105.02051640925053
opa,unrelated,100,11,1,EXECUTE,opa_allowed_at_gate,9.242540691047907,2.9324092902243137,99.87695814334943,105.02051640925053
opa,unrelated,100,12,1,EXECUTE,opa_allowed_at_gate,9.165887720882893,3.146770875900984,99.87695814334943,105.02051640925053
opa,unrelated,100,13,1,EXECUTE,opa_allowed_at_gate,9.36621380969882,3.3119297586381435,99.87695814334943,105.02051640925053
opa,unrelated,100,14,1,EXECUTE,opa_allowed_at_gate,9.362185839563608,3.3055488020181656,99.87695814334943,105.02051640925053
opa,unrelated,100,15,1,EXECUTE,opa_allowed_at_gate,8.898015134036541,3.0204239301383495,99.87695814334943,105.02051640925053
opa,unrelated,100,16,1,EXECUTE,opa_allowed_at_gate,9.757407940924168,3.2989857718348503,99.87695814334943,105.02051640925053
opa,unrelated,100,17,1,EXECUTE,opa_allowed_at_gate,8.987142238765955,3.0555701814591885,99.87695814334943,105.02051640925053
opa,unrelated,100,18,1,EXECUTE,opa_allowed_at_gate,10.362432338297367,2.9103970155119896,99.87695814334943,105.02051640925053
opa,unrelated,100,19,1,EXECUTE,opa_allowed_at_gate,9.506565984338522,3.4418548457324505,99.87695814334943,105.02051640925053
opa,unrelated,100,20,1,EXECUTE,opa_allowed_at_gate,9.167772252112627,2.892092801630497,99.87695814334943,105.02051640925053
opa,unrelated,100,21,1,EXECUTE,opa_allowed_at_gate,9.220098610967398,2.8874347917735577,99.87695814334943,105.02051640925053
opa,unrelated,100,22,1,EXECUTE,opa_allowed_at_gate,10.581421665847301,3.3124717883765697,99.87695814334943,105.02051640925053
opa,unrelated,100,23,1,EXECUTE,opa_allowed_at_gate,10.364225134253502,3.169653005897999,99.87695814334943,105.02051640925053
opa,unrelated,100,24,1,EXECUTE,opa_allowed_at_gate,10.387699119746685,3.705668728798628,99.87695814334943,105.02051640925053
opa,unrelated,100,25,1,EXECUTE,opa_allowed_at_gate,9.637332055717707,3.128906711935997,99.87695814334943,105.02051640925053
opa,unrelated,100,26,1,EXECUTE,opa_allowed_at_gate,9.582559112459421,3.3868998289108276,99.87695814334943,105.02051640925053
opa,unrelated,100,27,1,EXECUTE,opa_allowed_at_gate,9.051172062754631,3.266585059463978,99.87695814334943,105.02051640925053
opa,unrelated,100,28,1,EXECUTE,opa_allowed_at_gate,9.187828749418259,3.056812100112438,99.87695814334943,105.02051640925053
opa,unrelated,100,29,1,EXECUTE,opa_allowed_at_gate,9.578702040016651,2.893676981329918,99.87695814334943,105.02051640925053
opa,unrelated,100,30,1,EXECUTE,opa_allowed_at_gate,9.660935960710049,2.6841540820896626,99.87695814334943,105.02051640925053
opa,unrelated,100,31,1,EXECUTE,opa_allowed_at_gate,11.148504912853241,3.209768794476986,99.87695814334943,105.02051640925053
opa,unrelated,100,32,1,EXECUTE,opa_allowed_at_gate,12.082858011126518,3.165175672620535,99.87695814334943,105.02051640925053
opa,unrelated,100,33,1,EXECUTE,opa_allowed_at_gate,9.349672123789787,3.1216838397085667,99.87695814334943,105.02051640925053
opa,unrelated,100,34,1,EXECUTE,opa_allowed_at_gate,10.304662864655256,3.3048572950065136,99.87695814334943,105.02051640925053
opa,unrelated,100,35,1,EXECUTE,opa_allowed_at_gate,9.781021159142256,3.7215189076960087,99.87695814334943,105.02051640925053
opa,unrelated,100,36,1,EXECUTE,opa_allowed_at_gate,10.222960263490677,3.4465529024600983,99.87695814334943,105.02051640925053
opa,unrelated,100,37,1,EXECUTE,opa_allowed_at_gate,12.717898935079575,6.629832088947296,99.87695814334943,105.02051640925053
opa,unrelated,100,38,1,EXECUTE,opa_allowed_at_gate,9.515324141830206,3.400196321308613,99.87695814334943,105.02051640925053
opa,unrelated,100,39,1,EXECUTE,opa_allowed_at_gate,9.396180044859648,3.448125906288624,99.87695814334943,105.02051640925053
opa,unrelated,100,40,1,EXECUTE,opa_allowed_at_gate,10.349126998335123,3.6769951693713665,99.87695814334943,105.02051640925053
opa,unrelated,100,41,1,EXECUTE,opa_allowed_at_gate,9.016947820782661,3.202965948730707,99.87695814334943,105.02051640925053
opa,unrelated,100,42,1,EXECUTE,opa_allowed_at_gate,9.462292771786451,3.747026901692152,99.87695814334943,105.02051640925053
opa,unrelated,100,43,1,EXECUTE,opa_allowed_at_gate,8.856758009642363,2.939090598374605,99.87695814334943,105.02051640925053
opa,unrelated,100,44,1,EXECUTE,opa_allowed_at_gate,9.329695254564285,2.890631090849638,99.87695814334943,105.02051640925053
opa,unrelated,100,45,1,EXECUTE,opa_allowed_at_gate,9.045992977917194,3.069134894758463,99.87695814334943,105.02051640925053
opa,unrelated,100,46,1,EXECUTE,opa_allowed_at_gate,8.711094968020916,2.922170329838991,99.87695814334943,105.02051640925053
opa,unrelated,100,47,1,EXECUTE,opa_allowed_at_gate,8.87931976467371,2.8264299035072327,99.87695814334943,105.02051640925053
opa,unrelated,100,48,1,EXECUTE,opa_allowed_at_gate,9.920203126966953,3.209196962416172,99.87695814334943,105.02051640925053
opa,unrelated,100,49,1,EXECUTE,opa_allowed_at_gate,8.617118932306767,2.9105469584465027,99.87695814334943,105.02051640925053
opa,unrelated,100,50,1,EXECUTE,opa_allowed_at_gate,9.40142897889018,3.4675118513405323,99.87695814334943,105.02051640925053
opa,unrelated,100,51,1,EXECUTE,opa_allowed_at_gate,9.126184042543173,3.1619900837540627,99.87695814334943,105.02051640925053
opa,unrelated,100,52,1,EXECUTE,opa_allowed_at_gate,9.22878598794341,3.304025623947382,99.87695814334943,105.02051640925053
opa,unrelated,100,53,1,EXECUTE,opa_allowed_at_gate,9.592788759618998,3.5158228129148483,99.87695814334943,105.02051640925053
opa,unrelated,100,54,1,EXECUTE,opa_allowed_at_gate,8.784251753240824,3.111644648015499,99.87695814334943,105.02051640925053
opa,unrelated,100,55,1,EXECUTE,opa_allowed_at_gate,9.167830925434828,2.9872222803533077,99.87695814334943,105.02051640925053
opa,unrelated,100,56,1,EXECUTE,opa_allowed_at_gate,8.818035945296288,3.0211051926016808,99.87695814334943,105.02051640925053
opa,unrelated,100,57,1,EXECUTE,opa_allowed_at_gate,9.307692758738995,2.852568868547678,99.87695814334943,105.02051640925053
opa,unrelated,100,58,1,EXECUTE,opa_allowed_at_gate,9.396611247211695,3.2417690381407738,99.87695814334943,105.02051640925053
opa,unrelated,100,59,1,EXECUTE,opa_allowed_at_gate,9.704668074846268,3.9573507383465767,99.87695814334943,105.02051640925053
opa,unrelated,100,60,1,EXECUTE,opa_allowed_at_gate,9.77353798225522,3.1850533559918404,99.87695814334943,105.02051640925053
opa,unrelated,100,61,1,EXECUTE,opa_allowed_at_gate,9.735064581036568,2.7973861433565617,99.87695814334943,105.02051640925053
opa,unrelated,100,62,1,EXECUTE,opa_allowed_at_gate,9.547643829137087,3.0761491507291794,99.87695814334943,105.02051640925053
opa,unrelated,100,63,1,EXECUTE,opa_allowed_at_gate,9.006207808852196,2.7422718703746796,99.87695814334943,105.02051640925053
opa,unrelated,100,64,1,EXECUTE,opa_allowed_at_gate,9.097408968955278,2.7394467033445835,99.87695814334943,105.02051640925053
opa,unrelated,100,65,1,EXECUTE,opa_allowed_at_gate,8.909056428819895,2.8626578859984875,99.87695814334943,105.02051640925053
opa,unrelated,100,66,1,EXECUTE,opa_allowed_at_gate,9.662318974733353,3.187676891684532,99.87695814334943,105.02051640925053
opa,unrelated,100,67,1,EXECUTE,opa_allowed_at_gate,8.882968220859766,2.9873820021748543,99.87695814334943,105.02051640925053
opa,unrelated,100,68,1,EXECUTE,opa_allowed_at_gate,9.363818913698196,3.2226531766355038,99.87695814334943,105.02051640925053
opa,unrelated,100,69,1,EXECUTE,opa_allowed_at_gate,9.502239059656858,3.229385707527399,99.87695814334943,105.02051640925053
opa,unrelated,100,70,1,EXECUTE,opa_allowed_at_gate,9.32223116979003,3.0712992884218693,99.87695814334943,105.02051640925053
opa,unrelated,100,71,1,EXECUTE,opa_allowed_at_gate,9.843648876994848,3.1661069951951504,99.87695814334943,105.02051640925053
opa,unrelated,100,72,1,EXECUTE,opa_allowed_at_gate,8.814789354801178,2.9277601279318333,99.87695814334943,105.02051640925053
opa,unrelated,100,73,1,EXECUTE,opa_allowed_at_gate,9.092601016163826,3.1879781745374203,99.87695814334943,105.02051640925053
opa,unrelated,100,74,1,EXECUTE,opa_allowed_at_gate,9.627623949199915,3.079385031014681,99.87695814334943,105.02051640925053
opa,unrelated,100,75,1,EXECUTE,opa_allowed_at_gate,9.95861366391182,2.907061018049717,99.87695814334943,105.02051640925053
opa,unrelated,100,76,1,EXECUTE,opa_allowed_at_gate,9.04038269072771,2.8860708698630333,99.87695814334943,105.02051640925053
opa,unrelated,100,77,1,EXECUTE,opa_allowed_at_gate,9.404836222529411,2.9401141218841076,99.87695814334943,105.02051640925053
opa,unrelated,100,78,1,EXECUTE,opa_allowed_at_gate,9.50686726719141,3.1256512738764286,99.87695814334943,105.02051640925053
opa,unrelated,100,79,1,EXECUTE,opa_allowed_at_gate,9.52604366466403,3.3466252498328686,99.87695814334943,105.02051640925053
opa,unrelated,100,80,1,EXECUTE,opa_allowed_at_gate,9.180976077914238,2.7756248600780964,99.87695814334943,105.02051640925053
opa,unrelated,100,81,1,EXECUTE,opa_allowed_at_gate,9.745083749294281,3.808912355452776,99.87695814334943,105.02051640925053
opa,unrelated,100,82,1,EXECUTE,opa_allowed_at_gate,9.513920173048973,3.1832288950681686,99.87695814334943,105.02051640925053
opa,unrelated,100,83,1,EXECUTE,opa_allowed_at_gate,9.006990119814873,2.9393709264695644,99.87695814334943,105.02051640925053
opa,unrelated,100,84,1,EXECUTE,opa_allowed_at_gate,9.058536030352116,2.812795341014862,99.87695814334943,105.02051640925053
opa,unrelated,100,85,1,EXECUTE,opa_allowed_at_gate,9.12499101832509,3.245806787163019,99.87695814334943,105.02051640925053
opa,unrelated,100,86,1,EXECUTE,opa_allowed_at_gate,9.604349732398987,3.103869967162609,99.87695814334943,105.02051640925053
opa,unrelated,100,87,1,EXECUTE,opa_allowed_at_gate,8.909886702895164,3.1220349483191967,99.87695814334943,105.02051640925053
opa,unrelated,100,88,1,EXECUTE,opa_allowed_at_gate,9.769589640200138,3.605751320719719,99.87695814334943,105.02051640925053
opa,unrelated,100,89,1,EXECUTE,opa_allowed_at_gate,8.804130367934704,3.3030943013727665,99.87695814334943,105.02051640925053
opa,unrelated,100,90,1,EXECUTE,opa_allowed_at_gate,9.41411405801773,3.174262121319771,99.87695814334943,105.02051640925053
opa,unrelated,100,91,1,EXECUTE,opa_allowed_at_gate,9.75892972201109,3.491878043860197,99.87695814334943,105.02051640925053
opa,unrelated,100,92,1,EXECUTE,opa_allowed_at_gate,8.852990809828043,2.855694852769375,99.87695814334943,105.02051640925053
opa,unrelated,100,93,1,EXECUTE,opa_allowed_at_gate,9.161970112472773,3.1177056953310966,99.87695814334943,105.02051640925053
opa,unrelated,100,94,1,EXECUTE,opa_allowed_at_gate,9.220520034432411,3.1284871511161327,99.87695814334943,105.02051640925053
opa,unrelated,100,95,1,EXECUTE,opa_allowed_at_gate,8.875933941453695,2.837489824742079,99.87695814334943,105.02051640925053
opa,unrelated,100,96,1,EXECUTE,opa_allowed_at_gate,8.846208918839693,2.8042891062796116,99.87695814334943,105.02051640925053
opa,unrelated,100,97,1,EXECUTE,opa_allowed_at_gate,8.472849149256945,2.916860394179821,99.87695814334943,105.02051640925053
opa,unrelated,100,98,1,EXECUTE,opa_allowed_at_gate,8.892364799976349,2.9338919557631016,99.87695814334943,105.02051640925053
opa,unrelated,100,99,1,EXECUTE,opa_allowed_at_gate,9.27386013790965,3.217753954231739,99.87695814334943,105.02051640925053
opa_readset,unrelated,100,0,1,EXECUTE,opa_allowed_at_gate,10.813727974891663,3.2254881225526333,99.86793548363697,107.46901493949036
opa_readset,unrelated,100,1,1,EXECUTE,opa_allowed_at_gate,9.418281260877848,3.329673781991005,99.86793548363697,107.46901493949036
opa_readset,unrelated,100,2,1,EXECUTE,opa_allowed_at_gate,11.745243798941374,3.987206146121025,99.86793548363697,107.46901493949036
opa_readset,unrelated,100,3,1,EXECUTE,opa_allowed_at_gate,9.603708982467651,3.021285869181156,99.86793548363697,107.46901493949036
opa_readset,unrelated,100,4,1,EXECUTE,opa_allowed_at_gate,9.895507246255875,3.3688568510115147,99.86793548363697,107.46901493949036
opa_readset,unrelated,100,5,1,EXECUTE,opa_allowed_at_gate,9.547743946313858,3.628253936767578,99.86793548363697,107.46901493949036
opa_readset,unrelated,100,6,1,EXECUTE,opa_allowed_at_gate,8.651402778923512,2.8529097326099873,99.86793548363697,107.46901493949036
opa_readset,unrelated,100,7,1,EXECUTE,opa_allowed_at_gate,10.020399931818247,3.3004689030349255,99.86793548363697,107.46901493949036
opa_readset,unrelated,100,8,1,EXECUTE,opa_allowed_at_gate,8.646022994071245,2.7115140110254288,99.86793548363697,107.46901493949036
opa_readset,unrelated,100,9,1,EXECUTE,opa_allowed_at_gate,9.144747629761696,2.9848571866750717,99.86793548363697,107.46901493949036
opa_readset,unrelated,100,10,1,EXECUTE,opa_allowed_at_gate,8.669706992805004,2.8017940931022167,99.86793548363697,107.46901493949036
opa_readset,unrelated,100,11,1,EXECUTE,opa_allowed_at_gate,9.278438985347748,2.9228911735117435,99.86793548363697,107.46901493949036
opa_readset,unrelated,100,12,1,EXECUTE,opa_allowed_at_gate,9.137514047324657,2.9336921870708466,99.86793548363697,107.46901493949036
opa_readset,unrelated,100,13,1,EXECUTE,opa_allowed_at_gate,8.895840961486101,2.928011119365692,99.86793548363697,107.46901493949036
opa_readset,unrelated,100,14,1,EXECUTE,opa_allowed_at_gate,9.198969695717096,3.3926418982446194,99.86793548363697,107.46901493949036
opa_readset,unrelated,100,15,1,EXECUTE,opa_allowed_at_gate,9.054799098521471,3.000035881996155,99.86793548363697,107.46901493949036
opa_readset,unrelated,100,16,1,EXECUTE,opa_allowed_at_gate,9.213686920702457,3.412859980016947,99.86793548363697,107.46901493949036
opa_readset,unrelated,100,17,1,EXECUTE,opa_allowed_at_gate,9.327109903097153,3.3073117956519127,99.86793548363697,107.46901493949036
opa_readset,unrelated,100,18,1,EXECUTE,opa_allowed_at_gate,8.870924822986126,3.2294047996401787,99.86793548363697,107.46901493949036
opa_readset,unrelated,100,19,1,EXECUTE,opa_allowed_at_gate,9.398635011166334,2.945713698863983,99.86793548363697,107.46901493949036
opa_readset,unrelated,100,20,1,EXECUTE,opa_allowed_at_gate,9.23954602330923,3.111934754997492,99.86793548363697,107.46901493949036
opa_readset,unrelated,100,21,1,EXECUTE,opa_allowed_at_gate,9.76352859288454,3.4511620178818703,99.86793548363697,107.46901493949036
opa_readset,unrelated,100,22,1,EXECUTE,opa_allowed_at_gate,9.793825913220644,3.2798806205391884,99.86793548363697,107.46901493949036
opa_readset,unrelated,100,23,1,EXECUTE,opa_allowed_at_gate,10.445508174598217,4.040677100419998,99.86793548363697,107.46901493949036
opa_readset,unrelated,100,24,1,EXECUTE,opa_allowed_at_gate,8.963088039308786,3.0210446566343307,99.86793548363697,107.46901493949036
opa_readset,unrelated,100,25,1,EXECUTE,opa_allowed_at_gate,9.670964907854795,2.9813600704073906,99.86793548363697,107.46901493949036
opa_readset,unrelated,100,26,1,EXECUTE,opa_allowed_at_gate,10.417053941637278,3.282566089183092,99.86793548363697,107.46901493949036
opa_readset,unrelated,100,27,1,EXECUTE,opa_allowed_at_gate,10.05585677921772,3.0238712206482887,99.86793548363697,107.46901493949036
opa_readset,unrelated,100,28,1,EXECUTE,opa_allowed_at_gate,10.26496896520257,4.173575900495052,99.86793548363697,107.46901493949036
opa_readset,unrelated,100,29,1,EXECUTE,opa_allowed_at_gate,9.848257061094046,3.358147107064724,99.86793548363697,107.46901493949036
opa_readset,unrelated,100,30,1,EXECUTE,opa_allowed_at_gate,9.11444192752242,3.1806943006813526,99.86793548363697,107.46901493949036
opa_readset,unrelated,100,31,1,EXECUTE,opa_allowed_at_gate,8.9799789711833,3.1507080420851707,99.86793548363697,107.46901493949036
opa_readset,unrelated,100,32,1,EXECUTE,opa_allowed_at_gate,8.863280061632395,2.9433388262987137,99.86793548363697,107.46901493949036
opa_readset,unrelated,100,33,1,EXECUTE,opa_allowed_at_gate,9.65261971578002,3.4234090708196163,99.86793548363697,107.46901493949036
opa_readset,unrelated,100,34,1,EXECUTE,opa_allowed_at_gate,9.235979057848454,3.2551842741668224,99.86793548363697,107.46901493949036
opa_readset,unrelated,100,35,1,EXECUTE,opa_allowed_at_gate,9.569165296852589,3.4804455935955048,99.86793548363697,107.46901493949036
opa_readset,unrelated,100,36,1,EXECUTE,opa_allowed_at_gate,8.893266785889864,2.7190488763153553,99.86793548363697,107.46901493949036
opa_readset,unrelated,100,37,1,EXECUTE,opa_allowed_at_gate,9.469817858189344,3.616450820118189,99.86793548363697,107.46901493949036
opa_readset,unrelated,100,38,1,EXECUTE,opa_allowed_at_gate,9.151620790362358,3.039158880710602,99.86793548363697,107.46901493949036
opa_readset,unrelated,100,39,1,EXECUTE,opa_allowed_at_gate,8.840146940201521,2.940583974123001,99.86793548363697,107.46901493949036
opa_readset,unrelated,100,40,1,EXECUTE,opa_allowed_at_gate,9.25522530451417,2.7787499129772186,99.86793548363697,107.46901493949036
opa_readset,unrelated,100,41,1,EXECUTE,opa_allowed_at_gate,9.367746766656637,3.32607701420784,99.86793548363697,107.46901493949036
opa_readset,unrelated,100,42,1,EXECUTE,opa_allowed_at_gate,9.168954100459814,2.911980729550123,99.86793548363697,107.46901493949036
opa_readset,unrelated,100,43,1,EXECUTE,opa_allowed_at_gate,8.945825044065714,3.005174919962883,99.86793548363697,107.46901493949036
opa_readset,unrelated,100,44,1,EXECUTE,opa_allowed_at_gate,9.122827090322971,3.220799844712019,99.86793548363697,107.46901493949036
opa_readset,unrelated,100,45,1,EXECUTE,opa_allowed_at_gate,9.944797959178686,4.622338339686394,99.86793548363697,107.46901493949036
opa_readset,unrelated,100,46,1,EXECUTE,opa_allowed_at_gate,10.168849024921656,3.480796702206135,99.86793548363697,107.46901493949036
opa_readset,unrelated,100,47,1,EXECUTE,opa_allowed_at_gate,9.45251528173685,2.9384195804595947,99.86793548363697,107.46901493949036
opa_readset,unrelated,100,48,1,EXECUTE,opa_allowed_at_gate,9.011868853121996,3.0088117346167564,99.86793548363697,107.46901493949036
opa_readset,unrelated,100,49,1,EXECUTE,opa_allowed_at_gate,8.854384068399668,2.6914067566394806,99.86793548363697,107.46901493949036
opa_readset,unrelated,100,50,1,EXECUTE,opa_allowed_at_gate,8.82371561601758,3.179381601512432,99.86793548363697,107.46901493949036
opa_readset,unrelated,100,51,1,EXECUTE,opa_allowed_at_gate,8.599685970693827,3.03052319213748,99.86793548363697,107.46901493949036
opa_readset,unrelated,100,52,1,EXECUTE,opa_allowed_at_gate,9.331808891147375,3.024943172931671,99.86793548363697,107.46901493949036
opa_readset,unrelated,100,53,1,EXECUTE,opa_allowed_at_gate,9.199100080877542,3.1571397557854652,99.86793548363697,107.46901493949036
opa_readset,unrelated,100,54,1,EXECUTE,opa_allowed_at_gate,8.457629941403866,2.9342221096158028,99.86793548363697,107.46901493949036
opa_readset,unrelated,100,55,1,EXECUTE,opa_allowed_at_gate,8.909045718610287,2.9083327390253544,99.86793548363697,107.46901493949036
opa_readset,unrelated,100,56,1,EXECUTE,opa_allowed_at_gate,9.060190059244633,3.0033220537006855,99.86793548363697,107.46901493949036
opa_readset,unrelated,100,57,1,EXECUTE,opa_allowed_at_gate,10.056057013571262,3.1518996693193913,99.86793548363697,107.46901493949036
opa_readset,unrelated,100,58,1,EXECUTE,opa_allowed_at_gate,8.671020157635212,2.8703128919005394,99.86793548363697,107.46901493949036
opa_readset,unrelated,100,59,1,EXECUTE,opa_allowed_at_gate,9.189772885292768,3.367103636264801,99.86793548363697,107.46901493949036
opa_readset,unrelated,100,60,1,EXECUTE,opa_allowed_at_gate,8.917091879993677,2.818384673446417,99.86793548363697,107.46901493949036
opa_readset,unrelated,100,61,1,EXECUTE,opa_allowed_at_gate,8.887376170605421,3.1805839389562607,99.86793548363697,107.46901493949036
opa_readset,unrelated,100,62,1,EXECUTE,opa_allowed_at_gate,8.999835699796677,3.2572480849921703,99.86793548363697,107.46901493949036
opa_readset,unrelated,100,63,1,EXECUTE,opa_allowed_at_gate,9.096326772123575,3.189641050994396,99.86793548363697,107.46901493949036
opa_readset,unrelated,100,64,1,EXECUTE,opa_allowed_at_gate,9.354762267321348,3.5826480016112328,99.86793548363697,107.46901493949036
opa_readset,unrelated,100,65,1,EXECUTE,opa_allowed_at_gate,8.966173976659775,3.0143321491777897,99.86793548363697,107.46901493949036
opa_readset,unrelated,100,66,1,EXECUTE,opa_allowed_at_gate,9.099373128265142,3.2309778034687042,99.86793548363697,107.46901493949036
opa_readset,unrelated,100,67,1,EXECUTE,opa_allowed_at_gate,10.701527819037437,4.035577178001404,99.86793548363697,107.46901493949036
opa_readset,unrelated,100,68,1,EXECUTE,opa_allowed_at_gate,9.57421399652958,3.433829639106989,99.86793548363697,107.46901493949036
opa_readset,unrelated,100,69,1,EXECUTE,opa_allowed_at_gate,8.923192974179983,2.874661237001419,99.86793548363697,107.46901493949036
opa_readset,unrelated,100,70,1,EXECUTE,opa_allowed_at_gate,9.072331711649895,2.958797849714756,99.86793548363697,107.46901493949036
opa_readset,unrelated,100,71,1,EXECUTE,opa_allowed_at_gate,8.752433117479086,2.8340639546513557,99.86793548363697,107.46901493949036
opa_readset,unrelated,100,72,1,EXECUTE,opa_allowed_at_gate,9.09214885905385,2.881363034248352,99.86793548363697,107.46901493949036
opa_readset,unrelated,100,73,1,EXECUTE,opa_allowed_at_gate,8.794901892542839,2.828293014317751,99.86793548363697,107.46901493949036
opa_readset,unrelated,100,74,1,EXECUTE,opa_allowed_at_gate,8.821581955999136,2.7575911954045296,99.86793548363697,107.46901493949036
opa_readset,unrelated,100,75,1,EXECUTE,opa_allowed_at_gate,9.204309899359941,3.044739831238985,99.86793548363697,107.46901493949036
opa_readset,unrelated,100,76,1,EXECUTE,opa_allowed_at_gate,8.811504114419222,3.150627948343754,99.86793548363697,107.46901493949036
opa_readset,unrelated,100,77,1,EXECUTE,opa_allowed_at_gate,9.669731836766005,3.1142099760472775,99.86793548363697,107.46901493949036
opa_readset,unrelated,100,78,1,EXECUTE,opa_allowed_at_gate,10.199325159192085,3.3607720397412777,99.86793548363697,107.46901493949036
opa_readset,unrelated,100,79,1,EXECUTE,opa_allowed_at_gate,9.63986711576581,3.0180797912180424,99.86793548363697,107.46901493949036
opa_readset,unrelated,100,80,1,EXECUTE,opa_allowed_at_gate,9.1003249399364,3.324514254927635,99.86793548363697,107.46901493949036
opa_readset,unrelated,100,81,1,EXECUTE,opa_allowed_at_gate,8.573978208005428,2.7202810160815716,99.86793548363697,107.46901493949036
opa_readset,unrelated,100,82,1,EXECUTE,opa_allowed_at_gate,8.976622950285673,2.840306144207716,99.86793548363697,107.46901493949036
opa_readset,unrelated,100,83,1,EXECUTE,opa_allowed_at_gate,9.30715212598443,2.9193651862442493,99.86793548363697,107.46901493949036
opa_readset,unrelated,100,84,1,EXECUTE,opa_allowed_at_gate,8.819988928735256,2.8781872242689133,99.86793548363697,107.46901493949036
opa_readset,unrelated,100,85,1,EXECUTE,opa_allowed_at_gate,9.494403842836618,3.1366711482405663,99.86793548363697,107.46901493949036
opa_readset,unrelated,100,86,1,EXECUTE,opa_allowed_at_gate,9.122636169195175,2.8130048885941505,99.86793548363697,107.46901493949036
opa_readset,unrelated,100,87,1,EXECUTE,opa_allowed_at_gate,8.904417976737022,3.164033405482769,99.86793548363697,107.46901493949036
opa_readset,unrelated,100,88,1,EXECUTE,opa_allowed_at_gate,7.95997679233551,2.620964776724577,99.86793548363697,107.46901493949036
opa_readset,unrelated,100,89,1,EXECUTE,opa_allowed_at_gate,8.978786878287792,2.9346533119678497,99.86793548363697,107.46901493949036
opa_readset,unrelated,100,90,1,EXECUTE,opa_allowed_at_gate,8.675408083945513,2.911919727921486,99.86793548363697,107.46901493949036
opa_readset,unrelated,100,91,1,EXECUTE,opa_allowed_at_gate,9.573280811309814,2.9587983153760433,99.86793548363697,107.46901493949036
opa_readset,unrelated,100,92,1,EXECUTE,opa_allowed_at_gate,9.06478799879551,2.7433037757873535,99.86793548363697,107.46901493949036
opa_readset,unrelated,100,93,1,EXECUTE,opa_allowed_at_gate,8.986532222479582,3.048927988857031,99.86793548363697,107.46901493949036
opa_readset,unrelated,100,94,1,EXECUTE,opa_allowed_at_gate,8.394892327487469,2.9158578254282475,99.86793548363697,107.46901493949036
opa_readset,unrelated,100,95,1,EXECUTE,opa_allowed_at_gate,8.684273809194565,2.92814988642931,99.86793548363697,107.46901493949036
opa_readset,unrelated,100,96,1,EXECUTE,opa_allowed_at_gate,9.012199938297272,3.0189817771315575,99.86793548363697,107.46901493949036
opa_readset,unrelated,100,97,1,EXECUTE,opa_allowed_at_gate,8.866056334227324,3.161167725920677,99.86793548363697,107.46901493949036
opa_readset,unrelated,100,98,1,EXECUTE,opa_allowed_at_gate,8.736763149499893,3.1928769312798977,99.86793548363697,107.46901493949036
opa_readset,unrelated,100,99,1,EXECUTE,opa_allowed_at_gate,8.349437266588211,2.4490831419825554,99.86793548363697,107.46901493949036
global,related_same,100,0,0,REVOKE,context_version_changed_at_publish,23.60007492825389,9.851173032075167,99.95139258739088,14.865882978750736
global,related_same,100,1,0,REVOKE,context_version_changed_at_publish,20.315836649388075,8.863891940563917,99.95139258739088,14.865882978750736
global,related_same,100,2,0,REVOKE,context_version_changed_at_publish,18.834108021110296,7.79471592977643,99.95139258739088,14.865882978750736
global,related_same,100,3,1,EXECUTE,published_after_gate_recheck,15.086851082742214,4.625252913683653,99.95139258739088,14.865882978750736
global,related_same,100,4,1,EXECUTE,published_after_gate_recheck,19.357038661837578,4.815360065549612,99.95139258739088,14.865882978750736
global,related_same,100,5,1,EXECUTE,published_after_gate_recheck,19.402684178203344,3.893421031534672,99.95139258739088,14.865882978750736
global,related_same,100,6,1,EXECUTE,published_after_gate_recheck,20.774866919964552,4.6154349111020565,99.95139258739088,14.865882978750736
global,related_same,100,7,0,REVOKE,context_version_changed_at_publish,14.907984994351864,4.268934950232506,99.95139258739088,14.865882978750736
global,related_same,100,8,0,REVOKE,context_version_changed_at_publish,18.39627604931593,6.869161035865545,99.95139258739088,14.865882978750736
global,related_same,100,9,1,EXECUTE,published_after_gate_recheck,17.375110648572445,4.735609982162714,99.95139258739088,14.865882978750736
global,related_same,100,10,0,REVOKE,context_version_changed_at_publish,23.854521568864584,8.633800782263279,99.95139258739088,14.865882978750736
global,related_same,100,11,1,EXECUTE,published_after_gate_recheck,14.955693855881691,4.506911151111126,99.95139258739088,14.865882978750736
global,related_same,100,12,0,REVOKE,context_version_changed_at_publish,16.945455688983202,6.314040161669254,99.95139258739088,14.865882978750736
global,related_same,100,13,0,REVOKE,context_version_changed_at_publish,17.90769025683403,7.634816225618124,99.95139258739088,14.865882978750736
global,related_same,100,14,1,EXECUTE,published_after_gate_recheck,14.87656682729721,4.248486831784248,99.95139258739088,14.865882978750736
global,related_same,100,15,0,REVOKE,context_version_changed_at_publish,17.160268034785986,6.4736902713775635,99.95139258739088,14.865882978750736
global,related_same,100,16,0,REVOKE,context_version_changed_at_publish,19.607318099588156,8.574077859520912,99.95139258739088,14.865882978750736
global,related_same,100,17,0,REVOKE,context_version_changed_at_publish,17.639807891100645,6.842570845037699,99.95139258739088,14.865882978750736
global,related_same,100,18,1,EXECUTE,published_after_gate_recheck,14.366279356181622,4.116558935493231,99.95139258739088,14.865882978750736
global,related_same,100,19,0,REVOKE,context_version_changed_at_publish,15.725087840110064,5.482891108840704,99.95139258739088,14.865882978750736
global,related_same,100,20,1,EXECUTE,published_after_gate_recheck,15.329435002058744,4.3574911542236805,99.95139258739088,14.865882978750736
global,related_same,100,21,0,REVOKE,context_version_changed_at_publish,16.34997921064496,5.632271990180016,99.95139258739088,14.865882978750736
global,related_same,100,22,0,REVOKE,context_version_changed_at_publish,18.00820929929614,7.351364940404892,99.95139258739088,14.865882978750736
global,related_same,100,23,1,EXECUTE,published_after_gate_recheck,15.09098894894123,3.962459973990917,99.95139258739088,14.865882978750736
global,related_same,100,24,1,EXECUTE,published_after_gate_recheck,19.127137027680874,4.848682321608067,99.95139258739088,14.865882978750736
global,related_same,100,25,0,REVOKE,context_version_changed_at_publish,17.26535614579916,6.402766332030296,99.95139258739088,14.865882978750736
global,related_same,100,26,0,REVOKE,context_version_changed_at_publish,19.448199775069952,8.695696014910936,99.95139258739088,14.865882978750736
global,related_same,100,27,0,REVOKE,context_version_changed_at_publish,19.091811031103134,8.345258887857199,99.95139258739088,14.865882978750736
global,related_same,100,28,1,EXECUTE,published_after_gate_recheck,16.18539961054921,4.430117085576057,99.95139258739088,14.865882978750736
global,related_same,100,29,1,EXECUTE,published_after_gate_recheck,18.64845911040902,4.690685775130987,99.95139258739088,14.865882978750736
global,related_same,100,30,0,REVOKE,context_version_changed_at_publish,16.88050478696823,6.440667901188135,99.95139258739088,14.865882978750736
global,related_same,100,31,0,REVOKE,context_version_changed_at_publish,18.057310953736305,7.590453140437603,99.95139258739088,14.865882978750736
global,related_same,100,32,1,EXECUTE,published_after_gate_recheck,14.573608990758657,4.039505030959845,99.95139258739088,14.865882978750736
global,related_same,100,33,0,REVOKE,context_version_changed_at_publish,16.98373770341277,6.368000991642475,99.95139258739088,14.865882978750736
global,related_same,100,34,0,REVOKE,context_version_changed_at_publish,19.447237253189087,8.645100984722376,99.95139258739088,14.865882978750736
global,related_same,100,35,0,REVOKE,context_version_changed_at_publish,18.883710727095604,8.1256371922791,99.95139258739088,14.865882978750736
global,related_same,100,36,0,REVOKE,context_version_changed_at_publish,20.69124998524785,9.732409846037626,99.95139258739088,14.865882978750736
global,related_same,100,37,0,REVOKE,context_version_changed_at_publish,19.750867038965225,9.207224939018488,99.95139258739088,14.865882978750736
global,related_same,100,38,0,REVOKE,context_version_changed_at_publish,20.829228684306145,9.767596144229174,99.95139258739088,14.865882978750736
global,related_same,100,39,0,REVOKE,context_version_changed_at_publish,19.54208593815565,8.453703019768,99.95139258739088,14.865882978750736
global,related_same,100,40,0,REVOKE,context_version_changed_at_publish,19.33577796444297,7.947924081236124,99.95139258739088,14.865882978750736
global,related_same,100,41,1,EXECUTE,published_after_gate_recheck,15.166811179369688,4.489358048886061,99.95139258739088,14.865882978750736
global,related_same,100,42,1,EXECUTE,published_after_gate_recheck,18.90812674537301,4.987471736967564,99.95139258739088,14.865882978750736
global,related_same,100,43,0,REVOKE,context_version_changed_at_publish,17.200203146785498,6.206098012626171,99.95139258739088,14.865882978750736
global,related_same,100,44,0,REVOKE,context_version_changed_at_publish,18.162398133426905,6.847479846328497,99.95139258739088,14.865882978750736
global,related_same,100,45,0,REVOKE,context_version_changed_at_publish,20.120178814977407,9.254293981939554,99.95139258739088,14.865882978750736
global,related_same,100,46,0,REVOKE,context_version_changed_at_publish,19.26827197894454,8.593273814767599,99.95139258739088,14.865882978750736
global,related_same,100,47,1,EXECUTE,published_after_gate_recheck,15.056082978844643,4.157857038080692,99.95139258739088,14.865882978750736
global,related_same,100,48,0,REVOKE,context_version_changed_at_publish,16.8437953107059,6.226034834980965,99.95139258739088,14.865882978750736
global,related_same,100,49,0,REVOKE,context_version_changed_at_publish,17.938067205250263,7.2523499839007854,99.95139258739088,14.865882978750736
global,related_same,100,50,1,EXECUTE,published_after_gate_recheck,15.215270686894655,4.250760655850172,99.95139258739088,14.865882978750736
global,related_same,100,51,0,REVOKE,context_version_changed_at_publish,17.923841252923012,6.413436960428953,99.95139258739088,14.865882978750736
global,related_same,100,52,0,REVOKE,context_version_changed_at_publish,18.144445028156042,6.270177662372589,99.95139258739088,14.865882978750736
global,related_same,100,53,0,REVOKE,context_version_changed_at_publish,19.278280436992645,8.41613207012415,99.95139258739088,14.865882978750736
global,related_same,100,54,0,REVOKE,context_version_changed_at_publish,19.49254283681512,8.892574813216925,99.95139258739088,14.865882978750736
global,related_same,100,55,0,REVOKE,context_version_changed_at_publish,19.87021090462804,8.569259196519852,99.95139258739088,14.865882978750736
global,related_same,100,56,1,EXECUTE,published_after_gate_recheck,15.173662919551134,4.23005223274231,99.95139258739088,14.865882978750736
global,related_same,100,57,0,REVOKE,context_version_changed_at_publish,17.270456068217754,6.585849914699793,99.95139258739088,14.865882978750736
global,related_same,100,58,0,REVOKE,context_version_changed_at_publish,18.39029509574175,6.88047194853425,99.95139258739088,14.865882978750736
global,related_same,100,59,0,REVOKE,context_version_changed_at_publish,20.01202665269375,8.491492830216885,99.95139258739088,14.865882978750736
global,related_same,100,60,0,REVOKE,context_version_changed_at_publish,18.77600885927677,8.14599497243762,99.95139258739088,14.865882978750736
global,related_same,100,61,1,EXECUTE,published_after_gate_recheck,15.854980796575546,4.978976212441921,99.95139258739088,14.865882978750736
global,related_same,100,62,1,EXECUTE,published_after_gate_recheck,19.300692714750767,4.766117315739393,99.95139258739088,14.865882978750736
global,related_same,100,63,1,EXECUTE,published_after_gate_recheck,20.21677140146494,4.458690993487835,99.95139258739088,14.865882978750736
global,related_same,100,64,1,EXECUTE,published_after_gate_recheck,19.771535880863667,4.365115892142057,99.95139258739088,14.865882978750736
global,related_same,100,65,0,REVOKE,context_version_changed_at_publish,18.700827844440937,7.332268636673689,99.95139258739088,14.865882978750736
global,related_same,100,66,0,REVOKE,context_version_changed_at_publish,16.782100312411785,5.741205997765064,99.95139258739088,14.865882978750736
global,related_same,100,67,0,REVOKE,context_version_changed_at_publish,18.71064631268382,7.854368072003126,99.95139258739088,14.865882978750736
global,related_same,100,68,1,EXECUTE,published_after_gate_recheck,17.617416102439165,6.3849929720163345,99.95139258739088,14.865882978750736
global,related_same,100,69,1,EXECUTE,published_after_gate_recheck,17.670645844191313,4.384932108223438,99.95139258739088,14.865882978750736
global,related_same,100,70,0,REVOKE,context_version_changed_at_publish,16.845828853547573,6.313428748399019,99.95139258739088,14.865882978750736
global,related_same,100,71,0,REVOKE,context_version_changed_at_publish,19.294862169772387,7.6369307935237885,99.95139258739088,14.865882978750736
global,related_same,100,72,0,REVOKE,context_version_changed_at_publish,19.054971635341644,7.976427208632231,99.95139258739088,14.865882978750736
global,related_same,100,73,0,REVOKE,context_version_changed_at_publish,19.690323155373335,9.511265903711319,99.95139258739088,14.865882978750736
global,related_same,100,74,0,REVOKE,context_version_changed_at_publish,20.61525685712695,8.062978740781546,99.95139258739088,14.865882978750736
global,related_same,100,75,0,REVOKE,context_version_changed_at_publish,18.890792969614267,7.535350974649191,99.95139258739088,14.865882978750736
global,related_same,100,76,1,EXECUTE,published_after_gate_recheck,14.916781801730394,4.484509117901325,99.95139258739088,14.865882978750736
global,related_same,100,77,1,EXECUTE,published_after_gate_recheck,19.10982420668006,4.656611941754818,99.95139258739088,14.865882978750736
global,related_same,100,78,0,REVOKE,context_version_changed_at_publish,17.302826046943665,6.250891834497452,99.95139258739088,14.865882978750736
global,related_same,100,79,0,REVOKE,context_version_changed_at_publish,19.709029234945774,8.592762984335423,99.95139258739088,14.865882978750736
global,related_same,100,80,0,REVOKE,context_version_changed_at_publish,19.09020822495222,8.339507970958948,99.95139258739088,14.865882978750736
global,related_same,100,81,0,REVOKE,context_version_changed_at_publish,18.989709205925465,8.60325200483203,99.95139258739088,14.865882978750736
global,related_same,100,82,0,REVOKE,context_version_changed_at_publish,65.842947922647,7.496486883610487,99.95139258739088,14.865882978750736
global,related_same,100,83,0,REVOKE,context_version_changed_at_publish,17.018292099237442,5.843547638505697,99.95139258739088,14.865882978750736
global,related_same,100,84,0,REVOKE,context_version_changed_at_publish,16.690297052264214,6.434184964746237,99.95139258739088,14.865882978750736
global,related_same,100,85,0,REVOKE,context_version_changed_at_publish,16.74936804920435,7.025854662060738,99.95139258739088,14.865882978750736
global,related_same,100,86,0,REVOKE,context_version_changed_at_publish,18.609917256981134,7.527575828135014,99.95139258739088,14.865882978750736
global,related_same,100,87,0,REVOKE,context_version_changed_at_publish,22.234734147787094,7.978602312505245,99.95139258739088,14.865882978750736
global,related_same,100,88,0,REVOKE,context_version_changed_at_publish,23.0224821716547,8.114897180348635,99.95139258739088,14.865882978750736
global,related_same,100,89,0,REVOKE,context_version_changed_at_publish,18.0461797863245,7.405376061797142,99.95139258739088,14.865882978750736
global,related_same,100,90,0,REVOKE,context_version_changed_at_publish,19.883074797689915,9.160236921161413,99.95139258739088,14.865882978750736
global,related_same,100,91,0,REVOKE,context_version_changed_at_publish,18.736104015260935,6.397827062755823,99.95139258739088,14.865882978750736
global,related_same,100,92,0,REVOKE,context_version_changed_at_publish,26.848515961319208,7.608387153595686,99.95139258739088,14.865882978750736
global,related_same,100,93,0,REVOKE,context_version_changed_at_publish,17.857465893030167,6.285727024078369,99.95139258739088,14.865882978750736
global,related_same,100,94,0,REVOKE,context_version_changed_at_publish,19.111516885459423,6.495569832623005,99.95139258739088,14.865882978750736
global,related_same,100,95,0,REVOKE,context_version_changed_at_publish,23.568596225231886,8.480823133140802,99.95139258739088,14.865882978750736
global,related_same,100,96,0,REVOKE,context_version_changed_at_publish,17.405649181455374,7.138807326555252,99.95139258739088,14.865882978750736
global,related_same,100,97,0,REVOKE,context_version_changed_at_publish,17.612135969102383,6.529875099658966,99.95139258739088,14.865882978750736
global,related_same,100,98,1,EXECUTE,published_after_gate_recheck,14.8867960087955,3.9537339471280575,99.95139258739088,14.865882978750736
global,related_same,100,99,0,REVOKE,context_version_changed_at_publish,16.259329859167337,6.285876967012882,99.95139258739088,14.865882978750736
readset,related_same,100,0,1,EXECUTE,published_after_gate_recheck,17.66142901033163,4.319659899920225,99.92235478370425,55.72820617455595
readset,related_same,100,1,1,EXECUTE,published_after_gate_recheck,17.316582147032022,6.002967245876789,99.92235478370425,55.72820617455595
readset,related_same,100,2,1,EXECUTE,published_after_gate_recheck,17.698909156024456,6.881793960928917,99.92235478370425,55.72820617455595
readset,related_same,100,3,1,EXECUTE,published_after_gate_recheck,14.925337862223387,4.551494959741831,99.92235478370425,55.72820617455595
readset,related_same,100,4,1,EXECUTE,published_after_gate_recheck,18.910059705376625,4.6281591057777405,99.92235478370425,55.72820617455595
readset,related_same,100,5,1,EXECUTE,published_after_gate_recheck,17.069017980247736,6.850836798548698,99.92235478370425,55.72820617455595
readset,related_same,100,6,1,EXECUTE,published_after_gate_recheck,19.49581829831004,7.50301918014884,99.92235478370425,55.72820617455595
readset,related_same,100,7,1,EXECUTE,published_after_gate_recheck,18.29875400289893,7.224197033792734,99.92235478370425,55.72820617455595
readset,related_same,100,8,1,EXECUTE,published_after_gate_recheck,14.787590131163597,4.50745178386569,99.92235478370425,55.72820617455595
readset,related_same,100,9,1,EXECUTE,published_after_gate_recheck,15.996677335351706,5.6332130916416645,99.92235478370425,55.72820617455595
readset,related_same,100,10,1,EXECUTE,published_after_gate_recheck,14.769074972718954,4.528441000729799,99.92235478370425,55.72820617455595
readset,related_same,100,11,1,EXECUTE,published_after_gate_recheck,19.723996054381132,4.178625997155905,99.92235478370425,55.72820617455595
readset,related_same,100,12,1,EXECUTE,published_after_gate_recheck,16.950976103544235,5.357626359909773,99.92235478370425,55.72820617455595
readset,related_same,100,13,1,EXECUTE,published_after_gate_recheck,18.053924664855003,6.514885928481817,99.92235478370425,55.72820617455595
readset,related_same,100,14,1,EXECUTE,published_after_gate_recheck,15.259725041687489,4.24844678491354,99.92235478370425,55.72820617455595
readset,related_same,100,15,1,EXECUTE,published_after_gate_recheck,18.753457348793745,3.8828211836516857,99.92235478370425,55.72820617455595
readset,related_same,100,16,1,EXECUTE,published_after_gate_recheck,17.197868786752224,6.085631903260946,99.92235478370425,55.72820617455595
readset,related_same,100,17,1,EXECUTE,published_after_gate_recheck,18.612090963870287,7.005986757576466,99.92235478370425,55.72820617455595
readset,related_same,100,18,1,EXECUTE,published_after_gate_recheck,17.74167874827981,6.969778798520565,99.92235478370425,55.72820617455595
readset,related_same,100,19,1,EXECUTE,published_after_gate_recheck,17.21329800784588,4.37105679884553,99.92235478370425,55.72820617455595
readset,related_same,100,20,1,EXECUTE,published_after_gate_recheck,23.59901275485754,7.17936223372817,99.92235478370425,55.72820617455595
readset,related_same,100,21,1,EXECUTE,published_after_gate_recheck,16.76237303763628,4.6618119813501835,99.92235478370425,55.72820617455595
readset,related_same,100,22,1,EXECUTE,published_after_gate_recheck,18.74475972726941,4.22570388764143,99.92235478370425,55.72820617455595
readset,related_same,100,23,1,EXECUTE,published_after_gate_recheck,17.359862569719553,6.23645493760705,99.92235478370425,55.72820617455595
readset,related_same,100,24,1,EXECUTE,published_after_gate_recheck,19.404507242143154,7.87419592961669,99.92235478370425,55.72820617455595
readset,related_same,100,25,1,EXECUTE,published_after_gate_recheck,19.969285931438208,8.637367282062769,99.92235478370425,55.72820617455595
readset,related_same,100,26,1,EXECUTE,published_after_gate_recheck,19.055872689932585,8.020339999347925,99.92235478370425,55.72820617455595
readset,related_same,100,27,1,EXECUTE,published_after_gate_recheck,18.78363313153386,7.684510201215744,99.92235478370425,55.72820617455595
readset,related_same,100,28,1,EXECUTE,published_after_gate_recheck,15.768458601087332,4.3407403863966465,99.92235478370425,55.72820617455595
readset,related_same,100,29,1,EXECUTE,published_after_gate_recheck,18.994789104908705,3.7640389055013657,99.92235478370425,55.72820617455595
readset,related_same,100,30,1,EXECUTE,published_after_gate_recheck,17.743431963026524,6.120987702161074,99.92235478370425,55.72820617455595
readset,related_same,100,31,1,EXECUTE,published_after_gate_recheck,17.746077850461006,7.264131680130959,99.92235478370425,55.72820617455595
readset,related_same,100,32,1,EXECUTE,published_after_gate_recheck,14.658486936241388,4.133752081543207,99.92235478370425,55.72820617455595
readset,related_same,100,33,1,EXECUTE,published_after_gate_recheck,16.909468919038773,6.210496183484793,99.92235478370425,55.72820617455595
readset,related_same,100,34,1,EXECUTE,published_after_gate_recheck,19.336689729243517,8.360517211258411,99.92235478370425,55.72820617455595
readset,related_same,100,35,1,EXECUTE,published_after_gate_recheck,19.860081374645233,9.132285136729479,99.92235478370425,55.72820617455595
readset,related_same,100,36,1,EXECUTE,published_after_gate_recheck,19.651951733976603,8.59181210398674,99.92235478370425,55.72820617455595
readset,related_same,100,37,1,EXECUTE,published_after_gate_recheck,14.753626193851233,4.164760001003742,99.92235478370425,55.72820617455595
readset,related_same,100,38,1,EXECUTE,published_after_gate_recheck,19.137196242809296,4.137157928198576,99.92235478370425,55.72820617455595
readset,related_same,100,39,1,EXECUTE,published_after_gate_recheck,16.651344019919634,6.069530732929707,99.92235478370425,55.72820617455595
readset,related_same,100,40,1,EXECUTE,published_after_gate_recheck,18.5872339643538,8.44814209267497,99.92235478370425,55.72820617455595
readset,related_same,100,41,1,EXECUTE,published_after_gate_recheck,14.728148002177477,4.237786866724491,99.92235478370425,55.72820617455595
readset,related_same,100,42,1,EXECUTE,published_after_gate_recheck,17.67341187223792,5.578631069511175,99.92235478370425,55.72820617455595
readset,related_same,100,43,1,EXECUTE,published_after_gate_recheck,18.514487892389297,7.435132283717394,99.92235478370425,55.72820617455595
readset,related_same,100,44,1,EXECUTE,published_after_gate_recheck,14.601451344788074,4.584185779094696,99.92235478370425,55.72820617455595
readset,related_same,100,45,1,EXECUTE,published_after_gate_recheck,18.18933803588152,3.906735684722662,99.92235478370425,55.72820617455595
readset,related_same,100,46,1,EXECUTE,published_after_gate_recheck,17.470980994403362,6.8243867717683315,99.92235478370425,55.72820617455595
readset,related_same,100,47,1,EXECUTE,published_after_gate_recheck,18.43055011704564,7.908368948847055,99.92235478370425,55.72820617455595
readset,related_same,100,48,1,EXECUTE,published_after_gate_recheck,20.58413904160261,9.385820012539625,99.92235478370425,55.72820617455595
readset,related_same,100,49,1,EXECUTE,published_after_gate_recheck,19.97016789391637,8.016953244805336,99.92235478370425,55.72820617455595
readset,related_same,100,50,1,EXECUTE,published_after_gate_recheck,19.864589907228947,8.555612992495298,99.92235478370425,55.72820617455595
readset,related_same,100,51,1,EXECUTE,published_after_gate_recheck,21.004356909543276,10.139143094420433,99.92235478370425,55.72820617455595
readset,related_same,100,52,1,EXECUTE,published_after_gate_recheck,18.683474976569414,8.10477789491415,99.92235478370425,55.72820617455595
readset,related_same,100,53,1,EXECUTE,published_after_gate_recheck,14.798831194639206,4.382547922432423,99.92235478370425,55.72820617455595
readset,related_same,100,54,1,EXECUTE,published_after_gate_recheck,19.235679879784584,4.886504262685776,99.92235478370425,55.72820617455595
readset,related_same,100,55,1,EXECUTE,published_after_gate_recheck,16.734750010073185,6.391334813088179,99.92235478370425,55.72820617455595
readset,related_same,100,56,1,EXECUTE,published_after_gate_recheck,18.99917656555772,8.473359048366547,99.92235478370425,55.72820617455595
readset,related_same,100,57,1,EXECUTE,published_after_gate_recheck,21.106990054249763,10.169208981096745,99.92235478370425,55.72820617455595
readset,related_same,100,58,1,EXECUTE,published_after_gate_recheck,18.32366967573762,7.593048270791769,99.92235478370425,55.72820617455595
readset,related_same,100,59,1,EXECUTE,published_after_gate_recheck,14.653888996690512,3.717200830578804,99.92235478370425,55.72820617455595
readset,related_same,100,60,1,EXECUTE,published_after_gate_recheck,17.137465998530388,6.426259875297546,99.92235478370425,55.72820617455595
readset,related_same,100,61,1,EXECUTE,published_after_gate_recheck,19.01977602392435,8.12823185697198,99.92235478370425,55.72820617455595
readset,related_same,100,62,1,EXECUTE,published_after_gate_recheck,18.544464372098446,8.594366256147623,99.92235478370425,55.72820617455595
readset,related_same,100,63,1,EXECUTE,published_after_gate_recheck,15.168843790888786,4.192220978438854,99.92235478370425,55.72820617455595
readset,related_same,100,64,1,EXECUTE,published_after_gate_recheck,19.80035984888673,6.248407065868378,99.92235478370425,55.72820617455595
readset,related_same,100,65,1,EXECUTE,published_after_gate_recheck,17.07925694063306,5.832355935126543,99.92235478370425,55.72820617455595
readset,related_same,100,66,1,EXECUTE,published_after_gate_recheck,19.58479592576623,7.491467986255884,99.92235478370425,55.72820617455595
readset,related_same,100,67,1,EXECUTE,published_after_gate_recheck,18.63121660426259,7.486237678676844,99.92235478370425,55.72820617455595
readset,related_same,100,68,1,EXECUTE,published_after_gate_recheck,15.331069007515907,4.58272360265255,99.92235478370425,55.72820617455595
readset,related_same,100,69,1,EXECUTE,published_after_gate_recheck,18.997354432940483,4.197200760245323,99.92235478370425,55.72820617455595
readset,related_same,100,70,1,EXECUTE,published_after_gate_recheck,19.372227136045694,6.299491971731186,99.92235478370425,55.72820617455595
readset,related_same,100,71,1,EXECUTE,published_after_gate_recheck,16.605929005891085,6.114434916526079,99.92235478370425,55.72820617455595
readset,related_same,100,72,1,EXECUTE,published_after_gate_recheck,18.37849384173751,6.9391317665576935,99.92235478370425,55.72820617455595
readset,related_same,100,73,1,EXECUTE,published_after_gate_recheck,18.43389729037881,7.359721232205629,99.92235478370425,55.72820617455595
readset,related_same,100,74,1,EXECUTE,published_after_gate_recheck,17.135933972895145,4.019897896796465,99.92235478370425,55.72820617455595
readset,related_same,100,75,1,EXECUTE,published_after_gate_recheck,18.38144939392805,6.795873399823904,99.92235478370425,55.72820617455595
readset,related_same,100,76,1,EXECUTE,published_after_gate_recheck,19.296012818813324,6.851737853139639,99.92235478370425,55.72820617455595
readset,related_same,100,77,1,EXECUTE,published_after_gate_recheck,18.895933870226145,7.48671917244792,99.92235478370425,55.72820617455595
readset,related_same,100,78,1,EXECUTE,published_after_gate_recheck,18.64223787561059,7.946852128952742,99.92235478370425,55.72820617455595
readset,related_same,100,79,1,EXECUTE,published_after_gate_recheck,19.679822959005833,8.310663979500532,99.92235478370425,55.72820617455595
readset,related_same,100,80,1,EXECUTE,published_after_gate_recheck,15.451984945684671,4.561002366244793,99.92235478370425,55.72820617455595
readset,related_same,100,81,1,EXECUTE,published_after_gate_recheck,19.24520917236805,4.427492152899504,99.92235478370425,55.72820617455595
readset,related_same,100,82,1,EXECUTE,published_after_gate_recheck,19.86788585782051,4.248236771672964,99.92235478370425,55.72820617455595
readset,related_same,100,83,1,EXECUTE,published_after_gate_recheck,16.624424140900373,6.038462743163109,99.92235478370425,55.72820617455595
readset,related_same,100,84,1,EXECUTE,published_after_gate_recheck,18.342765979468822,7.525351829826832,99.92235478370425,55.72820617455595
readset,related_same,100,85,1,EXECUTE,published_after_gate_recheck,21.287227980792522,9.432598017156124,99.92235478370425,55.72820617455595
readset,related_same,100,86,1,EXECUTE,published_after_gate_recheck,18.49311776459217,7.343260105699301,99.92235478370425,55.72820617455595
readset,related_same,100,87,1,EXECUTE,published_after_gate_recheck,14.897815883159637,4.668243695050478,99.92235478370425,55.72820617455595
readset,related_same,100,88,1,EXECUTE,published_after_gate_recheck,15.950199216604233,5.024201702326536,99.92235478370425,55.72820617455595
readset,related_same,100,89,1,EXECUTE,published_after_gate_recheck,19.129752181470394,8.38127639144659,99.92235478370425,55.72820617455595
readset,related_same,100,90,1,EXECUTE,published_after_gate_recheck,15.511246863752604,4.8043993301689625,99.92235478370425,55.72820617455595
readset,related_same,100,91,1,EXECUTE,published_after_gate_recheck,18.488400150090456,4.5546311885118484,99.92235478370425,55.72820617455595
readset,related_same,100,92,1,EXECUTE,published_after_gate_recheck,17.91887218132615,6.668754853308201,99.92235478370425,55.72820617455595
readset,related_same,100,93,1,EXECUTE,published_after_gate_recheck,16.629683785140514,5.572700407356024,99.92235478370425,55.72820617455595
readset,related_same,100,94,1,EXECUTE,published_after_gate_recheck,15.013272874057293,3.926462959498167,99.92235478370425,55.72820617455595
readset,related_same,100,95,1,EXECUTE,published_after_gate_recheck,17.233096063137054,6.645271088927984,99.92235478370425,55.72820617455595
readset,related_same,100,96,1,EXECUTE,published_after_gate_recheck,18.9513280056417,7.948224898427725,99.92235478370425,55.72820617455595
readset,related_same,100,97,1,EXECUTE,published_after_gate_recheck,18.77357391640544,8.027652744203806,99.92235478370425,55.72820617455595
readset,related_same,100,98,1,EXECUTE,published_after_gate_recheck,15.426017343997955,4.427110776305199,99.92235478370425,55.72820617455595
readset,related_same,100,99,1,EXECUTE,published_after_gate_recheck,17.24179182201624,6.425459403544664,99.92235478370425,55.72820617455595
truth,related_same,100,0,1,EXECUTE,published_after_gate_recheck,17.44830934330821,4.2987000197172165,99.91558390436872,53.992723056043715
truth,related_same,100,1,1,EXECUTE,published_after_gate_recheck,17.982049845159054,6.54288986697793,99.91558390436872,53.992723056043715
truth,related_same,100,2,1,EXECUTE,published_after_gate_recheck,16.836791764944792,5.526393186300993,99.91558390436872,53.992723056043715
truth,related_same,100,3,1,EXECUTE,published_after_gate_recheck,15.230460092425346,4.403167404234409,99.91558390436872,53.992723056043715
truth,related_same,100,4,1,EXECUTE,published_after_gate_recheck,25.050294119864702,9.547153022140265,99.91558390436872,53.992723056043715
truth,related_same,100,5,1,EXECUTE,published_after_gate_recheck,19.687578082084656,8.900510147213936,99.91558390436872,53.992723056043715
truth,related_same,100,6,1,EXECUTE,published_after_gate_recheck,19.245269242674112,8.293512277305126,99.91558390436872,53.992723056043715
truth,related_same,100,7,1,EXECUTE,published_after_gate_recheck,16.045227646827698,4.879981279373169,99.91558390436872,53.992723056043715
truth,related_same,100,8,1,EXECUTE,published_after_gate_recheck,19.41531803458929,4.514175001531839,99.91558390436872,53.992723056043715
truth,related_same,100,9,1,EXECUTE,published_after_gate_recheck,16.97741588577628,5.88177889585495,99.91558390436872,53.992723056043715
truth,related_same,100,10,1,EXECUTE,published_after_gate_recheck,18.31957185640931,6.9524678401649,99.91558390436872,53.992723056043715
truth,related_same,100,11,1,EXECUTE,published_after_gate_recheck,14.692582190036774,4.65587992221117,99.91558390436872,53.992723056043715
truth,related_same,100,12,1,EXECUTE,published_after_gate_recheck,18.162847962230444,6.954730954021215,99.91558390436872,53.992723056043715
truth,related_same,100,13,1,EXECUTE,published_after_gate_recheck,16.411765944212675,5.971276666969061,99.91558390436872,53.992723056043715
truth,related_same,100,14,1,EXECUTE,published_after_gate_recheck,19.30883713066578,6.4519778825342655,99.91558390436872,53.992723056043715
truth,related_same,100,15,1,EXECUTE,published_after_gate_recheck,16.522112768143415,4.830738063901663,99.91558390436872,53.992723056043715
truth,related_same,100,16,1,EXECUTE,published_after_gate_recheck,19.792004022747278,4.701836965978146,99.91558390436872,53.992723056043715
truth,related_same,100,17,1,EXECUTE,published_after_gate_recheck,23.50433636456728,7.968561723828316,99.91558390436872,53.992723056043715
truth,related_same,100,18,1,EXECUTE,published_after_gate_recheck,15.049952082335949,4.259146749973297,99.91558390436872,53.992723056043715
truth,related_same,100,19,1,EXECUTE,published_after_gate_recheck,15.926535241305828,5.435572005808353,99.91558390436872,53.992723056043715
truth,related_same,100,20,1,EXECUTE,published_after_gate_recheck,20.387661177664995,8.780516218394041,99.91558390436872,53.992723056043715
truth,related_same,100,21,1,EXECUTE,published_after_gate_recheck,15.42825112119317,4.645290784537792,99.91558390436872,53.992723056043715
truth,related_same,100,22,1,EXECUTE,published_after_gate_recheck,23.28670723363757,8.73516034334898,99.91558390436872,53.992723056043715
truth,related_same,100,23,1,EXECUTE,published_after_gate_recheck,15.355765353888273,4.53773932531476,99.91558390436872,53.992723056043715
truth,related_same,100,24,1,EXECUTE,published_after_gate_recheck,21.13400027155876,5.406929180026054,99.91558390436872,53.992723056043715
truth,related_same,100,25,1,EXECUTE,published_after_gate_recheck,19.42757098004222,4.680736921727657,99.91558390436872,53.992723056043715
truth,related_same,100,26,1,EXECUTE,published_after_gate_recheck,20.230837166309357,5.251147318631411,99.91558390436872,53.992723056043715
truth,related_same,100,27,1,EXECUTE,published_after_gate_recheck,25.662561878561974,10.223130229860544,99.91558390436872,53.992723056043715
truth,related_same,100,28,1,EXECUTE,published_after_gate_recheck,19.14488011971116,7.79767194762826,99.91558390436872,53.992723056043715
truth,related_same,100,29,1,EXECUTE,published_after_gate_recheck,15.380772296339273,4.479831084609032,99.91558390436872,53.992723056043715
truth,related_same,100,30,1,EXECUTE,published_after_gate_recheck,18.62800121307373,4.302679095417261,99.91558390436872,53.992723056043715
truth,related_same,100,31,1,EXECUTE,published_after_gate_recheck,24.378934875130653,7.916896138340235,99.91558390436872,53.992723056043715
truth,related_same,100,32,1,EXECUTE,published_after_gate_recheck,15.557582955807447,5.085727199912071,99.91558390436872,53.992723056043715
truth,related_same,100,33,1,EXECUTE,published_after_gate_recheck,19.116275943815708,4.403156228363514,99.91558390436872,53.992723056043715
truth,related_same,100,34,1,EXECUTE,published_after_gate_recheck,19.596707075834274,3.9890501648187637,99.91558390436872,53.992723056043715
truth,related_same,100,35,1,EXECUTE,published_after_gate_recheck,17.79866637662053,7.114600855857134,99.91558390436872,53.992723056043715
truth,related_same,100,36,1,EXECUTE,published_after_gate_recheck,18.90048198401928,7.01866066083312,99.91558390436872,53.992723056043715
truth,related_same,100,37,1,EXECUTE,published_after_gate_recheck,18.46984401345253,7.841925136744976,99.91558390436872,53.992723056043715
truth,related_same,100,38,1,EXECUTE,published_after_gate_recheck,14.591050799936056,3.862001933157444,99.91558390436872,53.992723056043715
truth,related_same,100,39,1,EXECUTE,published_after_gate_recheck,17.51713827252388,6.550763268023729,99.91558390436872,53.992723056043715
truth,related_same,100,40,1,EXECUTE,published_after_gate_recheck,18.827064894139767,7.894995156675577,99.91558390436872,53.992723056043715
truth,related_same,100,41,1,EXECUTE,published_after_gate_recheck,14.846350066363811,4.642867017537355,99.91558390436872,53.992723056043715
truth,related_same,100,42,1,EXECUTE,published_after_gate_recheck,16.5226929821074,5.739131942391396,99.91558390436872,53.992723056043715
truth,related_same,100,43,1,EXECUTE,published_after_gate_recheck,18.014070112258196,7.391209714114666,99.91558390436872,53.992723056043715
truth,related_same,100,44,1,EXECUTE,published_after_gate_recheck,19.605102948844433,8.326423820108175,99.91558390436872,53.992723056043715
truth,related_same,100,45,1,EXECUTE,published_after_gate_recheck,20.91102208942175,9.893182199448347,99.91558390436872,53.992723056043715
truth,related_same,100,46,1,EXECUTE,published_after_gate_recheck,19.190986640751362,8.443182334303856,99.91558390436872,53.992723056043715
truth,related_same,100,47,1,EXECUTE,published_after_gate_recheck,19.26802098751068,8.682141080498695,99.91558390436872,53.992723056043715
truth,related_same,100,48,1,EXECUTE,published_after_gate_recheck,21.385601721704006,8.010831661522388,99.91558390436872,53.992723056043715
truth,related_same,100,49,1,EXECUTE,published_after_gate_recheck,18.15441297367215,7.256197277456522,99.91558390436872,53.992723056043715
truth,related_same,100,50,1,EXECUTE,published_after_gate_recheck,17.573724035173655,4.973076283931732,99.91558390436872,53.992723056043715
truth,related_same,100,51,1,EXECUTE,published_after_gate_recheck,24.765409994870424,9.88293206319213,99.91558390436872,53.992723056043715
truth,related_same,100,52,1,EXECUTE,published_after_gate_recheck,18.964712042361498,7.183881942182779,99.91558390436872,53.992723056043715
truth,related_same,100,53,1,EXECUTE,published_after_gate_recheck,19.04884073883295,8.140274789184332,99.91558390436872,53.992723056043715
truth,related_same,100,54,1,EXECUTE,published_after_gate_recheck,15.446604695171118,4.6342299319803715,99.91558390436872,53.992723056043715
truth,related_same,100,55,1,EXECUTE,published_after_gate_recheck,25.07360791787505,8.900400251150131,99.91558390436872,53.992723056043715
truth,related_same,100,56,1,EXECUTE,published_after_gate_recheck,20.714853890240192,9.609409142285585,99.91558390436872,53.992723056043715
truth,related_same,100,57,1,EXECUTE,published_after_gate_recheck,18.0762461386621,7.453526835888624,99.91558390436872,53.992723056043715
truth,related_same,100,58,1,EXECUTE,published_after_gate_recheck,14.901733957231045,4.16789622977376,99.91558390436872,53.992723056043715
truth,related_same,100,59,1,EXECUTE,published_after_gate_recheck,16.805744264274836,5.595512222498655,99.91558390436872,53.992723056043715
truth,related_same,100,60,1,EXECUTE,published_after_gate_recheck,19.15734400972724,7.925631944090128,99.91558390436872,53.992723056043715
truth,related_same,100,61,1,EXECUTE,published_after_gate_recheck,14.583977870643139,4.1953870095312595,99.91558390436872,53.992723056043715
truth,related_same,100,62,1,EXECUTE,published_after_gate_recheck,19.67928186058998,4.178255330771208,99.91558390436872,53.992723056043715
truth,related_same,100,63,1,EXECUTE,published_after_gate_recheck,16.49938989430666,6.2110573053359985,99.91558390436872,53.992723056043715
truth,related_same,100,64,1,EXECUTE,published_after_gate_recheck,17.680714838206768,6.938721984624863,99.91558390436872,53.992723056043715
truth,related_same,100,65,1,EXECUTE,published_after_gate_recheck,16.684797126799822,4.490520805120468,99.91558390436872,53.992723056043715
truth,related_same,100,66,1,EXECUTE,published_after_gate_recheck,23.588652722537518,6.733296904712915,99.91558390436872,53.992723056043715
truth,related_same,100,67,1,EXECUTE,published_after_gate_recheck,16.464905347675085,4.806141834706068,99.91558390436872,53.992723056043715
truth,related_same,100,68,1,EXECUTE,published_after_gate_recheck,19.72721191123128,5.096526816487312,99.91558390436872,53.992723056043715
truth,related_same,100,69,1,EXECUTE,published_after_gate_recheck,18.820942845195532,4.372268915176392,99.91558390436872,53.992723056043715
truth,related_same,100,70,1,EXECUTE,published_after_gate_recheck,16.210156958550215,5.625038407742977,99.91558390436872,53.992723056043715
truth,related_same,100,71,1,EXECUTE,published_after_gate_recheck,19.8803897947073,9.213628247380257,99.91558390436872,53.992723056043715
truth,related_same,100,72,1,EXECUTE,published_after_gate_recheck,18.35831580683589,7.555718999356031,99.91558390436872,53.992723056043715
truth,related_same,100,73,1,EXECUTE,published_after_gate_recheck,16.43977826461196,4.140614066272974,99.91558390436872,53.992723056043715
truth,related_same,100,74,1,EXECUTE,published_after_gate_recheck,19.132346380501986,4.440376069396734,99.91558390436872,53.992723056043715
truth,related_same,100,75,1,EXECUTE,published_after_gate_recheck,18.773112911731005,4.257122986018658,99.91558390436872,53.992723056043715
truth,related_same,100,76,1,EXECUTE,published_after_gate_recheck,16.521692276000977,6.002314854413271,99.91558390436872,53.992723056043715
truth,related_same,100,77,1,EXECUTE,published_after_gate_recheck,18.702561035752296,7.017148192971945,99.91558390436872,53.992723056043715
truth,related_same,100,78,1,EXECUTE,published_after_gate_recheck,15.667589381337166,4.195536952465773,99.91558390436872,53.992723056043715
truth,related_same,100,79,1,EXECUTE,published_after_gate_recheck,16.359015833586454,5.906115286052227,99.91558390436872,53.992723056043715
truth,related_same,100,80,1,EXECUTE,published_after_gate_recheck,18.987354822456837,8.381998166441917,99.91558390436872,53.992723056043715
truth,related_same,100,81,1,EXECUTE,published_after_gate_recheck,14.99534910544753,4.493646789342165,99.91558390436872,53.992723056043715
truth,related_same,100,82,1,EXECUTE,published_after_gate_recheck,16.483590006828308,6.53839111328125,99.91558390436872,53.992723056043715
truth,related_same,100,83,1,EXECUTE,published_after_gate_recheck,19.38589196652174,7.598137948662043,99.91558390436872,53.992723056043715
truth,related_same,100,84,1,EXECUTE,published_after_gate_recheck,18.798700999468565,8.176812902092934,99.91558390436872,53.992723056043715
truth,related_same,100,85,1,EXECUTE,published_after_gate_recheck,14.824279118329287,4.499897826462984,99.91558390436872,53.992723056043715
truth,related_same,100,86,1,EXECUTE,published_after_gate_recheck,17.930643167346716,6.944251712411642,99.91558390436872,53.992723056043715
truth,related_same,100,87,1,EXECUTE,published_after_gate_recheck,17.077083233743906,6.742382887750864,99.91558390436872,53.992723056043715
truth,related_same,100,88,1,EXECUTE,published_after_gate_recheck,20.88047517463565,8.874301332980394,99.91558390436872,53.992723056043715
truth,related_same,100,89,1,EXECUTE,published_after_gate_recheck,21.118661854416132,8.515879046171904,99.91558390436872,53.992723056043715
truth,related_same,100,90,1,EXECUTE,published_after_gate_recheck,19.228806719183922,7.709125988185406,99.91558390436872,53.992723056043715
truth,related_same,100,91,1,EXECUTE,published_after_gate_recheck,18.459114246070385,8.566132746636868,99.91558390436872,53.992723056043715
truth,related_same,100,92,1,EXECUTE,published_after_gate_recheck,20.41970007121563,9.263440035283566,99.91558390436872,53.992723056043715
truth,related_same,100,93,1,EXECUTE,published_after_gate_recheck,14.373703394085169,4.365826956927776,99.91558390436872,53.992723056043715
truth,related_same,100,94,1,EXECUTE,published_after_gate_recheck,16.31725812330842,5.858414806425571,99.91558390436872,53.992723056043715
truth,related_same,100,95,1,EXECUTE,published_after_gate_recheck,18.138532992452383,7.525330875068903,99.91558390436872,53.992723056043715
truth,related_same,100,96,1,EXECUTE,published_after_gate_recheck,15.390350017696619,4.744727164506912,99.91558390436872,53.992723056043715
truth,related_same,100,97,1,EXECUTE,published_after_gate_recheck,24.763195775449276,9.054668713361025,99.91558390436872,53.992723056043715
truth,related_same,100,98,1,EXECUTE,published_after_gate_recheck,19.833642058074474,8.82191164419055,99.91558390436872,53.992723056043715
truth,related_same,100,99,1,EXECUTE,published_after_gate_recheck,19.80325486510992,7.9007260501384735,99.91558390436872,53.992723056043715
opa,related_same,100,0,1,EXECUTE,opa_allowed_at_gate,9.953204076737165,3.104581031948328,99.76244503860394,105.69036249168111
opa,related_same,100,1,1,EXECUTE,opa_allowed_at_gate,9.226941969245672,3.425604198127985,99.76244503860394,105.69036249168111
opa,related_same,100,2,1,EXECUTE,opa_allowed_at_gate,9.229487273842096,2.9735658317804337,99.76244503860394,105.69036249168111
opa,related_same,100,3,1,EXECUTE,opa_allowed_at_gate,9.149187244474888,2.940624952316284,99.76244503860394,105.69036249168111
opa,related_same,100,4,1,EXECUTE,opa_allowed_at_gate,10.319130029529333,3.4920177422463894,99.76244503860394,105.69036249168111
opa,related_same,100,5,1,EXECUTE,opa_allowed_at_gate,10.162115097045898,3.1760060228407383,99.76244503860394,105.69036249168111
opa,related_same,100,6,1,EXECUTE,opa_allowed_at_gate,9.325326886028051,3.1489748507738113,99.76244503860394,105.69036249168111
opa,related_same,100,7,1,EXECUTE,opa_allowed_at_gate,13.46765412017703,6.85740914195776,99.76244503860394,105.69036249168111
opa,related_same,100,8,1,EXECUTE,opa_allowed_at_gate,9.263551328331232,3.234635107219219,99.76244503860394,105.69036249168111
opa,related_same,100,9,1,EXECUTE,opa_allowed_at_gate,9.041835088282824,2.6761391200125217,99.76244503860394,105.69036249168111
opa,related_same,100,10,1,EXECUTE,opa_allowed_at_gate,9.522536303848028,3.1266333535313606,99.76244503860394,105.69036249168111
opa,related_same,100,11,1,EXECUTE,opa_allowed_at_gate,9.406328666955233,3.3667441457509995,99.76244503860394,105.69036249168111
opa,related_same,100,12,1,EXECUTE,opa_allowed_at_gate,8.90829460695386,3.097489010542631,99.76244503860394,105.69036249168111
opa,related_same,100,13,1,EXECUTE,opa_allowed_at_gate,8.97545088082552,2.9371478594839573,99.76244503860394,105.69036249168111
opa,related_same,100,14,1,EXECUTE,opa_allowed_at_gate,9.685541968792677,3.478472586721182,99.76244503860394,105.69036249168111
opa,related_same,100,15,1,EXECUTE,opa_allowed_at_gate,9.702885057777166,3.443386871367693,99.76244503860394,105.69036249168111
opa,related_same,100,16,1,EXECUTE,opa_allowed_at_gate,8.953229058533907,2.793668769299984,99.76244503860394,105.69036249168111
opa,related_same,100,17,1,EXECUTE,opa_allowed_at_gate,9.233573917299509,2.859491854906082,99.76244503860394,105.69036249168111
opa,related_same,100,18,1,EXECUTE,opa_allowed_at_gate,8.92225094139576,2.902091946452856,99.76244503860394,105.69036249168111
opa,related_same,100,19,1,EXECUTE,opa_allowed_at_gate,9.010635782033205,2.8954404406249523,99.76244503860394,105.69036249168111
opa,related_same,100,20,1,EXECUTE,opa_allowed_at_gate,9.552462957799435,3.5206819884479046,99.76244503860394,105.69036249168111
opa,related_same,100,21,1,EXECUTE,opa_allowed_at_gate,9.249834809452295,3.1930371187627316,99.76244503860394,105.69036249168111
opa,related_same,100,22,1,EXECUTE,opa_allowed_at_gate,9.268820751458406,3.2310690730810165,99.76244503860394,105.69036249168111
opa,related_same,100,23,1,EXECUTE,opa_allowed_at_gate,9.333902969956398,2.9540597461163998,99.76244503860394,105.69036249168111
opa,related_same,100,24,1,EXECUTE,opa_allowed_at_gate,9.584311861544847,2.9325499199330807,99.76244503860394,105.69036249168111
opa,related_same,100,25,1,EXECUTE,opa_allowed_at_gate,9.252669755369425,2.965932246297598,99.76244503860394,105.69036249168111
opa,related_same,100,26,1,EXECUTE,opa_allowed_at_gate,9.756505955010653,3.0899038538336754,99.76244503860394,105.69036249168111
opa,related_same,100,27,1,EXECUTE,opa_allowed_at_gate,9.158113040030003,3.25825996696949,99.76244503860394,105.69036249168111
opa,related_same,100,28,1,EXECUTE,opa_allowed_at_gate,8.810821920633316,2.730029169470072,99.76244503860394,105.69036249168111
opa,related_same,100,29,1,EXECUTE,opa_allowed_at_gate,9.47238178923726,3.4440280869603157,99.76244503860394,105.69036249168111
opa,related_same,100,30,1,EXECUTE,opa_allowed_at_gate,9.61335701867938,3.183799795806408,99.76244503860394,105.69036249168111
opa,related_same,100,31,1,EXECUTE,opa_allowed_at_gate,8.68828222155571,3.028830047696829,99.76244503860394,105.69036249168111
opa,related_same,100,32,1,EXECUTE,opa_allowed_at_gate,9.360112249851227,3.3144550397992134,99.76244503860394,105.69036249168111
opa,related_same,100,33,1,EXECUTE,opa_allowed_at_gate,9.541301988065243,3.154634963721037,99.76244503860394,105.69036249168111
opa,related_same,100,34,1,EXECUTE,opa_allowed_at_gate,8.741401601582766,3.024401143193245,99.76244503860394,105.69036249168111
opa,related_same,100,35,1,EXECUTE,opa_allowed_at_gate,8.803398348391056,3.254062030464411,99.76244503860394,105.69036249168111
opa,related_same,100,36,1,EXECUTE,opa_allowed_at_gate,8.83612921461463,2.8604543767869473,99.76244503860394,105.69036249168111
opa,related_same,100,37,1,EXECUTE,opa_allowed_at_gate,9.091929066926241,2.7241376228630543,99.76244503860394,105.69036249168111
opa,related_same,100,38,1,EXECUTE,opa_allowed_at_gate,9.370902087539434,3.000495955348015,99.76244503860394,105.69036249168111
opa,related_same,100,39,1,EXECUTE,opa_allowed_at_gate,8.583014830946922,2.8673969209194183,99.76244503860394,105.69036249168111
opa,related_same,100,40,1,EXECUTE,opa_allowed_at_gate,8.592471946030855,2.951644826680422,99.76244503860394,105.69036249168111
opa,related_same,100,41,1,EXECUTE,opa_allowed_at_gate,8.673073258250952,2.5366172194480896,99.76244503860394,105.69036249168111
opa,related_same,100,42,1,EXECUTE,opa_allowed_at_gate,9.300751145929098,2.833444159477949,99.76244503860394,105.69036249168111
opa,related_same,100,43,1,EXECUTE,opa_allowed_at_gate,9.177249856293201,2.9526259750127792,99.76244503860394,105.69036249168111
opa,related_same,100,44,1,EXECUTE,opa_allowed_at_gate,9.40144993364811,3.1312713399529457,99.76244503860394,105.69036249168111
opa,related_same,100,45,1,EXECUTE,opa_allowed_at_gate,8.484149351716042,2.9681562446057796,99.76244503860394,105.69036249168111
opa,related_same,100,46,1,EXECUTE,opa_allowed_at_gate,9.552703239023685,3.114961087703705,99.76244503860394,105.69036249168111
opa,related_same,100,47,1,EXECUTE,opa_allowed_at_gate,9.286744054406881,3.5846023820340633,99.76244503860394,105.69036249168111
opa,related_same,100,48,1,EXECUTE,opa_allowed_at_gate,8.934733923524618,3.213576041162014,99.76244503860394,105.69036249168111
opa,related_same,100,49,1,EXECUTE,opa_allowed_at_gate,9.343340992927551,3.170004114508629,99.76244503860394,105.69036249168111
opa,related_same,100,50,1,EXECUTE,opa_allowed_at_gate,8.960101753473282,2.719609998166561,99.76244503860394,105.69036249168111
opa,related_same,100,51,1,EXECUTE,opa_allowed_at_gate,9.765992872416973,4.0391539223492146,99.76244503860394,105.69036249168111
opa,related_same,100,52,1,EXECUTE,opa_allowed_at_gate,9.692695923149586,3.2659838907420635,99.76244503860394,105.69036249168111
opa,related_same,100,53,1,EXECUTE,opa_allowed_at_gate,9.069036226719618,3.3650300465524197,99.76244503860394,105.69036249168111
opa,related_same,100,54,1,EXECUTE,opa_allowed_at_gate,9.545630309730768,3.175615333020687,99.76244503860394,105.69036249168111
opa,related_same,100,55,1,EXECUTE,opa_allowed_at_gate,9.616111870855093,3.0887220054864883,99.76244503860394,105.69036249168111
opa,related_same,100,56,1,EXECUTE,opa_allowed_at_gate,8.692319970577955,3.109712153673172,99.76244503860394,105.69036249168111
opa,related_same,100,57,1,EXECUTE,opa_allowed_at_gate,8.673474658280611,3.1857341527938843,99.76244503860394,105.69036249168111
opa,related_same,100,58,1,EXECUTE,opa_allowed_at_gate,8.850425947457552,2.9524960555136204,99.76244503860394,105.69036249168111
opa,related_same,100,59,1,EXECUTE,opa_allowed_at_gate,9.791380725800991,3.4493478015065193,99.76244503860394,105.69036249168111
opa,related_same,100,60,1,EXECUTE,opa_allowed_at_gate,9.644164238125086,3.3691683784127235,99.76244503860394,105.69036249168111
opa,related_same,100,61,1,EXECUTE,opa_allowed_at_gate,9.04371915385127,2.853982150554657,99.76244503860394,105.69036249168111
opa,related_same,100,62,1,EXECUTE,opa_allowed_at_gate,8.91805300489068,2.8014332056045532,99.76244503860394,105.69036249168111
opa,related_same,100,63,1,EXECUTE,opa_allowed_at_gate,9.09489393234253,3.0646570958197117,99.76244503860394,105.69036249168111
opa,related_same,100,64,1,EXECUTE,opa_allowed_at_gate,8.998474106192589,2.6440778747200966,99.76244503860394,105.69036249168111
opa,related_same,100,65,1,EXECUTE,opa_allowed_at_gate,8.937239181250334,2.6933099143207073,99.76244503860394,105.69036249168111
opa,related_same,100,66,1,EXECUTE,opa_allowed_at_gate,9.32589778676629,3.427287098020315,99.76244503860394,105.69036249168111
opa,related_same,100,67,1,EXECUTE,opa_allowed_at_gate,9.848458226770163,2.897352911531925,99.76244503860394,105.69036249168111
opa,related_same,100,68,1,EXECUTE,opa_allowed_at_gate,10.382317937910557,3.351133782416582,99.76244503860394,105.69036249168111
opa,related_same,100,69,1,EXECUTE,opa_allowed_at_gate,11.57484482973814,4.52822120860219,99.76244503860394,105.69036249168111
opa,related_same,100,70,1,EXECUTE,opa_allowed_at_gate,13.221812900155783,4.088315647095442,99.76244503860394,105.69036249168111
opa,related_same,100,71,1,EXECUTE,opa_allowed_at_gate,10.110709816217422,3.4264549612998962,99.76244503860394,105.69036249168111
opa,related_same,100,72,1,EXECUTE,opa_allowed_at_gate,10.6517537496984,3.619106952100992,99.76244503860394,105.69036249168111
opa,related_same,100,73,1,EXECUTE,opa_allowed_at_gate,11.154056061059237,5.2084168419241905,99.76244503860394,105.69036249168111
opa,related_same,100,74,1,EXECUTE,opa_allowed_at_gate,10.04466600716114,3.3400836400687695,99.76244503860394,105.69036249168111
opa,related_same,100,75,1,EXECUTE,opa_allowed_at_gate,9.38867637887597,3.194971941411495,99.76244503860394,105.69036249168111
opa,related_same,100,76,1,EXECUTE,opa_allowed_at_gate,9.40611818805337,3.035231027752161,99.76244503860394,105.69036249168111
opa,related_same,100,77,1,EXECUTE,opa_allowed_at_gate,9.060299955308437,3.3037150278687477,99.76244503860394,105.69036249168111
opa,related_same,100,78,1,EXECUTE,opa_allowed_at_gate,9.329675231128931,2.7945907786488533,99.76244503860394,105.69036249168111
opa,related_same,100,79,1,EXECUTE,opa_allowed_at_gate,9.174583945423365,3.120671957731247,99.76244503860394,105.69036249168111
opa,related_same,100,80,1,EXECUTE,opa_allowed_at_gate,9.016618132591248,3.083162009716034,99.76244503860394,105.69036249168111
opa,related_same,100,81,1,EXECUTE,opa_allowed_at_gate,8.752373047173023,2.7901818975806236,99.76244503860394,105.69036249168111
opa,related_same,100,82,1,EXECUTE,opa_allowed_at_gate,9.241980966180563,3.312522079795599,99.76244503860394,105.69036249168111
opa,related_same,100,83,1,EXECUTE,opa_allowed_at_gate,8.974198717623949,2.7189990505576134,99.76244503860394,105.69036249168111
opa,related_same,100,84,1,EXECUTE,opa_allowed_at_gate,9.792533237487078,3.2693599350750446,99.76244503860394,105.69036249168111
opa,related_same,100,85,1,EXECUTE,opa_allowed_at_gate,8.807886391878128,3.062182106077671,99.76244503860394,105.69036249168111
opa,related_same,100,86,1,EXECUTE,opa_allowed_at_gate,9.573021903634071,3.3165598288178444,99.76244503860394,105.69036249168111
opa,related_same,100,87,1,EXECUTE,opa_allowed_at_gate,9.39187128096819,3.3244951628148556,99.76244503860394,105.69036249168111
opa,related_same,100,88,1,EXECUTE,opa_allowed_at_gate,9.369890205562115,3.2939165830612183,99.76244503860394,105.69036249168111
opa,related_same,100,89,1,EXECUTE,opa_allowed_at_gate,8.699172176420689,2.8580999933183193,99.76244503860394,105.69036249168111
opa,related_same,100,90,1,EXECUTE,opa_allowed_at_gate,8.955173194408417,3.0692252330482006,99.76244503860394,105.69036249168111
opa,related_same,100,91,1,EXECUTE,opa_allowed_at_gate,9.25105670467019,3.417036961764097,99.76244503860394,105.69036249168111
opa,related_same,100,92,1,EXECUTE,opa_allowed_at_gate,8.947127033025026,3.0254428274929523,99.76244503860394,105.69036249168111
opa,related_same,100,93,1,EXECUTE,opa_allowed_at_gate,9.253942873328924,3.018410876393318,99.76244503860394,105.69036249168111
opa,related_same,100,94,1,EXECUTE,opa_allowed_at_gate,9.12745576351881,2.6970780454576015,99.76244503860394,105.69036249168111
opa,related_same,100,95,1,EXECUTE,opa_allowed_at_gate,11.01644802838564,3.082761075347662,99.76244503860394,105.69036249168111
opa,related_same,100,96,1,EXECUTE,opa_allowed_at_gate,8.885973133146763,2.714980859309435,99.76244503860394,105.69036249168111
opa,related_same,100,97,1,EXECUTE,opa_allowed_at_gate,9.303126018494368,3.2866131514310837,99.76244503860394,105.69036249168111
opa,related_same,100,98,1,EXECUTE,opa_allowed_at_gate,9.155408013612032,3.2368400134146214,99.76244503860394,105.69036249168111
opa,related_same,100,99,1,EXECUTE,opa_allowed_at_gate,8.971995208412409,2.966933883726597,99.76244503860394,105.69036249168111
opa_readset,related_same,100,0,1,EXECUTE,opa_allowed_at_gate,10.489149019122124,3.2132151536643505,99.89166959244585,106.10229477552329
opa_readset,related_same,100,1,1,EXECUTE,opa_allowed_at_gate,9.424623101949692,3.169512841850519,99.89166959244585,106.10229477552329
opa_readset,related_same,100,2,1,EXECUTE,opa_allowed_at_gate,9.432166814804077,3.121553920209408,99.89166959244585,106.10229477552329
opa_readset,related_same,100,3,1,EXECUTE,opa_allowed_at_gate,9.203457739204168,2.6155239902436733,99.89166959244585,106.10229477552329
opa_readset,related_same,100,4,1,EXECUTE,opa_allowed_at_gate,9.306741878390312,3.2196170650422573,99.89166959244585,106.10229477552329
opa_readset,related_same,100,5,1,EXECUTE,opa_allowed_at_gate,8.298791944980621,2.758712973445654,99.89166959244585,106.10229477552329
opa_readset,related_same,100,6,1,EXECUTE,opa_allowed_at_gate,9.685471653938293,3.301320131868124,99.89166959244585,106.10229477552329
opa_readset,related_same,100,7,1,EXECUTE,opa_allowed_at_gate,9.02983220294118,2.8505162335932255,99.89166959244585,106.10229477552329
opa_readset,related_same,100,8,1,EXECUTE,opa_allowed_at_gate,9.40836314111948,3.1706849113106728,99.89166959244585,106.10229477552329
opa_readset,related_same,100,9,1,EXECUTE,opa_allowed_at_gate,9.098822250962257,3.3491309732198715,99.89166959244585,106.10229477552329
opa_readset,related_same,100,10,1,EXECUTE,opa_allowed_at_gate,9.381873067468405,3.5050329752266407,99.89166959244585,106.10229477552329
opa_readset,related_same,100,11,1,EXECUTE,opa_allowed_at_gate,9.107377845793962,3.1152917072176933,99.89166959244585,106.10229477552329
opa_readset,related_same,100,12,1,EXECUTE,opa_allowed_at_gate,9.42417187616229,2.9426580294966698,99.89166959244585,106.10229477552329
opa_readset,related_same,100,13,1,EXECUTE,opa_allowed_at_gate,9.53173404559493,3.783424850553274,99.89166959244585,106.10229477552329
opa_readset,related_same,100,14,1,EXECUTE,opa_allowed_at_gate,9.51145589351654,4.012504126876593,99.89166959244585,106.10229477552329
opa_readset,related_same,100,15,1,EXECUTE,opa_allowed_at_gate,9.264602791517973,2.9891859740018845,99.89166959244585,106.10229477552329
opa_readset,related_same,100,16,1,EXECUTE,opa_allowed_at_gate,9.511987213045359,3.3343019895255566,99.89166959244585,106.10229477552329
opa_readset,related_same,100,17,1,EXECUTE,opa_allowed_at_gate,10.739378165453672,3.2689301297068596,99.89166959244585,106.10229477552329
opa_readset,related_same,100,18,1,EXECUTE,opa_allowed_at_gate,12.265490833669901,4.610816016793251,99.89166959244585,106.10229477552329
opa_readset,related_same,100,19,1,EXECUTE,opa_allowed_at_gate,13.33529595285654,4.636514000594616,99.89166959244585,106.10229477552329
opa_readset,related_same,100,20,1,EXECUTE,opa_allowed_at_gate,9.947093203663826,3.3503430895507336,99.89166959244585,106.10229477552329
opa_readset,related_same,100,21,1,EXECUTE,opa_allowed_at_gate,10.864803101867437,3.2028760761022568,99.89166959244585,106.10229477552329
opa_readset,related_same,100,22,1,EXECUTE,opa_allowed_at_gate,9.454357903450727,3.238743171095848,99.89166959244585,106.10229477552329
opa_readset,related_same,100,23,1,EXECUTE,opa_allowed_at_gate,10.236205067485571,3.4633739851415157,99.89166959244585,106.10229477552329
opa_readset,related_same,100,24,1,EXECUTE,opa_allowed_at_gate,9.925673250108957,3.04114306345582,99.89166959244585,106.10229477552329
opa_readset,related_same,100,25,1,EXECUTE,opa_allowed_at_gate,11.897580232471228,3.813310991972685,99.89166959244585,106.10229477552329
opa_readset,related_same,100,26,1,EXECUTE,opa_allowed_at_gate,9.963473305106163,3.5481732338666916,99.89166959244585,106.10229477552329
opa_readset,related_same,100,27,1,EXECUTE,opa_allowed_at_gate,9.57837188616395,3.299526870250702,99.89166959244585,106.10229477552329
opa_readset,related_same,100,28,1,EXECUTE,opa_allowed_at_gate,10.078830178827047,3.7281708791851997,99.89166959244585,106.10229477552329
opa_readset,related_same,100,29,1,EXECUTE,opa_allowed_at_gate,9.532995987683535,2.9497211799025536,99.89166959244585,106.10229477552329
opa_readset,related_same,100,30,1,EXECUTE,opa_allowed_at_gate,9.329264052212238,3.151961136609316,99.89166959244585,106.10229477552329
opa_readset,related_same,100,31,1,EXECUTE,opa_allowed_at_gate,8.404300082474947,2.795061096549034,99.89166959244585,106.10229477552329
opa_readset,related_same,100,32,1,EXECUTE,opa_allowed_at_gate,9.423810988664627,3.2406067475676537,99.89166959244585,106.10229477552329
opa_readset,related_same,100,33,1,EXECUTE,opa_allowed_at_gate,8.381057064980268,2.458340022712946,99.89166959244585,106.10229477552329
opa_readset,related_same,100,34,1,EXECUTE,opa_allowed_at_gate,8.545614778995514,2.833203412592411,99.89166959244585,106.10229477552329
opa_readset,related_same,100,35,1,EXECUTE,opa_allowed_at_gate,8.744557853788137,3.198878839612007,99.89166959244585,106.10229477552329
opa_readset,related_same,100,36,1,EXECUTE,opa_allowed_at_gate,8.728838060051203,3.1059440225362778,99.89166959244585,106.10229477552329
opa_readset,related_same,100,37,1,EXECUTE,opa_allowed_at_gate,8.697989862412214,3.115301951766014,99.89166959244585,106.10229477552329
opa_readset,related_same,100,38,1,EXECUTE,opa_allowed_at_gate,9.121805429458618,3.0180192552506924,99.89166959244585,106.10229477552329
opa_readset,related_same,100,39,1,EXECUTE,opa_allowed_at_gate,9.044308681041002,2.9762713238596916,99.89166959244585,106.10229477552329
opa_readset,related_same,100,40,1,EXECUTE,opa_allowed_at_gate,9.016647934913635,3.102707676589489,99.89166959244585,106.10229477552329
opa_readset,related_same,100,41,1,EXECUTE,opa_allowed_at_gate,8.97554075345397,3.248040098696947,99.89166959244585,106.10229477552329
opa_readset,related_same,100,42,1,EXECUTE,opa_allowed_at_gate,8.76555684953928,2.8564869426190853,99.89166959244585,106.10229477552329
opa_readset,related_same,100,43,1,EXECUTE,opa_allowed_at_gate,8.878618944436312,3.2928348518908024,99.89166959244585,106.10229477552329
opa_readset,related_same,100,44,1,EXECUTE,opa_allowed_at_gate,9.51319932937622,2.741912379860878,99.89166959244585,106.10229477552329
opa_readset,related_same,100,45,1,EXECUTE,opa_allowed_at_gate,9.294067975133657,3.6272816359996796,99.89166959244585,106.10229477552329
opa_readset,related_same,100,46,1,EXECUTE,opa_allowed_at_gate,8.841730188578367,2.767660189419985,99.89166959244585,106.10229477552329
opa_readset,related_same,100,47,1,EXECUTE,opa_allowed_at_gate,9.286904241889715,3.2734880223870277,99.89166959244585,106.10229477552329
opa_readset,related_same,100,48,1,EXECUTE,opa_allowed_at_gate,9.245817083865404,2.7874973602592945,99.89166959244585,106.10229477552329
opa_readset,related_same,100,49,1,EXECUTE,opa_allowed_at_gate,9.041996207088232,2.9113199561834335,99.89166959244585,106.10229477552329
opa_readset,related_same,100,50,1,EXECUTE,opa_allowed_at_gate,8.832872845232487,2.81485915184021,99.89166959244585,106.10229477552329
opa_readset,related_same,100,51,1,EXECUTE,opa_allowed_at_gate,8.968997746706009,2.8382320888340473,99.89166959244585,106.10229477552329
opa_readset,related_same,100,52,1,EXECUTE,opa_allowed_at_gate,8.922541979700327,2.954570110887289,99.89166959244585,106.10229477552329
opa_readset,related_same,100,53,1,EXECUTE,opa_allowed_at_gate,8.827663958072662,3.018168732523918,99.89166959244585,106.10229477552329
opa_readset,related_same,100,54,1,EXECUTE,opa_allowed_at_gate,8.593082893639803,2.6547182351350784,99.89166959244585,106.10229477552329
opa_readset,related_same,100,55,1,EXECUTE,opa_allowed_at_gate,9.24273207783699,3.5505183041095734,99.89166959244585,106.10229477552329
opa_readset,related_same,100,56,1,EXECUTE,opa_allowed_at_gate,9.057153947651386,2.85221915692091,99.89166959244585,106.10229477552329
opa_readset,related_same,100,57,1,EXECUTE,opa_allowed_at_gate,10.593564715236425,3.246127162128687,99.89166959244585,106.10229477552329
opa_readset,related_same,100,58,1,EXECUTE,opa_allowed_at_gate,8.83303303271532,2.9664416797459126,99.89166959244585,106.10229477552329
opa_readset,related_same,100,59,1,EXECUTE,opa_allowed_at_gate,9.226812049746513,3.230357076972723,99.89166959244585,106.10229477552329
opa_readset,related_same,100,60,1,EXECUTE,opa_allowed_at_gate,9.15756169706583,3.2432018779218197,99.89166959244585,106.10229477552329
opa_readset,related_same,100,61,1,EXECUTE,opa_allowed_at_gate,8.563628885895014,2.8032567352056503,99.89166959244585,106.10229477552329
opa_readset,related_same,100,62,1,EXECUTE,opa_allowed_at_gate,8.29805014654994,2.6377467438578606,99.89166959244585,106.10229477552329
opa_readset,related_same,100,63,1,EXECUTE,opa_allowed_at_gate,9.032416623085737,3.1154616735875607,99.89166959244585,106.10229477552329
opa_readset,related_same,100,64,1,EXECUTE,opa_allowed_at_gate,9.523157961666584,2.74874409660697,99.89166959244585,106.10229477552329
opa_readset,related_same,100,65,1,EXECUTE,opa_allowed_at_gate,10.379333980381489,3.6851600743830204,99.89166959244585,106.10229477552329
opa_readset,related_same,100,66,1,EXECUTE,opa_allowed_at_gate,10.194736998528242,3.2182950526475906,99.89166959244585,106.10229477552329
opa_readset,related_same,100,67,1,EXECUTE,opa_allowed_at_gate,9.657068643718958,3.243792802095413,99.89166959244585,106.10229477552329
opa_readset,related_same,100,68,1,EXECUTE,opa_allowed_at_gate,9.37880715355277,2.945974934846163,99.89166959244585,106.10229477552329
opa_readset,related_same,100,69,1,EXECUTE,opa_allowed_at_gate,9.1183390468359,2.761028241366148,99.89166959244585,106.10229477552329
opa_readset,related_same,100,70,1,EXECUTE,opa_allowed_at_gate,8.800833020359278,3.1682620756328106,99.89166959244585,106.10229477552329
opa_readset,related_same,100,71,1,EXECUTE,opa_allowed_at_gate,9.308876004070044,3.216370940208435,99.89166959244585,106.10229477552329
opa_readset,related_same,100,72,1,EXECUTE,opa_allowed_at_gate,8.638397790491581,2.8108912520110607,99.89166959244585,106.10229477552329
opa_readset,related_same,100,73,1,EXECUTE,opa_allowed_at_gate,9.901747107505798,3.5060448572039604,99.89166959244585,106.10229477552329
opa_readset,related_same,100,74,1,EXECUTE,opa_allowed_at_gate,8.691408205777407,3.0813580378890038,99.89166959244585,106.10229477552329
opa_readset,related_same,100,75,1,EXECUTE,opa_allowed_at_gate,8.630353957414627,2.7150711975991726,99.89166959244585,106.10229477552329
opa_readset,related_same,100,76,1,EXECUTE,opa_allowed_at_gate,8.560702670365572,2.7943397872149944,99.89166959244585,106.10229477552329
opa_readset,related_same,100,77,1,EXECUTE,opa_allowed_at_gate,9.020724799484015,3.0582048930227757,99.89166959244585,106.10229477552329
opa_readset,related_same,100,78,1,EXECUTE,opa_allowed_at_gate,13.352688867598772,4.974989220499992,99.89166959244585,106.10229477552329
opa_readset,related_same,100,79,1,EXECUTE,opa_allowed_at_gate,9.324845857918262,3.1236279755830765,99.89166959244585,106.10229477552329
opa_readset,related_same,100,80,1,EXECUTE,opa_allowed_at_gate,9.0909069404006,2.9590390622615814,99.89166959244585,106.10229477552329
opa_readset,related_same,100,81,1,EXECUTE,opa_allowed_at_gate,9.162903297692537,3.048005048185587,99.89166959244585,106.10229477552329
opa_readset,related_same,100,82,1,EXECUTE,opa_allowed_at_gate,9.549215901643038,3.3118603751063347,99.89166959244585,106.10229477552329
opa_readset,related_same,100,83,1,EXECUTE,opa_allowed_at_gate,9.015575982630253,3.0230185948312283,99.89166959244585,106.10229477552329
opa_readset,related_same,100,84,1,EXECUTE,opa_allowed_at_gate,9.180044289678335,3.0956249684095383,99.89166959244585,106.10229477552329
opa_readset,related_same,100,85,1,EXECUTE,opa_allowed_at_gate,9.548075031489134,3.522686194628477,99.89166959244585,106.10229477552329
opa_readset,related_same,100,86,1,EXECUTE,opa_allowed_at_gate,8.689444046467543,2.5583780370652676,99.89166959244585,106.10229477552329
opa_readset,related_same,100,87,1,EXECUTE,opa_allowed_at_gate,9.648532141000032,2.966411877423525,99.89166959244585,106.10229477552329
opa_readset,related_same,100,88,1,EXECUTE,opa_allowed_at_gate,8.594687096774578,2.9734959825873375,99.89166959244585,106.10229477552329
opa_readset,related_same,100,89,1,EXECUTE,opa_allowed_at_gate,8.731503039598465,3.1214728951454163,99.89166959244585,106.10229477552329
opa_readset,related_same,100,90,1,EXECUTE,opa_allowed_at_gate,9.118149057030678,3.2136570662260056,99.89166959244585,106.10229477552329
opa_readset,related_same,100,91,1,EXECUTE,opa_allowed_at_gate,8.873830083757639,2.892875112593174,99.89166959244585,106.10229477552329
opa_readset,related_same,100,92,1,EXECUTE,opa_allowed_at_gate,8.698931895196438,2.980488818138838,99.89166959244585,106.10229477552329
opa_readset,related_same,100,93,1,EXECUTE,opa_allowed_at_gate,10.48875879496336,4.616627003997564,99.89166959244585,106.10229477552329
opa_readset,related_same,100,94,1,EXECUTE,opa_allowed_at_gate,8.615165017545223,2.6883012615144253,99.89166959244585,106.10229477552329
opa_readset,related_same,100,95,1,EXECUTE,opa_allowed_at_gate,9.377875830978155,3.1257006339728832,99.89166959244585,106.10229477552329
opa_readset,related_same,100,96,1,EXECUTE,opa_allowed_at_gate,8.831621147692204,2.961713820695877,99.89166959244585,106.10229477552329
opa_readset,related_same,100,97,1,EXECUTE,opa_allowed_at_gate,9.001579135656357,2.9133432544767857,99.89166959244585,106.10229477552329
opa_readset,related_same,100,98,1,EXECUTE,opa_allowed_at_gate,8.842350915074348,2.792967017740011,99.89166959244585,106.10229477552329
opa_readset,related_same,100,99,1,EXECUTE,opa_allowed_at_gate,8.774092886596918,2.858320251107216,99.89166959244585,106.10229477552329
global,unrelated,500,0,0,REVOKE,context_version_changed_at_publish,21.561511792242527,7.853636983782053,121.90995678641697,0.0
global,unrelated,500,1,0,REVOKE,context_version_changed_at_publish,16.88043400645256,5.7129329070448875,121.90995678641697,0.0
global,unrelated,500,2,0,REVOKE,context_version_changed_at_publish,17.443299293518066,6.62190793082118,121.90995678641697,0.0
global,unrelated,500,3,0,REVOKE,context_version_changed_at_publish,18.05352373048663,6.365455687046051,121.90995678641697,0.0
global,unrelated,500,4,0,REVOKE,context_version_changed_at_publish,21.935513243079185,7.240706589072943,121.90995678641697,0.0
global,unrelated,500,5,0,REVOKE,context_version_changed_at_publish,17.474919091910124,6.943030282855034,121.90995678641697,0.0
global,unrelated,500,6,0,REVOKE,context_version_changed_at_publish,22.4847630597651,7.468975149095058,121.90995678641697,0.0
global,unrelated,500,7,0,REVOKE,context_version_changed_at_publish,22.83842721953988,7.079866249114275,121.90995678641697,0.0
global,unrelated,500,8,0,REVOKE,context_version_changed_at_publish,17.04616518691182,6.218519993126392,121.90995678641697,0.0
global,unrelated,500,9,0,REVOKE,context_version_changed_at_publish,16.60909503698349,4.9988944083452225,121.90995678641697,0.0
global,unrelated,500,10,0,REVOKE,context_version_changed_at_publish,16.80229837074876,5.961848888546228,121.90995678641697,0.0
global,unrelated,500,11,0,REVOKE,context_version_changed_at_publish,20.325014367699623,8.655440993607044,121.90995678641697,0.0
global,unrelated,500,12,0,REVOKE,context_version_changed_at_publish,18.03374709561467,6.855995859950781,121.90995678641697,0.0
global,unrelated,500,13,0,REVOKE,context_version_changed_at_publish,16.82877680286765,6.148430053144693,121.90995678641697,0.0
global,unrelated,500,14,0,REVOKE,context_version_changed_at_publish,17.854391131550074,7.185995113104582,121.90995678641697,0.0
global,unrelated,500,15,0,REVOKE,context_version_changed_at_publish,22.746033035218716,7.989231031388044,121.90995678641697,0.0
global,unrelated,500,16,0,REVOKE,context_version_changed_at_publish,16.97625406086445,5.658902227878571,121.90995678641697,0.0
global,unrelated,500,17,0,REVOKE,context_version_changed_at_publish,17.06240512430668,6.0937171801924706,121.90995678641697,0.0
global,unrelated,500,18,0,REVOKE,context_version_changed_at_publish,17.869969829916954,6.714871618896723,121.90995678641697,0.0
global,unrelated,500,19,0,REVOKE,context_version_changed_at_publish,23.628929164260626,8.230473846197128,121.90995678641697,0.0
global,unrelated,500,20,0,REVOKE,context_version_changed_at_publish,16.75264537334442,6.079680286347866,121.90995678641697,0.0
global,unrelated,500,21,0,REVOKE,context_version_changed_at_publish,17.09233084693551,6.175631191581488,121.90995678641697,0.0
global,unrelated,500,22,0,REVOKE,context_version_changed_at_publish,16.727115958929062,6.681459024548531,121.90995678641697,0.0
global,unrelated,500,23,0,REVOKE,context_version_changed_at_publish,23.939040023833513,8.38089594617486,121.90995678641697,0.0
global,unrelated,500,24,0,REVOKE,context_version_changed_at_publish,16.890703234821558,6.09243381768465,121.90995678641697,0.0
global,unrelated,500,25,0,REVOKE,context_version_changed_at_publish,16.550776083022356,5.8347610756754875,121.90995678641697,0.0
global,unrelated,500,26,0,REVOKE,context_version_changed_at_publish,16.834357753396034,6.523923948407173,121.90995678641697,0.0
global,unrelated,500,27,0,REVOKE,context_version_changed_at_publish,16.250092070549726,6.044915411621332,121.90995678641697,0.0
global,unrelated,500,28,0,REVOKE,context_version_changed_at_publish,15.896028839051723,5.867141764611006,121.90995678641697,0.0
global,unrelated,500,29,0,REVOKE,context_version_changed_at_publish,18.308861646801233,6.937218829989433,121.90995678641697,0.0
global,unrelated,500,30,0,REVOKE,context_version_changed_at_publish,23.19994429126382,8.495410904288292,121.90995678641697,0.0
global,unrelated,500,31,0,REVOKE,context_version_changed_at_publish,23.58317282050848,7.666957098990679,121.90995678641697,0.0
global,unrelated,500,32,0,REVOKE,context_version_changed_at_publish,23.89901503920555,8.077125996351242,121.90995678641697,0.0
global,unrelated,500,33,0,REVOKE,context_version_changed_at_publish,23.936034180223942,8.82015936076641,121.90995678641697,0.0
global,unrelated,500,34,0,REVOKE,context_version_changed_at_publish,17.08670100197196,6.698150187730789,121.90995678641697,0.0
global,unrelated,500,35,0,REVOKE,context_version_changed_at_publish,17.340917605906725,6.669105961918831,121.90995678641697,0.0
global,unrelated,500,36,0,REVOKE,context_version_changed_at_publish,16.26993902027607,5.608175881206989,121.90995678641697,0.0
global,unrelated,500,37,0,REVOKE,context_version_changed_at_publish,23.67675770074129,8.060134947299957,121.90995678641697,0.0
global,unrelated,500,38,0,REVOKE,context_version_changed_at_publish,22.933073807507753,7.429832126945257,121.90995678641697,0.0
global,unrelated,500,39,0,REVOKE,context_version_changed_at_publish,23.958777077496052,7.996656000614166,121.90995678641697,0.0
global,unrelated,500,40,0,REVOKE,context_version_changed_at_publish,16.943681985139847,6.419316865503788,121.90995678641697,0.0
global,unrelated,500,41,0,REVOKE,context_version_changed_at_publish,23.42563821002841,7.462884299457073,121.90995678641697,0.0
global,unrelated,500,42,0,REVOKE,context_version_changed_at_publish,17.510435078293085,7.062654010951519,121.90995678641697,0.0
global,unrelated,500,43,0,REVOKE,context_version_changed_at_publish,17.223256640136242,6.362962070852518,121.90995678641697,0.0
global,unrelated,500,44,0,REVOKE,context_version_changed_at_publish,17.830554861575365,6.794201210141182,121.90995678641697,0.0
global,unrelated,500,45,0,REVOKE,context_version_changed_at_publish,17.166971694678068,6.582913920283318,121.90995678641697,0.0
global,unrelated,500,46,0,REVOKE,context_version_changed_at_publish,23.59916316345334,5.827818065881729,121.90995678641697,0.0
global,unrelated,500,47,0,REVOKE,context_version_changed_at_publish,21.99953282251954,7.170065771788359,121.90995678641697,0.0
global,unrelated,500,48,0,REVOKE,context_version_changed_at_publish,23.270687088370323,7.661076262593269,121.90995678641697,0.0
global,unrelated,500,49,0,REVOKE,context_version_changed_at_publish,17.333343159407377,6.229021120816469,121.90995678641697,0.0
global,unrelated,500,50,0,REVOKE,context_version_changed_at_publish,22.65853900462389,7.614108268171549,121.90995678641697,0.0
global,unrelated,500,51,0,REVOKE,context_version_changed_at_publish,22.224945947527885,7.165166083723307,121.90995678641697,0.0
global,unrelated,500,52,0,REVOKE,context_version_changed_at_publish,21.797555033117533,7.406498771160841,121.90995678641697,0.0
global,unrelated,500,53,0,REVOKE,context_version_changed_at_publish,17.67195761203766,6.431660149246454,121.90995678641697,0.0
global,unrelated,500,54,0,REVOKE,context_version_changed_at_publish,16.991522163152695,6.643268279731274,121.90995678641697,0.0
global,unrelated,500,55,0,REVOKE,context_version_changed_at_publish,23.155371192842722,8.233218919485807,121.90995678641697,0.0
global,unrelated,500,56,0,REVOKE,context_version_changed_at_publish,22.110311780124903,7.004925981163979,121.90995678641697,0.0
global,unrelated,500,57,0,REVOKE,context_version_changed_at_publish,17.281827051192522,6.696026306599379,121.90995678641697,0.0
global,unrelated,500,58,0,REVOKE,context_version_changed_at_publish,17.420276068150997,6.358734332025051,121.90995678641697,0.0
global,unrelated,500,59,0,REVOKE,context_version_changed_at_publish,23.076912853866816,7.485086098313332,121.90995678641697,0.0
global,unrelated,500,60,0,REVOKE,context_version_changed_at_publish,23.49280286580324,7.688768208026886,121.90995678641697,0.0
global,unrelated,500,61,0,REVOKE,context_version_changed_at_publish,24.60710285231471,7.5454399921,121.90995678641697,0.0
global,unrelated,500,62,0,REVOKE,context_version_changed_at_publish,15.627895016223192,5.570565816015005,121.90995678641697,0.0
global,unrelated,500,63,0,REVOKE,context_version_changed_at_publish,17.419725190848112,7.093522232025862,121.90995678641697,0.0
global,unrelated,500,64,0,REVOKE,context_version_changed_at_publish,17.273861914873123,6.673024035990238,121.90995678641697,0.0
global,unrelated,500,65,0,REVOKE,context_version_changed_at_publish,16.01633382961154,5.641658790409565,121.90995678641697,0.0
global,unrelated,500,66,0,REVOKE,context_version_changed_at_publish,17.153356224298477,6.534222047775984,121.90995678641697,0.0
global,unrelated,500,67,0,REVOKE,context_version_changed_at_publish,17.72289304062724,7.0044551976025105,121.90995678641697,0.0
global,unrelated,500,68,0,REVOKE,context_version_changed_at_publish,17.154587898403406,6.389070767909288,121.90995678641697,0.0
global,unrelated,500,69,0,REVOKE,context_version_changed_at_publish,17.855361569672823,6.075723096728325,121.90995678641697,0.0
global,unrelated,500,70,0,REVOKE,context_version_changed_at_publish,17.44822785258293,6.701115053147078,121.90995678641697,0.0
global,unrelated,500,71,0,REVOKE,context_version_changed_at_publish,21.659896709024906,6.700956262648106,121.90995678641697,0.0
global,unrelated,500,72,0,REVOKE,context_version_changed_at_publish,17.291925847530365,5.7200659066438675,121.90995678641697,0.0
global,unrelated,500,73,0,REVOKE,context_version_changed_at_publish,23.528069723397493,8.020849898457527,121.90995678641697,0.0
global,unrelated,500,74,0,REVOKE,context_version_changed_at_publish,23.920234758406878,8.79523204639554,121.90995678641697,0.0
global,unrelated,500,75,0,REVOKE,context_version_changed_at_publish,16.752804163843393,6.289685145020485,121.90995678641697,0.0
global,unrelated,500,76,0,REVOKE,context_version_changed_at_publish,16.72353968024254,5.974813364446163,121.90995678641697,0.0
global,unrelated,500,77,0,REVOKE,context_version_changed_at_publish,17.0838157646358,6.49510882794857,121.90995678641697,0.0
global,unrelated,500,78,0,REVOKE,context_version_changed_at_publish,17.41134002804756,6.798788905143738,121.90995678641697,0.0
global,unrelated,500,79,0,REVOKE,context_version_changed_at_publish,17.33334269374609,6.842110771685839,121.90995678641697,0.0
global,unrelated,500,80,0,REVOKE,context_version_changed_at_publish,18.012728076428175,6.9129629991948605,121.90995678641697,0.0
global,unrelated,500,81,0,REVOKE,context_version_changed_at_publish,23.429584689438343,8.337194100022316,121.90995678641697,0.0
global,unrelated,500,82,0,REVOKE,context_version_changed_at_publish,22.11909694597125,7.2365403175354,121.90995678641697,0.0
global,unrelated,500,83,0,REVOKE,context_version_changed_at_publish,23.38579297065735,8.190629072487354,121.90995678641697,0.0
global,unrelated,500,84,0,REVOKE,context_version_changed_at_publish,17.050422728061676,5.765881855040789,121.90995678641697,0.0
global,unrelated,500,85,0,REVOKE,context_version_changed_at_publish,17.615331802517176,6.378741934895515,121.90995678641697,0.0
global,unrelated,500,86,0,REVOKE,context_version_changed_at_publish,17.561541870236397,6.2000262551009655,121.90995678641697,0.0
global,unrelated,500,87,0,REVOKE,context_version_changed_at_publish,16.7423146776855,6.523401942104101,121.90995678641697,0.0
global,unrelated,500,88,0,REVOKE,context_version_changed_at_publish,16.966725699603558,6.225703749805689,121.90995678641697,0.0
global,unrelated,500,89,0,REVOKE,context_version_changed_at_publish,17.639588098973036,6.685046013444662,121.90995678641697,0.0
global,unrelated,500,90,0,REVOKE,context_version_changed_at_publish,16.543863341212273,6.437751930207014,121.90995678641697,0.0
global,unrelated,500,91,0,REVOKE,context_version_changed_at_publish,24.797660764306784,8.668625261634588,121.90995678641697,0.0
global,unrelated,500,92,0,REVOKE,context_version_changed_at_publish,17.090959008783102,6.8703629076480865,121.90995678641697,0.0
global,unrelated,500,93,0,REVOKE,context_version_changed_at_publish,24.35032231733203,8.314772043377161,121.90995678641697,0.0
global,unrelated,500,94,0,REVOKE,context_version_changed_at_publish,17.755906097590923,6.552828010171652,121.90995678641697,0.0
global,unrelated,500,95,0,REVOKE,context_version_changed_at_publish,17.768649850040674,7.052153814584017,121.90995678641697,0.0
global,unrelated,500,96,0,REVOKE,context_version_changed_at_publish,18.465726170688868,6.8903109058737755,121.90995678641697,0.0
global,unrelated,500,97,0,REVOKE,context_version_changed_at_publish,23.030757904052734,7.346767000854015,121.90995678641697,0.0
global,unrelated,500,98,0,REVOKE,context_version_changed_at_publish,23.999522905796766,8.239150047302246,121.90995678641697,0.0
global,unrelated,500,99,0,REVOKE,context_version_changed_at_publish,17.868096008896828,6.899699103087187,121.90995678641697,0.0
readset,unrelated,500,0,1,EXECUTE,published_after_gate_recheck,19.542655907571316,7.282054983079433,122.3512021279883,49.899532353055676
readset,unrelated,500,1,1,EXECUTE,published_after_gate_recheck,21.502059884369373,6.764744874089956,122.3512021279883,49.899532353055676
readset,unrelated,500,2,1,EXECUTE,published_after_gate_recheck,20.959592889994383,9.463545866310596,122.3512021279883,49.899532353055676
readset,unrelated,500,3,1,EXECUTE,published_after_gate_recheck,18.615868408232927,6.568999029695988,122.3512021279883,49.899532353055676
readset,unrelated,500,4,1,EXECUTE,published_after_gate_recheck,22.23470387980342,7.3900381103158,122.3512021279883,49.899532353055676
readset,unrelated,500,5,1,EXECUTE,published_after_gate_recheck,22.7721119299531,8.32857796922326,122.3512021279883,49.899532353055676
readset,unrelated,500,6,1,EXECUTE,published_after_gate_recheck,17.16687111184001,6.355226971209049,122.3512021279883,49.899532353055676
readset,unrelated,500,7,1,EXECUTE,published_after_gate_recheck,17.50545622780919,6.580548826605082,122.3512021279883,49.899532353055676
readset,unrelated,500,8,1,EXECUTE,published_after_gate_recheck,24.017658084630966,7.554035168141127,122.3512021279883,49.899532353055676
readset,unrelated,500,9,1,EXECUTE,published_after_gate_recheck,22.525019012391567,7.268629968166351,122.3512021279883,49.899532353055676
readset,unrelated,500,10,1,EXECUTE,published_after_gate_recheck,17.729907296597958,6.376837845891714,122.3512021279883,49.899532353055676
readset,unrelated,500,11,1,EXECUTE,published_after_gate_recheck,23.060563020408154,7.043336983770132,122.3512021279883,49.899532353055676
readset,unrelated,500,12,1,EXECUTE,published_after_gate_recheck,17.16370601207018,6.464281119406223,122.3512021279883,49.899532353055676
readset,unrelated,500,13,1,EXECUTE,published_after_gate_recheck,23.109924979507923,8.121540304273367,122.3512021279883,49.899532353055676
readset,unrelated,500,14,1,EXECUTE,published_after_gate_recheck,23.825015872716904,8.191871922463179,122.3512021279883,49.899532353055676
readset,unrelated,500,15,1,EXECUTE,published_after_gate_recheck,22.43814617395401,7.9611679539084435,122.3512021279883,49.899532353055676
readset,unrelated,500,16,1,EXECUTE,published_after_gate_recheck,16.854916233569384,6.243117153644562,122.3512021279883,49.899532353055676
readset,unrelated,500,17,1,EXECUTE,published_after_gate_recheck,22.327908780425787,7.268549874424934,122.3512021279883,49.899532353055676
readset,unrelated,500,18,1,EXECUTE,published_after_gate_recheck,17.032419331371784,6.336512044072151,122.3512021279883,49.899532353055676
readset,unrelated,500,19,1,EXECUTE,published_after_gate_recheck,16.795814968645573,6.051317788660526,122.3512021279883,49.899532353055676
readset,unrelated,500,20,1,EXECUTE,published_after_gate_recheck,23.973936215043068,9.130721911787987,122.3512021279883,49.899532353055676
readset,unrelated,500,21,1,EXECUTE,published_after_gate_recheck,17.602078150957823,6.847279611974955,122.3512021279883,49.899532353055676
readset,unrelated,500,22,1,EXECUTE,published_after_gate_recheck,17.050192691385746,6.106089800596237,122.3512021279883,49.899532353055676
readset,unrelated,500,23,1,EXECUTE,published_after_gate_recheck,22.700707893818617,8.8165532797575,122.3512021279883,49.899532353055676
readset,unrelated,500,24,1,EXECUTE,published_after_gate_recheck,22.79926324263215,7.163913920521736,122.3512021279883,49.899532353055676
readset,unrelated,500,25,1,EXECUTE,published_after_gate_recheck,16.83468883857131,5.98052516579628,122.3512021279883,49.899532353055676
readset,unrelated,500,26,1,EXECUTE,published_after_gate_recheck,17.829492688179016,6.979557685554028,122.3512021279883,49.899532353055676
readset,unrelated,500,27,1,EXECUTE,published_after_gate_recheck,17.60964235290885,6.543709896504879,122.3512021279883,49.899532353055676
readset,unrelated,500,28,1,EXECUTE,published_after_gate_recheck,23.891360964626074,7.938365917652845,122.3512021279883,49.899532353055676
readset,unrelated,500,29,1,EXECUTE,published_after_gate_recheck,17.333153169602156,6.678203120827675,122.3512021279883,49.899532353055676
readset,unrelated,500,30,1,EXECUTE,published_after_gate_recheck,18.067109864205122,7.010065950453281,122.3512021279883,49.899532353055676
readset,unrelated,500,31,1,EXECUTE,published_after_gate_recheck,16.401526052504778,6.564380135387182,122.3512021279883,49.899532353055676
readset,unrelated,500,32,1,EXECUTE,published_after_gate_recheck,18.12265394255519,6.818154826760292,122.3512021279883,49.899532353055676
readset,unrelated,500,33,1,EXECUTE,published_after_gate_recheck,17.205574084073305,6.434566807001829,122.3512021279883,49.899532353055676
readset,unrelated,500,34,1,EXECUTE,published_after_gate_recheck,22.702971938997507,7.864207029342651,122.3512021279883,49.899532353055676
readset,unrelated,500,35,1,EXECUTE,published_after_gate_recheck,17.433321103453636,6.595558021217585,122.3512021279883,49.899532353055676
readset,unrelated,500,36,1,EXECUTE,published_after_gate_recheck,21.731129847466946,7.683547679334879,122.3512021279883,49.899532353055676
readset,unrelated,500,37,1,EXECUTE,published_after_gate_recheck,17.098492942750454,6.050415802747011,122.3512021279883,49.899532353055676
readset,unrelated,500,38,1,EXECUTE,published_after_gate_recheck,16.93106908351183,5.834772251546383,122.3512021279883,49.899532353055676
readset,unrelated,500,39,1,EXECUTE,published_after_gate_recheck,22.376699838787317,7.256998214870691,122.3512021279883,49.899532353055676
readset,unrelated,500,40,1,EXECUTE,published_after_gate_recheck,17.85264816135168,6.804970093071461,122.3512021279883,49.899532353055676
readset,unrelated,500,41,1,EXECUTE,published_after_gate_recheck,17.62876706197858,6.575299892574549,122.3512021279883,49.899532353055676
readset,unrelated,500,42,1,EXECUTE,published_after_gate_recheck,17.881371080875397,6.515308283269405,122.3512021279883,49.899532353055676
readset,unrelated,500,43,1,EXECUTE,published_after_gate_recheck,17.633065581321716,6.587352138012648,122.3512021279883,49.899532353055676
readset,unrelated,500,44,1,EXECUTE,published_after_gate_recheck,16.886075027287006,6.201809737831354,122.3512021279883,49.899532353055676
readset,unrelated,500,45,1,EXECUTE,published_after_gate_recheck,23.52681802585721,8.2476157695055,122.3512021279883,49.899532353055676
readset,unrelated,500,46,1,EXECUTE,published_after_gate_recheck,23.088345304131508,7.93487997725606,122.3512021279883,49.899532353055676
readset,unrelated,500,47,1,EXECUTE,published_after_gate_recheck,17.646851018071175,6.533351261168718,122.3512021279883,49.899532353055676
readset,unrelated,500,48,1,EXECUTE,published_after_gate_recheck,16.581733711063862,6.308650132268667,122.3512021279883,49.899532353055676
readset,unrelated,500,49,1,EXECUTE,published_after_gate_recheck,17.23715290427208,6.5269190818071365,122.3512021279883,49.899532353055676
readset,unrelated,500,50,1,EXECUTE,published_after_gate_recheck,17.306371591985226,5.998608656227589,122.3512021279883,49.899532353055676
readset,unrelated,500,51,1,EXECUTE,published_after_gate_recheck,16.998435836285353,6.053751800209284,122.3512021279883,49.899532353055676
readset,unrelated,500,52,1,EXECUTE,published_after_gate_recheck,23.428283166140318,7.976927794516087,122.3512021279883,49.899532353055676
readset,unrelated,500,53,1,EXECUTE,published_after_gate_recheck,17.508751712739468,5.945289041846991,122.3512021279883,49.899532353055676
readset,unrelated,500,54,1,EXECUTE,published_after_gate_recheck,24.269741028547287,8.683803956955671,122.3512021279883,49.899532353055676
readset,unrelated,500,55,1,EXECUTE,published_after_gate_recheck,17.012882977724075,5.737578961998224,122.3512021279883,49.899532353055676
readset,unrelated,500,56,1,EXECUTE,published_after_gate_recheck,17.576418817043304,6.694433279335499,122.3512021279883,49.899532353055676
readset,unrelated,500,57,1,EXECUTE,published_after_gate_recheck,17.10769021883607,6.352992728352547,122.3512021279883,49.899532353055676
readset,unrelated,500,58,1,EXECUTE,published_after_gate_recheck,24.097336921840906,9.441494941711426,122.3512021279883,49.899532353055676
readset,unrelated,500,59,1,EXECUTE,published_after_gate_recheck,16.301047056913376,4.857389256358147,122.3512021279883,49.899532353055676
readset,unrelated,500,60,1,EXECUTE,published_after_gate_recheck,18.773384392261505,6.778069771826267,122.3512021279883,49.899532353055676
readset,unrelated,500,61,1,EXECUTE,published_after_gate_recheck,17.648043110966682,6.528131663799286,122.3512021279883,49.899532353055676
readset,unrelated,500,62,1,EXECUTE,published_after_gate_recheck,17.075439915060997,6.596009247004986,122.3512021279883,49.899532353055676
readset,unrelated,500,63,1,EXECUTE,published_after_gate_recheck,17.255448270589113,6.885090842843056,122.3512021279883,49.899532353055676
readset,unrelated,500,64,1,EXECUTE,published_after_gate_recheck,22.15219009667635,9.364950936287642,122.3512021279883,49.899532353055676
readset,unrelated,500,65,1,EXECUTE,published_after_gate_recheck,25.913313031196594,8.015700615942478,122.3512021279883,49.899532353055676
readset,unrelated,500,66,1,EXECUTE,published_after_gate_recheck,23.734617047011852,8.851919323205948,122.3512021279883,49.899532353055676
readset,unrelated,500,67,1,EXECUTE,published_after_gate_recheck,24.153162259608507,8.930285926908255,122.3512021279883,49.899532353055676
readset,unrelated,500,68,1,EXECUTE,published_after_gate_recheck,24.142923299223185,8.303770795464516,122.3512021279883,49.899532353055676
readset,unrelated,500,69,1,EXECUTE,published_after_gate_recheck,16.807235777378082,6.077356170862913,122.3512021279883,49.899532353055676
readset,unrelated,500,70,1,EXECUTE,published_after_gate_recheck,22.45044894516468,7.687334902584553,122.3512021279883,49.899532353055676
readset,unrelated,500,71,1,EXECUTE,published_after_gate_recheck,16.861198004335165,6.422714330255985,122.3512021279883,49.899532353055676
readset,unrelated,500,72,1,EXECUTE,published_after_gate_recheck,17.602057196199894,6.766248028725386,122.3512021279883,49.899532353055676
readset,unrelated,500,73,1,EXECUTE,published_after_gate_recheck,20.734861958771944,9.196666069328785,122.3512021279883,49.899532353055676
readset,unrelated,500,74,1,EXECUTE,published_after_gate_recheck,21.776014007627964,7.703995797783136,122.3512021279883,49.899532353055676
readset,unrelated,500,75,1,EXECUTE,published_after_gate_recheck,27.714319061487913,7.066191174089909,122.3512021279883,49.899532353055676
readset,unrelated,500,76,1,EXECUTE,published_after_gate_recheck,22.736595012247562,8.098065853118896,122.3512021279883,49.899532353055676
readset,unrelated,500,77,1,EXECUTE,published_after_gate_recheck,21.62505080923438,5.181967280805111,122.3512021279883,49.899532353055676
readset,unrelated,500,78,1,EXECUTE,published_after_gate_recheck,24.04383709654212,8.149491623044014,122.3512021279883,49.899532353055676
readset,unrelated,500,79,1,EXECUTE,published_after_gate_recheck,23.689061868935823,7.731487974524498,122.3512021279883,49.899532353055676
readset,unrelated,500,80,1,EXECUTE,published_after_gate_recheck,19.14603216573596,5.108238197863102,122.3512021279883,49.899532353055676
readset,unrelated,500,81,1,EXECUTE,published_after_gate_recheck,20.554313901811838,7.7048479579389095,122.3512021279883,49.899532353055676
readset,unrelated,500,82,1,EXECUTE,published_after_gate_recheck,23.958086036145687,7.479995954781771,122.3512021279883,49.899532353055676
readset,unrelated,500,83,1,EXECUTE,published_after_gate_recheck,21.372065879404545,6.016082130372524,122.3512021279883,49.899532353055676
readset,unrelated,500,84,1,EXECUTE,published_after_gate_recheck,18.46363302320242,7.330816704779863,122.3512021279883,49.899532353055676
readset,unrelated,500,85,1,EXECUTE,published_after_gate_recheck,16.392830293625593,5.8137523010373116,122.3512021279883,49.899532353055676
readset,unrelated,500,86,1,EXECUTE,published_after_gate_recheck,16.895362176001072,6.452279165387154,122.3512021279883,49.899532353055676
readset,unrelated,500,87,1,EXECUTE,published_after_gate_recheck,21.34630922228098,7.170406170189381,122.3512021279883,49.899532353055676
readset,unrelated,500,88,1,EXECUTE,published_after_gate_recheck,17.762588802725077,6.307106930762529,122.3512021279883,49.899532353055676
readset,unrelated,500,89,1,EXECUTE,published_after_gate_recheck,24.18295666575432,8.674455806612968,122.3512021279883,49.899532353055676
readset,unrelated,500,90,1,EXECUTE,published_after_gate_recheck,16.92170137539506,6.026511080563068,122.3512021279883,49.899532353055676
readset,unrelated,500,91,1,EXECUTE,published_after_gate_recheck,23.450303822755814,8.551736827939749,122.3512021279883,49.899532353055676
readset,unrelated,500,92,1,EXECUTE,published_after_gate_recheck,17.061844002455473,6.288692355155945,122.3512021279883,49.899532353055676
readset,unrelated,500,93,1,EXECUTE,published_after_gate_recheck,22.99214480444789,8.311003912240267,122.3512021279883,49.899532353055676
readset,unrelated,500,94,1,EXECUTE,published_after_gate_recheck,23.184064775705338,7.399154826998711,122.3512021279883,49.899532353055676
readset,unrelated,500,95,1,EXECUTE,published_after_gate_recheck,16.858241986483335,6.521148141473532,122.3512021279883,49.899532353055676
readset,unrelated,500,96,1,EXECUTE,published_after_gate_recheck,17.12662586942315,6.308099254965782,122.3512021279883,49.899532353055676
readset,unrelated,500,97,1,EXECUTE,published_after_gate_recheck,22.89446210488677,7.65501381829381,122.3512021279883,49.899532353055676
readset,unrelated,500,98,1,EXECUTE,published_after_gate_recheck,16.821513883769512,6.20316294953227,122.3512021279883,49.899532353055676
readset,unrelated,500,99,1,EXECUTE,published_after_gate_recheck,22.53016922622919,7.502218242734671,122.3512021279883,49.899532353055676
truth,unrelated,500,0,1,EXECUTE,published_after_gate_recheck,16.624874901026487,5.289258901029825,122.91515546620398,51.021967042599464
truth,unrelated,500,1,1,EXECUTE,published_after_gate_recheck,17.61005213484168,6.915979087352753,122.91515546620398,51.021967042599464
truth,unrelated,500,2,1,EXECUTE,published_after_gate_recheck,17.326419707387686,6.341502070426941,122.91515546620398,51.021967042599464
truth,unrelated,500,3,1,EXECUTE,published_after_gate_recheck,23.870080709457397,8.287740871310234,122.91515546620398,51.021967042599464
truth,unrelated,500,4,1,EXECUTE,published_after_gate_recheck,16.54905267059803,6.379853934049606,122.91515546620398,51.021967042599464
truth,unrelated,500,5,1,EXECUTE,published_after_gate_recheck,16.552810091525316,6.328747607767582,122.91515546620398,51.021967042599464
truth,unrelated,500,6,1,EXECUTE,published_after_gate_recheck,17.21994113177061,5.364509765058756,122.91515546620398,51.021967042599464
truth,unrelated,500,7,1,EXECUTE,published_after_gate_recheck,16.905181109905243,5.897698923945427,122.91515546620398,51.021967042599464
truth,unrelated,500,8,1,EXECUTE,published_after_gate_recheck,16.62039617076516,5.716479849070311,122.91515546620398,51.021967042599464
truth,unrelated,500,9,1,EXECUTE,published_after_gate_recheck,18.06651894003153,6.550895050168037,122.91515546620398,51.021967042599464
truth,unrelated,500,10,1,EXECUTE,published_after_gate_recheck,23.786284029483795,8.202170953154564,122.91515546620398,51.021967042599464
truth,unrelated,500,11,1,EXECUTE,published_after_gate_recheck,22.70093932747841,7.425603922456503,122.91515546620398,51.021967042599464
truth,unrelated,500,12,1,EXECUTE,published_after_gate_recheck,16.914387699216604,6.542078219354153,122.91515546620398,51.021967042599464
truth,unrelated,500,13,1,EXECUTE,published_after_gate_recheck,23.48409779369831,8.210015017539263,122.91515546620398,51.021967042599464
truth,unrelated,500,14,1,EXECUTE,published_after_gate_recheck,17.094516195356846,6.532810162752867,122.91515546620398,51.021967042599464
truth,unrelated,500,15,1,EXECUTE,published_after_gate_recheck,22.154713980853558,7.091397885233164,122.91515546620398,51.021967042599464
truth,unrelated,500,16,1,EXECUTE,published_after_gate_recheck,17.65779173001647,6.593593861907721,122.91515546620398,51.021967042599464
truth,unrelated,500,17,1,EXECUTE,published_after_gate_recheck,15.239207074046135,5.736066959798336,122.91515546620398,51.021967042599464
truth,unrelated,500,18,1,EXECUTE,published_after_gate_recheck,16.85537723824382,6.1208270490169525,122.91515546620398,51.021967042599464
truth,unrelated,500,19,1,EXECUTE,published_after_gate_recheck,17.019163817167282,6.492645014077425,122.91515546620398,51.021967042599464
truth,unrelated,500,20,1,EXECUTE,published_after_gate_recheck,17.412691842764616,6.058590952306986,122.91515546620398,51.021967042599464
truth,unrelated,500,21,1,EXECUTE,published_after_gate_recheck,16.52882480993867,6.102022249251604,122.91515546620398,51.021967042599464
truth,unrelated,500,22,1,EXECUTE,published_after_gate_recheck,16.642627771943808,6.249910220503807,122.91515546620398,51.021967042599464
truth,unrelated,500,23,1,EXECUTE,published_after_gate_recheck,16.680949833244085,5.931643303483725,122.91515546620398,51.021967042599464
truth,unrelated,500,24,1,EXECUTE,published_after_gate_recheck,17.46369805186987,6.17104209959507,122.91515546620398,51.021967042599464
truth,unrelated,500,25,1,EXECUTE,published_after_gate_recheck,15.901919454336166,5.344943143427372,122.91515546620398,51.021967042599464
truth,unrelated,500,26,1,EXECUTE,published_after_gate_recheck,16.899750102311373,6.362391170114279,122.91515546620398,51.021967042599464
truth,unrelated,500,27,1,EXECUTE,published_after_gate_recheck,16.688534058630466,6.2375967390835285,122.91515546620398,51.021967042599464
truth,unrelated,500,28,1,EXECUTE,published_after_gate_recheck,22.943923715502024,7.143124006688595,122.91515546620398,51.021967042599464
truth,unrelated,500,29,1,EXECUTE,published_after_gate_recheck,18.09775736182928,6.66184164583683,122.91515546620398,51.021967042599464
truth,unrelated,500,30,1,EXECUTE,published_after_gate_recheck,23.851986974477768,8.804971352219582,122.91515546620398,51.021967042599464
truth,unrelated,500,31,1,EXECUTE,published_after_gate_recheck,23.406080901622772,8.114856667816639,122.91515546620398,51.021967042599464
truth,unrelated,500,32,1,EXECUTE,published_after_gate_recheck,18.15258013084531,6.7732809111475945,122.91515546620398,51.021967042599464
truth,unrelated,500,33,1,EXECUTE,published_after_gate_recheck,17.922477796673775,6.254940293729305,122.91515546620398,51.021967042599464
truth,unrelated,500,34,1,EXECUTE,published_after_gate_recheck,23.958988022059202,8.441760204732418,122.91515546620398,51.021967042599464
truth,unrelated,500,35,1,EXECUTE,published_after_gate_recheck,21.655147895216942,7.914471905678511,122.91515546620398,51.021967042599464
truth,unrelated,500,36,1,EXECUTE,published_after_gate_recheck,22.734943311661482,8.01695417612791,122.91515546620398,51.021967042599464
truth,unrelated,500,37,1,EXECUTE,published_after_gate_recheck,17.472343984991312,6.648516748100519,122.91515546620398,51.021967042599464
truth,unrelated,500,38,1,EXECUTE,published_after_gate_recheck,22.78305310755968,7.54066975787282,122.91515546620398,51.021967042599464
truth,unrelated,500,39,1,EXECUTE,published_after_gate_recheck,22.848975844681263,8.198844268918037,122.91515546620398,51.021967042599464
truth,unrelated,500,40,1,EXECUTE,published_after_gate_recheck,17.226263415068388,5.882410332560539,122.91515546620398,51.021967042599464
truth,unrelated,500,41,1,EXECUTE,published_after_gate_recheck,17.320037819445133,5.685290787369013,122.91515546620398,51.021967042599464
truth,unrelated,500,42,1,EXECUTE,published_after_gate_recheck,17.813042737543583,6.383100058883429,122.91515546620398,51.021967042599464
truth,unrelated,500,43,1,EXECUTE,published_after_gate_recheck,16.84980606660247,6.484350189566612,122.91515546620398,51.021967042599464
truth,unrelated,500,44,1,EXECUTE,published_after_gate_recheck,22.884824313223362,8.315713610500097,122.91515546620398,51.021967042599464
truth,unrelated,500,45,1,EXECUTE,published_after_gate_recheck,24.261164013296366,8.433985989540815,122.91515546620398,51.021967042599464
truth,unrelated,500,46,1,EXECUTE,published_after_gate_recheck,17.337701749056578,5.938034970313311,122.91515546620398,51.021967042599464
truth,unrelated,500,47,1,EXECUTE,published_after_gate_recheck,17.217797227203846,6.197100039571524,122.91515546620398,51.021967042599464
truth,unrelated,500,48,1,EXECUTE,published_after_gate_recheck,18.05856265127659,7.024542894214392,122.91515546620398,51.021967042599464
truth,unrelated,500,49,1,EXECUTE,published_after_gate_recheck,21.96485921740532,7.145238574594259,122.91515546620398,51.021967042599464
truth,unrelated,500,50,1,EXECUTE,published_after_gate_recheck,17.953515984117985,6.828485056757927,122.91515546620398,51.021967042599464
truth,unrelated,500,51,1,EXECUTE,published_after_gate_recheck,22.716578096151352,7.57966423407197,122.91515546620398,51.021967042599464
truth,unrelated,500,52,1,EXECUTE,published_after_gate_recheck,15.787133947014809,4.3970453552901745,122.91515546620398,51.021967042599464
truth,unrelated,500,53,1,EXECUTE,published_after_gate_recheck,18.81395000964403,7.410936988890171,122.91515546620398,51.021967042599464
truth,unrelated,500,54,1,EXECUTE,published_after_gate_recheck,18.44471786171198,6.258075125515461,122.91515546620398,51.021967042599464
truth,unrelated,500,55,1,EXECUTE,published_after_gate_recheck,21.24015986919403,6.769824773073196,122.91515546620398,51.021967042599464
truth,unrelated,500,56,1,EXECUTE,published_after_gate_recheck,17.461073119193316,5.925290752202272,122.91515546620398,51.021967042599464
truth,unrelated,500,57,1,EXECUTE,published_after_gate_recheck,16.677062027156353,5.950368009507656,122.91515546620398,51.021967042599464
truth,unrelated,500,58,1,EXECUTE,published_after_gate_recheck,18.260823097079992,7.01552489772439,122.91515546620398,51.021967042599464
truth,unrelated,500,59,1,EXECUTE,published_after_gate_recheck,18.219415098428726,6.673985160887241,122.91515546620398,51.021967042599464
truth,unrelated,500,60,1,EXECUTE,published_after_gate_recheck,22.485815919935703,7.8108361922204494,122.91515546620398,51.021967042599464
truth,unrelated,500,61,1,EXECUTE,published_after_gate_recheck,22.795375902205706,7.683498319238424,122.91515546620398,51.021967042599464
truth,unrelated,500,62,1,EXECUTE,published_after_gate_recheck,17.421068158000708,6.221597082912922,122.91515546620398,51.021967042599464
truth,unrelated,500,63,1,EXECUTE,published_after_gate_recheck,22.475415375083685,7.724233902990818,122.91515546620398,51.021967042599464
truth,unrelated,500,64,1,EXECUTE,published_after_gate_recheck,24.102647323161364,8.110939059406519,122.91515546620398,51.021967042599464
truth,unrelated,500,65,1,EXECUTE,published_after_gate_recheck,20.862531382590532,5.986426025629044,122.91515546620398,51.021967042599464
truth,unrelated,500,66,1,EXECUTE,published_after_gate_recheck,18.894620705395937,7.554586045444012,122.91515546620398,51.021967042599464
truth,unrelated,500,67,1,EXECUTE,published_after_gate_recheck,23.90818204730749,7.733381818979979,122.91515546620398,51.021967042599464
truth,unrelated,500,68,1,EXECUTE,published_after_gate_recheck,23.185336962342262,7.779518142342567,122.91515546620398,51.021967042599464
truth,unrelated,500,69,1,EXECUTE,published_after_gate_recheck,22.02775701880455,7.824021857231855,122.91515546620398,51.021967042599464
truth,unrelated,500,70,1,EXECUTE,published_after_gate_recheck,23.538678884506226,8.62852018326521,122.91515546620398,51.021967042599464
truth,unrelated,500,71,1,EXECUTE,published_after_gate_recheck,16.26555109396577,5.943263880908489,122.91515546620398,51.021967042599464
truth,unrelated,500,72,1,EXECUTE,published_after_gate_recheck,16.882617957890034,6.286968942731619,122.91515546620398,51.021967042599464
truth,unrelated,500,73,1,EXECUTE,published_after_gate_recheck,17.339956015348434,6.409239023923874,122.91515546620398,51.021967042599464
truth,unrelated,500,74,1,EXECUTE,published_after_gate_recheck,17.7907207980752,6.196529138833284,122.91515546620398,51.021967042599464
truth,unrelated,500,75,1,EXECUTE,published_after_gate_recheck,23.099294863641262,8.384882938116789,122.91515546620398,51.021967042599464
truth,unrelated,500,76,1,EXECUTE,published_after_gate_recheck,23.22671376168728,7.4310749769210815,122.91515546620398,51.021967042599464
truth,unrelated,500,77,1,EXECUTE,published_after_gate_recheck,23.57463724911213,8.252004161477089,122.91515546620398,51.021967042599464
truth,unrelated,500,78,1,EXECUTE,published_after_gate_recheck,22.44306495413184,7.145359180867672,122.91515546620398,51.021967042599464
truth,unrelated,500,79,1,EXECUTE,published_after_gate_recheck,17.98912324011326,6.714912131428719,122.91515546620398,51.021967042599464
truth,unrelated,500,80,1,EXECUTE,published_after_gate_recheck,17.37300818786025,6.803496740758419,122.91515546620398,51.021967042599464
truth,unrelated,500,81,1,EXECUTE,published_after_gate_recheck,21.580326836556196,7.233364041894674,122.91515546620398,51.021967042599464
truth,unrelated,500,82,1,EXECUTE,published_after_gate_recheck,21.40576997771859,5.916615016758442,122.91515546620398,51.021967042599464
truth,unrelated,500,83,1,EXECUTE,published_after_gate_recheck,17.909152898937464,6.496272049844265,122.91515546620398,51.021967042599464
truth,unrelated,500,84,1,EXECUTE,published_after_gate_recheck,19.091079011559486,6.816062144935131,122.91515546620398,51.021967042599464
truth,unrelated,500,85,1,EXECUTE,published_after_gate_recheck,24.40460305660963,8.132691029459238,122.91515546620398,51.021967042599464
truth,unrelated,500,86,1,EXECUTE,published_after_gate_recheck,17.774200066924095,6.63383025676012,122.91515546620398,51.021967042599464
truth,unrelated,500,87,1,EXECUTE,published_after_gate_recheck,17.730137798935175,6.898797117173672,122.91515546620398,51.021967042599464
truth,unrelated,500,88,1,EXECUTE,published_after_gate_recheck,17.917337827384472,6.248197052627802,122.91515546620398,51.021967042599464
truth,unrelated,500,89,1,EXECUTE,published_after_gate_recheck,17.891590017825365,6.64560217410326,122.91515546620398,51.021967042599464
truth,unrelated,500,90,1,EXECUTE,published_after_gate_recheck,23.237724788486958,7.872072048485279,122.91515546620398,51.021967042599464
truth,unrelated,500,91,1,EXECUTE,published_after_gate_recheck,24.295147974044085,7.818792015314102,122.91515546620398,51.021967042599464
truth,unrelated,500,92,1,EXECUTE,published_after_gate_recheck,18.755279947072268,7.077532354742289,122.91515546620398,51.021967042599464
truth,unrelated,500,93,1,EXECUTE,published_after_gate_recheck,22.408380173146725,8.234901819378138,122.91515546620398,51.021967042599464
truth,unrelated,500,94,1,EXECUTE,published_after_gate_recheck,24.04406713321805,7.833017967641354,122.91515546620398,51.021967042599464
truth,unrelated,500,95,1,EXECUTE,published_after_gate_recheck,16.962238121777773,6.474961992353201,122.91515546620398,51.021967042599464
truth,unrelated,500,96,1,EXECUTE,published_after_gate_recheck,15.160457696765661,4.583945963531733,122.91515546620398,51.021967042599464
truth,unrelated,500,97,1,EXECUTE,published_after_gate_recheck,19.883064087480307,7.661566603928804,122.91515546620398,51.021967042599464
truth,unrelated,500,98,1,EXECUTE,published_after_gate_recheck,17.42677902802825,6.030067801475525,122.91515546620398,51.021967042599464
truth,unrelated,500,99,1,EXECUTE,published_after_gate_recheck,21.238876972347498,7.248012349009514,122.91515546620398,51.021967042599464
opa,unrelated,500,0,1,EXECUTE,opa_allowed_at_gate,10.877958964556456,3.4315851517021656,125.78437734544968,104.61405337563345
opa,unrelated,500,1,1,EXECUTE,opa_allowed_at_gate,10.60749078169465,3.5875169560313225,125.78437734544968,104.61405337563345
opa,unrelated,500,2,1,EXECUTE,opa_allowed_at_gate,13.059007935225964,4.113032016903162,125.78437734544968,104.61405337563345
opa,unrelated,500,3,1,EXECUTE,opa_allowed_at_gate,10.25092275813222,3.508429042994976,125.78437734544968,104.61405337563345
opa,unrelated,500,4,1,EXECUTE,opa_allowed_at_gate,9.717181790620089,3.431223798543215,125.78437734544968,104.61405337563345
opa,unrelated,500,5,1,EXECUTE,opa_allowed_at_gate,10.316456202417612,3.4028012305498123,125.78437734544968,104.61405337563345
opa,unrelated,500,6,1,EXECUTE,opa_allowed_at_gate,9.287646040320396,3.015603870153427,125.78437734544968,104.61405337563345
opa,unrelated,500,7,1,EXECUTE,opa_allowed_at_gate,9.060319978743792,2.9539489187300205,125.78437734544968,104.61405337563345
opa,unrelated,500,8,1,EXECUTE,opa_allowed_at_gate,9.189562406390905,2.7880477719008923,125.78437734544968,104.61405337563345
opa,unrelated,500,9,1,EXECUTE,opa_allowed_at_gate,9.504903107881546,2.9815607704222202,125.78437734544968,104.61405337563345
opa,unrelated,500,10,1,EXECUTE,opa_allowed_at_gate,9.76084265857935,3.5533439368009567,125.78437734544968,104.61405337563345
opa,unrelated,500,11,1,EXECUTE,opa_allowed_at_gate,9.264732711017132,2.911841031163931,125.78437734544968,104.61405337563345
opa,unrelated,500,12,1,EXECUTE,opa_allowed_at_gate,9.680463001132011,3.086978569626808,125.78437734544968,104.61405337563345
opa,unrelated,500,13,1,EXECUTE,opa_allowed_at_gate,9.333411697298288,3.226399887353182,125.78437734544968,104.61405337563345
opa,unrelated,500,14,1,EXECUTE,opa_allowed_at_gate,9.063275996595621,3.10896011069417,125.78437734544968,104.61405337563345
opa,unrelated,500,15,1,EXECUTE,opa_allowed_at_gate,9.20811714604497,2.9210979118943214,125.78437734544968,104.61405337563345
opa,unrelated,500,16,1,EXECUTE,opa_allowed_at_gate,10.477366857230663,3.4809866920113564,125.78437734544968,104.61405337563345
opa,unrelated,500,17,1,EXECUTE,opa_allowed_at_gate,8.969028946012259,2.808657009154558,125.78437734544968,104.61405337563345
opa,unrelated,500,18,1,EXECUTE,opa_allowed_at_gate,9.705909993499517,3.581846132874489,125.78437734544968,104.61405337563345
opa,unrelated,500,19,1,EXECUTE,opa_allowed_at_gate,9.060310199856758,2.6875496841967106,125.78437734544968,104.61405337563345
opa,unrelated,500,20,1,EXECUTE,opa_allowed_at_gate,9.19282902032137,3.0924291349947453,125.78437734544968,104.61405337563345
opa,unrelated,500,21,1,EXECUTE,opa_allowed_at_gate,9.109111037105322,3.342478070408106,125.78437734544968,104.61405337563345
opa,unrelated,500,22,1,EXECUTE,opa_allowed_at_gate,9.134890045970678,3.156319260597229,125.78437734544968,104.61405337563345
opa,unrelated,500,23,1,EXECUTE,opa_allowed_at_gate,9.43972123786807,2.8136558830738068,125.78437734544968,104.61405337563345
opa,unrelated,500,24,1,EXECUTE,opa_allowed_at_gate,9.240788873285055,3.0273059383034706,125.78437734544968,104.61405337563345
opa,unrelated,500,25,1,EXECUTE,opa_allowed_at_gate,9.764571208506823,3.3801281824707985,125.78437734544968,104.61405337563345
opa,unrelated,500,26,1,EXECUTE,opa_allowed_at_gate,8.743375074118376,3.151398617774248,125.78437734544968,104.61405337563345
opa,unrelated,500,27,1,EXECUTE,opa_allowed_at_gate,9.454179089516401,3.198909107595682,125.78437734544968,104.61405337563345
opa,unrelated,500,28,1,EXECUTE,opa_allowed_at_gate,9.435724001377821,3.242851234972477,125.78437734544968,104.61405337563345
opa,unrelated,500,29,1,EXECUTE,opa_allowed_at_gate,9.019213262945414,2.5649601593613625,125.78437734544968,104.61405337563345
opa,unrelated,500,30,1,EXECUTE,opa_allowed_at_gate,8.587975054979324,2.610835712403059,125.78437734544968,104.61405337563345
opa,unrelated,500,31,1,EXECUTE,opa_allowed_at_gate,9.397573303431273,3.3411458134651184,125.78437734544968,104.61405337563345
opa,unrelated,500,32,1,EXECUTE,opa_allowed_at_gate,9.31460689753294,3.445049747824669,125.78437734544968,104.61405337563345
opa,unrelated,500,33,1,EXECUTE,opa_allowed_at_gate,9.593409020453691,3.4603183157742023,125.78437734544968,104.61405337563345
opa,unrelated,500,34,1,EXECUTE,opa_allowed_at_gate,9.576828218996525,3.252869937568903,125.78437734544968,104.61405337563345
opa,unrelated,500,35,1,EXECUTE,opa_allowed_at_gate,9.23591898754239,2.9578059911727905,125.78437734544968,104.61405337563345
opa,unrelated,500,36,1,EXECUTE,opa_allowed_at_gate,9.27260797470808,3.2546729780733585,125.78437734544968,104.61405337563345
opa,unrelated,500,37,1,EXECUTE,opa_allowed_at_gate,9.781070984899998,3.5572610795497894,125.78437734544968,104.61405337563345
opa,unrelated,500,38,1,EXECUTE,opa_allowed_at_gate,8.93640797585249,2.933069597929716,125.78437734544968,104.61405337563345
opa,unrelated,500,39,1,EXECUTE,opa_allowed_at_gate,9.078844916075468,3.1711161136627197,125.78437734544968,104.61405337563345
opa,unrelated,500,40,1,EXECUTE,opa_allowed_at_gate,9.06125083565712,3.5563879646360874,125.78437734544968,104.61405337563345
opa,unrelated,500,41,1,EXECUTE,opa_allowed_at_gate,9.38502885401249,3.171727992594242,125.78437734544968,104.61405337563345
opa,unrelated,500,42,1,EXECUTE,opa_allowed_at_gate,9.693277068436146,3.8607600145041943,125.78437734544968,104.61405337563345
opa,unrelated,500,43,1,EXECUTE,opa_allowed_at_gate,8.335880935192108,2.9786848463118076,125.78437734544968,104.61405337563345
opa,unrelated,500,44,1,EXECUTE,opa_allowed_at_gate,9.517026133835316,2.941424958407879,125.78437734544968,104.61405337563345
opa,unrelated,500,45,1,EXECUTE,opa_allowed_at_gate,10.179779026657343,3.3165388740599155,125.78437734544968,104.61405337563345
opa,unrelated,500,46,1,EXECUTE,opa_allowed_at_gate,9.399225004017353,3.105783835053444,125.78437734544968,104.61405337563345
opa,unrelated,500,47,1,EXECUTE,opa_allowed_at_gate,8.826781995594501,2.8738188557326794,125.78437734544968,104.61405337563345
opa,unrelated,500,48,1,EXECUTE,opa_allowed_at_gate,9.436574764549732,3.114330116659403,125.78437734544968,104.61405337563345
opa,unrelated,500,49,1,EXECUTE,opa_allowed_at_gate,8.476315066218376,2.59231124073267,125.78437734544968,104.61405337563345
opa,unrelated,500,50,1,EXECUTE,opa_allowed_at_gate,9.136563166975975,3.289278130978346,125.78437734544968,104.61405337563345
opa,unrelated,500,51,1,EXECUTE,opa_allowed_at_gate,9.502028115093708,3.304587211459875,125.78437734544968,104.61405337563345
opa,unrelated,500,52,1,EXECUTE,opa_allowed_at_gate,10.04510698840022,3.2144379802048206,125.78437734544968,104.61405337563345
opa,unrelated,500,53,1,EXECUTE,opa_allowed_at_gate,9.732890874147415,3.1524719670414925,125.78437734544968,104.61405337563345
opa,unrelated,500,54,1,EXECUTE,opa_allowed_at_gate,9.414064232259989,3.0665011145174503,125.78437734544968,104.61405337563345
opa,unrelated,500,55,1,EXECUTE,opa_allowed_at_gate,10.137961246073246,3.4116068854928017,125.78437734544968,104.61405337563345
opa,unrelated,500,56,1,EXECUTE,opa_allowed_at_gate,9.403693955391645,3.1389459036290646,125.78437734544968,104.61405337563345
opa,unrelated,500,57,1,EXECUTE,opa_allowed_at_gate,8.957397192716599,2.968205139040947,125.78437734544968,104.61405337563345
opa,unrelated,500,58,1,EXECUTE,opa_allowed_at_gate,9.013872127979994,3.160546999424696,125.78437734544968,104.61405337563345
opa,unrelated,500,59,1,EXECUTE,opa_allowed_at_gate,8.84794071316719,3.1624212861061096,125.78437734544968,104.61405337563345
opa,unrelated,500,60,1,EXECUTE,opa_allowed_at_gate,8.68720980361104,2.662201877683401,125.78437734544968,104.61405337563345
opa,unrelated,500,61,1,EXECUTE,opa_allowed_at_gate,8.622730150818825,3.001648932695389,125.78437734544968,104.61405337563345
opa,unrelated,500,62,1,EXECUTE,opa_allowed_at_gate,8.262522984296083,2.8524091467261314,125.78437734544968,104.61405337563345
opa,unrelated,500,63,1,EXECUTE,opa_allowed_at_gate,9.07781207934022,3.13352607190609,125.78437734544968,104.61405337563345
opa,unrelated,500,64,1,EXECUTE,opa_allowed_at_gate,9.314906783401966,3.39693995192647,125.78437734544968,104.61405337563345
opa,unrelated,500,65,1,EXECUTE,opa_allowed_at_gate,10.543840937316418,2.7479431591928005,125.78437734544968,104.61405337563345
opa,unrelated,500,66,1,EXECUTE,opa_allowed_at_gate,9.255134966224432,3.3019818365573883,125.78437734544968,104.61405337563345
opa,unrelated,500,67,1,EXECUTE,opa_allowed_at_gate,8.990558795630932,3.0685337260365486,125.78437734544968,104.61405337563345
opa,unrelated,500,68,1,EXECUTE,opa_allowed_at_gate,9.013781789690256,3.1871157698333263,125.78437734544968,104.61405337563345
opa,unrelated,500,69,1,EXECUTE,opa_allowed_at_gate,10.019498877227306,3.6155497655272484,125.78437734544968,104.61405337563345
opa,unrelated,500,70,1,EXECUTE,opa_allowed_at_gate,9.649363812059164,2.9673040844500065,125.78437734544968,104.61405337563345
opa,unrelated,500,71,1,EXECUTE,opa_allowed_at_gate,9.900486096739769,3.175463993102312,125.78437734544968,104.61405337563345
opa,unrelated,500,72,1,EXECUTE,opa_allowed_at_gate,9.512828197330236,3.410595003515482,125.78437734544968,104.61405337563345
opa,unrelated,500,73,1,EXECUTE,opa_allowed_at_gate,9.777324739843607,3.057613968849182,125.78437734544968,104.61405337563345
opa,unrelated,500,74,1,EXECUTE,opa_allowed_at_gate,10.099357925355434,2.830937970429659,125.78437734544968,104.61405337563345
opa,unrelated,500,75,1,EXECUTE,opa_allowed_at_gate,9.363878984004259,3.1758160330355167,125.78437734544968,104.61405337563345
opa,unrelated,500,76,1,EXECUTE,opa_allowed_at_gate,9.10201808437705,3.0712890438735485,125.78437734544968,104.61405337563345
opa,unrelated,500,77,1,EXECUTE,opa_allowed_at_gate,8.44618771225214,2.7697240002453327,125.78437734544968,104.61405337563345
opa,unrelated,500,78,1,EXECUTE,opa_allowed_at_gate,11.161870788782835,3.786811139434576,125.78437734544968,104.61405337563345
opa,unrelated,500,79,1,EXECUTE,opa_allowed_at_gate,9.720136877149343,3.1910231336951256,125.78437734544968,104.61405337563345
opa,unrelated,500,80,1,EXECUTE,opa_allowed_at_gate,8.713339921087027,2.9153358191251755,125.78437734544968,104.61405337563345
opa,unrelated,500,81,1,EXECUTE,opa_allowed_at_gate,10.122731793671846,3.298085182905197,125.78437734544968,104.61405337563345
opa,unrelated,500,82,1,EXECUTE,opa_allowed_at_gate,10.28656866401434,3.495203796774149,125.78437734544968,104.61405337563345
opa,unrelated,500,83,1,EXECUTE,opa_allowed_at_gate,9.092750959098339,3.2225619070231915,125.78437734544968,104.61405337563345
opa,unrelated,500,84,1,EXECUTE,opa_allowed_at_gate,9.377966169267893,3.4387181513011456,125.78437734544968,104.61405337563345
opa,unrelated,500,85,1,EXECUTE,opa_allowed_at_gate,9.018320590257645,2.8849192894995213,125.78437734544968,104.61405337563345
opa,unrelated,500,86,1,EXECUTE,opa_allowed_at_gate,10.346441064029932,2.831079065799713,125.78437734544968,104.61405337563345
opa,unrelated,500,87,1,EXECUTE,opa_allowed_at_gate,10.496582835912704,3.2980148680508137,125.78437734544968,104.61405337563345
opa,unrelated,500,88,1,EXECUTE,opa_allowed_at_gate,11.154806707054377,3.733209799975157,125.78437734544968,104.61405337563345
opa,unrelated,500,89,1,EXECUTE,opa_allowed_at_gate,9.123479016125202,2.8815441764891148,125.78437734544968,104.61405337563345
opa,unrelated,500,90,1,EXECUTE,opa_allowed_at_gate,9.141162037849426,2.8298269025981426,125.78437734544968,104.61405337563345
opa,unrelated,500,91,1,EXECUTE,opa_allowed_at_gate,9.887050371617079,3.1690318137407303,125.78437734544968,104.61405337563345
opa,unrelated,500,92,1,EXECUTE,opa_allowed_at_gate,8.894759230315685,2.968345768749714,125.78437734544968,104.61405337563345
opa,unrelated,500,93,1,EXECUTE,opa_allowed_at_gate,9.060069918632507,3.1872359104454517,125.78437734544968,104.61405337563345
opa,unrelated,500,94,1,EXECUTE,opa_allowed_at_gate,9.677646681666374,3.487349022179842,125.78437734544968,104.61405337563345
opa,unrelated,500,95,1,EXECUTE,opa_allowed_at_gate,9.775381069630384,3.0574840493500233,125.78437734544968,104.61405337563345
opa,unrelated,500,96,1,EXECUTE,opa_allowed_at_gate,10.223730932921171,3.0781617388129234,125.78437734544968,104.61405337563345
opa,unrelated,500,97,1,EXECUTE,opa_allowed_at_gate,10.270309168845415,3.4557399339973927,125.78437734544968,104.61405337563345
opa,unrelated,500,98,1,EXECUTE,opa_allowed_at_gate,10.00894932076335,3.6483709700405598,125.78437734544968,104.61405337563345
opa,unrelated,500,99,1,EXECUTE,opa_allowed_at_gate,8.855595719069242,3.10860900208354,125.78437734544968,104.61405337563345
opa_readset,unrelated,500,0,1,EXECUTE,opa_allowed_at_gate,10.756139177829027,3.7392321974039078,125.37277075435736,103.57618657348767
opa_readset,unrelated,500,1,1,EXECUTE,opa_allowed_at_gate,8.782848715782166,3.1163827516138554,125.37277075435736,103.57618657348767
opa_readset,unrelated,500,2,1,EXECUTE,opa_allowed_at_gate,9.361856151372194,3.2988660968840122,125.37277075435736,103.57618657348767
opa_readset,unrelated,500,3,1,EXECUTE,opa_allowed_at_gate,8.645351976156235,2.840245608240366,125.37277075435736,103.57618657348767
opa_readset,unrelated,500,4,1,EXECUTE,opa_allowed_at_gate,8.05883202701807,2.6924186386168003,125.37277075435736,103.57618657348767
opa_readset,unrelated,500,5,1,EXECUTE,opa_allowed_at_gate,12.449153698980808,2.878007013350725,125.37277075435736,103.57618657348767
opa_readset,unrelated,500,6,1,EXECUTE,opa_allowed_at_gate,10.161956306546926,4.003677982836962,125.37277075435736,103.57618657348767
opa_readset,unrelated,500,7,1,EXECUTE,opa_allowed_at_gate,9.20602260157466,3.166899085044861,125.37277075435736,103.57618657348767
opa_readset,unrelated,500,8,1,EXECUTE,opa_allowed_at_gate,9.0450718998909,2.9888045974075794,125.37277075435736,103.57618657348767
opa_readset,unrelated,500,9,1,EXECUTE,opa_allowed_at_gate,9.203267749398947,3.0977283604443073,125.37277075435736,103.57618657348767
opa_readset,unrelated,500,10,1,EXECUTE,opa_allowed_at_gate,9.668359998613596,3.011588007211685,125.37277075435736,103.57618657348767
opa_readset,unrelated,500,11,1,EXECUTE,opa_allowed_at_gate,9.44231590256095,2.8755017556250095,125.37277075435736,103.57618657348767
opa_readset,unrelated,500,12,1,EXECUTE,opa_allowed_at_gate,9.2680798843503,3.2529900781810284,125.37277075435736,103.57618657348767
opa_readset,unrelated,500,13,1,EXECUTE,opa_allowed_at_gate,9.821617975831032,3.1563681550323963,125.37277075435736,103.57618657348767
opa_readset,unrelated,500,14,1,EXECUTE,opa_allowed_at_gate,9.199780877679586,3.039408940821886,125.37277075435736,103.57618657348767
opa_readset,unrelated,500,15,1,EXECUTE,opa_allowed_at_gate,8.664737921208143,2.763803116977215,125.37277075435736,103.57618657348767
opa_readset,unrelated,500,16,1,EXECUTE,opa_allowed_at_gate,8.848242927342653,2.935645170509815,125.37277075435736,103.57618657348767
opa_readset,unrelated,500,17,1,EXECUTE,opa_allowed_at_gate,10.618402156978846,3.2136556692421436,125.37277075435736,103.57618657348767
opa_readset,unrelated,500,18,1,EXECUTE,opa_allowed_at_gate,11.689710896462202,3.5393168218433857,125.37277075435736,103.57618657348767
opa_readset,unrelated,500,19,1,EXECUTE,opa_allowed_at_gate,11.645687744021416,3.5750740207731724,125.37277075435736,103.57618657348767
opa_readset,unrelated,500,20,1,EXECUTE,opa_allowed_at_gate,10.307508055120707,3.5264231264591217,125.37277075435736,103.57618657348767
opa_readset,unrelated,500,21,1,EXECUTE,opa_allowed_at_gate,9.53639205545187,3.605200909078121,125.37277075435736,103.57618657348767
opa_readset,unrelated,500,22,1,EXECUTE,opa_allowed_at_gate,10.131028015166521,3.3783549442887306,125.37277075435736,103.57618657348767
opa_readset,unrelated,500,23,1,EXECUTE,opa_allowed_at_gate,10.85665775462985,3.584521356970072,125.37277075435736,103.57618657348767
opa_readset,unrelated,500,24,1,EXECUTE,opa_allowed_at_gate,9.535179939121008,3.2943380065262318,125.37277075435736,103.57618657348767
opa_readset,unrelated,500,25,1,EXECUTE,opa_allowed_at_gate,10.18683286383748,3.1439848244190216,125.37277075435736,103.57618657348767
opa_readset,unrelated,500,26,1,EXECUTE,opa_allowed_at_gate,10.690466966480017,3.6857519298791885,125.37277075435736,103.57618657348767
opa_readset,unrelated,500,27,1,EXECUTE,opa_allowed_at_gate,10.035538114607334,2.795080654323101,125.37277075435736,103.57618657348767
opa_readset,unrelated,500,28,1,EXECUTE,opa_allowed_at_gate,9.25459386780858,3.1163329258561134,125.37277075435736,103.57618657348767
opa_readset,unrelated,500,29,1,EXECUTE,opa_allowed_at_gate,9.619348216801882,3.3988337963819504,125.37277075435736,103.57618657348767
opa_readset,unrelated,500,30,1,EXECUTE,opa_allowed_at_gate,8.929173927754164,3.13387718051672,125.37277075435736,103.57618657348767
opa_readset,unrelated,500,31,1,EXECUTE,opa_allowed_at_gate,9.09253116697073,2.9290630482137203,125.37277075435736,103.57618657348767
opa_readset,unrelated,500,32,1,EXECUTE,opa_allowed_at_gate,9.750072844326496,2.9183318838477135,125.37277075435736,103.57618657348767
opa_readset,unrelated,500,33,1,EXECUTE,opa_allowed_at_gate,9.149286895990372,3.3020018599927425,125.37277075435736,103.57618657348767
opa_readset,unrelated,500,34,1,EXECUTE,opa_allowed_at_gate,9.575886651873589,3.460438922047615,125.37277075435736,103.57618657348767
opa_readset,unrelated,500,35,1,EXECUTE,opa_allowed_at_gate,10.148780886083841,3.682355396449566,125.37277075435736,103.57618657348767
opa_readset,unrelated,500,36,1,EXECUTE,opa_allowed_at_gate,9.761635214090347,3.035191912204027,125.37277075435736,103.57618657348767
opa_readset,unrelated,500,37,1,EXECUTE,opa_allowed_at_gate,8.66225315257907,3.029400948435068,125.37277075435736,103.57618657348767
opa_readset,unrelated,500,38,1,EXECUTE,opa_allowed_at_gate,9.86151210963726,3.4966357052326202,125.37277075435736,103.57618657348767
opa_readset,unrelated,500,39,1,EXECUTE,opa_allowed_at_gate,9.101567324250937,3.270552959293127,125.37277075435736,103.57618657348767
opa_readset,unrelated,500,40,1,EXECUTE,opa_allowed_at_gate,8.863781113177538,3.107848111540079,125.37277075435736,103.57618657348767
opa_readset,unrelated,500,41,1,EXECUTE,opa_allowed_at_gate,10.51965681836009,3.1606070697307587,125.37277075435736,103.57618657348767
opa_readset,unrelated,500,42,1,EXECUTE,opa_allowed_at_gate,9.252841118723154,2.9824930243194103,125.37277075435736,103.57618657348767
opa_readset,unrelated,500,43,1,EXECUTE,opa_allowed_at_gate,10.025369003415108,3.4988410770893097,125.37277075435736,103.57618657348767
opa_readset,unrelated,500,44,1,EXECUTE,opa_allowed_at_gate,8.846518117934465,2.809257712215185,125.37277075435736,103.57618657348767
opa_readset,unrelated,500,45,1,EXECUTE,opa_allowed_at_gate,9.47475666180253,3.153403289616108,125.37277075435736,103.57618657348767
opa_readset,unrelated,500,46,1,EXECUTE,opa_allowed_at_gate,9.66145796701312,3.6073951050639153,125.37277075435736,103.57618657348767
opa_readset,unrelated,500,47,1,EXECUTE,opa_allowed_at_gate,9.25225904211402,3.4796148538589478,125.37277075435736,103.57618657348767
opa_readset,unrelated,500,48,1,EXECUTE,opa_allowed_at_gate,9.36739519238472,3.187136724591255,125.37277075435736,103.57618657348767
opa_readset,unrelated,500,49,1,EXECUTE,opa_allowed_at_gate,8.827072102576494,3.2416279427707195,125.37277075435736,103.57618657348767
opa_readset,unrelated,500,50,1,EXECUTE,opa_allowed_at_gate,9.151951875537634,2.8228028677403927,125.37277075435736,103.57618657348767
opa_readset,unrelated,500,51,1,EXECUTE,opa_allowed_at_gate,9.99339995905757,3.2248981297016144,125.37277075435736,103.57618657348767
opa_readset,unrelated,500,52,1,EXECUTE,opa_allowed_at_gate,10.13203989714384,3.5497373901307583,125.37277075435736,103.57618657348767
opa_readset,unrelated,500,53,1,EXECUTE,opa_allowed_at_gate,9.44232614710927,3.290338907390833,125.37277075435736,103.57618657348767
opa_readset,unrelated,500,54,1,EXECUTE,opa_allowed_at_gate,9.598338045179844,3.4196418710052967,125.37277075435736,103.57618657348767
opa_readset,unrelated,500,55,1,EXECUTE,opa_allowed_at_gate,8.960071951150894,3.1834100373089314,125.37277075435736,103.57618657348767
opa_readset,unrelated,500,56,1,EXECUTE,opa_allowed_at_gate,8.471625857055187,2.998171839863062,125.37277075435736,103.57618657348767
opa_readset,unrelated,500,57,1,EXECUTE,opa_allowed_at_gate,9.30161215364933,3.1126970425248146,125.37277075435736,103.57618657348767
opa_readset,unrelated,500,58,1,EXECUTE,opa_allowed_at_gate,10.612390004098415,3.444219008088112,125.37277075435736,103.57618657348767
opa_readset,unrelated,500,59,1,EXECUTE,opa_allowed_at_gate,9.368897881358862,3.444388974457979,125.37277075435736,103.57618657348767
opa_readset,unrelated,500,60,1,EXECUTE,opa_allowed_at_gate,9.581557009369135,3.0453107319772243,125.37277075435736,103.57618657348767
opa_readset,unrelated,500,61,1,EXECUTE,opa_allowed_at_gate,9.698806796222925,3.3058389090001583,125.37277075435736,103.57618657348767
opa_readset,unrelated,500,62,1,EXECUTE,opa_allowed_at_gate,9.412189945578575,3.4705582074820995,125.37277075435736,103.57618657348767
opa_readset,unrelated,500,63,1,EXECUTE,opa_allowed_at_gate,8.844826370477676,3.087919671088457,125.37277075435736,103.57618657348767
opa_readset,unrelated,500,64,1,EXECUTE,opa_allowed_at_gate,9.179663844406605,3.001448232680559,125.37277075435736,103.57618657348767
opa_readset,unrelated,500,65,1,EXECUTE,opa_allowed_at_gate,9.033028967678547,3.0122878961265087,125.37277075435736,103.57618657348767
opa_readset,unrelated,500,66,1,EXECUTE,opa_allowed_at_gate,9.520091582089663,3.1722676940262318,125.37277075435736,103.57618657348767
opa_readset,unrelated,500,67,1,EXECUTE,opa_allowed_at_gate,11.219358071684837,4.540665075182915,125.37277075435736,103.57618657348767
opa_readset,unrelated,500,68,1,EXECUTE,opa_allowed_at_gate,9.298867080360651,2.7506379410624504,125.37277075435736,103.57618657348767
opa_readset,unrelated,500,69,1,EXECUTE,opa_allowed_at_gate,8.99631017819047,3.2362891361117363,125.37277075435736,103.57618657348767
opa_readset,unrelated,500,70,1,EXECUTE,opa_allowed_at_gate,9.31585906073451,3.0130399391055107,125.37277075435736,103.57618657348767
opa_readset,unrelated,500,71,1,EXECUTE,opa_allowed_at_gate,9.257390163838863,3.0153640545904636,125.37277075435736,103.57618657348767
opa_readset,unrelated,500,72,1,EXECUTE,opa_allowed_at_gate,9.302093181759119,3.383034374564886,125.37277075435736,103.57618657348767
opa_readset,unrelated,500,73,1,EXECUTE,opa_allowed_at_gate,9.138867259025574,3.3201859332621098,125.37277075435736,103.57618657348767
opa_readset,unrelated,500,74,1,EXECUTE,opa_allowed_at_gate,9.333712980151176,3.1263320706784725,125.37277075435736,103.57618657348767
opa_readset,unrelated,500,75,1,EXECUTE,opa_allowed_at_gate,10.474010836333036,3.91440000385046,125.37277075435736,103.57618657348767
opa_readset,unrelated,500,76,1,EXECUTE,opa_allowed_at_gate,12.983627151697874,3.414122387766838,125.37277075435736,103.57618657348767
opa_readset,unrelated,500,77,1,EXECUTE,opa_allowed_at_gate,11.202136054635048,3.6278623156249523,125.37277075435736,103.57618657348767
opa_readset,unrelated,500,78,1,EXECUTE,opa_allowed_at_gate,9.77930799126625,3.3764922991394997,125.37277075435736,103.57618657348767
opa_readset,unrelated,500,79,1,EXECUTE,opa_allowed_at_gate,11.728683952242136,4.011251963675022,125.37277075435736,103.57618657348767
opa_readset,unrelated,500,80,1,EXECUTE,opa_allowed_at_gate,9.070569183677435,2.690705005079508,125.37277075435736,103.57618657348767
opa_readset,unrelated,500,81,1,EXECUTE,opa_allowed_at_gate,9.062964003533125,3.2228739000856876,125.37277075435736,103.57618657348767
opa_readset,unrelated,500,82,1,EXECUTE,opa_allowed_at_gate,8.369144052267075,2.818736247718334,125.37277075435736,103.57618657348767
opa_readset,unrelated,500,83,1,EXECUTE,opa_allowed_at_gate,9.598258882761002,2.782037016004324,125.37277075435736,103.57618657348767
opa_readset,unrelated,500,84,1,EXECUTE,opa_allowed_at_gate,9.474295657128096,2.9890649020671844,125.37277075435736,103.57618657348767
opa_readset,unrelated,500,85,1,EXECUTE,opa_allowed_at_gate,9.776733350008726,3.5611982457339764,125.37277075435736,103.57618657348767
opa_readset,unrelated,500,86,1,EXECUTE,opa_allowed_at_gate,8.868169970810413,2.603772096335888,125.37277075435736,103.57618657348767
opa_readset,unrelated,500,87,1,EXECUTE,opa_allowed_at_gate,7.830633781850338,2.7652448043227196,125.37277075435736,103.57618657348767
opa_readset,unrelated,500,88,1,EXECUTE,opa_allowed_at_gate,10.73006121441722,4.025669302791357,125.37277075435736,103.57618657348767
opa_readset,unrelated,500,89,1,EXECUTE,opa_allowed_at_gate,9.043468162417412,3.2407380640506744,125.37277075435736,103.57618657348767
opa_readset,unrelated,500,90,1,EXECUTE,opa_allowed_at_gate,9.7581478767097,3.220098093152046,125.37277075435736,103.57618657348767
opa_readset,unrelated,500,91,1,EXECUTE,opa_allowed_at_gate,8.791015017777681,2.8334129601716995,125.37277075435736,103.57618657348767
opa_readset,unrelated,500,92,1,EXECUTE,opa_allowed_at_gate,9.06703295186162,3.0494784004986286,125.37277075435736,103.57618657348767
opa_readset,unrelated,500,93,1,EXECUTE,opa_allowed_at_gate,9.761503897607327,3.667276818305254,125.37277075435736,103.57618657348767
opa_readset,unrelated,500,94,1,EXECUTE,opa_allowed_at_gate,8.686337620019913,3.0370550230145454,125.37277075435736,103.57618657348767
opa_readset,unrelated,500,95,1,EXECUTE,opa_allowed_at_gate,9.11616487428546,2.9378291219472885,125.37277075435736,103.57618657348767
opa_readset,unrelated,500,96,1,EXECUTE,opa_allowed_at_gate,9.243674110621214,3.0711288563907146,125.37277075435736,103.57618657348767
opa_readset,unrelated,500,97,1,EXECUTE,opa_allowed_at_gate,9.819974191486835,3.4636249765753746,125.37277075435736,103.57618657348767
opa_readset,unrelated,500,98,1,EXECUTE,opa_allowed_at_gate,9.551840834319592,3.2895077019929886,125.37277075435736,103.57618657348767
opa_readset,unrelated,500,99,1,EXECUTE,opa_allowed_at_gate,8.744518272578716,3.1917360611259937,125.37277075435736,103.57618657348767
global,related_same,500,0,0,REVOKE,context_version_changed_at_publish,17.528478987514973,6.62285927683115,122.50172952580454,0.0
global,related_same,500,1,0,REVOKE,context_version_changed_at_publish,24.150297045707703,8.195909205824137,122.50172952580454,0.0
global,related_same,500,2,0,REVOKE,context_version_changed_at_publish,18.158379942178726,5.840282421559095,122.50172952580454,0.0
global,related_same,500,3,0,REVOKE,context_version_changed_at_publish,24.54802207648754,8.262233808636665,122.50172952580454,0.0
global,related_same,500,4,0,REVOKE,context_version_changed_at_publish,18.079002387821674,6.457168143242598,122.50172952580454,0.0
global,related_same,500,5,0,REVOKE,context_version_changed_at_publish,17.56868464872241,6.438704207539558,122.50172952580454,0.0
global,related_same,500,6,0,REVOKE,context_version_changed_at_publish,16.60510804504156,5.1546357572078705,122.50172952580454,0.0
global,related_same,500,7,0,REVOKE,context_version_changed_at_publish,20.231246948242188,7.891157176345587,122.50172952580454,0.0
global,related_same,500,8,0,REVOKE,context_version_changed_at_publish,25.517319794744253,8.797888178378344,122.50172952580454,0.0
global,related_same,500,9,0,REVOKE,context_version_changed_at_publish,25.206797756254673,8.633789606392384,122.50172952580454,0.0
global,related_same,500,10,0,REVOKE,context_version_changed_at_publish,16.871427185833454,6.012814585119486,122.50172952580454,0.0
global,related_same,500,11,0,REVOKE,context_version_changed_at_publish,18.07867083698511,7.168603129684925,122.50172952580454,0.0
global,related_same,500,12,0,REVOKE,context_version_changed_at_publish,22.822516039013863,6.766637787222862,122.50172952580454,0.0
global,related_same,500,13,0,REVOKE,context_version_changed_at_publish,24.315045215189457,8.474751841276884,122.50172952580454,0.0
global,related_same,500,14,0,REVOKE,context_version_changed_at_publish,23.682760074734688,8.079399820417166,122.50172952580454,0.0
global,related_same,500,15,0,REVOKE,context_version_changed_at_publish,16.48252783343196,6.270598154515028,122.50172952580454,0.0
global,related_same,500,16,0,REVOKE,context_version_changed_at_publish,17.83839985728264,6.82254321873188,122.50172952580454,0.0
global,related_same,500,17,0,REVOKE,context_version_changed_at_publish,23.002765141427517,7.796630263328552,122.50172952580454,0.0
global,related_same,500,18,0,REVOKE,context_version_changed_at_publish,17.336369026452303,6.107702851295471,122.50172952580454,0.0
global,related_same,500,19,0,REVOKE,context_version_changed_at_publish,23.26811198145151,8.041849825531244,122.50172952580454,0.0
global,related_same,500,20,0,REVOKE,context_version_changed_at_publish,21.843350026756525,7.5847129337489605,122.50172952580454,0.0
global,related_same,500,21,0,REVOKE,context_version_changed_at_publish,16.810953617095947,5.780909676104784,122.50172952580454,0.0
global,related_same,500,22,0,REVOKE,context_version_changed_at_publish,23.806683253496885,6.982532795518637,122.50172952580454,0.0
global,related_same,500,23,0,REVOKE,context_version_changed_at_publish,18.374474719166756,6.285105831921101,122.50172952580454,0.0
global,related_same,500,24,0,REVOKE,context_version_changed_at_publish,22.70179009065032,7.8007979318499565,122.50172952580454,0.0
global,related_same,500,25,0,REVOKE,context_version_changed_at_publish,16.95841969922185,6.395533215254545,122.50172952580454,0.0
global,related_same,500,26,0,REVOKE,context_version_changed_at_publish,16.822514589875937,5.581366829574108,122.50172952580454,0.0
global,related_same,500,27,0,REVOKE,context_version_changed_at_publish,23.227545898407698,7.652590051293373,122.50172952580454,0.0
global,related_same,500,28,0,REVOKE,context_version_changed_at_publish,23.72570987790823,8.411443326622248,122.50172952580454,0.0
global,related_same,500,29,0,REVOKE,context_version_changed_at_publish,22.55274122580886,7.908680010586977,122.50172952580454,0.0
global,related_same,500,30,0,REVOKE,context_version_changed_at_publish,15.916526317596436,5.295169074088335,122.50172952580454,0.0
global,related_same,500,31,0,REVOKE,context_version_changed_at_publish,18.125188071280718,6.995237898081541,122.50172952580454,0.0
global,related_same,500,32,0,REVOKE,context_version_changed_at_publish,22.71888218820095,7.059879135340452,122.50172952580454,0.0
global,related_same,500,33,0,REVOKE,context_version_changed_at_publish,18.430110067129135,5.796229001134634,122.50172952580454,0.0
global,related_same,500,34,0,REVOKE,context_version_changed_at_publish,19.263943657279015,7.520521990954876,122.50172952580454,0.0
global,related_same,500,35,0,REVOKE,context_version_changed_at_publish,24.392519611865282,8.01398791372776,122.50172952580454,0.0
global,related_same,500,36,0,REVOKE,context_version_changed_at_publish,22.11234485730529,7.0786429569125175,122.50172952580454,0.0
global,related_same,500,37,0,REVOKE,context_version_changed_at_publish,17.47986814007163,6.173004861921072,122.50172952580454,0.0
global,related_same,500,38,0,REVOKE,context_version_changed_at_publish,17.244556918740273,6.186911836266518,122.50172952580454,0.0
global,related_same,500,39,0,REVOKE,context_version_changed_at_publish,17.397804651409388,6.285577081143856,122.50172952580454,0.0
global,related_same,500,40,0,REVOKE,context_version_changed_at_publish,22.267356049269438,7.597716990858316,122.50172952580454,0.0
global,related_same,500,41,0,REVOKE,context_version_changed_at_publish,16.387979965656996,5.759399849921465,122.50172952580454,0.0
global,related_same,500,42,0,REVOKE,context_version_changed_at_publish,23.126035928726196,7.611052133142948,122.50172952580454,0.0
global,related_same,500,43,0,REVOKE,context_version_changed_at_publish,16.682613641023636,6.100289057940245,122.50172952580454,0.0
global,related_same,500,44,0,REVOKE,context_version_changed_at_publish,24.04474839568138,9.204721078276634,122.50172952580454,0.0
global,related_same,500,45,0,REVOKE,context_version_changed_at_publish,17.058358062058687,6.724409759044647,122.50172952580454,0.0
global,related_same,500,46,0,REVOKE,context_version_changed_at_publish,17.63327606022358,6.706154905259609,122.50172952580454,0.0
global,related_same,500,47,0,REVOKE,context_version_changed_at_publish,22.140698041766882,7.960837800055742,122.50172952580454,0.0
global,related_same,500,48,0,REVOKE,context_version_changed_at_publish,18.28046888113022,6.584026385098696,122.50172952580454,0.0
global,related_same,500,49,0,REVOKE,context_version_changed_at_publish,18.218833953142166,7.059838157147169,122.50172952580454,0.0
global,related_same,500,50,0,REVOKE,context_version_changed_at_publish,22.87755999714136,8.014880120754242,122.50172952580454,0.0
global,related_same,500,51,0,REVOKE,context_version_changed_at_publish,16.72185678035021,6.293050944805145,122.50172952580454,0.0
global,related_same,500,52,0,REVOKE,context_version_changed_at_publish,18.124887719750404,6.43773190677166,122.50172952580454,0.0
global,related_same,500,53,0,REVOKE,context_version_changed_at_publish,23.09167105704546,8.597260806709528,122.50172952580454,0.0
global,related_same,500,54,0,REVOKE,context_version_changed_at_publish,22.317880298942327,7.561758626252413,122.50172952580454,0.0
global,related_same,500,55,0,REVOKE,context_version_changed_at_publish,16.885663848370314,6.165721919387579,122.50172952580454,0.0
global,related_same,500,56,0,REVOKE,context_version_changed_at_publish,16.672194004058838,6.279585883021355,122.50172952580454,0.0
global,related_same,500,57,0,REVOKE,context_version_changed_at_publish,17.470490653067827,6.369323004037142,122.50172952580454,0.0
global,related_same,500,58,0,REVOKE,context_version_changed_at_publish,23.339827079325914,7.599872071295977,122.50172952580454,0.0
global,related_same,500,59,0,REVOKE,context_version_changed_at_publish,17.72631099447608,6.502642761915922,122.50172952580454,0.0
global,related_same,500,60,0,REVOKE,context_version_changed_at_publish,22.814861964434385,7.502428721636534,122.50172952580454,0.0
global,related_same,500,61,0,REVOKE,context_version_changed_at_publish,24.94719112291932,8.964078966528177,122.50172952580454,0.0
global,related_same,500,62,0,REVOKE,context_version_changed_at_publish,22.548832930624485,7.384176831692457,122.50172952580454,0.0
global,related_same,500,63,0,REVOKE,context_version_changed_at_publish,16.937552019953728,6.357281934469938,122.50172952580454,0.0
global,related_same,500,64,0,REVOKE,context_version_changed_at_publish,17.006931826472282,6.300624925643206,122.50172952580454,0.0
global,related_same,500,65,0,REVOKE,context_version_changed_at_publish,17.50163920223713,6.487805861979723,122.50172952580454,0.0
global,related_same,500,66,0,REVOKE,context_version_changed_at_publish,15.994492918252945,5.555989220738411,122.50172952580454,0.0
global,related_same,500,67,0,REVOKE,context_version_changed_at_publish,19.211785402148962,7.5182379223406315,122.50172952580454,0.0
global,related_same,500,68,0,REVOKE,context_version_changed_at_publish,23.203200194984674,7.8667509369552135,122.50172952580454,0.0
global,related_same,500,69,0,REVOKE,context_version_changed_at_publish,17.83850137144327,6.390452850610018,122.50172952580454,0.0
global,related_same,500,70,0,REVOKE,context_version_changed_at_publish,23.228268139064312,7.947793696075678,122.50172952580454,0.0
global,related_same,500,71,0,REVOKE,context_version_changed_at_publish,22.0537050627172,7.855881936848164,122.50172952580454,0.0
global,related_same,500,72,0,REVOKE,context_version_changed_at_publish,24.554054252803326,8.951756171882153,122.50172952580454,0.0
global,related_same,500,73,0,REVOKE,context_version_changed_at_publish,16.52957685291767,6.212169304490089,122.50172952580454,0.0
global,related_same,500,74,0,REVOKE,context_version_changed_at_publish,17.999331932514906,6.109095644205809,122.50172952580454,0.0
global,related_same,500,75,0,REVOKE,context_version_changed_at_publish,23.253915831446648,7.3603917844593525,122.50172952580454,0.0
global,related_same,500,76,0,REVOKE,context_version_changed_at_publish,22.766121197491884,7.809523958712816,122.50172952580454,0.0
global,related_same,500,77,0,REVOKE,context_version_changed_at_publish,17.98815093934536,6.884148810058832,122.50172952580454,0.0
global,related_same,500,78,0,REVOKE,context_version_changed_at_publish,17.546663992106915,6.615004036575556,122.50172952580454,0.0
global,related_same,500,79,0,REVOKE,context_version_changed_at_publish,17.32303388416767,6.38929195702076,122.50172952580454,0.0
global,related_same,500,80,0,REVOKE,context_version_changed_at_publish,22.636957932263613,7.277515716850758,122.50172952580454,0.0
global,related_same,500,81,0,REVOKE,context_version_changed_at_publish,23.078647442162037,7.87725206464529,122.50172952580454,0.0
global,related_same,500,82,0,REVOKE,context_version_changed_at_publish,17.44445087388158,6.366418208926916,122.50172952580454,0.0
global,related_same,500,83,0,REVOKE,context_version_changed_at_publish,17.242723144590855,6.74251327291131,122.50172952580454,0.0
global,related_same,500,84,0,REVOKE,context_version_changed_at_publish,22.614887915551662,7.069867104291916,122.50172952580454,0.0
global,related_same,500,85,0,REVOKE,context_version_changed_at_publish,17.002942971885204,6.195498164743185,122.50172952580454,0.0
global,related_same,500,86,0,REVOKE,context_version_changed_at_publish,22.794945165514946,7.126562763005495,122.50172952580454,0.0
global,related_same,500,87,0,REVOKE,context_version_changed_at_publish,24.204527959227562,8.362049702554941,122.50172952580454,0.0
global,related_same,500,88,0,REVOKE,context_version_changed_at_publish,21.975819021463394,7.422607857733965,122.50172952580454,0.0
global,related_same,500,89,0,REVOKE,context_version_changed_at_publish,22.80943328514695,7.084676064550877,122.50172952580454,0.0
global,related_same,500,90,0,REVOKE,context_version_changed_at_publish,16.702409833669662,5.721599329262972,122.50172952580454,0.0
global,related_same,500,91,0,REVOKE,context_version_changed_at_publish,22.46545720845461,7.767134811729193,122.50172952580454,0.0
global,related_same,500,92,0,REVOKE,context_version_changed_at_publish,24.194268975406885,8.749696891754866,122.50172952580454,0.0
global,related_same,500,93,0,REVOKE,context_version_changed_at_publish,22.733499761670828,7.517315912991762,122.50172952580454,0.0
global,related_same,500,94,0,REVOKE,context_version_changed_at_publish,23.90050794929266,8.638489060103893,122.50172952580454,0.0
global,related_same,500,95,0,REVOKE,context_version_changed_at_publish,17.338653095066547,6.28431374207139,122.50172952580454,0.0
global,related_same,500,96,0,REVOKE,context_version_changed_at_publish,18.042773939669132,6.425437983125448,122.50172952580454,0.0
global,related_same,500,97,0,REVOKE,context_version_changed_at_publish,17.772367224097252,6.936307065188885,122.50172952580454,0.0
global,related_same,500,98,0,REVOKE,context_version_changed_at_publish,17.546813935041428,6.2651680782437325,122.50172952580454,0.0
global,related_same,500,99,0,REVOKE,context_version_changed_at_publish,22.705717012286186,7.922606077045202,122.50172952580454,0.0
readset,related_same,500,0,1,EXECUTE,published_after_gate_recheck,22.466779220849276,7.805547211319208,122.02733484297504,50.82516622882963
readset,related_same,500,1,1,EXECUTE,published_after_gate_recheck,17.431026324629784,6.414117757230997,122.02733484297504,50.82516622882963
readset,related_same,500,2,1,EXECUTE,published_after_gate_recheck,23.28324969857931,7.279450073838234,122.02733484297504,50.82516622882963
readset,related_same,500,3,1,EXECUTE,published_after_gate_recheck,22.802720312029123,7.49435368925333,122.02733484297504,50.82516622882963
readset,related_same,500,4,1,EXECUTE,published_after_gate_recheck,25.54670488461852,9.614849928766489,122.02733484297504,50.82516622882963
readset,related_same,500,5,1,EXECUTE,published_after_gate_recheck,16.73412974923849,5.707513075321913,122.02733484297504,50.82516622882963
readset,related_same,500,6,1,EXECUTE,published_after_gate_recheck,24.728861171752214,8.482396136969328,122.02733484297504,50.82516622882963
readset,related_same,500,7,1,EXECUTE,published_after_gate_recheck,17.44455238804221,6.689523812383413,122.02733484297504,50.82516622882963
readset,related_same,500,8,1,EXECUTE,published_after_gate_recheck,16.47274987772107,6.240291986614466,122.02733484297504,50.82516622882963
readset,related_same,500,9,1,EXECUTE,published_after_gate_recheck,23.246482014656067,8.563889190554619,122.02733484297504,50.82516622882963
readset,related_same,500,10,1,EXECUTE,published_after_gate_recheck,16.86423411592841,6.134083028882742,122.02733484297504,50.82516622882963
readset,related_same,500,11,1,EXECUTE,published_after_gate_recheck,17.538669053465128,6.775235291570425,122.02733484297504,50.82516622882963
readset,related_same,500,12,1,EXECUTE,published_after_gate_recheck,22.870636079460382,7.257007993757725,122.02733484297504,50.82516622882963
readset,related_same,500,13,1,EXECUTE,published_after_gate_recheck,17.928590066730976,6.689484231173992,122.02733484297504,50.82516622882963
readset,related_same,500,14,1,EXECUTE,published_after_gate_recheck,16.53557689860463,6.402295082807541,122.02733484297504,50.82516622882963
readset,related_same,500,15,1,EXECUTE,published_after_gate_recheck,17.84980157390237,6.407885812222958,122.02733484297504,50.82516622882963
readset,related_same,500,16,1,EXECUTE,published_after_gate_recheck,17.578322906047106,6.2864478677511215,122.02733484297504,50.82516622882963
readset,related_same,500,17,1,EXECUTE,published_after_gate_recheck,17.088945023715496,5.770551040768623,122.02733484297504,50.82516622882963
readset,related_same,500,18,1,EXECUTE,published_after_gate_recheck,16.601210925728083,6.060595158487558,122.02733484297504,50.82516622882963
readset,related_same,500,19,1,EXECUTE,published_after_gate_recheck,22.2380212508142,7.7531482093036175,122.02733484297504,50.82516622882963
readset,related_same,500,20,1,EXECUTE,published_after_gate_recheck,17.041977029293776,6.005201023072004,122.02733484297504,50.82516622882963
readset,related_same,500,21,1,EXECUTE,published_after_gate_recheck,24.9053118750453,7.89929274469614,122.02733484297504,50.82516622882963
readset,related_same,500,22,1,EXECUTE,published_after_gate_recheck,23.209652863442898,8.053121156990528,122.02733484297504,50.82516622882963
readset,related_same,500,23,1,EXECUTE,published_after_gate_recheck,20.799683406949043,10.278244037181139,122.02733484297504,50.82516622882963
readset,related_same,500,24,1,EXECUTE,published_after_gate_recheck,19.699750933796167,6.41041062772274,122.02733484297504,50.82516622882963
readset,related_same,500,25,1,EXECUTE,published_after_gate_recheck,20.321807358413935,6.686728913336992,122.02733484297504,50.82516622882963
readset,related_same,500,26,1,EXECUTE,published_after_gate_recheck,16.944133210927248,6.183144170790911,122.02733484297504,50.82516622882963
readset,related_same,500,27,1,EXECUTE,published_after_gate_recheck,21.129090804606676,5.836133845150471,122.02733484297504,50.82516622882963
readset,related_same,500,28,1,EXECUTE,published_after_gate_recheck,20.221708808094263,6.435226649045944,122.02733484297504,50.82516622882963
readset,related_same,500,29,1,EXECUTE,published_after_gate_recheck,19.94409877806902,8.487995713949203,122.02733484297504,50.82516622882963
readset,related_same,500,30,1,EXECUTE,published_after_gate_recheck,17.249866854399443,6.306885741651058,122.02733484297504,50.82516622882963
readset,related_same,500,31,1,EXECUTE,published_after_gate_recheck,22.552719805389643,7.3753101751208305,122.02733484297504,50.82516622882963
readset,related_same,500,32,1,EXECUTE,published_after_gate_recheck,22.791608702391386,8.057630155235529,122.02733484297504,50.82516622882963
readset,related_same,500,33,1,EXECUTE,published_after_gate_recheck,17.36314920708537,6.8937670439481735,122.02733484297504,50.82516622882963
readset,related_same,500,34,1,EXECUTE,published_after_gate_recheck,22.12153235450387,7.294940296560526,122.02733484297504,50.82516622882963
readset,related_same,500,35,1,EXECUTE,published_after_gate_recheck,17.06033106893301,6.380974780768156,122.02733484297504,50.82516622882963
readset,related_same,500,36,1,EXECUTE,published_after_gate_recheck,21.57781319692731,6.68835174292326,122.02733484297504,50.82516622882963
readset,related_same,500,37,1,EXECUTE,published_after_gate_recheck,16.917102970182896,6.018925923854113,122.02733484297504,50.82516622882963
readset,related_same,500,38,1,EXECUTE,published_after_gate_recheck,15.776603948324919,5.495415069162846,122.02733484297504,50.82516622882963
readset,related_same,500,39,1,EXECUTE,published_after_gate_recheck,22.176565136760473,6.654487922787666,122.02733484297504,50.82516622882963
readset,related_same,500,40,1,EXECUTE,published_after_gate_recheck,23.525654803961515,7.4551100842654705,122.02733484297504,50.82516622882963
readset,related_same,500,41,1,EXECUTE,published_after_gate_recheck,16.769094858318567,6.530134938657284,122.02733484297504,50.82516622882963
readset,related_same,500,42,1,EXECUTE,published_after_gate_recheck,17.014985904097557,6.483878009021282,122.02733484297504,50.82516622882963
readset,related_same,500,43,1,EXECUTE,published_after_gate_recheck,23.88939820230007,7.506445981562138,122.02733484297504,50.82516622882963
readset,related_same,500,44,1,EXECUTE,published_after_gate_recheck,24.514560122042894,7.356444839388132,122.02733484297504,50.82516622882963
readset,related_same,500,45,1,EXECUTE,published_after_gate_recheck,23.814998101443052,7.759330328553915,122.02733484297504,50.82516622882963
readset,related_same,500,46,1,EXECUTE,published_after_gate_recheck,17.882793210446835,6.36345287784934,122.02733484297504,50.82516622882963
readset,related_same,500,47,1,EXECUTE,published_after_gate_recheck,24.342828430235386,8.189157117158175,122.02733484297504,50.82516622882963
readset,related_same,500,48,1,EXECUTE,published_after_gate_recheck,18.328238744288683,6.869642063975334,122.02733484297504,50.82516622882963
readset,related_same,500,49,1,EXECUTE,published_after_gate_recheck,23.391593247652054,7.54116103053093,122.02733484297504,50.82516622882963
readset,related_same,500,50,1,EXECUTE,published_after_gate_recheck,17.54013216122985,6.948329042643309,122.02733484297504,50.82516622882963
readset,related_same,500,51,1,EXECUTE,published_after_gate_recheck,17.150430008769035,6.014958955347538,122.02733484297504,50.82516622882963
readset,related_same,500,52,1,EXECUTE,published_after_gate_recheck,22.429189179092646,7.003803737461567,122.02733484297504,50.82516622882963
readset,related_same,500,53,1,EXECUTE,published_after_gate_recheck,17.876191064715385,6.337733939290047,122.02733484297504,50.82516622882963
readset,related_same,500,54,1,EXECUTE,published_after_gate_recheck,22.876798175275326,7.466841954737902,122.02733484297504,50.82516622882963
readset,related_same,500,55,1,EXECUTE,published_after_gate_recheck,16.66004117578268,5.66501310095191,122.02733484297504,50.82516622882963
readset,related_same,500,56,1,EXECUTE,published_after_gate_recheck,17.767386976629496,7.068605162203312,122.02733484297504,50.82516622882963
readset,related_same,500,57,1,EXECUTE,published_after_gate_recheck,17.79782399535179,6.777999922633171,122.02733484297504,50.82516622882963
readset,related_same,500,58,1,EXECUTE,published_after_gate_recheck,16.032814979553223,5.875046830624342,122.02733484297504,50.82516622882963
readset,related_same,500,59,1,EXECUTE,published_after_gate_recheck,16.086114570498466,5.843928083777428,122.02733484297504,50.82516622882963
readset,related_same,500,60,1,EXECUTE,published_after_gate_recheck,18.069413024932146,6.87741581350565,122.02733484297504,50.82516622882963
readset,related_same,500,61,1,EXECUTE,published_after_gate_recheck,17.382836434990168,6.715772673487663,122.02733484297504,50.82516622882963
readset,related_same,500,62,1,EXECUTE,published_after_gate_recheck,17.494314815849066,6.225333083420992,122.02733484297504,50.82516622882963
readset,related_same,500,63,1,EXECUTE,published_after_gate_recheck,23.30076415091753,7.7705723233520985,122.02733484297504,50.82516622882963
readset,related_same,500,64,1,EXECUTE,published_after_gate_recheck,23.31299614161253,8.293461054563522,122.02733484297504,50.82516622882963
readset,related_same,500,65,1,EXECUTE,published_after_gate_recheck,16.306388191878796,6.428444292396307,122.02733484297504,50.82516622882963
readset,related_same,500,66,1,EXECUTE,published_after_gate_recheck,17.07223430275917,6.623108871281147,122.02733484297504,50.82516622882963
readset,related_same,500,67,1,EXECUTE,published_after_gate_recheck,17.031116876751184,5.844590254127979,122.02733484297504,50.82516622882963
readset,related_same,500,68,1,EXECUTE,published_after_gate_recheck,22.989850025624037,8.497054222971201,122.02733484297504,50.82516622882963
readset,related_same,500,69,1,EXECUTE,published_after_gate_recheck,23.6028297804296,8.311806246638298,122.02733484297504,50.82516622882963
readset,related_same,500,70,1,EXECUTE,published_after_gate_recheck,17.04059401527047,6.039636209607124,122.02733484297504,50.82516622882963
readset,related_same,500,71,1,EXECUTE,published_after_gate_recheck,17.28634489700198,6.43738079816103,122.02733484297504,50.82516622882963
readset,related_same,500,72,1,EXECUTE,published_after_gate_recheck,17.281395383179188,5.657549016177654,122.02733484297504,50.82516622882963
readset,related_same,500,73,1,EXECUTE,published_after_gate_recheck,22.403341252356768,6.993463728576899,122.02733484297504,50.82516622882963
readset,related_same,500,74,1,EXECUTE,published_after_gate_recheck,22.65478204935789,7.137383799999952,122.02733484297504,50.82516622882963
readset,related_same,500,75,1,EXECUTE,published_after_gate_recheck,22.761613130569458,7.906215265393257,122.02733484297504,50.82516622882963
readset,related_same,500,76,1,EXECUTE,published_after_gate_recheck,23.261949885636568,7.863575126975775,122.02733484297504,50.82516622882963
readset,related_same,500,77,1,EXECUTE,published_after_gate_recheck,17.60854898020625,6.335810758173466,122.02733484297504,50.82516622882963
readset,related_same,500,78,1,EXECUTE,published_after_gate_recheck,23.81208213046193,8.289384189993143,122.02733484297504,50.82516622882963
readset,related_same,500,79,1,EXECUTE,published_after_gate_recheck,22.942601703107357,7.717922795563936,122.02733484297504,50.82516622882963
readset,related_same,500,80,1,EXECUTE,published_after_gate_recheck,18.01360910758376,6.987422704696655,122.02733484297504,50.82516622882963
readset,related_same,500,81,1,EXECUTE,published_after_gate_recheck,16.198235098272562,6.245531141757965,122.02733484297504,50.82516622882963
readset,related_same,500,82,1,EXECUTE,published_after_gate_recheck,16.846079379320145,5.94232277944684,122.02733484297504,50.82516622882963
readset,related_same,500,83,1,EXECUTE,published_after_gate_recheck,16.6091350838542,6.349587347358465,122.02733484297504,50.82516622882963
readset,related_same,500,84,1,EXECUTE,published_after_gate_recheck,23.137766867876053,8.083517663180828,122.02733484297504,50.82516622882963
readset,related_same,500,85,1,EXECUTE,published_after_gate_recheck,17.244567163288593,7.051832973957062,122.02733484297504,50.82516622882963
readset,related_same,500,86,1,EXECUTE,published_after_gate_recheck,16.924397088587284,5.815665703266859,122.02733484297504,50.82516622882963
readset,related_same,500,87,1,EXECUTE,published_after_gate_recheck,17.04247808083892,6.318768952041864,122.02733484297504,50.82516622882963
readset,related_same,500,88,1,EXECUTE,published_after_gate_recheck,16.508125700056553,6.442741025239229,122.02733484297504,50.82516622882963
readset,related_same,500,89,1,EXECUTE,published_after_gate_recheck,17.664575017988682,6.516478955745697,122.02733484297504,50.82516622882963
readset,related_same,500,90,1,EXECUTE,published_after_gate_recheck,23.492592852562666,8.675298187881708,122.02733484297504,50.82516622882963
readset,related_same,500,91,1,EXECUTE,published_after_gate_recheck,17.075028736144304,6.097644101828337,122.02733484297504,50.82516622882963
readset,related_same,500,92,1,EXECUTE,published_after_gate_recheck,17.83079607412219,6.950733717530966,122.02733484297504,50.82516622882963
readset,related_same,500,93,1,EXECUTE,published_after_gate_recheck,23.14741536974907,8.541015908122063,122.02733484297504,50.82516622882963
readset,related_same,500,94,1,EXECUTE,published_after_gate_recheck,17.43010524660349,6.825959775596857,122.02733484297504,50.82516622882963
readset,related_same,500,95,1,EXECUTE,published_after_gate_recheck,17.960018943995237,6.692980416119099,122.02733484297504,50.82516622882963
readset,related_same,500,96,1,EXECUTE,published_after_gate_recheck,17.651100177317858,6.441118195652962,122.02733484297504,50.82516622882963
readset,related_same,500,97,1,EXECUTE,published_after_gate_recheck,22.789564915001392,8.446629159152508,122.02733484297504,50.82516622882963
readset,related_same,500,98,1,EXECUTE,published_after_gate_recheck,17.93322805315256,6.110948976129293,122.02733484297504,50.82516622882963
readset,related_same,500,99,1,EXECUTE,published_after_gate_recheck,17.4790071323514,6.202321033924818,122.02733484297504,50.82516622882963
truth,related_same,500,0,1,EXECUTE,published_after_gate_recheck,19.161070231348276,7.406318094581366,121.37686337619452,50.165089192849365
truth,related_same,500,1,1,EXECUTE,published_after_gate_recheck,23.743814788758755,8.010891731828451,121.37686337619452,50.165089192849365
truth,related_same,500,2,1,EXECUTE,published_after_gate_recheck,23.24902592226863,8.43547796830535,121.37686337619452,50.165089192849365
truth,related_same,500,3,1,EXECUTE,published_after_gate_recheck,17.586328089237213,6.175639573484659,121.37686337619452,50.165089192849365
truth,related_same,500,4,1,EXECUTE,published_after_gate_recheck,17.321481369435787,5.989050026983023,121.37686337619452,50.165089192849365
truth,related_same,500,5,1,EXECUTE,published_after_gate_recheck,19.22309724614024,6.939112208783627,121.37686337619452,50.165089192849365
truth,related_same,500,6,1,EXECUTE,published_after_gate_recheck,22.98158500343561,8.018685970455408,121.37686337619452,50.165089192849365
truth,related_same,500,7,1,EXECUTE,published_after_gate_recheck,17.428893130272627,6.220133975148201,121.37686337619452,50.165089192849365
truth,related_same,500,8,1,EXECUTE,published_after_gate_recheck,22.643640637397766,10.33756509423256,121.37686337619452,50.165089192849365
truth,related_same,500,9,1,EXECUTE,published_after_gate_recheck,25.45764809474349,9.15862387046218,121.37686337619452,50.165089192849365
truth,related_same,500,10,1,EXECUTE,published_after_gate_recheck,18.200209364295006,6.466025020927191,121.37686337619452,50.165089192849365
truth,related_same,500,11,1,EXECUTE,published_after_gate_recheck,17.319477163255215,6.173025816679001,121.37686337619452,50.165089192849365
truth,related_same,500,12,1,EXECUTE,published_after_gate_recheck,15.965147875249386,5.6562661193311214,121.37686337619452,50.165089192849365
truth,related_same,500,13,1,EXECUTE,published_after_gate_recheck,17.033431213349104,6.320372223854065,121.37686337619452,50.165089192849365
truth,related_same,500,14,1,EXECUTE,published_after_gate_recheck,17.681767232716084,6.609965115785599,121.37686337619452,50.165089192849365
truth,related_same,500,15,1,EXECUTE,published_after_gate_recheck,21.7883069999516,7.298335898667574,121.37686337619452,50.165089192849365
truth,related_same,500,16,1,EXECUTE,published_after_gate_recheck,17.296755220741034,7.06443702802062,121.37686337619452,50.165089192849365
truth,related_same,500,17,1,EXECUTE,published_after_gate_recheck,17.425184603780508,6.461256183683872,121.37686337619452,50.165089192849365
truth,related_same,500,18,1,EXECUTE,published_after_gate_recheck,16.963189002126455,5.855870898813009,121.37686337619452,50.165089192849365
truth,related_same,500,19,1,EXECUTE,published_after_gate_recheck,16.872399020940065,5.76621200889349,121.37686337619452,50.165089192849365
truth,related_same,500,20,1,EXECUTE,published_after_gate_recheck,23.518231231719255,7.573923096060753,121.37686337619452,50.165089192849365
truth,related_same,500,21,1,EXECUTE,published_after_gate_recheck,17.389988992363214,6.95418007671833,121.37686337619452,50.165089192849365
truth,related_same,500,22,1,EXECUTE,published_after_gate_recheck,24.22899380326271,8.156634867191315,121.37686337619452,50.165089192849365
truth,related_same,500,23,1,EXECUTE,published_after_gate_recheck,29.580269008874893,13.186707627028227,121.37686337619452,50.165089192849365
truth,related_same,500,24,1,EXECUTE,published_after_gate_recheck,17.98950368538499,7.336317095905542,121.37686337619452,50.165089192849365
truth,related_same,500,25,1,EXECUTE,published_after_gate_recheck,17.003364395350218,6.226074881851673,121.37686337619452,50.165089192849365
truth,related_same,500,26,1,EXECUTE,published_after_gate_recheck,17.70146284252405,6.644048728048801,121.37686337619452,50.165089192849365
truth,related_same,500,27,1,EXECUTE,published_after_gate_recheck,23.02035689353943,7.455580867826939,121.37686337619452,50.165089192849365
truth,related_same,500,28,1,EXECUTE,published_after_gate_recheck,16.32088515907526,5.6776669807732105,121.37686337619452,50.165089192849365
truth,related_same,500,29,1,EXECUTE,published_after_gate_recheck,23.00167176872492,7.161067798733711,121.37686337619452,50.165089192849365
truth,related_same,500,30,1,EXECUTE,published_after_gate_recheck,17.727511934936047,6.691438145935535,121.37686337619452,50.165089192849365
truth,related_same,500,31,1,EXECUTE,published_after_gate_recheck,16.720423940569162,6.249298807233572,121.37686337619452,50.165089192849365
truth,related_same,500,32,1,EXECUTE,published_after_gate_recheck,24.177146144211292,7.901426870375872,121.37686337619452,50.165089192849365
truth,related_same,500,33,1,EXECUTE,published_after_gate_recheck,23.247092962265015,7.981728296726942,121.37686337619452,50.165089192849365
truth,related_same,500,34,1,EXECUTE,published_after_gate_recheck,24.10215698182583,7.925611920654774,121.37686337619452,50.165089192849365
truth,related_same,500,35,1,EXECUTE,published_after_gate_recheck,22.44411688297987,8.306957315653563,121.37686337619452,50.165089192849365
truth,related_same,500,36,1,EXECUTE,published_after_gate_recheck,16.77393401041627,6.273974198848009,121.37686337619452,50.165089192849365
truth,related_same,500,37,1,EXECUTE,published_after_gate_recheck,16.351702623069286,6.107091903686523,121.37686337619452,50.165089192849365
truth,related_same,500,38,1,EXECUTE,published_after_gate_recheck,22.225527092814445,8.479881100356579,121.37686337619452,50.165089192849365
truth,related_same,500,39,1,EXECUTE,published_after_gate_recheck,22.867450956255198,6.626155227422714,121.37686337619452,50.165089192849365
truth,related_same,500,40,1,EXECUTE,published_after_gate_recheck,17.867145128548145,7.501726970076561,121.37686337619452,50.165089192849365
truth,related_same,500,41,1,EXECUTE,published_after_gate_recheck,17.176900058984756,6.837491877377033,121.37686337619452,50.165089192849365
truth,related_same,500,42,1,EXECUTE,published_after_gate_recheck,16.565022990107536,6.962186191231012,121.37686337619452,50.165089192849365
truth,related_same,500,43,1,EXECUTE,published_after_gate_recheck,23.15788622945547,7.693757303059101,121.37686337619452,50.165089192849365
truth,related_same,500,44,1,EXECUTE,published_after_gate_recheck,23.520866874605417,8.31751711666584,121.37686337619452,50.165089192849365
truth,related_same,500,45,1,EXECUTE,published_after_gate_recheck,16.10469911247492,5.68966893479228,121.37686337619452,50.165089192849365
truth,related_same,500,46,1,EXECUTE,published_after_gate_recheck,17.068757209926844,6.561433896422386,121.37686337619452,50.165089192849365
truth,related_same,500,47,1,EXECUTE,published_after_gate_recheck,17.19480287283659,6.716874893754721,121.37686337619452,50.165089192849365
truth,related_same,500,48,1,EXECUTE,published_after_gate_recheck,17.11072586476803,6.486684083938599,121.37686337619452,50.165089192849365
truth,related_same,500,49,1,EXECUTE,published_after_gate_recheck,17.20917969942093,6.521379109472036,121.37686337619452,50.165089192849365
truth,related_same,500,50,1,EXECUTE,published_after_gate_recheck,18.048505298793316,6.748705171048641,121.37686337619452,50.165089192849365
truth,related_same,500,51,1,EXECUTE,published_after_gate_recheck,18.433306366205215,6.672091316431761,121.37686337619452,50.165089192849365
truth,related_same,500,52,1,EXECUTE,published_after_gate_recheck,17.79212336987257,6.2463427893817425,121.37686337619452,50.165089192849365
truth,related_same,500,53,1,EXECUTE,published_after_gate_recheck,17.468317411839962,5.952782928943634,121.37686337619452,50.165089192849365
truth,related_same,500,54,1,EXECUTE,published_after_gate_recheck,22.702421061694622,7.5717587023973465,121.37686337619452,50.165089192849365
truth,related_same,500,55,1,EXECUTE,published_after_gate_recheck,24.471599142998457,8.90180328860879,121.37686337619452,50.165089192849365
truth,related_same,500,56,1,EXECUTE,published_after_gate_recheck,22.762534208595753,8.148971013724804,121.37686337619452,50.165089192849365
truth,related_same,500,57,1,EXECUTE,published_after_gate_recheck,18.8599256798625,6.9213989190757275,121.37686337619452,50.165089192849365
truth,related_same,500,58,1,EXECUTE,published_after_gate_recheck,17.620431259274483,4.764263983815908,121.37686337619452,50.165089192849365
truth,related_same,500,59,1,EXECUTE,published_after_gate_recheck,16.930367797613144,5.903019104152918,121.37686337619452,50.165089192849365
truth,related_same,500,60,1,EXECUTE,published_after_gate_recheck,23.425567895174026,8.322356268763542,121.37686337619452,50.165089192849365
truth,related_same,500,61,1,EXECUTE,published_after_gate_recheck,18.188426736742258,6.735941395163536,121.37686337619452,50.165089192849365
truth,related_same,500,62,1,EXECUTE,published_after_gate_recheck,18.436141312122345,6.797918118536472,121.37686337619452,50.165089192849365
truth,related_same,500,63,1,EXECUTE,published_after_gate_recheck,23.00348598510027,7.764791138470173,121.37686337619452,50.165089192849365
truth,related_same,500,64,1,EXECUTE,published_after_gate_recheck,22.953622043132782,7.940108887851238,121.37686337619452,50.165089192849365
truth,related_same,500,65,1,EXECUTE,published_after_gate_recheck,18.331876024603844,6.957306060940027,121.37686337619452,50.165089192849365
truth,related_same,500,66,1,EXECUTE,published_after_gate_recheck,23.89485714957118,8.066646289080381,121.37686337619452,50.165089192849365
truth,related_same,500,67,1,EXECUTE,published_after_gate_recheck,17.67169777303934,7.165767252445221,121.37686337619452,50.165089192849365
truth,related_same,500,68,1,EXECUTE,published_after_gate_recheck,22.938684094697237,8.131257258355618,121.37686337619452,50.165089192849365
truth,related_same,500,69,1,EXECUTE,published_after_gate_recheck,23.693419061601162,8.174748625606298,121.37686337619452,50.165089192849365
truth,related_same,500,70,1,EXECUTE,published_after_gate_recheck,16.86669886112213,6.893928162753582,121.37686337619452,50.165089192849365
truth,related_same,500,71,1,EXECUTE,published_after_gate_recheck,17.006270121783018,6.36771135032177,121.37686337619452,50.165089192849365
truth,related_same,500,72,1,EXECUTE,published_after_gate_recheck,19.15251510217786,4.134492948651314,121.37686337619452,50.165089192849365
truth,related_same,500,73,1,EXECUTE,published_after_gate_recheck,21.92096598446369,6.956635043025017,121.37686337619452,50.165089192849365
truth,related_same,500,74,1,EXECUTE,published_after_gate_recheck,17.165288794785738,6.488707847893238,121.37686337619452,50.165089192849365
truth,related_same,500,75,1,EXECUTE,published_after_gate_recheck,20.741865038871765,7.103630341589451,121.37686337619452,50.165089192849365
truth,related_same,500,76,1,EXECUTE,published_after_gate_recheck,21.62373811006546,8.26584966853261,121.37686337619452,50.165089192849365
truth,related_same,500,77,1,EXECUTE,published_after_gate_recheck,22.37180108204484,7.294999901205301,121.37686337619452,50.165089192849365
truth,related_same,500,78,1,EXECUTE,published_after_gate_recheck,17.99518521875143,7.1009257808327675,121.37686337619452,50.165089192849365
truth,related_same,500,79,1,EXECUTE,published_after_gate_recheck,23.43069715425372,8.46900139003992,121.37686337619452,50.165089192849365
truth,related_same,500,80,1,EXECUTE,published_after_gate_recheck,22.56906172260642,7.374417968094349,121.37686337619452,50.165089192849365
truth,related_same,500,81,1,EXECUTE,published_after_gate_recheck,16.74883719533682,6.244780030101538,121.37686337619452,50.165089192849365
truth,related_same,500,82,1,EXECUTE,published_after_gate_recheck,18.075745087116957,6.660819984972477,121.37686337619452,50.165089192849365
truth,related_same,500,83,1,EXECUTE,published_after_gate_recheck,23.820828646421432,9.085346944630146,121.37686337619452,50.165089192849365
truth,related_same,500,84,1,EXECUTE,published_after_gate_recheck,16.030370257794857,5.278168246150017,121.37686337619452,50.165089192849365
truth,related_same,500,85,1,EXECUTE,published_after_gate_recheck,17.708417028188705,6.620094180107117,121.37686337619452,50.165089192849365
truth,related_same,500,86,1,EXECUTE,published_after_gate_recheck,22.86298293620348,7.547623012214899,121.37686337619452,50.165089192849365
truth,related_same,500,87,1,EXECUTE,published_after_gate_recheck,22.85062987357378,7.218366023153067,121.37686337619452,50.165089192849365
truth,related_same,500,88,1,EXECUTE,published_after_gate_recheck,17.989603336900473,5.506716202944517,121.37686337619452,50.165089192849365
truth,related_same,500,89,1,EXECUTE,published_after_gate_recheck,21.269073244184256,7.219999097287655,121.37686337619452,50.165089192849365
truth,related_same,500,90,1,EXECUTE,published_after_gate_recheck,17.547755036503077,6.444674916565418,121.37686337619452,50.165089192849365
truth,related_same,500,91,1,EXECUTE,published_after_gate_recheck,23.312275297939777,7.712352089583874,121.37686337619452,50.165089192849365
truth,related_same,500,92,1,EXECUTE,published_after_gate_recheck,17.07006013020873,6.333676632493734,121.37686337619452,50.165089192849365
truth,related_same,500,93,1,EXECUTE,published_after_gate_recheck,23.680265992879868,7.903049699962139,121.37686337619452,50.165089192849365
truth,related_same,500,94,1,EXECUTE,published_after_gate_recheck,17.046053893864155,6.350849289447069,121.37686337619452,50.165089192849365
truth,related_same,500,95,1,EXECUTE,published_after_gate_recheck,17.611495219171047,4.985027946531773,121.37686337619452,50.165089192849365
truth,related_same,500,96,1,EXECUTE,published_after_gate_recheck,22.521801758557558,6.6251130774617195,121.37686337619452,50.165089192849365
truth,related_same,500,97,1,EXECUTE,published_after_gate_recheck,17.961810808628798,6.426309701055288,121.37686337619452,50.165089192849365
truth,related_same,500,98,1,EXECUTE,published_after_gate_recheck,21.850794088095427,6.0555459931492805,121.37686337619452,50.165089192849365
truth,related_same,500,99,1,EXECUTE,published_after_gate_recheck,17.847316805273294,6.309712305665016,121.37686337619452,50.165089192849365
opa,related_same,500,0,1,EXECUTE,opa_allowed_at_gate,10.805893689393997,3.702753223478794,125.26807397707003,104.53664427513964
opa,related_same,500,1,1,EXECUTE,opa_allowed_at_gate,9.565155953168869,3.4253541380167007,125.26807397707003,104.53664427513964
opa,related_same,500,2,1,EXECUTE,opa_allowed_at_gate,8.984668180346489,2.7676899917423725,125.26807397707003,104.53664427513964
opa,related_same,500,3,1,EXECUTE,opa_allowed_at_gate,9.927446022629738,2.872596960514784,125.26807397707003,104.53664427513964
opa,related_same,500,4,1,EXECUTE,opa_allowed_at_gate,9.209219366312027,2.955302130430937,125.26807397707003,104.53664427513964
opa,related_same,500,5,1,EXECUTE,opa_allowed_at_gate,9.907409083098173,3.350342158228159,125.26807397707003,104.53664427513964
opa,related_same,500,6,1,EXECUTE,opa_allowed_at_gate,9.270593989640474,2.8497539460659027,125.26807397707003,104.53664427513964
opa,related_same,500,7,1,EXECUTE,opa_allowed_at_gate,9.61247505620122,3.4354529343545437,125.26807397707003,104.53664427513964
opa,related_same,500,8,1,EXECUTE,opa_allowed_at_gate,9.369330015033484,3.1891101971268654,125.26807397707003,104.53664427513964
opa,related_same,500,9,1,EXECUTE,opa_allowed_at_gate,9.430915117263794,2.7534030377864838,125.26807397707003,104.53664427513964
opa,related_same,500,10,1,EXECUTE,opa_allowed_at_gate,9.066140744835138,2.8978041373193264,125.26807397707003,104.53664427513964
opa,related_same,500,11,1,EXECUTE,opa_allowed_at_gate,12.29724008589983,4.575309809297323,125.26807397707003,104.53664427513964
opa,related_same,500,12,1,EXECUTE,opa_allowed_at_gate,9.510645177215338,3.1266631558537483,125.26807397707003,104.53664427513964
opa,related_same,500,13,1,EXECUTE,opa_allowed_at_gate,9.491028264164925,3.2646115869283676,125.26807397707003,104.53664427513964
opa,related_same,500,14,1,EXECUTE,opa_allowed_at_gate,10.261883027851582,3.1455978751182556,125.26807397707003,104.53664427513964
opa,related_same,500,15,1,EXECUTE,opa_allowed_at_gate,9.123879019171,3.032366279512644,125.26807397707003,104.53664427513964
opa,related_same,500,16,1,EXECUTE,opa_allowed_at_gate,9.041956160217524,3.0826800502836704,125.26807397707003,104.53664427513964
opa,related_same,500,17,1,EXECUTE,opa_allowed_at_gate,8.86882096529007,3.417487721890211,125.26807397707003,104.53664427513964
opa,related_same,500,18,1,EXECUTE,opa_allowed_at_gate,9.416047018021345,3.146951086819172,125.26807397707003,104.53664427513964
opa,related_same,500,19,1,EXECUTE,opa_allowed_at_gate,9.256677702069283,3.11742490157485,125.26807397707003,104.53664427513964
opa,related_same,500,20,1,EXECUTE,opa_allowed_at_gate,9.56789217889309,3.490895964205265,125.26807397707003,104.53664427513964
opa,related_same,500,21,1,EXECUTE,opa_allowed_at_gate,8.942679036408663,2.8486019000411034,125.26807397707003,104.53664427513964
opa,related_same,500,22,1,EXECUTE,opa_allowed_at_gate,10.250440798699856,3.3509228378534317,125.26807397707003,104.53664427513964
opa,related_same,500,23,1,EXECUTE,opa_allowed_at_gate,9.212495293468237,3.365019802004099,125.26807397707003,104.53664427513964
opa,related_same,500,24,1,EXECUTE,opa_allowed_at_gate,8.886363822966814,2.8956900350749493,125.26807397707003,104.53664427513964
opa,related_same,500,25,1,EXECUTE,opa_allowed_at_gate,9.412240236997604,3.02787683904171,125.26807397707003,104.53664427513964
opa,related_same,500,26,1,EXECUTE,opa_allowed_at_gate,8.601740002632141,2.939783036708832,125.26807397707003,104.53664427513964
opa,related_same,500,27,1,EXECUTE,opa_allowed_at_gate,9.798894170671701,3.4150839783251286,125.26807397707003,104.53664427513964
opa,related_same,500,28,1,EXECUTE,opa_allowed_at_gate,12.629443313926458,6.198684219270945,125.26807397707003,104.53664427513964
opa,related_same,500,29,1,EXECUTE,opa_allowed_at_gate,9.406027849763632,2.9586483724415302,125.26807397707003,104.53664427513964
opa,related_same,500,30,1,EXECUTE,opa_allowed_at_gate,9.311860892921686,3.089083358645439,125.26807397707003,104.53664427513964
opa,related_same,500,31,1,EXECUTE,opa_allowed_at_gate,9.515193291008472,3.3466960303485394,125.26807397707003,104.53664427513964
opa,related_same,500,32,1,EXECUTE,opa_allowed_at_gate,10.518865194171667,4.516729153692722,125.26807397707003,104.53664427513964
opa,related_same,500,33,1,EXECUTE,opa_allowed_at_gate,10.401786305010319,3.841463942080736,125.26807397707003,104.53664427513964
opa,related_same,500,34,1,EXECUTE,opa_allowed_at_gate,9.6556362695992,3.76889668405056,125.26807397707003,104.53664427513964
opa,related_same,500,35,1,EXECUTE,opa_allowed_at_gate,9.404534939676523,2.986048813909292,125.26807397707003,104.53664427513964
opa,related_same,500,36,1,EXECUTE,opa_allowed_at_gate,10.30175806954503,3.8277078419923782,125.26807397707003,104.53664427513964
opa,related_same,500,37,1,EXECUTE,opa_allowed_at_gate,9.113549254834652,3.111104015260935,125.26807397707003,104.53664427513964
opa,related_same,500,38,1,EXECUTE,opa_allowed_at_gate,9.841835126280785,3.297592978924513,125.26807397707003,104.53664427513964
opa,related_same,500,39,1,EXECUTE,opa_allowed_at_gate,9.62207280099392,3.5566091537475586,125.26807397707003,104.53664427513964
opa,related_same,500,40,1,EXECUTE,opa_allowed_at_gate,9.141431655734777,2.9298029839992523,125.26807397707003,104.53664427513964
opa,related_same,500,41,1,EXECUTE,opa_allowed_at_gate,9.309828281402588,3.1649041920900345,125.26807397707003,104.53664427513964
opa,related_same,500,42,1,EXECUTE,opa_allowed_at_gate,9.50934225693345,2.9492308385670185,125.26807397707003,104.53664427513964
opa,related_same,500,43,1,EXECUTE,opa_allowed_at_gate,9.192647878080606,3.093391191214323,125.26807397707003,104.53664427513964
opa,related_same,500,44,1,EXECUTE,opa_allowed_at_gate,9.991005063056946,3.276173956692219,125.26807397707003,104.53664427513964
opa,related_same,500,45,1,EXECUTE,opa_allowed_at_gate,9.418071247637272,3.248841967433691,125.26807397707003,104.53664427513964
opa,related_same,500,46,1,EXECUTE,opa_allowed_at_gate,9.766372852027416,2.9798480682075024,125.26807397707003,104.53664427513964
opa,related_same,500,47,1,EXECUTE,opa_allowed_at_gate,9.451583959162235,3.3886837773025036,125.26807397707003,104.53664427513964
opa,related_same,500,48,1,EXECUTE,opa_allowed_at_gate,9.54546919092536,2.994065172970295,125.26807397707003,104.53664427513964
opa,related_same,500,49,1,EXECUTE,opa_allowed_at_gate,9.677616879343987,3.165746107697487,125.26807397707003,104.53664427513964
opa,related_same,500,50,1,EXECUTE,opa_allowed_at_gate,10.410931892693043,3.6870441399514675,125.26807397707003,104.53664427513964
opa,related_same,500,51,1,EXECUTE,opa_allowed_at_gate,9.471200872212648,3.3042170107364655,125.26807397707003,104.53664427513964
opa,related_same,500,52,1,EXECUTE,opa_allowed_at_gate,9.710528887808323,3.322981297969818,125.26807397707003,104.53664427513964
opa,related_same,500,53,1,EXECUTE,opa_allowed_at_gate,10.276539716869593,4.261652007699013,125.26807397707003,104.53664427513964
opa,related_same,500,54,1,EXECUTE,opa_allowed_at_gate,9.516263846307993,3.4706881269812584,125.26807397707003,104.53664427513964
opa,related_same,500,55,1,EXECUTE,opa_allowed_at_gate,9.580736048519611,3.1119948253035545,125.26807397707003,104.53664427513964
opa,related_same,500,56,1,EXECUTE,opa_allowed_at_gate,9.105113800615072,3.1583220697939396,125.26807397707003,104.53664427513964
opa,related_same,500,57,1,EXECUTE,opa_allowed_at_gate,9.734513703733683,3.477770835161209,125.26807397707003,104.53664427513964
opa,related_same,500,58,1,EXECUTE,opa_allowed_at_gate,9.673350024968386,3.432386089116335,125.26807397707003,104.53664427513964
opa,related_same,500,59,1,EXECUTE,opa_allowed_at_gate,9.743710979819298,2.957455813884735,125.26807397707003,104.53664427513964
opa,related_same,500,60,1,EXECUTE,opa_allowed_at_gate,9.729675017297268,3.1017763540148735,125.26807397707003,104.53664427513964
opa,related_same,500,61,1,EXECUTE,opa_allowed_at_gate,11.258872225880623,4.386465065181255,125.26807397707003,104.53664427513964
opa,related_same,500,62,1,EXECUTE,opa_allowed_at_gate,9.829912800341845,3.371722996234894,125.26807397707003,104.53664427513964
opa,related_same,500,63,1,EXECUTE,opa_allowed_at_gate,9.376361966133118,2.898816019296646,125.26807397707003,104.53664427513964
opa,related_same,500,64,1,EXECUTE,opa_allowed_at_gate,9.481979999691248,3.2696411944925785,125.26807397707003,104.53664427513964
opa,related_same,500,65,1,EXECUTE,opa_allowed_at_gate,9.46860620751977,3.154435195028782,125.26807397707003,104.53664427513964
opa,related_same,500,66,1,EXECUTE,opa_allowed_at_gate,9.151981677860022,3.0985912308096886,125.26807397707003,104.53664427513964
opa,related_same,500,67,1,EXECUTE,opa_allowed_at_gate,9.136131964623928,3.2853097654879093,125.26807397707003,104.53664427513964
opa,related_same,500,68,1,EXECUTE,opa_allowed_at_gate,9.302204009145498,2.9556923545897007,125.26807397707003,104.53664427513964
opa,related_same,500,69,1,EXECUTE,opa_allowed_at_gate,9.04213497415185,3.1081284396350384,125.26807397707003,104.53664427513964
opa,related_same,500,70,1,EXECUTE,opa_allowed_at_gate,9.357767645269632,3.2008220441639423,125.26807397707003,104.53664427513964
opa,related_same,500,71,1,EXECUTE,opa_allowed_at_gate,9.282706771045923,3.180313855409622,125.26807397707003,104.53664427513964
opa,related_same,500,72,1,EXECUTE,opa_allowed_at_gate,8.8568776845932,3.0411221086978912,125.26807397707003,104.53664427513964
opa,related_same,500,73,1,EXECUTE,opa_allowed_at_gate,9.12773609161377,2.989174798130989,125.26807397707003,104.53664427513964
opa,related_same,500,74,1,EXECUTE,opa_allowed_at_gate,9.546100161969662,3.6155497655272484,125.26807397707003,104.53664427513964
opa,related_same,500,75,1,EXECUTE,opa_allowed_at_gate,8.786806836724281,2.872165758162737,125.26807397707003,104.53664427513964
opa,related_same,500,76,1,EXECUTE,opa_allowed_at_gate,10.129405185580254,3.3127418719232082,125.26807397707003,104.53664427513964
opa,related_same,500,77,1,EXECUTE,opa_allowed_at_gate,8.299032226204872,2.626304980367422,125.26807397707003,104.53664427513964
opa,related_same,500,78,1,EXECUTE,opa_allowed_at_gate,9.155228268355131,3.0832509510219097,125.26807397707003,104.53664427513964
opa,related_same,500,79,1,EXECUTE,opa_allowed_at_gate,8.966003078967333,2.9991939663887024,125.26807397707003,104.53664427513964
opa,related_same,500,80,1,EXECUTE,opa_allowed_at_gate,8.901251014322042,2.9087141156196594,125.26807397707003,104.53664427513964
opa,related_same,500,81,1,EXECUTE,opa_allowed_at_gate,9.62070096284151,3.2468088902533054,125.26807397707003,104.53664427513964
opa,related_same,500,82,1,EXECUTE,opa_allowed_at_gate,9.638383984565735,3.1518000178039074,125.26807397707003,104.53664427513964
opa,related_same,500,83,1,EXECUTE,opa_allowed_at_gate,9.30740311741829,3.4623718820512295,125.26807397707003,104.53664427513964
opa,related_same,500,84,1,EXECUTE,opa_allowed_at_gate,9.104421827942133,3.2822443172335625,125.26807397707003,104.53664427513964
opa,related_same,500,85,1,EXECUTE,opa_allowed_at_gate,9.109321981668472,2.988764550536871,125.26807397707003,104.53664427513964
opa,related_same,500,86,1,EXECUTE,opa_allowed_at_gate,8.332284167408943,3.0218567699193954,125.26807397707003,104.53664427513964
opa,related_same,500,87,1,EXECUTE,opa_allowed_at_gate,9.551500901579857,3.413211088627577,125.26807397707003,104.53664427513964
opa,related_same,500,88,1,EXECUTE,opa_allowed_at_gate,8.458061143755913,3.016205970197916,125.26807397707003,104.53664427513964
opa,related_same,500,89,1,EXECUTE,opa_allowed_at_gate,9.336147923022509,3.380008041858673,125.26807397707003,104.53664427513964
opa,related_same,500,90,1,EXECUTE,opa_allowed_at_gate,9.418911766260862,3.3194245770573616,125.26807397707003,104.53664427513964
opa,related_same,500,91,1,EXECUTE,opa_allowed_at_gate,9.469886776059866,3.176976926624775,125.26807397707003,104.53664427513964
opa,related_same,500,92,1,EXECUTE,opa_allowed_at_gate,9.8805483430624,3.5107028670608997,125.26807397707003,104.53664427513964
opa,related_same,500,93,1,EXECUTE,opa_allowed_at_gate,10.12977585196495,3.4251129254698753,125.26807397707003,104.53664427513964
opa,related_same,500,94,1,EXECUTE,opa_allowed_at_gate,8.713428862392902,2.8249970637261868,125.26807397707003,104.53664427513964
opa,related_same,500,95,1,EXECUTE,opa_allowed_at_gate,9.223485831171274,3.2147779129445553,125.26807397707003,104.53664427513964
opa,related_same,500,96,1,EXECUTE,opa_allowed_at_gate,8.634340949356556,2.9399432241916656,125.26807397707003,104.53664427513964
opa,related_same,500,97,1,EXECUTE,opa_allowed_at_gate,9.19868890196085,2.9419870115816593,125.26807397707003,104.53664427513964
opa,related_same,500,98,1,EXECUTE,opa_allowed_at_gate,9.256457909941673,2.992281224578619,125.26807397707003,104.53664427513964
opa,related_same,500,99,1,EXECUTE,opa_allowed_at_gate,9.3827941454947,3.0847438611090183,125.26807397707003,104.53664427513964
opa_readset,related_same,500,0,1,EXECUTE,opa_allowed_at_gate,10.013917926698923,3.3996249549090862,129.35695895203963,107.34834880516334
opa_readset,related_same,500,1,1,EXECUTE,opa_allowed_at_gate,9.335815906524658,2.9587489552795887,129.35695895203963,107.34834880516334
opa_readset,related_same,500,2,1,EXECUTE,opa_allowed_at_gate,9.16139967739582,3.1956019811332226,129.35695895203963,107.34834880516334
opa_readset,related_same,500,3,1,EXECUTE,opa_allowed_at_gate,8.720973040908575,2.659647725522518,129.35695895203963,107.34834880516334
opa_readset,related_same,500,4,1,EXECUTE,opa_allowed_at_gate,9.402841795235872,3.2393839210271835,129.35695895203963,107.34834880516334
opa_readset,related_same,500,5,1,EXECUTE,opa_allowed_at_gate,8.864703122526407,2.9746079817414284,129.35695895203963,107.34834880516334
opa_readset,related_same,500,6,1,EXECUTE,opa_allowed_at_gate,8.848082274198532,2.921959850937128,129.35695895203963,107.34834880516334
opa_readset,related_same,500,7,1,EXECUTE,opa_allowed_at_gate,8.78424197435379,2.783210016787052,129.35695895203963,107.34834880516334
opa_readset,related_same,500,8,1,EXECUTE,opa_allowed_at_gate,9.366653859615326,3.389907069504261,129.35695895203963,107.34834880516334
opa_readset,related_same,500,9,1,EXECUTE,opa_allowed_at_gate,8.637527003884315,2.8785280883312225,129.35695895203963,107.34834880516334
opa_readset,related_same,500,10,1,EXECUTE,opa_allowed_at_gate,9.449961129575968,2.7891513891518116,129.35695895203963,107.34834880516334
opa_readset,related_same,500,11,1,EXECUTE,opa_allowed_at_gate,8.643136825412512,3.037424758076668,129.35695895203963,107.34834880516334
opa_readset,related_same,500,12,1,EXECUTE,opa_allowed_at_gate,9.635609108954668,3.2635489478707314,129.35695895203963,107.34834880516334
opa_readset,related_same,500,13,1,EXECUTE,opa_allowed_at_gate,9.544056840240955,2.9361159540712833,129.35695895203963,107.34834880516334
opa_readset,related_same,500,14,1,EXECUTE,opa_allowed_at_gate,9.851213078945875,3.3169598318636417,129.35695895203963,107.34834880516334
opa_readset,related_same,500,15,1,EXECUTE,opa_allowed_at_gate,9.15130041539669,3.1846119090914726,129.35695895203963,107.34834880516334
opa_readset,related_same,500,16,1,EXECUTE,opa_allowed_at_gate,8.938190061599016,2.679815050214529,129.35695895203963,107.34834880516334
opa_readset,related_same,500,17,1,EXECUTE,opa_allowed_at_gate,9.825002867728472,3.203798085451126,129.35695895203963,107.34834880516334
opa_readset,related_same,500,18,1,EXECUTE,opa_allowed_at_gate,9.319936856627464,3.4810081124305725,129.35695895203963,107.34834880516334
opa_readset,related_same,500,19,1,EXECUTE,opa_allowed_at_gate,9.153936058282852,3.084935247898102,129.35695895203963,107.34834880516334
opa_readset,related_same,500,20,1,EXECUTE,opa_allowed_at_gate,9.317412041127682,3.175834659487009,129.35695895203963,107.34834880516334
opa_readset,related_same,500,21,1,EXECUTE,opa_allowed_at_gate,9.833529125899076,3.453184850513935,129.35695895203963,107.34834880516334
opa_readset,related_same,500,22,1,EXECUTE,opa_allowed_at_gate,9.009003639221191,2.7002529241144657,129.35695895203963,107.34834880516334
opa_readset,related_same,500,23,1,EXECUTE,opa_allowed_at_gate,9.554556105285883,2.930545248091221,129.35695895203963,107.34834880516334
opa_readset,related_same,500,24,1,EXECUTE,opa_allowed_at_gate,9.459758643060923,3.023739904165268,129.35695895203963,107.34834880516334
opa_readset,related_same,500,25,1,EXECUTE,opa_allowed_at_gate,9.132856037467718,2.88957916200161,129.35695895203963,107.34834880516334
opa_readset,related_same,500,26,1,EXECUTE,opa_allowed_at_gate,9.456492029130459,2.968577202409506,129.35695895203963,107.34834880516334
opa_readset,related_same,500,27,1,EXECUTE,opa_allowed_at_gate,9.193239267915487,3.270994406193495,129.35695895203963,107.34834880516334
opa_readset,related_same,500,28,1,EXECUTE,opa_allowed_at_gate,9.023851249366999,3.1860950402915478,129.35695895203963,107.34834880516334
opa_readset,related_same,500,29,1,EXECUTE,opa_allowed_at_gate,9.421066381037235,3.221231047064066,129.35695895203963,107.34834880516334
opa_readset,related_same,500,30,1,EXECUTE,opa_allowed_at_gate,8.707317989319563,2.8158011846244335,129.35695895203963,107.34834880516334
opa_readset,related_same,500,31,1,EXECUTE,opa_allowed_at_gate,9.366382844746113,3.163411747664213,129.35695895203963,107.34834880516334
opa_readset,related_same,500,32,1,EXECUTE,opa_allowed_at_gate,8.9052589610219,3.172309137880802,129.35695895203963,107.34834880516334
opa_readset,related_same,500,33,1,EXECUTE,opa_allowed_at_gate,9.018742013722658,2.9275999404489994,129.35695895203963,107.34834880516334
opa_readset,related_same,500,34,1,EXECUTE,opa_allowed_at_gate,8.757021278142929,2.620493061840534,129.35695895203963,107.34834880516334
opa_readset,related_same,500,35,1,EXECUTE,opa_allowed_at_gate,11.58007513731718,3.445760812610388,129.35695895203963,107.34834880516334
opa_readset,related_same,500,36,1,EXECUTE,opa_allowed_at_gate,9.335997048765421,3.201484214514494,129.35695895203963,107.34834880516334
opa_readset,related_same,500,37,1,EXECUTE,opa_allowed_at_gate,8.595377672463655,2.872907090932131,129.35695895203963,107.34834880516334
opa_readset,related_same,500,38,1,EXECUTE,opa_allowed_at_gate,9.595203213393688,2.869952004402876,129.35695895203963,107.34834880516334
opa_readset,related_same,500,39,1,EXECUTE,opa_allowed_at_gate,9.06818499788642,3.007268998771906,129.35695895203963,107.34834880516334
opa_readset,related_same,500,40,1,EXECUTE,opa_allowed_at_gate,9.278680197894573,3.19168483838439,129.35695895203963,107.34834880516334
opa_readset,related_same,500,41,1,EXECUTE,opa_allowed_at_gate,9.228795766830444,2.9402226209640503,129.35695895203963,107.34834880516334
opa_readset,related_same,500,42,1,EXECUTE,opa_allowed_at_gate,9.14596114307642,3.013359848409891,129.35695895203963,107.34834880516334
opa_readset,related_same,500,43,1,EXECUTE,opa_allowed_at_gate,8.696898352354765,3.1145508401095867,129.35695895203963,107.34834880516334
opa_readset,related_same,500,44,1,EXECUTE,opa_allowed_at_gate,9.847857058048248,2.9794066213071346,129.35695895203963,107.34834880516334
opa_readset,related_same,500,45,1,EXECUTE,opa_allowed_at_gate,9.091578423976898,2.940984908491373,129.35695895203963,107.34834880516334
opa_readset,related_same,500,46,1,EXECUTE,opa_allowed_at_gate,9.13223484531045,2.9782247729599476,129.35695895203963,107.34834880516334
opa_readset,related_same,500,47,1,EXECUTE,opa_allowed_at_gate,8.67467699572444,2.921519335359335,129.35695895203963,107.34834880516334
opa_readset,related_same,500,48,1,EXECUTE,opa_allowed_at_gate,9.377474896609783,3.0852751806378365,129.35695895203963,107.34834880516334
opa_readset,related_same,500,49,1,EXECUTE,opa_allowed_at_gate,9.424703195691109,3.576948307454586,129.35695895203963,107.34834880516334
opa_readset,related_same,500,50,1,EXECUTE,opa_allowed_at_gate,9.091658052057028,3.043597098439932,129.35695895203963,107.34834880516334
opa_readset,related_same,500,51,1,EXECUTE,opa_allowed_at_gate,9.73009504377842,3.3966992050409317,129.35695895203963,107.34834880516334
opa_readset,related_same,500,52,1,EXECUTE,opa_allowed_at_gate,9.266305714845657,3.2825651578605175,129.35695895203963,107.34834880516334
opa_readset,related_same,500,53,1,EXECUTE,opa_allowed_at_gate,9.279801044613123,3.115702886134386,129.35695895203963,107.34834880516334
opa_readset,related_same,500,54,1,EXECUTE,opa_allowed_at_gate,9.31846396997571,3.1410199590027332,129.35695895203963,107.34834880516334
opa_readset,related_same,500,55,1,EXECUTE,opa_allowed_at_gate,9.931975044310093,3.526683896780014,129.35695895203963,107.34834880516334
opa_readset,related_same,500,56,1,EXECUTE,opa_allowed_at_gate,9.033118840306997,3.5876668989658356,129.35695895203963,107.34834880516334
opa_readset,related_same,500,57,1,EXECUTE,opa_allowed_at_gate,9.454869665205479,3.141160123050213,129.35695895203963,107.34834880516334
opa_readset,related_same,500,58,1,EXECUTE,opa_allowed_at_gate,9.396260138601065,3.1308308243751526,129.35695895203963,107.34834880516334
opa_readset,related_same,500,59,1,EXECUTE,opa_allowed_at_gate,9.895435068756342,3.5725398920476437,129.35695895203963,107.34834880516334
opa_readset,related_same,500,60,1,EXECUTE,opa_allowed_at_gate,9.367807302623987,3.0777910724282265,129.35695895203963,107.34834880516334
opa_readset,related_same,500,61,1,EXECUTE,opa_allowed_at_gate,9.189421776682138,3.165505826473236,129.35695895203963,107.34834880516334
opa_readset,related_same,500,62,1,EXECUTE,opa_allowed_at_gate,9.20878816395998,2.936046104878187,129.35695895203963,107.34834880516334
opa_readset,related_same,500,63,1,EXECUTE,opa_allowed_at_gate,9.921714663505554,3.11246607452631,129.35695895203963,107.34834880516334
opa_readset,related_same,500,64,1,EXECUTE,opa_allowed_at_gate,9.923388250172138,3.209979273378849,129.35695895203963,107.34834880516334
opa_readset,related_same,500,65,1,EXECUTE,opa_allowed_at_gate,9.682525880634785,3.176185768097639,129.35695895203963,107.34834880516334
opa_readset,related_same,500,66,1,EXECUTE,opa_allowed_at_gate,8.805121295154095,3.065739292651415,129.35695895203963,107.34834880516334
opa_readset,related_same,500,67,1,EXECUTE,opa_allowed_at_gate,9.00264224037528,3.071499988436699,129.35695895203963,107.34834880516334
opa_readset,related_same,500,68,1,EXECUTE,opa_allowed_at_gate,9.134688880294561,2.949882298707962,129.35695895203963,107.34834880516334
opa_readset,related_same,500,69,1,EXECUTE,opa_allowed_at_gate,8.997772820293903,3.1182467937469482,129.35695895203963,107.34834880516334
opa_readset,related_same,500,70,1,EXECUTE,opa_allowed_at_gate,8.90684174373746,3.107897937297821,129.35695895203963,107.34834880516334
opa_readset,related_same,500,71,1,EXECUTE,opa_allowed_at_gate,9.347598068416119,3.2490529119968414,129.35695895203963,107.34834880516334
opa_readset,related_same,500,72,1,EXECUTE,opa_allowed_at_gate,8.890191093087196,2.778459805995226,129.35695895203963,107.34834880516334
opa_readset,related_same,500,73,1,EXECUTE,opa_allowed_at_gate,8.977774996310472,2.7741719968616962,129.35695895203963,107.34834880516334
opa_readset,related_same,500,74,1,EXECUTE,opa_allowed_at_gate,9.037396870553493,2.783448901027441,129.35695895203963,107.34834880516334
opa_readset,related_same,500,75,1,EXECUTE,opa_allowed_at_gate,9.429250843822956,3.4857061691582203,129.35695895203963,107.34834880516334
opa_readset,related_same,500,76,1,EXECUTE,opa_allowed_at_gate,9.041995741426945,3.1391368247568607,129.35695895203963,107.34834880516334
opa_readset,related_same,500,77,1,EXECUTE,opa_allowed_at_gate,10.24564215913415,3.1383149325847626,129.35695895203963,107.34834880516334
opa_readset,related_same,500,78,1,EXECUTE,opa_allowed_at_gate,9.279460646212101,3.1472109258174896,129.35695895203963,107.34834880516334
opa_readset,related_same,500,79,1,EXECUTE,opa_allowed_at_gate,9.978692047297955,3.361043054610491,129.35695895203963,107.34834880516334
opa_readset,related_same,500,80,1,EXECUTE,opa_allowed_at_gate,9.390819817781448,3.5270140506327152,129.35695895203963,107.34834880516334
opa_readset,related_same,500,81,1,EXECUTE,opa_allowed_at_gate,9.04780626296997,3.0767302960157394,129.35695895203963,107.34834880516334
opa_readset,related_same,500,82,1,EXECUTE,opa_allowed_at_gate,8.986901957541704,2.8304466977715492,129.35695895203963,107.34834880516334
opa_readset,related_same,500,83,1,EXECUTE,opa_allowed_at_gate,9.390679188072681,2.965149935334921,129.35695895203963,107.34834880516334
opa_readset,related_same,500,84,1,EXECUTE,opa_allowed_at_gate,8.575611282140017,2.9615028761327267,129.35695895203963,107.34834880516334
opa_readset,related_same,500,85,1,EXECUTE,opa_allowed_at_gate,9.170426987111568,3.112026024609804,129.35695895203963,107.34834880516334
opa_readset,related_same,500,86,1,EXECUTE,opa_allowed_at_gate,9.279040154069662,2.9405937530100346,129.35695895203963,107.34834880516334
opa_readset,related_same,500,87,1,EXECUTE,opa_allowed_at_gate,9.407790843397379,2.9697190038859844,129.35695895203963,107.34834880516334
opa_readset,related_same,500,88,1,EXECUTE,opa_allowed_at_gate,8.755709044635296,2.783298958092928,129.35695895203963,107.34834880516334
opa_readset,related_same,500,89,1,EXECUTE,opa_allowed_at_gate,8.832783903926611,2.661149948835373,129.35695895203963,107.34834880516334
opa_readset,related_same,500,90,1,EXECUTE,opa_allowed_at_gate,8.877066895365715,3.05061973631382,129.35695895203963,107.34834880516334
opa_readset,related_same,500,91,1,EXECUTE,opa_allowed_at_gate,9.162530768662691,3.276974894106388,129.35695895203963,107.34834880516334
opa_readset,related_same,500,92,1,EXECUTE,opa_allowed_at_gate,8.995759300887585,2.973465248942375,129.35695895203963,107.34834880516334
opa_readset,related_same,500,93,1,EXECUTE,opa_allowed_at_gate,9.094634093344212,2.9151467606425285,129.35695895203963,107.34834880516334
opa_readset,related_same,500,94,1,EXECUTE,opa_allowed_at_gate,9.172270074486732,2.967794891446829,129.35695895203963,107.34834880516334
opa_readset,related_same,500,95,1,EXECUTE,opa_allowed_at_gate,8.473700378090143,2.5783847086131573,129.35695895203963,107.34834880516334
opa_readset,related_same,500,96,1,EXECUTE,opa_allowed_at_gate,9.739974979311228,3.391569945961237,129.35695895203963,107.34834880516334
opa_readset,related_same,500,97,1,EXECUTE,opa_allowed_at_gate,9.448969271034002,3.7086638621985912,129.35695895203963,107.34834880516334
opa_readset,related_same,500,98,1,EXECUTE,opa_allowed_at_gate,9.638464078307152,3.1312708742916584,129.35695895203963,107.34834880516334
opa_readset,related_same,500,99,1,EXECUTE,opa_allowed_at_gate,8.750829380005598,2.794350031763315,129.35695895203963,107.34834880516334
