version_scope,pattern,target_rate_hz,run,gateway_released,outcome,reason,e2e_latency_ms,validation_to_gate_ms,achieved_rate_hz,goodput_ips
global,unrelated,0.0,0,1,EXECUTE,published_after_gate_recheck,508.3582028746605,122.47183301951736,0.0,0.9684865369262876
global,unrelated,0.0,1,1,EXECUTE,published_after_gate_recheck,495.4590993002057,122.46508296811953,0.0,0.9684865369262876
global,unrelated,0.0,2,1,EXECUTE,published_after_gate_recheck,492.37910099327564,123.44200001098216,0.0,0.9684865369262876
global,unrelated,0.0,3,1,EXECUTE,published_after_gate_recheck,491.9666666537523,122.27816600352526,0.0,0.9684865369262876
global,unrelated,0.0,4,1,EXECUTE,published_after_gate_recheck,493.1203522719443,122.26308300159872,0.0,0.9684865369262876
global,unrelated,0.0,5,1,EXECUTE,published_after_gate_recheck,493.99604415521026,121.8164999736473,0.0,0.9684865369262876
global,unrelated,0.0,6,1,EXECUTE,published_after_gate_recheck,494.23620430752635,125.52054197294638,0.0,0.9684865369262876
global,unrelated,0.0,7,1,EXECUTE,published_after_gate_recheck,491.96367245167494,123.00374999176711,0.0,0.9684865369262876
global,unrelated,0.0,8,1,EXECUTE,published_after_gate_recheck,491.6438218206167,122.54808301804587,0.0,0.9684865369262876
global,unrelated,0.0,9,1,EXECUTE,published_after_gate_recheck,1193.6658816412091,329.17749998159707,0.0,0.9684865369262876
global,unrelated,0.0,10,1,EXECUTE,published_after_gate_recheck,1556.2143120914698,368.12091700267047,0.0,0.9684865369262876
global,unrelated,0.0,11,1,EXECUTE,published_after_gate_recheck,1523.3431137166917,388.2638330105692,0.0,0.9684865369262876
global,unrelated,0.0,12,1,EXECUTE,published_after_gate_recheck,1681.375953834504,426.2919999891892,0.0,0.9684865369262876
global,unrelated,0.0,13,1,EXECUTE,published_after_gate_recheck,1564.3038260750473,342.99291705247015,0.0,0.9684865369262876
global,unrelated,0.0,14,1,EXECUTE,published_after_gate_recheck,1420.0161481276155,357.721375010442,0.0,0.9684865369262876
global,unrelated,0.0,15,1,EXECUTE,published_after_gate_recheck,1494.177486281842,376.6423749621026,0.0,0.9684865369262876
global,unrelated,0.0,16,1,EXECUTE,published_after_gate_recheck,1547.8575369343162,391.8307079584338,0.0,0.9684865369262876
global,unrelated,0.0,17,1,EXECUTE,published_after_gate_recheck,1563.7778998352587,391.44004200352356,0.0,0.9684865369262876
global,unrelated,0.0,18,1,EXECUTE,published_after_gate_recheck,1563.0197781138122,390.0187920080498,0.0,0.9684865369262876
global,unrelated,0.0,19,1,EXECUTE,published_after_gate_recheck,1560.232890304178,389.31016699643806,0.0,0.9684865369262876
global,unrelated,0.0,20,1,EXECUTE,published_after_gate_recheck,1595.1815862208605,398.55570800136775,0.0,0.9684865369262876
global,unrelated,0.0,21,1,EXECUTE,published_after_gate_recheck,1644.8519951663911,415.61908402945846,0.0,0.9684865369262876
global,unrelated,0.0,22,1,EXECUTE,published_after_gate_recheck,1690.545704215765,444.39570797840133,0.0,0.9684865369262876
global,unrelated,0.0,23,1,EXECUTE,published_after_gate_recheck,1420.2807541005313,361.7365419631824,0.0,0.9684865369262876
global,unrelated,0.0,24,1,EXECUTE,published_after_gate_recheck,1583.4578140638769,400.78974998323247,0.0,0.9684865369262876
global,unrelated,0.0,25,1,EXECUTE,published_after_gate_recheck,1687.3957961797714,428.3127919770777,0.0,0.9684865369262876
global,unrelated,0.0,26,1,EXECUTE,published_after_gate_recheck,1690.3999019414186,443.12970800092444,0.0,0.9684865369262876
global,unrelated,0.0,27,1,EXECUTE,published_after_gate_recheck,1381.4320140518248,350.9911659639329,0.0,0.9684865369262876
global,unrelated,0.0,28,1,EXECUTE,published_after_gate_recheck,739.1165299341083,125.51099999109283,0.0,0.9684865369262876
global,unrelated,0.0,29,1,EXECUTE,published_after_gate_recheck,491.99249502271414,122.07212502835318,0.0,0.9684865369262876
global,unrelated,0.0,30,1,EXECUTE,published_after_gate_recheck,492.3518802970648,121.76629202440381,0.0,0.9684865369262876
global,unrelated,0.0,31,1,EXECUTE,published_after_gate_recheck,499.6058358810842,125.8564589661546,0.0,0.9684865369262876
global,unrelated,0.0,32,1,EXECUTE,published_after_gate_recheck,493.497368413955,123.45050001749769,0.0,0.9684865369262876
global,unrelated,0.0,33,1,EXECUTE,published_after_gate_recheck,495.35196693614125,122.53849999979138,0.0,0.9684865369262876
global,unrelated,0.0,34,1,EXECUTE,published_after_gate_recheck,490.8834449015558,121.94925005314872,0.0,0.9684865369262876
global,unrelated,0.0,35,1,EXECUTE,published_after_gate_recheck,498.1128768995404,123.69483296060935,0.0,0.9684865369262876
global,unrelated,0.0,36,1,EXECUTE,published_after_gate_recheck,491.96057906374335,122.3511669668369,0.0,0.9684865369262876
global,unrelated,0.0,37,1,EXECUTE,published_after_gate_recheck,500.53368229418993,122.47712496900931,0.0,0.9684865369262876
global,unrelated,0.0,38,1,EXECUTE,published_after_gate_recheck,498.53007309138775,123.95970802754164,0.0,0.9684865369262876
global,unrelated,0.0,39,1,EXECUTE,published_after_gate_recheck,493.52518608793616,124.27749997004867,0.0,0.9684865369262876
global,unrelated,0.0,40,1,EXECUTE,published_after_gate_recheck,497.9584710672498,123.16662503872067,0.0,0.9684865369262876
global,unrelated,0.0,41,1,EXECUTE,published_after_gate_recheck,498.71688382700086,126.49049999890849,0.0,0.9684865369262876
global,unrelated,0.0,42,1,EXECUTE,published_after_gate_recheck,495.0698418542743,124.27620799280703,0.0,0.9684865369262876
global,unrelated,0.0,43,1,EXECUTE,published_after_gate_recheck,497.95547500252724,122.80841695610434,0.0,0.9684865369262876
global,unrelated,0.0,44,1,EXECUTE,published_after_gate_recheck,498.1946940533817,124.41266694804654,0.0,0.9684865369262876
global,unrelated,0.0,45,1,EXECUTE,published_after_gate_recheck,493.2931000366807,123.3219169662334,0.0,0.9684865369262876
global,unrelated,0.0,46,1,EXECUTE,published_after_gate_recheck,1343.9218956045806,448.0779169825837,0.0,0.9684865369262876
global,unrelated,0.0,47,1,EXECUTE,published_after_gate_recheck,2447.697595693171,359.73974998341873,0.0,0.9684865369262876
global,unrelated,0.0,48,1,EXECUTE,published_after_gate_recheck,1267.7158219739795,316.3965829880908,0.0,0.9684865369262876
global,unrelated,0.0,49,1,EXECUTE,published_after_gate_recheck,1177.1446629427373,291.5284169721417,0.0,0.9684865369262876
global,unrelated,0.0,50,1,EXECUTE,published_after_gate_recheck,1209.8847050219774,309.7425830201246,0.0,0.9684865369262876
global,unrelated,0.0,51,1,EXECUTE,published_after_gate_recheck,1201.0837057605386,292.4982499680482,0.0,0.9684865369262876
global,unrelated,0.0,52,1,EXECUTE,published_after_gate_recheck,1160.6822330504656,289.04875001171604,0.0,0.9684865369262876
global,unrelated,0.0,53,1,EXECUTE,published_after_gate_recheck,676.9168148748577,126.5276669873856,0.0,0.9684865369262876
global,unrelated,0.0,54,1,EXECUTE,published_after_gate_recheck,1032.380510121584,280.37950000725687,0.0,0.9684865369262876
global,unrelated,0.0,55,1,EXECUTE,published_after_gate_recheck,1117.6558253355324,276.0873330407776,0.0,0.9684865369262876
global,unrelated,0.0,56,1,EXECUTE,published_after_gate_recheck,1098.1682906858623,273.73075002105907,0.0,0.9684865369262876
global,unrelated,0.0,57,1,EXECUTE,published_after_gate_recheck,1127.933924086392,280.222125002183,0.0,0.9684865369262876
global,unrelated,0.0,58,1,EXECUTE,published_after_gate_recheck,1116.8788680806756,278.4523750306107,0.0,0.9684865369262876
global,unrelated,0.0,59,1,EXECUTE,published_after_gate_recheck,1107.5818189419806,275.0679590390064,0.0,0.9684865369262876
global,unrelated,0.0,60,1,EXECUTE,published_after_gate_recheck,1107.9320558346808,273.63125002011657,0.0,0.9684865369262876
global,unrelated,0.0,61,1,EXECUTE,published_after_gate_recheck,1121.1935612373054,280.1173750194721,0.0,0.9684865369262876
global,unrelated,0.0,62,1,EXECUTE,published_after_gate_recheck,1051.81471304968,280.98183404654264,0.0,0.9684865369262876
global,unrelated,0.0,63,1,EXECUTE,published_after_gate_recheck,618.2316960766912,163.21462503401563,0.0,0.9684865369262876
global,unrelated,0.0,64,1,EXECUTE,published_after_gate_recheck,1080.6914712302387,281.5395829966292,0.0,0.9684865369262876
global,unrelated,0.0,65,1,EXECUTE,published_after_gate_recheck,1107.5810370966792,277.9884170158766,0.0,0.9684865369262876
global,unrelated,0.0,66,1,EXECUTE,published_after_gate_recheck,1123.2017381116748,281.6188340075314,0.0,0.9684865369262876
global,unrelated,0.0,67,1,EXECUTE,published_after_gate_recheck,1109.6040420234203,279.7860000282526,0.0,0.9684865369262876
global,unrelated,0.0,68,1,EXECUTE,published_after_gate_recheck,1119.8836639523506,276.71900001587346,0.0,0.9684865369262876
global,unrelated,0.0,69,1,EXECUTE,published_after_gate_recheck,1349.669437855482,337.3317919904366,0.0,0.9684865369262876
global,unrelated,0.0,70,1,EXECUTE,published_after_gate_recheck,1574.1753871552646,494.41779201151803,0.0,0.9684865369262876
global,unrelated,0.0,71,1,EXECUTE,published_after_gate_recheck,1120.6671237014234,283.55187497800216,0.0,0.9684865369262876
global,unrelated,0.0,72,1,EXECUTE,published_after_gate_recheck,610.4522328823805,135.97333402140066,0.0,0.9684865369262876
global,unrelated,0.0,73,1,EXECUTE,published_after_gate_recheck,1076.625272165984,281.2013340299018,0.0,0.9684865369262876
global,unrelated,0.0,74,1,EXECUTE,published_after_gate_recheck,1196.9735859893262,319.3693749490194,0.0,0.9684865369262876
global,unrelated,0.0,75,1,EXECUTE,published_after_gate_recheck,1106.1709318310022,270.79995902022347,0.0,0.9684865369262876
global,unrelated,0.0,76,1,EXECUTE,published_after_gate_recheck,1108.441882301122,275.71008302038535,0.0,0.9684865369262876
global,unrelated,0.0,77,1,EXECUTE,published_after_gate_recheck,1109.785441774875,277.58691599592566,0.0,0.9684865369262876
global,unrelated,0.0,78,1,EXECUTE,published_after_gate_recheck,1128.8033253513277,284.0187079855241,0.0,0.9684865369262876
global,unrelated,0.0,79,1,EXECUTE,published_after_gate_recheck,1105.3148261271417,278.59162498498335,0.0,0.9684865369262876
global,unrelated,0.0,80,1,EXECUTE,published_after_gate_recheck,1126.3818331062794,288.2611670065671,0.0,0.9684865369262876
global,unrelated,0.0,81,1,EXECUTE,published_after_gate_recheck,972.5389908999205,254.89408400608227,0.0,0.9684865369262876
global,unrelated,0.0,82,1,EXECUTE,published_after_gate_recheck,768.8340493477881,209.19595897430554,0.0,0.9684865369262876
global,unrelated,0.0,83,1,EXECUTE,published_after_gate_recheck,1121.3383432477713,278.91133300727233,0.0,0.9684865369262876
global,unrelated,0.0,84,1,EXECUTE,published_after_gate_recheck,1101.6672449186444,273.30529200844467,0.0,0.9684865369262876
global,unrelated,0.0,85,1,EXECUTE,published_after_gate_recheck,1118.1253059767187,274.5559170143679,0.0,0.9684865369262876
global,unrelated,0.0,86,1,EXECUTE,published_after_gate_recheck,1128.526376094669,279.0442080004141,0.0,0.9684865369262876
global,unrelated,0.0,87,1,EXECUTE,published_after_gate_recheck,1102.203831076622,272.9878329555504,0.0,0.9684865369262876
global,unrelated,0.0,88,1,EXECUTE,published_after_gate_recheck,1111.2944232299924,283.40195905184373,0.0,0.9684865369262876
global,unrelated,0.0,89,1,EXECUTE,published_after_gate_recheck,1124.9759658239782,278.27375003835186,0.0,0.9684865369262876
global,unrelated,0.0,90,1,EXECUTE,published_after_gate_recheck,1120.603664778173,282.1985420305282,0.0,0.9684865369262876
global,unrelated,0.0,91,1,EXECUTE,published_after_gate_recheck,743.2299819774926,125.73954195249826,0.0,0.9684865369262876
global,unrelated,0.0,92,1,EXECUTE,published_after_gate_recheck,930.1640158519149,263.63391702761874,0.0,0.9684865369262876
global,unrelated,0.0,93,1,EXECUTE,published_after_gate_recheck,1113.884682301432,280.94354103086516,0.0,0.9684865369262876
global,unrelated,0.0,94,1,EXECUTE,published_after_gate_recheck,1103.4373948350549,277.1777089801617,0.0,0.9684865369262876
global,unrelated,0.0,95,1,EXECUTE,published_after_gate_recheck,1134.3211750499904,290.3854169999249,0.0,0.9684865369262876
global,unrelated,0.0,96,1,EXECUTE,published_after_gate_recheck,1107.238634955138,275.8231249754317,0.0,0.9684865369262876
global,unrelated,0.0,97,1,EXECUTE,published_after_gate_recheck,1097.4344252608716,274.99579201685265,0.0,0.9684865369262876
global,unrelated,0.0,98,1,EXECUTE,published_after_gate_recheck,1105.1560090854764,275.9062909753993,0.0,0.9684865369262876
global,unrelated,0.0,99,1,EXECUTE,published_after_gate_recheck,1117.6935471594334,277.40750001976267,0.0,0.9684865369262876
readset,unrelated,0.0,0,1,EXECUTE,published_after_gate_recheck,896.1266689002514,204.81329201720655,0.0,0.8644156731658167
readset,unrelated,0.0,1,1,EXECUTE,published_after_gate_recheck,715.9092337824404,194.01495903730392,0.0,0.8644156731658167
readset,unrelated,0.0,2,1,EXECUTE,published_after_gate_recheck,1108.9098299853504,271.2270420161076,0.0,0.8644156731658167
readset,unrelated,0.0,3,1,EXECUTE,published_after_gate_recheck,1122.645664960146,277.9095829464495,0.0,0.8644156731658167
readset,unrelated,0.0,4,1,EXECUTE,published_after_gate_recheck,1118.0791091173887,282.6362080522813,0.0,0.8644156731658167
readset,unrelated,0.0,5,1,EXECUTE,published_after_gate_recheck,1114.8535190150142,277.6303749997169,0.0,0.8644156731658167
readset,unrelated,0.0,6,1,EXECUTE,published_after_gate_recheck,1114.1747548244894,277.8224169742316,0.0,0.8644156731658167
readset,unrelated,0.0,7,1,EXECUTE,published_after_gate_recheck,1105.725557077676,274.89983302075416,0.0,0.8644156731658167
readset,unrelated,0.0,8,1,EXECUTE,published_after_gate_recheck,1119.473926257342,278.4772909944877,0.0,0.8644156731658167
readset,unrelated,0.0,9,1,EXECUTE,published_after_gate_recheck,1127.5319997221231,277.8346249833703,0.0,0.8644156731658167
readset,unrelated,0.0,10,1,EXECUTE,published_after_gate_recheck,786.4480479620397,123.27079201349989,0.0,0.8644156731658167
readset,unrelated,0.0,11,1,EXECUTE,published_after_gate_recheck,870.966425165534,239.97612501261756,0.0,0.8644156731658167
readset,unrelated,0.0,12,1,EXECUTE,published_after_gate_recheck,1132.3600569739938,281.22462501050904,0.0,0.8644156731658167
readset,unrelated,0.0,13,1,EXECUTE,published_after_gate_recheck,1121.5169481001794,279.16708402335644,0.0,0.8644156731658167
readset,unrelated,0.0,14,1,EXECUTE,published_after_gate_recheck,1139.1777261160314,283.35204103495926,0.0,0.8644156731658167
readset,unrelated,0.0,15,1,EXECUTE,published_after_gate_recheck,1109.8479102365673,278.3865000237711,0.0,0.8644156731658167
readset,unrelated,0.0,16,1,EXECUTE,published_after_gate_recheck,1100.8412754163146,272.5118329981342,0.0,0.8644156731658167
readset,unrelated,0.0,17,1,EXECUTE,published_after_gate_recheck,1109.0000891126692,276.85362502234057,0.0,0.8644156731658167
readset,unrelated,0.0,18,1,EXECUTE,published_after_gate_recheck,1124.1270038299263,282.3992089834064,0.0,0.8644156731658167
readset,unrelated,0.0,19,1,EXECUTE,published_after_gate_recheck,1106.6441098228097,274.846707994584,0.0,0.8644156731658167
readset,unrelated,0.0,20,1,EXECUTE,published_after_gate_recheck,650.6380522623658,125.88474998483434,0.0,0.8644156731658167
readset,unrelated,0.0,21,1,EXECUTE,published_after_gate_recheck,1005.1595899276435,279.7267499845475,0.0,0.8644156731658167
readset,unrelated,0.0,22,1,EXECUTE,published_after_gate_recheck,1145.671817008406,283.3016670192592,0.0,0.8644156731658167
readset,unrelated,0.0,23,1,EXECUTE,published_after_gate_recheck,1138.4682338684797,288.38195803109556,0.0,0.8644156731658167
readset,unrelated,0.0,24,1,EXECUTE,published_after_gate_recheck,1123.2613702304661,278.4579580184072,0.0,0.8644156731658167
readset,unrelated,0.0,25,1,EXECUTE,published_after_gate_recheck,1096.8876592814922,272.7672499604523,0.0,0.8644156731658167
readset,unrelated,0.0,26,1,EXECUTE,published_after_gate_recheck,1095.993841998279,274.7051669866778,0.0,0.8644156731658167
readset,unrelated,0.0,27,1,EXECUTE,published_after_gate_recheck,1102.6904629543424,276.2980419793166,0.0,0.8644156731658167
readset,unrelated,0.0,28,1,EXECUTE,published_after_gate_recheck,1132.88186583668,282.6406250242144,0.0,0.8644156731658167
readset,unrelated,0.0,29,1,EXECUTE,published_after_gate_recheck,1050.5474358797073,279.7976250294596,0.0,0.8644156731658167
readset,unrelated,0.0,30,1,EXECUTE,published_after_gate_recheck,625.5762609653175,165.99266702542081,0.0,0.8644156731658167
readset,unrelated,0.0,31,1,EXECUTE,published_after_gate_recheck,1102.8592898510396,283.94520800793543,0.0,0.8644156731658167
readset,unrelated,0.0,32,1,EXECUTE,published_after_gate_recheck,1114.8001388646662,278.3917500055395,0.0,0.8644156731658167
readset,unrelated,0.0,33,1,EXECUTE,published_after_gate_recheck,1135.984094813466,281.3051249831915,0.0,0.8644156731658167
readset,unrelated,0.0,34,1,EXECUTE,published_after_gate_recheck,1586.8943850509822,404.21029197750613,0.0,0.8644156731658167
readset,unrelated,0.0,35,1,EXECUTE,published_after_gate_recheck,1680.206956807524,435.3895829990506,0.0,0.8644156731658167
readset,unrelated,0.0,36,1,EXECUTE,published_after_gate_recheck,1530.679349321872,386.50479196803644,0.0,0.8644156731658167
readset,unrelated,0.0,37,1,EXECUTE,published_after_gate_recheck,1595.3812538646162,404.56699999049306,0.0,0.8644156731658167
readset,unrelated,0.0,38,1,EXECUTE,published_after_gate_recheck,1504.231619182974,444.994667021092,0.0,0.8644156731658167
readset,unrelated,0.0,39,1,EXECUTE,published_after_gate_recheck,1582.3910781182349,411.795667023398,0.0,0.8644156731658167
readset,unrelated,0.0,40,1,EXECUTE,published_after_gate_recheck,1651.0845301672816,396.73995901830494,0.0,0.8644156731658167
readset,unrelated,0.0,41,1,EXECUTE,published_after_gate_recheck,1750.0743521377444,438.73850000090897,0.0,0.8644156731658167
readset,unrelated,0.0,42,1,EXECUTE,published_after_gate_recheck,1755.2075097337365,449.0596249816008,0.0,0.8644156731658167
readset,unrelated,0.0,43,1,EXECUTE,published_after_gate_recheck,2070.9521509706974,446.3780410005711,0.0,0.8644156731658167
readset,unrelated,0.0,44,1,EXECUTE,published_after_gate_recheck,645.9073978476226,151.32412500679493,0.0,0.8644156731658167
readset,unrelated,0.0,45,1,EXECUTE,published_after_gate_recheck,1106.184528209269,283.9154999819584,0.0,0.8644156731658167
readset,unrelated,0.0,46,1,EXECUTE,published_after_gate_recheck,1125.172695145011,281.53795801335946,0.0,0.8644156731658167
readset,unrelated,0.0,47,1,EXECUTE,published_after_gate_recheck,1146.9796998426318,290.27345799840987,0.0,0.8644156731658167
readset,unrelated,0.0,48,1,EXECUTE,published_after_gate_recheck,1130.1388102583587,278.2160000060685,0.0,0.8644156731658167
readset,unrelated,0.0,49,1,EXECUTE,published_after_gate_recheck,991.3249588571489,233.74262498691678,0.0,0.8644156731658167
readset,unrelated,0.0,50,1,EXECUTE,published_after_gate_recheck,1258.4141148254275,307.5493330252357,0.0,0.8644156731658167
readset,unrelated,0.0,51,1,EXECUTE,published_after_gate_recheck,1213.9549991115928,300.5301660159603,0.0,0.8644156731658167
readset,unrelated,0.0,52,1,EXECUTE,published_after_gate_recheck,1236.9789467193186,311.5734169841744,0.0,0.8644156731658167
readset,unrelated,0.0,53,1,EXECUTE,published_after_gate_recheck,969.0704252570868,153.20995799265802,0.0,0.8644156731658167
readset,unrelated,0.0,54,1,EXECUTE,published_after_gate_recheck,1431.8711077794433,363.9945409959182,0.0,0.8644156731658167
readset,unrelated,0.0,55,1,EXECUTE,published_after_gate_recheck,1690.9736832603812,424.77112502092496,0.0,0.8644156731658167
readset,unrelated,0.0,56,1,EXECUTE,published_after_gate_recheck,1599.3692949414253,402.69408299354836,0.0,0.8644156731658167
readset,unrelated,0.0,57,1,EXECUTE,published_after_gate_recheck,1661.9494003243744,414.74916599690914,0.0,0.8644156731658167
readset,unrelated,0.0,58,1,EXECUTE,published_after_gate_recheck,1712.9212906584144,429.8900000285357,0.0,0.8644156731658167
readset,unrelated,0.0,59,1,EXECUTE,published_after_gate_recheck,1693.1098294444382,423.1303749838844,0.0,0.8644156731658167
readset,unrelated,0.0,60,1,EXECUTE,published_after_gate_recheck,1531.2535958364606,441.1465830053203,0.0,0.8644156731658167
readset,unrelated,0.0,61,1,EXECUTE,published_after_gate_recheck,552.8434221632779,126.42091599991545,0.0,0.8644156731658167
readset,unrelated,0.0,62,1,EXECUTE,published_after_gate_recheck,901.252354029566,239.78820798220113,0.0,0.8644156731658167
readset,unrelated,0.0,63,1,EXECUTE,published_after_gate_recheck,1103.5379627719522,274.3569170124829,0.0,0.8644156731658167
readset,unrelated,0.0,64,1,EXECUTE,published_after_gate_recheck,1099.9687290750444,277.6179580250755,0.0,0.8644156731658167
readset,unrelated,0.0,65,1,EXECUTE,published_after_gate_recheck,1092.4047599546611,272.82404201105237,0.0,0.8644156731658167
readset,unrelated,0.0,66,1,EXECUTE,published_after_gate_recheck,1103.1904011033475,277.11037499830127,0.0,0.8644156731658167
readset,unrelated,0.0,67,1,EXECUTE,published_after_gate_recheck,1126.1193412356079,284.5374579774216,0.0,0.8644156731658167
readset,unrelated,0.0,68,1,EXECUTE,published_after_gate_recheck,1112.4583361670375,276.2940420070663,0.0,0.8644156731658167
readset,unrelated,0.0,69,1,EXECUTE,published_after_gate_recheck,1111.7603369057178,283.6393329780549,0.0,0.8644156731658167
readset,unrelated,0.0,70,1,EXECUTE,published_after_gate_recheck,1094.5518971420825,272.5491249584593,0.0,0.8644156731658167
readset,unrelated,0.0,71,1,EXECUTE,published_after_gate_recheck,597.835707012564,142.18070794595405,0.0,0.8644156731658167
readset,unrelated,0.0,72,1,EXECUTE,published_after_gate_recheck,1091.1248102784157,279.46804102975875,0.0,0.8644156731658167
readset,unrelated,0.0,73,1,EXECUTE,published_after_gate_recheck,1105.1523410715163,275.8645000285469,0.0,0.8644156731658167
readset,unrelated,0.0,74,1,EXECUTE,published_after_gate_recheck,985.6451251544058,256.9727909867652,0.0,0.8644156731658167
readset,unrelated,0.0,75,1,EXECUTE,published_after_gate_recheck,1203.2514130696654,283.2820829935372,0.0,0.8644156731658167
readset,unrelated,0.0,76,1,EXECUTE,published_after_gate_recheck,1137.1425380930305,286.13616700749844,0.0,0.8644156731658167
readset,unrelated,0.0,77,1,EXECUTE,published_after_gate_recheck,1104.2983499355614,273.07975001167506,0.0,0.8644156731658167
readset,unrelated,0.0,78,1,EXECUTE,published_after_gate_recheck,1104.6602292917669,278.15908298362046,0.0,0.8644156731658167
readset,unrelated,0.0,79,1,EXECUTE,published_after_gate_recheck,1136.051510926336,284.8477080115117,0.0,0.8644156731658167
readset,unrelated,0.0,80,1,EXECUTE,published_after_gate_recheck,972.9825928807259,275.318292027805,0.0,0.8644156731658167
readset,unrelated,0.0,81,1,EXECUTE,published_after_gate_recheck,719.7248823940754,197.8247909573838,0.0,0.8644156731658167
readset,unrelated,0.0,82,1,EXECUTE,published_after_gate_recheck,1172.5968909449875,293.05504099465907,0.0,0.8644156731658167
readset,unrelated,0.0,83,1,EXECUTE,published_after_gate_recheck,1153.208412695676,282.2668749722652,0.0,0.8644156731658167
readset,unrelated,0.0,84,1,EXECUTE,published_after_gate_recheck,1139.8493652231991,281.03991702664644,0.0,0.8644156731658167
readset,unrelated,0.0,85,1,EXECUTE,published_after_gate_recheck,1131.417227908969,284.5439579687081,0.0,0.8644156731658167
readset,unrelated,0.0,86,1,EXECUTE,published_after_gate_recheck,1123.4228420071304,276.533207972534,0.0,0.8644156731658167
readset,unrelated,0.0,87,1,EXECUTE,published_after_gate_recheck,1130.6506800465286,280.9661669889465,0.0,0.8644156731658167
readset,unrelated,0.0,88,1,EXECUTE,published_after_gate_recheck,1130.1902970299125,278.43024994945154,0.0,0.8644156731658167
readset,unrelated,0.0,89,1,EXECUTE,published_after_gate_recheck,1108.8438262231648,280.0250410218723,0.0,0.8644156731658167
readset,unrelated,0.0,90,1,EXECUTE,published_after_gate_recheck,743.6856860294938,124.7755839722231,0.0,0.8644156731658167
readset,unrelated,0.0,91,1,EXECUTE,published_after_gate_recheck,958.8500028476119,268.5922909877263,0.0,0.8644156731658167
readset,unrelated,0.0,92,1,EXECUTE,published_after_gate_recheck,1128.6628618836403,282.9407909885049,0.0,0.8644156731658167
readset,unrelated,0.0,93,1,EXECUTE,published_after_gate_recheck,1118.414186872542,278.32329203374684,0.0,0.8644156731658167
readset,unrelated,0.0,94,1,EXECUTE,published_after_gate_recheck,1096.2025439366698,275.1242920057848,0.0,0.8644156731658167
readset,unrelated,0.0,95,1,EXECUTE,published_after_gate_recheck,1127.8831190429628,281.1764999642037,0.0,0.8644156731658167
readset,unrelated,0.0,96,1,EXECUTE,published_after_gate_recheck,1104.6682642772794,277.61450002435595,0.0,0.8644156731658167
readset,unrelated,0.0,97,1,EXECUTE,published_after_gate_recheck,1104.8903707414865,278.1765830004588,0.0,0.8644156731658167
readset,unrelated,0.0,98,1,EXECUTE,published_after_gate_recheck,1109.1678328812122,274.1944169974886,0.0,0.8644156731658167
readset,unrelated,0.0,99,1,EXECUTE,published_after_gate_recheck,1117.4985403195024,289.9788749637082,0.0,0.8644156731658167
truth,unrelated,0.0,0,1,EXECUTE,published_after_gate_recheck,834.6069231629372,231.87712498474866,0.0,0.9373130858249269
truth,unrelated,0.0,1,1,EXECUTE,published_after_gate_recheck,1119.1690838895738,281.6689159953967,0.0,0.9373130858249269
truth,unrelated,0.0,2,1,EXECUTE,published_after_gate_recheck,1104.9806801602244,274.07020900864154,0.0,0.9373130858249269
truth,unrelated,0.0,3,1,EXECUTE,published_after_gate_recheck,1098.8845946267247,276.5056249918416,0.0,0.9373130858249269
truth,unrelated,0.0,4,1,EXECUTE,published_after_gate_recheck,1120.9022449329495,277.2336670313962,0.0,0.9373130858249269
truth,unrelated,0.0,5,1,EXECUTE,published_after_gate_recheck,1116.8563961982727,276.77549998043105,0.0,0.9373130858249269
truth,unrelated,0.0,6,1,EXECUTE,published_after_gate_recheck,1115.4790222644806,281.25375002855435,0.0,0.9373130858249269
truth,unrelated,0.0,7,1,EXECUTE,published_after_gate_recheck,1106.0956306755543,277.5060419808142,0.0,0.9373130858249269
truth,unrelated,0.0,8,1,EXECUTE,published_after_gate_recheck,1131.085486151278,287.9188749939203,0.0,0.9373130858249269
truth,unrelated,0.0,9,1,EXECUTE,published_after_gate_recheck,697.4814888089895,127.078416000586,0.0,0.9373130858249269
truth,unrelated,0.0,10,1,EXECUTE,published_after_gate_recheck,960.5741780251265,274.02041596360505,0.0,0.9373130858249269
truth,unrelated,0.0,11,1,EXECUTE,published_after_gate_recheck,1125.2236412838101,280.6914999964647,0.0,0.9373130858249269
truth,unrelated,0.0,12,1,EXECUTE,published_after_gate_recheck,1110.9116142615676,269.09416599664837,0.0,0.9373130858249269
truth,unrelated,0.0,13,1,EXECUTE,published_after_gate_recheck,1136.6111412644386,283.07304199552163,0.0,0.9373130858249269
truth,unrelated,0.0,14,1,EXECUTE,published_after_gate_recheck,1128.3882572315633,287.05387498484924,0.0,0.9373130858249269
truth,unrelated,0.0,15,1,EXECUTE,published_after_gate_recheck,1123.5956870950758,277.8915829840116,0.0,0.9373130858249269
truth,unrelated,0.0,16,1,EXECUTE,published_after_gate_recheck,1112.2182761318982,272.26220798911527,0.0,0.9373130858249269
truth,unrelated,0.0,17,1,EXECUTE,published_after_gate_recheck,1121.548255905509,281.56087500974536,0.0,0.9373130858249269
truth,unrelated,0.0,18,1,EXECUTE,published_after_gate_recheck,1141.6900181211531,286.3388750120066,0.0,0.9373130858249269
truth,unrelated,0.0,19,1,EXECUTE,published_after_gate_recheck,604.826679918915,159.31508399080485,0.0,0.9373130858249269
truth,unrelated,0.0,20,1,EXECUTE,published_after_gate_recheck,1103.6688592284918,285.49441701034084,0.0,0.9373130858249269
truth,unrelated,0.0,21,1,EXECUTE,published_after_gate_recheck,1115.6703908927739,279.8597500077449,0.0,0.9373130858249269
truth,unrelated,0.0,22,1,EXECUTE,published_after_gate_recheck,1102.0959289744496,277.37612498458475,0.0,0.9373130858249269
truth,unrelated,0.0,23,1,EXECUTE,published_after_gate_recheck,1136.8841631338,284.18070898624137,0.0,0.9373130858249269
truth,unrelated,0.0,24,1,EXECUTE,published_after_gate_recheck,1107.768680434674,277.14224997907877,0.0,0.9373130858249269
truth,unrelated,0.0,25,1,EXECUTE,published_after_gate_recheck,1131.5762661397457,281.30650002276525,0.0,0.9373130858249269
truth,unrelated,0.0,26,1,EXECUTE,published_after_gate_recheck,1129.9428227357566,288.7504999525845,0.0,0.9373130858249269
truth,unrelated,0.0,27,1,EXECUTE,published_after_gate_recheck,1132.2548100724816,286.79841599659994,0.0,0.9373130858249269
truth,unrelated,0.0,28,1,EXECUTE,published_after_gate_recheck,908.0115319229662,206.65504201315343,0.0,0.9373130858249269
truth,unrelated,0.0,29,1,EXECUTE,published_after_gate_recheck,812.9174988716841,226.02316603297368,0.0,0.9373130858249269
truth,unrelated,0.0,30,1,EXECUTE,published_after_gate_recheck,1172.959160991013,297.9857919854112,0.0,0.9373130858249269
truth,unrelated,0.0,31,1,EXECUTE,published_after_gate_recheck,1118.6949843540788,278.67554198019207,0.0,0.9373130858249269
truth,unrelated,0.0,32,1,EXECUTE,published_after_gate_recheck,1128.3617080189288,286.39345901319757,0.0,0.9373130858249269
truth,unrelated,0.0,33,1,EXECUTE,published_after_gate_recheck,1124.6310900896788,277.6673749904148,0.0,0.9373130858249269
truth,unrelated,0.0,34,1,EXECUTE,published_after_gate_recheck,1123.9409348927438,283.0953340162523,0.0,0.9373130858249269
truth,unrelated,0.0,35,1,EXECUTE,published_after_gate_recheck,1183.655926026404,279.8419580212794,0.0,0.9373130858249269
truth,unrelated,0.0,36,1,EXECUTE,published_after_gate_recheck,1128.9150551892817,276.73958300147206,0.0,0.9373130858249269
truth,unrelated,0.0,37,1,EXECUTE,published_after_gate_recheck,1124.9100123532116,278.70174997951835,0.0,0.9373130858249269
truth,unrelated,0.0,38,1,EXECUTE,published_after_gate_recheck,638.1224752403796,127.48199998168275,0.0,0.9373130858249269
truth,unrelated,0.0,39,1,EXECUTE,published_after_gate_recheck,1025.9705549106002,285.5574160348624,0.0,0.9373130858249269
truth,unrelated,0.0,40,1,EXECUTE,published_after_gate_recheck,1119.1150420345366,290.3413330204785,0.0,0.9373130858249269
truth,unrelated,0.0,41,1,EXECUTE,published_after_gate_recheck,1108.5612261667848,278.7527499604039,0.0,0.9373130858249269
truth,unrelated,0.0,42,1,EXECUTE,published_after_gate_recheck,1132.7570811845362,282.9517089994624,0.0,0.9373130858249269
truth,unrelated,0.0,43,1,EXECUTE,published_after_gate_recheck,1101.4269343577325,278.4519580309279,0.0,0.9373130858249269
truth,unrelated,0.0,44,1,EXECUTE,published_after_gate_recheck,1125.1642890274525,283.3922079880722,0.0,0.9373130858249269
truth,unrelated,0.0,45,1,EXECUTE,published_after_gate_recheck,1098.1195997446775,274.64650000911206,0.0,0.9373130858249269
truth,unrelated,0.0,46,1,EXECUTE,published_after_gate_recheck,1132.973417174071,287.6520829740912,0.0,0.9373130858249269
truth,unrelated,0.0,47,1,EXECUTE,published_after_gate_recheck,1033.3741228096187,277.9128330294043,0.0,0.9373130858249269
truth,unrelated,0.0,48,1,EXECUTE,published_after_gate_recheck,611.6079897619784,163.25366700766608,0.0,0.9373130858249269
truth,unrelated,0.0,49,1,EXECUTE,published_after_gate_recheck,1073.2156462036073,276.88533399486914,0.0,0.9373130858249269
truth,unrelated,0.0,50,1,EXECUTE,published_after_gate_recheck,1121.9328977167606,280.72729194536805,0.0,0.9373130858249269
truth,unrelated,0.0,51,1,EXECUTE,published_after_gate_recheck,1137.242325115949,287.209875008557,0.0,0.9373130858249269
truth,unrelated,0.0,52,1,EXECUTE,published_after_gate_recheck,1125.9070318192244,275.67083295434713,0.0,0.9373130858249269
truth,unrelated,0.0,53,1,EXECUTE,published_after_gate_recheck,1112.8272279165685,275.41200001724064,0.0,0.9373130858249269
truth,unrelated,0.0,54,1,EXECUTE,published_after_gate_recheck,1119.2440837621689,278.2202500384301,0.0,0.9373130858249269
truth,unrelated,0.0,55,1,EXECUTE,published_after_gate_recheck,1123.2285778969526,286.5992080187425,0.0,0.9373130858249269
truth,unrelated,0.0,56,1,EXECUTE,published_after_gate_recheck,1141.7456520721316,282.5444590416737,0.0,0.9373130858249269
truth,unrelated,0.0,57,1,EXECUTE,published_after_gate_recheck,883.3923130296171,200.15341695398092,0.0,0.9373130858249269
truth,unrelated,0.0,58,1,EXECUTE,published_after_gate_recheck,810.5874489992857,225.72699998272583,0.0,0.9373130858249269
truth,unrelated,0.0,59,1,EXECUTE,published_after_gate_recheck,1110.232291277498,275.48595902044326,0.0,0.9373130858249269
truth,unrelated,0.0,60,1,EXECUTE,published_after_gate_recheck,1101.8453291617334,273.5780410002917,0.0,0.9373130858249269
truth,unrelated,0.0,61,1,EXECUTE,published_after_gate_recheck,1137.5849079340696,283.7329169851728,0.0,0.9373130858249269
truth,unrelated,0.0,62,1,EXECUTE,published_after_gate_recheck,1122.2910601645708,285.9210830065422,0.0,0.9373130858249269
truth,unrelated,0.0,63,1,EXECUTE,published_after_gate_recheck,1142.1333798207343,287.8039999632165,0.0,0.9373130858249269
truth,unrelated,0.0,64,1,EXECUTE,published_after_gate_recheck,1112.6709748059511,276.8791249836795,0.0,0.9373130858249269
truth,unrelated,0.0,65,1,EXECUTE,published_after_gate_recheck,1123.1759800575674,284.0724579873495,0.0,0.9373130858249269
truth,unrelated,0.0,66,1,EXECUTE,published_after_gate_recheck,1083.719938993454,262.44241604581475,0.0,0.9373130858249269
truth,unrelated,0.0,67,1,EXECUTE,published_after_gate_recheck,734.9306438118219,126.86383299296722,0.0,0.9373130858249269
truth,unrelated,0.0,68,1,EXECUTE,published_after_gate_recheck,1191.2957257591188,302.63437499525025,0.0,0.9373130858249269
truth,unrelated,0.0,69,1,EXECUTE,published_after_gate_recheck,1143.695138860494,284.0800840058364,0.0,0.9373130858249269
truth,unrelated,0.0,70,1,EXECUTE,published_after_gate_recheck,1138.9758558943868,285.84254102315754,0.0,0.9373130858249269
truth,unrelated,0.0,71,1,EXECUTE,published_after_gate_recheck,1140.7405762001872,287.5681250006892,0.0,0.9373130858249269
truth,unrelated,0.0,72,1,EXECUTE,published_after_gate_recheck,1123.928050044924,284.20891700079665,0.0,0.9373130858249269
truth,unrelated,0.0,73,1,EXECUTE,published_after_gate_recheck,1111.686437856406,279.44520802702755,0.0,0.9373130858249269
truth,unrelated,0.0,74,1,EXECUTE,published_after_gate_recheck,1118.0856013670564,271.27399999881163,0.0,0.9373130858249269
truth,unrelated,0.0,75,1,EXECUTE,published_after_gate_recheck,1192.4651791341603,290.30774999409914,0.0,0.9373130858249269
truth,unrelated,0.0,76,1,EXECUTE,published_after_gate_recheck,933.0276669934392,239.99862500932068,0.0,0.9373130858249269
truth,unrelated,0.0,77,1,EXECUTE,published_after_gate_recheck,720.9791247732937,196.24991703312844,0.0,0.9373130858249269
truth,unrelated,0.0,78,1,EXECUTE,published_after_gate_recheck,1119.1495871171355,279.2080420185812,0.0,0.9373130858249269
truth,unrelated,0.0,79,1,EXECUTE,published_after_gate_recheck,1144.8489129543304,289.5817089593038,0.0,0.9373130858249269
truth,unrelated,0.0,80,1,EXECUTE,published_after_gate_recheck,1111.136076040566,279.5954159810208,0.0,0.9373130858249269
truth,unrelated,0.0,81,1,EXECUTE,published_after_gate_recheck,1125.9563150815666,281.09837498050183,0.0,0.9373130858249269
truth,unrelated,0.0,82,1,EXECUTE,published_after_gate_recheck,1121.8797792680562,277.0189169677906,0.0,0.9373130858249269
truth,unrelated,0.0,83,1,EXECUTE,published_after_gate_recheck,1126.4606108888984,282.69716701470315,0.0,0.9373130858249269
truth,unrelated,0.0,84,1,EXECUTE,published_after_gate_recheck,1150.196713861078,285.4879579972476,0.0,0.9373130858249269
truth,unrelated,0.0,85,1,EXECUTE,published_after_gate_recheck,1121.0967898368835,278.18070800276473,0.0,0.9373130858249269
truth,unrelated,0.0,86,1,EXECUTE,published_after_gate_recheck,754.3893638066947,121.55416695168242,0.0,0.9373130858249269
truth,unrelated,0.0,87,1,EXECUTE,published_after_gate_recheck,907.3344329372048,249.89633297082037,0.0,0.9373130858249269
truth,unrelated,0.0,88,1,EXECUTE,published_after_gate_recheck,1118.9225912094116,284.0917079593055,0.0,0.9373130858249269
truth,unrelated,0.0,89,1,EXECUTE,published_after_gate_recheck,1125.700004864484,277.370041992981,0.0,0.9373130858249269
truth,unrelated,0.0,90,1,EXECUTE,published_after_gate_recheck,1115.871808025986,279.561375034973,0.0,0.9373130858249269
truth,unrelated,0.0,91,1,EXECUTE,published_after_gate_recheck,1120.1122128404677,282.5181250227615,0.0,0.9373130858249269
truth,unrelated,0.0,92,1,EXECUTE,published_after_gate_recheck,1112.9330974072218,278.8168750121258,0.0,0.9373130858249269
truth,unrelated,0.0,93,1,EXECUTE,published_after_gate_recheck,1126.8788250163198,286.8287920136936,0.0,0.9373130858249269
truth,unrelated,0.0,94,1,EXECUTE,published_after_gate_recheck,1115.8883199095726,275.0255830469541,0.0,0.9373130858249269
truth,unrelated,0.0,95,1,EXECUTE,published_after_gate_recheck,1114.3453656695783,276.27037500496954,0.0,0.9373130858249269
truth,unrelated,0.0,96,1,EXECUTE,published_after_gate_recheck,639.9224321357906,133.51424998836592,0.0,0.9373130858249269
truth,unrelated,0.0,97,1,EXECUTE,published_after_gate_recheck,1082.830661907792,288.96287496900186,0.0,0.9373130858249269
truth,unrelated,0.0,98,1,EXECUTE,published_after_gate_recheck,1145.0506220571697,295.6692089792341,0.0,0.9373130858249269
truth,unrelated,0.0,99,1,EXECUTE,published_after_gate_recheck,1117.762295063585,277.90637500584126,0.0,0.9373130858249269
global,related_same,0.0,0,1,EXECUTE,published_after_gate_recheck,1113.6867301538587,275.4702920210548,0.0,0.9314021782077053
global,related_same,0.0,1,1,EXECUTE,published_after_gate_recheck,1130.478227045387,281.5972919925116,0.0,0.9314021782077053
global,related_same,0.0,2,1,EXECUTE,published_after_gate_recheck,1137.8585612401366,287.9378750221804,0.0,0.9314021782077053
global,related_same,0.0,3,1,EXECUTE,published_after_gate_recheck,1115.1436627842486,277.8472079662606,0.0,0.9314021782077053
global,related_same,0.0,4,1,EXECUTE,published_after_gate_recheck,1099.3946818634868,273.99970800615847,0.0,0.9314021782077053
global,related_same,0.0,5,1,EXECUTE,published_after_gate_recheck,676.8843829631805,127.00462498469278,0.0,0.9314021782077053
global,related_same,0.0,6,1,EXECUTE,published_after_gate_recheck,999.2424608208239,282.2460829629563,0.0,0.9314021782077053
global,related_same,0.0,7,1,EXECUTE,published_after_gate_recheck,1140.1056959293783,286.22179199010134,0.0,0.9314021782077053
global,related_same,0.0,8,1,EXECUTE,published_after_gate_recheck,1130.646732635796,285.7986250310205,0.0,0.9314021782077053
global,related_same,0.0,9,1,EXECUTE,published_after_gate_recheck,1116.940853651613,277.2055839886889,0.0,0.9314021782077053
global,related_same,0.0,10,1,EXECUTE,published_after_gate_recheck,1133.4027028642595,282.69520797766745,0.0,0.9314021782077053
global,related_same,0.0,11,1,EXECUTE,published_after_gate_recheck,1126.4213779941201,288.9524169731885,0.0,0.9314021782077053
global,related_same,0.0,12,1,EXECUTE,published_after_gate_recheck,1135.921767912805,281.40183398500085,0.0,0.9314021782077053
global,related_same,0.0,13,1,EXECUTE,published_after_gate_recheck,895.8851271308959,164.53866596566513,0.0,0.9314021782077053
global,related_same,0.0,14,1,EXECUTE,published_after_gate_recheck,1155.1469988189638,318.91433300916106,0.0,0.9314021782077053
global,related_same,0.0,15,1,EXECUTE,published_after_gate_recheck,677.8629194013774,148.442417033948,0.0,0.9314021782077053
global,related_same,0.0,16,1,EXECUTE,published_after_gate_recheck,1132.3741129599512,293.67133299820125,0.0,0.9314021782077053
global,related_same,0.0,17,1,EXECUTE,published_after_gate_recheck,1133.8374679908156,284.3319160165265,0.0,0.9314021782077053
global,related_same,0.0,18,1,EXECUTE,published_after_gate_recheck,1122.2268189303577,282.8156250179745,0.0,0.9314021782077053
global,related_same,0.0,19,1,EXECUTE,published_after_gate_recheck,1129.3442300520837,280.681292002555,0.0,0.9314021782077053
global,related_same,0.0,20,1,EXECUTE,published_after_gate_recheck,1118.1992050260305,280.78787500271574,0.0,0.9314021782077053
global,related_same,0.0,21,1,EXECUTE,published_after_gate_recheck,1131.8808677606285,284.71891704248264,0.0,0.9314021782077053
global,related_same,0.0,22,1,EXECUTE,published_after_gate_recheck,1125.4500863142312,283.6356249754317,0.0,0.9314021782077053
global,related_same,0.0,23,1,EXECUTE,published_after_gate_recheck,1099.0820350125432,289.81987497536466,0.0,0.9314021782077053
global,related_same,0.0,24,1,EXECUTE,published_after_gate_recheck,924.7468039393425,206.12079196143895,0.0,0.9314021782077053
global,related_same,0.0,25,1,EXECUTE,published_after_gate_recheck,784.0052368119359,216.24054200947285,0.0,0.9314021782077053
global,related_same,0.0,26,1,EXECUTE,published_after_gate_recheck,1162.252456881106,293.9310410292819,0.0,0.9314021782077053
global,related_same,0.0,27,1,EXECUTE,published_after_gate_recheck,1109.3376018106937,273.966999957338,0.0,0.9314021782077053
global,related_same,0.0,28,1,EXECUTE,published_after_gate_recheck,1120.1667049899697,275.9494589990936,0.0,0.9314021782077053
global,related_same,0.0,29,1,EXECUTE,published_after_gate_recheck,1127.8941403143108,290.70462501840666,0.0,0.9314021782077053
global,related_same,0.0,30,1,EXECUTE,published_after_gate_recheck,1107.2196993045509,274.7302500065416,0.0,0.9314021782077053
global,related_same,0.0,31,1,EXECUTE,published_after_gate_recheck,1148.1870338320732,285.0233329809271,0.0,0.9314021782077053
global,related_same,0.0,32,1,EXECUTE,published_after_gate_recheck,1232.1168072521687,313.34433297161013,0.0,0.9314021782077053
global,related_same,0.0,33,1,EXECUTE,published_after_gate_recheck,1227.6621712371707,275.71354201063514,0.0,0.9314021782077053
global,related_same,0.0,34,1,EXECUTE,published_after_gate_recheck,663.8738294132054,148.94033403834328,0.0,0.9314021782077053
global,related_same,0.0,35,1,EXECUTE,published_after_gate_recheck,1094.4121154025197,279.48758302954957,0.0,0.9314021782077053
global,related_same,0.0,36,1,EXECUTE,published_after_gate_recheck,1126.6599046066403,284.0685830451548,0.0,0.9314021782077053
global,related_same,0.0,37,1,EXECUTE,published_after_gate_recheck,1113.4481322951615,277.3339169798419,0.0,0.9314021782077053
global,related_same,0.0,38,1,EXECUTE,published_after_gate_recheck,1142.3984565772116,287.9710420384072,0.0,0.9314021782077053
global,related_same,0.0,39,1,EXECUTE,published_after_gate_recheck,1127.18952819705,279.2052910081111,0.0,0.9314021782077053
global,related_same,0.0,40,1,EXECUTE,published_after_gate_recheck,1136.9504970498383,283.80924998782575,0.0,0.9314021782077053
global,related_same,0.0,41,1,EXECUTE,published_after_gate_recheck,1154.5936022885144,302.8080409858376,0.0,0.9314021782077053
global,related_same,0.0,42,1,EXECUTE,published_after_gate_recheck,1160.635083913803,282.52670902293175,0.0,0.9314021782077053
global,related_same,0.0,43,1,EXECUTE,published_after_gate_recheck,898.4295390546322,203.07995902840048,0.0,0.9314021782077053
global,related_same,0.0,44,1,EXECUTE,published_after_gate_recheck,805.7160810567439,216.7173749767244,0.0,0.9314021782077053
global,related_same,0.0,45,1,EXECUTE,published_after_gate_recheck,1150.8068088442087,286.98329196777195,0.0,0.9314021782077053
global,related_same,0.0,46,1,EXECUTE,published_after_gate_recheck,1121.1659898981452,281.3229589955881,0.0,0.9314021782077053
global,related_same,0.0,47,1,EXECUTE,published_after_gate_recheck,1118.8742010854185,279.6673749689944,0.0,0.9314021782077053
global,related_same,0.0,48,1,EXECUTE,published_after_gate_recheck,1116.719949990511,276.26075001899153,0.0,0.9314021782077053
global,related_same,0.0,49,1,EXECUTE,published_after_gate_recheck,1140.1229780167341,292.37541696056724,0.0,0.9314021782077053
global,related_same,0.0,50,1,EXECUTE,published_after_gate_recheck,1124.2283340543509,284.51595798833296,0.0,0.9314021782077053
global,related_same,0.0,51,1,EXECUTE,published_after_gate_recheck,1122.6790570653975,278.3257500268519,0.0,0.9314021782077053
global,related_same,0.0,52,1,EXECUTE,published_after_gate_recheck,1122.891184873879,283.2695000106469,0.0,0.9314021782077053
global,related_same,0.0,53,1,EXECUTE,published_after_gate_recheck,686.9807420298457,126.66991702280939,0.0,0.9314021782077053
global,related_same,0.0,54,1,EXECUTE,published_after_gate_recheck,1028.3732027746737,288.13174995593727,0.0,0.9314021782077053
global,related_same,0.0,55,1,EXECUTE,published_after_gate_recheck,1140.3825646266341,299.97070896206424,0.0,0.9314021782077053
global,related_same,0.0,56,1,EXECUTE,published_after_gate_recheck,1123.101499862969,283.2070410368033,0.0,0.9314021782077053
global,related_same,0.0,57,1,EXECUTE,published_after_gate_recheck,1112.1777296066284,277.584208000917,0.0,0.9314021782077053
global,related_same,0.0,58,1,EXECUTE,published_after_gate_recheck,1120.1878250576556,283.36820797994733,0.0,0.9314021782077053
global,related_same,0.0,59,1,EXECUTE,published_after_gate_recheck,1124.172369018197,279.8377920407802,0.0,0.9314021782077053
global,related_same,0.0,60,1,EXECUTE,published_after_gate_recheck,1142.8692298941314,286.94600000744686,0.0,0.9314021782077053
global,related_same,0.0,61,1,EXECUTE,published_after_gate_recheck,1122.696170117706,281.9643329712562,0.0,0.9314021782077053
global,related_same,0.0,62,1,EXECUTE,published_after_gate_recheck,1062.3481119982898,283.34070899290964,0.0,0.9314021782077053
global,related_same,0.0,63,1,EXECUTE,published_after_gate_recheck,699.8315169475973,189.49045898625627,0.0,0.9314021782077053
global,related_same,0.0,64,1,EXECUTE,published_after_gate_recheck,1174.1617368534207,292.83058299915865,0.0,0.9314021782077053
global,related_same,0.0,65,1,EXECUTE,published_after_gate_recheck,1103.0578226782382,271.1819999967702,0.0,0.9314021782077053
global,related_same,0.0,66,1,EXECUTE,published_after_gate_recheck,1109.8175127990544,278.68470799876377,0.0,0.9314021782077053
global,related_same,0.0,67,1,EXECUTE,published_after_gate_recheck,1118.5222906060517,276.7938749748282,0.0,0.9314021782077053
global,related_same,0.0,68,1,EXECUTE,published_after_gate_recheck,1122.1913928166032,280.63329198630527,0.0,0.9314021782077053
global,related_same,0.0,69,1,EXECUTE,published_after_gate_recheck,1116.8121118098497,274.69225000822917,0.0,0.9314021782077053
global,related_same,0.0,70,1,EXECUTE,published_after_gate_recheck,1127.1957899443805,280.474208004307,0.0,0.9314021782077053
global,related_same,0.0,71,1,EXECUTE,published_after_gate_recheck,1124.0860358811915,277.30849996441975,0.0,0.9314021782077053
global,related_same,0.0,72,1,EXECUTE,published_after_gate_recheck,821.2364236824214,126.13941699964926,0.0,0.9314021782077053
global,related_same,0.0,73,1,EXECUTE,published_after_gate_recheck,937.2118059545755,265.53929201327264,0.0,0.9314021782077053
global,related_same,0.0,74,1,EXECUTE,published_after_gate_recheck,1165.0772271677852,294.68295798869804,0.0,0.9314021782077053
global,related_same,0.0,75,1,EXECUTE,published_after_gate_recheck,1191.9252169318497,324.9322499614209,0.0,0.9314021782077053
global,related_same,0.0,76,1,EXECUTE,published_after_gate_recheck,1107.1799448691308,276.1620000237599,0.0,0.9314021782077053
global,related_same,0.0,77,1,EXECUTE,published_after_gate_recheck,1123.9474173635244,287.94929198920727,0.0,0.9314021782077053
global,related_same,0.0,78,1,EXECUTE,published_after_gate_recheck,1125.6292909383774,282.30954200262204,0.0,0.9314021782077053
global,related_same,0.0,79,1,EXECUTE,published_after_gate_recheck,1129.4300411827862,284.70141696743667,0.0,0.9314021782077053
global,related_same,0.0,80,1,EXECUTE,published_after_gate_recheck,1108.1245774403214,278.73504196759313,0.0,0.9314021782077053
global,related_same,0.0,81,1,EXECUTE,published_after_gate_recheck,1106.903406791389,276.3902919832617,0.0,0.9314021782077053
global,related_same,0.0,82,1,EXECUTE,published_after_gate_recheck,586.8183108977973,145.55283304071054,0.0,0.9314021782077053
global,related_same,0.0,83,1,EXECUTE,published_after_gate_recheck,1066.9280616566539,276.4495830051601,0.0,0.9314021782077053
global,related_same,0.0,84,1,EXECUTE,published_after_gate_recheck,1116.1341411061585,276.1134169995785,0.0,0.9314021782077053
global,related_same,0.0,85,1,EXECUTE,published_after_gate_recheck,1119.739102665335,277.95408299425617,0.0,0.9314021782077053
global,related_same,0.0,86,1,EXECUTE,published_after_gate_recheck,1117.7950156852603,283.9018329977989,0.0,0.9314021782077053
global,related_same,0.0,87,1,EXECUTE,published_after_gate_recheck,1127.9876958578825,280.4239579709247,0.0,0.9314021782077053
global,related_same,0.0,88,1,EXECUTE,published_after_gate_recheck,1159.389326814562,292.269708996173,0.0,0.9314021782077053
global,related_same,0.0,89,1,EXECUTE,published_after_gate_recheck,1102.9516141861677,274.1353749879636,0.0,0.9314021782077053
global,related_same,0.0,90,1,EXECUTE,published_after_gate_recheck,1135.3346072137356,284.81520898640156,0.0,0.9314021782077053
global,related_same,0.0,91,1,EXECUTE,published_after_gate_recheck,956.398343667388,266.26199996098876,0.0,0.9314021782077053
global,related_same,0.0,92,1,EXECUTE,published_after_gate_recheck,755.4670860990882,203.14345898805186,0.0,0.9314021782077053
global,related_same,0.0,93,1,EXECUTE,published_after_gate_recheck,1129.3832128867507,278.15183298662305,0.0,0.9314021782077053
global,related_same,0.0,94,1,EXECUTE,published_after_gate_recheck,1109.253745060414,275.4550419631414,0.0,0.9314021782077053
global,related_same,0.0,95,1,EXECUTE,published_after_gate_recheck,1095.0606116093695,272.977415996138,0.0,0.9314021782077053
global,related_same,0.0,96,1,EXECUTE,published_after_gate_recheck,1114.1668101772666,281.33649996016175,0.0,0.9314021782077053
global,related_same,0.0,97,1,EXECUTE,published_after_gate_recheck,1119.9213052168489,277.2485419991426,0.0,0.9314021782077053
global,related_same,0.0,98,1,EXECUTE,published_after_gate_recheck,1098.5010550357401,275.4882919834927,0.0,0.9314021782077053
global,related_same,0.0,99,1,EXECUTE,published_after_gate_recheck,1104.3870160356164,275.7479170104489,0.0,0.9314021782077053
readset,related_same,0.0,0,1,EXECUTE,published_after_gate_recheck,1094.9532804079354,268.9594579860568,0.0,0.9432849833009358
readset,related_same,0.0,1,1,EXECUTE,published_after_gate_recheck,636.7117892950773,173.0847080470994,0.0,0.9432849833009358
readset,related_same,0.0,2,1,EXECUTE,published_after_gate_recheck,1111.811743117869,280.2304999786429,0.0,0.9432849833009358
readset,related_same,0.0,3,1,EXECUTE,published_after_gate_recheck,1121.6367529705167,279.2298330459744,0.0,0.9432849833009358
readset,related_same,0.0,4,1,EXECUTE,published_after_gate_recheck,1127.3049148730934,284.10604095552117,0.0,0.9432849833009358
readset,related_same,0.0,5,1,EXECUTE,published_after_gate_recheck,1100.802332162857,276.25479095149785,0.0,0.9432849833009358
readset,related_same,0.0,6,1,EXECUTE,published_after_gate_recheck,1112.1642049401999,276.46241697948426,0.0,0.9432849833009358
readset,related_same,0.0,7,1,EXECUTE,published_after_gate_recheck,1119.138485752046,282.2849169606343,0.0,0.9432849833009358
readset,related_same,0.0,8,1,EXECUTE,published_after_gate_recheck,1105.8635958470404,278.2157500041649,0.0,0.9432849833009358
readset,related_same,0.0,9,1,EXECUTE,published_after_gate_recheck,1122.4487158469856,287.12245798669755,0.0,0.9432849833009358
readset,related_same,0.0,10,1,EXECUTE,published_after_gate_recheck,909.3379308469594,207.3814159957692,0.0,0.9432849833009358
readset,related_same,0.0,11,1,EXECUTE,published_after_gate_recheck,825.478620827198,232.12904098909348,0.0,0.9432849833009358
readset,related_same,0.0,12,1,EXECUTE,published_after_gate_recheck,1118.148219306022,276.6286249971017,0.0,0.9432849833009358
readset,related_same,0.0,13,1,EXECUTE,published_after_gate_recheck,1107.425965834409,276.4582500094548,0.0,0.9432849833009358
readset,related_same,0.0,14,1,EXECUTE,published_after_gate_recheck,1097.6897128857672,280.5077909724787,0.0,0.9432849833009358
readset,related_same,0.0,15,1,EXECUTE,published_after_gate_recheck,1125.4050610587,283.03375001996756,0.0,0.9432849833009358
readset,related_same,0.0,16,1,EXECUTE,published_after_gate_recheck,1134.1532496735454,281.9467920344323,0.0,0.9432849833009358
readset,related_same,0.0,17,1,EXECUTE,published_after_gate_recheck,1111.4277220331132,274.764291010797,0.0,0.9432849833009358
readset,related_same,0.0,18,1,EXECUTE,published_after_gate_recheck,1118.1801091879606,278.9140420500189,0.0,0.9432849833009358
readset,related_same,0.0,19,1,EXECUTE,published_after_gate_recheck,1134.9353580735624,289.4702909979969,0.0,0.9432849833009358
readset,related_same,0.0,20,1,EXECUTE,published_after_gate_recheck,703.6345000378788,124.71150001510978,0.0,0.9432849833009358
readset,related_same,0.0,21,1,EXECUTE,published_after_gate_recheck,1001.3320897705853,281.6298329853453,0.0,0.9432849833009358
readset,related_same,0.0,22,1,EXECUTE,published_after_gate_recheck,1119.3636688403785,274.8512920225039,0.0,0.9432849833009358
readset,related_same,0.0,23,1,EXECUTE,published_after_gate_recheck,1114.368217997253,282.19304099911824,0.0,0.9432849833009358
readset,related_same,0.0,24,1,EXECUTE,published_after_gate_recheck,1125.91471709311,282.5444999616593,0.0,0.9432849833009358
readset,related_same,0.0,25,1,EXECUTE,published_after_gate_recheck,1154.1321869008243,292.5734159653075,0.0,0.9432849833009358
readset,related_same,0.0,26,1,EXECUTE,published_after_gate_recheck,1186.6702502593398,301.11179198138416,0.0,0.9432849833009358
readset,related_same,0.0,27,1,EXECUTE,published_after_gate_recheck,1122.7214173413813,276.7289170296863,0.0,0.9432849833009358
readset,related_same,0.0,28,1,EXECUTE,published_after_gate_recheck,1103.1314712017775,276.1375829577446,0.0,0.9432849833009358
readset,related_same,0.0,29,1,EXECUTE,published_after_gate_recheck,1056.9579908624291,278.84833299322054,0.0,0.9432849833009358
readset,related_same,0.0,30,1,EXECUTE,published_after_gate_recheck,608.1121629104018,160.08045803755522,0.0,0.9432849833009358
readset,related_same,0.0,31,1,EXECUTE,published_after_gate_recheck,1085.8720657415688,282.64179202960804,0.0,0.9432849833009358
readset,related_same,0.0,32,1,EXECUTE,published_after_gate_recheck,1118.6751779168844,279.57195800263435,0.0,0.9432849833009358
readset,related_same,0.0,33,1,EXECUTE,published_after_gate_recheck,1106.4434139989316,279.70208297483623,0.0,0.9432849833009358
readset,related_same,0.0,34,1,EXECUTE,published_after_gate_recheck,1130.5893948301673,281.7180840065703,0.0,0.9432849833009358
readset,related_same,0.0,35,1,EXECUTE,published_after_gate_recheck,1124.9603065662086,279.35316698858514,0.0,0.9432849833009358
readset,related_same,0.0,36,1,EXECUTE,published_after_gate_recheck,1110.123606864363,277.3835840052925,0.0,0.9432849833009358
readset,related_same,0.0,37,1,EXECUTE,published_after_gate_recheck,1124.1433336399496,285.5535409762524,0.0,0.9432849833009358
readset,related_same,0.0,38,1,EXECUTE,published_after_gate_recheck,1134.4173359684646,287.05670800991356,0.0,0.9432849833009358
readset,related_same,0.0,39,1,EXECUTE,published_after_gate_recheck,903.4240879118443,204.47062503080815,0.0,0.9432849833009358
readset,related_same,0.0,40,1,EXECUTE,published_after_gate_recheck,778.9712441153824,217.00908296043053,0.0,0.9432849833009358
readset,related_same,0.0,41,1,EXECUTE,published_after_gate_recheck,1139.6139827556908,289.3125420087017,0.0,0.9432849833009358
readset,related_same,0.0,42,1,EXECUTE,published_after_gate_recheck,1106.3998122699559,277.29816699866205,0.0,0.9432849833009358
readset,related_same,0.0,43,1,EXECUTE,published_after_gate_recheck,1117.1548259444535,282.28504199068993,0.0,0.9432849833009358
readset,related_same,0.0,44,1,EXECUTE,published_after_gate_recheck,1116.701163817197,278.19666697178036,0.0,0.9432849833009358
readset,related_same,0.0,45,1,EXECUTE,published_after_gate_recheck,1131.671275012195,286.5794170065783,0.0,0.9432849833009358
readset,related_same,0.0,46,1,EXECUTE,published_after_gate_recheck,1116.8730473145843,281.5314580220729,0.0,0.9432849833009358
readset,related_same,0.0,47,1,EXECUTE,published_after_gate_recheck,1107.9599587246776,276.96783404098824,0.0,0.9432849833009358
readset,related_same,0.0,48,1,EXECUTE,published_after_gate_recheck,1119.1219864413142,277.7556250221096,0.0,0.9432849833009358
readset,related_same,0.0,49,1,EXECUTE,published_after_gate_recheck,738.1385010667145,127.87337496411055,0.0,0.9432849833009358
readset,related_same,0.0,50,1,EXECUTE,published_after_gate_recheck,895.6901910714805,245.81408296944574,0.0,0.9432849833009358
readset,related_same,0.0,51,1,EXECUTE,published_after_gate_recheck,1128.6465520970523,278.799416963011,0.0,0.9432849833009358
readset,related_same,0.0,52,1,EXECUTE,published_after_gate_recheck,1116.460703779012,277.9108750401065,0.0,0.9432849833009358
readset,related_same,0.0,53,1,EXECUTE,published_after_gate_recheck,1133.6412797681987,283.56841701315716,0.0,0.9432849833009358
readset,related_same,0.0,54,1,EXECUTE,published_after_gate_recheck,1145.3287927433848,282.9022500081919,0.0,0.9432849833009358
readset,related_same,0.0,55,1,EXECUTE,published_after_gate_recheck,1150.6852908059955,285.3373750112951,0.0,0.9432849833009358
readset,related_same,0.0,56,1,EXECUTE,published_after_gate_recheck,1107.236591167748,279.5306659536436,0.0,0.9432849833009358
readset,related_same,0.0,57,1,EXECUTE,published_after_gate_recheck,1145.096437074244,289.2289999872446,0.0,0.9432849833009358
readset,related_same,0.0,58,1,EXECUTE,published_after_gate_recheck,1123.9429893903434,280.9683749801479,0.0,0.9432849833009358
readset,related_same,0.0,59,1,EXECUTE,published_after_gate_recheck,576.4931328594685,141.44999999552965,0.0,0.9432849833009358
readset,related_same,0.0,60,1,EXECUTE,published_after_gate_recheck,1056.58670514822,278.73316599288955,0.0,0.9432849833009358
readset,related_same,0.0,61,1,EXECUTE,published_after_gate_recheck,1114.886952098459,276.1247910093516,0.0,0.9432849833009358
readset,related_same,0.0,62,1,EXECUTE,published_after_gate_recheck,1138.1967146880925,285.072292026598,0.0,0.9432849833009358
readset,related_same,0.0,63,1,EXECUTE,published_after_gate_recheck,1119.6584817953408,279.46695900755003,0.0,0.9432849833009358
readset,related_same,0.0,64,1,EXECUTE,published_after_gate_recheck,1106.094819959253,278.01266696769744,0.0,0.9432849833009358
readset,related_same,0.0,65,1,EXECUTE,published_after_gate_recheck,1101.2429990805686,277.670124953147,0.0,0.9432849833009358
readset,related_same,0.0,66,1,EXECUTE,published_after_gate_recheck,1094.629683997482,271.7679580091499,0.0,0.9432849833009358
readset,related_same,0.0,67,1,EXECUTE,published_after_gate_recheck,1122.8021490387619,277.3928749957122,0.0,0.9432849833009358
readset,related_same,0.0,68,1,EXECUTE,published_after_gate_recheck,1006.8897441960871,281.9167919806205,0.0,0.9432849833009358
readset,related_same,0.0,69,1,EXECUTE,published_after_gate_recheck,667.2834549099207,182.35379201360047,0.0,0.9432849833009358
readset,related_same,0.0,70,1,EXECUTE,published_after_gate_recheck,1102.7039787732065,279.34758400078863,0.0,0.9432849833009358
readset,related_same,0.0,71,1,EXECUTE,published_after_gate_recheck,1104.2297813110054,279.0110839996487,0.0,0.9432849833009358
readset,related_same,0.0,72,1,EXECUTE,published_after_gate_recheck,1154.8367668874562,287.85745799541473,0.0,0.9432849833009358
readset,related_same,0.0,73,1,EXECUTE,published_after_gate_recheck,1125.6328481249511,279.58629198838025,0.0,0.9432849833009358
readset,related_same,0.0,74,1,EXECUTE,published_after_gate_recheck,1123.5292721539736,283.7706249556504,0.0,0.9432849833009358
readset,related_same,0.0,75,1,EXECUTE,published_after_gate_recheck,1142.3536627553403,285.6289169867523,0.0,0.9432849833009358
readset,related_same,0.0,76,1,EXECUTE,published_after_gate_recheck,1126.9150343723595,286.3094999920577,0.0,0.9432849833009358
readset,related_same,0.0,77,1,EXECUTE,published_after_gate_recheck,1121.1492083966732,283.5835000150837,0.0,0.9432849833009358
readset,related_same,0.0,78,1,EXECUTE,published_after_gate_recheck,812.1290197595954,124.11520798923448,0.0,0.9432849833009358
readset,related_same,0.0,79,1,EXECUTE,published_after_gate_recheck,869.7142358869314,242.96258302638307,0.0,0.9432849833009358
readset,related_same,0.0,80,1,EXECUTE,published_after_gate_recheck,1142.7720771171153,290.1735000195913,0.0,0.9432849833009358
readset,related_same,0.0,81,1,EXECUTE,published_after_gate_recheck,1131.9378246553242,283.24274998158216,0.0,0.9432849833009358
readset,related_same,0.0,82,1,EXECUTE,published_after_gate_recheck,1135.680774692446,280.2498340024613,0.0,0.9432849833009358
readset,related_same,0.0,83,1,EXECUTE,published_after_gate_recheck,1118.1030343286693,277.4713330436498,0.0,0.9432849833009358
readset,related_same,0.0,84,1,EXECUTE,published_after_gate_recheck,1134.2303450219333,287.2888330020942,0.0,0.9432849833009358
readset,related_same,0.0,85,1,EXECUTE,published_after_gate_recheck,1112.9534849897027,277.5334999896586,0.0,0.9432849833009358
readset,related_same,0.0,86,1,EXECUTE,published_after_gate_recheck,1124.0879399701953,278.3656669780612,0.0,0.9432849833009358
readset,related_same,0.0,87,1,EXECUTE,published_after_gate_recheck,1107.7997670508921,275.85358399664983,0.0,0.9432849833009358
readset,related_same,0.0,88,1,EXECUTE,published_after_gate_recheck,621.8888349831104,128.09787498554215,0.0,0.9432849833009358
readset,related_same,0.0,89,1,EXECUTE,published_after_gate_recheck,995.5987650901079,278.06087501812726,0.0,0.9432849833009358
readset,related_same,0.0,90,1,EXECUTE,published_after_gate_recheck,1125.8804933167994,276.9221250200644,0.0,0.9432849833009358
readset,related_same,0.0,91,1,EXECUTE,published_after_gate_recheck,1141.9089194387197,278.43533403938636,0.0,0.9432849833009358
readset,related_same,0.0,92,1,EXECUTE,published_after_gate_recheck,1128.1965770758688,285.4386249673553,0.0,0.9432849833009358
readset,related_same,0.0,93,1,EXECUTE,published_after_gate_recheck,1099.1069618612528,275.83687502192333,0.0,0.9432849833009358
readset,related_same,0.0,94,1,EXECUTE,published_after_gate_recheck,1120.5865829251707,282.26045798510313,0.0,0.9432849833009358
readset,related_same,0.0,95,1,EXECUTE,published_after_gate_recheck,1135.946084279567,288.75366697320715,0.0,0.9432849833009358
readset,related_same,0.0,96,1,EXECUTE,published_after_gate_recheck,1134.9437241442502,288.28458301723003,0.0,0.9432849833009358
readset,related_same,0.0,97,1,EXECUTE,published_after_gate_recheck,1036.397332791239,275.19841596949846,0.0,0.9432849833009358
readset,related_same,0.0,98,1,EXECUTE,published_after_gate_recheck,660.3882201015949,179.0792919928208,0.0,0.9432849833009358
readset,related_same,0.0,99,1,EXECUTE,published_after_gate_recheck,1116.2181794643402,292.6048749941401,0.0,0.9432849833009358
truth,related_same,0.0,0,1,EXECUTE,published_after_gate_recheck,1120.0297391042113,278.2942919875495,0.0,0.9355002232422701
truth,related_same,0.0,1,1,EXECUTE,published_after_gate_recheck,1112.9144206643105,278.51595799438655,0.0,0.9355002232422701
truth,related_same,0.0,2,1,EXECUTE,published_after_gate_recheck,1126.7733769491315,279.0842920076102,0.0,0.9355002232422701
truth,related_same,0.0,3,1,EXECUTE,published_after_gate_recheck,1111.0780970193446,274.8082500183955,0.0,0.9355002232422701
truth,related_same,0.0,4,1,EXECUTE,published_after_gate_recheck,1129.9731899052858,287.2364170034416,0.0,0.9355002232422701
truth,related_same,0.0,5,1,EXECUTE,published_after_gate_recheck,1152.555047068745,280.3521250025369,0.0,0.9355002232422701
truth,related_same,0.0,6,1,EXECUTE,published_after_gate_recheck,1117.7245741710067,282.25808299612254,0.0,0.9355002232422701
truth,related_same,0.0,7,1,EXECUTE,published_after_gate_recheck,582.8719781711698,142.86358404206112,0.0,0.9355002232422701
truth,related_same,0.0,8,1,EXECUTE,published_after_gate_recheck,1042.3438781872392,276.0720840306021,0.0,0.9355002232422701
truth,related_same,0.0,9,1,EXECUTE,published_after_gate_recheck,1124.5721490122378,282.5723749701865,0.0,0.9355002232422701
truth,related_same,0.0,10,1,EXECUTE,published_after_gate_recheck,1114.947544876486,279.6391249867156,0.0,0.9355002232422701
truth,related_same,0.0,11,1,EXECUTE,published_after_gate_recheck,1127.8116749599576,277.34016603790224,0.0,0.9355002232422701
truth,related_same,0.0,12,1,EXECUTE,published_after_gate_recheck,1125.8430532179773,285.38266697432846,0.0,0.9355002232422701
truth,related_same,0.0,13,1,EXECUTE,published_after_gate_recheck,1153.8261319510639,291.821249993518,0.0,0.9355002232422701
truth,related_same,0.0,14,1,EXECUTE,published_after_gate_recheck,1152.8841853141785,291.8110419996083,0.0,0.9355002232422701
truth,related_same,0.0,15,1,EXECUTE,published_after_gate_recheck,1100.5035722628236,275.21237498149276,0.0,0.9355002232422701
truth,related_same,0.0,16,1,EXECUTE,published_after_gate_recheck,945.267294999212,273.4839579788968,0.0,0.9355002232422701
truth,related_same,0.0,17,1,EXECUTE,published_after_gate_recheck,733.5595018230379,202.76387501507998,0.0,0.9355002232422701
truth,related_same,0.0,18,1,EXECUTE,published_after_gate_recheck,1118.0260796099901,285.3448750101961,0.0,0.9355002232422701
truth,related_same,0.0,19,1,EXECUTE,published_after_gate_recheck,1119.1661176271737,278.46045896876603,0.0,0.9355002232422701
truth,related_same,0.0,20,1,EXECUTE,published_after_gate_recheck,1120.66016998142,280.6554170092568,0.0,0.9355002232422701
truth,related_same,0.0,21,1,EXECUTE,published_after_gate_recheck,1110.1386453956366,274.4845420238562,0.0,0.9355002232422701
truth,related_same,0.0,22,1,EXECUTE,published_after_gate_recheck,1116.4340530522168,281.8167500081472,0.0,0.9355002232422701
truth,related_same,0.0,23,1,EXECUTE,published_after_gate_recheck,1136.1997998319566,284.38133298186585,0.0,0.9355002232422701
truth,related_same,0.0,24,1,EXECUTE,published_after_gate_recheck,1112.1604372747242,279.9266660003923,0.0,0.9355002232422701
truth,related_same,0.0,25,1,EXECUTE,published_after_gate_recheck,1120.386657770723,276.7539159976877,0.0,0.9355002232422701
truth,related_same,0.0,26,1,EXECUTE,published_after_gate_recheck,771.604236215353,124.41083299927413,0.0,0.9355002232422701
truth,related_same,0.0,27,1,EXECUTE,published_after_gate_recheck,932.8262298367918,272.27504103211686,0.0,0.9355002232422701
truth,related_same,0.0,28,1,EXECUTE,published_after_gate_recheck,1140.6567390076816,284.90729100303724,0.0,0.9355002232422701
truth,related_same,0.0,29,1,EXECUTE,published_after_gate_recheck,1117.7504630759358,278.5782919963822,0.0,0.9355002232422701
truth,related_same,0.0,30,1,EXECUTE,published_after_gate_recheck,1110.8789541758597,276.6426249872893,0.0,0.9355002232422701
truth,related_same,0.0,31,1,EXECUTE,published_after_gate_recheck,1113.4166331030428,279.57120805513114,0.0,0.9355002232422701
truth,related_same,0.0,32,1,EXECUTE,published_after_gate_recheck,1133.966260123998,286.3472090102732,0.0,0.9355002232422701
truth,related_same,0.0,33,1,EXECUTE,published_after_gate_recheck,1119.3422880023718,278.3173330244608,0.0,0.9355002232422701
truth,related_same,0.0,34,1,EXECUTE,published_after_gate_recheck,1118.1921008974314,279.72808305639774,0.0,0.9355002232422701
truth,related_same,0.0,35,1,EXECUTE,published_after_gate_recheck,1120.5827360972762,276.9474579836242,0.0,0.9355002232422701
truth,related_same,0.0,36,1,EXECUTE,published_after_gate_recheck,633.2520991563797,134.37149999663234,0.0,0.9355002232422701
truth,related_same,0.0,37,1,EXECUTE,published_after_gate_recheck,1056.3127701170743,276.98437502840534,0.0,0.9355002232422701
truth,related_same,0.0,38,1,EXECUTE,published_after_gate_recheck,1153.9404368959367,276.1482499772683,0.0,0.9355002232422701
truth,related_same,0.0,39,1,EXECUTE,published_after_gate_recheck,1139.6092954091728,281.9770000060089,0.0,0.9355002232422701
truth,related_same,0.0,40,1,EXECUTE,published_after_gate_recheck,1112.1572209522128,277.33987499959767,0.0,0.9355002232422701
truth,related_same,0.0,41,1,EXECUTE,published_after_gate_recheck,1112.9189301282167,276.2971249758266,0.0,0.9355002232422701
truth,related_same,0.0,42,1,EXECUTE,published_after_gate_recheck,1129.6866219490767,285.2228329866193,0.0,0.9355002232422701
truth,related_same,0.0,43,1,EXECUTE,published_after_gate_recheck,1137.3544153757393,284.97591702034697,0.0,0.9355002232422701
truth,related_same,0.0,44,1,EXECUTE,published_after_gate_recheck,1113.6963781900704,275.57770803105086,0.0,0.9355002232422701
truth,related_same,0.0,45,1,EXECUTE,published_after_gate_recheck,970.0637478381395,281.7869579885155,0.0,0.9355002232422701
truth,related_same,0.0,46,1,EXECUTE,published_after_gate_recheck,682.0185040123761,184.66662504943088,0.0,0.9355002232422701
truth,related_same,0.0,47,1,EXECUTE,published_after_gate_recheck,1124.6174736879766,284.99625000404194,0.0,0.9355002232422701
truth,related_same,0.0,48,1,EXECUTE,published_after_gate_recheck,1116.7410989291966,280.0187910324894,0.0,0.9355002232422701
truth,related_same,0.0,49,1,EXECUTE,published_after_gate_recheck,1121.1557602509856,283.2436250173487,0.0,0.9355002232422701
truth,related_same,0.0,50,1,EXECUTE,published_after_gate_recheck,1111.330681014806,277.19620801508427,0.0,0.9355002232422701
truth,related_same,0.0,51,1,EXECUTE,published_after_gate_recheck,1121.9349619932473,275.344124995172,0.0,0.9355002232422701
truth,related_same,0.0,52,1,EXECUTE,published_after_gate_recheck,1118.1497420184314,276.508416980505,0.0,0.9355002232422701
truth,related_same,0.0,53,1,EXECUTE,published_after_gate_recheck,1106.617541052401,274.5349580072798,0.0,0.9355002232422701
truth,related_same,0.0,54,1,EXECUTE,published_after_gate_recheck,1105.9032198973,276.2607909971848,0.0,0.9355002232422701
truth,related_same,0.0,55,1,EXECUTE,published_after_gate_recheck,813.9269128441811,123.76616697292775,0.0,0.9355002232422701
truth,related_same,0.0,56,1,EXECUTE,published_after_gate_recheck,862.6669971272349,239.00029197102413,0.0,0.9355002232422701
truth,related_same,0.0,57,1,EXECUTE,published_after_gate_recheck,1116.3586620241404,269.3364169681445,0.0,0.9355002232422701
truth,related_same,0.0,58,1,EXECUTE,published_after_gate_recheck,1120.9359280765057,280.0885830074549,0.0,0.9355002232422701
truth,related_same,0.0,59,1,EXECUTE,published_after_gate_recheck,1120.904368814081,282.74033300112933,0.0,0.9355002232422701
truth,related_same,0.0,60,1,EXECUTE,published_after_gate_recheck,1105.608677957207,273.5303749796003,0.0,0.9355002232422701
truth,related_same,0.0,61,1,EXECUTE,published_after_gate_recheck,1132.3956539854407,283.1393330125138,0.0,0.9355002232422701
truth,related_same,0.0,62,1,EXECUTE,published_after_gate_recheck,1111.42521770671,278.04800000740215,0.0,0.9355002232422701
truth,related_same,0.0,63,1,EXECUTE,published_after_gate_recheck,1119.197668042034,284.63895799359307,0.0,0.9355002232422701
truth,related_same,0.0,64,1,EXECUTE,published_after_gate_recheck,1099.0017647854984,271.7470409697853,0.0,0.9355002232422701
truth,related_same,0.0,65,1,EXECUTE,published_after_gate_recheck,673.7806210294366,124.46975003695115,0.0,0.9355002232422701
truth,related_same,0.0,66,1,EXECUTE,published_after_gate_recheck,1089.1751223243773,310.33637502696365,0.0,0.9355002232422701
truth,related_same,0.0,67,1,EXECUTE,published_after_gate_recheck,1408.3666591905057,348.9858749671839,0.0,0.9355002232422701
truth,related_same,0.0,68,1,EXECUTE,published_after_gate_recheck,1083.1434279680252,229.8655000049621,0.0,0.9355002232422701
truth,related_same,0.0,69,1,EXECUTE,published_after_gate_recheck,1298.418302088976,280.5860409862362,0.0,0.9355002232422701
truth,related_same,0.0,70,1,EXECUTE,published_after_gate_recheck,1147.649556864053,289.26920803496614,0.0,0.9355002232422701
truth,related_same,0.0,71,1,EXECUTE,published_after_gate_recheck,1132.232247851789,285.849749983754,0.0,0.9355002232422701
truth,related_same,0.0,72,1,EXECUTE,published_after_gate_recheck,1133.1028402782977,283.4095419966616,0.0,0.9355002232422701
truth,related_same,0.0,73,1,EXECUTE,published_after_gate_recheck,1130.4179937578738,283.44520897371694,0.0,0.9355002232422701
truth,related_same,0.0,74,1,EXECUTE,published_after_gate_recheck,785.6841757893562,127.7998749865219,0.0,0.9355002232422701
truth,related_same,0.0,75,1,EXECUTE,published_after_gate_recheck,891.9451860710979,247.31279100524262,0.0,0.9355002232422701
truth,related_same,0.0,76,1,EXECUTE,published_after_gate_recheck,1129.861120134592,283.01591699710116,0.0,0.9355002232422701
truth,related_same,0.0,77,1,EXECUTE,published_after_gate_recheck,1108.7224981747568,276.8187500187196,0.0,0.9355002232422701
truth,related_same,0.0,78,1,EXECUTE,published_after_gate_recheck,1114.1136907972395,275.4652499570511,0.0,0.9355002232422701
truth,related_same,0.0,79,1,EXECUTE,published_after_gate_recheck,1130.617939401418,280.71183298015967,0.0,0.9355002232422701
truth,related_same,0.0,80,1,EXECUTE,published_after_gate_recheck,1126.0058381594718,278.80679100053385,0.0,0.9355002232422701
truth,related_same,0.0,81,1,EXECUTE,published_after_gate_recheck,1110.9975059516728,276.79670799989253,0.0,0.9355002232422701
truth,related_same,0.0,82,1,EXECUTE,published_after_gate_recheck,808.2146174274385,210.11658298084512,0.0,0.9355002232422701
truth,related_same,0.0,83,1,EXECUTE,published_after_gate_recheck,1282.8496489673853,313.71337501332164,0.0,0.9355002232422701
truth,related_same,0.0,84,1,EXECUTE,published_after_gate_recheck,707.8865957446396,126.01416604593396,0.0,0.9355002232422701
truth,related_same,0.0,85,1,EXECUTE,published_after_gate_recheck,953.8925737142563,266.9979580095969,0.0,0.9355002232422701
truth,related_same,0.0,86,1,EXECUTE,published_after_gate_recheck,1127.6809102855623,279.31099996203557,0.0,0.9355002232422701
truth,related_same,0.0,87,1,EXECUTE,published_after_gate_recheck,1121.8924219720066,286.6265829652548,0.0,0.9355002232422701
truth,related_same,0.0,88,1,EXECUTE,published_after_gate_recheck,1109.6724807284772,279.46545800659806,0.0,0.9355002232422701
truth,related_same,0.0,89,1,EXECUTE,published_after_gate_recheck,1129.9349777400494,286.6539579699747,0.0,0.9355002232422701
truth,related_same,0.0,90,1,EXECUTE,published_after_gate_recheck,932.812653016299,189.3559999880381,0.0,0.9355002232422701
truth,related_same,0.0,91,1,EXECUTE,published_after_gate_recheck,1175.3835990093648,329.1127090342343,0.0,0.9355002232422701
truth,related_same,0.0,92,1,EXECUTE,published_after_gate_recheck,1145.70993790403,284.0900419978425,0.0,0.9355002232422701
truth,related_same,0.0,93,1,EXECUTE,published_after_gate_recheck,1105.858335737139,278.3195420051925,0.0,0.9355002232422701
truth,related_same,0.0,94,1,EXECUTE,published_after_gate_recheck,659.678319003433,136.27662498038262,0.0,0.9355002232422701
truth,related_same,0.0,95,1,EXECUTE,published_after_gate_recheck,1076.6321439296007,288.0124590010382,0.0,0.9355002232422701
truth,related_same,0.0,96,1,EXECUTE,published_after_gate_recheck,1136.1050922423601,279.9014170304872,0.0,0.9355002232422701
truth,related_same,0.0,97,1,EXECUTE,published_after_gate_recheck,1144.6440489962697,287.0695840101689,0.0,0.9355002232422701
truth,related_same,0.0,98,1,EXECUTE,published_after_gate_recheck,1147.3669060505927,294.50254200492054,0.0,0.9355002232422701
truth,related_same,0.0,99,1,EXECUTE,published_after_gate_recheck,1145.4712501727045,283.5592500050552,0.0,0.9355002232422701
global,unrelated,5.0,0,0,REVOKE,context_version_changed_at_publish,1141.2070924416184,285.481582977809,5.003995299909011,0.018776967934301808
global,unrelated,5.0,1,0,REVOKE,context_version_changed_at_publish,1353.8986602798104,335.9815000439994,5.003995299909011,0.018776967934301808
global,unrelated,5.0,2,0,REVOKE,context_version_changed_at_publish,1275.6530903279781,226.9267499796115,5.003995299909011,0.018776967934301808
global,unrelated,5.0,3,0,REVOKE,context_version_changed_at_publish,755.6867678649724,135.41762495879084,5.003995299909011,0.018776967934301808
global,unrelated,5.0,4,0,REVOKE,context_version_changed_at_publish,876.8059387803078,229.04658399056643,5.003995299909011,0.018776967934301808
global,unrelated,5.0,5,0,REVOKE,context_version_changed_at_publish,1107.0117601193488,275.6994169903919,5.003995299909011,0.018776967934301808
global,unrelated,5.0,6,0,REVOKE,context_version_changed_at_publish,1113.1291650235653,277.67858299193904,5.003995299909011,0.018776967934301808
global,unrelated,5.0,7,0,REVOKE,context_version_changed_at_publish,1122.1567676402628,281.8532920209691,5.003995299909011,0.018776967934301808
global,unrelated,5.0,8,0,REVOKE,context_version_changed_at_publish,1140.1612595655024,280.60808300506324,5.003995299909011,0.018776967934301808
global,unrelated,5.0,9,0,REVOKE,context_version_changed_at_publish,1125.6447010673583,281.5936249680817,5.003995299909011,0.018776967934301808
global,unrelated,5.0,10,0,REVOKE,context_version_changed_at_publish,1126.964086201042,281.7145829903893,5.003995299909011,0.018776967934301808
global,unrelated,5.0,11,0,REVOKE,context_version_changed_at_publish,1122.3128801211715,271.7356250504963,5.003995299909011,0.018776967934301808
global,unrelated,5.0,12,0,REVOKE,context_version_changed_at_publish,1013.8861881569028,217.80162496725097,5.003995299909011,0.018776967934301808
global,unrelated,5.0,13,0,REVOKE,context_version_changed_at_publish,675.4182740114629,141.87387499259785,5.003995299909011,0.018776967934301808
global,unrelated,5.0,14,0,REVOKE,context_version_changed_at_publish,1188.7367758899927,304.3279580306262,5.003995299909011,0.018776967934301808
global,unrelated,5.0,15,0,REVOKE,context_version_changed_at_publish,1149.1494998335838,286.8503750069067,5.003995299909011,0.018776967934301808
global,unrelated,5.0,16,0,REVOKE,context_version_changed_at_publish,1135.0700501352549,290.33970803720877,5.003995299909011,0.018776967934301808
global,unrelated,5.0,17,0,REVOKE,context_version_changed_at_publish,1147.8904075920582,281.58104099566117,5.003995299909011,0.018776967934301808
global,unrelated,5.0,18,0,REVOKE,context_version_changed_at_publish,1136.0053238458931,282.1751249721274,5.003995299909011,0.018776967934301808
global,unrelated,5.0,19,0,REVOKE,context_version_changed_at_publish,1158.8394357822835,292.8324999520555,5.003995299909011,0.018776967934301808
global,unrelated,5.0,20,0,REVOKE,context_version_changed_at_publish,1144.187110941857,293.15729200607166,5.003995299909011,0.018776967934301808
global,unrelated,5.0,21,0,REVOKE,context_version_changed_at_publish,1148.1752232648432,286.0951669863425,5.003995299909011,0.018776967934301808
global,unrelated,5.0,22,0,REVOKE,context_version_changed_at_publish,829.214186873287,133.47129098838195,5.003995299909011,0.018776967934301808
global,unrelated,5.0,23,0,REVOKE,context_version_changed_at_publish,971.0833900608122,280.0312080071308,5.003995299909011,0.018776967934301808
global,unrelated,5.0,24,0,REVOKE,context_version_changed_at_publish,1152.6635009795427,285.7336250017397,5.003995299909011,0.018776967934301808
global,unrelated,5.0,25,0,REVOKE,context_version_changed_at_publish,1140.6284356489778,283.55479100719094,5.003995299909011,0.018776967934301808
global,unrelated,5.0,26,0,REVOKE,context_version_changed_at_publish,1138.933387119323,281.5586250508204,5.003995299909011,0.018776967934301808
global,unrelated,5.0,27,0,REVOKE,context_version_changed_at_publish,1154.3918629176915,288.52175001520663,5.003995299909011,0.018776967934301808
global,unrelated,5.0,28,0,REVOKE,context_version_changed_at_publish,1131.8009882234037,285.39416700368747,5.003995299909011,0.018776967934301808
global,unrelated,5.0,29,0,REVOKE,context_version_changed_at_publish,1146.587064024061,286.727000027895,5.003995299909011,0.018776967934301808
global,unrelated,5.0,30,0,REVOKE,context_version_changed_at_publish,1123.47000092268,285.10283399373293,5.003995299909011,0.018776967934301808
global,unrelated,5.0,31,0,REVOKE,context_version_changed_at_publish,1093.3688790537417,282.33470796840265,5.003995299909011,0.018776967934301808
global,unrelated,5.0,32,1,EXECUTE,published_after_gate_recheck,621.7139069922268,159.43562501342967,5.003995299909011,0.018776967934301808
global,unrelated,5.0,33,0,REVOKE,context_version_changed_at_publish,1127.5917631573975,295.382582989987,5.003995299909011,0.018776967934301808
global,unrelated,5.0,34,0,REVOKE,context_version_changed_at_publish,1146.411303896457,285.60879098949954,5.003995299909011,0.018776967934301808
global,unrelated,5.0,35,0,REVOKE,context_version_changed_at_publish,1157.8336488455534,290.42774997651577,5.003995299909011,0.018776967934301808
global,unrelated,5.0,36,0,REVOKE,context_version_changed_at_publish,1152.9790731146932,291.45850002532825,5.003995299909011,0.018776967934301808
global,unrelated,5.0,37,0,REVOKE,context_version_changed_at_publish,1148.967778775841,290.3651670203544,5.003995299909011,0.018776967934301808
global,unrelated,5.0,38,0,REVOKE,context_version_changed_at_publish,1155.5393463931978,292.96466696541756,5.003995299909011,0.018776967934301808
global,unrelated,5.0,39,0,REVOKE,context_version_changed_at_publish,1155.127644073218,285.700291977264,5.003995299909011,0.018776967934301808
global,unrelated,5.0,40,0,REVOKE,context_version_changed_at_publish,1150.45782411471,286.41466703265905,5.003995299909011,0.018776967934301808
global,unrelated,5.0,41,0,REVOKE,context_version_changed_at_publish,770.8642869256437,132.26154202129692,5.003995299909011,0.018776967934301808
global,unrelated,5.0,42,0,REVOKE,context_version_changed_at_publish,909.1826290823519,252.08762497641146,5.003995299909011,0.018776967934301808
global,unrelated,5.0,43,0,REVOKE,context_version_changed_at_publish,1148.6492520198226,283.88737502973527,5.003995299909011,0.018776967934301808
global,unrelated,5.0,44,0,REVOKE,context_version_changed_at_publish,1148.6385110765696,286.80604096734896,5.003995299909011,0.018776967934301808
global,unrelated,5.0,45,0,REVOKE,context_version_changed_at_publish,1132.6981508173048,283.56508299475536,5.003995299909011,0.018776967934301808
global,unrelated,5.0,46,0,REVOKE,context_version_changed_at_publish,1136.8023697286844,284.02020898647606,5.003995299909011,0.018776967934301808
global,unrelated,5.0,47,0,REVOKE,context_version_changed_at_publish,1135.663113091141,282.76891697896644,5.003995299909011,0.018776967934301808
global,unrelated,5.0,48,0,REVOKE,context_version_changed_at_publish,1142.4572565592825,283.3333750022575,5.003995299909011,0.018776967934301808
global,unrelated,5.0,49,0,REVOKE,context_version_changed_at_publish,1149.809367954731,283.523874997627,5.003995299909011,0.018776967934301808
global,unrelated,5.0,50,0,REVOKE,context_version_changed_at_publish,1122.2054287791252,278.74791697831824,5.003995299909011,0.018776967934301808
global,unrelated,5.0,51,1,EXECUTE,published_after_gate_recheck,597.9411047883332,148.0339170084335,5.003995299909011,0.018776967934301808
global,unrelated,5.0,52,0,REVOKE,context_version_changed_at_publish,1080.595389008522,289.5108750090003,5.003995299909011,0.018776967934301808
global,unrelated,5.0,53,0,REVOKE,context_version_changed_at_publish,1145.1370739378035,285.0776250124909,5.003995299909011,0.018776967934301808
global,unrelated,5.0,54,0,REVOKE,context_version_changed_at_publish,1164.6595727652311,289.450750045944,5.003995299909011,0.018776967934301808
global,unrelated,5.0,55,0,REVOKE,context_version_changed_at_publish,1148.8943807780743,287.43791696615517,5.003995299909011,0.018776967934301808
global,unrelated,5.0,56,0,REVOKE,context_version_changed_at_publish,1169.4791140034795,293.86270797112957,5.003995299909011,0.018776967934301808
global,unrelated,5.0,57,0,REVOKE,context_version_changed_at_publish,1139.8377129808068,286.48741700453684,5.003995299909011,0.018776967934301808
global,unrelated,5.0,58,0,REVOKE,context_version_changed_at_publish,1118.4442341327667,277.5022499845363,5.003995299909011,0.018776967934301808
global,unrelated,5.0,59,0,REVOKE,context_version_changed_at_publish,1104.713628999889,275.6666249479167,5.003995299909011,0.018776967934301808
global,unrelated,5.0,60,0,REVOKE,context_version_changed_at_publish,867.1482028439641,196.11620798241347,5.003995299909011,0.018776967934301808
global,unrelated,5.0,61,0,REVOKE,context_version_changed_at_publish,801.6206892207265,218.49162498256192,5.003995299909011,0.018776967934301808
global,unrelated,5.0,62,0,REVOKE,context_version_changed_at_publish,1102.3873761296272,275.1190420240164,5.003995299909011,0.018776967934301808
global,unrelated,5.0,63,0,REVOKE,context_version_changed_at_publish,1120.6417856737971,286.9878330384381,5.003995299909011,0.018776967934301808
global,unrelated,5.0,64,0,REVOKE,context_version_changed_at_publish,1095.0250448659062,273.3063750201836,5.003995299909011,0.018776967934301808
global,unrelated,5.0,65,0,REVOKE,context_version_changed_at_publish,1100.0861590728164,277.4422920192592,5.003995299909011,0.018776967934301808
global,unrelated,5.0,66,0,REVOKE,context_version_changed_at_publish,1031.254277098924,252.55645799916238,5.003995299909011,0.018776967934301808
global,unrelated,5.0,67,0,REVOKE,context_version_changed_at_publish,1074.1349812597036,268.2675840333104,5.003995299909011,0.018776967934301808
global,unrelated,5.0,68,0,REVOKE,context_version_changed_at_publish,1101.6275398433208,270.25370800402015,5.003995299909011,0.018776967934301808
global,unrelated,5.0,69,0,REVOKE,context_version_changed_at_publish,1100.1749658025801,276.49712504353374,5.003995299909011,0.018776967934301808
global,unrelated,5.0,70,0,REVOKE,context_version_changed_at_publish,803.1486850231886,128.69054201291874,5.003995299909011,0.018776967934301808
global,unrelated,5.0,71,0,REVOKE,context_version_changed_at_publish,839.8971259593964,234.36329199466854,5.003995299909011,0.018776967934301808
global,unrelated,5.0,72,0,REVOKE,context_version_changed_at_publish,1068.1913010776043,268.2796669541858,5.003995299909011,0.018776967934301808
global,unrelated,5.0,73,0,REVOKE,context_version_changed_at_publish,1070.2469269745052,270.56687499862164,5.003995299909011,0.018776967934301808
global,unrelated,5.0,74,0,REVOKE,context_version_changed_at_publish,1055.5656091310084,264.7053750115447,5.003995299909011,0.018776967934301808
global,unrelated,5.0,75,0,REVOKE,context_version_changed_at_publish,1076.68465282768,274.89808399695903,5.003995299909011,0.018776967934301808
global,unrelated,5.0,76,0,REVOKE,context_version_changed_at_publish,1054.1894878260791,260.42649999726564,5.003995299909011,0.018776967934301808
global,unrelated,5.0,77,0,REVOKE,context_version_changed_at_publish,1126.0599088855088,275.60062502743676,5.003995299909011,0.018776967934301808
global,unrelated,5.0,78,0,REVOKE,context_version_changed_at_publish,1076.40919694677,269.21137497993186,5.003995299909011,0.018776967934301808
global,unrelated,5.0,79,0,REVOKE,context_version_changed_at_publish,1069.6571818552911,267.9627920151688,5.003995299909011,0.018776967934301808
global,unrelated,5.0,80,0,REVOKE,context_version_changed_at_publish,866.1246323026717,197.19716696999967,5.003995299909011,0.018776967934301808
global,unrelated,5.0,81,0,REVOKE,context_version_changed_at_publish,785.6878628954291,207.0873340126127,5.003995299909011,0.018776967934301808
global,unrelated,5.0,82,0,REVOKE,context_version_changed_at_publish,1093.1458207778633,267.68716698279604,5.003995299909011,0.018776967934301808
global,unrelated,5.0,83,0,REVOKE,context_version_changed_at_publish,1110.6571373529732,288.4655420202762,5.003995299909011,0.018776967934301808
global,unrelated,5.0,84,0,REVOKE,context_version_changed_at_publish,1104.2869980446994,291.4252090267837,5.003995299909011,0.018776967934301808
global,unrelated,5.0,85,0,REVOKE,context_version_changed_at_publish,1091.7241340503097,273.59012502711266,5.003995299909011,0.018776967934301808
global,unrelated,5.0,86,0,REVOKE,context_version_changed_at_publish,1063.6858707293868,265.46579197747633,5.003995299909011,0.018776967934301808
global,unrelated,5.0,87,0,REVOKE,context_version_changed_at_publish,1067.6958421245217,267.09441700950265,5.003995299909011,0.018776967934301808
global,unrelated,5.0,88,0,REVOKE,context_version_changed_at_publish,1061.8294477462769,266.4504999993369,5.003995299909011,0.018776967934301808
global,unrelated,5.0,89,0,REVOKE,context_version_changed_at_publish,1077.926302794367,275.8067920221947,5.003995299909011,0.018776967934301808
global,unrelated,5.0,90,0,REVOKE,context_version_changed_at_publish,854.3771477416158,194.88879095297307,5.003995299909011,0.018776967934301808
global,unrelated,5.0,91,0,REVOKE,context_version_changed_at_publish,818.4573110193014,226.06720798648894,5.003995299909011,0.018776967934301808
global,unrelated,5.0,92,0,REVOKE,context_version_changed_at_publish,1091.0600679926574,272.42870803456753,5.003995299909011,0.018776967934301808
global,unrelated,5.0,93,0,REVOKE,context_version_changed_at_publish,1073.9884451031685,263.52895802119747,5.003995299909011,0.018776967934301808
global,unrelated,5.0,94,0,REVOKE,context_version_changed_at_publish,1077.5802130810916,267.47029199032113,5.003995299909011,0.018776967934301808
global,unrelated,5.0,95,0,REVOKE,context_version_changed_at_publish,1063.5195188224316,262.39516702480614,5.003995299909011,0.018776967934301808
global,unrelated,5.0,96,0,REVOKE,context_version_changed_at_publish,1081.3161409460008,268.52149999467656,5.003995299909011,0.018776967934301808
global,unrelated,5.0,97,0,REVOKE,context_version_changed_at_publish,1088.1383679807186,270.6347089842893,5.003995299909011,0.018776967934301808
global,unrelated,5.0,98,0,REVOKE,context_version_changed_at_publish,1035.5313988402486,252.39516602596268,5.003995299909011,0.018776967934301808
global,unrelated,5.0,99,0,REVOKE,context_version_changed_at_publish,1038.6340799741447,253.42729198746383,5.003995299909011,0.018776967934301808
readset,unrelated,5.0,0,1,EXECUTE,published_after_gate_recheck,594.4992480799556,152.98266703030095,5.008321960089748,1.0263090004867406
readset,unrelated,5.0,1,1,EXECUTE,published_after_gate_recheck,973.8916479982436,260.02287497976795,5.008321960089748,1.0263090004867406
readset,unrelated,5.0,2,1,EXECUTE,published_after_gate_recheck,1013.409182894975,254.18887502746657,5.008321960089748,1.0263090004867406
readset,unrelated,5.0,3,1,EXECUTE,published_after_gate_recheck,816.9517060741782,186.52437499258667,5.008321960089748,1.0263090004867406
readset,unrelated,5.0,4,1,EXECUTE,published_after_gate_recheck,571.3440547697246,131.42066699219868,5.008321960089748,1.0263090004867406
readset,unrelated,5.0,5,1,EXECUTE,published_after_gate_recheck,606.0123653151095,137.74545898195356,5.008321960089748,1.0263090004867406
readset,unrelated,5.0,6,1,EXECUTE,published_after_gate_recheck,514.0268607065082,129.242166003678,5.008321960089748,1.0263090004867406
readset,unrelated,5.0,7,1,EXECUTE,published_after_gate_recheck,560.4885020293295,141.21329196495935,5.008321960089748,1.0263090004867406
readset,unrelated,5.0,8,1,EXECUTE,published_after_gate_recheck,792.8484948351979,194.10316698485985,5.008321960089748,1.0263090004867406
readset,unrelated,5.0,9,1,EXECUTE,published_after_gate_recheck,883.9797950349748,213.48879201104864,5.008321960089748,1.0263090004867406
readset,unrelated,5.0,10,1,EXECUTE,published_after_gate_recheck,811.3198219798505,199.93879197863862,5.008321960089748,1.0263090004867406
readset,unrelated,5.0,11,1,EXECUTE,published_after_gate_recheck,816.8951701372862,202.46520900400355,5.008321960089748,1.0263090004867406
readset,unrelated,5.0,12,1,EXECUTE,published_after_gate_recheck,830.8561281301081,206.90424996428192,5.008321960089748,1.0263090004867406
readset,unrelated,5.0,13,1,EXECUTE,published_after_gate_recheck,826.0935042053461,218.55870803119615,5.008321960089748,1.0263090004867406
readset,unrelated,5.0,14,1,EXECUTE,published_after_gate_recheck,511.2020527012646,125.31737494282424,5.008321960089748,1.0263090004867406
readset,unrelated,5.0,15,1,EXECUTE,published_after_gate_recheck,517.3805118538439,126.6091670258902,5.008321960089748,1.0263090004867406
readset,unrelated,5.0,16,1,EXECUTE,published_after_gate_recheck,541.7045680806041,137.25066697224975,5.008321960089748,1.0263090004867406
readset,unrelated,5.0,17,1,EXECUTE,published_after_gate_recheck,504.444126971066,122.84241704037413,5.008321960089748,1.0263090004867406
readset,unrelated,5.0,18,1,EXECUTE,published_after_gate_recheck,503.63601092249155,124.14012500084937,5.008321960089748,1.0263090004867406
readset,unrelated,5.0,19,1,EXECUTE,published_after_gate_recheck,501.2557958252728,123.50958300521597,5.008321960089748,1.0263090004867406
readset,unrelated,5.0,20,1,EXECUTE,published_after_gate_recheck,507.925677113235,124.98541601235047,5.008321960089748,1.0263090004867406
readset,unrelated,5.0,21,1,EXECUTE,published_after_gate_recheck,500.96362829208374,124.62958303513005,5.008321960089748,1.0263090004867406
readset,unrelated,5.0,22,1,EXECUTE,published_after_gate_recheck,507.3436461389065,124.74083300912753,5.008321960089748,1.0263090004867406
readset,unrelated,5.0,23,1,EXECUTE,published_after_gate_recheck,501.9548870623112,124.78220899356529,5.008321960089748,1.0263090004867406
readset,unrelated,5.0,24,1,EXECUTE,published_after_gate_recheck,501.4347517862916,124.9044580035843,5.008321960089748,1.0263090004867406
readset,unrelated,5.0,25,1,EXECUTE,published_after_gate_recheck,499.46591816842556,124.58783300826326,5.008321960089748,1.0263090004867406
readset,unrelated,5.0,26,1,EXECUTE,published_after_gate_recheck,502.8507080860436,125.84699998842552,5.008321960089748,1.0263090004867406
readset,unrelated,5.0,27,1,EXECUTE,published_after_gate_recheck,503.9193816483021,123.53325000731274,5.008321960089748,1.0263090004867406
readset,unrelated,5.0,28,1,EXECUTE,published_after_gate_recheck,494.031494949013,124.4392090011388,5.008321960089748,1.0263090004867406
readset,unrelated,5.0,29,1,EXECUTE,published_after_gate_recheck,496.9412931241095,122.83412500983104,5.008321960089748,1.0263090004867406
readset,unrelated,5.0,30,1,EXECUTE,published_after_gate_recheck,491.9205051846802,122.94587498763576,5.008321960089748,1.0263090004867406
readset,unrelated,5.0,31,1,EXECUTE,published_after_gate_recheck,495.406704954803,121.97600002400577,5.008321960089748,1.0263090004867406
readset,unrelated,5.0,32,1,EXECUTE,published_after_gate_recheck,1680.3816040046513,439.5170410280116,5.008321960089748,1.0263090004867406
readset,unrelated,5.0,33,1,EXECUTE,published_after_gate_recheck,1598.4670431353152,381.01679098326713,5.008321960089748,1.0263090004867406
readset,unrelated,5.0,34,1,EXECUTE,published_after_gate_recheck,1260.861735790968,311.76808394957334,5.008321960089748,1.0263090004867406
readset,unrelated,5.0,35,1,EXECUTE,published_after_gate_recheck,1172.1015921793878,294.3936249939725,5.008321960089748,1.0263090004867406
readset,unrelated,5.0,36,1,EXECUTE,published_after_gate_recheck,1154.3946280144155,290.91879102634266,5.008321960089748,1.0263090004867406
readset,unrelated,5.0,37,1,EXECUTE,published_after_gate_recheck,1167.4622800201178,293.2993330177851,5.008321960089748,1.0263090004867406
readset,unrelated,5.0,38,1,EXECUTE,published_after_gate_recheck,1164.6918240003288,293.4973749797791,5.008321960089748,1.0263090004867406
readset,unrelated,5.0,39,1,EXECUTE,published_after_gate_recheck,899.8121530748904,201.42320898594335,5.008321960089748,1.0263090004867406
readset,unrelated,5.0,40,1,EXECUTE,published_after_gate_recheck,788.0816529504955,211.71816700370982,5.008321960089748,1.0263090004867406
readset,unrelated,5.0,41,1,EXECUTE,published_after_gate_recheck,1158.1873218528926,290.8577080233954,5.008321960089748,1.0263090004867406
readset,unrelated,5.0,42,1,EXECUTE,published_after_gate_recheck,1138.8364150188863,283.71537500061095,5.008321960089748,1.0263090004867406
readset,unrelated,5.0,43,1,EXECUTE,published_after_gate_recheck,1120.9231340326369,282.0473329629749,5.008321960089748,1.0263090004867406
readset,unrelated,5.0,44,1,EXECUTE,published_after_gate_recheck,1145.4134620726109,287.9967089975253,5.008321960089748,1.0263090004867406
readset,unrelated,5.0,45,1,EXECUTE,published_after_gate_recheck,1137.1120098046958,283.8229170301929,5.008321960089748,1.0263090004867406
readset,unrelated,5.0,46,1,EXECUTE,published_after_gate_recheck,1143.2455461472273,290.88412498822436,5.008321960089748,1.0263090004867406
readset,unrelated,5.0,47,1,EXECUTE,published_after_gate_recheck,1128.8988250307739,282.16025000438094,5.008321960089748,1.0263090004867406
readset,unrelated,5.0,48,1,EXECUTE,published_after_gate_recheck,1141.2796583026648,287.90383297018707,5.008321960089748,1.0263090004867406
readset,unrelated,5.0,49,1,EXECUTE,published_after_gate_recheck,690.5357600189745,130.99862495437264,5.008321960089748,1.0263090004867406
readset,unrelated,5.0,50,1,EXECUTE,published_after_gate_recheck,1098.1487650424242,289.51012500328943,5.008321960089748,1.0263090004867406
readset,unrelated,5.0,51,1,EXECUTE,published_after_gate_recheck,1146.4033792726696,286.92120796767995,5.008321960089748,1.0263090004867406
readset,unrelated,5.0,52,1,EXECUTE,published_after_gate_recheck,1119.9446781538427,281.13666601711884,5.008321960089748,1.0263090004867406
readset,unrelated,5.0,53,1,EXECUTE,published_after_gate_recheck,1103.9760559797287,274.64520797366276,5.008321960089748,1.0263090004867406
readset,unrelated,5.0,54,1,EXECUTE,published_after_gate_recheck,1109.1280691325665,276.57141705276445,5.008321960089748,1.0263090004867406
readset,unrelated,5.0,55,1,EXECUTE,published_after_gate_recheck,1116.9633259996772,281.51050000451505,5.008321960089748,1.0263090004867406
readset,unrelated,5.0,56,1,EXECUTE,published_after_gate_recheck,1119.5561201311648,274.7847500140779,5.008321960089748,1.0263090004867406
readset,unrelated,5.0,57,1,EXECUTE,published_after_gate_recheck,1107.738683000207,279.3582919985056,5.008321960089748,1.0263090004867406
readset,unrelated,5.0,58,1,EXECUTE,published_after_gate_recheck,995.1402149163187,278.7443330162205,5.008321960089748,1.0263090004867406
readset,unrelated,5.0,59,1,EXECUTE,published_after_gate_recheck,697.9611278511584,190.4672920354642,5.008321960089748,1.0263090004867406
readset,unrelated,5.0,60,1,EXECUTE,published_after_gate_recheck,1142.668142914772,288.8640830060467,5.008321960089748,1.0263090004867406
readset,unrelated,5.0,61,1,EXECUTE,published_after_gate_recheck,1118.1152272038162,282.8715000068769,5.008321960089748,1.0263090004867406
readset,unrelated,5.0,62,1,EXECUTE,published_after_gate_recheck,1132.1624568663538,284.3029170180671,5.008321960089748,1.0263090004867406
readset,unrelated,5.0,63,1,EXECUTE,published_after_gate_recheck,1116.5433777496219,278.69391697458923,5.008321960089748,1.0263090004867406
readset,unrelated,5.0,64,1,EXECUTE,published_after_gate_recheck,1101.382890716195,274.6043329825625,5.008321960089748,1.0263090004867406
readset,unrelated,5.0,65,1,EXECUTE,published_after_gate_recheck,1139.05258057639,284.06954201636836,5.008321960089748,1.0263090004867406
readset,unrelated,5.0,66,1,EXECUTE,published_after_gate_recheck,1135.958927217871,289.1775000025518,5.008321960089748,1.0263090004867406
readset,unrelated,5.0,67,1,EXECUTE,published_after_gate_recheck,1113.7013770639896,280.8105000294745,5.008321960089748,1.0263090004867406
readset,unrelated,5.0,68,1,EXECUTE,published_after_gate_recheck,778.9584901183844,122.9290830087848,5.008321960089748,1.0263090004867406
readset,unrelated,5.0,69,1,EXECUTE,published_after_gate_recheck,933.2059808075428,259.51708300272,5.008321960089748,1.0263090004867406
readset,unrelated,5.0,70,1,EXECUTE,published_after_gate_recheck,1142.8258283995092,288.0715409992263,5.008321960089748,1.0263090004867406
readset,unrelated,5.0,71,1,EXECUTE,published_after_gate_recheck,1117.8927500732243,278.93687499454245,5.008321960089748,1.0263090004867406
readset,unrelated,5.0,72,1,EXECUTE,published_after_gate_recheck,1111.354746390134,274.9585839919746,5.008321960089748,1.0263090004867406
readset,unrelated,5.0,73,1,EXECUTE,published_after_gate_recheck,1136.3789150491357,292.90870897239074,5.008321960089748,1.0263090004867406
readset,unrelated,5.0,74,1,EXECUTE,published_after_gate_recheck,1154.5142731629312,301.8700410029851,5.008321960089748,1.0263090004867406
readset,unrelated,5.0,75,1,EXECUTE,published_after_gate_recheck,1138.2539430633187,285.92116601066664,5.008321960089748,1.0263090004867406
readset,unrelated,5.0,76,1,EXECUTE,published_after_gate_recheck,1152.3911696858704,291.33520799223334,5.008321960089748,1.0263090004867406
readset,unrelated,5.0,77,1,EXECUTE,published_after_gate_recheck,1134.8836496472359,281.14933299366385,5.008321960089748,1.0263090004867406
readset,unrelated,5.0,78,1,EXECUTE,published_after_gate_recheck,592.9221301339567,150.43599996715784,5.008321960089748,1.0263090004867406
readset,unrelated,5.0,79,1,EXECUTE,published_after_gate_recheck,1090.4693598859012,292.29154100175947,5.008321960089748,1.0263090004867406
readset,unrelated,5.0,80,1,EXECUTE,published_after_gate_recheck,1120.3688038513064,283.29004195984453,5.008321960089748,1.0263090004867406
readset,unrelated,5.0,81,1,EXECUTE,published_after_gate_recheck,1111.6210552863777,278.4259589971043,5.008321960089748,1.0263090004867406
readset,unrelated,5.0,82,1,EXECUTE,published_after_gate_recheck,1120.6776439212263,284.85724999336526,5.008321960089748,1.0263090004867406
readset,unrelated,5.0,83,1,EXECUTE,published_after_gate_recheck,1121.686636004597,272.30200002668425,5.008321960089748,1.0263090004867406
readset,unrelated,5.0,84,1,EXECUTE,published_after_gate_recheck,1128.8947160355747,279.22883396968246,5.008321960089748,1.0263090004867406
readset,unrelated,5.0,85,1,EXECUTE,published_after_gate_recheck,1138.6222429573536,290.36916699260473,5.008321960089748,1.0263090004867406
readset,unrelated,5.0,86,1,EXECUTE,published_after_gate_recheck,1114.732381887734,278.09941698797047,5.008321960089748,1.0263090004867406
readset,unrelated,5.0,87,1,EXECUTE,published_after_gate_recheck,1138.163813855499,378.1792499939911,5.008321960089748,1.0263090004867406
readset,unrelated,5.0,88,1,EXECUTE,published_after_gate_recheck,1941.3430662825704,424.51091698603705,5.008321960089748,1.0263090004867406
readset,unrelated,5.0,89,1,EXECUTE,published_after_gate_recheck,1254.4545070268214,277.43833302520216,5.008321960089748,1.0263090004867406
readset,unrelated,5.0,90,1,EXECUTE,published_after_gate_recheck,1553.1481951475143,430.99591601639986,5.008321960089748,1.0263090004867406
readset,unrelated,5.0,91,1,EXECUTE,published_after_gate_recheck,1688.9335559681058,423.5668329638429,5.008321960089748,1.0263090004867406
readset,unrelated,5.0,92,1,EXECUTE,published_after_gate_recheck,1666.2010150030255,416.68720898451284,5.008321960089748,1.0263090004867406
readset,unrelated,5.0,93,1,EXECUTE,published_after_gate_recheck,1675.6533160805702,421.431458031293,5.008321960089748,1.0263090004867406
readset,unrelated,5.0,94,1,EXECUTE,published_after_gate_recheck,788.8891878537834,128.16070800181478,5.008321960089748,1.0263090004867406
readset,unrelated,5.0,95,1,EXECUTE,published_after_gate_recheck,997.6695789955556,274.6472909930162,5.008321960089748,1.0263090004867406
readset,unrelated,5.0,96,1,EXECUTE,published_after_gate_recheck,1137.3981973156333,284.0064589981921,5.008321960089748,1.0263090004867406
readset,unrelated,5.0,97,1,EXECUTE,published_after_gate_recheck,979.2340691201389,268.51562497904524,5.008321960089748,1.0263090004867406
readset,unrelated,5.0,98,1,EXECUTE,published_after_gate_recheck,1002.8034090064466,268.7266250140965,5.008321960089748,1.0263090004867406
readset,unrelated,5.0,99,1,EXECUTE,published_after_gate_recheck,1259.5192370936275,304.9174170009792,5.008321960089748,1.0263090004867406
truth,unrelated,5.0,0,1,EXECUTE,published_after_gate_recheck,1108.742155134678,275.1014169771224,5.004980544651921,0.9217566682921244
truth,unrelated,5.0,1,1,EXECUTE,published_after_gate_recheck,1099.4042297825217,273.6461669555865,5.004980544651921,0.9217566682921244
truth,unrelated,5.0,2,1,EXECUTE,published_after_gate_recheck,1117.377762682736,277.3358749691397,5.004980544651921,0.9217566682921244
truth,unrelated,5.0,3,1,EXECUTE,published_after_gate_recheck,716.9666476547718,122.7070419699885,5.004980544651921,0.9217566682921244
truth,unrelated,5.0,4,1,EXECUTE,published_after_gate_recheck,954.4673720374703,270.0500420178287,5.004980544651921,0.9217566682921244
truth,unrelated,5.0,5,1,EXECUTE,published_after_gate_recheck,1149.0243948064744,291.95808299118653,5.004980544651921,0.9217566682921244
truth,unrelated,5.0,6,1,EXECUTE,published_after_gate_recheck,1120.924636721611,277.4568329914473,5.004980544651921,0.9217566682921244
truth,unrelated,5.0,7,1,EXECUTE,published_after_gate_recheck,1111.711425241083,273.1134999776259,5.004980544651921,0.9217566682921244
truth,unrelated,5.0,8,1,EXECUTE,published_after_gate_recheck,1115.6994849443436,285.02170799765736,5.004980544651921,0.9217566682921244
truth,unrelated,5.0,9,1,EXECUTE,published_after_gate_recheck,1129.4531049206853,283.7895829579793,5.004980544651921,0.9217566682921244
truth,unrelated,5.0,10,1,EXECUTE,published_after_gate_recheck,1121.9994029961526,285.17691598972306,5.004980544651921,0.9217566682921244
truth,unrelated,5.0,11,1,EXECUTE,published_after_gate_recheck,1112.1274246834219,277.2770409937948,5.004980544651921,0.9217566682921244
truth,unrelated,5.0,12,1,EXECUTE,published_after_gate_recheck,1137.9905380308628,285.1705420180224,5.004980544651921,0.9217566682921244
truth,unrelated,5.0,13,1,EXECUTE,published_after_gate_recheck,605.2563567645848,151.65729098953307,5.004980544651921,0.9217566682921244
truth,unrelated,5.0,14,1,EXECUTE,published_after_gate_recheck,1091.217203065753,283.3062920253724,5.004980544651921,0.9217566682921244
truth,unrelated,5.0,15,1,EXECUTE,published_after_gate_recheck,1117.164864204824,278.8567499956116,5.004980544651921,0.9217566682921244
truth,unrelated,5.0,16,1,EXECUTE,published_after_gate_recheck,1118.266861885786,286.4889159682207,5.004980544651921,0.9217566682921244
truth,unrelated,5.0,17,1,EXECUTE,published_after_gate_recheck,1113.9272209256887,277.0435000420548,5.004980544651921,0.9217566682921244
truth,unrelated,5.0,18,1,EXECUTE,published_after_gate_recheck,1130.593634210527,283.298583002761,5.004980544651921,0.9217566682921244
truth,unrelated,5.0,19,1,EXECUTE,published_after_gate_recheck,1117.316439282149,276.0363330016844,5.004980544651921,0.9217566682921244
truth,unrelated,5.0,20,1,EXECUTE,published_after_gate_recheck,1127.3623430170119,285.416292026639,5.004980544651921,0.9217566682921244
truth,unrelated,5.0,21,1,EXECUTE,published_after_gate_recheck,1310.4093549773097,307.759250048548,5.004980544651921,0.9217566682921244
truth,unrelated,5.0,22,1,EXECUTE,published_after_gate_recheck,1008.4281000308692,130.59400004567578,5.004980544651921,0.9217566682921244
truth,unrelated,5.0,23,1,EXECUTE,published_after_gate_recheck,990.2958278544247,142.31033297255635,5.004980544651921,0.9217566682921244
truth,unrelated,5.0,24,1,EXECUTE,published_after_gate_recheck,798.0285612866282,209.46141699096188,5.004980544651921,0.9217566682921244
truth,unrelated,5.0,25,1,EXECUTE,published_after_gate_recheck,1123.185628093779,287.83712501171976,5.004980544651921,0.9217566682921244
truth,unrelated,5.0,26,1,EXECUTE,published_after_gate_recheck,1116.607068106532,278.3835000009276,5.004980544651921,0.9217566682921244
truth,unrelated,5.0,27,1,EXECUTE,published_after_gate_recheck,1165.9217202104628,284.7206250298768,5.004980544651921,0.9217566682921244
truth,unrelated,5.0,28,1,EXECUTE,published_after_gate_recheck,1622.6540310308337,400.505792000331,5.004980544651921,0.9217566682921244
truth,unrelated,5.0,29,1,EXECUTE,published_after_gate_recheck,946.4648417197168,139.90104105323553,5.004980544651921,0.9217566682921244
truth,unrelated,5.0,30,1,EXECUTE,published_after_gate_recheck,1290.90182390064,351.1186250252649,5.004980544651921,0.9217566682921244
truth,unrelated,5.0,31,1,EXECUTE,published_after_gate_recheck,1241.9492099434137,318.9433750230819,5.004980544651921,0.9217566682921244
truth,unrelated,5.0,32,1,EXECUTE,published_after_gate_recheck,649.3535423651338,162.38883300684392,5.004980544651921,0.9217566682921244
truth,unrelated,5.0,33,1,EXECUTE,published_after_gate_recheck,729.8979549668729,187.35629197908565,5.004980544651921,0.9217566682921244
truth,unrelated,5.0,34,1,EXECUTE,published_after_gate_recheck,1179.436611942947,288.638208003249,5.004980544651921,0.9217566682921244
truth,unrelated,5.0,35,1,EXECUTE,published_after_gate_recheck,1128.3603040501475,276.940832962282,5.004980544651921,0.9217566682921244
truth,unrelated,5.0,36,1,EXECUTE,published_after_gate_recheck,1139.4431730732322,291.6499169659801,5.004980544651921,0.9217566682921244
truth,unrelated,5.0,37,1,EXECUTE,published_after_gate_recheck,1119.548185262829,278.2576660392806,5.004980544651921,0.9217566682921244
truth,unrelated,5.0,38,1,EXECUTE,published_after_gate_recheck,1134.2130121774971,289.8057500133291,5.004980544651921,0.9217566682921244
truth,unrelated,5.0,39,1,EXECUTE,published_after_gate_recheck,747.9151100851595,129.71908401232213,5.004980544651921,0.9217566682921244
truth,unrelated,5.0,40,1,EXECUTE,published_after_gate_recheck,1133.3126840181649,302.7864590403624,5.004980544651921,0.9217566682921244
truth,unrelated,5.0,41,1,EXECUTE,published_after_gate_recheck,1158.7930787354708,289.2527500516735,5.004980544651921,0.9217566682921244
truth,unrelated,5.0,42,1,EXECUTE,published_after_gate_recheck,1106.3745748251677,281.43658401677385,5.004980544651921,0.9217566682921244
truth,unrelated,5.0,43,1,EXECUTE,published_after_gate_recheck,1140.1764787733555,287.8081669914536,5.004980544651921,0.9217566682921244
truth,unrelated,5.0,44,1,EXECUTE,published_after_gate_recheck,1147.4475366994739,288.1769160158001,5.004980544651921,0.9217566682921244
truth,unrelated,5.0,45,1,EXECUTE,published_after_gate_recheck,1178.3285532146692,297.4120840081014,5.004980544651921,0.9217566682921244
truth,unrelated,5.0,46,1,EXECUTE,published_after_gate_recheck,1171.2215109728277,290.98737495951355,5.004980544651921,0.9217566682921244
truth,unrelated,5.0,47,1,EXECUTE,published_after_gate_recheck,1224.489398766309,312.5240419758484,5.004980544651921,0.9217566682921244
truth,unrelated,5.0,48,1,EXECUTE,published_after_gate_recheck,883.5064768791199,142.38387497607619,5.004980544651921,0.9217566682921244
truth,unrelated,5.0,49,1,EXECUTE,published_after_gate_recheck,962.7541969530284,273.4089590376243,5.004980544651921,0.9217566682921244
truth,unrelated,5.0,50,1,EXECUTE,published_after_gate_recheck,1155.4634729400277,291.2275000126101,5.004980544651921,0.9217566682921244
truth,unrelated,5.0,51,1,EXECUTE,published_after_gate_recheck,1129.0424629114568,287.6688329852186,5.004980544651921,0.9217566682921244
truth,unrelated,5.0,52,1,EXECUTE,published_after_gate_recheck,1115.6697901897132,282.7039579860866,5.004980544651921,0.9217566682921244
truth,unrelated,5.0,53,1,EXECUTE,published_after_gate_recheck,1154.3767848052084,288.4395410073921,5.004980544651921,0.9217566682921244
truth,unrelated,5.0,54,1,EXECUTE,published_after_gate_recheck,1128.6464408040047,281.79037501104176,5.004980544651921,0.9217566682921244
truth,unrelated,5.0,55,1,EXECUTE,published_after_gate_recheck,1125.4475400783122,279.3937500100583,5.004980544651921,0.9217566682921244
truth,unrelated,5.0,56,1,EXECUTE,published_after_gate_recheck,1117.1818659640849,280.7040420011617,5.004980544651921,0.9217566682921244
truth,unrelated,5.0,57,1,EXECUTE,published_after_gate_recheck,1110.541429836303,279.52266699867323,5.004980544651921,0.9217566682921244
truth,unrelated,5.0,58,1,EXECUTE,published_after_gate_recheck,593.416799325496,141.84362499509007,5.004980544651921,0.9217566682921244
truth,unrelated,5.0,59,1,EXECUTE,published_after_gate_recheck,1038.6858968995512,275.0059170066379,5.004980544651921,0.9217566682921244
truth,unrelated,5.0,60,1,EXECUTE,published_after_gate_recheck,1129.2067817412317,282.2121669887565,5.004980544651921,0.9217566682921244
truth,unrelated,5.0,61,1,EXECUTE,published_after_gate_recheck,1117.1312718652189,280.0801660050638,5.004980544651921,0.9217566682921244
truth,unrelated,5.0,62,1,EXECUTE,published_after_gate_recheck,1104.1437103413045,275.3167079645209,5.004980544651921,0.9217566682921244
truth,unrelated,5.0,63,1,EXECUTE,published_after_gate_recheck,1104.248977266252,272.60633395053446,5.004980544651921,0.9217566682921244
truth,unrelated,5.0,64,1,EXECUTE,published_after_gate_recheck,1121.5688148513436,284.1288329800591,5.004980544651921,0.9217566682921244
truth,unrelated,5.0,65,1,EXECUTE,published_after_gate_recheck,1119.208998978138,278.1303329975344,5.004980544651921,0.9217566682921244
truth,unrelated,5.0,66,1,EXECUTE,published_after_gate_recheck,1112.6334951259196,276.43787499982864,5.004980544651921,0.9217566682921244
truth,unrelated,5.0,67,1,EXECUTE,published_after_gate_recheck,1002.9386729001999,276.92974999081343,5.004980544651921,0.9217566682921244
truth,unrelated,5.0,68,1,EXECUTE,published_after_gate_recheck,659.145369194448,183.55991697171703,5.004980544651921,0.9217566682921244
truth,unrelated,5.0,69,1,EXECUTE,published_after_gate_recheck,1128.3082361333072,288.85891602840275,5.004980544651921,0.9217566682921244
truth,unrelated,5.0,70,1,EXECUTE,published_after_gate_recheck,1116.1700482480228,280.1707080216147,5.004980544651921,0.9217566682921244
truth,unrelated,5.0,71,1,EXECUTE,published_after_gate_recheck,1115.915970876813,277.83079200889915,5.004980544651921,0.9217566682921244
truth,unrelated,5.0,72,1,EXECUTE,published_after_gate_recheck,1107.8777639195323,277.0096250460483,5.004980544651921,0.9217566682921244
truth,unrelated,5.0,73,1,EXECUTE,published_after_gate_recheck,1107.7170022763312,272.6527079939842,5.004980544651921,0.9217566682921244
truth,unrelated,5.0,74,1,EXECUTE,published_after_gate_recheck,1117.8172379732132,281.33374999742955,5.004980544651921,0.9217566682921244
truth,unrelated,5.0,75,1,EXECUTE,published_after_gate_recheck,1111.8986960500479,276.2015839689411,5.004980544651921,0.9217566682921244
truth,unrelated,5.0,76,1,EXECUTE,published_after_gate_recheck,1121.7931057326496,282.8993750154041,5.004980544651921,0.9217566682921244
truth,unrelated,5.0,77,1,EXECUTE,published_after_gate_recheck,849.3006150238216,159.43166700890288,5.004980544651921,0.9217566682921244
truth,unrelated,5.0,78,1,EXECUTE,published_after_gate_recheck,834.6278318203986,228.6177499918267,5.004980544651921,0.9217566682921244
truth,unrelated,5.0,79,1,EXECUTE,published_after_gate_recheck,1140.9405418671668,282.65845897840336,5.004980544651921,0.9217566682921244
truth,unrelated,5.0,80,1,EXECUTE,published_after_gate_recheck,1113.4351189248264,278.3479579957202,5.004980544651921,0.9217566682921244
truth,unrelated,5.0,81,1,EXECUTE,published_after_gate_recheck,1124.2228629998863,280.91824997682124,5.004980544651921,0.9217566682921244
truth,unrelated,5.0,82,1,EXECUTE,published_after_gate_recheck,1105.3615040145814,279.8437500023283,5.004980544651921,0.9217566682921244
truth,unrelated,5.0,83,1,EXECUTE,published_after_gate_recheck,1124.7597010806203,283.6872920161113,5.004980544651921,0.9217566682921244
truth,unrelated,5.0,84,1,EXECUTE,published_after_gate_recheck,1120.209685061127,282.0406249957159,5.004980544651921,0.9217566682921244
truth,unrelated,5.0,85,1,EXECUTE,published_after_gate_recheck,1103.5605859942734,275.4538750159554,5.004980544651921,0.9217566682921244
truth,unrelated,5.0,86,1,EXECUTE,published_after_gate_recheck,1322.395598050207,338.01054197829217,5.004980544651921,0.9217566682921244
truth,unrelated,5.0,87,1,EXECUTE,published_after_gate_recheck,1003.6809560842812,249.20995900174603,5.004980544651921,0.9217566682921244
truth,unrelated,5.0,88,1,EXECUTE,published_after_gate_recheck,1459.18478211388,361.0684580053203,5.004980544651921,0.9217566682921244
truth,unrelated,5.0,89,1,EXECUTE,published_after_gate_recheck,745.4630807042122,163.13304100185633,5.004980544651921,0.9217566682921244
truth,unrelated,5.0,90,1,EXECUTE,published_after_gate_recheck,1071.3816359639168,296.88670800533146,5.004980544651921,0.9217566682921244
truth,unrelated,5.0,91,1,EXECUTE,published_after_gate_recheck,1172.1287835389376,291.25158296665177,5.004980544651921,0.9217566682921244
truth,unrelated,5.0,92,1,EXECUTE,published_after_gate_recheck,1410.038584843278,420.39133299840614,5.004980544651921,0.9217566682921244
truth,unrelated,5.0,93,1,EXECUTE,published_after_gate_recheck,1479.3943208642304,353.2138340524398,5.004980544651921,0.9217566682921244
truth,unrelated,5.0,94,1,EXECUTE,published_after_gate_recheck,1141.7129607871175,242.1642080298625,5.004980544651921,0.9217566682921244
truth,unrelated,5.0,95,1,EXECUTE,published_after_gate_recheck,1268.880806863308,329.2748329695314,5.004980544651921,0.9217566682921244
truth,unrelated,5.0,96,1,EXECUTE,published_after_gate_recheck,999.9066349118948,297.0210839994252,5.004980544651921,0.9217566682921244
truth,unrelated,5.0,97,1,EXECUTE,published_after_gate_recheck,860.9601161442697,153.7089589983225,5.004980544651921,0.9217566682921244
truth,unrelated,5.0,98,1,EXECUTE,published_after_gate_recheck,855.7703914120793,227.10441699018702,5.004980544651921,0.9217566682921244
truth,unrelated,5.0,99,1,EXECUTE,published_after_gate_recheck,1137.557024601847,283.7329580215737,5.004980544651921,0.9217566682921244
global,related_same,5.0,0,0,REVOKE,context_version_changed_at_publish,1130.9844367206097,281.6231669858098,5.006736397454533,0.03681476482697824
global,related_same,5.0,1,0,REVOKE,context_version_changed_at_publish,1126.7345151863992,275.09791596094146,5.006736397454533,0.03681476482697824
global,related_same,5.0,2,0,REVOKE,context_version_changed_at_publish,1125.112131703645,281.1743750353344,5.006736397454533,0.03681476482697824
global,related_same,5.0,3,0,REVOKE,context_version_changed_at_publish,1118.7972170300782,280.5475000059232,5.006736397454533,0.03681476482697824
global,related_same,5.0,4,0,REVOKE,context_version_changed_at_publish,1039.9838821031153,273.0308329919353,5.006736397454533,0.03681476482697824
global,related_same,5.0,5,0,REVOKE,context_version_changed_at_publish,728.6710320040584,201.28475001547486,5.006736397454533,0.03681476482697824
global,related_same,5.0,6,0,REVOKE,context_version_changed_at_publish,1168.0868119001389,289.2534999991767,5.006736397454533,0.03681476482697824
global,related_same,5.0,7,0,REVOKE,context_version_changed_at_publish,1140.4695380479097,288.5301670175977,5.006736397454533,0.03681476482697824
global,related_same,5.0,8,0,REVOKE,context_version_changed_at_publish,1129.9010538496077,278.19050004472956,5.006736397454533,0.03681476482697824
global,related_same,5.0,9,0,REVOKE,context_version_changed_at_publish,1116.614582017064,282.03245904296637,5.006736397454533,0.03681476482697824
global,related_same,5.0,10,0,REVOKE,context_version_changed_at_publish,1127.7326471172273,279.65224999934435,5.006736397454533,0.03681476482697824
global,related_same,5.0,11,0,REVOKE,context_version_changed_at_publish,1128.085999749601,279.9325829837471,5.006736397454533,0.03681476482697824
global,related_same,5.0,12,0,REVOKE,context_version_changed_at_publish,1127.1409266628325,284.3811250058934,5.006736397454533,0.03681476482697824
global,related_same,5.0,13,0,REVOKE,context_version_changed_at_publish,1119.7250569239259,285.2772909682244,5.006736397454533,0.03681476482697824
global,related_same,5.0,14,0,REVOKE,context_version_changed_at_publish,756.1160130426288,123.80895798560232,5.006736397454533,0.03681476482697824
global,related_same,5.0,15,0,REVOKE,context_version_changed_at_publish,935.4103361256421,266.07570896157995,5.006736397454533,0.03681476482697824
global,related_same,5.0,16,0,REVOKE,context_version_changed_at_publish,1126.9139009527862,279.2537499917671,5.006736397454533,0.03681476482697824
global,related_same,5.0,17,0,REVOKE,context_version_changed_at_publish,1134.5910420641303,279.6590420184657,5.006736397454533,0.03681476482697824
global,related_same,5.0,18,0,REVOKE,context_version_changed_at_publish,1104.2207842692733,277.6872089598328,5.006736397454533,0.03681476482697824
global,related_same,5.0,19,0,REVOKE,context_version_changed_at_publish,1131.033318117261,283.4262910182588,5.006736397454533,0.03681476482697824
global,related_same,5.0,20,0,REVOKE,context_version_changed_at_publish,1113.3410423062742,278.8482499890961,5.006736397454533,0.03681476482697824
global,related_same,5.0,21,0,REVOKE,context_version_changed_at_publish,1130.4829958826303,282.5099999899976,5.006736397454533,0.03681476482697824
global,related_same,5.0,22,0,REVOKE,context_version_changed_at_publish,1125.1544607803226,289.1111659700982,5.006736397454533,0.03681476482697824
global,related_same,5.0,23,0,REVOKE,context_version_changed_at_publish,1148.5647629015148,291.7996670003049,5.006736397454533,0.03681476482697824
global,related_same,5.0,24,1,EXECUTE,published_after_gate_recheck,602.7282639406621,134.77649999549612,5.006736397454533,0.03681476482697824
global,related_same,5.0,25,0,REVOKE,context_version_changed_at_publish,1097.6972077041864,286.9002499501221,5.006736397454533,0.03681476482697824
global,related_same,5.0,26,0,REVOKE,context_version_changed_at_publish,1129.715516231954,283.51679199840873,5.006736397454533,0.03681476482697824
global,related_same,5.0,27,0,REVOKE,context_version_changed_at_publish,1128.0369879677892,282.72404201561585,5.006736397454533,0.03681476482697824
global,related_same,5.0,28,0,REVOKE,context_version_changed_at_publish,1123.878879006952,284.9926660419442,5.006736397454533,0.03681476482697824
global,related_same,5.0,29,0,REVOKE,context_version_changed_at_publish,1135.146995075047,284.561250009574,5.006736397454533,0.03681476482697824
global,related_same,5.0,30,0,REVOKE,context_version_changed_at_publish,1126.1715688742697,281.3432079856284,5.006736397454533,0.03681476482697824
global,related_same,5.0,31,0,REVOKE,context_version_changed_at_publish,1134.7522838041186,280.9925409965217,5.006736397454533,0.03681476482697824
global,related_same,5.0,32,0,REVOKE,context_version_changed_at_publish,1121.9075610861182,289.10070803249255,5.006736397454533,0.03681476482697824
global,related_same,5.0,33,0,REVOKE,context_version_changed_at_publish,932.1816707961261,232.04008303582668,5.006736397454533,0.03681476482697824
global,related_same,5.0,34,0,REVOKE,context_version_changed_at_publish,717.3990388400853,195.44375000987202,5.006736397454533,0.03681476482697824
global,related_same,5.0,35,0,REVOKE,context_version_changed_at_publish,1149.5701591484249,294.86266599269584,5.006736397454533,0.03681476482697824
global,related_same,5.0,36,0,REVOKE,context_version_changed_at_publish,1129.641005769372,281.6250839969143,5.006736397454533,0.03681476482697824
global,related_same,5.0,37,0,REVOKE,context_version_changed_at_publish,1090.693139936775,280.2427500137128,5.006736397454533,0.03681476482697824
global,related_same,5.0,38,0,REVOKE,context_version_changed_at_publish,1122.0851829275489,305.9952090261504,5.006736397454533,0.03681476482697824
global,related_same,5.0,39,0,REVOKE,context_version_changed_at_publish,1161.6513710469007,290.4900830471888,5.006736397454533,0.03681476482697824
global,related_same,5.0,40,0,REVOKE,context_version_changed_at_publish,1131.881379056722,286.90099995583296,5.006736397454533,0.03681476482697824
global,related_same,5.0,41,0,REVOKE,context_version_changed_at_publish,1112.3223011381924,279.7064579790458,5.006736397454533,0.03681476482697824
global,related_same,5.0,42,0,REVOKE,context_version_changed_at_publish,1143.4821896255016,286.7316249758005,5.006736397454533,0.03681476482697824
global,related_same,5.0,43,0,REVOKE,context_version_changed_at_publish,737.6572689972818,124.4931659894064,5.006736397454533,0.03681476482697824
global,related_same,5.0,44,0,REVOKE,context_version_changed_at_publish,902.3512550629675,249.1393749951385,5.006736397454533,0.03681476482697824
global,related_same,5.0,45,0,REVOKE,context_version_changed_at_publish,1121.6226858086884,281.3325829920359,5.006736397454533,0.03681476482697824
global,related_same,5.0,46,0,REVOKE,context_version_changed_at_publish,1118.5816409997642,283.48612500121817,5.006736397454533,0.03681476482697824
global,related_same,5.0,47,0,REVOKE,context_version_changed_at_publish,1133.8333608582616,282.95808396069333,5.006736397454533,0.03681476482697824
global,related_same,5.0,48,0,REVOKE,context_version_changed_at_publish,1126.370441634208,275.56495799217373,5.006736397454533,0.03681476482697824
global,related_same,5.0,49,0,REVOKE,context_version_changed_at_publish,1112.6199788413942,281.13075002329424,5.006736397454533,0.03681476482697824
global,related_same,5.0,50,0,REVOKE,context_version_changed_at_publish,1116.3056828081608,279.9179580179043,5.006736397454533,0.03681476482697824
global,related_same,5.0,51,0,REVOKE,context_version_changed_at_publish,1121.721751987934,290.02208303427324,5.006736397454533,0.03681476482697824
global,related_same,5.0,52,0,REVOKE,context_version_changed_at_publish,1140.8601608127356,284.33225001208484,5.006736397454533,0.03681476482697824
global,related_same,5.0,53,1,EXECUTE,published_after_gate_recheck,628.4357053227723,138.4927500039339,5.006736397454533,0.03681476482697824
global,related_same,5.0,54,0,REVOKE,context_version_changed_at_publish,1080.3352613002062,284.8370410501957,5.006736397454533,0.03681476482697824
global,related_same,5.0,55,0,REVOKE,context_version_changed_at_publish,1121.0505929775536,283.12283300329,5.006736397454533,0.03681476482697824
global,related_same,5.0,56,0,REVOKE,context_version_changed_at_publish,1434.185478836298,398.8360830117017,5.006736397454533,0.03681476482697824
global,related_same,5.0,57,0,REVOKE,context_version_changed_at_publish,1554.183267056942,439.66599996201694,5.006736397454533,0.03681476482697824
global,related_same,5.0,58,1,EXECUTE,published_after_gate_recheck,780.6824832223356,127.09337496198714,5.006736397454533,0.03681476482697824
global,related_same,5.0,59,0,REVOKE,context_version_changed_at_publish,813.938825391233,214.14512500632554,5.006736397454533,0.03681476482697824
global,related_same,5.0,60,0,REVOKE,context_version_changed_at_publish,1111.152227036655,279.6802499797195,5.006736397454533,0.03681476482697824
global,related_same,5.0,61,0,REVOKE,context_version_changed_at_publish,1135.5682951398194,287.444791989401,5.006736397454533,0.03681476482697824
global,related_same,5.0,62,0,REVOKE,context_version_changed_at_publish,915.9769741818309,231.36199999134988,5.006736397454533,0.03681476482697824
global,related_same,5.0,63,0,REVOKE,context_version_changed_at_publish,859.2223557643592,228.41970797162503,5.006736397454533,0.03681476482697824
global,related_same,5.0,64,0,REVOKE,context_version_changed_at_publish,1643.044960219413,397.1347500337288,5.006736397454533,0.03681476482697824
global,related_same,5.0,65,0,REVOKE,context_version_changed_at_publish,873.743002768606,137.38899998134002,5.006736397454533,0.03681476482697824
global,related_same,5.0,66,0,REVOKE,context_version_changed_at_publish,1287.8566109575331,389.753874973394,5.006736397454533,0.03681476482697824
global,related_same,5.0,67,0,REVOKE,context_version_changed_at_publish,1331.6350392997265,318.444249976892,5.006736397454533,0.03681476482697824
global,related_same,5.0,68,0,REVOKE,context_version_changed_at_publish,879.4229868799448,165.14195798663422,5.006736397454533,0.03681476482697824
global,related_same,5.0,69,0,REVOKE,context_version_changed_at_publish,1001.8985019996762,283.427375019528,5.006736397454533,0.03681476482697824
global,related_same,5.0,70,0,REVOKE,context_version_changed_at_publish,1179.1932848282158,296.17837496334687,5.006736397454533,0.03681476482697824
global,related_same,5.0,71,0,REVOKE,context_version_changed_at_publish,1127.015742007643,290.72837496642023,5.006736397454533,0.03681476482697824
global,related_same,5.0,72,0,REVOKE,context_version_changed_at_publish,734.7111320123076,202.12845900096,5.006736397454533,0.03681476482697824
global,related_same,5.0,73,0,REVOKE,context_version_changed_at_publish,1201.1606208980083,295.0037920381874,5.006736397454533,0.03681476482697824
global,related_same,5.0,74,0,REVOKE,context_version_changed_at_publish,1152.4136229418218,285.8808750170283,5.006736397454533,0.03681476482697824
global,related_same,5.0,75,0,REVOKE,context_version_changed_at_publish,1133.274250663817,308.9639589888975,5.006736397454533,0.03681476482697824
global,related_same,5.0,76,0,REVOKE,context_version_changed_at_publish,1192.1616098843515,295.7960409694351,5.006736397454533,0.03681476482697824
global,related_same,5.0,77,0,REVOKE,context_version_changed_at_publish,1204.7717338427901,302.99191700760275,5.006736397454533,0.03681476482697824
global,related_same,5.0,78,0,REVOKE,context_version_changed_at_publish,1249.3878230452538,313.4124999633059,5.006736397454533,0.03681476482697824
global,related_same,5.0,79,0,REVOKE,context_version_changed_at_publish,1294.896487146616,330.6223340332508,5.006736397454533,0.03681476482697824
global,related_same,5.0,80,0,REVOKE,context_version_changed_at_publish,1232.4063391424716,338.6554579483345,5.006736397454533,0.03681476482697824
global,related_same,5.0,81,0,REVOKE,context_version_changed_at_publish,895.8440888673067,252.1537080174312,5.006736397454533,0.03681476482697824
global,related_same,5.0,82,0,REVOKE,context_version_changed_at_publish,1187.8702510148287,279.6342499786988,5.006736397454533,0.03681476482697824
global,related_same,5.0,83,0,REVOKE,context_version_changed_at_publish,1174.3671717122197,286.92812501685694,5.006736397454533,0.03681476482697824
global,related_same,5.0,84,0,REVOKE,context_version_changed_at_publish,1174.2144548334181,292.7863749791868,5.006736397454533,0.03681476482697824
global,related_same,5.0,85,0,REVOKE,context_version_changed_at_publish,1150.1593040302396,286.22087504481897,5.006736397454533,0.03681476482697824
global,related_same,5.0,86,0,REVOKE,context_version_changed_at_publish,1141.929866746068,278.2372920191847,5.006736397454533,0.03681476482697824
global,related_same,5.0,87,0,REVOKE,context_version_changed_at_publish,1131.389877293259,287.9897090024315,5.006736397454533,0.03681476482697824
global,related_same,5.0,88,0,REVOKE,context_version_changed_at_publish,1140.957544092089,289.25204096594825,5.006736397454533,0.03681476482697824
global,related_same,5.0,89,0,REVOKE,context_version_changed_at_publish,1153.3424551598728,293.79874997539446,5.006736397454533,0.03681476482697824
global,related_same,5.0,90,1,EXECUTE,published_after_gate_recheck,579.3714020401239,140.43254201533273,5.006736397454533,0.03681476482697824
global,related_same,5.0,91,0,REVOKE,context_version_changed_at_publish,1048.6244694329798,281.1881660018116,5.006736397454533,0.03681476482697824
global,related_same,5.0,92,0,REVOKE,context_version_changed_at_publish,1133.0967987887561,283.0230830004439,5.006736397454533,0.03681476482697824
global,related_same,5.0,93,0,REVOKE,context_version_changed_at_publish,1099.007218144834,270.2705829869956,5.006736397454533,0.03681476482697824
global,related_same,5.0,94,0,REVOKE,context_version_changed_at_publish,1282.3383281938732,323.7148330081254,5.006736397454533,0.03681476482697824
global,related_same,5.0,95,0,REVOKE,context_version_changed_at_publish,1618.5884959995747,427.873584034387,5.006736397454533,0.03681476482697824
global,related_same,5.0,96,0,REVOKE,context_version_changed_at_publish,625.742994248867,126.21954100904986,5.006736397454533,0.03681476482697824
global,related_same,5.0,97,0,REVOKE,context_version_changed_at_publish,858.9502610266209,226.19245800888166,5.006736397454533,0.03681476482697824
global,related_same,5.0,98,0,REVOKE,context_version_changed_at_publish,1091.0413130186498,273.09429203160107,5.006736397454533,0.03681476482697824
global,related_same,5.0,99,0,REVOKE,context_version_changed_at_publish,1043.2426747865975,265.64574998337775,5.006736397454533,0.03681476482697824
readset,related_same,5.0,0,1,EXECUTE,published_after_gate_recheck,1009.2123239301145,273.9244169788435,5.0035346100953095,1.6847259025750905
readset,related_same,5.0,1,1,EXECUTE,published_after_gate_recheck,1447.7789523079991,422.10708401398733,5.0035346100953095,1.6847259025750905
readset,related_same,5.0,2,1,EXECUTE,published_after_gate_recheck,1048.9167091436684,149.74999998230487,5.0035346100953095,1.6847259025750905
readset,related_same,5.0,3,1,EXECUTE,published_after_gate_recheck,1068.3145937509835,325.1758749829605,5.0035346100953095,1.6847259025750905
readset,related_same,5.0,4,1,EXECUTE,published_after_gate_recheck,1185.8894736506045,302.715125028044,5.0035346100953095,1.6847259025750905
readset,related_same,5.0,5,1,EXECUTE,published_after_gate_recheck,678.1605249270797,132.75104097556323,5.0035346100953095,1.6847259025750905
readset,related_same,5.0,6,1,EXECUTE,published_after_gate_recheck,865.6226871535182,246.09270796645433,5.0035346100953095,1.6847259025750905
readset,related_same,5.0,7,1,EXECUTE,published_after_gate_recheck,1054.19115209952,261.08245801879093,5.0035346100953095,1.6847259025750905
readset,related_same,5.0,8,1,EXECUTE,published_after_gate_recheck,992.9320458322763,236.99662502622232,5.0035346100953095,1.6847259025750905
readset,related_same,5.0,9,1,EXECUTE,published_after_gate_recheck,822.6011591032147,170.85724999196827,5.0035346100953095,1.6847259025750905
readset,related_same,5.0,10,1,EXECUTE,published_after_gate_recheck,1161.6718587465584,318.7261670245789,5.0035346100953095,1.6847259025750905
readset,related_same,5.0,11,1,EXECUTE,published_after_gate_recheck,1108.6100079119205,275.20795800955966,5.0035346100953095,1.6847259025750905
readset,related_same,5.0,12,1,EXECUTE,published_after_gate_recheck,1089.7393221966922,273.1190830236301,5.0035346100953095,1.6847259025750905
readset,related_same,5.0,13,1,EXECUTE,published_after_gate_recheck,581.171038094908,135.51037502475083,5.0035346100953095,1.6847259025750905
readset,related_same,5.0,14,1,EXECUTE,published_after_gate_recheck,944.8801022954285,250.2302079810761,5.0035346100953095,1.6847259025750905
readset,related_same,5.0,15,1,EXECUTE,published_after_gate_recheck,984.1893571428955,222.58966596564278,5.0035346100953095,1.6847259025750905
readset,related_same,5.0,16,1,EXECUTE,published_after_gate_recheck,1071.4591927826405,267.8092499845661,5.0035346100953095,1.6847259025750905
readset,related_same,5.0,17,1,EXECUTE,published_after_gate_recheck,999.3874840438366,236.51774995960295,5.0035346100953095,1.6847259025750905
readset,related_same,5.0,18,1,EXECUTE,published_after_gate_recheck,697.1817840822041,124.55204199068248,5.0035346100953095,1.6847259025750905
readset,related_same,5.0,19,1,EXECUTE,published_after_gate_recheck,528.8470513187349,125.17991702770814,5.0035346100953095,1.6847259025750905
readset,related_same,5.0,20,1,EXECUTE,published_after_gate_recheck,501.4165788888931,126.39024999225512,5.0035346100953095,1.6847259025750905
readset,related_same,5.0,21,1,EXECUTE,published_after_gate_recheck,534.4840451143682,139.88820801023394,5.0035346100953095,1.6847259025750905
readset,related_same,5.0,22,1,EXECUTE,published_after_gate_recheck,494.04339911416173,123.38233401533216,5.0035346100953095,1.6847259025750905
readset,related_same,5.0,23,1,EXECUTE,published_after_gate_recheck,492.41362093016505,122.2197919851169,5.0035346100953095,1.6847259025750905
readset,related_same,5.0,24,1,EXECUTE,published_after_gate_recheck,496.12439237535,124.03908401029184,5.0035346100953095,1.6847259025750905
readset,related_same,5.0,25,1,EXECUTE,published_after_gate_recheck,495.4607468098402,124.43266698392108,5.0035346100953095,1.6847259025750905
readset,related_same,5.0,26,1,EXECUTE,published_after_gate_recheck,501.11014395952225,123.36804100777954,5.0035346100953095,1.6847259025750905
readset,related_same,5.0,27,1,EXECUTE,published_after_gate_recheck,511.6764837875962,122.64841701835394,5.0035346100953095,1.6847259025750905
readset,related_same,5.0,28,1,EXECUTE,published_after_gate_recheck,511.1133181490004,133.72075004735962,5.0035346100953095,1.6847259025750905
readset,related_same,5.0,29,1,EXECUTE,published_after_gate_recheck,492.4079207703471,121.77183298626915,5.0035346100953095,1.6847259025750905
readset,related_same,5.0,30,1,EXECUTE,published_after_gate_recheck,501.240499317646,122.86495900480077,5.0035346100953095,1.6847259025750905
readset,related_same,5.0,31,1,EXECUTE,published_after_gate_recheck,493.77884343266487,123.78991604782641,5.0035346100953095,1.6847259025750905
readset,related_same,5.0,32,1,EXECUTE,published_after_gate_recheck,500.30990317463875,129.45374997798353,5.0035346100953095,1.6847259025750905
readset,related_same,5.0,33,1,EXECUTE,published_after_gate_recheck,498.22710594162345,123.03920899285004,5.0035346100953095,1.6847259025750905
readset,related_same,5.0,34,1,EXECUTE,published_after_gate_recheck,498.45245899632573,128.08612501248717,5.0035346100953095,1.6847259025750905
readset,related_same,5.0,35,1,EXECUTE,published_after_gate_recheck,494.10166777670383,122.19454202568159,5.0035346100953095,1.6847259025750905
readset,related_same,5.0,36,1,EXECUTE,published_after_gate_recheck,503.8028247654438,125.48604101175442,5.0035346100953095,1.6847259025750905
readset,related_same,5.0,37,1,EXECUTE,published_after_gate_recheck,497.89440212771297,123.47608304116875,5.0035346100953095,1.6847259025750905
readset,related_same,5.0,38,1,EXECUTE,published_after_gate_recheck,502.1103802137077,124.54733299091458,5.0035346100953095,1.6847259025750905
readset,related_same,5.0,39,1,EXECUTE,published_after_gate_recheck,494.89962542429566,123.47754195798188,5.0035346100953095,1.6847259025750905
readset,related_same,5.0,40,1,EXECUTE,published_after_gate_recheck,501.9038529135287,129.35537501471117,5.0035346100953095,1.6847259025750905
readset,related_same,5.0,41,1,EXECUTE,published_after_gate_recheck,500.4027681425214,122.41837498731911,5.0035346100953095,1.6847259025750905
readset,related_same,5.0,42,1,EXECUTE,published_after_gate_recheck,494.5886107161641,124.12591703468934,5.0035346100953095,1.6847259025750905
readset,related_same,5.0,43,1,EXECUTE,published_after_gate_recheck,502.953240647912,123.62537503940985,5.0035346100953095,1.6847259025750905
readset,related_same,5.0,44,1,EXECUTE,published_after_gate_recheck,499.7665439732373,124.19791700085625,5.0035346100953095,1.6847259025750905
readset,related_same,5.0,45,1,EXECUTE,published_after_gate_recheck,511.8576833046973,130.40212501073256,5.0035346100953095,1.6847259025750905
readset,related_same,5.0,46,1,EXECUTE,published_after_gate_recheck,496.7251089401543,122.82912497175857,5.0035346100953095,1.6847259025750905
readset,related_same,5.0,47,1,EXECUTE,published_after_gate_recheck,497.48503416776657,122.74808302754536,5.0035346100953095,1.6847259025750905
readset,related_same,5.0,48,1,EXECUTE,published_after_gate_recheck,508.51601641625166,135.25420799851418,5.0035346100953095,1.6847259025750905
readset,related_same,5.0,49,1,EXECUTE,published_after_gate_recheck,497.6091468706727,123.8369169877842,5.0035346100953095,1.6847259025750905
readset,related_same,5.0,50,1,EXECUTE,published_after_gate_recheck,497.17996222898364,124.23041596775874,5.0035346100953095,1.6847259025750905
readset,related_same,5.0,51,1,EXECUTE,published_after_gate_recheck,501.5989909879863,123.48116596695036,5.0035346100953095,1.6847259025750905
readset,related_same,5.0,52,1,EXECUTE,published_after_gate_recheck,495.1846501789987,123.60179203096777,5.0035346100953095,1.6847259025750905
readset,related_same,5.0,53,1,EXECUTE,published_after_gate_recheck,495.10607216507196,125.10545802069828,5.0035346100953095,1.6847259025750905
readset,related_same,5.0,54,1,EXECUTE,published_after_gate_recheck,501.6383249312639,123.20695800008252,5.0035346100953095,1.6847259025750905
readset,related_same,5.0,55,1,EXECUTE,published_after_gate_recheck,493.8749629072845,122.28233297355473,5.0035346100953095,1.6847259025750905
readset,related_same,5.0,56,1,EXECUTE,published_after_gate_recheck,501.94295728579164,123.94391698762774,5.0035346100953095,1.6847259025750905
readset,related_same,5.0,57,1,EXECUTE,published_after_gate_recheck,496.41125136986375,123.822666995693,5.0035346100953095,1.6847259025750905
readset,related_same,5.0,58,1,EXECUTE,published_after_gate_recheck,498.32909693941474,126.11937499605119,5.0035346100953095,1.6847259025750905
readset,related_same,5.0,59,1,EXECUTE,published_after_gate_recheck,493.7411518767476,124.06470801215619,5.0035346100953095,1.6847259025750905
readset,related_same,5.0,60,1,EXECUTE,published_after_gate_recheck,498.1556418351829,122.53654195228592,5.0035346100953095,1.6847259025750905
readset,related_same,5.0,61,1,EXECUTE,published_after_gate_recheck,494.8248849250376,123.12125001335517,5.0035346100953095,1.6847259025750905
readset,related_same,5.0,62,1,EXECUTE,published_after_gate_recheck,500.05060713738203,122.41725000785664,5.0035346100953095,1.6847259025750905
readset,related_same,5.0,63,1,EXECUTE,published_after_gate_recheck,495.9534020163119,122.00000003213063,5.0035346100953095,1.6847259025750905
readset,related_same,5.0,64,1,EXECUTE,published_after_gate_recheck,493.71229810640216,122.8811249602586,5.0035346100953095,1.6847259025750905
readset,related_same,5.0,65,1,EXECUTE,published_after_gate_recheck,511.48473378270864,123.3924999833107,5.0035346100953095,1.6847259025750905
readset,related_same,5.0,66,1,EXECUTE,published_after_gate_recheck,496.31218425929546,123.08545794803649,5.0035346100953095,1.6847259025750905
readset,related_same,5.0,67,1,EXECUTE,published_after_gate_recheck,501.3364888727665,125.14241703320295,5.0035346100953095,1.6847259025750905
readset,related_same,5.0,68,1,EXECUTE,published_after_gate_recheck,505.92523580417037,123.14370897365734,5.0035346100953095,1.6847259025750905
readset,related_same,5.0,69,1,EXECUTE,published_after_gate_recheck,495.21297216415405,122.89420899469405,5.0035346100953095,1.6847259025750905
readset,related_same,5.0,70,1,EXECUTE,published_after_gate_recheck,544.7737462818623,152.705334010534,5.0035346100953095,1.6847259025750905
readset,related_same,5.0,71,1,EXECUTE,published_after_gate_recheck,500.1686280593276,122.31437501031905,5.0035346100953095,1.6847259025750905
readset,related_same,5.0,72,1,EXECUTE,published_after_gate_recheck,496.8680771999061,122.9530000127852,5.0035346100953095,1.6847259025750905
readset,related_same,5.0,73,1,EXECUTE,published_after_gate_recheck,491.73696199432015,123.42454202007502,5.0035346100953095,1.6847259025750905
readset,related_same,5.0,74,1,EXECUTE,published_after_gate_recheck,494.58956299349666,123.18195798434317,5.0035346100953095,1.6847259025750905
readset,related_same,5.0,75,1,EXECUTE,published_after_gate_recheck,504.63692005723715,122.96712503302842,5.0035346100953095,1.6847259025750905
readset,related_same,5.0,76,1,EXECUTE,published_after_gate_recheck,503.21420980617404,123.31408396130428,5.0035346100953095,1.6847259025750905
readset,related_same,5.0,77,1,EXECUTE,published_after_gate_recheck,500.3072079271078,125.04941696533933,5.0035346100953095,1.6847259025750905
readset,related_same,5.0,78,1,EXECUTE,published_after_gate_recheck,499.66933066025376,122.87533399648964,5.0035346100953095,1.6847259025750905
readset,related_same,5.0,79,1,EXECUTE,published_after_gate_recheck,496.8489711172879,123.29116702312604,5.0035346100953095,1.6847259025750905
readset,related_same,5.0,80,1,EXECUTE,published_after_gate_recheck,493.40491089969873,123.83858300745487,5.0035346100953095,1.6847259025750905
readset,related_same,5.0,81,1,EXECUTE,published_after_gate_recheck,493.71973192319274,123.12445795396343,5.0035346100953095,1.6847259025750905
readset,related_same,5.0,82,1,EXECUTE,published_after_gate_recheck,492.55261197686195,123.62016702536494,5.0035346100953095,1.6847259025750905
readset,related_same,5.0,83,1,EXECUTE,published_after_gate_recheck,501.17038702592254,123.7987499916926,5.0035346100953095,1.6847259025750905
readset,related_same,5.0,84,1,EXECUTE,published_after_gate_recheck,501.7114421352744,123.06379195069894,5.0035346100953095,1.6847259025750905
readset,related_same,5.0,85,1,EXECUTE,published_after_gate_recheck,498.91303293406963,124.1388339549303,5.0035346100953095,1.6847259025750905
readset,related_same,5.0,86,1,EXECUTE,published_after_gate_recheck,503.04829981178045,124.33954101288691,5.0035346100953095,1.6847259025750905
readset,related_same,5.0,87,1,EXECUTE,published_after_gate_recheck,500.2161981537938,123.5362920560874,5.0035346100953095,1.6847259025750905
readset,related_same,5.0,88,1,EXECUTE,published_after_gate_recheck,498.8509570248425,124.97612496372312,5.0035346100953095,1.6847259025750905
readset,related_same,5.0,89,1,EXECUTE,published_after_gate_recheck,500.9282031096518,124.95725002372637,5.0035346100953095,1.6847259025750905
readset,related_same,5.0,90,1,EXECUTE,published_after_gate_recheck,497.09377996623516,124.30416699498892,5.0035346100953095,1.6847259025750905
readset,related_same,5.0,91,1,EXECUTE,published_after_gate_recheck,498.62296879291534,125.12475001858547,5.0035346100953095,1.6847259025750905
readset,related_same,5.0,92,1,EXECUTE,published_after_gate_recheck,494.67429192736745,124.10366599215195,5.0035346100953095,1.6847259025750905
readset,related_same,5.0,93,1,EXECUTE,published_after_gate_recheck,504.73291892558336,129.90616698516533,5.0035346100953095,1.6847259025750905
readset,related_same,5.0,94,1,EXECUTE,published_after_gate_recheck,500.5234940908849,126.5707080019638,5.0035346100953095,1.6847259025750905
readset,related_same,5.0,95,1,EXECUTE,published_after_gate_recheck,499.9351501464844,123.74262500088662,5.0035346100953095,1.6847259025750905
readset,related_same,5.0,96,1,EXECUTE,published_after_gate_recheck,494.56252297386527,123.15320799825713,5.0035346100953095,1.6847259025750905
readset,related_same,5.0,97,1,EXECUTE,published_after_gate_recheck,499.1844021715224,124.1174999740906,5.0035346100953095,1.6847259025750905
readset,related_same,5.0,98,1,EXECUTE,published_after_gate_recheck,498.1553819961846,123.15329199191183,5.0035346100953095,1.6847259025750905
readset,related_same,5.0,99,1,EXECUTE,published_after_gate_recheck,504.20149276033044,122.80391599051654,5.0035346100953095,1.6847259025750905
truth,related_same,5.0,0,1,EXECUTE,published_after_gate_recheck,495.7030122168362,121.09708396019414,5.017804414668628,1.9912655640197996
truth,related_same,5.0,1,1,EXECUTE,published_after_gate_recheck,500.1005898229778,123.61412501195446,5.017804414668628,1.9912655640197996
truth,related_same,5.0,2,1,EXECUTE,published_after_gate_recheck,500.2938532270491,126.50704104453325,5.017804414668628,1.9912655640197996
truth,related_same,5.0,3,1,EXECUTE,published_after_gate_recheck,494.2175857722759,122.2429170156829,5.017804414668628,1.9912655640197996
truth,related_same,5.0,4,1,EXECUTE,published_after_gate_recheck,494.7846387512982,123.31874994561076,5.017804414668628,1.9912655640197996
truth,related_same,5.0,5,1,EXECUTE,published_after_gate_recheck,526.317095849663,145.6950840074569,5.017804414668628,1.9912655640197996
truth,related_same,5.0,6,1,EXECUTE,published_after_gate_recheck,496.0984531790018,124.1144590312615,5.017804414668628,1.9912655640197996
truth,related_same,5.0,7,1,EXECUTE,published_after_gate_recheck,498.54449182748795,123.40137496357784,5.017804414668628,1.9912655640197996
truth,related_same,5.0,8,1,EXECUTE,published_after_gate_recheck,494.43143606185913,124.1289580357261,5.017804414668628,1.9912655640197996
truth,related_same,5.0,9,1,EXECUTE,published_after_gate_recheck,497.93726298958063,123.47424996551126,5.017804414668628,1.9912655640197996
truth,related_same,5.0,10,1,EXECUTE,published_after_gate_recheck,493.94760886207223,121.93733302410692,5.017804414668628,1.9912655640197996
truth,related_same,5.0,11,1,EXECUTE,published_after_gate_recheck,499.32955391705036,123.07104194769636,5.017804414668628,1.9912655640197996
truth,related_same,5.0,12,1,EXECUTE,published_after_gate_recheck,505.05329109728336,125.40149997221306,5.017804414668628,1.9912655640197996
truth,related_same,5.0,13,1,EXECUTE,published_after_gate_recheck,490.8675109036267,122.38245899789035,5.017804414668628,1.9912655640197996
truth,related_same,5.0,14,1,EXECUTE,published_after_gate_recheck,502.60453717783093,122.04208300681785,5.017804414668628,1.9912655640197996
truth,related_same,5.0,15,1,EXECUTE,published_after_gate_recheck,495.1574681326747,126.81070802500471,5.017804414668628,1.9912655640197996
truth,related_same,5.0,16,1,EXECUTE,published_after_gate_recheck,494.59481285884976,123.15345800016075,5.017804414668628,1.9912655640197996
truth,related_same,5.0,17,1,EXECUTE,published_after_gate_recheck,493.2617722079158,122.32512497575954,5.017804414668628,1.9912655640197996
truth,related_same,5.0,18,1,EXECUTE,published_after_gate_recheck,500.5249963141978,126.11875002039596,5.017804414668628,1.9912655640197996
truth,related_same,5.0,19,1,EXECUTE,published_after_gate_recheck,496.6732319444418,125.93833403661847,5.017804414668628,1.9912655640197996
truth,related_same,5.0,20,1,EXECUTE,published_after_gate_recheck,499.85164403915405,122.5865829619579,5.017804414668628,1.9912655640197996
truth,related_same,5.0,21,1,EXECUTE,published_after_gate_recheck,494.4367571733892,123.01145901437849,5.017804414668628,1.9912655640197996
truth,related_same,5.0,22,1,EXECUTE,published_after_gate_recheck,503.1480570323765,122.73616599850357,5.017804414668628,1.9912655640197996
truth,related_same,5.0,23,1,EXECUTE,published_after_gate_recheck,500.65381824970245,124.43516601342708,5.017804414668628,1.9912655640197996
truth,related_same,5.0,24,1,EXECUTE,published_after_gate_recheck,501.62410782650113,122.66562500735745,5.017804414668628,1.9912655640197996
truth,related_same,5.0,25,1,EXECUTE,published_after_gate_recheck,516.6331622749567,122.59604100836441,5.017804414668628,1.9912655640197996
truth,related_same,5.0,26,1,EXECUTE,published_after_gate_recheck,496.47955829277635,122.86558299092576,5.017804414668628,1.9912655640197996
truth,related_same,5.0,27,1,EXECUTE,published_after_gate_recheck,499.8169979080558,127.81691702548414,5.017804414668628,1.9912655640197996
truth,related_same,5.0,28,1,EXECUTE,published_after_gate_recheck,502.8091720305383,123.67499998072162,5.017804414668628,1.9912655640197996
truth,related_same,5.0,29,1,EXECUTE,published_after_gate_recheck,500.4530409350991,128.45629203366116,5.017804414668628,1.9912655640197996
truth,related_same,5.0,30,1,EXECUTE,published_after_gate_recheck,496.77766812965274,123.61554201925173,5.017804414668628,1.9912655640197996
truth,related_same,5.0,31,1,EXECUTE,published_after_gate_recheck,500.9576394222677,122.50329100061208,5.017804414668628,1.9912655640197996
truth,related_same,5.0,32,1,EXECUTE,published_after_gate_recheck,492.3779349774122,121.69945798814297,5.017804414668628,1.9912655640197996
truth,related_same,5.0,33,1,EXECUTE,published_after_gate_recheck,499.63092990219593,122.92175000766292,5.017804414668628,1.9912655640197996
truth,related_same,5.0,34,1,EXECUTE,published_after_gate_recheck,496.06655398383737,124.14312502369285,5.017804414668628,1.9912655640197996
truth,related_same,5.0,35,1,EXECUTE,published_after_gate_recheck,500.3890707157552,122.82658298499882,5.017804414668628,1.9912655640197996
truth,related_same,5.0,36,1,EXECUTE,published_after_gate_recheck,496.51692900806665,124.07291604904458,5.017804414668628,1.9912655640197996
truth,related_same,5.0,37,1,EXECUTE,published_after_gate_recheck,497.8320552036166,123.99325001752004,5.017804414668628,1.9912655640197996
truth,related_same,5.0,38,1,EXECUTE,published_after_gate_recheck,499.23206120729446,122.11695802398026,5.017804414668628,1.9912655640197996
truth,related_same,5.0,39,1,EXECUTE,published_after_gate_recheck,500.371428206563,129.34808403952047,5.017804414668628,1.9912655640197996
truth,related_same,5.0,40,1,EXECUTE,published_after_gate_recheck,502.433396410197,131.84491696301848,5.017804414668628,1.9912655640197996
truth,related_same,5.0,41,1,EXECUTE,published_after_gate_recheck,495.1065331697464,123.31537500722334,5.017804414668628,1.9912655640197996
truth,related_same,5.0,42,1,EXECUTE,published_after_gate_recheck,495.20074017345905,123.63416701555252,5.017804414668628,1.9912655640197996
truth,related_same,5.0,43,1,EXECUTE,published_after_gate_recheck,500.4204409196973,124.8327909852378,5.017804414668628,1.9912655640197996
truth,related_same,5.0,44,1,EXECUTE,published_after_gate_recheck,505.43495593592525,123.85174998780712,5.017804414668628,1.9912655640197996
truth,related_same,5.0,45,1,EXECUTE,published_after_gate_recheck,504.4466028921306,126.30387500394136,5.017804414668628,1.9912655640197996
truth,related_same,5.0,46,1,EXECUTE,published_after_gate_recheck,495.6389619037509,125.20754197612405,5.017804414668628,1.9912655640197996
truth,related_same,5.0,47,1,EXECUTE,published_after_gate_recheck,492.47405491769314,122.94791702879593,5.017804414668628,1.9912655640197996
truth,related_same,5.0,48,1,EXECUTE,published_after_gate_recheck,499.27169596776366,123.88691597152501,5.017804414668628,1.9912655640197996
truth,related_same,5.0,49,1,EXECUTE,published_after_gate_recheck,500.1610731706023,123.03916702512652,5.017804414668628,1.9912655640197996
truth,related_same,5.0,50,1,EXECUTE,published_after_gate_recheck,501.35459285229445,126.07825000304729,5.017804414668628,1.9912655640197996
truth,related_same,5.0,51,1,EXECUTE,published_after_gate_recheck,507.89017183706164,134.21970803756267,5.017804414668628,1.9912655640197996
truth,related_same,5.0,52,1,EXECUTE,published_after_gate_recheck,497.81100591644645,125.27158402372152,5.017804414668628,1.9912655640197996
truth,related_same,5.0,53,1,EXECUTE,published_after_gate_recheck,498.1889249756932,126.39954098267481,5.017804414668628,1.9912655640197996
truth,related_same,5.0,54,1,EXECUTE,published_after_gate_recheck,502.2345627658069,130.66491595236585,5.017804414668628,1.9912655640197996
truth,related_same,5.0,55,1,EXECUTE,published_after_gate_recheck,507.06541491672397,130.06708305329084,5.017804414668628,1.9912655640197996
truth,related_same,5.0,56,1,EXECUTE,published_after_gate_recheck,502.499139867723,124.38241695053875,5.017804414668628,1.9912655640197996
truth,related_same,5.0,57,1,EXECUTE,published_after_gate_recheck,503.46232717856765,125.47441700007766,5.017804414668628,1.9912655640197996
truth,related_same,5.0,58,1,EXECUTE,published_after_gate_recheck,497.6019528694451,122.37058399477974,5.017804414668628,1.9912655640197996
truth,related_same,5.0,59,1,EXECUTE,published_after_gate_recheck,501.7079859972,123.20445803925395,5.017804414668628,1.9912655640197996
truth,related_same,5.0,60,1,EXECUTE,published_after_gate_recheck,503.4996857866645,125.9917090064846,5.017804414668628,1.9912655640197996
truth,related_same,5.0,61,1,EXECUTE,published_after_gate_recheck,495.97900873050094,124.73237502854317,5.017804414668628,1.9912655640197996
truth,related_same,5.0,62,1,EXECUTE,published_after_gate_recheck,497.50188598409295,124.07941702986136,5.017804414668628,1.9912655640197996
truth,related_same,5.0,63,1,EXECUTE,published_after_gate_recheck,494.05605206266046,122.35554197104648,5.017804414668628,1.9912655640197996
truth,related_same,5.0,64,1,EXECUTE,published_after_gate_recheck,507.85695016384125,132.47299997601658,5.017804414668628,1.9912655640197996
truth,related_same,5.0,65,1,EXECUTE,published_after_gate_recheck,499.68321807682514,123.53350000921637,5.017804414668628,1.9912655640197996
truth,related_same,5.0,66,1,EXECUTE,published_after_gate_recheck,497.67202511429787,122.36141704488546,5.017804414668628,1.9912655640197996
truth,related_same,5.0,67,1,EXECUTE,published_after_gate_recheck,493.6589878052473,122.96791601693258,5.017804414668628,1.9912655640197996
truth,related_same,5.0,68,1,EXECUTE,published_after_gate_recheck,501.115714199841,125.34945795778185,5.017804414668628,1.9912655640197996
truth,related_same,5.0,69,1,EXECUTE,published_after_gate_recheck,495.911403093487,124.9108340125531,5.017804414668628,1.9912655640197996
truth,related_same,5.0,70,1,EXECUTE,published_after_gate_recheck,507.32678500935435,122.66791699221358,5.017804414668628,1.9912655640197996
truth,related_same,5.0,71,1,EXECUTE,published_after_gate_recheck,504.87089809030294,123.8677499932237,5.017804414668628,1.9912655640197996
truth,related_same,5.0,72,1,EXECUTE,published_after_gate_recheck,503.8956589996815,125.15887495828792,5.017804414668628,1.9912655640197996
truth,related_same,5.0,73,1,EXECUTE,published_after_gate_recheck,502.2159186191857,124.42750000627711,5.017804414668628,1.9912655640197996
truth,related_same,5.0,74,1,EXECUTE,published_after_gate_recheck,495.6605117768049,124.6593749965541,5.017804414668628,1.9912655640197996
truth,related_same,5.0,75,1,EXECUTE,published_after_gate_recheck,508.1342002376914,132.55791598930955,5.017804414668628,1.9912655640197996
truth,related_same,5.0,76,1,EXECUTE,published_after_gate_recheck,552.7922669425607,124.41704195225611,5.017804414668628,1.9912655640197996
truth,related_same,5.0,77,1,EXECUTE,published_after_gate_recheck,636.3796349614859,140.9504589973949,5.017804414668628,1.9912655640197996
truth,related_same,5.0,78,1,EXECUTE,published_after_gate_recheck,502.4259928613901,126.26612500753254,5.017804414668628,1.9912655640197996
truth,related_same,5.0,79,1,EXECUTE,published_after_gate_recheck,500.98567083477974,123.74958297004923,5.017804414668628,1.9912655640197996
truth,related_same,5.0,80,1,EXECUTE,published_after_gate_recheck,499.39068872481585,123.31466597970575,5.017804414668628,1.9912655640197996
truth,related_same,5.0,81,1,EXECUTE,published_after_gate_recheck,497.3670933395624,124.7645000112243,5.017804414668628,1.9912655640197996
truth,related_same,5.0,82,1,EXECUTE,published_after_gate_recheck,494.7923640720546,123.35187499411404,5.017804414668628,1.9912655640197996
truth,related_same,5.0,83,1,EXECUTE,published_after_gate_recheck,498.4869440086186,122.77579196961597,5.017804414668628,1.9912655640197996
truth,related_same,5.0,84,1,EXECUTE,published_after_gate_recheck,504.12040017545223,123.09904198627919,5.017804414668628,1.9912655640197996
truth,related_same,5.0,85,1,EXECUTE,published_after_gate_recheck,496.42127892002463,123.96008300129324,5.017804414668628,1.9912655640197996
truth,related_same,5.0,86,1,EXECUTE,published_after_gate_recheck,505.67673007026315,123.75641596736386,5.017804414668628,1.9912655640197996
truth,related_same,5.0,87,1,EXECUTE,published_after_gate_recheck,496.48785404860973,123.0160829727538,5.017804414668628,1.9912655640197996
truth,related_same,5.0,88,1,EXECUTE,published_after_gate_recheck,512.3119950294495,125.4095840267837,5.017804414668628,1.9912655640197996
truth,related_same,5.0,89,1,EXECUTE,published_after_gate_recheck,495.61992567032576,123.5122499638237,5.017804414668628,1.9912655640197996
truth,related_same,5.0,90,1,EXECUTE,published_after_gate_recheck,491.6657288558781,123.32750001223758,5.017804414668628,1.9912655640197996
truth,related_same,5.0,91,1,EXECUTE,published_after_gate_recheck,509.8783108405769,129.16120898444206,5.017804414668628,1.9912655640197996
truth,related_same,5.0,92,1,EXECUTE,published_after_gate_recheck,503.4306272864342,128.76829103333876,5.017804414668628,1.9912655640197996
truth,related_same,5.0,93,1,EXECUTE,published_after_gate_recheck,503.8978229276836,130.93116600066423,5.017804414668628,1.9912655640197996
truth,related_same,5.0,94,1,EXECUTE,published_after_gate_recheck,497.89699725806713,124.6872500050813,5.017804414668628,1.9912655640197996
truth,related_same,5.0,95,1,EXECUTE,published_after_gate_recheck,517.1417151577771,125.06845803000033,5.017804414668628,1.9912655640197996
truth,related_same,5.0,96,1,EXECUTE,published_after_gate_recheck,508.6664780974388,136.7538330378011,5.017804414668628,1.9912655640197996
truth,related_same,5.0,97,1,EXECUTE,published_after_gate_recheck,504.2792488820851,123.0046660057269,5.017804414668628,1.9912655640197996
truth,related_same,5.0,98,1,EXECUTE,published_after_gate_recheck,497.4997523240745,125.00279099913314,5.017804414668628,1.9912655640197996
truth,related_same,5.0,99,1,EXECUTE,published_after_gate_recheck,493.70976304635406,122.8024999727495,5.017804414668628,1.9912655640197996
global,unrelated,20.0,0,0,REVOKE,context_version_changed_at_publish,505.99340396001935,125.09770801989362,20.008013512926095,0.0
global,unrelated,20.0,1,0,REVOKE,context_version_changed_at_publish,494.43788919597864,123.01112501882017,20.008013512926095,0.0
global,unrelated,20.0,2,0,REVOKE,context_version_changed_at_publish,491.91498616710305,122.79974995180964,20.008013512926095,0.0
global,unrelated,20.0,3,0,REVOKE,context_version_changed_at_publish,498.62517323344946,125.61483297031373,20.008013512926095,0.0
global,unrelated,20.0,4,0,REVOKE,context_version_changed_at_publish,499.1362518630922,123.79008298739791,20.008013512926095,0.0
global,unrelated,20.0,5,0,REVOKE,context_version_changed_at_publish,493.66519972682,122.65441700583324,20.008013512926095,0.0
global,unrelated,20.0,6,0,REVOKE,context_version_changed_at_publish,493.4054622426629,123.65908297942951,20.008013512926095,0.0
global,unrelated,20.0,7,0,REVOKE,context_version_changed_at_publish,499.690851662308,128.71029099915177,20.008013512926095,0.0
global,unrelated,20.0,8,0,REVOKE,context_version_changed_at_publish,493.36293200030923,122.78483400586993,20.008013512926095,0.0
global,unrelated,20.0,9,0,REVOKE,context_version_changed_at_publish,496.1837432347238,123.22045903420076,20.008013512926095,0.0
global,unrelated,20.0,10,0,REVOKE,context_version_changed_at_publish,498.2001557946205,122.26604099851102,20.008013512926095,0.0
global,unrelated,20.0,11,0,REVOKE,context_version_changed_at_publish,502.5869142264128,126.4069169992581,20.008013512926095,0.0
global,unrelated,20.0,12,0,REVOKE,context_version_changed_at_publish,491.66853399947286,121.9623340293765,20.008013512926095,0.0
global,unrelated,20.0,13,0,REVOKE,context_version_changed_at_publish,505.38491271436214,122.27100000018254,20.008013512926095,0.0
global,unrelated,20.0,14,0,REVOKE,context_version_changed_at_publish,501.89111893996596,124.21208299929276,20.008013512926095,0.0
global,unrelated,20.0,15,0,REVOKE,context_version_changed_at_publish,492.61680291965604,122.03987501561642,20.008013512926095,0.0
global,unrelated,20.0,16,0,REVOKE,context_version_changed_at_publish,499.93024207651615,123.61050001345575,20.008013512926095,0.0
global,unrelated,20.0,17,0,REVOKE,context_version_changed_at_publish,501.4791861176491,123.49191698012874,20.008013512926095,0.0
global,unrelated,20.0,18,0,REVOKE,context_version_changed_at_publish,503.28875007107854,129.02762496378273,20.008013512926095,0.0
global,unrelated,20.0,19,0,REVOKE,context_version_changed_at_publish,495.97357865422964,124.61837503360584,20.008013512926095,0.0
global,unrelated,20.0,20,0,REVOKE,context_version_changed_at_publish,504.68074111267924,124.62883297121152,20.008013512926095,0.0
global,unrelated,20.0,21,0,REVOKE,context_version_changed_at_publish,495.4035198315978,123.06562496814877,20.008013512926095,0.0
global,unrelated,20.0,22,0,REVOKE,context_version_changed_at_publish,502.40211794152856,123.30174999078736,20.008013512926095,0.0
global,unrelated,20.0,23,0,REVOKE,context_version_changed_at_publish,497.8850451298058,123.88237495906651,20.008013512926095,0.0
global,unrelated,20.0,24,0,REVOKE,context_version_changed_at_publish,502.5065038353205,122.11600004229695,20.008013512926095,0.0
global,unrelated,20.0,25,0,REVOKE,context_version_changed_at_publish,501.86116294935346,122.25329101784155,20.008013512926095,0.0
global,unrelated,20.0,26,0,REVOKE,context_version_changed_at_publish,495.2668030746281,123.82625002646819,20.008013512926095,0.0
global,unrelated,20.0,27,0,REVOKE,context_version_changed_at_publish,501.6310210339725,124.69683296512812,20.008013512926095,0.0
global,unrelated,20.0,28,0,REVOKE,context_version_changed_at_publish,500.2940739504993,126.97804195340723,20.008013512926095,0.0
global,unrelated,20.0,29,0,REVOKE,context_version_changed_at_publish,501.6903020441532,131.0799170169048,20.008013512926095,0.0
global,unrelated,20.0,30,0,REVOKE,context_version_changed_at_publish,493.1003786623478,121.39454198768362,20.008013512926095,0.0
global,unrelated,20.0,31,0,REVOKE,context_version_changed_at_publish,496.22518103569746,124.40529197920114,20.008013512926095,0.0
global,unrelated,20.0,32,0,REVOKE,context_version_changed_at_publish,493.1881451047957,123.301875020843,20.008013512926095,0.0
global,unrelated,20.0,33,0,REVOKE,context_version_changed_at_publish,503.3613168634474,124.59591601509601,20.008013512926095,0.0
global,unrelated,20.0,34,0,REVOKE,context_version_changed_at_publish,491.21729796752334,121.90562498290092,20.008013512926095,0.0
global,unrelated,20.0,35,0,REVOKE,context_version_changed_at_publish,519.1615941002965,124.04983298620209,20.008013512926095,0.0
global,unrelated,20.0,36,0,REVOKE,context_version_changed_at_publish,494.6544752456248,123.52366698905826,20.008013512926095,0.0
global,unrelated,20.0,37,0,REVOKE,context_version_changed_at_publish,502.9600551351905,122.20562499715015,20.008013512926095,0.0
global,unrelated,20.0,38,0,REVOKE,context_version_changed_at_publish,498.39516123756766,122.09379201522097,20.008013512926095,0.0
global,unrelated,20.0,39,0,REVOKE,context_version_changed_at_publish,496.9180207699537,122.45470902416855,20.008013512926095,0.0
global,unrelated,20.0,40,0,REVOKE,context_version_changed_at_publish,495.90228497982025,123.50562500068918,20.008013512926095,0.0
global,unrelated,20.0,41,0,REVOKE,context_version_changed_at_publish,505.3911739960313,126.95633299881592,20.008013512926095,0.0
global,unrelated,20.0,42,0,REVOKE,context_version_changed_at_publish,501.012722030282,124.91062498884276,20.008013512926095,0.0
global,unrelated,20.0,43,0,REVOKE,context_version_changed_at_publish,493.71632607653737,123.14562499523163,20.008013512926095,0.0
global,unrelated,20.0,44,0,REVOKE,context_version_changed_at_publish,502.356612123549,122.81770800473168,20.008013512926095,0.0
global,unrelated,20.0,45,0,REVOKE,context_version_changed_at_publish,496.1444600485265,121.95295904530212,20.008013512926095,0.0
global,unrelated,20.0,46,0,REVOKE,context_version_changed_at_publish,508.92556412145495,122.27870797505602,20.008013512926095,0.0
global,unrelated,20.0,47,0,REVOKE,context_version_changed_at_publish,499.13657177239656,124.38433297211304,20.008013512926095,0.0
global,unrelated,20.0,48,0,REVOKE,context_version_changed_at_publish,513.1935989484191,124.85329201444983,20.008013512926095,0.0
global,unrelated,20.0,49,0,REVOKE,context_version_changed_at_publish,506.2301279976964,122.72316601593047,20.008013512926095,0.0
global,unrelated,20.0,50,0,REVOKE,context_version_changed_at_publish,496.69753666967154,123.6909159924835,20.008013512926095,0.0
global,unrelated,20.0,51,0,REVOKE,context_version_changed_at_publish,496.0383200086653,125.89541700435802,20.008013512926095,0.0
global,unrelated,20.0,52,0,REVOKE,context_version_changed_at_publish,495.09538197889924,122.13199998950586,20.008013512926095,0.0
global,unrelated,20.0,53,0,REVOKE,context_version_changed_at_publish,497.68195301294327,125.37308305036277,20.008013512926095,0.0
global,unrelated,20.0,54,0,REVOKE,context_version_changed_at_publish,497.1263320185244,124.31616598041728,20.008013512926095,0.0
global,unrelated,20.0,55,0,REVOKE,context_version_changed_at_publish,502.435150090605,122.02658300520852,20.008013512926095,0.0
global,unrelated,20.0,56,0,REVOKE,context_version_changed_at_publish,494.39665116369724,123.40370798483491,20.008013512926095,0.0
global,unrelated,20.0,57,0,REVOKE,context_version_changed_at_publish,497.65497306361794,122.98724998254329,20.008013512926095,0.0
global,unrelated,20.0,58,0,REVOKE,context_version_changed_at_publish,494.7744901292026,123.7754580215551,20.008013512926095,0.0
global,unrelated,20.0,59,0,REVOKE,context_version_changed_at_publish,496.46527087315917,124.22812503064051,20.008013512926095,0.0
global,unrelated,20.0,60,0,REVOKE,context_version_changed_at_publish,493.78938181325793,123.77612496493384,20.008013512926095,0.0
global,unrelated,20.0,61,0,REVOKE,context_version_changed_at_publish,501.57927395775914,123.76212497474626,20.008013512926095,0.0
global,unrelated,20.0,62,0,REVOKE,context_version_changed_at_publish,504.0544969961047,131.52724999235943,20.008013512926095,0.0
global,unrelated,20.0,63,0,REVOKE,context_version_changed_at_publish,496.91829085350037,123.63595800707117,20.008013512926095,0.0
global,unrelated,20.0,64,0,REVOKE,context_version_changed_at_publish,497.9329649358988,124.29900001734495,20.008013512926095,0.0
global,unrelated,20.0,65,0,REVOKE,context_version_changed_at_publish,498.9358359016478,122.42675002198666,20.008013512926095,0.0
global,unrelated,20.0,66,0,REVOKE,context_version_changed_at_publish,501.07619957998395,124.0687919780612,20.008013512926095,0.0
global,unrelated,20.0,67,0,REVOKE,context_version_changed_at_publish,496.37528229504824,122.12979100877419,20.008013512926095,0.0
global,unrelated,20.0,68,0,REVOKE,context_version_changed_at_publish,500.6462540477514,122.0745419850573,20.008013512926095,0.0
global,unrelated,20.0,69,0,REVOKE,context_version_changed_at_publish,504.208676982671,129.30137501098216,20.008013512926095,0.0
global,unrelated,20.0,70,0,REVOKE,context_version_changed_at_publish,522.1684142015874,137.0981659856625,20.008013512926095,0.0
global,unrelated,20.0,71,0,REVOKE,context_version_changed_at_publish,555.607627145946,124.15233300998807,20.008013512926095,0.0
global,unrelated,20.0,72,0,REVOKE,context_version_changed_at_publish,518.9415416680276,122.86491604754701,20.008013512926095,0.0
global,unrelated,20.0,73,0,REVOKE,context_version_changed_at_publish,496.39107286930084,122.12333304341882,20.008013512926095,0.0
global,unrelated,20.0,74,0,REVOKE,context_version_changed_at_publish,493.47543297335505,123.13291698228568,20.008013512926095,0.0
global,unrelated,20.0,75,0,REVOKE,context_version_changed_at_publish,499.3856190703809,127.1930830553174,20.008013512926095,0.0
global,unrelated,20.0,76,0,REVOKE,context_version_changed_at_publish,496.10479502007365,123.31191601697356,20.008013512926095,0.0
global,unrelated,20.0,77,0,REVOKE,context_version_changed_at_publish,498.86818788945675,125.11550000635907,20.008013512926095,0.0
global,unrelated,20.0,78,0,REVOKE,context_version_changed_at_publish,498.92241042107344,126.74970901571214,20.008013512926095,0.0
global,unrelated,20.0,79,0,REVOKE,context_version_changed_at_publish,507.4005238711834,122.39854200743139,20.008013512926095,0.0
global,unrelated,20.0,80,0,REVOKE,context_version_changed_at_publish,503.6512012593448,129.28983400342986,20.008013512926095,0.0
global,unrelated,20.0,81,0,REVOKE,context_version_changed_at_publish,497.97447212040424,124.31962497066706,20.008013512926095,0.0
global,unrelated,20.0,82,0,REVOKE,context_version_changed_at_publish,499.868243932724,122.46225000126287,20.008013512926095,0.0
global,unrelated,20.0,83,0,REVOKE,context_version_changed_at_publish,493.09579096734524,123.03754198364913,20.008013512926095,0.0
global,unrelated,20.0,84,0,REVOKE,context_version_changed_at_publish,505.714962258935,122.90637497790158,20.008013512926095,0.0
global,unrelated,20.0,85,0,REVOKE,context_version_changed_at_publish,497.8581643663347,122.75095900986344,20.008013512926095,0.0
global,unrelated,20.0,86,0,REVOKE,context_version_changed_at_publish,501.0810103267431,129.64895798359066,20.008013512926095,0.0
global,unrelated,20.0,87,0,REVOKE,context_version_changed_at_publish,494.1921578720212,123.71404201257974,20.008013512926095,0.0
global,unrelated,20.0,88,0,REVOKE,context_version_changed_at_publish,550.4756611771882,122.94354097684845,20.008013512926095,0.0
global,unrelated,20.0,89,0,REVOKE,context_version_changed_at_publish,564.570059068501,124.82045800425112,20.008013512926095,0.0
global,unrelated,20.0,90,0,REVOKE,context_version_changed_at_publish,507.0206201635301,124.0815410274081,20.008013512926095,0.0
global,unrelated,20.0,91,0,REVOKE,context_version_changed_at_publish,501.25245098024607,121.85866700019687,20.008013512926095,0.0
global,unrelated,20.0,92,0,REVOKE,context_version_changed_at_publish,495.2186527661979,121.81762501131743,20.008013512926095,0.0
global,unrelated,20.0,93,0,REVOKE,context_version_changed_at_publish,496.2841523811221,122.34604201512411,20.008013512926095,0.0
global,unrelated,20.0,94,0,REVOKE,context_version_changed_at_publish,494.9514619074762,123.36970801698044,20.008013512926095,0.0
global,unrelated,20.0,95,0,REVOKE,context_version_changed_at_publish,496.1704285815358,125.73125003837049,20.008013512926095,0.0
global,unrelated,20.0,96,0,REVOKE,context_version_changed_at_publish,498.4703129157424,123.02162498235703,20.008013512926095,0.0
global,unrelated,20.0,97,0,REVOKE,context_version_changed_at_publish,502.83124297857285,132.0211670245044,20.008013512926095,0.0
global,unrelated,20.0,98,0,REVOKE,context_version_changed_at_publish,494.4226802326739,122.58070899406448,20.008013512926095,0.0
global,unrelated,20.0,99,0,REVOKE,context_version_changed_at_publish,497.93094070628285,125.61737501528114,20.008013512926095,0.0
readset,unrelated,20.0,0,1,EXECUTE,published_after_gate_recheck,506.4377780072391,124.66583302011713,20.00680723762278,1.9927603079749578
readset,unrelated,20.0,1,1,EXECUTE,published_after_gate_recheck,496.9586869701743,123.84962500073016,20.00680723762278,1.9927603079749578
readset,unrelated,20.0,2,1,EXECUTE,published_after_gate_recheck,491.66679102927446,122.09291703766212,20.00680723762278,1.9927603079749578
readset,unrelated,20.0,3,1,EXECUTE,published_after_gate_recheck,494.16132969781756,121.83320900658146,20.00680723762278,1.9927603079749578
readset,unrelated,20.0,4,1,EXECUTE,published_after_gate_recheck,495.1029564253986,124.33258298551664,20.00680723762278,1.9927603079749578
readset,unrelated,20.0,5,1,EXECUTE,published_after_gate_recheck,496.968035120517,123.66429204121232,20.00680723762278,1.9927603079749578
readset,unrelated,20.0,6,1,EXECUTE,published_after_gate_recheck,494.88163087517023,122.80333298258483,20.00680723762278,1.9927603079749578
readset,unrelated,20.0,7,1,EXECUTE,published_after_gate_recheck,503.3608968369663,128.15312499878928,20.00680723762278,1.9927603079749578
readset,unrelated,20.0,8,1,EXECUTE,published_after_gate_recheck,497.4124780856073,124.61574998451397,20.00680723762278,1.9927603079749578
readset,unrelated,20.0,9,1,EXECUTE,published_after_gate_recheck,507.16230692341924,132.1143750101328,20.00680723762278,1.9927603079749578
readset,unrelated,20.0,10,1,EXECUTE,published_after_gate_recheck,491.2171680480242,121.9571249675937,20.00680723762278,1.9927603079749578
readset,unrelated,20.0,11,1,EXECUTE,published_after_gate_recheck,501.70066207647324,122.87174997618422,20.00680723762278,1.9927603079749578
readset,unrelated,20.0,12,1,EXECUTE,published_after_gate_recheck,493.2758277282119,123.71620797784999,20.00680723762278,1.9927603079749578
readset,unrelated,20.0,13,1,EXECUTE,published_after_gate_recheck,497.70447611808777,122.78249999508262,20.00680723762278,1.9927603079749578
readset,unrelated,20.0,14,1,EXECUTE,published_after_gate_recheck,497.15048680081964,125.47700002323836,20.00680723762278,1.9927603079749578
readset,unrelated,20.0,15,1,EXECUTE,published_after_gate_recheck,497.76978930458426,123.65558301098645,20.00680723762278,1.9927603079749578
readset,unrelated,20.0,16,1,EXECUTE,published_after_gate_recheck,503.10046691447496,124.18937496840954,20.00680723762278,1.9927603079749578
readset,unrelated,20.0,17,1,EXECUTE,published_after_gate_recheck,496.6238089837134,122.30004201410338,20.00680723762278,1.9927603079749578
readset,unrelated,20.0,18,1,EXECUTE,published_after_gate_recheck,494.45146368816495,121.83858297066763,20.00680723762278,1.9927603079749578
readset,unrelated,20.0,19,1,EXECUTE,published_after_gate_recheck,493.64032316952944,123.90875001437962,20.00680723762278,1.9927603079749578
readset,unrelated,20.0,20,1,EXECUTE,published_after_gate_recheck,506.8811890669167,132.62691698037088,20.00680723762278,1.9927603079749578
readset,unrelated,20.0,21,1,EXECUTE,published_after_gate_recheck,492.9179470054805,122.4627080373466,20.00680723762278,1.9927603079749578
readset,unrelated,20.0,22,1,EXECUTE,published_after_gate_recheck,494.6672380901873,123.09724994702265,20.00680723762278,1.9927603079749578
readset,unrelated,20.0,23,1,EXECUTE,published_after_gate_recheck,501.46994926035404,129.3994589941576,20.00680723762278,1.9927603079749578
readset,unrelated,20.0,24,1,EXECUTE,published_after_gate_recheck,500.77464431524277,123.55433299671859,20.00680723762278,1.9927603079749578
readset,unrelated,20.0,25,1,EXECUTE,published_after_gate_recheck,493.7612400390208,123.76895803026855,20.00680723762278,1.9927603079749578
readset,unrelated,20.0,26,1,EXECUTE,published_after_gate_recheck,501.13006215542555,123.41629201546311,20.00680723762278,1.9927603079749578
readset,unrelated,20.0,27,1,EXECUTE,published_after_gate_recheck,497.5559078156948,123.95545898471028,20.00680723762278,1.9927603079749578
readset,unrelated,20.0,28,1,EXECUTE,published_after_gate_recheck,498.9263969473541,123.03387501742691,20.00680723762278,1.9927603079749578
readset,unrelated,20.0,29,1,EXECUTE,published_after_gate_recheck,501.93592300638556,122.3162499954924,20.00680723762278,1.9927603079749578
readset,unrelated,20.0,30,1,EXECUTE,published_after_gate_recheck,497.8390191681683,123.92662500496954,20.00680723762278,1.9927603079749578
readset,unrelated,20.0,31,1,EXECUTE,published_after_gate_recheck,492.20219533890486,121.8243750045076,20.00680723762278,1.9927603079749578
readset,unrelated,20.0,32,1,EXECUTE,published_after_gate_recheck,498.59708035364747,124.20745799317956,20.00680723762278,1.9927603079749578
readset,unrelated,20.0,33,1,EXECUTE,published_after_gate_recheck,495.9188271313906,125.78591599594802,20.00680723762278,1.9927603079749578
readset,unrelated,20.0,34,1,EXECUTE,published_after_gate_recheck,515.4449827969074,125.69629203062505,20.00680723762278,1.9927603079749578
readset,unrelated,20.0,35,1,EXECUTE,published_after_gate_recheck,561.3479842431843,122.48474999796599,20.00680723762278,1.9927603079749578
readset,unrelated,20.0,36,1,EXECUTE,published_after_gate_recheck,560.6498247943819,163.63666695542634,20.00680723762278,1.9927603079749578
readset,unrelated,20.0,37,1,EXECUTE,published_after_gate_recheck,512.9895959980786,125.93737500719726,20.00680723762278,1.9927603079749578
readset,unrelated,20.0,38,1,EXECUTE,published_after_gate_recheck,498.4424598515034,123.05129098240286,20.00680723762278,1.9927603079749578
readset,unrelated,20.0,39,1,EXECUTE,published_after_gate_recheck,496.36896094307303,124.07533399527892,20.00680723762278,1.9927603079749578
readset,unrelated,20.0,40,1,EXECUTE,published_after_gate_recheck,498.32393787801266,124.2252920055762,20.00680723762278,1.9927603079749578
readset,unrelated,20.0,41,1,EXECUTE,published_after_gate_recheck,499.480567406863,123.85691696545109,20.00680723762278,1.9927603079749578
readset,unrelated,20.0,42,1,EXECUTE,published_after_gate_recheck,496.5602392330766,123.15345898969099,20.00680723762278,1.9927603079749578
readset,unrelated,20.0,43,1,EXECUTE,published_after_gate_recheck,496.97923567146063,123.68591700214893,20.00680723762278,1.9927603079749578
readset,unrelated,20.0,44,1,EXECUTE,published_after_gate_recheck,496.65047926828265,122.63979198178276,20.00680723762278,1.9927603079749578
readset,unrelated,20.0,45,1,EXECUTE,published_after_gate_recheck,495.6880831159651,124.38545800978318,20.00680723762278,1.9927603079749578
readset,unrelated,20.0,46,1,EXECUTE,published_after_gate_recheck,496.3177051395178,124.39508299576119,20.00680723762278,1.9927603079749578
readset,unrelated,20.0,47,1,EXECUTE,published_after_gate_recheck,497.5353288464248,122.52216599881649,20.00680723762278,1.9927603079749578
readset,unrelated,20.0,48,1,EXECUTE,published_after_gate_recheck,500.84662018343806,123.89904202427715,20.00680723762278,1.9927603079749578
readset,unrelated,20.0,49,1,EXECUTE,published_after_gate_recheck,502.37952498719096,124.2085830308497,20.00680723762278,1.9927603079749578
readset,unrelated,20.0,50,1,EXECUTE,published_after_gate_recheck,493.1494719348848,122.58120800834149,20.00680723762278,1.9927603079749578
readset,unrelated,20.0,51,1,EXECUTE,published_after_gate_recheck,495.67694310098886,122.94012500206009,20.00680723762278,1.9927603079749578
readset,unrelated,20.0,52,1,EXECUTE,published_after_gate_recheck,493.3666689321399,122.46412498643622,20.00680723762278,1.9927603079749578
readset,unrelated,20.0,53,1,EXECUTE,published_after_gate_recheck,511.86958607286215,139.23337496817112,20.00680723762278,1.9927603079749578
readset,unrelated,20.0,54,1,EXECUTE,published_after_gate_recheck,510.95781615003943,122.79570801183581,20.00680723762278,1.9927603079749578
readset,unrelated,20.0,55,1,EXECUTE,published_after_gate_recheck,501.6459892503917,124.5558750233613,20.00680723762278,1.9927603079749578
readset,unrelated,20.0,56,1,EXECUTE,published_after_gate_recheck,496.48696184158325,122.79416702222079,20.00680723762278,1.9927603079749578
readset,unrelated,20.0,57,1,EXECUTE,published_after_gate_recheck,501.23744271695614,122.17424996197224,20.00680723762278,1.9927603079749578
readset,unrelated,20.0,58,1,EXECUTE,published_after_gate_recheck,503.72254429385066,124.67495899181813,20.00680723762278,1.9927603079749578
readset,unrelated,20.0,59,1,EXECUTE,published_after_gate_recheck,506.09979312866926,130.21770800696686,20.00680723762278,1.9927603079749578
readset,unrelated,20.0,60,1,EXECUTE,published_after_gate_recheck,498.9053192548454,122.88320896914229,20.00680723762278,1.9927603079749578
readset,unrelated,20.0,61,1,EXECUTE,published_after_gate_recheck,499.00417402386665,124.57691598683596,20.00680723762278,1.9927603079749578
readset,unrelated,20.0,62,1,EXECUTE,published_after_gate_recheck,507.1279820986092,123.57974995393306,20.00680723762278,1.9927603079749578
readset,unrelated,20.0,63,1,EXECUTE,published_after_gate_recheck,497.8306032717228,125.4495830507949,20.00680723762278,1.9927603079749578
readset,unrelated,20.0,64,1,EXECUTE,published_after_gate_recheck,496.87757482752204,123.87112498981878,20.00680723762278,1.9927603079749578
readset,unrelated,20.0,65,1,EXECUTE,published_after_gate_recheck,497.90741689503193,126.13808299647644,20.00680723762278,1.9927603079749578
readset,unrelated,20.0,66,1,EXECUTE,published_after_gate_recheck,495.73166528716683,121.06237502302974,20.00680723762278,1.9927603079749578
readset,unrelated,20.0,67,1,EXECUTE,published_after_gate_recheck,499.4398411363363,123.10183298541233,20.00680723762278,1.9927603079749578
readset,unrelated,20.0,68,1,EXECUTE,published_after_gate_recheck,499.6776566840708,122.8140420280397,20.00680723762278,1.9927603079749578
readset,unrelated,20.0,69,1,EXECUTE,published_after_gate_recheck,499.8983312398195,125.2065830049105,20.00680723762278,1.9927603079749578
readset,unrelated,20.0,70,1,EXECUTE,published_after_gate_recheck,498.1948551721871,121.70537502970546,20.00680723762278,1.9927603079749578
readset,unrelated,20.0,71,1,EXECUTE,published_after_gate_recheck,494.17383410036564,122.92558298213407,20.00680723762278,1.9927603079749578
readset,unrelated,20.0,72,1,EXECUTE,published_after_gate_recheck,498.1017909012735,121.95966602303088,20.00680723762278,1.9927603079749578
readset,unrelated,20.0,73,1,EXECUTE,published_after_gate_recheck,499.5933989994228,124.15062496438622,20.00680723762278,1.9927603079749578
readset,unrelated,20.0,74,1,EXECUTE,published_after_gate_recheck,506.5867966040969,123.95437498344108,20.00680723762278,1.9927603079749578
readset,unrelated,20.0,75,1,EXECUTE,published_after_gate_recheck,507.45010608807206,126.98574998648837,20.00680723762278,1.9927603079749578
readset,unrelated,20.0,76,1,EXECUTE,published_after_gate_recheck,494.65907318517566,122.94641701737419,20.00680723762278,1.9927603079749578
readset,unrelated,20.0,77,1,EXECUTE,published_after_gate_recheck,501.3800407759845,129.57958300830796,20.00680723762278,1.9927603079749578
readset,unrelated,20.0,78,1,EXECUTE,published_after_gate_recheck,497.49701702967286,124.791375012137,20.00680723762278,1.9927603079749578
readset,unrelated,20.0,79,1,EXECUTE,published_after_gate_recheck,509.10120317712426,125.07599999662489,20.00680723762278,1.9927603079749578
readset,unrelated,20.0,80,1,EXECUTE,published_after_gate_recheck,495.3971579670906,125.28308300534263,20.00680723762278,1.9927603079749578
readset,unrelated,20.0,81,1,EXECUTE,published_after_gate_recheck,498.1419057585299,121.89333298010752,20.00680723762278,1.9927603079749578
readset,unrelated,20.0,82,1,EXECUTE,published_after_gate_recheck,523.9790310151875,138.72537499992177,20.00680723762278,1.9927603079749578
readset,unrelated,20.0,83,1,EXECUTE,published_after_gate_recheck,508.5519030690193,124.57208300475031,20.00680723762278,1.9927603079749578
readset,unrelated,20.0,84,1,EXECUTE,published_after_gate_recheck,586.7211977019906,157.91933401487768,20.00680723762278,1.9927603079749578
readset,unrelated,20.0,85,1,EXECUTE,published_after_gate_recheck,496.41643976792693,123.4180000028573,20.00680723762278,1.9927603079749578
readset,unrelated,20.0,86,1,EXECUTE,published_after_gate_recheck,501.4968388713896,129.83333296142519,20.00680723762278,1.9927603079749578
readset,unrelated,20.0,87,1,EXECUTE,published_after_gate_recheck,499.7152672149241,122.80245899455622,20.00680723762278,1.9927603079749578
readset,unrelated,20.0,88,1,EXECUTE,published_after_gate_recheck,503.71725484728813,122.96150001930073,20.00680723762278,1.9927603079749578
readset,unrelated,20.0,89,1,EXECUTE,published_after_gate_recheck,497.9047109372914,123.83583298651502,20.00680723762278,1.9927603079749578
readset,unrelated,20.0,90,1,EXECUTE,published_after_gate_recheck,505.91451628133655,122.72162502631545,20.00680723762278,1.9927603079749578
readset,unrelated,20.0,91,1,EXECUTE,published_after_gate_recheck,505.33910607919097,129.56366705475375,20.00680723762278,1.9927603079749578
readset,unrelated,20.0,92,1,EXECUTE,published_after_gate_recheck,495.95668725669384,121.91854201955721,20.00680723762278,1.9927603079749578
readset,unrelated,20.0,93,1,EXECUTE,published_after_gate_recheck,499.16592705994844,122.38504202105105,20.00680723762278,1.9927603079749578
readset,unrelated,20.0,94,1,EXECUTE,published_after_gate_recheck,495.8334267139435,125.36654103314504,20.00680723762278,1.9927603079749578
readset,unrelated,20.0,95,1,EXECUTE,published_after_gate_recheck,497.4026600830257,123.83304099785164,20.00680723762278,1.9927603079749578
readset,unrelated,20.0,96,1,EXECUTE,published_after_gate_recheck,499.689478892833,124.39641705714166,20.00680723762278,1.9927603079749578
readset,unrelated,20.0,97,1,EXECUTE,published_after_gate_recheck,501.9044540822506,130.35179197322577,20.00680723762278,1.9927603079749578
readset,unrelated,20.0,98,1,EXECUTE,published_after_gate_recheck,495.59652199968696,127.11191701237112,20.00680723762278,1.9927603079749578
readset,unrelated,20.0,99,1,EXECUTE,published_after_gate_recheck,497.7134130895138,125.46229205327109,20.00680723762278,1.9927603079749578
truth,unrelated,20.0,0,1,EXECUTE,published_after_gate_recheck,510.1698678918183,127.26549996295944,20.010296583033735,2.00307537478547
truth,unrelated,20.0,1,1,EXECUTE,published_after_gate_recheck,494.8831838555634,122.69470898900181,20.010296583033735,2.00307537478547
truth,unrelated,20.0,2,1,EXECUTE,published_after_gate_recheck,502.1087075583637,123.2218750519678,20.010296583033735,2.00307537478547
truth,unrelated,20.0,3,1,EXECUTE,published_after_gate_recheck,499.59792708978057,122.78049997985363,20.010296583033735,2.00307537478547
truth,unrelated,20.0,4,1,EXECUTE,published_after_gate_recheck,516.4771690033376,127.65004200628027,20.010296583033735,2.00307537478547
truth,unrelated,20.0,5,1,EXECUTE,published_after_gate_recheck,503.8580079562962,124.61441697087139,20.010296583033735,2.00307537478547
truth,unrelated,20.0,6,1,EXECUTE,published_after_gate_recheck,507.4156718328595,125.67079096334055,20.010296583033735,2.00307537478547
truth,unrelated,20.0,7,1,EXECUTE,published_after_gate_recheck,503.45018273219466,126.54391705291346,20.010296583033735,2.00307537478547
truth,unrelated,20.0,8,1,EXECUTE,published_after_gate_recheck,510.8625967986882,127.06154095940292,20.010296583033735,2.00307537478547
truth,unrelated,20.0,9,1,EXECUTE,published_after_gate_recheck,500.1617749221623,124.2395419976674,20.010296583033735,2.00307537478547
truth,unrelated,20.0,10,1,EXECUTE,published_after_gate_recheck,499.6485630981624,123.52258304599673,20.010296583033735,2.00307537478547
truth,unrelated,20.0,11,1,EXECUTE,published_after_gate_recheck,498.896901961416,123.53075004648417,20.010296583033735,2.00307537478547
truth,unrelated,20.0,12,1,EXECUTE,published_after_gate_recheck,495.67659199237823,121.88954197335988,20.010296583033735,2.00307537478547
truth,unrelated,20.0,13,1,EXECUTE,published_after_gate_recheck,496.2039110250771,123.17895900923759,20.010296583033735,2.00307537478547
truth,unrelated,20.0,14,1,EXECUTE,published_after_gate_recheck,496.16337521001697,123.67991701466963,20.010296583033735,2.00307537478547
truth,unrelated,20.0,15,1,EXECUTE,published_after_gate_recheck,522.6295590400696,129.68712497968227,20.010296583033735,2.00307537478547
truth,unrelated,20.0,16,1,EXECUTE,published_after_gate_recheck,559.3815855681896,180.47516699880362,20.010296583033735,2.00307537478547
truth,unrelated,20.0,17,1,EXECUTE,published_after_gate_recheck,550.1605998724699,122.67683300888166,20.010296583033735,2.00307537478547
truth,unrelated,20.0,18,1,EXECUTE,published_after_gate_recheck,499.1649449802935,122.5696670007892,20.010296583033735,2.00307537478547
truth,unrelated,20.0,19,1,EXECUTE,published_after_gate_recheck,497.68143193796277,122.7085420396179,20.010296583033735,2.00307537478547
truth,unrelated,20.0,20,1,EXECUTE,published_after_gate_recheck,498.6439682543278,122.36487498739734,20.010296583033735,2.00307537478547
truth,unrelated,20.0,21,1,EXECUTE,published_after_gate_recheck,494.74134808406234,123.08183399727568,20.010296583033735,2.00307537478547
truth,unrelated,20.0,22,1,EXECUTE,published_after_gate_recheck,502.8743031434715,122.36054101958871,20.010296583033735,2.00307537478547
truth,unrelated,20.0,23,1,EXECUTE,published_after_gate_recheck,494.155187625438,123.81991697475314,20.010296583033735,2.00307537478547
truth,unrelated,20.0,24,1,EXECUTE,published_after_gate_recheck,498.5539698973298,124.38183301128447,20.010296583033735,2.00307537478547
truth,unrelated,20.0,25,1,EXECUTE,published_after_gate_recheck,495.16846891492605,123.97379201138392,20.010296583033735,2.00307537478547
truth,unrelated,20.0,26,1,EXECUTE,published_after_gate_recheck,494.24482602626085,122.99016700126231,20.010296583033735,2.00307537478547
truth,unrelated,20.0,27,1,EXECUTE,published_after_gate_recheck,494.9184996075928,123.31987504148856,20.010296583033735,2.00307537478547
truth,unrelated,20.0,28,1,EXECUTE,published_after_gate_recheck,494.10945316776633,123.29304101876915,20.010296583033735,2.00307537478547
truth,unrelated,20.0,29,1,EXECUTE,published_after_gate_recheck,495.45577820390463,122.95329198241234,20.010296583033735,2.00307537478547
truth,unrelated,20.0,30,1,EXECUTE,published_after_gate_recheck,499.2949399165809,124.68850001459941,20.010296583033735,2.00307537478547
truth,unrelated,20.0,31,1,EXECUTE,published_after_gate_recheck,497.6724460721016,122.70279199583456,20.010296583033735,2.00307537478547
truth,unrelated,20.0,32,1,EXECUTE,published_after_gate_recheck,497.3475462757051,123.69454198051244,20.010296583033735,2.00307537478547
truth,unrelated,20.0,33,1,EXECUTE,published_after_gate_recheck,496.9897847622633,122.3636670038104,20.010296583033735,2.00307537478547
truth,unrelated,20.0,34,1,EXECUTE,published_after_gate_recheck,498.32420935854316,122.77933303266764,20.010296583033735,2.00307537478547
truth,unrelated,20.0,35,1,EXECUTE,published_after_gate_recheck,496.40011927112937,123.78358299611136,20.010296583033735,2.00307537478547
truth,unrelated,20.0,36,1,EXECUTE,published_after_gate_recheck,496.39909667894244,124.19616704573855,20.010296583033735,2.00307537478547
truth,unrelated,20.0,37,1,EXECUTE,published_after_gate_recheck,499.46432700380683,123.90599999343976,20.010296583033735,2.00307537478547
truth,unrelated,20.0,38,1,EXECUTE,published_after_gate_recheck,501.38730416074395,124.75366704165936,20.010296583033735,2.00307537478547
truth,unrelated,20.0,39,1,EXECUTE,published_after_gate_recheck,495.6804090179503,124.13599999854341,20.010296583033735,2.00307537478547
truth,unrelated,20.0,40,1,EXECUTE,published_after_gate_recheck,493.87036403641105,122.62333300895989,20.010296583033735,2.00307537478547
truth,unrelated,20.0,41,1,EXECUTE,published_after_gate_recheck,495.1882460154593,122.46087496168911,20.010296583033735,2.00307537478547
truth,unrelated,20.0,42,1,EXECUTE,published_after_gate_recheck,495.8151918835938,122.20637500286102,20.010296583033735,2.00307537478547
truth,unrelated,20.0,43,1,EXECUTE,published_after_gate_recheck,494.40176086500287,123.80920798750594,20.010296583033735,2.00307537478547
truth,unrelated,20.0,44,1,EXECUTE,published_after_gate_recheck,513.198358938098,127.9027090058662,20.010296583033735,2.00307537478547
truth,unrelated,20.0,45,1,EXECUTE,published_after_gate_recheck,493.91393596306443,122.94683401705697,20.010296583033735,2.00307537478547
truth,unrelated,20.0,46,1,EXECUTE,published_after_gate_recheck,492.168131750077,121.62891699699685,20.010296583033735,2.00307537478547
truth,unrelated,20.0,47,1,EXECUTE,published_after_gate_recheck,502.67911702394485,122.7282919571735,20.010296583033735,2.00307537478547
truth,unrelated,20.0,48,1,EXECUTE,published_after_gate_recheck,496.07937783002853,122.37716600066051,20.010296583033735,2.00307537478547
truth,unrelated,20.0,49,1,EXECUTE,published_after_gate_recheck,496.1542780511081,122.22154199844226,20.010296583033735,2.00307537478547
truth,unrelated,20.0,50,1,EXECUTE,published_after_gate_recheck,496.4229119941592,121.98883399832994,20.010296583033735,2.00307537478547
truth,unrelated,20.0,51,1,EXECUTE,published_after_gate_recheck,494.87478798255324,122.1726670046337,20.010296583033735,2.00307537478547
truth,unrelated,20.0,52,1,EXECUTE,published_after_gate_recheck,491.1653399467468,122.58166598621756,20.010296583033735,2.00307537478547
truth,unrelated,20.0,53,1,EXECUTE,published_after_gate_recheck,496.62197520956397,121.80991697823629,20.010296583033735,2.00307537478547
truth,unrelated,20.0,54,1,EXECUTE,published_after_gate_recheck,499.2077648639679,123.2010829844512,20.010296583033735,2.00307537478547
truth,unrelated,20.0,55,1,EXECUTE,published_after_gate_recheck,497.0964649692178,122.14858300285414,20.010296583033735,2.00307537478547
truth,unrelated,20.0,56,1,EXECUTE,published_after_gate_recheck,493.2169681414962,122.10733297979459,20.010296583033735,2.00307537478547
truth,unrelated,20.0,57,1,EXECUTE,published_after_gate_recheck,494.16959611698985,122.52904096385464,20.010296583033735,2.00307537478547
truth,unrelated,20.0,58,1,EXECUTE,published_after_gate_recheck,494.74488478153944,122.9092080029659,20.010296583033735,2.00307537478547
truth,unrelated,20.0,59,1,EXECUTE,published_after_gate_recheck,499.3115905672312,123.89145803172141,20.010296583033735,2.00307537478547
truth,unrelated,20.0,60,1,EXECUTE,published_after_gate_recheck,494.73991617560387,124.07699995674193,20.010296583033735,2.00307537478547
truth,unrelated,20.0,61,1,EXECUTE,published_after_gate_recheck,496.2801639921963,124.57379198167473,20.010296583033735,2.00307537478547
truth,unrelated,20.0,62,1,EXECUTE,published_after_gate_recheck,492.9016171954572,123.07120801415294,20.010296583033735,2.00307537478547
truth,unrelated,20.0,63,1,EXECUTE,published_after_gate_recheck,498.4580101445317,124.83674997929484,20.010296583033735,2.00307537478547
truth,unrelated,20.0,64,1,EXECUTE,published_after_gate_recheck,498.1100568547845,127.58029199903831,20.010296583033735,2.00307537478547
truth,unrelated,20.0,65,1,EXECUTE,published_after_gate_recheck,495.3236607834697,122.60624999180436,20.010296583033735,2.00307537478547
truth,unrelated,20.0,66,1,EXECUTE,published_after_gate_recheck,495.5275133252144,122.53966700518504,20.010296583033735,2.00307537478547
truth,unrelated,20.0,67,1,EXECUTE,published_after_gate_recheck,502.1646521054208,129.82804200146347,20.010296583033735,2.00307537478547
truth,unrelated,20.0,68,1,EXECUTE,published_after_gate_recheck,493.97170497104526,122.07033298909664,20.010296583033735,2.00307537478547
truth,unrelated,20.0,69,1,EXECUTE,published_after_gate_recheck,495.90866826474667,122.45441600680351,20.010296583033735,2.00307537478547
truth,unrelated,20.0,70,1,EXECUTE,published_after_gate_recheck,496.10922299325466,125.56324998149648,20.010296583033735,2.00307537478547
truth,unrelated,20.0,71,1,EXECUTE,published_after_gate_recheck,496.36270897462964,122.43216700153425,20.010296583033735,2.00307537478547
truth,unrelated,20.0,72,1,EXECUTE,published_after_gate_recheck,505.6913779117167,131.56670797616243,20.010296583033735,2.00307537478547
truth,unrelated,20.0,73,1,EXECUTE,published_after_gate_recheck,510.8560440130532,133.59708403004333,20.010296583033735,2.00307537478547
truth,unrelated,20.0,74,1,EXECUTE,published_after_gate_recheck,494.4639978930354,123.07270802557468,20.010296583033735,2.00307537478547
truth,unrelated,20.0,75,1,EXECUTE,published_after_gate_recheck,489.90003671497107,122.21041601151228,20.010296583033735,2.00307537478547
truth,unrelated,20.0,76,1,EXECUTE,published_after_gate_recheck,501.53928995132446,127.97670799773186,20.010296583033735,2.00307537478547
truth,unrelated,20.0,77,1,EXECUTE,published_after_gate_recheck,505.99365402013063,123.97016602335498,20.010296583033735,2.00307537478547
truth,unrelated,20.0,78,1,EXECUTE,published_after_gate_recheck,495.6402541138232,122.9106669779867,20.010296583033735,2.00307537478547
truth,unrelated,20.0,79,1,EXECUTE,published_after_gate_recheck,500.8858940564096,124.7022919706069,20.010296583033735,2.00307537478547
truth,unrelated,20.0,80,1,EXECUTE,published_after_gate_recheck,495.9620884619653,123.39124997379258,20.010296583033735,2.00307537478547
truth,unrelated,20.0,81,1,EXECUTE,published_after_gate_recheck,494.4155067205429,123.01750003825873,20.010296583033735,2.00307537478547
truth,unrelated,20.0,82,1,EXECUTE,published_after_gate_recheck,499.95367508381605,123.89304197859019,20.010296583033735,2.00307537478547
truth,unrelated,20.0,83,1,EXECUTE,published_after_gate_recheck,492.2017948701978,121.76254199584946,20.010296583033735,2.00307537478547
truth,unrelated,20.0,84,1,EXECUTE,published_after_gate_recheck,497.67555203288794,122.94233299326152,20.010296583033735,2.00307537478547
truth,unrelated,20.0,85,1,EXECUTE,published_after_gate_recheck,494.38649183139205,123.45429102424532,20.010296583033735,2.00307537478547
truth,unrelated,20.0,86,1,EXECUTE,published_after_gate_recheck,494.40228193998337,122.81779199838638,20.010296583033735,2.00307537478547
truth,unrelated,20.0,87,1,EXECUTE,published_after_gate_recheck,493.6777031980455,121.87400000402704,20.010296583033735,2.00307537478547
truth,unrelated,20.0,88,1,EXECUTE,published_after_gate_recheck,493.96142503246665,123.27291700057685,20.010296583033735,2.00307537478547
truth,unrelated,20.0,89,1,EXECUTE,published_after_gate_recheck,501.1551291681826,130.1695829606615,20.010296583033735,2.00307537478547
truth,unrelated,20.0,90,1,EXECUTE,published_after_gate_recheck,494.64337388053536,122.39604198839515,20.010296583033735,2.00307537478547
truth,unrelated,20.0,91,1,EXECUTE,published_after_gate_recheck,494.4258970208466,123.20520804496482,20.010296583033735,2.00307537478547
truth,unrelated,20.0,92,1,EXECUTE,published_after_gate_recheck,496.1048951372504,122.1955000073649,20.010296583033735,2.00307537478547
truth,unrelated,20.0,93,1,EXECUTE,published_after_gate_recheck,496.4369391091168,124.57854201784357,20.010296583033735,2.00307537478547
truth,unrelated,20.0,94,1,EXECUTE,published_after_gate_recheck,492.95722134411335,122.43083299836144,20.010296583033735,2.00307537478547
truth,unrelated,20.0,95,1,EXECUTE,published_after_gate_recheck,498.23741521686316,124.02133399154991,20.010296583033735,2.00307537478547
truth,unrelated,20.0,96,1,EXECUTE,published_after_gate_recheck,499.0382380783558,126.36695895344019,20.010296583033735,2.00307537478547
truth,unrelated,20.0,97,1,EXECUTE,published_after_gate_recheck,490.6578082591295,122.0078329788521,20.010296583033735,2.00307537478547
truth,unrelated,20.0,98,1,EXECUTE,published_after_gate_recheck,502.5997278280556,127.79324996517971,20.010296583033735,2.00307537478547
truth,unrelated,20.0,99,1,EXECUTE,published_after_gate_recheck,492.93087190017104,124.61237498791888,20.010296583033735,2.00307537478547
global,related_same,20.0,0,0,REVOKE,context_version_changed_at_publish,494.22425823286176,122.88387498119846,20.01591824713289,0.0
global,related_same,20.0,1,0,REVOKE,context_version_changed_at_publish,496.671378146857,125.83554198499769,20.01591824713289,0.0
global,related_same,20.0,2,0,REVOKE,context_version_changed_at_publish,494.28208684548736,124.7443329775706,20.01591824713289,0.0
global,related_same,20.0,3,0,REVOKE,context_version_changed_at_publish,498.7292578443885,123.5112079884857,20.01591824713289,0.0
global,related_same,20.0,4,0,REVOKE,context_version_changed_at_publish,496.52001494541764,121.54354201629758,20.01591824713289,0.0
global,related_same,20.0,5,0,REVOKE,context_version_changed_at_publish,494.2865641787648,122.43258400121704,20.01591824713289,0.0
global,related_same,20.0,6,0,REVOKE,context_version_changed_at_publish,498.1907377950847,125.52120804321021,20.01591824713289,0.0
global,related_same,20.0,7,0,REVOKE,context_version_changed_at_publish,514.6199748851359,133.71383299818262,20.01591824713289,0.0
global,related_same,20.0,8,0,REVOKE,context_version_changed_at_publish,584.6653617918491,177.06650000764057,20.01591824713289,0.0
global,related_same,20.0,9,0,REVOKE,context_version_changed_at_publish,495.6741980277002,124.56716696033254,20.01591824713289,0.0
global,related_same,20.0,10,0,REVOKE,context_version_changed_at_publish,494.1636542789638,122.33679200289771,20.01591824713289,0.0
global,related_same,20.0,11,0,REVOKE,context_version_changed_at_publish,491.2976580671966,121.92366702947766,20.01591824713289,0.0
global,related_same,20.0,12,0,REVOKE,context_version_changed_at_publish,493.53259103372693,122.847874998115,20.01591824713289,0.0
global,related_same,20.0,13,0,REVOKE,context_version_changed_at_publish,494.90712909027934,121.73474999144673,20.01591824713289,0.0
global,related_same,20.0,14,0,REVOKE,context_version_changed_at_publish,493.40592324733734,124.72654198063537,20.01591824713289,0.0
global,related_same,20.0,15,0,REVOKE,context_version_changed_at_publish,496.6338281519711,123.4453339711763,20.01591824713289,0.0
global,related_same,20.0,16,0,REVOKE,context_version_changed_at_publish,495.4251297749579,121.37624999741092,20.01591824713289,0.0
global,related_same,20.0,17,0,REVOKE,context_version_changed_at_publish,492.9254618473351,124.12162503460422,20.01591824713289,0.0
global,related_same,20.0,18,0,REVOKE,context_version_changed_at_publish,493.120095692575,122.52195802284405,20.01591824713289,0.0
global,related_same,20.0,19,0,REVOKE,context_version_changed_at_publish,491.1027532070875,121.59612501272932,20.01591824713289,0.0
global,related_same,20.0,20,0,REVOKE,context_version_changed_at_publish,498.9187428727746,128.83345800219104,20.01591824713289,0.0
global,related_same,20.0,21,0,REVOKE,context_version_changed_at_publish,495.11699192225933,122.16145801357925,20.01591824713289,0.0
global,related_same,20.0,22,0,REVOKE,context_version_changed_at_publish,496.96424836292863,122.69316700985655,20.01591824713289,0.0
global,related_same,20.0,23,0,REVOKE,context_version_changed_at_publish,492.62473778799176,121.98533298214898,20.01591824713289,0.0
global,related_same,20.0,24,0,REVOKE,context_version_changed_at_publish,511.97544392198324,139.6645840140991,20.01591824713289,0.0
global,related_same,20.0,25,0,REVOKE,context_version_changed_at_publish,500.3927480429411,122.1215840196237,20.01591824713289,0.0
global,related_same,20.0,26,0,REVOKE,context_version_changed_at_publish,493.6127210967243,121.39070901321247,20.01591824713289,0.0
global,related_same,20.0,27,0,REVOKE,context_version_changed_at_publish,640.8820413053036,188.9646250056103,20.01591824713289,0.0
global,related_same,20.0,28,0,REVOKE,context_version_changed_at_publish,496.22098403051496,124.43279102444649,20.01591824713289,0.0
global,related_same,20.0,29,0,REVOKE,context_version_changed_at_publish,495.12772308662534,123.59791703056544,20.01591824713289,0.0
global,related_same,20.0,30,0,REVOKE,context_version_changed_at_publish,497.6605330593884,125.97037496743724,20.01591824713289,0.0
global,related_same,20.0,31,0,REVOKE,context_version_changed_at_publish,497.91939882561564,123.17170802270994,20.01591824713289,0.0
global,related_same,20.0,32,0,REVOKE,context_version_changed_at_publish,520.9967358969152,125.395999988541,20.01591824713289,0.0
global,related_same,20.0,33,0,REVOKE,context_version_changed_at_publish,545.3355698846281,128.74941603513435,20.01591824713289,0.0
global,related_same,20.0,34,0,REVOKE,context_version_changed_at_publish,576.4022427611053,171.59329098649323,20.01591824713289,0.0
global,related_same,20.0,35,0,REVOKE,context_version_changed_at_publish,491.9332512654364,121.93133297841996,20.01591824713289,0.0
global,related_same,20.0,36,0,REVOKE,context_version_changed_at_publish,497.4453402683139,125.6855420069769,20.01591824713289,0.0
global,related_same,20.0,37,0,REVOKE,context_version_changed_at_publish,499.47322392836213,124.31608396582305,20.01591824713289,0.0
global,related_same,20.0,38,0,REVOKE,context_version_changed_at_publish,498.3422919176519,124.57904196344316,20.01591824713289,0.0
global,related_same,20.0,39,0,REVOKE,context_version_changed_at_publish,499.38513804227114,122.93499999213964,20.01591824713289,0.0
global,related_same,20.0,40,0,REVOKE,context_version_changed_at_publish,497.4093516357243,123.36891697486863,20.01591824713289,0.0
global,related_same,20.0,41,0,REVOKE,context_version_changed_at_publish,494.951331987977,126.33212498622015,20.01591824713289,0.0
global,related_same,20.0,42,0,REVOKE,context_version_changed_at_publish,494.0180811099708,121.8467089929618,20.01591824713289,0.0
global,related_same,20.0,43,0,REVOKE,context_version_changed_at_publish,497.52786476165056,122.47087497962639,20.01591824713289,0.0
global,related_same,20.0,44,0,REVOKE,context_version_changed_at_publish,492.65944212675095,121.76883401116356,20.01591824713289,0.0
global,related_same,20.0,45,0,REVOKE,context_version_changed_at_publish,495.9752419963479,123.25133301783353,20.01591824713289,0.0
global,related_same,20.0,46,0,REVOKE,context_version_changed_at_publish,499.1079890169203,127.95549997827038,20.01591824713289,0.0
global,related_same,20.0,47,0,REVOKE,context_version_changed_at_publish,491.4344046264887,122.28916701860726,20.01591824713289,0.0
global,related_same,20.0,48,0,REVOKE,context_version_changed_at_publish,498.1840457767248,123.33629099885002,20.01591824713289,0.0
global,related_same,20.0,49,0,REVOKE,context_version_changed_at_publish,493.36595786735415,123.11245797900483,20.01591824713289,0.0
global,related_same,20.0,50,0,REVOKE,context_version_changed_at_publish,494.87054999917746,123.04904201300815,20.01591824713289,0.0
global,related_same,20.0,51,0,REVOKE,context_version_changed_at_publish,495.788361877203,123.79416701151058,20.01591824713289,0.0
global,related_same,20.0,52,0,REVOKE,context_version_changed_at_publish,493.07885905727744,124.29020798299462,20.01591824713289,0.0
global,related_same,20.0,53,0,REVOKE,context_version_changed_at_publish,500.14364114031196,121.30724999587983,20.01591824713289,0.0
global,related_same,20.0,54,0,REVOKE,context_version_changed_at_publish,493.31903038546443,123.77333297627047,20.01591824713289,0.0
global,related_same,20.0,55,0,REVOKE,context_version_changed_at_publish,496.1842941120267,122.73150001419708,20.01591824713289,0.0
global,related_same,20.0,56,0,REVOKE,context_version_changed_at_publish,493.71750792488456,121.6738749644719,20.01591824713289,0.0
global,related_same,20.0,57,0,REVOKE,context_version_changed_at_publish,493.8477110117674,123.65700001828372,20.01591824713289,0.0
global,related_same,20.0,58,0,REVOKE,context_version_changed_at_publish,494.2297488451004,123.41500003822148,20.01591824713289,0.0
global,related_same,20.0,59,0,REVOKE,context_version_changed_at_publish,499.21940779313445,122.00795800890774,20.01591824713289,0.0
global,related_same,20.0,60,0,REVOKE,context_version_changed_at_publish,496.33416486904025,124.21712500508875,20.01591824713289,0.0
global,related_same,20.0,61,0,REVOKE,context_version_changed_at_publish,496.8944760039449,122.86620895611122,20.01591824713289,0.0
global,related_same,20.0,62,0,REVOKE,context_version_changed_at_publish,496.16533797234297,124.24241699045524,20.01591824713289,0.0
global,related_same,20.0,63,0,REVOKE,context_version_changed_at_publish,496.22770585119724,124.32462500873953,20.01591824713289,0.0
global,related_same,20.0,64,0,REVOKE,context_version_changed_at_publish,492.5631317310035,121.09516700729728,20.01591824713289,0.0
global,related_same,20.0,65,0,REVOKE,context_version_changed_at_publish,500.64179627224803,124.81962499441579,20.01591824713289,0.0
global,related_same,20.0,66,0,REVOKE,context_version_changed_at_publish,496.97183165699244,122.08212504629046,20.01591824713289,0.0
global,related_same,20.0,67,0,REVOKE,context_version_changed_at_publish,494.6391968987882,124.2228330229409,20.01591824713289,0.0
global,related_same,20.0,68,0,REVOKE,context_version_changed_at_publish,495.2670428901911,124.95091697201133,20.01591824713289,0.0
global,related_same,20.0,69,0,REVOKE,context_version_changed_at_publish,498.86406073346734,123.87633300386369,20.01591824713289,0.0
global,related_same,20.0,70,0,REVOKE,context_version_changed_at_publish,497.1477217040956,127.06937501206994,20.01591824713289,0.0
global,related_same,20.0,71,0,REVOKE,context_version_changed_at_publish,495.15484319999814,123.54970799060538,20.01591824713289,0.0
global,related_same,20.0,72,0,REVOKE,context_version_changed_at_publish,491.122308652848,121.75704195396975,20.01591824713289,0.0
global,related_same,20.0,73,0,REVOKE,context_version_changed_at_publish,493.73422795906663,123.32858296576887,20.01591824713289,0.0
global,related_same,20.0,74,0,REVOKE,context_version_changed_at_publish,492.29195388033986,122.70683399401605,20.01591824713289,0.0
global,related_same,20.0,75,0,REVOKE,context_version_changed_at_publish,492.52013117074966,121.87245802488178,20.01591824713289,0.0
global,related_same,20.0,76,0,REVOKE,context_version_changed_at_publish,497.37749295309186,126.88570801401511,20.01591824713289,0.0
global,related_same,20.0,77,0,REVOKE,context_version_changed_at_publish,496.4290140196681,122.662375040818,20.01591824713289,0.0
global,related_same,20.0,78,0,REVOKE,context_version_changed_at_publish,497.4180590361357,122.60733399307355,20.01591824713289,0.0
global,related_same,20.0,79,0,REVOKE,context_version_changed_at_publish,495.8768277429044,124.63545898208395,20.01591824713289,0.0
global,related_same,20.0,80,0,REVOKE,context_version_changed_at_publish,502.66169430688024,123.97570797475055,20.01591824713289,0.0
global,related_same,20.0,81,0,REVOKE,context_version_changed_at_publish,494.6708851493895,123.17258398979902,20.01591824713289,0.0
global,related_same,20.0,82,0,REVOKE,context_version_changed_at_publish,494.10718819126487,122.9214160121046,20.01591824713289,0.0
global,related_same,20.0,83,0,REVOKE,context_version_changed_at_publish,496.6974868439138,123.95208299858496,20.01591824713289,0.0
global,related_same,20.0,84,0,REVOKE,context_version_changed_at_publish,495.41571270674467,122.99237499246374,20.01591824713289,0.0
global,related_same,20.0,85,0,REVOKE,context_version_changed_at_publish,497.4563308060169,122.62966699199751,20.01591824713289,0.0
global,related_same,20.0,86,0,REVOKE,context_version_changed_at_publish,496.61923106759787,124.32391702895984,20.01591824713289,0.0
global,related_same,20.0,87,0,REVOKE,context_version_changed_at_publish,496.39807594940066,124.41933405352756,20.01591824713289,0.0
global,related_same,20.0,88,0,REVOKE,context_version_changed_at_publish,500.63160713762045,127.63170799007639,20.01591824713289,0.0
global,related_same,20.0,89,0,REVOKE,context_version_changed_at_publish,497.44619196280837,121.48133403388783,20.01591824713289,0.0
global,related_same,20.0,90,0,REVOKE,context_version_changed_at_publish,495.16616482287645,124.73945796955377,20.01591824713289,0.0
global,related_same,20.0,91,0,REVOKE,context_version_changed_at_publish,494.3612450733781,122.15108401142061,20.01591824713289,0.0
global,related_same,20.0,92,0,REVOKE,context_version_changed_at_publish,493.85965382680297,124.05154103180394,20.01591824713289,0.0
global,related_same,20.0,93,0,REVOKE,context_version_changed_at_publish,492.3770232126117,122.7917080395855,20.01591824713289,0.0
global,related_same,20.0,94,0,REVOKE,context_version_changed_at_publish,496.4633882045746,122.90970899630338,20.01591824713289,0.0
global,related_same,20.0,95,0,REVOKE,context_version_changed_at_publish,494.8537787422538,123.95391601603478,20.01591824713289,0.0
global,related_same,20.0,96,0,REVOKE,context_version_changed_at_publish,499.2840480990708,124.21987496782094,20.01591824713289,0.0
global,related_same,20.0,97,0,REVOKE,context_version_changed_at_publish,493.57166374102235,122.42162501206622,20.01591824713289,0.0
global,related_same,20.0,98,0,REVOKE,context_version_changed_at_publish,501.6120057553053,126.30491598974913,20.01591824713289,0.0
global,related_same,20.0,99,0,REVOKE,context_version_changed_at_publish,491.9486599974334,122.9686249862425,20.01591824713289,0.0
readset,related_same,20.0,0,1,EXECUTE,published_after_gate_recheck,495.9565782919526,121.44737498601899,20.003507587027713,1.9983881075881331
readset,related_same,20.0,1,1,EXECUTE,published_after_gate_recheck,494.6492537856102,122.82204197254032,20.003507587027713,1.9983881075881331
readset,related_same,20.0,2,1,EXECUTE,published_after_gate_recheck,494.23654982820153,123.03737504407763,20.003507587027713,1.9983881075881331
readset,related_same,20.0,3,1,EXECUTE,published_after_gate_recheck,494.89056691527367,122.48687504325062,20.003507587027713,1.9983881075881331
readset,related_same,20.0,4,1,EXECUTE,published_after_gate_recheck,495.9034379571676,123.34062502486631,20.003507587027713,1.9983881075881331
readset,related_same,20.0,5,1,EXECUTE,published_after_gate_recheck,493.39041393250227,122.81049997545779,20.003507587027713,1.9983881075881331
readset,related_same,20.0,6,1,EXECUTE,published_after_gate_recheck,495.9481321275234,123.65391699131578,20.003507587027713,1.9983881075881331
readset,related_same,20.0,7,1,EXECUTE,published_after_gate_recheck,499.11394994705915,123.26887500239536,20.003507587027713,1.9983881075881331
readset,related_same,20.0,8,1,EXECUTE,published_after_gate_recheck,495.079361833632,124.96375001501292,20.003507587027713,1.9983881075881331
readset,related_same,20.0,9,1,EXECUTE,published_after_gate_recheck,494.45808585733175,123.70375002501532,20.003507587027713,1.9983881075881331
readset,related_same,20.0,10,1,EXECUTE,published_after_gate_recheck,495.2800292521715,122.92358302511275,20.003507587027713,1.9983881075881331
readset,related_same,20.0,11,1,EXECUTE,published_after_gate_recheck,500.18676184117794,123.78887500381097,20.003507587027713,1.9983881075881331
readset,related_same,20.0,12,1,EXECUTE,published_after_gate_recheck,497.309825848788,124.14966599317268,20.003507587027713,1.9983881075881331
readset,related_same,20.0,13,1,EXECUTE,published_after_gate_recheck,494.8527058586478,121.81029201019555,20.003507587027713,1.9983881075881331
readset,related_same,20.0,14,1,EXECUTE,published_after_gate_recheck,497.50693514943123,123.30529099563137,20.003507587027713,1.9983881075881331
readset,related_same,20.0,15,1,EXECUTE,published_after_gate_recheck,495.8061659708619,124.38762502279133,20.003507587027713,1.9983881075881331
readset,related_same,20.0,16,1,EXECUTE,published_after_gate_recheck,497.587236110121,122.06454097758979,20.003507587027713,1.9983881075881331
readset,related_same,20.0,17,1,EXECUTE,published_after_gate_recheck,493.20051772519946,122.96770897228271,20.003507587027713,1.9983881075881331
readset,related_same,20.0,18,1,EXECUTE,published_after_gate_recheck,492.11175506934524,122.66787502449006,20.003507587027713,1.9983881075881331
readset,related_same,20.0,19,1,EXECUTE,published_after_gate_recheck,497.85542907193303,123.32604202674702,20.003507587027713,1.9983881075881331
readset,related_same,20.0,20,1,EXECUTE,published_after_gate_recheck,493.4084680862725,123.27199999708682,20.003507587027713,1.9983881075881331
readset,related_same,20.0,21,1,EXECUTE,published_after_gate_recheck,494.6312019601464,123.66979196667671,20.003507587027713,1.9983881075881331
readset,related_same,20.0,22,1,EXECUTE,published_after_gate_recheck,495.91290624812245,122.17391701415181,20.003507587027713,1.9983881075881331
readset,related_same,20.0,23,1,EXECUTE,published_after_gate_recheck,493.1111200712621,122.375666978769,20.003507587027713,1.9983881075881331
readset,related_same,20.0,24,1,EXECUTE,published_after_gate_recheck,499.98143687844276,123.15941695123911,20.003507587027713,1.9983881075881331
readset,related_same,20.0,25,1,EXECUTE,published_after_gate_recheck,501.8039159476757,126.3993339962326,20.003507587027713,1.9983881075881331
readset,related_same,20.0,26,1,EXECUTE,published_after_gate_recheck,494.6424728259444,123.42187500325963,20.003507587027713,1.9983881075881331
readset,related_same,20.0,27,1,EXECUTE,published_after_gate_recheck,494.44751627743244,122.32795800082386,20.003507587027713,1.9983881075881331
readset,related_same,20.0,28,1,EXECUTE,published_after_gate_recheck,498.3971049077809,125.05916698137298,20.003507587027713,1.9983881075881331
readset,related_same,20.0,29,1,EXECUTE,published_after_gate_recheck,495.7534861750901,122.88987502688542,20.003507587027713,1.9983881075881331
readset,related_same,20.0,30,1,EXECUTE,published_after_gate_recheck,494.54832496121526,125.33729203278199,20.003507587027713,1.9983881075881331
readset,related_same,20.0,31,1,EXECUTE,published_after_gate_recheck,498.68031637743115,123.23570798616856,20.003507587027713,1.9983881075881331
readset,related_same,20.0,32,1,EXECUTE,published_after_gate_recheck,494.1599378362298,123.24699998134747,20.003507587027713,1.9983881075881331
readset,related_same,20.0,33,1,EXECUTE,published_after_gate_recheck,501.39440782368183,122.29337496683002,20.003507587027713,1.9983881075881331
readset,related_same,20.0,34,1,EXECUTE,published_after_gate_recheck,493.8332950696349,122.83633300103247,20.003507587027713,1.9983881075881331
readset,related_same,20.0,35,1,EXECUTE,published_after_gate_recheck,492.95245204120874,123.25508298818022,20.003507587027713,1.9983881075881331
readset,related_same,20.0,36,1,EXECUTE,published_after_gate_recheck,496.3492536917329,122.35504202544689,20.003507587027713,1.9983881075881331
readset,related_same,20.0,37,1,EXECUTE,published_after_gate_recheck,493.28170996159315,123.74816602095962,20.003507587027713,1.9983881075881331
readset,related_same,20.0,38,1,EXECUTE,published_after_gate_recheck,494.4514939561486,122.36824998399243,20.003507587027713,1.9983881075881331
readset,related_same,20.0,39,1,EXECUTE,published_after_gate_recheck,496.7821156606078,123.5029170056805,20.003507587027713,1.9983881075881331
readset,related_same,20.0,40,1,EXECUTE,published_after_gate_recheck,494.49821235612035,123.46125004114583,20.003507587027713,1.9983881075881331
readset,related_same,20.0,41,1,EXECUTE,published_after_gate_recheck,503.653725143522,123.40779101941735,20.003507587027713,1.9983881075881331
readset,related_same,20.0,42,1,EXECUTE,published_after_gate_recheck,497.621709946543,122.6266659796238,20.003507587027713,1.9983881075881331
readset,related_same,20.0,43,1,EXECUTE,published_after_gate_recheck,501.05603225529194,122.93204199522734,20.003507587027713,1.9983881075881331
readset,related_same,20.0,44,1,EXECUTE,published_after_gate_recheck,494.5204737596214,122.44166701566428,20.003507587027713,1.9983881075881331
readset,related_same,20.0,45,1,EXECUTE,published_after_gate_recheck,497.1417598426342,124.61583298863843,20.003507587027713,1.9983881075881331
readset,related_same,20.0,46,1,EXECUTE,published_after_gate_recheck,497.64619721099734,123.03879199316725,20.003507587027713,1.9983881075881331
readset,related_same,20.0,47,1,EXECUTE,published_after_gate_recheck,494.6694830432534,122.92991700815037,20.003507587027713,1.9983881075881331
readset,related_same,20.0,48,1,EXECUTE,published_after_gate_recheck,492.10975086316466,122.69429198931903,20.003507587027713,1.9983881075881331
readset,related_same,20.0,49,1,EXECUTE,published_after_gate_recheck,495.7264559343457,125.01866702223197,20.003507587027713,1.9983881075881331
readset,related_same,20.0,50,1,EXECUTE,published_after_gate_recheck,500.045747961849,124.99020801624283,20.003507587027713,1.9983881075881331
readset,related_same,20.0,51,1,EXECUTE,published_after_gate_recheck,617.4314632080495,126.2136249570176,20.003507587027713,1.9983881075881331
readset,related_same,20.0,52,1,EXECUTE,published_after_gate_recheck,695.8624590188265,200.35412500146776,20.003507587027713,1.9983881075881331
readset,related_same,20.0,53,1,EXECUTE,published_after_gate_recheck,549.6256458573043,123.04454203695059,20.003507587027713,1.9983881075881331
readset,related_same,20.0,54,1,EXECUTE,published_after_gate_recheck,497.4149730987847,125.13800000306219,20.003507587027713,1.9983881075881331
readset,related_same,20.0,55,1,EXECUTE,published_after_gate_recheck,496.6365220025182,122.4971249466762,20.003507587027713,1.9983881075881331
readset,related_same,20.0,56,1,EXECUTE,published_after_gate_recheck,501.373338047415,125.50341698806733,20.003507587027713,1.9983881075881331
readset,related_same,20.0,57,1,EXECUTE,published_after_gate_recheck,499.6412880718708,122.5351250031963,20.003507587027713,1.9983881075881331
readset,related_same,20.0,58,1,EXECUTE,published_after_gate_recheck,494.4336097687483,123.0243340251036,20.003507587027713,1.9983881075881331
readset,related_same,20.0,59,1,EXECUTE,published_after_gate_recheck,496.39441817998886,122.33254197053611,20.003507587027713,1.9983881075881331
readset,related_same,20.0,60,1,EXECUTE,published_after_gate_recheck,497.6280531845987,123.79291601246223,20.003507587027713,1.9983881075881331
readset,related_same,20.0,61,1,EXECUTE,published_after_gate_recheck,501.4503728598356,127.16170900966972,20.003507587027713,1.9983881075881331
readset,related_same,20.0,62,1,EXECUTE,published_after_gate_recheck,498.4266608953476,123.19729197770357,20.003507587027713,1.9983881075881331
readset,related_same,20.0,63,1,EXECUTE,published_after_gate_recheck,494.21174405142665,122.85045901080593,20.003507587027713,1.9983881075881331
readset,related_same,20.0,64,1,EXECUTE,published_after_gate_recheck,492.33399285003543,123.24708298547193,20.003507587027713,1.9983881075881331
readset,related_same,20.0,65,1,EXECUTE,published_after_gate_recheck,497.1459894441068,122.62445798842236,20.003507587027713,1.9983881075881331
readset,related_same,20.0,66,1,EXECUTE,published_after_gate_recheck,500.2138428390026,122.04654095694423,20.003507587027713,1.9983881075881331
readset,related_same,20.0,67,1,EXECUTE,published_after_gate_recheck,492.58072581142187,124.00570802856237,20.003507587027713,1.9983881075881331
readset,related_same,20.0,68,1,EXECUTE,published_after_gate_recheck,494.45010209456086,123.66433400893584,20.003507587027713,1.9983881075881331
readset,related_same,20.0,69,1,EXECUTE,published_after_gate_recheck,498.7947908230126,123.85000003268942,20.003507587027713,1.9983881075881331
readset,related_same,20.0,70,1,EXECUTE,published_after_gate_recheck,498.75380378216505,122.5505830370821,20.003507587027713,1.9983881075881331
readset,related_same,20.0,71,1,EXECUTE,published_after_gate_recheck,496.6349098831415,124.23458398552611,20.003507587027713,1.9983881075881331
readset,related_same,20.0,72,1,EXECUTE,published_after_gate_recheck,496.6731909662485,124.72899997374043,20.003507587027713,1.9983881075881331
readset,related_same,20.0,73,1,EXECUTE,published_after_gate_recheck,494.45023201406,122.3613329930231,20.003507587027713,1.9983881075881331
readset,related_same,20.0,74,1,EXECUTE,published_after_gate_recheck,501.27864070236683,124.20258298516273,20.003507587027713,1.9983881075881331
readset,related_same,20.0,75,1,EXECUTE,published_after_gate_recheck,494.4601501338184,123.11712501104921,20.003507587027713,1.9983881075881331
readset,related_same,20.0,76,1,EXECUTE,published_after_gate_recheck,492.67951119691133,122.10812501143664,20.003507587027713,1.9983881075881331
readset,related_same,20.0,77,1,EXECUTE,published_after_gate_recheck,492.8163271397352,121.91112496657297,20.003507587027713,1.9983881075881331
readset,related_same,20.0,78,1,EXECUTE,published_after_gate_recheck,493.9770339988172,122.6253749919124,20.003507587027713,1.9983881075881331
readset,related_same,20.0,79,1,EXECUTE,published_after_gate_recheck,496.94361817091703,124.70933300210163,20.003507587027713,1.9983881075881331
readset,related_same,20.0,80,1,EXECUTE,published_after_gate_recheck,500.42368611320853,125.30779198277742,20.003507587027713,1.9983881075881331
readset,related_same,20.0,81,1,EXECUTE,published_after_gate_recheck,496.64232414215803,124.62870799936354,20.003507587027713,1.9983881075881331
readset,related_same,20.0,82,1,EXECUTE,published_after_gate_recheck,498.8876460120082,123.92316700424999,20.003507587027713,1.9983881075881331
readset,related_same,20.0,83,1,EXECUTE,published_after_gate_recheck,495.15793891623616,122.52091697882861,20.003507587027713,1.9983881075881331
readset,related_same,20.0,84,1,EXECUTE,published_after_gate_recheck,499.9377350322902,125.3399170236662,20.003507587027713,1.9983881075881331
readset,related_same,20.0,85,1,EXECUTE,published_after_gate_recheck,495.1317198574543,123.41695901704952,20.003507587027713,1.9983881075881331
readset,related_same,20.0,86,1,EXECUTE,published_after_gate_recheck,502.7202838100493,127.1422499557957,20.003507587027713,1.9983881075881331
readset,related_same,20.0,87,1,EXECUTE,published_after_gate_recheck,498.7011458724737,127.54066701745614,20.003507587027713,1.9983881075881331
readset,related_same,20.0,88,1,EXECUTE,published_after_gate_recheck,493.35874523967505,123.4245829982683,20.003507587027713,1.9983881075881331
readset,related_same,20.0,89,1,EXECUTE,published_after_gate_recheck,499.4061077013612,125.02241705078632,20.003507587027713,1.9983881075881331
readset,related_same,20.0,90,1,EXECUTE,published_after_gate_recheck,495.91371696442366,123.01924999337643,20.003507587027713,1.9983881075881331
readset,related_same,20.0,91,1,EXECUTE,published_after_gate_recheck,497.40575486794114,123.54433396831155,20.003507587027713,1.9983881075881331
readset,related_same,20.0,92,1,EXECUTE,published_after_gate_recheck,492.3993651755154,121.6943750041537,20.003507587027713,1.9983881075881331
readset,related_same,20.0,93,1,EXECUTE,published_after_gate_recheck,494.49009727686644,123.95016703521833,20.003507587027713,1.9983881075881331
readset,related_same,20.0,94,1,EXECUTE,published_after_gate_recheck,498.12369234859943,123.10279201483354,20.003507587027713,1.9983881075881331
readset,related_same,20.0,95,1,EXECUTE,published_after_gate_recheck,495.3607702627778,121.99541600421071,20.003507587027713,1.9983881075881331
readset,related_same,20.0,96,1,EXECUTE,published_after_gate_recheck,498.13192803412676,120.85516599472612,20.003507587027713,1.9983881075881331
readset,related_same,20.0,97,1,EXECUTE,published_after_gate_recheck,496.1372260004282,123.26983397360891,20.003507587027713,1.9983881075881331
readset,related_same,20.0,98,1,EXECUTE,published_after_gate_recheck,498.65028029307723,125.1147500006482,20.003507587027713,1.9983881075881331
readset,related_same,20.0,99,1,EXECUTE,published_after_gate_recheck,505.7158130221069,133.51716700708494,20.003507587027713,1.9983881075881331
truth,related_same,20.0,0,1,EXECUTE,published_after_gate_recheck,496.6712980531156,127.43083399254829,20.00498518944042,1.9826898105843325
truth,related_same,20.0,1,1,EXECUTE,published_after_gate_recheck,493.6245228163898,122.70066700875759,20.00498518944042,1.9826898105843325
truth,related_same,20.0,2,1,EXECUTE,published_after_gate_recheck,505.13228867203,126.10283301910385,20.00498518944042,1.9826898105843325
truth,related_same,20.0,3,1,EXECUTE,published_after_gate_recheck,499.1867761127651,123.3244999893941,20.00498518944042,1.9826898105843325
truth,related_same,20.0,4,1,EXECUTE,published_after_gate_recheck,500.5983840674162,125.14037499204278,20.00498518944042,1.9826898105843325
truth,related_same,20.0,5,1,EXECUTE,published_after_gate_recheck,500.17921766266227,124.68391697620973,20.00498518944042,1.9826898105843325
truth,related_same,20.0,6,1,EXECUTE,published_after_gate_recheck,499.85915841534734,124.18137502390891,20.00498518944042,1.9826898105843325
truth,related_same,20.0,7,1,EXECUTE,published_after_gate_recheck,507.4270130135119,128.10295895906165,20.00498518944042,1.9826898105843325
truth,related_same,20.0,8,1,EXECUTE,published_after_gate_recheck,499.44218527525663,124.87283296650276,20.00498518944042,1.9826898105843325
truth,related_same,20.0,9,1,EXECUTE,published_after_gate_recheck,506.6611557267606,125.33091695513576,20.00498518944042,1.9826898105843325
truth,related_same,20.0,10,1,EXECUTE,published_after_gate_recheck,499.08101791515946,123.54970799060538,20.00498518944042,1.9826898105843325
truth,related_same,20.0,11,1,EXECUTE,published_after_gate_recheck,499.9257428571582,123.78100003115833,20.00498518944042,1.9826898105843325
truth,related_same,20.0,12,1,EXECUTE,published_after_gate_recheck,507.63540295884013,122.93954100459814,20.00498518944042,1.9826898105843325
truth,related_same,20.0,13,1,EXECUTE,published_after_gate_recheck,504.9397679977119,124.13445796119049,20.00498518944042,1.9826898105843325
truth,related_same,20.0,14,1,EXECUTE,published_after_gate_recheck,504.8101940192282,126.44924997584894,20.00498518944042,1.9826898105843325
truth,related_same,20.0,15,1,EXECUTE,published_after_gate_recheck,499.72120905295014,122.87349998950958,20.00498518944042,1.9826898105843325
truth,related_same,20.0,16,1,EXECUTE,published_after_gate_recheck,498.4574490226805,121.21166702127084,20.00498518944042,1.9826898105843325
truth,related_same,20.0,17,1,EXECUTE,published_after_gate_recheck,494.429302867502,122.58829199708998,20.00498518944042,1.9826898105843325
truth,related_same,20.0,18,1,EXECUTE,published_after_gate_recheck,499.35470102354884,126.76929199369624,20.00498518944042,1.9826898105843325
truth,related_same,20.0,19,1,EXECUTE,published_after_gate_recheck,496.71049136668444,123.08716698316857,20.00498518944042,1.9826898105843325
truth,related_same,20.0,20,1,EXECUTE,published_after_gate_recheck,499.90556482225657,128.61016596434638,20.00498518944042,1.9826898105843325
truth,related_same,20.0,21,1,EXECUTE,published_after_gate_recheck,496.33734161034226,122.60866700671613,20.00498518944042,1.9826898105843325
truth,related_same,20.0,22,1,EXECUTE,published_after_gate_recheck,496.0935842245817,122.03020800370723,20.00498518944042,1.9826898105843325
truth,related_same,20.0,23,1,EXECUTE,published_after_gate_recheck,494.26273023709655,122.24937498103827,20.00498518944042,1.9826898105843325
truth,related_same,20.0,24,1,EXECUTE,published_after_gate_recheck,504.893341101706,122.92533396976069,20.00498518944042,1.9826898105843325
truth,related_same,20.0,25,1,EXECUTE,published_after_gate_recheck,497.2240040078759,123.72516700997949,20.00498518944042,1.9826898105843325
truth,related_same,20.0,26,1,EXECUTE,published_after_gate_recheck,498.37667727842927,121.84654199518263,20.00498518944042,1.9826898105843325
truth,related_same,20.0,27,1,EXECUTE,published_after_gate_recheck,502.89449095726013,122.74616601644084,20.00498518944042,1.9826898105843325
truth,related_same,20.0,28,1,EXECUTE,published_after_gate_recheck,493.5398241505027,122.03274999046698,20.00498518944042,1.9826898105843325
truth,related_same,20.0,29,1,EXECUTE,published_after_gate_recheck,499.5894208550453,126.28366600256413,20.00498518944042,1.9826898105843325
truth,related_same,20.0,30,1,EXECUTE,published_after_gate_recheck,491.91226065158844,122.6479999604635,20.00498518944042,1.9826898105843325
truth,related_same,20.0,31,1,EXECUTE,published_after_gate_recheck,493.68461640551686,124.16766700334847,20.00498518944042,1.9826898105843325
truth,related_same,20.0,32,1,EXECUTE,published_after_gate_recheck,502.58556194603443,130.96908299485222,20.00498518944042,1.9826898105843325
truth,related_same,20.0,33,1,EXECUTE,published_after_gate_recheck,500.37224125117064,124.17970900423825,20.00498518944042,1.9826898105843325
truth,related_same,20.0,34,1,EXECUTE,published_after_gate_recheck,495.6473368220031,123.19504201877862,20.00498518944042,1.9826898105843325
truth,related_same,20.0,35,1,EXECUTE,published_after_gate_recheck,501.3859113678336,122.42916598916054,20.00498518944042,1.9826898105843325
truth,related_same,20.0,36,1,EXECUTE,published_after_gate_recheck,494.17271092534065,122.95062496559694,20.00498518944042,1.9826898105843325
truth,related_same,20.0,37,1,EXECUTE,published_after_gate_recheck,499.2111921310425,123.00066603347659,20.00498518944042,1.9826898105843325
truth,related_same,20.0,38,1,EXECUTE,published_after_gate_recheck,497.29334469884634,121.93037499673665,20.00498518944042,1.9826898105843325
truth,related_same,20.0,39,1,EXECUTE,published_after_gate_recheck,498.68983402848244,125.0690000015311,20.00498518944042,1.9826898105843325
truth,related_same,20.0,40,1,EXECUTE,published_after_gate_recheck,503.1278491951525,121.82274996303022,20.00498518944042,1.9826898105843325
truth,related_same,20.0,41,1,EXECUTE,published_after_gate_recheck,499.45067102089524,122.99504200927913,20.00498518944042,1.9826898105843325
truth,related_same,20.0,42,1,EXECUTE,published_after_gate_recheck,499.85208408907056,130.4825420374982,20.00498518944042,1.9826898105843325
truth,related_same,20.0,43,1,EXECUTE,published_after_gate_recheck,497.680411208421,122.47066601412371,20.00498518944042,1.9826898105843325
truth,related_same,20.0,44,1,EXECUTE,published_after_gate_recheck,502.90042208507657,131.27345900284126,20.00498518944042,1.9826898105843325
truth,related_same,20.0,45,1,EXECUTE,published_after_gate_recheck,496.01932521909475,122.99470900325105,20.00498518944042,1.9826898105843325
truth,related_same,20.0,46,1,EXECUTE,published_after_gate_recheck,506.7587490193546,128.44599998788908,20.00498518944042,1.9826898105843325
truth,related_same,20.0,47,1,EXECUTE,published_after_gate_recheck,503.11667798087,124.23870799830183,20.00498518944042,1.9826898105843325
truth,related_same,20.0,48,1,EXECUTE,published_after_gate_recheck,502.970342990011,124.43408300168812,20.00498518944042,1.9826898105843325
truth,related_same,20.0,49,1,EXECUTE,published_after_gate_recheck,498.10755206272006,123.99229197762907,20.00498518944042,1.9826898105843325
truth,related_same,20.0,50,1,EXECUTE,published_after_gate_recheck,501.3587409630418,124.13775001186877,20.00498518944042,1.9826898105843325
truth,related_same,20.0,51,1,EXECUTE,published_after_gate_recheck,502.0721391774714,124.26662497455254,20.00498518944042,1.9826898105843325
truth,related_same,20.0,52,1,EXECUTE,published_after_gate_recheck,505.9298248961568,128.01458302419633,20.00498518944042,1.9826898105843325
truth,related_same,20.0,53,1,EXECUTE,published_after_gate_recheck,496.83552607893944,125.1177919912152,20.00498518944042,1.9826898105843325
truth,related_same,20.0,54,1,EXECUTE,published_after_gate_recheck,494.706351775676,123.31445899326354,20.00498518944042,1.9826898105843325
truth,related_same,20.0,55,1,EXECUTE,published_after_gate_recheck,494.3126328289509,124.22779196640477,20.00498518944042,1.9826898105843325
truth,related_same,20.0,56,1,EXECUTE,published_after_gate_recheck,513.1122171878815,124.83170803170651,20.00498518944042,1.9826898105843325
truth,related_same,20.0,57,1,EXECUTE,published_after_gate_recheck,499.14606008678675,124.18833299307153,20.00498518944042,1.9826898105843325
truth,related_same,20.0,58,1,EXECUTE,published_after_gate_recheck,496.2241989560425,122.42120900191367,20.00498518944042,1.9826898105843325
truth,related_same,20.0,59,1,EXECUTE,published_after_gate_recheck,491.2890326231718,123.08691703947261,20.00498518944042,1.9826898105843325
truth,related_same,20.0,60,1,EXECUTE,published_after_gate_recheck,495.7527248188853,123.06566600454971,20.00498518944042,1.9826898105843325
truth,related_same,20.0,61,1,EXECUTE,published_after_gate_recheck,493.3010758832097,122.85975000122562,20.00498518944042,1.9826898105843325
truth,related_same,20.0,62,1,EXECUTE,published_after_gate_recheck,491.4138172753155,123.35291696945205,20.00498518944042,1.9826898105843325
truth,related_same,20.0,63,1,EXECUTE,published_after_gate_recheck,499.89446392282844,123.50175000028685,20.00498518944042,1.9826898105843325
truth,related_same,20.0,64,1,EXECUTE,published_after_gate_recheck,499.7995560988784,123.84024995844811,20.00498518944042,1.9826898105843325
truth,related_same,20.0,65,1,EXECUTE,published_after_gate_recheck,499.19893871992826,122.23208299838006,20.00498518944042,1.9826898105843325
truth,related_same,20.0,66,1,EXECUTE,published_after_gate_recheck,498.5150657594204,127.43400002364069,20.00498518944042,1.9826898105843325
truth,related_same,20.0,67,1,EXECUTE,published_after_gate_recheck,503.17280320450664,122.13345902273431,20.00498518944042,1.9826898105843325
truth,related_same,20.0,68,1,EXECUTE,published_after_gate_recheck,499.8741461895406,124.28495800122619,20.00498518944042,1.9826898105843325
truth,related_same,20.0,69,1,EXECUTE,published_after_gate_recheck,492.131341714412,122.95154202729464,20.00498518944042,1.9826898105843325
truth,related_same,20.0,70,1,EXECUTE,published_after_gate_recheck,493.693551979959,122.50512494938448,20.00498518944042,1.9826898105843325
truth,related_same,20.0,71,1,EXECUTE,published_after_gate_recheck,493.6476959846914,122.11574998218566,20.00498518944042,1.9826898105843325
truth,related_same,20.0,72,1,EXECUTE,published_after_gate_recheck,505.92459505423903,123.9628330222331,20.00498518944042,1.9826898105843325
truth,related_same,20.0,73,1,EXECUTE,published_after_gate_recheck,499.32721024379134,127.39091704133898,20.00498518944042,1.9826898105843325
truth,related_same,20.0,74,1,EXECUTE,published_after_gate_recheck,498.6925390549004,123.80833300994709,20.00498518944042,1.9826898105843325
truth,related_same,20.0,75,1,EXECUTE,published_after_gate_recheck,498.4138668514788,122.66387505223975,20.00498518944042,1.9826898105843325
truth,related_same,20.0,76,1,EXECUTE,published_after_gate_recheck,499.4586957618594,123.86504100868478,20.00498518944042,1.9826898105843325
truth,related_same,20.0,77,1,EXECUTE,published_after_gate_recheck,508.388155605644,121.81149999378249,20.00498518944042,1.9826898105843325
truth,related_same,20.0,78,1,EXECUTE,published_after_gate_recheck,501.37566309422255,123.39229101780802,20.00498518944042,1.9826898105843325
truth,related_same,20.0,79,1,EXECUTE,published_after_gate_recheck,498.73141199350357,123.60920902574435,20.00498518944042,1.9826898105843325
truth,related_same,20.0,80,1,EXECUTE,published_after_gate_recheck,494.98534481972456,122.63316597091034,20.00498518944042,1.9826898105843325
truth,related_same,20.0,81,1,EXECUTE,published_after_gate_recheck,912.4243040569127,123.08420799672604,20.00498518944042,1.9826898105843325
truth,related_same,20.0,82,1,EXECUTE,published_after_gate_recheck,604.8170821741223,124.70637494698167,20.00498518944042,1.9826898105843325
truth,related_same,20.0,83,1,EXECUTE,published_after_gate_recheck,496.4612340554595,122.99474998144433,20.00498518944042,1.9826898105843325
truth,related_same,20.0,84,1,EXECUTE,published_after_gate_recheck,499.11860888823867,122.30762501712888,20.00498518944042,1.9826898105843325
truth,related_same,20.0,85,1,EXECUTE,published_after_gate_recheck,502.08387104794383,121.61958299111575,20.00498518944042,1.9826898105843325
truth,related_same,20.0,86,1,EXECUTE,published_after_gate_recheck,496.93623511120677,124.73283300641924,20.00498518944042,1.9826898105843325
truth,related_same,20.0,87,1,EXECUTE,published_after_gate_recheck,495.941418223083,122.25312500959262,20.00498518944042,1.9826898105843325
truth,related_same,20.0,88,1,EXECUTE,published_after_gate_recheck,497.07996379584074,124.41354198381305,20.00498518944042,1.9826898105843325
truth,related_same,20.0,89,1,EXECUTE,published_after_gate_recheck,500.97674410790205,127.13233398972079,20.00498518944042,1.9826898105843325
truth,related_same,20.0,90,1,EXECUTE,published_after_gate_recheck,499.15949534624815,123.22262499947101,20.00498518944042,1.9826898105843325
truth,related_same,20.0,91,1,EXECUTE,published_after_gate_recheck,494.4218979217112,123.3914999756962,20.00498518944042,1.9826898105843325
truth,related_same,20.0,92,1,EXECUTE,published_after_gate_recheck,493.95275907590985,123.9686249755323,20.00498518944042,1.9826898105843325
truth,related_same,20.0,93,1,EXECUTE,published_after_gate_recheck,494.27883978933096,123.66408301750198,20.00498518944042,1.9826898105843325
truth,related_same,20.0,94,1,EXECUTE,published_after_gate_recheck,497.7325787767768,122.18662502709776,20.00498518944042,1.9826898105843325
truth,related_same,20.0,95,1,EXECUTE,published_after_gate_recheck,502.1359478123486,123.11816599685699,20.00498518944042,1.9826898105843325
truth,related_same,20.0,96,1,EXECUTE,published_after_gate_recheck,497.4118070676923,124.30700002005324,20.00498518944042,1.9826898105843325
truth,related_same,20.0,97,1,EXECUTE,published_after_gate_recheck,501.1025099083781,122.32591700740159,20.00498518944042,1.9826898105843325
truth,related_same,20.0,98,1,EXECUTE,published_after_gate_recheck,500.3725211136043,126.7166250036098,20.00498518944042,1.9826898105843325
truth,related_same,20.0,99,1,EXECUTE,published_after_gate_recheck,496.9854368828237,123.86170902755111,20.00498518944042,1.9826898105843325
