mode,actuator,inject,event,aba_gap_ms,mirrored,start_version,witness_version,version_at_effect,history_violation,inject_offset_ms,run,gateway_released,reason,cell_result,executed,state_at_effect,stale_effect,refused_by_controller,e2e_latency_ms,pause_after_submit_ms
xair,plc_predicate,1,pause,,1,0,,,0,80.0,0,0,read_set_version_changed_at_gate,,0,,0,0,561.9667181745172,80.25533892214298
xair,plc_predicate,1,pause,,1,2,,,0,100.0,1,0,read_set_version_changed_at_gate,,0,,0,0,722.2791742533445,102.23626904189587
xair,plc_plain,1,pause,,1,4,,,0,120.0,2,0,read_set_version_changed_at_gate,,0,,0,0,589.0618120320141,120.86676713079214
xair,plc_plain,1,pause,,1,6,,,0,20.0,3,0,read_set_version_changed_at_gate,,0,,0,0,553.1746568158269,20.56097285822034
xair,plc_plain,1,pause,,1,8,,,0,0.0,4,0,read_set_version_changed_at_gate,,0,,0,0,582.9694117419422,0.7696347311139107
xair_atomic,plc_predicate,0,,,1,10,10,10,0,,5,1,authorization_committed,executed:RUN:10,1,RUN,0,0,590.0978678837419,
xair_atomic,plc_predicate,1,pause,,1,10,,,0,40.0,6,0,read_set_version_changed_at_commit,,0,,0,0,414.55067321658134,40.24740494787693
xair,plc_plain,1,pause,,1,12,,,0,20.0,7,0,read_set_version_changed_at_gate,,0,,0,0,547.0014843158424,20.243538077920675
xair,plc_plain,1,pause,,1,14,,,0,100.0,8,0,read_set_version_changed_at_gate,,0,,0,0,541.244241874665,113.6620962060988
xair,plc_conditional,1,pause,,1,16,,,0,40.0,9,0,read_set_version_changed_at_gate,,0,,0,0,546.6079050675035,41.435034945607185
xair_atomic,plc_plain,1,pause,,1,18,,,0,100.0,10,0,read_set_version_changed_at_commit,,0,,0,0,413.74286636710167,101.72940697520971
xair_atomic,plc_plain,0,,,1,20,20,20,0,,11,1,authorization_committed,executed:RUN:20,1,RUN,0,0,439.81070118024945,
xair_atomic,plc_plain,1,pause,,1,20,20,21,0,200.0,12,1,authorization_committed,executed:PAUSED:21,1,PAUSED,1,0,422.69287398085,200.2252321690321
xair_atomic,plc_plain,1,pause,,1,22,,,0,160.0,13,0,read_set_version_changed_at_commit,,0,,0,0,471.8520538881421,165.68943299353123
xair_atomic,plc_plain,1,pause,,1,24,,,0,100.0,14,0,read_set_version_changed_at_commit,,0,,0,0,410.7759133912623,100.25232285261154
xair_atomic,plc_predicate,1,pause,,1,26,,,0,20.0,15,0,read_set_version_changed_at_commit,,0,,0,0,409.02658784762025,21.170527674257755
xair_atomic,plc_predicate,1,pause,,1,28,28,29,0,120.0,16,1,authorization_committed,refused:predicate_false:29,0,,0,1,420.4227910377085,120.25396479293704
xair_atomic,plc_conditional,1,pause,,1,30,,,0,80.0,17,0,read_set_version_changed_at_commit,,0,,0,0,420.35347037017345,80.2836618386209
xair_atomic,plc_conditional,1,pause,,1,32,,,0,40.0,18,0,read_set_version_changed_at_commit,,0,,0,0,420.0707389973104,40.503846015781164
xair,plc_predicate,1,pause,,1,34,,,0,0.0,19,0,precondition_failed: line.state == 'RUN',,0,,0,0,285.3223131969571,2.976949792355299
xair_atomic,plc_predicate,1,pause,,1,36,,,0,80.0,20,0,read_set_version_changed_at_commit,,0,,0,0,413.3298001252115,82.50476326793432
xair_atomic,plc_conditional,0,,,1,38,38,38,0,,21,1,authorization_committed,executed:RUN:38,1,RUN,0,0,420.511307194829,
xair,plc_predicate,1,pause,,1,38,,,0,100.0,22,0,read_set_version_changed_at_gate,,0,,0,0,576.5549251809716,101.72798437997699
xair_atomic,plc_conditional,0,,,1,40,40,40,0,,23,1,authorization_committed,executed:RUN:40,1,RUN,0,0,432.88205889984965,
xair_atomic,plc_conditional,0,,,1,40,40,40,0,,24,1,authorization_committed,executed:RUN:40,1,RUN,0,0,432.8254023566842,
xair_atomic,plc_plain,1,pause,,1,40,,,0,100.0,25,0,read_set_version_changed_at_commit,,0,,0,0,421.39687994495034,100.2462008036673
xair,plc_predicate,1,pause,,1,42,,,0,40.0,26,0,read_set_version_changed_at_gate,,0,,0,0,553.5871121101081,44.235995039343834
xair_atomic,plc_plain,1,pause,,1,44,,,0,80.0,27,0,read_set_version_changed_at_commit,,0,,0,0,418.2797661051154,81.92369202151895
xair_atomic,plc_predicate,1,pause,,1,46,,,0,60.0,28,0,read_set_version_changed_at_commit,,0,,0,0,417.36604971811175,60.94683799892664
xair,plc_conditional,1,pause,,1,48,,,0,40.0,29,0,read_set_version_changed_at_gate,,0,,0,0,552.2300843149424,41.62091389298439
xair_atomic,plc_conditional,1,pause,,1,50,50,51,0,200.0,30,1,authorization_committed,refused:version_changed:51,0,,0,1,426.9932801835239,201.9042451865971
xair,plc_predicate,1,pause,,1,52,,,0,0.0,31,0,read_set_version_changed_at_gate,,0,,0,0,556.5300579182804,2.1768580190837383
xair_atomic,plc_conditional,1,pause,,1,54,,,0,20.0,32,0,read_set_version_changed_at_commit,,0,,0,0,405.1516307517886,20.209162961691618
xair,plc_plain,1,pause,,1,56,,,0,20.0,33,0,read_set_version_changed_at_gate,,0,,0,0,553.1764812767506,24.40076507627964
xair,plc_conditional,1,pause,,1,58,,,0,0.0,34,0,precondition_failed: line.state == 'RUN',,0,,0,0,281.771935056895,1.4364877715706825
xair,plc_plain,1,pause,,1,60,,,0,120.0,35,0,read_set_version_changed_at_gate,,0,,0,0,547.4017658270895,122.74870090186596
xair,plc_predicate,1,pause,,1,62,,,0,60.0,36,0,read_set_version_changed_at_gate,,0,,0,0,558.7746039964259,61.42403371632099
xair,plc_plain,1,pause,,1,64,,,0,80.0,37,0,read_set_version_changed_at_gate,,0,,0,0,548.8714259117842,81.35168720036745
xair_atomic,plc_plain,1,pause,,1,66,,,0,120.0,38,0,read_set_version_changed_at_commit,,0,,0,0,421.6297883540392,120.2147719450295
xair_atomic,plc_plain,1,pause,,1,68,,,0,80.0,39,0,read_set_version_changed_at_commit,,0,,0,0,413.3287179283798,82.5179279781878
xair,plc_conditional,0,,,1,70,70,70,0,,40,1,published_after_gate_recheck,executed:RUN:70,1,RUN,0,0,625.6951200775802,
xair,plc_conditional,1,pause,,1,70,,,0,60.0,41,0,read_set_version_changed_at_gate,,0,,0,0,561.3429774530232,62.22361605614424
xair,plc_predicate,1,pause,,1,72,72,73,0,200.0,42,1,published_after_gate_recheck,refused:predicate_false:73,0,,0,1,549.9598099850118,200.21936018019915
xair,plc_plain,1,pause,,1,74,74,75,0,200.0,43,1,published_after_gate_recheck,executed:PAUSED:75,1,PAUSED,1,0,549.1647557355464,204.21070605516434
xair_atomic,plc_plain,1,pause,,1,76,,,0,120.0,44,0,read_set_version_changed_at_commit,,0,,0,0,418.25540037825704,122.02848820015788
xair,plc_conditional,1,pause,,1,78,78,79,0,160.0,45,1,published_after_gate_recheck,refused:version_changed:79,0,,0,1,547.1052792854607,163.2798481732607
xair_atomic,plc_predicate,0,,,1,80,80,80,0,,46,1,authorization_committed,executed:RUN:80,1,RUN,0,0,425.978294108063,
xair,plc_conditional,1,pause,,1,80,80,81,0,160.0,47,1,published_after_gate_recheck,refused:version_changed:81,0,,0,1,560.1406893692911,162.47441619634628
xair,plc_conditional,1,pause,,1,82,,,0,60.0,48,0,read_set_version_changed_at_gate,,0,,0,0,550.25051580742,60.5292827822268
xair_atomic,plc_predicate,1,pause,,1,84,,,0,0.0,49,0,read_set_version_changed_at_commit,,0,,0,0,409.06671434640884,2.369639929383993
xair_atomic,plc_conditional,1,pause,,1,86,86,87,0,160.0,50,1,authorization_committed,refused:version_changed:87,0,,0,1,430.25843100622296,163.32524409517646
xair_atomic,plc_predicate,1,pause,,1,88,,,0,60.0,51,0,read_set_version_changed_at_commit,,0,,0,0,414.1407529823482,60.24179374799132
xair_atomic,plc_predicate,1,pause,,1,90,,,0,0.0,52,0,read_set_version_changed_at_commit,,0,,0,0,413.6578058823943,0.4200190305709839
xair,plc_conditional,1,pause,,1,92,,,0,60.0,53,0,read_set_version_changed_at_gate,,0,,0,0,553.6545678041875,60.257543344050646
xair,plc_conditional,0,,,1,94,94,94,0,,54,1,published_after_gate_recheck,executed:RUN:94,1,RUN,0,0,566.1327019333839,
xair_atomic,plc_plain,1,pause,,1,94,,,0,20.0,55,0,read_set_version_changed_at_commit,,0,,0,0,430.28874788433313,22.26402098312974
xair_atomic,plc_plain,1,pause,,1,96,96,97,0,200.0,56,1,authorization_committed,executed:PAUSED:97,1,PAUSED,1,0,423.335880972445,201.43757807090878
xair_atomic,plc_plain,1,pause,,1,98,,,0,40.0,57,0,read_set_version_changed_at_commit,,0,,0,0,470.08065693080425,40.216657333076
xair,plc_plain,1,pause,,1,100,,,0,100.0,58,0,read_set_version_changed_at_gate,,0,,0,0,552.2714611142874,102.60793706402183
xair_atomic,plc_plain,1,pause,,1,102,,,0,20.0,59,0,read_set_version_changed_at_commit,,0,,0,0,466.3129807449877,20.239620003849268
xair_atomic,plc_predicate,1,pause,,1,104,,,0,120.0,60,0,read_set_version_changed_at_commit,,0,,0,0,412.951139267534,122.68113438040018
xair_atomic,plc_predicate,1,pause,,1,106,,,0,60.0,61,0,read_set_version_changed_at_commit,,0,,0,0,417.6713628694415,63.0023879930377
xair_atomic,plc_conditional,1,pause,,1,108,,,0,20.0,62,0,read_set_version_changed_at_commit,,0,,0,0,409.9877132102847,21.782187279313803
xair,plc_predicate,1,pause,,1,110,,,0,40.0,63,0,read_set_version_changed_at_gate,,0,,0,0,549.3318298831582,42.84531297162175
xair,plc_plain,1,pause,,1,112,,,0,80.0,64,0,read_set_version_changed_at_gate,,0,,0,0,557.2692169807851,83.90204701572657
xair,plc_predicate,1,pause,,1,114,,,0,120.0,65,0,read_set_version_changed_at_gate,,0,,0,0,551.9428439438343,120.78810902312398
xair_atomic,plc_predicate,1,pause,,1,116,,,0,60.0,66,0,read_set_version_changed_at_commit,,0,,0,0,437.651454936713,60.280054807662964
xair_atomic,plc_plain,1,pause,,1,118,,,0,60.0,67,0,read_set_version_changed_at_commit,,0,,0,0,418.085009790957,63.88715887442231
xair_atomic,plc_predicate,1,pause,,1,120,120,121,0,160.0,68,1,authorization_committed,refused:predicate_false:121,0,,0,1,420.5540865659714,164.7894731722772
xair,plc_conditional,1,pause,,1,122,,,0,120.0,69,0,read_set_version_changed_at_gate,,0,,0,0,550.1183280721307,122.36648425459862
xair,plc_predicate,1,pause,,1,124,,,0,20.0,70,0,read_set_version_changed_at_gate,,0,,0,0,567.7082920446992,20.27489570900798
xair,plc_plain,1,pause,,1,126,,,0,120.0,71,0,read_set_version_changed_at_gate,,0,,0,0,571.6024837456644,121.60289892926812
xair_atomic,plc_conditional,0,,,1,128,128,128,0,,72,1,authorization_committed,executed:RUN:128,1,RUN,0,0,414.8970227688551,
xair,plc_predicate,1,pause,,1,128,128,129,0,200.0,73,1,published_after_gate_recheck,refused:predicate_false:129,0,,0,1,602.2001868113875,200.24577900767326
xair_atomic,plc_predicate,1,pause,,1,130,130,131,0,200.0,74,1,authorization_committed,refused:predicate_false:131,0,,0,1,439.30838722735643,203.2227609306574
xair,plc_predicate,1,pause,,1,132,,,0,120.0,75,0,read_set_version_changed_at_gate,,0,,0,0,549.0687461569905,122.8237422183156
xair_atomic,plc_conditional,1,pause,,1,134,,,0,40.0,76,0,read_set_version_changed_at_commit,,0,,0,0,409.24900583922863,45.88358895853162
xair_atomic,plc_predicate,1,pause,,1,136,,,0,120.0,77,0,read_set_version_changed_at_commit,,0,,0,0,414.1773907467723,121.3806220330298
xair_atomic,plc_plain,1,pause,,1,138,,,0,60.0,78,0,read_set_version_changed_at_commit,,0,,0,0,426.8105970695615,62.71824426949024
xair,plc_plain,1,pause,,1,140,140,141,0,200.0,79,1,published_after_gate_recheck,executed:PAUSED:141,1,PAUSED,1,0,573.2447393238544,200.93658799305558
xair_atomic,plc_plain,1,pause,,1,142,,,0,40.0,80,0,read_set_version_changed_at_commit,,0,,0,0,412.27330500259995,40.928232949227095
xair_atomic,plc_predicate,1,pause,,1,144,144,145,0,120.0,81,1,authorization_committed,refused:predicate_false:145,0,,0,1,418.5489108785987,120.20921194925904
xair_atomic,plc_conditional,1,pause,,1,146,,,0,120.0,82,0,read_set_version_changed_at_commit,,0,,0,0,422.81152587383986,123.05740965530276
xair,plc_conditional,1,pause,,1,148,,,0,40.0,83,0,read_set_version_changed_at_gate,,0,,0,0,583.7278258986771,42.064786888659
xair_atomic,plc_conditional,1,pause,,1,150,,,0,100.0,84,0,read_set_version_changed_at_commit,,0,,0,0,407.79060684144497,101.6790121793747
xair_atomic,plc_conditional,1,pause,,1,152,,,0,60.0,85,0,read_set_version_changed_at_commit,,0,,0,0,417.38893324509263,60.24658214300871
xair,plc_predicate,1,pause,,1,154,,,0,60.0,86,0,read_set_version_changed_at_gate,,0,,0,0,558.266338892281,62.72956496104598
xair_atomic,plc_plain,1,pause,,1,156,,,0,0.0,87,0,read_set_version_changed_at_commit,,0,,0,0,414.6499992348254,0.8356692269444466
xair,plc_conditional,1,pause,,1,158,,,0,80.0,88,0,read_set_version_changed_at_gate,,0,,0,0,547.2912979312241,80.8690320700407
xair,plc_predicate,1,pause,,1,160,,,0,60.0,89,0,read_set_version_changed_at_gate,,0,,0,0,553.419397212565,60.22988120093942
xair_atomic,plc_conditional,1,pause,,1,162,,,0,20.0,90,0,read_set_version_changed_at_commit,,0,,0,0,415.0670329108834,26.674233842641115
xair,plc_predicate,1,pause,,1,164,,,0,60.0,91,0,read_set_version_changed_at_gate,,0,,0,0,542.6229718141258,63.031393103301525
xair,plc_predicate,1,pause,,1,166,,,0,20.0,92,0,read_set_version_changed_at_gate,,0,,0,0,546.0988590493798,20.809970796108246
xair_atomic,plc_predicate,1,pause,,1,168,168,169,0,200.0,93,1,authorization_committed,refused:predicate_false:169,0,,0,1,416.3869209587574,200.2267837524414
xair_atomic,plc_conditional,1,pause,,1,170,,,0,80.0,94,0,read_set_version_changed_at_commit,,0,,0,0,415.0059479288757,82.87511812523007
xair,plc_conditional,1,pause,,1,172,172,173,0,200.0,95,1,published_after_gate_recheck,refused:version_changed:173,0,,0,1,563.1864899769425,200.21619414910674
xair,plc_predicate,1,pause,,1,174,,,0,0.0,96,0,read_set_version_changed_at_gate,,0,,0,0,557.7276172116399,0.3910437226295471
xair,plc_predicate,1,pause,,1,176,,,0,80.0,97,0,read_set_version_changed_at_gate,,0,,0,0,550.1805651001632,81.47953823208809
xair,plc_plain,1,pause,,1,178,,,0,40.0,98,0,read_set_version_changed_at_gate,,0,,0,0,555.1791121251881,43.206681963056326
xair,plc_predicate,1,pause,,1,180,,,0,60.0,99,0,read_set_version_changed_at_gate,,0,,0,0,544.1036419942975,62.87863478064537
xair_atomic,plc_plain,1,pause,,1,182,,,0,60.0,100,0,read_set_version_changed_at_commit,,0,,0,0,463.80183612927794,62.923619989305735
xair,plc_plain,1,pause,,1,184,,,0,120.0,101,0,read_set_version_changed_at_gate,,0,,0,0,568.4534800238907,120.27659825980663
xair_atomic,plc_predicate,1,pause,,1,186,,,0,20.0,102,0,read_set_version_changed_at_commit,,0,,0,0,413.9841292053461,20.495721139013767
xair_atomic,plc_conditional,1,pause,,1,188,188,189,0,160.0,103,1,authorization_committed,refused:version_changed:189,0,,0,1,422.33319813385606,160.26023728772998
xair,plc_predicate,1,pause,,1,190,,,0,100.0,104,0,read_set_version_changed_at_gate,,0,,0,0,558.2457701675594,105.32299615442753
xair,plc_conditional,1,pause,,1,192,,,0,120.0,105,0,read_set_version_changed_at_gate,,0,,0,0,553.9323603734374,124.87927218899131
xair,plc_conditional,1,pause,,1,194,,,0,120.0,106,0,read_set_version_changed_at_gate,,0,,0,0,538.4108508005738,121.64678238332272
xair_atomic,plc_plain,1,pause,,1,196,,,0,120.0,107,0,read_set_version_changed_at_commit,,0,,0,0,421.9178375788033,122.97402415424585
xair,plc_conditional,1,pause,,1,198,,,0,100.0,108,0,read_set_version_changed_at_gate,,0,,0,0,594.524001237005,100.22813826799393
xair,plc_conditional,1,pause,,1,200,,,0,80.0,109,0,read_set_version_changed_at_gate,,0,,0,0,548.1487279757857,82.74506498128176
xair_atomic,plc_plain,1,pause,,1,202,,,0,80.0,110,0,read_set_version_changed_at_commit,,0,,0,0,424.65971736237407,80.2384871058166
xair,plc_plain,1,pause,,1,204,,,0,80.0,111,0,read_set_version_changed_at_gate,,0,,0,0,547.1053589135408,81.8618256598711
xair,plc_conditional,1,pause,,1,206,,,0,80.0,112,0,read_set_version_changed_at_gate,,0,,0,0,548.0565847828984,92.16476418077946
xair,plc_plain,1,pause,,1,208,,,0,60.0,113,0,read_set_version_changed_at_gate,,0,,0,0,556.4308827742934,64.0910230576992
xair_atomic,plc_conditional,1,pause,,1,210,210,211,0,160.0,114,1,authorization_committed,refused:version_changed:211,0,,0,1,452.03231275081635,163.6655619367957
xair_atomic,plc_conditional,1,pause,,1,212,,,0,100.0,115,0,read_set_version_changed_at_commit,,0,,0,0,418.9288537018001,100.24992888793349
xair_atomic,plc_predicate,1,pause,,1,214,,,0,20.0,116,0,read_set_version_changed_at_commit,,0,,0,0,404.15315609425306,22.334514185786247
xair,plc_plain,1,pause,,1,216,,,0,20.0,117,0,read_set_version_changed_at_gate,,0,,0,0,560.3185431100428,20.695034880191088
xair,plc_predicate,1,pause,,1,218,,,0,20.0,118,0,read_set_version_changed_at_gate,,0,,0,0,547.8018880821764,21.74073876813054
xair_atomic,plc_predicate,1,pause,,1,220,,,0,80.0,119,0,read_set_version_changed_at_commit,,0,,0,0,416.16377187892795,80.22833801805973
xair,plc_plain,1,pause,,1,222,,,0,100.0,120,0,read_set_version_changed_at_gate,,0,,0,0,554.5565220527351,103.3600801602006
xair_atomic,plc_plain,0,,,1,224,224,224,0,,121,1,authorization_committed,executed:RUN:224,1,RUN,0,0,428.67953702807426,
xair_atomic,plc_conditional,1,pause,,1,224,,,0,80.0,122,0,read_set_version_changed_at_commit,,0,,0,0,483.20465395227075,80.4779869504273
xair,plc_conditional,1,pause,,1,226,,,0,20.0,123,0,read_set_version_changed_at_gate,,0,,0,0,552.3234289139509,22.650787606835365
xair,plc_plain,1,pause,,1,228,228,229,0,200.0,124,1,published_after_gate_recheck,executed:PAUSED:229,1,PAUSED,1,0,585.2338243275881,202.8629849664867
xair_atomic,plc_plain,1,pause,,1,230,,,0,40.0,125,0,read_set_version_changed_at_commit,,0,,0,0,405.7662058621645,40.69586703553796
xair_atomic,plc_conditional,1,pause,,1,232,,,0,0.0,126,0,precondition_failed: line.state == 'RUN',,0,,0,0,285.8875342644751,3.831895999610424
xair,plc_conditional,1,pause,,1,234,234,235,0,200.0,127,1,published_after_gate_recheck,refused:version_changed:235,0,,0,1,561.296840198338,202.9191511683166
xair_atomic,plc_conditional,0,,,1,236,236,236,0,,128,1,authorization_committed,executed:RUN:236,1,RUN,0,0,419.8903301730752,
xair,plc_conditional,1,pause,,1,236,,,0,120.0,129,0,read_set_version_changed_at_gate,,0,,0,0,544.4988938979805,120.21830910816789
xair_atomic,plc_conditional,1,pause,,1,238,,,0,0.0,130,0,precondition_failed: line.state == 'RUN',,0,,0,0,291.12080205231905,4.892508033663034
xair_atomic,plc_predicate,1,pause,,1,240,,,0,0.0,131,0,read_set_version_changed_at_commit,,0,,0,0,416.5727999061346,0.2302415668964386
xair_atomic,plc_conditional,1,pause,,1,242,,,0,60.0,132,0,read_set_version_changed_at_commit,,0,,0,0,415.7684789970517,61.551992781460285
xair_atomic,plc_conditional,1,pause,,1,244,,,0,120.0,133,0,read_set_version_changed_at_commit,,0,,0,0,420.4913889989257,123.29787202179432
xair_atomic,plc_predicate,1,pause,,1,246,,,0,80.0,134,0,read_set_version_changed_at_commit,,0,,0,0,407.8579442575574,87.55386481061578
xair,plc_predicate,1,pause,,1,248,,,0,80.0,135,0,read_set_version_changed_at_gate,,0,,0,0,545.2235247939825,81.93350117653608
xair,plc_predicate,0,,,1,250,250,250,0,,136,1,published_after_gate_recheck,executed:RUN:250,1,RUN,0,0,555.140929762274,
xair,plc_plain,1,pause,,1,250,,,0,40.0,137,0,read_set_version_changed_at_gate,,0,,0,0,555.3198060952127,45.69315118715167
xair,plc_plain,1,pause,,1,252,,,0,40.0,138,0,read_set_version_changed_at_gate,,0,,0,0,545.0893617235124,42.41836117580533
xair,plc_predicate,1,pause,,1,254,,,0,120.0,139,0,read_set_version_changed_at_gate,,0,,0,0,547.8513399139047,120.94793003052473
xair,plc_predicate,0,,,1,256,256,256,0,,140,1,published_after_gate_recheck,executed:RUN:256,1,RUN,0,0,555.5548970587552,
xair_atomic,plc_plain,1,pause,,1,256,256,257,0,160.0,141,1,authorization_committed,executed:PAUSED:257,1,PAUSED,1,0,409.62705621495843,162.4061968177557
xair_atomic,plc_plain,0,,,1,258,258,258,0,,142,1,authorization_committed,executed:RUN:258,1,RUN,0,0,412.3827610164881,
xair,plc_plain,1,pause,,1,258,,,0,120.0,143,0,read_set_version_changed_at_gate,,0,,0,0,549.5877210050821,121.46430881693959
xair,plc_conditional,1,pause,,1,260,260,261,0,160.0,144,1,published_after_gate_recheck,refused:version_changed:261,0,,0,1,549.0410542115569,163.4351289831102
xair_atomic,plc_conditional,1,pause,,1,262,,,0,60.0,145,0,read_set_version_changed_at_commit,,0,,0,0,421.5900129638612,60.8878368511796
xair,plc_predicate,1,pause,,1,264,,,0,120.0,146,0,read_set_version_changed_at_gate,,0,,0,0,566.284938249737,121.83735985308886
xair,plc_plain,0,,,1,266,266,266,0,,147,1,published_after_gate_recheck,executed:RUN:266,1,RUN,0,0,574.9060390517116,
xair,plc_plain,1,pause,,1,266,,,0,120.0,148,0,read_set_version_changed_at_gate,,0,,0,0,546.3340110145509,120.26433506980538
xair,plc_plain,0,,,1,268,268,268,0,,149,1,published_after_gate_recheck,executed:RUN:268,1,RUN,0,0,549.566731788218,
xair,plc_conditional,1,pause,,1,268,,,0,20.0,150,0,read_set_version_changed_at_gate,,0,,0,0,544.3442440591753,20.22556308656931
xair,plc_conditional,1,pause,,1,270,270,271,0,160.0,151,1,published_after_gate_recheck,refused:version_changed:271,0,,0,1,566.2168003618717,165.3187768533826
xair_atomic,plc_plain,0,,,1,272,272,272,0,,152,1,authorization_committed,executed:RUN:272,1,RUN,0,0,424.91011694073677,
xair,plc_plain,1,pause,,1,272,,,0,120.0,153,0,read_set_version_changed_at_gate,,0,,0,0,536.6069222800434,121.57819326967001
xair_atomic,plc_conditional,1,pause,,1,274,,,0,0.0,154,0,precondition_failed: line.state == 'RUN',,0,,0,0,280.24240396916866,0.29252003878355026
xair,plc_conditional,1,pause,,1,276,,,0,80.0,155,0,read_set_version_changed_at_gate,,0,,0,0,551.4608379453421,81.94483211264014
xair_atomic,plc_predicate,1,pause,,1,278,,,0,0.0,156,0,read_set_version_changed_at_commit,,0,,0,0,424.40781462937593,0.7374240085482597
xair_atomic,plc_conditional,1,pause,,1,280,280,281,0,160.0,157,1,authorization_committed,refused:version_changed:281,0,,0,1,427.5484117679298,161.58925276249647
xair_atomic,plc_conditional,1,pause,,1,282,282,283,0,200.0,158,1,authorization_committed,refused:version_changed:283,0,,0,1,417.30952309444547,203.3116170205176
xair,plc_predicate,1,pause,,1,284,284,285,0,200.0,159,1,published_after_gate_recheck,refused:predicate_false:285,0,,0,1,563.0838358774781,200.2264941111207
xair,plc_plain,1,pause,,1,286,,,0,120.0,160,0,read_set_version_changed_at_gate,,0,,0,0,550.5201411433518,121.59608723595738
xair_atomic,plc_plain,1,pause,,1,288,288,289,0,160.0,161,1,authorization_committed,executed:PAUSED:289,1,PAUSED,1,0,415.87013006210327,160.20152624696493
xair_atomic,plc_conditional,1,pause,,1,290,,,0,120.0,162,0,read_set_version_changed_at_commit,,0,,0,0,405.878075864166,120.21890981122851
xair_atomic,plc_plain,1,pause,,1,292,292,293,0,200.0,163,1,authorization_committed,executed:PAUSED:293,1,PAUSED,1,0,421.96042789146304,200.2098923549056
xair_atomic,plc_predicate,1,pause,,1,294,,,0,0.0,164,0,precondition_failed: line.state == 'RUN',,0,,0,0,280.8859208598733,0.2936520613729954
xair,plc_conditional,1,pause,,1,296,,,0,0.0,165,0,read_set_version_changed_at_gate,,0,,0,0,556.9721190258861,1.059490256011486
xair_atomic,plc_conditional,1,pause,,1,298,,,0,0.0,166,0,precondition_failed: line.state == 'RUN',,0,,0,0,282.9459002241492,1.1874600313603878
xair_atomic,plc_plain,1,pause,,1,300,,,0,120.0,167,0,read_set_version_changed_at_commit,,0,,0,0,421.050560194999,121.75440415740013
xair_atomic,plc_plain,1,pause,,1,302,,,0,20.0,168,0,read_set_version_changed_at_commit,,0,,0,0,422.7621043100953,22.414784878492355
xair,plc_conditional,1,pause,,1,304,,,0,60.0,169,0,read_set_version_changed_at_gate,,0,,0,0,559.4010599888861,66.10913295298815
xair_atomic,plc_plain,1,pause,,1,306,,,0,120.0,170,0,read_set_version_changed_at_commit,,0,,0,0,406.09358018264174,122.35958967357874
xair,plc_conditional,1,pause,,1,308,,,0,40.0,171,0,read_set_version_changed_at_gate,,0,,0,0,550.7823438383639,42.64853289350867
xair_atomic,plc_predicate,1,pause,,1,310,,,0,60.0,172,0,read_set_version_changed_at_commit,,0,,0,0,416.704508010298,60.20361138507724
xair_atomic,plc_plain,1,pause,,1,312,,,0,20.0,173,0,read_set_version_changed_at_commit,,0,,0,0,414.01788080111146,22.5143120624125
xair,plc_predicate,1,pause,,1,314,314,315,0,200.0,174,1,published_after_gate_recheck,refused:predicate_false:315,0,,0,1,573.3275040984154,207.87280285730958
xair,plc_conditional,1,pause,,1,316,,,0,0.0,175,0,read_set_version_changed_at_gate,,0,,0,0,553.5298241302371,1.8305177800357342
xair,plc_conditional,1,pause,,1,318,,,0,100.0,176,0,read_set_version_changed_at_gate,,0,,0,0,563.3462187834084,105.45172682031989
xair,plc_plain,1,pause,,1,320,320,321,0,200.0,177,1,published_after_gate_recheck,executed:PAUSED:321,1,PAUSED,1,0,558.4232239052653,209.74074071273208
xair_atomic,plc_plain,1,pause,,1,322,,,0,40.0,178,0,read_set_version_changed_at_commit,,0,,0,0,413.3019377477467,42.71841514855623
xair_atomic,plc_predicate,1,pause,,1,324,,,0,80.0,179,0,read_set_version_changed_at_commit,,0,,0,0,408.47636479884386,83.25852919369936
xair,plc_predicate,1,pause,,1,326,,,0,0.0,180,0,read_set_version_changed_at_gate,,0,,0,0,541.4385767653584,0.36920374259352684
xair,plc_plain,1,pause,,1,328,,,0,60.0,181,0,read_set_version_changed_at_gate,,0,,0,0,557.8225660137832,60.528752859681845
xair_atomic,plc_conditional,1,pause,,1,330,,,0,40.0,182,0,read_set_version_changed_at_commit,,0,,0,0,429.5705403201282,41.2882287055254
xair_atomic,plc_plain,1,pause,,1,332,,,0,40.0,183,0,read_set_version_changed_at_commit,,0,,0,0,415.0494900532067,41.51522507891059
xair_atomic,plc_plain,1,pause,,1,334,334,335,0,200.0,184,1,authorization_committed,executed:PAUSED:335,1,PAUSED,1,0,427.26123286411166,202.3121202364564
xair_atomic,plc_conditional,1,pause,,1,336,,,0,120.0,185,0,read_set_version_changed_at_commit,,0,,0,0,415.27762822806835,123.79265064373612
xair_atomic,plc_predicate,1,pause,,1,338,,,0,60.0,186,0,read_set_version_changed_at_commit,,0,,0,0,421.10587377101183,61.82315340265632
xair_atomic,plc_predicate,1,pause,,1,340,,,0,40.0,187,0,read_set_version_changed_at_commit,,0,,0,0,424.19692827388644,41.687739081680775
xair,plc_plain,0,,,1,342,342,342,0,,188,1,published_after_gate_recheck,executed:RUN:342,1,RUN,0,0,568.7600658275187,
xair,plc_predicate,1,pause,,1,342,342,343,0,200.0,189,1,published_after_gate_recheck,refused:predicate_false:343,0,,0,1,555.821938905865,200.2458400093019
xair_atomic,plc_plain,1,pause,,1,344,,,0,20.0,190,0,read_set_version_changed_at_commit,,0,,0,0,422.8445687331259,20.999477244913578
xair,plc_conditional,1,pause,,1,346,,,0,60.0,191,0,read_set_version_changed_at_gate,,0,,0,0,548.3334949240088,62.57060682401061
xair_atomic,plc_conditional,1,pause,,1,348,,,0,60.0,192,0,read_set_version_changed_at_commit,,0,,0,0,434.5815512351692,60.22064387798309
xair,plc_plain,1,pause,,1,350,,,0,0.0,193,0,precondition_failed: line.state == 'RUN',,0,,0,0,281.2845599837601,3.1988066621124744
xair,plc_predicate,1,pause,,1,352,,,0,80.0,194,0,read_set_version_changed_at_gate,,0,,0,0,555.6696527637541,82.40567706525326
xair_atomic,plc_predicate,1,pause,,1,354,,,0,40.0,195,0,read_set_version_changed_at_commit,,0,,0,0,415.0964571163058,42.76225762441754
xair_atomic,plc_predicate,1,pause,,1,356,,,0,60.0,196,0,read_set_version_changed_at_commit,,0,,0,0,418.37627720087767,61.42996484413743
xair_atomic,plc_predicate,1,pause,,1,358,,,0,20.0,197,0,read_set_version_changed_at_commit,,0,,0,0,414.85450277104974,20.208511035889387
xair,plc_conditional,1,pause,,1,360,,,0,40.0,198,0,read_set_version_changed_at_gate,,0,,0,0,578.6915477365255,42.70083177834749
xair,plc_predicate,0,,,1,362,362,362,0,,199,1,published_after_gate_recheck,executed:RUN:362,1,RUN,0,0,570.2140466310084,
xair_atomic,plc_plain,1,pause,,1,362,,,0,0.0,200,0,read_set_version_changed_at_commit,,0,,0,0,410.837659612298,2.132424619048834
xair_atomic,plc_plain,1,pause,,1,364,,,0,20.0,201,0,read_set_version_changed_at_commit,,0,,0,0,418.03756076842546,23.057781625539064
xair_atomic,plc_conditional,1,pause,,1,366,,,0,120.0,202,0,read_set_version_changed_at_commit,,0,,0,0,416.2641507573426,120.21131627261639
xair,plc_conditional,1,pause,,1,368,,,0,20.0,203,0,read_set_version_changed_at_gate,,0,,0,0,551.0099618695676,20.22395096719265
xair,plc_plain,1,pause,,1,370,,,0,20.0,204,0,read_set_version_changed_at_gate,,0,,0,0,559.5613019540906,20.555714145302773
xair,plc_plain,1,pause,,1,372,372,373,0,160.0,205,1,published_after_gate_recheck,executed:PAUSED:373,1,PAUSED,1,0,560.3964189067483,162.8250740468502
xair_atomic,plc_conditional,1,pause,,1,374,,,0,80.0,206,0,read_set_version_changed_at_commit,,0,,0,0,407.56856091320515,82.88531797006726
xair_atomic,plc_conditional,1,pause,,1,376,,,0,0.0,207,0,read_set_version_changed_at_commit,,0,,0,0,425.0579052604735,3.066058736294508
xair_atomic,plc_plain,1,pause,,1,378,,,0,80.0,208,0,read_set_version_changed_at_commit,,0,,0,0,436.78123131394386,80.21607482805848
xair,plc_conditional,1,pause,,1,380,,,0,0.0,209,0,precondition_failed: line.state == 'RUN',,0,,0,0,283.04211096838117,1.0247249156236649
xair_atomic,plc_plain,1,pause,,1,382,,,0,40.0,210,0,read_set_version_changed_at_commit,,0,,0,0,417.53067867830396,42.77636390179396
xair,plc_predicate,1,pause,,1,384,,,0,100.0,211,0,read_set_version_changed_at_gate,,0,,0,0,546.3291211053729,102.68314834684134
xair_atomic,plc_plain,1,pause,,1,386,386,387,0,160.0,212,1,authorization_committed,executed:PAUSED:387,1,PAUSED,1,0,434.3892387114465,162.93650399893522
xair_atomic,plc_plain,1,pause,,1,388,388,389,0,160.0,213,1,authorization_committed,executed:PAUSED:389,1,PAUSED,1,0,430.23919500410557,161.92059637978673
xair,plc_conditional,1,pause,,1,390,,,0,120.0,214,0,read_set_version_changed_at_gate,,0,,0,0,551.2712523341179,126.18537480011582
xair_atomic,plc_predicate,0,,,1,392,392,392,0,,215,1,authorization_committed,executed:RUN:392,1,RUN,0,0,415.5932301655412,
xair_atomic,plc_plain,1,pause,,1,392,,,0,0.0,216,0,read_set_version_changed_at_commit,,0,,0,0,427.7001270093024,1.869160681962967
xair_atomic,plc_plain,1,pause,,1,394,,,0,120.0,217,0,read_set_version_changed_at_commit,,0,,0,0,413.6663521640003,123.16388124600053
xair,plc_conditional,1,pause,,1,396,,,0,40.0,218,0,read_set_version_changed_at_gate,,0,,0,0,558.5216176696122,40.199524722993374
xair_atomic,plc_plain,1,pause,,1,398,,,0,100.0,219,0,read_set_version_changed_at_commit,,0,,0,0,425.1807047985494,105.41572002694011
xair,plc_conditional,1,pause,,1,400,,,0,40.0,220,0,read_set_version_changed_at_gate,,0,,0,0,560.8086427673697,43.52274630218744
xair_atomic,plc_predicate,1,pause,,1,402,,,0,100.0,221,0,read_set_version_changed_at_commit,,0,,0,0,411.36104287579656,100.21776799112558
xair,plc_plain,0,,,1,404,404,404,0,,222,1,published_after_gate_recheck,executed:RUN:404,1,RUN,0,0,562.159129884094,
xair_atomic,plc_conditional,1,pause,,1,404,,,0,0.0,223,0,precondition_failed: line.state == 'RUN',,0,,0,0,289.3303302116692,2.994864247739315
xair,plc_conditional,1,pause,,1,406,406,407,0,200.0,224,1,published_after_gate_recheck,refused:version_changed:407,0,,0,1,553.3018349669874,201.5781318768859
xair_atomic,plc_plain,1,pause,,1,408,,,0,80.0,225,0,read_set_version_changed_at_commit,,0,,0,0,414.22342834994197,84.8440770059824
xair_atomic,plc_conditional,1,pause,,1,410,,,0,160.0,226,0,read_set_version_changed_at_commit,,0,,0,0,502.8222561813891,161.85207618400455
xair_atomic,plc_predicate,1,pause,,1,412,,,0,160.0,227,0,read_set_version_changed_at_commit,,0,,0,0,596.839508973062,165.61394184827805
xair_atomic,plc_plain,1,pause,,1,414,,,0,120.0,228,0,read_set_version_changed_at_commit,,0,,0,0,600.5144910886884,122.88004765287042
xair,plc_conditional,1,pause,,1,416,,,0,60.0,229,0,read_set_version_changed_at_gate,,0,,0,0,847.3659148439765,68.73496435582638
xair_atomic,plc_predicate,1,pause,,1,418,,,0,60.0,230,0,read_set_version_changed_at_commit,,0,,0,0,581.886637955904,60.80489093437791
xair,plc_predicate,1,pause,,1,420,,,0,160.0,231,0,read_set_version_changed_at_gate,,0,,0,0,652.532400097698,160.69075604900718
xair_atomic,plc_conditional,1,pause,,1,422,,,0,100.0,232,0,read_set_version_changed_at_commit,,0,,0,0,609.6539353020489,100.23907804861665
xair,plc_predicate,1,pause,,1,424,,,0,120.0,233,0,read_set_version_changed_at_gate,,0,,0,0,624.0298021584749,120.83940487354994
xair,plc_predicate,1,pause,,1,426,,,0,40.0,234,0,read_set_version_changed_at_gate,,0,,0,0,542.5274716690183,41.34603822603822
xair_atomic,plc_plain,1,pause,,1,428,428,429,0,160.0,235,1,authorization_committed,executed:PAUSED:429,1,PAUSED,1,0,418.182292021811,163.1297469139099
xair,plc_plain,1,pause,,1,430,,,0,0.0,236,0,precondition_failed: line.state == 'RUN',,0,,0,0,286.1967757344246,0.45339111238718033
xair,plc_predicate,1,pause,,1,432,,,0,80.0,237,0,read_set_version_changed_at_gate,,0,,0,0,570.0087822042406,81.86382986605167
xair_atomic,plc_conditional,1,pause,,1,434,,,0,20.0,238,0,read_set_version_changed_at_commit,,0,,0,0,417.4239388667047,21.476913709193468
xair_atomic,plc_conditional,1,pause,,1,436,,,0,40.0,239,0,read_set_version_changed_at_commit,,0,,0,0,408.2149239256978,42.66294091939926
xair_atomic,plc_conditional,1,pause,,1,438,,,0,40.0,240,0,read_set_version_changed_at_commit,,0,,0,0,416.1274037323892,47.702405136078596
xair_atomic,plc_predicate,1,pause,,1,440,440,441,0,200.0,241,1,authorization_committed,refused:predicate_false:441,0,,0,1,425.7841589860618,205.82083985209465
xair_atomic,plc_predicate,1,pause,,1,442,,,0,100.0,242,0,read_set_version_changed_at_commit,,0,,0,0,406.58278902992606,100.23072315379977
xair,plc_predicate,1,pause,,1,444,,,0,60.0,243,0,read_set_version_changed_at_gate,,0,,0,0,569.4875218905509,62.14155210182071
xair,plc_plain,1,pause,,1,446,,,0,80.0,244,0,read_set_version_changed_at_gate,,0,,0,0,551.3554611243308,80.86925186216831
xair_atomic,plc_predicate,1,pause,,1,448,,,0,20.0,245,0,read_set_version_changed_at_commit,,0,,0,0,409.1494190506637,20.703821908682585
xair_atomic,plc_conditional,1,pause,,1,450,,,0,0.0,246,0,read_set_version_changed_at_commit,,0,,0,0,428.2720210030675,0.920488964766264
xair,plc_plain,1,pause,,1,452,,,0,40.0,247,0,read_set_version_changed_at_gate,,0,,0,0,693.5718208551407,47.71690163761377
xair,plc_conditional,1,pause,,1,454,,,0,0.0,248,0,read_set_version_changed_at_gate,,0,,0,0,552.3250116966665,0.9280629456043243
xair,plc_plain,1,pause,,1,456,,,0,60.0,249,0,read_set_version_changed_at_gate,,0,,0,0,548.131185118109,62.477943021804094
xair,plc_plain,1,pause,,1,458,,,0,100.0,250,0,read_set_version_changed_at_gate,,0,,0,0,546.337756793946,101.00038815289736
xair,plc_predicate,1,pause,,1,460,,,0,120.0,251,0,read_set_version_changed_at_gate,,0,,0,0,544.8365793563426,120.2276460826397
xair_atomic,plc_plain,1,pause,,1,462,,,0,0.0,252,0,read_set_version_changed_at_commit,,0,,0,0,422.3486571572721,3.3222991041839123
xair_atomic,plc_conditional,1,pause,,1,464,,,0,160.0,253,0,read_set_version_changed_at_commit,,0,,0,0,447.3819797858596,162.2611447237432
xair,plc_plain,1,pause,,1,466,,,0,40.0,254,0,read_set_version_changed_at_gate,,0,,0,0,560.992558952421,40.230081882327795
xair,plc_predicate,1,pause,,1,468,,,0,100.0,255,0,read_set_version_changed_at_gate,,0,,0,0,548.973417840898,100.23114318028092
xair_atomic,plc_predicate,1,pause,,1,470,,,0,20.0,256,0,read_set_version_changed_at_commit,,0,,0,0,406.75875917077065,20.75093984603882
xair,plc_conditional,0,,,1,472,472,472,0,,257,1,published_after_gate_recheck,executed:RUN:472,1,RUN,0,0,550.9949340485036,
xair_atomic,plc_predicate,1,pause,,1,472,,,0,120.0,258,0,read_set_version_changed_at_commit,,0,,0,0,421.3075418956578,120.22902863100171
xair_atomic,plc_conditional,1,pause,,1,474,,,0,60.0,259,0,read_set_version_changed_at_commit,,0,,0,0,412.78328420594335,61.93947186693549
xair,plc_predicate,1,pause,,1,476,,,0,60.0,260,0,read_set_version_changed_at_gate,,0,,0,0,557.8664690256119,61.28182727843523
xair,plc_predicate,0,,,1,478,478,478,0,,261,1,published_after_gate_recheck,executed:RUN:478,1,RUN,0,0,574.4531778618693,
xair_atomic,plc_conditional,1,pause,,1,478,,,0,40.0,262,0,read_set_version_changed_at_commit,,0,,0,0,472.3160951398313,41.67564585804939
xair_atomic,plc_plain,0,,,1,480,480,480,0,,263,1,authorization_committed,executed:RUN:480,1,RUN,0,0,428.5284620709717,
xair,plc_predicate,1,pause,,1,480,480,481,0,200.0,264,1,published_after_gate_recheck,refused:predicate_false:481,0,,0,1,573.633027728647,200.2185876481235
xair_atomic,plc_conditional,1,pause,,1,482,,,0,40.0,265,0,read_set_version_changed_at_commit,,0,,0,0,411.44164372235537,41.510327253490686
xair_atomic,plc_conditional,1,pause,,1,484,,,0,100.0,266,0,read_set_version_changed_at_commit,,0,,0,0,432.9360001720488,103.63247059285641
xair_atomic,plc_predicate,1,pause,,1,486,486,487,0,200.0,267,1,authorization_committed,refused:predicate_false:487,0,,0,1,419.15823612362146,200.49310522153974
xair_atomic,plc_predicate,1,pause,,1,488,488,489,0,200.0,268,1,authorization_committed,refused:predicate_false:489,0,,0,1,428.28261107206345,201.25061692669988
xair_atomic,plc_plain,1,pause,,1,490,,,0,120.0,269,0,read_set_version_changed_at_commit,,0,,0,0,417.794625274837,120.2552281320095
xair,plc_plain,1,pause,,1,492,,,0,20.0,270,0,read_set_version_changed_at_gate,,0,,0,0,550.5728009156883,22.844851948320866
xair,plc_predicate,1,pause,,1,494,,,0,60.0,271,0,read_set_version_changed_at_gate,,0,,0,0,564.4077826291323,61.25291297212243
xair,plc_plain,1,pause,,1,496,,,0,0.0,272,0,read_set_version_changed_at_gate,,0,,0,0,552.3990797810256,2.958436030894518
xair_atomic,plc_conditional,1,pause,,1,498,,,0,120.0,273,0,read_set_version_changed_at_commit,,0,,0,0,418.2089315727353,124.61695028468966
xair,plc_conditional,1,pause,,1,500,,,0,100.0,274,0,read_set_version_changed_at_gate,,0,,0,0,558.8862942531705,100.2146820537746
xair,plc_predicate,1,pause,,1,502,,,0,40.0,275,0,read_set_version_changed_at_gate,,0,,0,0,559.3168521299958,41.05692496523261
xair,plc_conditional,1,pause,,1,504,,,0,40.0,276,0,read_set_version_changed_at_gate,,0,,0,0,546.6032759286463,41.86329897493124
xair_atomic,plc_predicate,1,pause,,1,506,,,0,40.0,277,0,read_set_version_changed_at_commit,,0,,0,0,413.29447319731116,42.3010908998549
xair_atomic,plc_plain,1,pause,,1,508,,,0,0.0,278,0,read_set_version_changed_at_commit,,0,,0,0,422.61270293965936,2.4511232040822506
xair_atomic,plc_conditional,1,pause,,1,510,,,0,0.0,279,0,precondition_failed: line.state == 'RUN',,0,,0,0,287.1732790954411,3.2447241246700287
xair_atomic,plc_conditional,1,pause,,1,512,,,0,40.0,280,0,read_set_version_changed_at_commit,,0,,0,0,461.0401690006256,42.8154980763793
xair,plc_plain,0,,,1,514,514,514,0,,281,1,published_after_gate_recheck,executed:RUN:514,1,RUN,0,0,556.9265629164875,
xair_atomic,plc_plain,1,pause,,1,514,,,0,100.0,282,0,read_set_version_changed_at_commit,,0,,0,0,421.23836232349277,102.76421997696161
xair,plc_predicate,1,pause,,1,516,,,0,60.0,283,0,read_set_version_changed_at_gate,,0,,0,0,565.0768391788006,62.94167414307594
xair,plc_conditional,1,pause,,1,518,,,0,100.0,284,0,read_set_version_changed_at_gate,,0,,0,0,552.2564626298845,101.64838517084718
xair,plc_conditional,0,,,1,520,520,520,0,,285,1,published_after_gate_recheck,executed:RUN:520,1,RUN,0,0,558.7008949369192,
xair,plc_predicate,1,pause,,1,520,,,0,60.0,286,0,read_set_version_changed_at_gate,,0,,0,0,560.6180760078132,61.617666855454445
xair_atomic,plc_plain,1,pause,,1,522,,,0,20.0,287,0,read_set_version_changed_at_commit,,0,,0,0,431.28201412037015,21.52590500190854
xair_atomic,plc_conditional,1,pause,,1,524,,,0,20.0,288,0,read_set_version_changed_at_commit,,0,,0,0,425.7844192907214,22.53911877050996
xair_atomic,plc_predicate,1,pause,,1,526,526,527,0,160.0,289,1,authorization_committed,refused:predicate_false:527,0,,0,1,433.63340897485614,160.74749222025275
xair_atomic,plc_predicate,1,pause,,1,528,,,0,60.0,290,0,read_set_version_changed_at_commit,,0,,0,0,416.4586248807609,63.21975588798523
xair,plc_predicate,0,,,1,530,530,530,0,,291,1,published_after_gate_recheck,executed:RUN:530,1,RUN,0,0,587.0893793180585,
xair_atomic,plc_conditional,1,pause,,1,530,530,531,0,160.0,292,1,authorization_committed,refused:version_changed:531,0,,0,1,436.6368902847171,165.5644178390503
xair_atomic,plc_plain,1,pause,,1,532,,,0,20.0,293,0,read_set_version_changed_at_commit,,0,,0,0,421.53490893542767,20.336272194981575
xair_atomic,plc_predicate,1,pause,,1,534,,,0,0.0,294,0,read_set_version_changed_at_commit,,0,,0,0,421.5670791454613,0.9141168557107449
xair_atomic,plc_conditional,1,pause,,1,536,,,0,80.0,295,0,read_set_version_changed_at_commit,,0,,0,0,414.26166985183954,81.27264911308885
xair_atomic,plc_conditional,1,pause,,1,538,,,0,60.0,296,0,read_set_version_changed_at_commit,,0,,0,0,416.07397282496095,70.79887995496392
xair,plc_conditional,1,pause,,1,540,,,0,60.0,297,0,read_set_version_changed_at_gate,,0,,0,0,599.2005527950823,61.0670642927289
xair_atomic,plc_plain,1,pause,,1,542,,,0,80.0,298,0,read_set_version_changed_at_commit,,0,,0,0,420.1731509529054,80.65719390287995
xair,plc_plain,1,pause,,1,544,,,0,80.0,299,0,read_set_version_changed_at_gate,,0,,0,0,543.9745793119073,83.16735690459609
xair,plc_conditional,1,pause,,1,546,,,0,20.0,300,0,read_set_version_changed_at_gate,,0,,0,0,546.2610139511526,22.56628917530179
xair,plc_predicate,1,pause,,1,548,,,0,60.0,301,0,read_set_version_changed_at_gate,,0,,0,0,545.1283259317279,62.49128933995962
xair,plc_conditional,1,pause,,1,550,,,0,0.0,302,0,read_set_version_changed_at_gate,,0,,0,0,549.9377977102995,3.575013019144535
xair_atomic,plc_conditional,1,pause,,1,552,,,0,100.0,303,0,read_set_version_changed_at_commit,,0,,0,0,414.47843704372644,100.52900342270732
xair,plc_conditional,1,pause,,1,554,,,0,100.0,304,0,read_set_version_changed_at_gate,,0,,0,0,562.1151276864111,102.96126082539558
xair_atomic,plc_conditional,1,pause,,1,556,,,0,100.0,305,0,read_set_version_changed_at_commit,,0,,0,0,434.5817510038614,100.22675478830934
xair,plc_plain,0,,,1,558,558,558,0,,306,1,published_after_gate_recheck,executed:RUN:558,1,RUN,0,0,578.7456789985299,
xair,plc_predicate,1,pause,,1,558,,,0,0.0,307,0,precondition_failed: line.state == 'RUN',,0,,0,0,282.35287591814995,0.9712637402117252
xair,plc_conditional,0,,,1,560,560,560,0,,308,1,published_after_gate_recheck,executed:RUN:560,1,RUN,0,0,560.0186199881136,
xair,plc_plain,1,pause,,1,560,,,0,0.0,309,0,precondition_failed: line.state == 'RUN',,0,,0,0,284.27158994600177,2.5473437272012234
xair_atomic,plc_predicate,0,,,1,562,562,562,0,,310,1,authorization_committed,executed:RUN:562,1,RUN,0,0,429.7462091781199,
xair,plc_predicate,1,pause,,1,562,562,563,0,160.0,311,1,published_after_gate_recheck,refused:predicate_false:563,0,,0,1,557.4347381480038,173.25551342219114
xair_atomic,plc_predicate,1,pause,,1,564,,,0,120.0,312,0,read_set_version_changed_at_commit,,0,,0,0,426.22004682198167,120.9486611187458
xair_atomic,plc_plain,1,pause,,1,566,,,0,80.0,313,0,read_set_version_changed_at_commit,,0,,0,0,416.34411131963134,80.20937163382769
xair_atomic,plc_conditional,1,pause,,1,568,,,0,40.0,314,0,read_set_version_changed_at_commit,,0,,0,0,407.1528692729771,41.010087355971336
xair,plc_predicate,1,pause,,1,570,,,0,100.0,315,0,read_set_version_changed_at_gate,,0,,0,0,555.3031149320304,100.21510301157832
xair_atomic,plc_conditional,0,,,1,572,572,572,0,,316,1,authorization_committed,executed:RUN:572,1,RUN,0,0,423.9043081179261,
xair,plc_conditional,1,pause,,1,572,,,0,80.0,317,0,read_set_version_changed_at_gate,,0,,0,0,556.2450839206576,82.1115649305284
xair_atomic,plc_plain,1,pause,,1,574,574,575,0,160.0,318,1,authorization_committed,executed:PAUSED:575,1,PAUSED,1,0,423.526659142226,161.21897799894214
xair_atomic,plc_predicate,1,pause,,1,576,576,577,0,160.0,319,1,authorization_committed,refused:predicate_false:577,0,,0,1,431.7611129954457,161.7595232091844
xair_atomic,plc_plain,1,pause,,1,578,,,0,80.0,320,0,read_set_version_changed_at_commit,,0,,0,0,409.33720162138343,80.21978195756674
xair,plc_conditional,0,,,1,580,580,580,0,,321,1,published_after_gate_recheck,executed:RUN:580,1,RUN,0,0,550.5579831078649,
xair_atomic,plc_plain,1,pause,,1,580,580,581,0,200.0,322,1,authorization_committed,executed:PAUSED:581,1,PAUSED,1,0,414.3305588513613,200.28570434078574
xair,plc_conditional,1,pause,,1,582,,,0,120.0,323,0,read_set_version_changed_at_gate,,0,,0,0,543.3366210199893,122.37389711663127
xair_atomic,plc_predicate,1,pause,,1,584,,,0,20.0,324,0,read_set_version_changed_at_commit,,0,,0,0,414.42623920738697,21.598101127892733
xair,plc_plain,1,pause,,1,586,,,0,0.0,325,0,read_set_version_changed_at_gate,,0,,0,0,547.3339790478349,3.510011825710535
xair,plc_predicate,1,pause,,1,588,,,0,120.0,326,0,read_set_version_changed_at_gate,,0,,0,0,543.5187937691808,121.37456983327866
xair_atomic,plc_predicate,1,pause,,1,590,,,0,20.0,327,0,read_set_version_changed_at_commit,,0,,0,0,412.4305211007595,20.258795004338026
xair_atomic,plc_plain,0,,,1,592,592,592,0,,328,1,authorization_committed,executed:RUN:592,1,RUN,0,0,412.65165619552135,
xair,plc_plain,1,pause,,1,592,,,0,100.0,329,0,read_set_version_changed_at_gate,,0,,0,0,570.2960509806871,103.73211791738868
xair,plc_plain,1,pause,,1,594,,,0,120.0,330,0,read_set_version_changed_at_gate,,0,,0,0,549.0256249904633,121.6844622977078
xair,plc_plain,1,pause,,1,596,,,0,120.0,331,0,read_set_version_changed_at_gate,,0,,0,0,544.2827590741217,120.71127537637949
xair,plc_predicate,1,pause,,1,598,,,0,80.0,332,0,read_set_version_changed_at_gate,,0,,0,0,545.9090420044959,81.38850703835487
xair,plc_conditional,1,pause,,1,600,,,0,120.0,333,0,read_set_version_changed_at_gate,,0,,0,0,553.2394391484559,120.25755317881703
xair,plc_plain,1,pause,,1,602,,,0,0.0,334,0,read_set_version_changed_at_gate,,0,,0,0,598.494348116219,0.5731163546442986
xair_atomic,plc_plain,1,pause,,1,604,,,0,20.0,335,0,read_set_version_changed_at_commit,,0,,0,0,422.53188183531165,23.24839076027274
xair_atomic,plc_conditional,1,pause,,1,606,,,0,0.0,336,0,read_set_version_changed_at_commit,,0,,0,0,417.69337467849255,7.646740879863501
xair,plc_conditional,1,pause,,1,608,,,0,0.0,337,0,read_set_version_changed_at_gate,,0,,0,0,550.5668097175658,1.0891351848840714
xair,plc_conditional,1,pause,,1,610,,,0,80.0,338,0,read_set_version_changed_at_gate,,0,,0,0,551.8654477782547,80.84011683240533
xair,plc_conditional,1,pause,,1,612,612,613,0,200.0,339,1,published_after_gate_recheck,refused:version_changed:613,0,,0,1,554.9372467212379,201.74451498314738
xair,plc_conditional,1,pause,,1,614,,,0,40.0,340,0,read_set_version_changed_at_gate,,0,,0,0,549.0725240670145,42.20903804525733
xair_atomic,plc_predicate,1,pause,,1,616,,,0,20.0,341,0,read_set_version_changed_at_commit,,0,,0,0,409.98012898489833,20.189165137708187
xair_atomic,plc_conditional,1,pause,,1,618,,,0,100.0,342,0,read_set_version_changed_at_commit,,0,,0,0,422.60338505730033,101.7456166446209
xair_atomic,plc_conditional,1,pause,,1,620,,,0,0.0,343,0,read_set_version_changed_at_commit,,0,,0,0,428.77374310046434,0.44276099652051926
xair,plc_conditional,1,pause,,1,622,622,623,0,200.0,344,1,published_after_gate_recheck,refused:version_changed:623,0,,0,1,558.4616656415164,200.25188196450472
xair,plc_conditional,1,pause,,1,624,,,0,40.0,345,0,read_set_version_changed_at_gate,,0,,0,0,546.1746919900179,42.820587288588285
xair,plc_conditional,1,pause,,1,626,,,0,20.0,346,0,read_set_version_changed_at_gate,,0,,0,0,542.1072016470134,20.46229923143983
xair_atomic,plc_conditional,1,pause,,1,628,,,0,20.0,347,0,read_set_version_changed_at_commit,,0,,0,0,408.0360378138721,20.449593663215637
xair,plc_predicate,1,pause,,1,630,630,631,0,160.0,348,1,published_after_gate_recheck,refused:predicate_false:631,0,,0,1,561.7467151023448,160.2318836376071
xair,plc_plain,1,pause,,1,632,,,0,60.0,349,0,read_set_version_changed_at_gate,,0,,0,0,546.3817501440644,60.19434379413724
xair_atomic,plc_predicate,1,pause,,1,634,,,0,80.0,350,0,read_set_version_changed_at_commit,,0,,0,0,453.2955647446215,80.80209605395794
xair_atomic,plc_conditional,1,pause,,1,636,,,0,20.0,351,0,read_set_version_changed_at_commit,,0,,0,0,411.59567330032587,22.60726736858487
xair,plc_conditional,1,pause,,1,638,638,639,0,160.0,352,1,published_after_gate_recheck,refused:version_changed:639,0,,0,1,562.1156780980527,163.15725771710277
xair_atomic,plc_plain,1,pause,,1,640,,,0,120.0,353,0,read_set_version_changed_at_commit,,0,,0,0,413.4608060121536,120.25852408260107
xair,plc_predicate,0,,,1,642,642,642,0,,354,1,published_after_gate_recheck,executed:RUN:642,1,RUN,0,0,559.0150849893689,
xair,plc_plain,1,pause,,1,642,,,0,80.0,355,0,read_set_version_changed_at_gate,,0,,0,0,551.6993161290884,82.2857622988522
xair,plc_conditional,1,pause,,1,644,,,0,20.0,356,0,read_set_version_changed_at_gate,,0,,0,0,541.8553398922086,21.018262021243572
xair_atomic,plc_plain,1,pause,,1,646,,,0,80.0,357,0,read_set_version_changed_at_commit,,0,,0,0,430.31643982976675,82.05499825999141
xair,plc_conditional,0,,,1,648,648,648,0,,358,1,published_after_gate_recheck,executed:RUN:648,1,RUN,0,0,562.1634479612112,
xair_atomic,plc_predicate,1,pause,,1,648,,,0,20.0,359,0,read_set_version_changed_at_commit,,0,,0,0,413.5410557501018,20.222768187522888
xair,plc_plain,0,,,1,650,650,650,0,,360,1,published_after_gate_recheck,executed:RUN:650,1,RUN,0,0,559.6821275539696,
xair_atomic,plc_conditional,1,pause,,1,650,,,0,60.0,361,0,read_set_version_changed_at_commit,,0,,0,0,410.983522888273,60.23907894268632
xair_atomic,plc_predicate,1,pause,,1,652,,,0,80.0,362,0,read_set_version_changed_at_commit,,0,,0,0,415.3311876580119,95.07849579676986
xair_atomic,plc_predicate,1,pause,,1,654,,,0,20.0,363,0,read_set_version_changed_at_commit,,0,,0,0,408.2878213375807,21.943800151348114
xair_atomic,plc_plain,0,,,1,656,656,656,0,,364,1,authorization_committed,executed:RUN:656,1,RUN,0,0,439.72592102363706,
xair,plc_plain,1,pause,,1,656,656,657,0,200.0,365,1,published_after_gate_recheck,executed:PAUSED:657,1,PAUSED,1,0,587.8494959324598,203.74049292877316
xair_atomic,plc_predicate,1,pause,,1,658,,,0,100.0,366,0,read_set_version_changed_at_commit,,0,,0,0,418.25938783586025,100.27464525774121
xair,plc_conditional,1,pause,,1,660,,,0,120.0,367,0,read_set_version_changed_at_gate,,0,,0,0,546.5671080164611,120.23518094792962
xair_atomic,plc_predicate,1,pause,,1,662,,,0,60.0,368,0,read_set_version_changed_at_commit,,0,,0,0,416.5573213249445,61.03111570701003
xair,plc_plain,1,pause,,1,664,,,0,0.0,369,0,precondition_failed: line.state == 'RUN',,0,,0,0,276.44544234499335,1.533720176666975
xair,plc_predicate,1,pause,,1,666,,,0,60.0,370,0,read_set_version_changed_at_gate,,0,,0,0,551.4038321562111,63.19555966183543
xair,plc_plain,1,pause,,1,668,,,0,100.0,371,0,read_set_version_changed_at_gate,,0,,0,0,541.7646700516343,100.18991632387042
xair_atomic,plc_conditional,1,pause,,1,670,670,671,0,160.0,372,1,authorization_committed,refused:version_changed:671,0,,0,1,441.31138920783997,162.1519299224019
xair,plc_conditional,1,pause,,1,672,,,0,80.0,373,0,read_set_version_changed_at_gate,,0,,0,0,547.4386350251734,80.22316824644804
xair,plc_predicate,1,pause,,1,674,,,0,100.0,374,0,read_set_version_changed_at_gate,,0,,0,0,545.3932238742709,100.57513928040862
xair,plc_predicate,1,pause,,1,676,676,677,0,160.0,375,1,published_after_gate_recheck,refused:predicate_false:677,0,,0,1,550.0816479325294,160.69171763956547
xair,plc_conditional,1,pause,,1,678,,,0,80.0,376,0,read_set_version_changed_at_gate,,0,,0,0,564.2068753950298,82.53346709534526
xair,plc_conditional,1,pause,,1,680,,,0,80.0,377,0,read_set_version_changed_at_gate,,0,,0,0,544.4610826671124,80.23471012711525
xair_atomic,plc_plain,1,pause,,1,682,,,0,120.0,378,0,read_set_version_changed_at_commit,,0,,0,0,409.7810750827193,120.30770676210523
xair,plc_conditional,1,pause,,1,684,,,0,20.0,379,0,read_set_version_changed_at_gate,,0,,0,0,556.663969065994,20.217998884618282
xair,plc_conditional,1,pause,,1,686,686,687,0,160.0,380,1,published_after_gate_recheck,refused:version_changed:687,0,,0,1,578.3011140301824,162.71908581256866
xair_atomic,plc_plain,1,pause,,1,688,,,0,60.0,381,0,read_set_version_changed_at_commit,,0,,0,0,423.2332478277385,72.62257533147931
xair,plc_conditional,1,pause,,1,690,,,0,120.0,382,0,read_set_version_changed_at_gate,,0,,0,0,547.7291811257601,121.38357711955905
xair,plc_conditional,1,pause,,1,692,,,0,80.0,383,0,read_set_version_changed_at_gate,,0,,0,0,552.6928519830108,80.22774709388614
xair_atomic,plc_predicate,1,pause,,1,694,,,0,100.0,384,0,read_set_version_changed_at_commit,,0,,0,0,414.03075587004423,102.0039920695126
xair_atomic,plc_conditional,1,pause,,1,696,,,0,20.0,385,0,read_set_version_changed_at_commit,,0,,0,0,426.1641730554402,22.801110986620188
xair,plc_conditional,1,pause,,1,698,,,0,100.0,386,0,read_set_version_changed_at_gate,,0,,0,0,544.3309480324388,101.39781422913074
xair,plc_plain,1,pause,,1,700,,,0,100.0,387,0,read_set_version_changed_at_gate,,0,,0,0,557.8385861590505,103.52381691336632
xair_atomic,plc_conditional,1,pause,,1,702,,,0,0.0,388,0,read_set_version_changed_at_commit,,0,,0,0,410.3395538404584,2.5974581949412823
xair,plc_predicate,1,pause,,1,704,,,0,120.0,389,0,read_set_version_changed_at_gate,,0,,0,0,571.1051407270133,120.83417596295476
xair,plc_conditional,0,,,1,706,706,706,0,,390,1,published_after_gate_recheck,executed:RUN:706,1,RUN,0,0,561.9436749257147,
xair_atomic,plc_conditional,1,pause,,1,706,,,0,120.0,391,0,read_set_version_changed_at_commit,,0,,0,0,405.927378218621,121.54641281813383
xair_atomic,plc_conditional,1,pause,,1,708,,,0,60.0,392,0,read_set_version_changed_at_commit,,0,,0,0,419.14803674444556,61.11073587089777
xair,plc_conditional,1,pause,,1,710,710,711,0,200.0,393,1,published_after_gate_recheck,refused:version_changed:711,0,,0,1,555.3635978139937,201.8829546868801
xair_atomic,plc_conditional,1,pause,,1,712,,,0,0.0,394,0,read_set_version_changed_at_commit,,0,,0,0,421.86272516846657,1.94980064406991
xair,plc_predicate,0,,,1,714,714,714,0,,395,1,published_after_gate_recheck,executed:RUN:714,1,RUN,0,0,554.1564906015992,
xair_atomic,plc_conditional,1,pause,,1,714,,,0,120.0,396,0,read_set_version_changed_at_commit,,0,,0,0,412.13287226855755,120.2298509888351
xair,plc_plain,1,pause,,1,716,,,0,100.0,397,0,read_set_version_changed_at_gate,,0,,0,0,568.6271358281374,103.12040010467172
xair,plc_predicate,1,pause,,1,718,718,719,0,160.0,398,1,published_after_gate_recheck,refused:predicate_false:719,0,,0,1,564.0992331318557,162.48448379337788
xair,plc_conditional,1,pause,,1,720,,,0,20.0,399,0,read_set_version_changed_at_gate,,0,,0,0,737.4543119221926,20.225624088197947
xair_atomic,plc_plain,1,pause,,1,722,,,0,160.0,400,0,read_set_version_changed_at_commit,,0,,0,0,453.4540129825473,162.88266191259027
xair,plc_conditional,1,pause,,1,724,,,0,60.0,401,0,read_set_version_changed_at_gate,,0,,0,0,549.4025028310716,62.673109117895365
xair,plc_conditional,1,pause,,1,726,726,727,0,200.0,402,1,published_after_gate_recheck,refused:version_changed:727,0,,0,1,555.2400457672775,200.90970722958446
xair,plc_predicate,1,pause,,1,728,,,0,60.0,403,0,read_set_version_changed_at_gate,,0,,0,0,554.9769122153521,63.99926031008363
xair_atomic,plc_conditional,1,pause,,1,730,,,0,80.0,404,0,read_set_version_changed_at_commit,,0,,0,0,450.8068412542343,81.5645083785057
xair_atomic,plc_conditional,1,pause,,1,732,732,733,0,200.0,405,1,authorization_committed,refused:version_changed:733,0,,0,1,431.8206049501896,201.65709126740694
xair,plc_conditional,1,pause,,1,734,,,0,80.0,406,0,read_set_version_changed_at_gate,,0,,0,0,562.645522877574,82.9009166918695
xair,plc_predicate,1,pause,,1,736,,,0,0.0,407,0,precondition_failed: line.state == 'RUN',,0,,0,0,306.21305480599403,0.32207509502768517
xair_atomic,plc_conditional,1,pause,,1,738,,,0,20.0,408,0,read_set_version_changed_at_commit,,0,,0,0,416.83583380654454,21.973586175590754
xair,plc_plain,1,pause,,1,740,,,0,60.0,409,0,read_set_version_changed_at_gate,,0,,0,0,552.0200389437377,66.86247792094946
xair,plc_predicate,1,pause,,1,742,,,0,40.0,410,0,read_set_version_changed_at_gate,,0,,0,0,550.1439259387553,40.25781387463212
xair,plc_plain,1,pause,,1,744,744,745,0,200.0,411,1,published_after_gate_recheck,executed:PAUSED:745,1,PAUSED,1,0,557.61957494542,201.12536195665598
xair_atomic,plc_plain,1,pause,,1,746,,,0,60.0,412,0,read_set_version_changed_at_commit,,0,,0,0,414.6600482054055,62.94808629900217
xair,plc_plain,1,pause,,1,748,,,0,40.0,413,0,read_set_version_changed_at_gate,,0,,0,0,561.3029119558632,41.28718702122569
xair_atomic,plc_conditional,1,pause,,1,750,750,751,0,200.0,414,1,authorization_committed,refused:version_changed:751,0,,0,1,421.36588087305427,203.7395411171019
xair_atomic,plc_conditional,1,pause,,1,752,,,0,120.0,415,0,read_set_version_changed_at_commit,,0,,0,0,411.3371279090643,123.23516421020031
xair_atomic,plc_conditional,1,pause,,1,754,,,0,0.0,416,0,precondition_failed: line.state == 'RUN',,0,,0,0,295.3468388877809,3.072340041399002
xair_atomic,plc_predicate,1,pause,,1,756,,,0,40.0,417,0,read_set_version_changed_at_commit,,0,,0,0,414.7237981669605,41.85214824974537
xair,plc_plain,1,pause,,1,758,758,759,0,160.0,418,1,published_after_gate_recheck,executed:PAUSED:759,1,PAUSED,1,0,555.6563772261143,160.73845606297255
xair,plc_predicate,1,pause,,1,760,,,0,40.0,419,0,read_set_version_changed_at_gate,,0,,0,0,556.584170088172,41.644078213721514
xair_atomic,plc_plain,1,pause,,1,762,,,0,0.0,420,0,read_set_version_changed_at_commit,,0,,0,0,417.1860720962286,1.6164551489055157
xair_atomic,plc_predicate,1,pause,,1,764,,,0,40.0,421,0,read_set_version_changed_at_commit,,0,,0,0,423.73363906517625,40.26276431977749
xair_atomic,plc_conditional,1,pause,,1,766,,,0,0.0,422,0,precondition_failed: line.state == 'RUN',,0,,0,0,280.4881241172552,2.673530951142311
xair,plc_conditional,1,pause,,1,768,768,769,0,200.0,423,1,published_after_gate_recheck,refused:version_changed:769,0,,0,1,565.042725764215,201.24481618404388
xair,plc_predicate,1,pause,,1,770,,,0,100.0,424,0,read_set_version_changed_at_gate,,0,,0,0,555.1559282466769,107.54347499459982
xair_atomic,plc_plain,1,pause,,1,772,,,0,0.0,425,0,read_set_version_changed_at_commit,,0,,0,0,485.30800361186266,0.2726418897509575
xair,plc_plain,1,pause,,1,774,774,775,0,200.0,426,1,published_after_gate_recheck,executed:PAUSED:775,1,PAUSED,1,0,564.2305701039732,201.55873522162437
xair,plc_conditional,1,pause,,1,776,776,777,0,160.0,427,1,published_after_gate_recheck,refused:version_changed:777,0,,0,1,549.2151812650263,162.00875071808696
xair,plc_conditional,1,pause,,1,778,,,0,120.0,428,0,read_set_version_changed_at_gate,,0,,0,0,550.4685551859438,120.58719201013446
xair_atomic,plc_predicate,1,pause,,1,780,,,0,100.0,429,0,read_set_version_changed_at_commit,,0,,0,0,420.43221881613135,101.45864821970463
xair_atomic,plc_predicate,1,pause,,1,782,,,0,20.0,430,0,read_set_version_changed_at_commit,,0,,0,0,424.0253856405616,25.37612710148096
xair_atomic,plc_predicate,1,pause,,1,784,,,0,100.0,431,0,read_set_version_changed_at_commit,,0,,0,0,417.22435411065817,108.43917820602655
xair,plc_conditional,1,pause,,1,786,786,787,0,160.0,432,1,published_after_gate_recheck,refused:version_changed:787,0,,0,1,558.8786192238331,164.33049133047462
xair_atomic,plc_plain,1,pause,,1,788,,,0,60.0,433,0,read_set_version_changed_at_commit,,0,,0,0,416.44305596128106,61.79886683821678
xair,plc_predicate,1,pause,,1,790,,,0,20.0,434,0,read_set_version_changed_at_gate,,0,,0,0,575.0453597865999,20.342182833701372
xair,plc_plain,1,pause,,1,792,,,0,120.0,435,0,read_set_version_changed_at_gate,,0,,0,0,556.0391070321202,122.60200595483184
xair_atomic,plc_predicate,1,pause,,1,794,,,0,20.0,436,0,read_set_version_changed_at_commit,,0,,0,0,414.88178400322795,20.20925236865878
xair_atomic,plc_conditional,1,pause,,1,796,,,0,20.0,437,0,read_set_version_changed_at_commit,,0,,0,0,416.2671761587262,22.344091907143593
xair,plc_conditional,0,,,1,798,798,798,0,,438,1,published_after_gate_recheck,executed:RUN:798,1,RUN,0,0,560.2954998612404,
xair,plc_conditional,1,pause,,1,798,,,0,0.0,439,0,read_set_version_changed_at_gate,,0,,0,0,552.7981701306999,3.5732812248170376
xair,plc_plain,1,pause,,1,800,,,0,80.0,440,0,read_set_version_changed_at_gate,,0,,0,0,552.0085073076189,80.21956169977784
xair_atomic,plc_plain,1,pause,,1,802,,,0,60.0,441,0,read_set_version_changed_at_commit,,0,,0,0,419.36988290399313,61.59294070675969
xair_atomic,plc_conditional,0,,,1,804,804,804,0,,442,1,authorization_committed,executed:RUN:804,1,RUN,0,0,428.7001946941018,
xair,plc_predicate,1,pause,,1,804,,,0,80.0,443,0,read_set_version_changed_at_gate,,0,,0,0,547.357012052089,80.24206385016441
xair_atomic,plc_conditional,1,pause,,1,806,,,0,0.0,444,0,precondition_failed: line.state == 'RUN',,0,,0,0,279.0085757151246,0.4305681213736534
xair,plc_conditional,1,pause,,1,808,808,809,0,160.0,445,1,published_after_gate_recheck,refused:version_changed:809,0,,0,1,568.5506532900035,161.6567000746727
xair,plc_plain,1,pause,,1,810,,,0,20.0,446,0,read_set_version_changed_at_gate,,0,,0,0,551.5457480214536,23.104109801352024
xair,plc_conditional,0,,,1,812,812,812,0,,447,1,published_after_gate_recheck,executed:RUN:812,1,RUN,0,0,561.2513748928905,
xair_atomic,plc_conditional,1,pause,,1,812,,,0,120.0,448,0,read_set_version_changed_at_commit,,0,,0,0,412.628754042089,120.87397091090679
xair,plc_plain,1,pause,,1,814,,,0,0.0,449,0,precondition_failed: line.state == 'RUN',,0,,0,0,285.85011418908834,2.90667824447155
xair_atomic,plc_plain,1,pause,,1,816,,,0,20.0,450,0,read_set_version_changed_at_commit,,0,,0,0,415.27519281953573,24.695838801562786
xair,plc_predicate,1,pause,,1,818,,,0,40.0,451,0,read_set_version_changed_at_gate,,0,,0,0,598.3560271561146,44.667474925518036
xair_atomic,plc_conditional,1,pause,,1,820,,,0,0.0,452,0,read_set_version_changed_at_commit,,0,,0,0,413.6963579803705,0.3948216326534748
xair_atomic,plc_plain,1,pause,,1,822,,,0,0.0,453,0,precondition_failed: line.state == 'RUN',,0,,0,0,275.70742601528764,2.979766111820936
xair_atomic,plc_plain,1,pause,,1,824,824,825,0,200.0,454,1,authorization_committed,executed:PAUSED:825,1,PAUSED,1,0,429.8277529887855,204.13013501092792
xair,plc_conditional,1,pause,,1,826,,,0,40.0,455,0,read_set_version_changed_at_gate,,0,,0,0,548.608501907438,41.0359650850296
xair_atomic,plc_predicate,1,pause,,1,828,,,0,60.0,456,0,read_set_version_changed_at_commit,,0,,0,0,415.6966246664524,60.253565199673176
xair,plc_plain,1,pause,,1,830,830,831,0,160.0,457,1,published_after_gate_recheck,executed:PAUSED:831,1,PAUSED,1,0,549.2463200353086,160.20201798528433
xair,plc_conditional,1,pause,,1,832,,,0,100.0,458,0,read_set_version_changed_at_gate,,0,,0,0,545.6997589208186,100.25139106437564
xair,plc_plain,1,pause,,1,834,,,0,0.0,459,0,precondition_failed: line.state == 'RUN',,0,,0,0,284.5255462452769,0.35462575033307076
xair,plc_predicate,1,pause,,1,836,,,0,40.0,460,0,read_set_version_changed_at_gate,,0,,0,0,609.3753511086106,43.58059400692582
xair_atomic,plc_plain,1,pause,,1,838,838,839,0,160.0,461,1,authorization_committed,executed:PAUSED:839,1,PAUSED,1,0,432.6928127557039,160.24103108793497
xair_atomic,plc_plain,1,pause,,1,840,840,841,0,200.0,462,1,authorization_committed,executed:PAUSED:841,1,PAUSED,1,0,421.373185236007,201.252069324255
xair_atomic,plc_plain,1,pause,,1,842,,,0,80.0,463,0,read_set_version_changed_at_commit,,0,,0,0,413.49340695887804,81.8302370607853
xair,plc_plain,0,,,1,844,844,844,0,,464,1,published_after_gate_recheck,executed:RUN:844,1,RUN,0,0,570.5198813229799,
xair,plc_predicate,0,,,1,844,844,844,0,,465,1,published_after_gate_recheck,executed:RUN:844,1,RUN,0,0,569.1087311133742,
xair_atomic,plc_plain,1,pause,,1,844,,,0,100.0,466,0,read_set_version_changed_at_commit,,0,,0,0,422.9282960295677,100.26428522542119
xair,plc_conditional,1,pause,,1,846,846,847,0,200.0,467,1,published_after_gate_recheck,refused:version_changed:847,0,,0,1,550.5501278676093,202.42227660492063
xair_atomic,plc_conditional,1,pause,,1,848,848,849,0,200.0,468,1,authorization_committed,refused:version_changed:849,0,,0,1,420.1255817897618,204.25800420343876
xair_atomic,plc_plain,0,,,1,850,850,850,0,,469,1,authorization_committed,executed:RUN:850,1,RUN,0,0,424.9358349479735,
xair_atomic,plc_conditional,1,pause,,1,850,,,0,20.0,470,0,read_set_version_changed_at_commit,,0,,0,0,412.82510198652744,21.90350415185094
xair,plc_predicate,0,,,1,852,852,852,0,,471,1,published_after_gate_recheck,executed:RUN:852,1,RUN,0,0,550.5925277248025,
xair_atomic,plc_plain,1,pause,,1,852,,,0,120.0,472,0,read_set_version_changed_at_commit,,0,,0,0,419.31135300546885,121.39526940882206
xair,plc_plain,1,pause,,1,854,,,0,100.0,473,0,read_set_version_changed_at_gate,,0,,0,0,552.1960887126625,104.24333810806274
xair,plc_plain,1,pause,,1,856,,,0,120.0,474,0,read_set_version_changed_at_gate,,0,,0,0,556.7954871803522,120.22818811237812
xair,plc_conditional,1,pause,,1,858,,,0,40.0,475,0,read_set_version_changed_at_gate,,0,,0,0,558.1341409124434,40.23605166003108
xair,plc_predicate,0,,,1,860,860,860,0,,476,1,published_after_gate_recheck,executed:RUN:860,1,RUN,0,0,558.8214620947838,
xair_atomic,plc_predicate,1,pause,,1,860,,,0,0.0,477,0,precondition_failed: line.state == 'RUN',,0,,0,0,276.0474649257958,2.817451022565365
xair_atomic,plc_plain,1,pause,,1,862,,,0,80.0,478,0,read_set_version_changed_at_commit,,0,,0,0,455.03744576126337,81.06252504512668
xair_atomic,plc_predicate,1,pause,,1,864,,,0,20.0,479,0,read_set_version_changed_at_commit,,0,,0,0,411.64304222911596,22.78306568041444
xair_atomic,plc_predicate,0,,,1,866,866,866,0,,480,1,authorization_committed,executed:RUN:866,1,RUN,0,0,418.1319992057979,
xair_atomic,plc_plain,1,pause,,1,866,866,867,0,200.0,481,1,authorization_committed,executed:PAUSED:867,1,PAUSED,1,0,424.44815998896956,202.7125433087349
xair,plc_plain,1,pause,,1,868,,,0,100.0,482,0,read_set_version_changed_at_gate,,0,,0,0,549.446064978838,100.21892003715038
xair,plc_plain,1,pause,,1,870,,,0,60.0,483,0,read_set_version_changed_at_gate,,0,,0,0,556.0695142485201,60.87412079796195
xair,plc_predicate,1,pause,,1,872,,,0,20.0,484,0,read_set_version_changed_at_gate,,0,,0,0,549.6510998345912,23.584201000630856
xair,plc_plain,1,pause,,1,874,,,0,60.0,485,0,read_set_version_changed_at_gate,,0,,0,0,545.3836359083652,62.97418475151062
xair_atomic,plc_plain,1,pause,,1,876,,,0,20.0,486,0,precondition_failed: line.state == 'RUN',,0,,0,0,310.67671813070774,20.256791729480028
xair_atomic,plc_conditional,1,pause,,1,878,,,0,80.0,487,0,read_set_version_changed_at_commit,,0,,0,0,420.27886025607586,81.43784990534186
xair_atomic,plc_predicate,1,pause,,1,880,,,0,0.0,488,0,precondition_failed: line.state == 'RUN',,0,,0,0,283.8799939490855,12.408994138240814
xair_atomic,plc_predicate,0,,,1,882,882,882,0,,489,1,authorization_committed,executed:RUN:882,1,RUN,0,0,442.65309907495975,
xair_atomic,plc_conditional,1,pause,,1,882,882,883,0,160.0,490,1,authorization_committed,refused:version_changed:883,0,,0,1,418.0655339732766,163.32767810672522
xair,plc_plain,1,pause,,1,884,,,0,80.0,491,0,read_set_version_changed_at_gate,,0,,0,0,551.2874429114163,85.65686317160726
xair,plc_predicate,0,,,1,886,886,886,0,,492,1,published_after_gate_recheck,executed:RUN:886,1,RUN,0,0,559.5405320636928,
xair,plc_plain,0,,,1,886,886,886,0,,493,1,published_after_gate_recheck,executed:RUN:886,1,RUN,0,0,553.084067068994,
xair,plc_plain,1,pause,,1,886,,,0,100.0,494,0,read_set_version_changed_at_gate,,0,,0,0,559.3110923655331,100.22750729694963
xair,plc_plain,1,pause,,1,888,,,0,60.0,495,0,read_set_version_changed_at_gate,,0,,0,0,549.7264117002487,61.86502194032073
xair_atomic,plc_predicate,1,pause,,1,890,,,0,80.0,496,0,read_set_version_changed_at_commit,,0,,0,0,418.76161005347967,82.50919077545404
xair_atomic,plc_predicate,1,pause,,1,892,892,893,0,200.0,497,1,authorization_committed,refused:predicate_false:893,0,,0,1,419.7649648413062,205.89688187465072
xair,plc_conditional,1,pause,,1,894,894,895,0,160.0,498,1,published_after_gate_recheck,refused:version_changed:895,0,,0,1,559.0243432670832,161.08817188069224
xair,plc_predicate,0,,,1,896,896,896,0,,499,1,published_after_gate_recheck,executed:RUN:896,1,RUN,0,0,560.8017412014306,
xair_atomic,plc_conditional,1,pause,,1,896,,,0,100.0,500,0,read_set_version_changed_at_commit,,0,,0,0,424.47182396426797,103.60187292098999
xair,plc_plain,1,pause,,1,898,,,0,100.0,501,0,read_set_version_changed_at_gate,,0,,0,0,552.3170465603471,100.78870970755816
xair,plc_plain,1,pause,,1,900,,,0,80.0,502,0,read_set_version_changed_at_gate,,0,,0,0,551.2305358424783,81.67257020249963
xair_atomic,plc_conditional,1,pause,,1,902,,,0,0.0,503,0,precondition_failed: line.state == 'RUN',,0,,0,0,275.5732941441238,0.4375418648123741
xair,plc_plain,1,pause,,1,904,,,0,20.0,504,0,read_set_version_changed_at_gate,,0,,0,0,558.4424696862698,20.796695724129677
xair,plc_predicate,1,pause,,1,906,,,0,120.0,505,0,read_set_version_changed_at_gate,,0,,0,0,540.8772830851376,122.54037009552121
xair,plc_conditional,1,pause,,1,908,,,0,120.0,506,0,read_set_version_changed_at_gate,,0,,0,0,545.3537702560425,123.59751481562853
xair,plc_plain,1,pause,,1,910,910,911,0,160.0,507,1,published_after_gate_recheck,executed:PAUSED:911,1,PAUSED,1,0,622.8181370534003,160.72117304429412
xair,plc_plain,1,pause,,1,912,912,913,0,200.0,508,1,published_after_gate_recheck,executed:PAUSED:913,1,PAUSED,1,0,560.8249446377158,201.5208750963211
xair_atomic,plc_predicate,1,pause,,1,914,,,0,100.0,509,0,read_set_version_changed_at_commit,,0,,0,0,408.9442230761051,101.85588523745537
xair,plc_plain,1,pause,,1,916,916,917,0,200.0,510,1,published_after_gate_recheck,executed:PAUSED:917,1,PAUSED,1,0,589.3083759583533,203.73740699142218
xair_atomic,plc_plain,1,pause,,1,918,,,0,80.0,511,0,read_set_version_changed_at_commit,,0,,0,0,414.72493996843696,81.34824084118009
xair,plc_plain,1,pause,,1,920,,,0,0.0,512,0,precondition_failed: line.state == 'RUN',,0,,0,0,279.78053595870733,0.32348698005080223
xair,plc_plain,1,pause,,1,922,922,923,0,200.0,513,1,published_after_gate_recheck,executed:PAUSED:923,1,PAUSED,1,0,563.3458192460239,202.03729486092925
xair,plc_plain,1,pause,,1,924,924,925,0,160.0,514,1,published_after_gate_recheck,executed:PAUSED:925,1,PAUSED,1,0,559.3165010213852,160.31618183478713
xair_atomic,plc_predicate,1,pause,,1,926,,,0,60.0,515,0,read_set_version_changed_at_commit,,0,,0,0,410.0237609818578,62.947393860667944
xair_atomic,plc_plain,1,pause,,1,928,928,929,0,200.0,516,1,authorization_committed,executed:PAUSED:929,1,PAUSED,1,0,433.2656301558018,207.10447104647756
xair,plc_plain,1,pause,,1,930,930,931,0,80.0,517,1,published_after_gate_recheck,executed:PAUSED:931,1,PAUSED,1,0,557.8416921198368,80.20810969173908
xair_atomic,plc_plain,1,pause,,1,932,,,0,40.0,518,0,read_set_version_changed_at_commit,,0,,0,0,458.56556203216314,40.22214701399207
xair,plc_conditional,1,pause,,1,934,,,0,60.0,519,0,read_set_version_changed_at_gate,,0,,0,0,559.3866026028991,61.2186579965055
xair_atomic,plc_conditional,1,pause,,1,936,,,0,40.0,520,0,read_set_version_changed_at_commit,,0,,0,0,432.30785988271236,40.861938148736954
xair_atomic,plc_conditional,1,pause,,1,938,,,0,100.0,521,0,read_set_version_changed_at_commit,,0,,0,0,413.2805769331753,103.10733504593372
xair_atomic,plc_conditional,1,pause,,1,940,,,0,120.0,522,0,read_set_version_changed_at_commit,,0,,0,0,410.29114415869117,121.32375501096249
xair_atomic,plc_plain,1,pause,,1,942,,,0,40.0,523,0,read_set_version_changed_at_commit,,0,,0,0,426.6916327178478,40.285345166921616
xair,plc_predicate,1,pause,,1,944,,,0,100.0,524,0,read_set_version_changed_at_gate,,0,,0,0,555.2213713526726,100.69693811237812
xair_atomic,plc_predicate,1,pause,,1,946,,,0,100.0,525,0,read_set_version_changed_at_commit,,0,,0,0,412.01639268547297,102.19865804538131
xair_atomic,plc_conditional,1,pause,,1,948,,,0,80.0,526,0,read_set_version_changed_at_commit,,0,,0,0,422.03243309631944,82.97365391626954
xair_atomic,plc_plain,1,pause,,1,950,950,951,0,200.0,527,1,authorization_committed,executed:PAUSED:951,1,PAUSED,1,0,428.31105506047606,202.35766610130668
xair,plc_plain,1,pause,,1,952,952,953,0,160.0,528,1,published_after_gate_recheck,executed:PAUSED:953,1,PAUSED,1,0,559.2871657572687,163.49613387137651
xair,plc_predicate,1,pause,,1,954,,,0,0.0,529,0,precondition_failed: line.state == 'RUN',,0,,0,0,282.0282159373164,1.2492160312831402
xair_atomic,plc_predicate,1,pause,,1,956,956,957,0,200.0,530,1,authorization_committed,refused:predicate_false:957,0,,0,1,412.38320199772716,201.1189190670848
xair_atomic,plc_conditional,1,pause,,1,958,,,0,40.0,531,0,read_set_version_changed_at_commit,,0,,0,0,420.389998704195,40.26383487507701
xair_atomic,plc_conditional,1,pause,,1,960,960,961,0,160.0,532,1,authorization_committed,refused:version_changed:961,0,,0,1,428.40477963909507,163.00517180934548
xair,plc_predicate,0,,,1,962,962,962,0,,533,1,published_after_gate_recheck,executed:RUN:962,1,RUN,0,0,558.3336050622165,
xair,plc_predicate,1,pause,,1,962,,,0,120.0,534,0,read_set_version_changed_at_gate,,0,,0,0,551.3426270335913,123.93520027399063
xair,plc_predicate,0,,,1,964,964,964,0,,535,1,published_after_gate_recheck,executed:RUN:964,1,RUN,0,0,611.6810021921992,
xair_atomic,plc_conditional,1,pause,,1,964,,,0,80.0,536,0,read_set_version_changed_at_commit,,0,,0,0,414.40248396247625,80.20956255495548
xair_atomic,plc_predicate,1,pause,,1,966,966,967,0,160.0,537,1,authorization_committed,refused:predicate_false:967,0,,0,1,431.34957971051335,160.2386273443699
xair,plc_predicate,1,pause,,1,968,968,969,0,200.0,538,1,published_after_gate_recheck,refused:predicate_false:969,0,,0,1,565.211561974138,200.20144619047642
xair,plc_plain,1,pause,,1,970,970,971,0,120.0,539,1,published_after_gate_recheck,executed:PAUSED:971,1,PAUSED,1,0,572.1426387317479,120.23145286366343
xair,plc_conditional,1,pause,,1,972,,,0,20.0,540,0,read_set_version_changed_at_gate,,0,,0,0,573.0171510949731,20.214813761413097
xair,plc_predicate,1,pause,,1,974,,,0,60.0,541,0,read_set_version_changed_at_gate,,0,,0,0,552.2375581786036,62.95697297900915
xair,plc_conditional,1,pause,,1,976,976,977,0,200.0,542,1,published_after_gate_recheck,refused:version_changed:977,0,,0,1,578.0132939107716,201.86628261581063
xair,plc_plain,1,pause,,1,978,,,0,40.0,543,0,read_set_version_changed_at_gate,,0,,0,0,558.3629910834134,41.437829844653606
xair_atomic,plc_conditional,1,pause,,1,980,980,981,0,160.0,544,1,authorization_committed,refused:version_changed:981,0,,0,1,422.54962492734194,160.21613497287035
xair,plc_plain,1,pause,,1,982,982,983,0,160.0,545,1,published_after_gate_recheck,executed:PAUSED:983,1,PAUSED,1,0,557.9345556907356,160.2022279985249
xair_atomic,plc_plain,1,pause,,1,984,,,0,0.0,546,0,precondition_failed: line.state == 'RUN',,0,,0,0,273.3140108175576,1.3762651942670345
xair,plc_conditional,1,pause,,1,986,,,0,0.0,547,0,read_set_version_changed_at_gate,,0,,0,0,562.3870678246021,0.3930777311325073
xair_atomic,plc_predicate,1,pause,,1,988,988,989,0,160.0,548,1,authorization_committed,refused:predicate_false:989,0,,0,1,422.70673997700214,163.1800909526646
xair,plc_conditional,1,pause,,1,990,,,0,80.0,549,0,read_set_version_changed_at_gate,,0,,0,0,558.8932470418513,81.52427105233073
xair,plc_conditional,1,pause,,1,992,,,0,120.0,550,0,read_set_version_changed_at_gate,,0,,0,0,549.024994019419,122.65328178182244
xair,plc_plain,1,pause,,1,994,,,0,20.0,551,0,read_set_version_changed_at_gate,,0,,0,0,541.5901923552155,20.20953269675374
xair_atomic,plc_conditional,1,pause,,1,996,,,0,60.0,552,0,read_set_version_changed_at_commit,,0,,0,0,411.7020023986697,62.929722014814615
xair,plc_predicate,1,pause,,1,998,998,999,0,160.0,553,1,published_after_gate_recheck,refused:predicate_false:999,0,,0,1,561.2352141179144,160.2971157990396
xair_atomic,plc_conditional,1,pause,,1,1000,1000,1001,0,200.0,554,1,authorization_committed,refused:version_changed:1001,0,,0,1,416.7488310486078,200.48457803204656
xair,plc_plain,1,pause,,1,1002,,,0,120.0,555,0,read_set_version_changed_at_gate,,0,,0,0,541.072600055486,122.69412819296122
xair,plc_conditional,1,pause,,1,1004,,,0,120.0,556,0,read_set_version_changed_at_gate,,0,,0,0,554.4093260541558,121.86875939369202
xair,plc_conditional,1,pause,,1,1006,1006,1007,0,160.0,557,1,published_after_gate_recheck,refused:version_changed:1007,0,,0,1,570.1234568841755,161.89269302412868
xair_atomic,plc_plain,1,pause,,1,1008,,,0,40.0,558,0,read_set_version_changed_at_commit,,0,,0,0,413.0853698588908,42.05321613699198
xair_atomic,plc_conditional,1,pause,,1,1010,,,0,80.0,559,0,read_set_version_changed_at_commit,,0,,0,0,412.161426153034,80.47899883240461
xair_atomic,plc_predicate,1,pause,,1,1012,1012,1013,0,200.0,560,1,authorization_committed,refused:predicate_false:1013,0,,0,1,427.3518929257989,210.66059917211533
xair_atomic,plc_conditional,1,pause,,1,1014,1014,1015,0,160.0,561,1,authorization_committed,refused:version_changed:1015,0,,0,1,420.91074725613,162.89069689810276
xair,plc_plain,1,pause,,1,1016,1016,1017,0,160.0,562,1,published_after_gate_recheck,executed:PAUSED:1017,1,PAUSED,1,0,571.4367730543017,165.2782908640802
xair,plc_plain,1,pause,,1,1018,,,0,120.0,563,0,read_set_version_changed_at_gate,,0,,0,0,551.2585989199579,121.92483386024833
xair_atomic,plc_plain,1,pause,,1,1020,,,0,60.0,564,0,read_set_version_changed_at_commit,,0,,0,0,476.1645528487861,62.56828224286437
xair_atomic,plc_conditional,1,pause,,1,1022,1022,1023,0,200.0,565,1,authorization_committed,refused:version_changed:1023,0,,0,1,533.7829501368105,201.68463233858347
xair,plc_plain,1,pause,,1,1024,,,0,60.0,566,0,read_set_version_changed_at_gate,,0,,0,0,575.1737207174301,60.20212918519974
xair_atomic,plc_predicate,1,pause,,1,1026,,,0,40.0,567,0,read_set_version_changed_at_commit,,0,,0,0,439.9619847536087,41.49690130725503
xair_atomic,plc_predicate,1,pause,,1,1028,1028,1029,0,200.0,568,1,authorization_committed,refused:predicate_false:1029,0,,0,1,424.0424679592252,203.92785454168916
xair,plc_plain,1,pause,,1,1030,,,0,120.0,569,0,read_set_version_changed_at_gate,,0,,0,0,552.1367988549173,128.47092701122165
xair_atomic,plc_predicate,0,,,1,1032,1032,1032,0,,570,1,authorization_committed,executed:RUN:1032,1,RUN,0,0,420.026745647192,
xair_atomic,plc_predicate,1,pause,,1,1032,1032,1033,0,200.0,571,1,authorization_committed,refused:predicate_false:1033,0,,0,1,437.30630818754435,203.77148082479835
xair,plc_predicate,1,pause,,1,1034,,,0,20.0,572,0,read_set_version_changed_at_gate,,0,,0,0,567.7496786229312,20.22201707586646
xair,plc_plain,1,pause,,1,1036,,,0,100.0,573,0,read_set_version_changed_at_gate,,0,,0,0,546.3069388642907,104.72913971170783
xair_atomic,plc_plain,1,pause,,1,1038,,,0,80.0,574,0,read_set_version_changed_at_commit,,0,,0,0,423.67375595495105,81.04673493653536
xair,plc_conditional,1,pause,,1,1040,,,0,0.0,575,0,precondition_failed: line.state == 'RUN',,0,,0,0,279.58511793985963,0.8745221421122551
xair_atomic,plc_conditional,1,pause,,1,1042,,,0,40.0,576,0,read_set_version_changed_at_commit,,0,,0,0,436.2144870683551,44.84541015699506
xair_atomic,plc_conditional,1,pause,,1,1044,,,0,120.0,577,0,read_set_version_changed_at_commit,,0,,0,0,417.23710810765624,123.18710424005985
xair_atomic,plc_conditional,1,pause,,1,1046,,,0,20.0,578,0,read_set_version_changed_at_commit,,0,,0,0,421.7540300451219,22.9628742672503
xair,plc_predicate,1,pause,,1,1048,,,0,0.0,579,0,precondition_failed: line.state == 'RUN',,0,,0,0,284.54926097765565,0.3515896387398243
xair,plc_predicate,1,pause,,1,1050,,,0,100.0,580,0,read_set_version_changed_at_gate,,0,,0,0,551.8757980316877,102.3170412518084
xair_atomic,plc_plain,1,pause,,1,1052,1052,1053,0,200.0,581,1,authorization_committed,executed:PAUSED:1053,1,PAUSED,1,0,420.24639900773764,202.3565131239593
xair_atomic,plc_conditional,1,pause,,1,1054,1054,1055,0,160.0,582,1,authorization_committed,refused:version_changed:1055,0,,0,1,428.03213093429804,162.90021501481533
xair,plc_plain,1,pause,,1,1056,,,0,120.0,583,0,read_set_version_changed_at_gate,,0,,0,0,550.3659131936729,122.79916601255536
xair_atomic,plc_predicate,1,pause,,1,1058,,,0,120.0,584,0,read_set_version_changed_at_commit,,0,,0,0,421.3836048729718,120.23589201271534
xair_atomic,plc_conditional,1,pause,,1,1060,,,0,60.0,585,0,read_set_version_changed_at_commit,,0,,0,0,431.2423085793853,62.26526387035847
xair_atomic,plc_predicate,1,pause,,1,1062,1062,1063,0,160.0,586,1,authorization_committed,refused:predicate_false:1063,0,,0,1,436.6390542127192,162.94245468452573
xair_atomic,plc_plain,0,,,1,1064,1064,1064,0,,587,1,authorization_committed,executed:RUN:1064,1,RUN,0,0,420.0642267242074,
xair,plc_conditional,1,pause,,1,1064,1064,1065,0,160.0,588,1,published_after_gate_recheck,refused:version_changed:1065,0,,0,1,563.725370913744,160.22037202492356
xair_atomic,plc_plain,1,pause,,1,1066,,,0,40.0,589,0,read_set_version_changed_at_commit,,0,,0,0,421.05288384482265,41.443499736487865
xair,plc_predicate,1,pause,,1,1068,,,0,120.0,590,0,read_set_version_changed_at_gate,,0,,0,0,609.4053275883198,123.53070033714175
xair_atomic,plc_plain,1,pause,,1,1070,,,0,20.0,591,0,read_set_version_changed_at_commit,,0,,0,0,440.81089925020933,20.227547269314528
xair,plc_predicate,1,pause,,1,1072,,,0,100.0,592,0,read_set_version_changed_at_gate,,0,,0,0,549.565589055419,100.22411029785872
xair_atomic,plc_predicate,1,pause,,1,1074,,,0,40.0,593,0,read_set_version_changed_at_commit,,0,,0,0,423.628119751811,40.23374803364277
xair_atomic,plc_conditional,1,pause,,1,1076,,,0,40.0,594,0,read_set_version_changed_at_commit,,0,,0,0,411.46156191825867,42.05576982349157
xair_atomic,plc_conditional,1,pause,,1,1078,1078,1079,0,160.0,595,1,authorization_committed,refused:version_changed:1079,0,,0,1,434.17193135246634,160.19643656909466
xair,plc_conditional,1,pause,,1,1080,1080,1081,0,200.0,596,1,published_after_gate_recheck,refused:version_changed:1081,0,,0,1,557.6391420327127,200.20437194034457
xair,plc_predicate,1,pause,,1,1082,,,0,40.0,597,0,read_set_version_changed_at_gate,,0,,0,0,550.4592680372298,42.516144923865795
xair_atomic,plc_predicate,0,,,1,1084,1084,1084,0,,598,1,authorization_committed,executed:RUN:1084,1,RUN,0,0,427.5883873924613,
xair_atomic,plc_plain,0,,,1,1084,1084,1084,0,,599,1,authorization_committed,executed:RUN:1084,1,RUN,0,0,426.9334371201694,
xair,plc_plain,1,pause,,1,1084,1084,1085,0,200.0,600,1,published_after_gate_recheck,executed:PAUSED:1085,1,PAUSED,1,0,580.2372097969055,201.794708147645
xair_atomic,plc_predicate,1,pause,,1,1086,1086,1087,0,200.0,601,1,authorization_committed,refused:predicate_false:1087,0,,0,1,422.4695242010057,214.44231132045388
xair_atomic,plc_conditional,1,pause,,1,1088,1088,1089,0,200.0,602,1,authorization_committed,refused:version_changed:1089,0,,0,1,421.6678491793573,201.60329015925527
xair,plc_plain,0,,,1,1090,1090,1090,0,,603,1,published_after_gate_recheck,executed:RUN:1090,1,RUN,0,0,553.4572368487716,
xair,plc_predicate,1,pause,,1,1090,,,0,80.0,604,0,read_set_version_changed_at_gate,,0,,0,0,556.051820050925,80.23839723318815
xair_atomic,plc_predicate,1,pause,,1,1092,,,0,60.0,605,0,read_set_version_changed_at_commit,,0,,0,0,407.7469352632761,60.206887777894735
xair_atomic,plc_plain,1,pause,,1,1094,1094,1095,0,200.0,606,1,authorization_committed,executed:PAUSED:1095,1,PAUSED,1,0,420.5423751845956,202.2921829484403
xair,plc_plain,1,pause,,1,1096,,,0,20.0,607,0,read_set_version_changed_at_gate,,0,,0,0,557.2818708606064,21.21507143601775
xair,plc_conditional,1,pause,,1,1098,,,0,120.0,608,0,read_set_version_changed_at_gate,,0,,0,0,547.4055730737746,121.47971801459789
xair,plc_predicate,1,pause,,1,1100,,,0,100.0,609,0,read_set_version_changed_at_gate,,0,,0,0,567.6643587648869,101.63194360211492
xair_atomic,plc_predicate,1,pause,,1,1102,,,0,0.0,610,0,read_set_version_changed_at_commit,,0,,0,0,408.3248795941472,3.3033937215805054
xair_atomic,plc_predicate,0,,,1,1104,1104,1104,0,,611,1,authorization_committed,executed:RUN:1104,1,RUN,0,0,421.93937906995416,
xair_atomic,plc_predicate,1,pause,,1,1104,,,0,120.0,612,0,read_set_version_changed_at_commit,,0,,0,0,411.5081690251827,120.83081901073456
xair,plc_predicate,1,pause,,1,1106,,,0,120.0,613,0,read_set_version_changed_at_gate,,0,,0,0,552.8663876466453,123.64481389522552
xair_atomic,plc_conditional,1,pause,,1,1108,,,0,80.0,614,0,read_set_version_changed_at_commit,,0,,0,0,417.03552892431617,83.48556514829397
xair_atomic,plc_plain,1,pause,,1,1110,,,0,40.0,615,0,read_set_version_changed_at_commit,,0,,0,0,429.56232419237494,41.597569826990366
xair,plc_predicate,1,pause,,1,1112,,,0,20.0,616,0,read_set_version_changed_at_gate,,0,,0,0,595.1644736342132,28.58119597658515
xair,plc_predicate,1,pause,,1,1114,,,0,80.0,617,0,read_set_version_changed_at_gate,,0,,0,0,557.707941159606,80.20091708749533
xair_atomic,plc_plain,1,pause,,1,1116,,,0,0.0,618,0,precondition_failed: line.state == 'RUN',,0,,0,0,289.0304368920624,9.958913084119558
xair_atomic,plc_conditional,0,,,1,1118,1118,1118,0,,619,1,authorization_committed,executed:RUN:1118,1,RUN,0,0,421.0288990288973,
xair_atomic,plc_predicate,1,pause,,1,1118,,,0,80.0,620,0,read_set_version_changed_at_commit,,0,,0,0,412.84419829025865,80.91050898656249
xair_atomic,plc_plain,1,pause,,1,1120,,,0,0.0,621,0,precondition_failed: line.state == 'RUN',,0,,0,0,282.0831499993801,0.22132601588964462
xair,plc_conditional,1,pause,,1,1122,,,0,80.0,622,0,read_set_version_changed_at_gate,,0,,0,0,561.2995959818363,80.77074587345123
xair_atomic,plc_predicate,1,pause,,1,1124,,,0,120.0,623,0,read_set_version_changed_at_commit,,0,,0,0,417.373803909868,120.2156338840723
xair_atomic,plc_conditional,1,pause,,1,1126,1126,1127,0,200.0,624,1,authorization_committed,refused:version_changed:1127,0,,0,1,423.8585219718516,201.65123883634806
xair,plc_conditional,1,pause,,1,1128,,,0,0.0,625,0,precondition_failed: line.state == 'RUN',,0,,0,0,280.03703663125634,3.5328753292560577
xair,plc_plain,1,pause,,1,1130,1130,1131,0,200.0,626,1,published_after_gate_recheck,executed:PAUSED:1131,1,PAUSED,1,0,580.3065206855536,200.2814169973135
xair,plc_plain,1,pause,,1,1132,,,0,120.0,627,0,read_set_version_changed_at_gate,,0,,0,0,567.8287469781935,122.40477511659265
xair_atomic,plc_plain,1,pause,,1,1134,,,0,120.0,628,0,read_set_version_changed_at_commit,,0,,0,0,415.21978890523314,122.61624308302999
xair_atomic,plc_conditional,0,,,1,1136,1136,1136,0,,629,1,authorization_committed,executed:RUN:1136,1,RUN,0,0,420.879527926445,
xair,plc_conditional,1,pause,,1,1136,,,0,60.0,630,0,read_set_version_changed_at_gate,,0,,0,0,552.1083450876176,60.45870063826442
xair,plc_predicate,1,pause,,1,1138,1138,1139,0,200.0,631,1,published_after_gate_recheck,refused:predicate_false:1139,0,,0,1,565.3597111813724,202.60024210438132
xair,plc_conditional,1,pause,,1,1140,1140,1141,0,200.0,632,1,published_after_gate_recheck,refused:version_changed:1141,0,,0,1,570.263409987092,201.5373958274722
xair_atomic,plc_plain,1,pause,,1,1142,,,0,20.0,633,0,read_set_version_changed_at_commit,,0,,0,0,417.17071272432804,32.04337693750858
xair,plc_plain,1,pause,,1,1144,,,0,100.0,634,0,read_set_version_changed_at_gate,,0,,0,0,612.6021509990096,105.07297609001398
xair_atomic,plc_conditional,0,,,1,1146,1146,1146,0,,635,1,authorization_committed,executed:RUN:1146,1,RUN,0,0,416.08908167108893,
xair,plc_plain,1,pause,,1,1146,,,0,20.0,636,0,read_set_version_changed_at_gate,,0,,0,0,550.1901628449559,20.21612599492073
xair_atomic,plc_predicate,1,pause,,1,1148,,,0,40.0,637,0,read_set_version_changed_at_commit,,0,,0,0,433.3985378034413,40.21643614396453
xair,plc_conditional,1,pause,,1,1150,,,0,100.0,638,0,read_set_version_changed_at_gate,,0,,0,0,560.3642389178276,102.15587774291635
xair,plc_plain,1,pause,,1,1152,,,0,20.0,639,0,read_set_version_changed_at_gate,,0,,0,0,560.5916860513389,20.213851239532232
xair_atomic,plc_plain,0,,,1,1154,1154,1154,0,,640,1,authorization_committed,executed:RUN:1154,1,RUN,0,0,434.98319387435913,
xair_atomic,plc_conditional,1,pause,,1,1154,1154,1155,0,200.0,641,1,authorization_committed,refused:version_changed:1155,0,,0,1,429.941326379776,200.70983236655593
xair_atomic,plc_plain,0,,,1,1156,1156,1156,0,,642,1,authorization_committed,executed:RUN:1156,1,RUN,0,0,438.90905706211925,
xair_atomic,plc_predicate,1,pause,,1,1156,,,0,0.0,643,0,precondition_failed: line.state == 'RUN',,0,,0,0,317.84676387906075,0.32784603536129
xair_atomic,plc_predicate,1,pause,,1,1158,,,0,120.0,644,0,read_set_version_changed_at_commit,,0,,0,0,416.77860636264086,121.75522511824965
xair_atomic,plc_plain,1,pause,,1,1160,,,0,0.0,645,0,precondition_failed: line.state == 'RUN',,0,,0,0,297.3888129927218,5.686710122972727
xair_atomic,plc_predicate,1,pause,,1,1162,,,0,60.0,646,0,read_set_version_changed_at_commit,,0,,0,0,417.5909021869302,62.240426894277334
xair,plc_predicate,1,pause,,1,1164,,,0,40.0,647,0,read_set_version_changed_at_gate,,0,,0,0,555.3188538178802,42.79679199680686
xair_atomic,plc_conditional,1,pause,,1,1166,,,0,100.0,648,0,read_set_version_changed_at_commit,,0,,0,0,412.50332817435265,101.89993679523468
xair,plc_plain,1,pause,,1,1168,,,0,80.0,649,0,read_set_version_changed_at_gate,,0,,0,0,555.5044133216143,85.72265598922968
xair_atomic,plc_conditional,1,pause,,1,1170,,,0,120.0,650,0,read_set_version_changed_at_commit,,0,,0,0,415.84187699481845,123.70899505913258
xair,plc_conditional,1,pause,,1,1172,,,0,60.0,651,0,read_set_version_changed_at_gate,,0,,0,0,556.0703962109983,66.64407718926668
xair_atomic,plc_plain,1,pause,,1,1174,,,0,100.0,652,0,read_set_version_changed_at_commit,,0,,0,0,448.2311550527811,100.94001516699791
xair_atomic,plc_predicate,1,pause,,1,1176,,,0,20.0,653,0,read_set_version_changed_at_commit,,0,,0,0,412.9482130520046,20.229862071573734
xair_atomic,plc_conditional,1,pause,,1,1178,,,0,100.0,654,0,read_set_version_changed_at_commit,,0,,0,0,419.1931509412825,102.72316308692098
xair_atomic,plc_plain,1,pause,,1,1180,,,0,40.0,655,0,read_set_version_changed_at_commit,,0,,0,0,419.2284671589732,40.23904772475362
xair_atomic,plc_plain,0,,,1,1182,1182,1182,0,,656,1,authorization_committed,executed:RUN:1182,1,RUN,0,0,427.2098671644926,
xair,plc_predicate,1,pause,,1,1182,,,0,60.0,657,0,read_set_version_changed_at_gate,,0,,0,0,555.792533326894,62.78251530602574
xair,plc_predicate,1,pause,,1,1184,1184,1185,0,160.0,658,1,published_after_gate_recheck,refused:predicate_false:1185,0,,0,1,565.0015780702233,164.92894617840648
xair_atomic,plc_predicate,1,pause,,1,1186,,,0,0.0,659,0,read_set_version_changed_at_commit,,0,,0,0,426.24218901619315,2.838470973074436
xair_atomic,plc_plain,1,pause,,1,1188,,,0,0.0,660,0,precondition_failed: line.state == 'RUN',,0,,0,0,293.44884492456913,0.7181786932051182
xair_atomic,plc_predicate,1,pause,,1,1190,1190,1191,0,160.0,661,1,authorization_committed,refused:predicate_false:1191,0,,0,1,486.9250110350549,160.22270685061812
xair_atomic,plc_predicate,1,pause,,1,1192,,,0,120.0,662,0,read_set_version_changed_at_commit,,0,,0,0,423.479491379112,120.20900193601847
xair,plc_predicate,1,pause,,1,1194,,,0,20.0,663,0,read_set_version_changed_at_gate,,0,,0,0,643.1189221329987,20.226113963872194
xair,plc_conditional,0,,,1,1196,1196,1196,0,,664,1,published_after_gate_recheck,executed:RUN:1196,1,RUN,0,0,551.7871011979878,
xair_atomic,plc_conditional,1,pause,,1,1196,,,0,40.0,665,0,read_set_version_changed_at_commit,,0,,0,0,421.6542229987681,41.5830728597939
xair_atomic,plc_plain,1,pause,,1,1198,,,0,80.0,666,0,read_set_version_changed_at_commit,,0,,0,0,420.89190101251006,80.20156808197498
xair_atomic,plc_predicate,1,pause,,1,1200,,,0,80.0,667,0,read_set_version_changed_at_commit,,0,,0,0,413.00926683470607,80.68468514829874
xair,plc_plain,1,pause,,1,1202,1202,1203,0,200.0,668,1,published_after_gate_recheck,executed:PAUSED:1203,1,PAUSED,1,0,585.6007132679224,201.55467791482806
xair_atomic,plc_predicate,1,pause,,1,1204,1204,1205,0,200.0,669,1,authorization_committed,refused:predicate_false:1205,0,,0,1,422.07289999350905,202.07128813490272
xair,plc_plain,1,pause,,1,1206,,,0,0.0,670,0,precondition_failed: line.state == 'RUN',,0,,0,0,276.93188609555364,3.417868632823229
xair_atomic,plc_conditional,0,,,1,1208,1208,1208,0,,671,1,authorization_committed,executed:RUN:1208,1,RUN,0,0,416.387521661818,
xair_atomic,plc_conditional,1,pause,,1,1208,,,0,120.0,672,0,read_set_version_changed_at_commit,,0,,0,0,416.2289551459253,123.95834317430854
xair_atomic,plc_plain,1,pause,,1,1210,,,0,20.0,673,0,read_set_version_changed_at_commit,,0,,0,0,410.2658056654036,21.910568233579397
xair,plc_predicate,1,pause,,1,1212,,,0,20.0,674,0,precondition_failed: line.state == 'RUN',,0,,0,0,311.3085753284395,20.24145284667611
xair_atomic,plc_conditional,1,pause,,1,1214,,,0,60.0,675,0,read_set_version_changed_at_commit,,0,,0,0,426.05470679700375,62.31326283887029
xair,plc_plain,1,pause,,1,1216,,,0,100.0,676,0,read_set_version_changed_at_gate,,0,,0,0,553.1318061985075,102.1207021549344
xair_atomic,plc_conditional,1,pause,,1,1218,,,0,120.0,677,0,read_set_version_changed_at_commit,,0,,0,0,415.65637942403555,120.24367693811655
xair_atomic,plc_predicate,1,pause,,1,1220,,,0,0.0,678,0,read_set_version_changed_at_commit,,0,,0,0,417.26244520395994,1.7513190396130085
xair_atomic,plc_conditional,1,pause,,1,1222,1222,1223,0,200.0,679,1,authorization_committed,refused:version_changed:1223,0,,0,1,422.24320862442255,201.14245312288404
xair_atomic,plc_predicate,1,pause,,1,1224,,,0,120.0,680,0,read_set_version_changed_at_commit,,0,,0,0,417.5315401516855,122.61867616325617
xair_atomic,plc_plain,1,pause,,1,1226,,,0,40.0,681,0,read_set_version_changed_at_commit,,0,,0,0,404.7534032724798,42.16403281316161
xair,plc_plain,1,pause,,1,1228,,,0,40.0,682,0,read_set_version_changed_at_gate,,0,,0,0,548.2978280633688,40.17950687557459
xair_atomic,plc_plain,1,pause,,1,1230,,,0,100.0,683,0,read_set_version_changed_at_commit,,0,,0,0,421.3198353536427,102.95954719185829
xair,plc_conditional,1,pause,,1,1232,,,0,80.0,684,0,read_set_version_changed_at_gate,,0,,0,0,552.5690503418446,81.29394007846713
xair,plc_predicate,1,pause,,1,1234,,,0,80.0,685,0,read_set_version_changed_at_gate,,0,,0,0,566.2312870845199,81.26609679311514
xair,plc_conditional,1,pause,,1,1236,,,0,0.0,686,0,precondition_failed: line.state == 'RUN',,0,,0,0,284.54885073006153,0.32588187605142593
xair,plc_predicate,1,pause,,1,1238,,,0,120.0,687,0,read_set_version_changed_at_gate,,0,,0,0,550.2940476872027,121.06886599212885
xair,plc_predicate,1,pause,,1,1240,1240,1241,0,160.0,688,1,published_after_gate_recheck,refused:predicate_false:1241,0,,0,1,570.0740241445601,163.26021077111363
xair,plc_predicate,1,pause,,1,1242,,,0,0.0,689,0,precondition_failed: line.state == 'RUN',,0,,0,0,275.33980598673224,0.3442359156906605
xair,plc_plain,1,pause,,1,1244,,,0,20.0,690,0,read_set_version_changed_at_gate,,0,,0,0,548.7858350388706,22.8712921962142
xair,plc_conditional,1,pause,,1,1246,,,0,80.0,691,0,read_set_version_changed_at_gate,,0,,0,0,546.3680848479271,80.2338388748467
xair_atomic,plc_predicate,1,pause,,1,1248,,,0,100.0,692,0,read_set_version_changed_at_commit,,0,,0,0,425.9884022176266,101.15063982084394
xair_atomic,plc_predicate,1,pause,,1,1250,,,0,100.0,693,0,read_set_version_changed_at_commit,,0,,0,0,411.75058390945196,100.22800788283348
xair_atomic,plc_predicate,1,pause,,1,1252,,,0,100.0,694,0,read_set_version_changed_at_commit,,0,,0,0,412.2258657589555,100.26156017556787
xair_atomic,plc_predicate,1,pause,,1,1254,,,0,0.0,695,0,read_set_version_changed_at_commit,,0,,0,0,411.440861877054,3.424591850489378
xair,plc_conditional,1,pause,,1,1256,,,0,20.0,696,0,read_set_version_changed_at_gate,,0,,0,0,543.7404802069068,20.23339830338955
xair,plc_conditional,1,pause,,1,1258,,,0,0.0,697,0,precondition_failed: line.state == 'RUN',,0,,0,0,288.1502937525511,2.695932984352112
xair,plc_plain,1,pause,,1,1260,,,0,40.0,698,0,read_set_version_changed_at_gate,,0,,0,0,542.8212839178741,42.87992836907506
xair,plc_predicate,1,pause,,1,1262,1262,1263,0,160.0,699,1,published_after_gate_recheck,refused:predicate_false:1263,0,,0,1,560.0682031363249,167.38869389519095
xair_atomic,plc_plain,1,pause,,1,1264,,,0,20.0,700,0,read_set_version_changed_at_commit,,0,,0,0,415.8003902994096,20.228258799761534
xair_atomic,plc_plain,1,pause,,1,1266,,,0,40.0,701,0,read_set_version_changed_at_commit,,0,,0,0,413.6901469901204,40.559008717536926
xair,plc_plain,0,,,1,1268,1268,1268,0,,702,1,published_after_gate_recheck,executed:RUN:1268,1,RUN,0,0,564.5983507856727,
xair,plc_plain,1,pause,,1,1268,,,0,80.0,703,0,read_set_version_changed_at_gate,,0,,0,0,551.7074312083423,80.2198420278728
xair,plc_predicate,1,pause,,1,1270,,,0,60.0,704,0,read_set_version_changed_at_gate,,0,,0,0,553.0984839424491,60.2200529538095
xair,plc_predicate,1,pause,,1,1272,1272,1273,0,200.0,705,1,published_after_gate_recheck,refused:predicate_false:1273,0,,0,1,568.5826428234577,209.63017316535115
xair_atomic,plc_plain,1,pause,,1,1274,,,0,0.0,706,0,read_set_version_changed_at_commit,,0,,0,0,413.3753147907555,3.174991812556982
xair_atomic,plc_predicate,1,pause,,1,1276,1276,1277,0,200.0,707,1,authorization_committed,refused:predicate_false:1277,0,,0,1,420.76410073786974,202.0316543057561
xair_atomic,plc_plain,1,pause,,1,1278,,,0,20.0,708,0,read_set_version_changed_at_commit,,0,,0,0,426.4504099264741,21.232114173471928
xair,plc_predicate,1,pause,,1,1280,,,0,40.0,709,0,read_set_version_changed_at_gate,,0,,0,0,552.0435627549887,40.82532040774822
xair_atomic,plc_plain,1,pause,,1,1282,,,0,60.0,710,0,read_set_version_changed_at_commit,,0,,0,0,410.1415518671274,62.29447899386287
xair_atomic,plc_predicate,1,pause,,1,1284,,,0,0.0,711,0,read_set_version_changed_at_commit,,0,,0,0,423.58309496194124,4.869595170021057
xair,plc_predicate,1,pause,,1,1286,,,0,0.0,712,0,read_set_version_changed_at_gate,,0,,0,0,561.3838438875973,2.513650804758072
xair_atomic,plc_conditional,1,pause,,1,1288,,,0,100.0,713,0,read_set_version_changed_at_commit,,0,,0,0,411.8188424035907,101.3233638368547
xair,plc_plain,0,,,1,1290,1290,1290,0,,714,1,published_after_gate_recheck,executed:RUN:1290,1,RUN,0,0,567.585579585284,
xair,plc_plain,1,pause,,1,1290,,,0,20.0,715,0,read_set_version_changed_at_gate,,0,,0,0,548.2208440080285,20.688032265752554
xair,plc_plain,1,pause,,1,1292,1292,1293,0,200.0,716,1,published_after_gate_recheck,executed:PAUSED:1293,1,PAUSED,1,0,561.3080118782818,204.7567912377417
xair,plc_predicate,1,pause,,1,1294,,,0,40.0,717,0,read_set_version_changed_at_gate,,0,,0,0,547.4101109430194,40.22477101534605
xair_atomic,plc_predicate,1,pause,,1,1296,,,0,120.0,718,0,read_set_version_changed_at_commit,,0,,0,0,419.95777701959014,120.2838821336627
xair_atomic,plc_conditional,1,pause,,1,1298,,,0,60.0,719,0,read_set_version_changed_at_commit,,0,,0,0,420.1816478744149,60.22452097386122
xair_atomic,plc_plain,1,pause,,1,1300,,,0,100.0,720,0,read_set_version_changed_at_commit,,0,,0,0,405.46751534566283,120.44317089021206
xair,plc_plain,0,,,1,1302,1302,1302,0,,721,1,published_after_gate_recheck,executed:RUN:1302,1,RUN,0,0,572.9311001487076,
xair_atomic,plc_predicate,1,pause,,1,1302,,,0,40.0,722,0,read_set_version_changed_at_commit,,0,,0,0,411.64552699774504,42.064587119966745
xair,plc_conditional,0,,,1,1304,1304,1304,0,,723,1,published_after_gate_recheck,executed:RUN:1304,1,RUN,0,0,547.6373489946127,
xair,plc_conditional,1,pause,,1,1304,1304,1305,0,160.0,724,1,published_after_gate_recheck,refused:version_changed:1305,0,,0,1,561.7828131653368,162.66723675653338
xair,plc_plain,1,pause,,1,1306,,,0,60.0,725,0,read_set_version_changed_at_gate,,0,,0,0,554.2656858451664,61.773319728672504
xair,plc_predicate,1,pause,,1,1308,,,0,0.0,726,0,read_set_version_changed_at_gate,,0,,0,0,561.264350079,1.7020958475768566
xair,plc_conditional,1,pause,,1,1310,,,0,20.0,727,0,read_set_version_changed_at_gate,,0,,0,0,552.2151659242809,20.205224864184856
xair,plc_predicate,1,pause,,1,1312,,,0,0.0,728,0,precondition_failed: line.state == 'RUN',,0,,0,0,280.0295730121434,0.3749537281692028
xair,plc_conditional,1,pause,,1,1314,,,0,60.0,729,0,read_set_version_changed_at_gate,,0,,0,0,555.8439996093512,60.23269705474377
xair,plc_conditional,1,pause,,1,1316,,,0,120.0,730,0,read_set_version_changed_at_gate,,0,,0,0,551.5870852395892,130.04790898412466
xair_atomic,plc_conditional,1,pause,,1,1318,1318,1319,0,200.0,731,1,authorization_committed,refused:version_changed:1319,0,,0,1,427.0447571761906,202.78009911999106
xair,plc_predicate,1,pause,,1,1320,1320,1321,0,200.0,732,1,published_after_gate_recheck,refused:predicate_false:1321,0,,0,1,561.6433722898364,200.6531748920679
xair_atomic,plc_plain,1,pause,,1,1322,,,0,0.0,733,0,precondition_failed: line.state == 'RUN',,0,,0,0,280.7176159694791,0.37768855690956116
xair,plc_conditional,0,,,1,1324,1324,1324,0,,734,1,published_after_gate_recheck,executed:RUN:1324,1,RUN,0,0,558.445745613426,
xair,plc_conditional,1,pause,,1,1324,1324,1325,0,200.0,735,1,published_after_gate_recheck,refused:version_changed:1325,0,,0,1,551.032253075391,200.71948878467083
xair_atomic,plc_conditional,1,pause,,1,1326,,,0,20.0,736,0,read_set_version_changed_at_commit,,0,,0,0,412.729122210294,22.605874110013247
xair,plc_plain,1,pause,,1,1328,,,0,0.0,737,0,precondition_failed: line.state == 'RUN',,0,,0,0,281.9148530252278,2.9073599725961685
xair_atomic,plc_predicate,1,pause,,1,1330,,,0,100.0,738,0,read_set_version_changed_at_commit,,0,,0,0,417.64622600749135,100.71113519370556
xair_atomic,plc_predicate,1,pause,,1,1332,,,0,100.0,739,0,read_set_version_changed_at_commit,,0,,0,0,420.8499421365559,105.29778804630041
xair_atomic,plc_plain,1,pause,,1,1334,,,0,120.0,740,0,read_set_version_changed_at_commit,,0,,0,0,410.99668806418777,121.17591826245189
xair_atomic,plc_plain,1,pause,,1,1336,,,0,100.0,741,0,read_set_version_changed_at_commit,,0,,0,0,411.74641670659184,102.82837133854628
xair,plc_predicate,1,pause,,1,1338,,,0,0.0,742,0,read_set_version_changed_at_gate,,0,,0,0,547.1962699666619,10.543329641222954
xair,plc_conditional,1,pause,,1,1340,,,0,100.0,743,0,read_set_version_changed_at_gate,,0,,0,0,562.9993081092834,103.69008872658014
xair_atomic,plc_plain,1,pause,,1,1342,,,0,80.0,744,0,read_set_version_changed_at_commit,,0,,0,0,415.1765778660774,82.49531500041485
xair,plc_plain,1,pause,,1,1344,1344,1345,0,160.0,745,1,published_after_gate_recheck,executed:PAUSED:1345,1,PAUSED,1,0,556.4396888948977,161.83656826615334
xair_atomic,plc_plain,1,pause,,1,1346,1346,1347,0,200.0,746,1,authorization_committed,executed:PAUSED:1347,1,PAUSED,1,0,419.66779297217727,200.91717084869742
xair_atomic,plc_conditional,1,pause,,1,1348,1348,1349,0,200.0,747,1,authorization_committed,refused:version_changed:1349,0,,0,1,423.16609201952815,202.12741289287806
xair_atomic,plc_predicate,1,pause,,1,1350,1350,1351,0,160.0,748,1,authorization_committed,refused:predicate_false:1351,0,,0,1,424.0694888867438,163.02184434607625
xair_atomic,plc_conditional,1,pause,,1,1352,,,0,20.0,749,0,read_set_version_changed_at_commit,,0,,0,0,410.49773106351495,26.259454898536205
xair_atomic,plc_conditional,1,pause,,1,1354,,,0,0.0,750,0,precondition_failed: line.state == 'RUN',,0,,0,0,284.51565792784095,0.9333929046988487
xair_atomic,plc_predicate,1,pause,,1,1356,,,0,80.0,751,0,read_set_version_changed_at_commit,,0,,0,0,410.0622939877212,81.53564296662807
xair_atomic,plc_predicate,1,pause,,1,1358,,,0,0.0,752,0,read_set_version_changed_at_commit,,0,,0,0,415.2935282327235,3.94632201641798
xair_atomic,plc_predicate,1,pause,,1,1360,,,0,80.0,753,0,read_set_version_changed_at_commit,,0,,0,0,413.99194300174713,80.65278502181172
xair,plc_predicate,1,pause,,1,1362,1362,1363,0,200.0,754,1,published_after_gate_recheck,refused:predicate_false:1363,0,,0,1,559.918933082372,203.17501109093428
xair,plc_plain,0,,,1,1364,1364,1364,0,,755,1,published_after_gate_recheck,executed:RUN:1364,1,RUN,0,0,589.5735239610076,
xair_atomic,plc_conditional,1,pause,,1,1364,,,0,60.0,756,0,read_set_version_changed_at_commit,,0,,0,0,429.05132472515106,69.03924513608217
xair,plc_plain,1,pause,,1,1366,1366,1367,0,160.0,757,1,published_after_gate_recheck,executed:PAUSED:1367,1,PAUSED,1,0,565.3452333062887,160.24761321023107
xair,plc_conditional,1,pause,,1,1368,,,0,40.0,758,0,read_set_version_changed_at_gate,,0,,0,0,552.0500647835433,42.978773824870586
xair_atomic,plc_conditional,1,pause,,1,1370,,,0,40.0,759,0,read_set_version_changed_at_commit,,0,,0,0,430.25054689496756,45.045834966003895
xair,plc_predicate,1,pause,,1,1372,,,0,80.0,760,0,read_set_version_changed_at_gate,,0,,0,0,558.1458830274642,82.11971120908856
xair,plc_plain,1,pause,,1,1374,,,0,80.0,761,0,read_set_version_changed_at_gate,,0,,0,0,549.0700388327241,80.20922169089317
xair,plc_plain,1,pause,,1,1376,,,0,60.0,762,0,read_set_version_changed_at_gate,,0,,0,0,548.9876037463546,60.75267260894179
xair_atomic,plc_predicate,1,pause,,1,1378,,,0,40.0,763,0,read_set_version_changed_at_commit,,0,,0,0,422.3127798177302,41.77775885909796
xair_atomic,plc_predicate,1,pause,,1,1380,,,0,120.0,764,0,read_set_version_changed_at_commit,,0,,0,0,418.23222674429417,125.29498292133212
xair,plc_plain,1,pause,,1,1382,,,0,0.0,765,0,read_set_version_changed_at_gate,,0,,0,0,548.2754362747073,0.5121123977005482
xair,plc_conditional,1,pause,,1,1384,,,0,100.0,766,0,read_set_version_changed_at_gate,,0,,0,0,577.8854242525995,102.38193208351731
xair_atomic,plc_predicate,1,pause,,1,1386,,,0,40.0,767,0,read_set_version_changed_at_commit,,0,,0,0,425.0863492488861,43.2015722617507
xair_atomic,plc_predicate,1,pause,,1,1388,,,0,40.0,768,0,read_set_version_changed_at_commit,,0,,0,0,416.47718101739883,40.60139926150441
xair_atomic,plc_conditional,1,pause,,1,1390,,,0,20.0,769,0,read_set_version_changed_at_commit,,0,,0,0,412.4674401246011,22.8551821783185
xair_atomic,plc_conditional,1,pause,,1,1392,,,0,80.0,770,0,read_set_version_changed_at_commit,,0,,0,0,419.26461597904563,93.32519397139549
xair_atomic,plc_conditional,1,pause,,1,1394,1394,1395,0,160.0,771,1,authorization_committed,refused:version_changed:1395,0,,0,1,427.4604571983218,160.22813832387328
xair_atomic,plc_conditional,1,pause,,1,1396,,,0,120.0,772,0,read_set_version_changed_at_commit,,0,,0,0,418.77306206151843,122.85956926643848
xair_atomic,plc_predicate,0,,,1,1398,1398,1398,0,,773,1,authorization_committed,executed:RUN:1398,1,RUN,0,0,419.9948268942535,
xair,plc_predicate,0,,,1,1398,1398,1398,0,,774,1,published_after_gate_recheck,executed:RUN:1398,1,RUN,0,0,555.6728690862656,
xair,plc_conditional,1,pause,,1,1398,,,0,60.0,775,0,read_set_version_changed_at_gate,,0,,0,0,608.4868926554918,60.24320609867573
xair,plc_plain,1,pause,,1,1400,,,0,40.0,776,0,read_set_version_changed_at_gate,,0,,0,0,547.8513902053237,45.53831974044442
xair_atomic,plc_predicate,1,pause,,1,1402,,,0,0.0,777,0,read_set_version_changed_at_commit,,0,,0,0,415.2452158741653,1.9438210874795914
xair_atomic,plc_conditional,0,,,1,1404,1404,1404,0,,778,1,authorization_committed,executed:RUN:1404,1,RUN,0,0,418.0758227594197,
xair_atomic,plc_predicate,1,pause,,1,1404,,,0,40.0,779,0,read_set_version_changed_at_commit,,0,,0,0,416.4953953586519,40.1857690885663
xair,plc_plain,1,pause,,1,1406,,,0,120.0,780,0,read_set_version_changed_at_gate,,0,,0,0,565.8552814275026,122.58366122841835
xair,plc_conditional,1,pause,,1,1408,,,0,120.0,781,0,read_set_version_changed_at_gate,,0,,0,0,566.0679708234966,120.22079387679696
xair,plc_predicate,1,pause,,1,1410,,,0,0.0,782,0,read_set_version_changed_at_gate,,0,,0,0,548.0355960316956,0.367920845746994
xair,plc_plain,1,pause,,1,1412,,,0,0.0,783,0,read_set_version_changed_at_gate,,0,,0,0,584.1821087524295,1.5433188527822495
xair,plc_predicate,1,pause,,1,1414,,,0,0.0,784,0,read_set_version_changed_at_gate,,0,,0,0,561.0484941862524,1.97202293202281
xair,plc_predicate,1,pause,,1,1416,,,0,100.0,785,0,read_set_version_changed_at_gate,,0,,0,0,546.2918607518077,101.38212516903877
xair_atomic,plc_conditional,1,pause,,1,1418,,,0,60.0,786,0,read_set_version_changed_at_commit,,0,,0,0,418.05174807086587,61.23930728062987
xair_atomic,plc_conditional,1,pause,,1,1420,,,0,80.0,787,0,read_set_version_changed_at_commit,,0,,0,0,411.0909248702228,88.74404104426503
xair,plc_plain,1,pause,,1,1422,,,0,80.0,788,0,read_set_version_changed_at_gate,,0,,0,0,558.4554336965084,82.74306124076247
xair,plc_plain,1,pause,,1,1424,1424,1425,0,160.0,789,1,published_after_gate_recheck,executed:PAUSED:1425,1,PAUSED,1,0,588.0102580413222,161.7526300251484
xair_atomic,plc_predicate,1,pause,,1,1426,,,0,0.0,790,0,precondition_failed: line.state == 'RUN',,0,,0,0,280.2357701584697,0.3651161678135395
xair,plc_plain,1,pause,,1,1428,,,0,0.0,791,0,read_set_version_changed_at_gate,,0,,0,0,542.5007208250463,3.528095781803131
xair_atomic,plc_plain,1,pause,,1,1430,,,0,60.0,792,0,read_set_version_changed_at_commit,,0,,0,0,417.1702330932021,73.2743889093399
xair,plc_conditional,1,pause,,1,1432,1432,1433,0,200.0,793,1,published_after_gate_recheck,refused:version_changed:1433,0,,0,1,556.433045770973,200.23540128022432
xair_atomic,plc_predicate,1,pause,,1,1434,1434,1435,0,200.0,794,1,authorization_committed,refused:predicate_false:1435,0,,0,1,413.69882272556424,204.36945371329784
xair,plc_predicate,1,pause,,1,1436,,,0,80.0,795,0,read_set_version_changed_at_gate,,0,,0,0,554.1316540911794,80.56318666785955
xair_atomic,plc_conditional,1,pause,,1,1438,,,0,120.0,796,0,read_set_version_changed_at_commit,,0,,0,0,407.41022303700447,122.34540423378348
xair_atomic,plc_conditional,1,pause,,1,1440,,,0,100.0,797,0,read_set_version_changed_at_commit,,0,,0,0,412.0101220905781,101.63837624713778
xair,plc_conditional,0,,,1,1442,1442,1442,0,,798,1,published_after_gate_recheck,executed:RUN:1442,1,RUN,0,0,554.3910623528063,
xair,plc_plain,0,,,1,1442,1442,1442,0,,799,1,published_after_gate_recheck,executed:RUN:1442,1,RUN,0,0,566.9354191049933,
xair,plc_predicate,1,pause,,1,1442,1442,1443,0,160.0,800,1,published_after_gate_recheck,refused:predicate_false:1443,0,,0,1,593.53486308828,168.26703399419785
xair_atomic,plc_predicate,0,,,1,1444,1444,1444,0,,801,1,authorization_committed,executed:RUN:1444,1,RUN,0,0,423.2124201953411,
xair,plc_plain,1,pause,,1,1444,,,0,0.0,802,0,read_set_version_changed_at_gate,,0,,0,0,548.025778029114,2.651739865541458
xair,plc_predicate,0,,,1,1446,1446,1446,0,,803,1,published_after_gate_recheck,executed:RUN:1446,1,RUN,0,0,564.0529356896877,
xair_atomic,plc_conditional,1,pause,,1,1446,,,0,20.0,804,0,read_set_version_changed_at_commit,,0,,0,0,420.0731427408755,23.178208153694868
xair_atomic,plc_predicate,1,pause,,1,1448,,,0,100.0,805,0,read_set_version_changed_at_commit,,0,,0,0,416.7648609727621,102.31865430250764
xair_atomic,plc_plain,1,pause,,1,1450,1450,1451,0,200.0,806,1,authorization_committed,executed:PAUSED:1451,1,PAUSED,1,0,417.0031491667032,202.58914027363062
xair,plc_plain,1,pause,,1,1452,,,0,20.0,807,0,read_set_version_changed_at_gate,,0,,0,0,544.2867460660636,20.57682303711772
xair_atomic,plc_plain,1,pause,,1,1454,,,0,40.0,808,0,read_set_version_changed_at_commit,,0,,0,0,431.31836177781224,41.40170197933912
xair_atomic,plc_conditional,1,pause,,1,1456,,,0,160.0,809,0,read_set_version_changed_at_commit,,0,,0,0,449.0804001688957,163.58970990404487
xair_atomic,plc_conditional,1,pause,,1,1458,1458,1459,0,200.0,810,1,authorization_committed,refused:version_changed:1459,0,,0,1,413.7970870360732,202.459788415581
xair_atomic,plc_plain,1,pause,,1,1460,,,0,80.0,811,0,read_set_version_changed_at_commit,,0,,0,0,411.5521013736725,83.56423303484917
xair_atomic,plc_conditional,1,pause,,1,1462,,,0,40.0,812,0,read_set_version_changed_at_commit,,0,,0,0,408.6551498621702,45.927160885185
xair,plc_predicate,1,pause,,1,1464,,,0,20.0,813,0,read_set_version_changed_at_gate,,0,,0,0,550.7713030092418,20.228638779371977
xair_atomic,plc_predicate,1,pause,,1,1466,1466,1467,0,160.0,814,1,authorization_committed,refused:predicate_false:1467,0,,0,1,433.09056013822556,162.77800500392914
xair,plc_plain,1,pause,,1,1468,1468,1469,0,200.0,815,1,published_after_gate_recheck,executed:PAUSED:1469,1,PAUSED,1,0,547.0926156267524,206.537205260247
xair_atomic,plc_predicate,1,pause,,1,1470,1470,1471,0,160.0,816,1,authorization_committed,refused:predicate_false:1471,0,,0,1,425.2491439692676,160.25155084207654
xair_atomic,plc_plain,1,pause,,1,1472,,,0,100.0,817,0,read_set_version_changed_at_commit,,0,,0,0,409.3780377879739,102.56751114502549
xair_atomic,plc_predicate,1,pause,,1,1474,,,0,160.0,818,0,read_set_version_changed_at_commit,,0,,0,0,460.80084005370736,160.20381217822433
xair_atomic,plc_predicate,0,,,1,1476,1476,1476,0,,819,1,authorization_committed,executed:RUN:1476,1,RUN,0,0,417.4449681304395,
xair,plc_predicate,1,pause,,1,1476,,,0,100.0,820,0,read_set_version_changed_at_gate,,0,,0,0,548.5915010794997,102.79082972556353
xair,plc_predicate,1,pause,,1,1478,,,0,80.0,821,0,read_set_version_changed_at_gate,,0,,0,0,556.0247702524066,82.88622973486781
xair_atomic,plc_conditional,1,pause,,1,1480,,,0,20.0,822,0,read_set_version_changed_at_commit,,0,,0,0,420.91381177306175,22.423301357775927
xair,plc_predicate,1,pause,,1,1482,,,0,100.0,823,0,read_set_version_changed_at_gate,,0,,0,0,568.7235980294645,101.73376509919763
xair,plc_predicate,1,pause,,1,1484,,,0,40.0,824,0,read_set_version_changed_at_gate,,0,,0,0,563.0398229695857,41.2774090655148
xair,plc_plain,1,pause,,1,1486,1486,1487,0,200.0,825,1,published_after_gate_recheck,executed:PAUSED:1487,1,PAUSED,1,0,553.0688990838826,201.8692190758884
xair,plc_predicate,1,pause,,1,1488,,,0,20.0,826,0,read_set_version_changed_at_gate,,0,,0,0,613.1176897324622,26.870353147387505
xair,plc_conditional,1,pause,,1,1490,1490,1491,0,160.0,827,1,published_after_gate_recheck,refused:version_changed:1491,0,,0,1,550.3009413369,161.69888898730278
xair_atomic,plc_conditional,1,pause,,1,1492,1492,1493,0,200.0,828,1,authorization_committed,refused:version_changed:1493,0,,0,1,419.6949629113078,200.60996431857347
xair_atomic,plc_predicate,1,pause,,1,1494,1494,1495,0,200.0,829,1,authorization_committed,refused:predicate_false:1495,0,,0,1,448.2796648517251,203.0905419960618
xair_atomic,plc_predicate,1,pause,,1,1496,,,0,60.0,830,0,read_set_version_changed_at_commit,,0,,0,0,417.45078889653087,61.43817026168108
xair_atomic,plc_plain,1,pause,,1,1498,,,0,60.0,831,0,read_set_version_changed_at_commit,,0,,0,0,464.80263490229845,63.17896023392677
xair_atomic,plc_plain,1,pause,,1,1500,,,0,20.0,832,0,read_set_version_changed_at_commit,,0,,0,0,448.01949709653854,22.85977127030492
xair,plc_predicate,1,pause,,1,1502,1502,1503,0,160.0,833,1,published_after_gate_recheck,refused:predicate_false:1503,0,,0,1,565.7129636965692,165.17180111259222
xair,plc_conditional,1,pause,,1,1504,,,0,120.0,834,0,read_set_version_changed_at_gate,,0,,0,0,560.7370091602206,122.8075809776783
xair,plc_plain,1,pause,,1,1506,1506,1507,0,160.0,835,1,published_after_gate_recheck,executed:PAUSED:1507,1,PAUSED,1,0,556.2198860570788,161.64764296263456
xair_atomic,plc_plain,1,pause,,1,1508,,,0,80.0,836,0,read_set_version_changed_at_commit,,0,,0,0,416.72594705596566,83.18811701610684
xair,plc_predicate,1,pause,,1,1510,1510,1511,0,200.0,837,1,published_after_gate_recheck,refused:predicate_false:1511,0,,0,1,561.2432900816202,203.3480047248304
xair,plc_conditional,0,,,1,1512,1512,1512,0,,838,1,published_after_gate_recheck,executed:RUN:1512,1,RUN,0,0,571.3556511327624,
xair_atomic,plc_plain,0,,,1,1512,1512,1512,0,,839,1,authorization_committed,executed:RUN:1512,1,RUN,0,0,424.71028212457895,
xair,plc_plain,1,pause,,1,1512,,,0,80.0,840,0,read_set_version_changed_at_gate,,0,,0,0,551.0051930323243,80.24197397753596
xair_atomic,plc_plain,1,pause,,1,1514,,,0,80.0,841,0,read_set_version_changed_at_commit,,0,,0,0,413.8684612698853,81.798046361655
xair_atomic,plc_plain,1,pause,,1,1516,,,0,0.0,842,0,read_set_version_changed_at_commit,,0,,0,0,418.1177718564868,0.5953991785645485
xair_atomic,plc_predicate,1,pause,,1,1518,1518,1519,0,160.0,843,1,authorization_committed,refused:predicate_false:1519,0,,0,1,475.5608793348074,160.8504462055862
xair_atomic,plc_predicate,1,pause,,1,1520,,,0,40.0,844,0,read_set_version_changed_at_commit,,0,,0,0,412.23993292078376,40.23158410564065
xair_atomic,plc_predicate,1,pause,,1,1522,,,0,100.0,845,0,read_set_version_changed_at_commit,,0,,0,0,423.23409020900726,102.39779204130173
xair,plc_predicate,1,pause,,1,1524,,,0,20.0,846,0,read_set_version_changed_at_gate,,0,,0,0,550.1463003456593,24.712949991226196
xair_atomic,plc_plain,1,pause,,1,1526,1526,1527,0,200.0,847,1,authorization_committed,executed:PAUSED:1527,1,PAUSED,1,0,429.00134064257145,202.66954181715846
xair_atomic,plc_predicate,1,pause,,1,1528,1528,1529,0,160.0,848,1,authorization_committed,refused:predicate_false:1529,0,,0,1,424.9854991212487,162.20356710255146
xair_atomic,plc_plain,1,pause,,1,1530,,,0,20.0,849,0,read_set_version_changed_at_commit,,0,,0,0,441.4996621198952,20.219142083078623
xair,plc_predicate,1,pause,,1,1532,,,0,80.0,850,0,read_set_version_changed_at_gate,,0,,0,0,552.5458659976721,81.38004085049033
xair,plc_conditional,1,pause,,1,1534,,,0,0.0,851,0,read_set_version_changed_at_gate,,0,,0,0,558.4212709218264,4.027454182505608
xair,plc_plain,1,pause,,1,1536,1536,1537,0,200.0,852,1,published_after_gate_recheck,executed:PAUSED:1537,1,PAUSED,1,0,554.9393212422729,201.35379116982222
xair_atomic,plc_conditional,1,pause,,1,1538,,,0,40.0,853,0,read_set_version_changed_at_commit,,0,,0,0,418.2511018589139,40.22848792374134
xair,plc_predicate,1,pause,,1,1540,,,0,100.0,854,0,read_set_version_changed_at_gate,,0,,0,0,543.6013690195978,102.1599960513413
xair_atomic,plc_conditional,0,,,1,1542,1542,1542,0,,855,1,authorization_committed,executed:RUN:1542,1,RUN,0,0,418.06177562102675,
xair,plc_conditional,1,pause,,1,1542,,,0,40.0,856,0,read_set_version_changed_at_gate,,0,,0,0,557.3564511723816,41.03855974972248
xair,plc_predicate,1,pause,,1,1544,,,0,20.0,857,0,read_set_version_changed_at_gate,,0,,0,0,552.2510032169521,23.19864695891738
xair,plc_conditional,1,pause,,1,1546,1546,1547,0,200.0,858,1,published_after_gate_recheck,refused:version_changed:1547,0,,0,1,571.5197087265551,202.46479706838727
xair_atomic,plc_conditional,1,pause,,1,1548,1548,1549,0,200.0,859,1,authorization_committed,refused:version_changed:1549,0,,0,1,417.97898104414344,201.87923731282353
xair,plc_predicate,1,pause,,1,1550,1550,1551,0,200.0,860,1,published_after_gate_recheck,refused:predicate_false:1551,0,,0,1,556.5189979970455,200.6649672985077
xair,plc_plain,1,pause,,1,1552,,,0,80.0,861,0,read_set_version_changed_at_gate,,0,,0,0,550.1578007824719,81.7894502542913
xair,plc_plain,0,,,1,1554,1554,1554,0,,862,1,published_after_gate_recheck,executed:RUN:1554,1,RUN,0,0,552.7847153134644,
xair_atomic,plc_predicate,1,pause,,1,1554,,,0,20.0,863,0,read_set_version_changed_at_commit,,0,,0,0,429.8505149781704,21.42857201397419
xair,plc_plain,1,pause,,1,1556,,,0,80.0,864,0,read_set_version_changed_at_gate,,0,,0,0,567.2589968889952,81.06599096208811
xair,plc_plain,1,pause,,1,1558,1558,1559,0,160.0,865,1,published_after_gate_recheck,executed:PAUSED:1559,1,PAUSED,1,0,554.395189974457,162.07398381084204
xair,plc_conditional,1,pause,,1,1560,,,0,0.0,866,0,precondition_failed: line.state == 'RUN',,0,,0,0,287.18878887593746,2.0362739451229572
xair,plc_predicate,1,pause,,1,1562,,,0,40.0,867,0,read_set_version_changed_at_gate,,0,,0,0,549.02438307181,40.230703074485064
xair_atomic,plc_plain,1,pause,,1,1564,,,0,120.0,868,0,read_set_version_changed_at_commit,,0,,0,0,420.09579576551914,122.07223102450371
xair_atomic,plc_conditional,1,pause,,1,1566,,,0,40.0,869,0,read_set_version_changed_at_commit,,0,,0,0,410.8013710938394,41.87090275809169
xair_atomic,plc_plain,1,pause,,1,1568,1568,1569,0,160.0,870,1,authorization_committed,executed:PAUSED:1569,1,PAUSED,1,0,446.901417337358,160.24714289233088
xair,plc_plain,1,pause,,1,1570,1570,1571,0,200.0,871,1,published_after_gate_recheck,executed:PAUSED:1571,1,PAUSED,1,0,554.9128521233797,205.1391089335084
xair_atomic,plc_conditional,0,,,1,1572,1572,1572,0,,872,1,authorization_committed,executed:RUN:1572,1,RUN,0,0,420.0723320245743,
xair_atomic,plc_conditional,1,pause,,1,1572,,,0,100.0,873,0,read_set_version_changed_at_commit,,0,,0,0,420.0149839743972,100.59028817340732
xair,plc_predicate,1,pause,,1,1574,1574,1575,0,200.0,874,1,published_after_gate_recheck,refused:predicate_false:1575,0,,0,1,556.385206989944,201.75857096910477
xair,plc_conditional,1,pause,,1,1576,,,0,120.0,875,0,read_set_version_changed_at_gate,,0,,0,0,570.2410480007529,122.21601093187928
xair,plc_predicate,1,pause,,1,1578,,,0,20.0,876,0,read_set_version_changed_at_gate,,0,,0,0,565.4494590125978,20.22304804995656
xair_atomic,plc_predicate,1,pause,,1,1580,,,0,80.0,877,0,read_set_version_changed_at_commit,,0,,0,0,444.5976000279188,81.31619123741984
xair_atomic,plc_plain,1,pause,,1,1582,,,0,120.0,878,0,read_set_version_changed_at_commit,,0,,0,0,421.22905515134335,121.31251394748688
xair,plc_predicate,1,pause,,1,1584,,,0,20.0,879,0,read_set_version_changed_at_gate,,0,,0,0,548.7957228906453,20.259286742657423
xair,plc_predicate,1,pause,,1,1586,1586,1587,0,160.0,880,1,published_after_gate_recheck,refused:predicate_false:1587,0,,0,1,565.2909306809306,169.39578391611576
xair,plc_predicate,1,pause,,1,1588,,,0,120.0,881,0,read_set_version_changed_at_gate,,0,,0,0,554.4007699936628,121.19186669588089
xair_atomic,plc_plain,1,pause,,1,1590,,,0,60.0,882,0,read_set_version_changed_at_commit,,0,,0,0,414.54214602708817,60.25065016001463
xair_atomic,plc_plain,1,pause,,1,1592,,,0,80.0,883,0,read_set_version_changed_at_commit,,0,,0,0,415.8964897505939,82.7762228436768
xair_atomic,plc_predicate,1,pause,,1,1594,1594,1595,0,160.0,884,1,authorization_committed,refused:predicate_false:1595,0,,0,1,414.0229714103043,160.23827577009797
xair,plc_conditional,1,pause,,1,1596,,,0,100.0,885,0,read_set_version_changed_at_gate,,0,,0,0,558.9714841917157,100.21465178579092
xair_atomic,plc_predicate,1,pause,,1,1598,1598,1599,0,200.0,886,1,authorization_committed,refused:predicate_false:1599,0,,0,1,421.2622670456767,200.20070485770702
xair_atomic,plc_predicate,1,pause,,1,1600,,,0,80.0,887,0,read_set_version_changed_at_commit,,0,,0,0,417.0432039536536,80.22841811180115
xair,plc_conditional,1,pause,,1,1602,1602,1603,0,160.0,888,1,published_after_gate_recheck,refused:version_changed:1603,0,,0,1,562.0127646252513,160.2368140593171
xair,plc_conditional,1,pause,,1,1604,,,0,20.0,889,0,read_set_version_changed_at_gate,,0,,0,0,552.1035259589553,27.634888887405396
xair_atomic,plc_predicate,1,pause,,1,1606,1606,1607,0,160.0,890,1,authorization_committed,refused:predicate_false:1607,0,,0,1,432.99246579408646,162.10597334429622
xair_atomic,plc_predicate,1,pause,,1,1608,,,0,80.0,891,0,read_set_version_changed_at_commit,,0,,0,0,420.09620694443583,81.35618595406413
xair_atomic,plc_conditional,1,pause,,1,1610,,,0,60.0,892,0,read_set_version_changed_at_commit,,0,,0,0,418.5877237468958,62.43409030139446
xair_atomic,plc_predicate,1,pause,,1,1612,,,0,100.0,893,0,read_set_version_changed_at_commit,,0,,0,0,409.04907090589404,101.1514812707901
xair_atomic,plc_conditional,1,pause,,1,1614,,,0,40.0,894,0,read_set_version_changed_at_commit,,0,,0,0,411.8633661419153,40.78238923102617
xair,plc_predicate,1,pause,,1,1616,,,0,100.0,895,0,read_set_version_changed_at_gate,,0,,0,0,547.8894719853997,103.27279521152377
xair,plc_conditional,1,pause,,1,1618,,,0,60.0,896,0,read_set_version_changed_at_gate,,0,,0,0,541.6445941664279,67.34684715047479
xair_atomic,plc_plain,1,pause,,1,1620,,,0,40.0,897,0,read_set_version_changed_at_commit,,0,,0,0,413.03874272853136,40.20339110866189
xair_atomic,plc_conditional,1,pause,,1,1622,,,0,80.0,898,0,read_set_version_changed_at_commit,,0,,0,0,409.1700282879174,81.26152912154794
xair,plc_conditional,1,pause,,1,1624,,,0,0.0,899,0,read_set_version_changed_at_gate,,0,,0,0,561.2521469593048,1.5837838873267174
xair,plc_predicate,1,pause,,1,1626,,,0,20.0,900,0,read_set_version_changed_at_gate,,0,,0,0,635.6570478528738,22.412309888750315
xair,plc_plain,0,,,1,1628,1628,1628,0,,901,1,published_after_gate_recheck,executed:RUN:1628,1,RUN,0,0,583.0701710656285,
xair,plc_plain,1,pause,,1,1628,1628,1629,0,200.0,902,1,published_after_gate_recheck,executed:PAUSED:1629,1,PAUSED,1,0,572.1896272152662,200.2281374298036
xair,plc_predicate,1,pause,,1,1630,,,0,120.0,903,0,read_set_version_changed_at_gate,,0,,0,0,554.3371103703976,120.88120309635997
xair,plc_plain,1,pause,,1,1632,,,0,20.0,904,0,read_set_version_changed_at_gate,,0,,0,0,551.0349087417126,21.315739955753088
xair,plc_plain,1,pause,,1,1634,,,0,80.0,905,0,read_set_version_changed_at_gate,,0,,0,0,555.2796507254243,81.30687288939953
xair_atomic,plc_predicate,1,pause,,1,1636,,,0,120.0,906,0,read_set_version_changed_at_commit,,0,,0,0,407.27241383865476,122.3045471124351
xair_atomic,plc_predicate,1,pause,,1,1638,,,0,100.0,907,0,read_set_version_changed_at_commit,,0,,0,0,419.07658195123076,101.03075532242656
xair_atomic,plc_plain,1,pause,,1,1640,,,0,40.0,908,0,read_set_version_changed_at_commit,,0,,0,0,421.1897710338235,42.52448072656989
xair,plc_predicate,1,pause,,1,1642,,,0,120.0,909,0,read_set_version_changed_at_gate,,0,,0,0,544.2966152913868,127.14853370562196
xair_atomic,plc_plain,1,pause,,1,1644,1644,1645,0,160.0,910,1,authorization_committed,executed:PAUSED:1645,1,PAUSED,1,0,427.0935282111168,161.39853512868285
xair,plc_predicate,1,pause,,1,1646,,,0,20.0,911,0,read_set_version_changed_at_gate,,0,,0,0,554.7785391099751,20.222216844558716
xair,plc_predicate,1,pause,,1,1648,,,0,40.0,912,0,read_set_version_changed_at_gate,,0,,0,0,566.5529309771955,41.64464771747589
xair_atomic,plc_plain,1,pause,,1,1650,,,0,60.0,913,0,read_set_version_changed_at_commit,,0,,0,0,451.5326749533415,62.694618944078684
xair,plc_conditional,1,pause,,1,1652,,,0,80.0,914,0,read_set_version_changed_at_gate,,0,,0,0,570.8149350248277,80.21658612415195
xair,plc_predicate,1,pause,,1,1654,,,0,100.0,915,0,read_set_version_changed_at_gate,,0,,0,0,567.3826402053237,103.22955390438437
xair,plc_predicate,1,pause,,1,1656,,,0,60.0,916,0,read_set_version_changed_at_gate,,0,,0,0,566.2605119869113,65.79676596447825
xair,plc_conditional,1,pause,,1,1658,,,0,20.0,917,0,read_set_version_changed_at_gate,,0,,0,0,567.9333028383553,32.07307308912277
xair,plc_predicate,1,pause,,1,1660,,,0,40.0,918,0,read_set_version_changed_at_gate,,0,,0,0,574.6440961956978,40.216897148638964
xair,plc_conditional,1,pause,,1,1662,,,0,100.0,919,0,read_set_version_changed_at_gate,,0,,0,0,557.5077845714986,100.24173418059945
xair_atomic,plc_predicate,1,pause,,1,1664,,,0,60.0,920,0,read_set_version_changed_at_commit,,0,,0,0,494.1979101859033,62.68180627375841
xair,plc_conditional,1,pause,,1,1666,,,0,0.0,921,0,precondition_failed: line.state == 'RUN',,0,,0,0,345.8959190174937,4.228550940752029
xair_atomic,plc_plain,1,pause,,1,1668,,,0,100.0,922,0,read_set_version_changed_at_commit,,0,,0,0,432.5830480083823,104.73923897370696
xair_atomic,plc_plain,1,pause,,1,1670,,,0,60.0,923,0,read_set_version_changed_at_commit,,0,,0,0,463.3591137826443,61.92067684605718
xair,plc_plain,1,pause,,1,1672,,,0,40.0,924,0,read_set_version_changed_at_gate,,0,,0,0,579.1926691308618,40.54222768172622
xair,plc_predicate,1,pause,,1,1674,,,0,80.0,925,0,read_set_version_changed_at_gate,,0,,0,0,565.4911966994405,82.03338831663132
xair_atomic,plc_predicate,1,pause,,1,1676,,,0,120.0,926,0,read_set_version_changed_at_commit,,0,,0,0,421.2311189621687,122.24636785686016
xair,plc_plain,1,pause,,1,1678,,,0,40.0,927,0,read_set_version_changed_at_gate,,0,,0,0,556.8471038714051,42.873346246778965
xair,plc_plain,1,pause,,1,1680,,,0,20.0,928,0,read_set_version_changed_at_gate,,0,,0,0,589.3282028846443,22.49276079237461
xair,plc_predicate,0,,,1,1682,1682,1682,0,,929,1,published_after_gate_recheck,executed:RUN:1682,1,RUN,0,0,553.39469993487,
xair,plc_plain,1,pause,,1,1682,,,0,60.0,930,0,read_set_version_changed_at_gate,,0,,0,0,567.0408182777464,62.63976730406284
xair_atomic,plc_predicate,0,,,1,1684,1684,1684,0,,931,1,authorization_committed,executed:RUN:1684,1,RUN,0,0,423.16102236509323,
xair,plc_conditional,1,pause,,1,1684,1684,1685,0,200.0,932,1,published_after_gate_recheck,refused:version_changed:1685,0,,0,1,560.3113803081214,206.36882912367582
xair_atomic,plc_conditional,1,pause,,1,1686,,,0,80.0,933,0,read_set_version_changed_at_commit,,0,,0,0,415.11787800118327,83.92053190618753
xair,plc_predicate,1,pause,,1,1688,1688,1689,0,200.0,934,1,published_after_gate_recheck,refused:predicate_false:1689,0,,0,1,596.0976760834455,203.60310468822718
xair_atomic,plc_conditional,0,,,1,1690,1690,1690,0,,935,1,authorization_committed,executed:RUN:1690,1,RUN,0,0,427.6849692687392,
xair,plc_predicate,1,pause,,1,1690,,,0,120.0,936,0,read_set_version_changed_at_gate,,0,,0,0,545.6678993068635,121.19971215724945
xair,plc_predicate,1,pause,,1,1692,,,0,80.0,937,0,read_set_version_changed_at_gate,,0,,0,0,543.7393668107688,80.24888718500733
xair,plc_conditional,1,pause,,1,1694,,,0,0.0,938,0,read_set_version_changed_at_gate,,0,,0,0,556.3387288711965,3.973993007093668
xair_atomic,plc_predicate,1,pause,,1,1696,,,0,120.0,939,0,read_set_version_changed_at_commit,,0,,0,0,414.9498729966581,120.85221009328961
xair_atomic,plc_predicate,1,pause,,1,1698,1698,1699,0,160.0,940,1,authorization_committed,refused:predicate_false:1699,0,,0,1,434.56013035029173,165.7348577864468
xair_atomic,plc_conditional,1,pause,,1,1700,1700,1701,0,160.0,941,1,authorization_committed,refused:version_changed:1701,0,,0,1,410.4713909327984,160.88030207902193
xair_atomic,plc_predicate,1,pause,,1,1702,,,0,80.0,942,0,read_set_version_changed_at_commit,,0,,0,0,429.97606098651886,80.85293136537075
xair,plc_predicate,1,pause,,1,1704,1704,1705,0,160.0,943,1,published_after_gate_recheck,refused:predicate_false:1705,0,,0,1,590.5588841997087,165.94325006008148
xair,plc_predicate,1,pause,,1,1706,,,0,80.0,944,0,read_set_version_changed_at_gate,,0,,0,0,540.7970016822219,82.9065078869462
xair,plc_conditional,1,pause,,1,1708,,,0,40.0,945,0,read_set_version_changed_at_gate,,0,,0,0,594.4213178008795,40.23620393127203
xair,plc_conditional,1,pause,,1,1710,,,0,100.0,946,0,read_set_version_changed_at_gate,,0,,0,0,558.6220370605588,101.59914288669825
xair_atomic,plc_plain,0,,,1,1712,1712,1712,0,,947,1,authorization_committed,executed:RUN:1712,1,RUN,0,0,422.2082938067615,
xair_atomic,plc_predicate,1,pause,,1,1712,,,0,100.0,948,0,read_set_version_changed_at_commit,,0,,0,0,414.7999999113381,116.15989729762077
xair_atomic,plc_plain,0,,,1,1714,1714,1714,0,,949,1,authorization_committed,executed:RUN:1714,1,RUN,0,0,417.11500799283385,
xair_atomic,plc_conditional,1,pause,,1,1714,1714,1715,0,160.0,950,1,authorization_committed,refused:version_changed:1715,0,,0,1,427.03619971871376,162.70299488678575
xair,plc_plain,1,pause,,1,1716,,,0,60.0,951,0,read_set_version_changed_at_gate,,0,,0,0,547.0721172168851,60.22213585674763
xair,plc_conditional,1,pause,,1,1718,1718,1719,0,200.0,952,1,published_after_gate_recheck,refused:version_changed:1719,0,,0,1,565.2541131712496,205.9376290999353
xair,plc_plain,1,pause,,1,1720,,,0,100.0,953,0,read_set_version_changed_at_gate,,0,,0,0,550.5602974444628,111.52608506381512
xair,plc_predicate,1,pause,,1,1722,,,0,60.0,954,0,read_set_version_changed_at_gate,,0,,0,0,543.8252589665353,63.24482290074229
xair,plc_conditional,0,,,1,1724,1724,1724,0,,955,1,published_after_gate_recheck,executed:RUN:1724,1,RUN,0,0,569.4076232612133,
xair,plc_predicate,0,,,1,1724,1724,1724,0,,956,1,published_after_gate_recheck,executed:RUN:1724,1,RUN,0,0,568.7647759914398,
xair,plc_plain,1,pause,,1,1724,,,0,60.0,957,0,read_set_version_changed_at_gate,,0,,0,0,545.4758191481233,60.74201315641403
xair,plc_predicate,1,pause,,1,1726,,,0,0.0,958,0,read_set_version_changed_at_gate,,0,,0,0,548.4754620119929,1.4716442674398422
xair_atomic,plc_plain,1,pause,,1,1728,,,0,20.0,959,0,read_set_version_changed_at_commit,,0,,0,0,430.31528778374195,21.457846742123365
xair_atomic,plc_plain,1,pause,,1,1730,1730,1731,0,160.0,960,1,authorization_committed,executed:PAUSED:1731,1,PAUSED,1,0,436.94384675472975,160.22733598947525
xair,plc_plain,0,,,1,1732,1732,1732,0,,961,1,published_after_gate_recheck,executed:RUN:1732,1,RUN,0,0,558.3442049100995,
xair_atomic,plc_predicate,1,pause,,1,1732,,,0,80.0,962,0,read_set_version_changed_at_commit,,0,,0,0,421.02475091814995,82.07288198173046
xair_atomic,plc_conditional,1,pause,,1,1734,,,0,100.0,963,0,read_set_version_changed_at_commit,,0,,0,0,411.6712552495301,102.54785418510437
xair_atomic,plc_conditional,1,pause,,1,1736,1736,1737,0,160.0,964,1,authorization_committed,refused:version_changed:1737,0,,0,1,416.6429010219872,161.78089333698153
xair_atomic,plc_predicate,1,pause,,1,1738,,,0,20.0,965,0,read_set_version_changed_at_commit,,0,,0,0,421.3988231495023,24.852142203599215
xair,plc_conditional,1,pause,,1,1740,,,0,40.0,966,0,read_set_version_changed_at_gate,,0,,0,0,544.0650000236928,40.243876632303
xair,plc_predicate,1,pause,,1,1742,1742,1743,0,200.0,967,1,published_after_gate_recheck,refused:predicate_false:1743,0,,0,1,564.2715068534017,202.74455333128572
xair_atomic,plc_predicate,1,pause,,1,1744,,,0,80.0,968,0,read_set_version_changed_at_commit,,0,,0,0,410.6505480594933,81.52828924357891
xair_atomic,plc_predicate,1,pause,,1,1746,1746,1747,0,200.0,969,1,authorization_committed,refused:predicate_false:1747,0,,0,1,422.4290079437196,200.23032138124108
xair_atomic,plc_plain,1,pause,,1,1748,,,0,100.0,970,0,read_set_version_changed_at_commit,,0,,0,0,426.9212647341192,100.8337251842022
xair,plc_conditional,0,,,1,1750,1750,1750,0,,971,1,published_after_gate_recheck,executed:RUN:1750,1,RUN,0,0,549.0605109371245,
xair,plc_predicate,1,pause,,1,1750,1750,1751,0,200.0,972,1,published_after_gate_recheck,refused:predicate_false:1751,0,,0,1,562.3086811974645,200.84927324205637
xair_atomic,plc_plain,1,pause,,1,1752,1752,1753,0,160.0,973,1,authorization_committed,executed:PAUSED:1753,1,PAUSED,1,0,423.0106701143086,160.92758066952229
xair,plc_conditional,1,pause,,1,1754,,,0,20.0,974,0,read_set_version_changed_at_gate,,0,,0,0,556.2349739484489,20.837682764977217
xair_atomic,plc_predicate,1,pause,,1,1756,,,0,60.0,975,0,read_set_version_changed_at_commit,,0,,0,0,414.28916063159704,60.226104222238064
xair,plc_predicate,1,pause,,1,1758,1758,1759,0,200.0,976,1,published_after_gate_recheck,refused:predicate_false:1759,0,,0,1,560.79321494326,200.2194500528276
xair,plc_plain,1,pause,,1,1760,,,0,60.0,977,0,read_set_version_changed_at_gate,,0,,0,0,587.3810262419283,60.23811688646674
xair_atomic,plc_predicate,1,pause,,1,1762,,,0,60.0,978,0,read_set_version_changed_at_commit,,0,,0,0,411.46425623446703,61.72532867640257
xair_atomic,plc_predicate,1,pause,,1,1764,,,0,0.0,979,0,read_set_version_changed_at_commit,,0,,0,0,424.04387099668384,3.029288724064827
xair,plc_plain,1,pause,,1,1766,,,0,100.0,980,0,read_set_version_changed_at_gate,,0,,0,0,551.9685917533934,104.65662507340312
xair_atomic,plc_predicate,1,pause,,1,1768,,,0,40.0,981,0,read_set_version_changed_at_commit,,0,,0,0,415.32756201922894,42.36299730837345
xair_atomic,plc_conditional,1,pause,,1,1770,,,0,60.0,982,0,read_set_version_changed_at_commit,,0,,0,0,409.8653341643512,64.79860097169876
xair,plc_predicate,1,pause,,1,1772,1772,1773,0,160.0,983,1,published_after_gate_recheck,refused:predicate_false:1773,0,,0,1,553.3270542509854,171.13896692171693
xair_atomic,plc_predicate,1,pause,,1,1774,,,0,20.0,984,0,read_set_version_changed_at_commit,,0,,0,0,417.26498026400805,23.644153028726578
xair,plc_conditional,1,pause,,1,1776,,,0,100.0,985,0,read_set_version_changed_at_gate,,0,,0,0,564.4840858876705,105.05939088761806
xair,plc_predicate,1,pause,,1,1778,1778,1779,0,160.0,986,1,published_after_gate_recheck,refused:predicate_false:1779,0,,0,1,554.6939307823777,165.72562139481306
xair,plc_conditional,1,pause,,1,1780,,,0,100.0,987,0,read_set_version_changed_at_gate,,0,,0,0,545.4891729168594,103.45818288624287
xair_atomic,plc_plain,1,pause,,1,1782,,,0,120.0,988,0,read_set_version_changed_at_commit,,0,,0,0,409.42122880369425,122.70691199228168
xair_atomic,plc_conditional,1,pause,,1,1784,,,0,20.0,989,0,read_set_version_changed_at_commit,,0,,0,0,449.346368201077,22.46981905773282
xair,plc_conditional,1,pause,,1,1786,,,0,20.0,990,0,read_set_version_changed_at_gate,,0,,0,0,554.4341229833663,21.99760125949979
xair_atomic,plc_plain,1,pause,,1,1788,,,0,120.0,991,0,read_set_version_changed_at_commit,,0,,0,0,420.5802557989955,123.31838114187121
xair,plc_plain,1,pause,,1,1790,1790,1791,0,160.0,992,1,published_after_gate_recheck,executed:PAUSED:1791,1,PAUSED,1,0,562.0773858390749,163.09279715642333
xair,plc_predicate,1,pause,,1,1792,,,0,20.0,993,0,read_set_version_changed_at_gate,,0,,0,0,549.2746829986572,20.782068837434053
xair_atomic,plc_predicate,0,,,1,1794,1794,1794,0,,994,1,authorization_committed,executed:RUN:1794,1,RUN,0,0,426.6321216709912,
xair,plc_plain,1,pause,,1,1794,,,0,40.0,995,0,read_set_version_changed_at_gate,,0,,0,0,557.9280741512775,40.25029018521309
xair,plc_conditional,0,,,1,1796,1796,1796,0,,996,1,published_after_gate_recheck,executed:RUN:1796,1,RUN,0,0,572.9062431491911,
xair_atomic,plc_plain,1,pause,,1,1796,1796,1797,0,160.0,997,1,authorization_committed,executed:PAUSED:1797,1,PAUSED,1,0,425.0126201659441,160.9802800230682
xair_atomic,plc_predicate,1,pause,,1,1798,,,0,60.0,998,0,read_set_version_changed_at_commit,,0,,0,0,416.55653016641736,61.30491988733411
xair_atomic,plc_plain,0,,,1,1800,1800,1800,0,,999,1,authorization_committed,executed:RUN:1800,1,RUN,0,0,465.8773238770664,
xair_atomic,plc_conditional,1,pause,,1,1800,,,0,80.0,1000,0,read_set_version_changed_at_commit,,0,,0,0,413.55622513219714,80.21567482501268
xair_atomic,plc_plain,1,pause,,1,1802,,,0,60.0,1001,0,read_set_version_changed_at_commit,,0,,0,0,457.29469461366534,64.9933866225183
xair_atomic,plc_plain,1,pause,,1,1804,,,0,40.0,1002,0,read_set_version_changed_at_commit,,0,,0,0,414.16867496445775,41.60976270213723
xair,plc_conditional,1,pause,,1,1806,,,0,0.0,1003,0,precondition_failed: line.state == 'RUN',,0,,0,0,302.03626211732626,1.6128690913319588
xair,plc_conditional,1,pause,,1,1808,1808,1809,0,160.0,1004,1,published_after_gate_recheck,refused:version_changed:1809,0,,0,1,544.3324716761708,161.98973497375846
xair,plc_plain,1,pause,,1,1810,1810,1811,0,200.0,1005,1,published_after_gate_recheck,executed:PAUSED:1811,1,PAUSED,1,0,557.2416852228343,202.52396911382675
xair_atomic,plc_predicate,1,pause,,1,1812,,,0,40.0,1006,0,read_set_version_changed_at_commit,,0,,0,0,426.14183109253645,40.21226800978184
xair,plc_conditional,1,pause,,1,1814,,,0,60.0,1007,0,read_set_version_changed_at_gate,,0,,0,0,556.1782480217516,63.226738944649696
xair,plc_predicate,1,pause,,1,1816,,,0,40.0,1008,0,read_set_version_changed_at_gate,,0,,0,0,554.2474719695747,42.966920882463455
xair,plc_plain,1,pause,,1,1818,,,0,60.0,1009,0,read_set_version_changed_at_gate,,0,,0,0,548.4025361947715,62.65278114005923
xair,plc_conditional,1,pause,,1,1820,1820,1821,0,200.0,1010,1,published_after_gate_recheck,refused:version_changed:1821,0,,0,1,559.3668860383332,205.67581709474325
xair_atomic,plc_conditional,0,,,1,1822,1822,1822,0,,1011,1,authorization_committed,executed:RUN:1822,1,RUN,0,0,422.5306687876582,
xair,plc_predicate,1,pause,,1,1822,,,0,20.0,1012,0,read_set_version_changed_at_gate,,0,,0,0,640.6826060265303,22.260875906795263
xair,plc_plain,1,pause,,1,1824,,,0,0.0,1013,0,read_set_version_changed_at_gate,,0,,0,0,557.1335521526635,1.8651527352631092
xair_atomic,plc_conditional,1,pause,,1,1826,,,0,40.0,1014,0,read_set_version_changed_at_commit,,0,,0,0,412.3113169334829,45.86812015622854
xair,plc_conditional,1,pause,,1,1828,,,0,80.0,1015,0,read_set_version_changed_at_gate,,0,,0,0,552.3400101810694,83.5105823352933
xair,plc_plain,1,pause,,1,1830,,,0,40.0,1016,0,read_set_version_changed_at_gate,,0,,0,0,557.1165499277413,43.874064926058054
xair,plc_conditional,1,pause,,1,1832,,,0,60.0,1017,0,read_set_version_changed_at_gate,,0,,0,0,553.3056738786399,62.78321612626314
xair,plc_conditional,1,pause,,1,1834,,,0,40.0,1018,0,read_set_version_changed_at_gate,,0,,0,0,549.2787407711148,40.901273023337126
xair,plc_conditional,0,,,1,1836,1836,1836,0,,1019,1,published_after_gate_recheck,executed:RUN:1836,1,RUN,0,0,600.8650190196931,
xair_atomic,plc_conditional,1,pause,,1,1836,1836,1837,0,200.0,1020,1,authorization_committed,refused:version_changed:1837,0,,0,1,428.37568605318666,201.27912005409598
xair,plc_conditional,1,pause,,1,1838,,,0,0.0,1021,0,precondition_failed: line.state == 'RUN',,0,,0,0,283.6868320591748,6.458660122007132
xair_atomic,plc_predicate,1,pause,,1,1840,,,0,60.0,1022,0,read_set_version_changed_at_commit,,0,,0,0,422.2742272540927,63.34346905350685
xair,plc_plain,1,pause,,1,1842,,,0,80.0,1023,0,read_set_version_changed_at_gate,,0,,0,0,542.091834358871,82.52464095130563
xair,plc_predicate,1,pause,,1,1844,,,0,40.0,1024,0,read_set_version_changed_at_gate,,0,,0,0,552.8636630624533,40.2077198959887
xair,plc_conditional,1,pause,,1,1846,,,0,40.0,1025,0,read_set_version_changed_at_gate,,0,,0,0,544.3420801311731,40.21586524322629
xair,plc_predicate,1,pause,,1,1848,,,0,0.0,1026,0,precondition_failed: line.state == 'RUN',,0,,0,0,282.2153978049755,0.9766439907252789
xair,plc_predicate,1,pause,,1,1850,,,0,0.0,1027,0,read_set_version_changed_at_gate,,0,,0,0,554.9506419338286,2.0393002778291702
xair_atomic,plc_plain,1,pause,,1,1852,1852,1853,0,200.0,1028,1,authorization_committed,executed:PAUSED:1853,1,PAUSED,1,0,417.30132792145014,202.87041878327727
xair,plc_predicate,1,pause,,1,1854,,,0,80.0,1029,0,read_set_version_changed_at_gate,,0,,0,0,554.243384860456,80.86174819618464
xair_atomic,plc_conditional,1,pause,,1,1856,,,0,100.0,1030,0,read_set_version_changed_at_commit,,0,,0,0,425.1148421317339,100.6943928077817
xair,plc_conditional,1,pause,,1,1858,,,0,80.0,1031,0,read_set_version_changed_at_gate,,0,,0,0,550.2757732756436,86.79352700710297
xair_atomic,plc_predicate,1,pause,,1,1860,,,0,120.0,1032,0,read_set_version_changed_at_commit,,0,,0,0,417.6439419388771,122.69617198035121
xair_atomic,plc_predicate,1,pause,,1,1862,,,0,80.0,1033,0,read_set_version_changed_at_commit,,0,,0,0,410.98129004240036,80.27435513213277
xair_atomic,plc_plain,1,pause,,1,1864,,,0,60.0,1034,0,read_set_version_changed_at_commit,,0,,0,0,462.33440982177854,62.44352785870433
xair_atomic,plc_conditional,0,,,1,1866,1866,1866,0,,1035,1,authorization_committed,executed:RUN:1866,1,RUN,0,0,444.48541896417737,
xair_atomic,plc_plain,1,pause,,1,1866,,,0,60.0,1036,0,read_set_version_changed_at_commit,,0,,0,0,428.71048394590616,60.984357725828886
xair,plc_plain,1,pause,,1,1868,1868,1869,0,160.0,1037,1,published_after_gate_recheck,executed:PAUSED:1869,1,PAUSED,1,0,554.3425702489913,162.4325066804886
xair_atomic,plc_plain,1,pause,,1,1870,,,0,100.0,1038,0,read_set_version_changed_at_commit,,0,,0,0,416.1231559701264,100.92048812657595
xair_atomic,plc_conditional,1,pause,,1,1872,,,0,0.0,1039,0,read_set_version_changed_at_commit,,0,,0,0,418.4878170490265,5.864003207534552
xair,plc_plain,1,pause,,1,1874,,,0,40.0,1040,0,read_set_version_changed_at_gate,,0,,0,0,553.0646103434265,41.48409701883793
xair_atomic,plc_predicate,0,,,1,1876,1876,1876,0,,1041,1,authorization_committed,executed:RUN:1876,1,RUN,0,0,424.9931131489575,
xair_atomic,plc_plain,1,pause,,1,1876,,,0,0.0,1042,0,read_set_version_changed_at_commit,,0,,0,0,440.30024018138647,1.510918140411377
xair,plc_conditional,1,pause,,1,1878,,,0,80.0,1043,0,read_set_version_changed_at_gate,,0,,0,0,564.4820216111839,80.2104752510786
xair_atomic,plc_plain,1,pause,,1,1880,,,0,0.0,1044,0,read_set_version_changed_at_commit,,0,,0,0,415.88388569653034,0.402896199375391
xair_atomic,plc_plain,1,pause,,1,1882,,,0,100.0,1045,0,read_set_version_changed_at_commit,,0,,0,0,413.338506128639,100.20706756040454
xair_atomic,plc_plain,1,pause,,1,1884,,,0,80.0,1046,0,read_set_version_changed_at_commit,,0,,0,0,412.744770757854,80.20786894485354
xair_atomic,plc_plain,1,pause,,1,1886,,,0,100.0,1047,0,read_set_version_changed_at_commit,,0,,0,0,417.0874059200287,103.0906829982996
xair,plc_conditional,1,pause,,1,1888,,,0,100.0,1048,0,read_set_version_changed_at_gate,,0,,0,0,555.0359426997602,102.90992399677634
xair,plc_predicate,1,pause,,1,1890,1890,1891,0,200.0,1049,1,published_after_gate_recheck,refused:predicate_false:1891,0,,0,1,553.2007957808673,203.70690897107124
xair,plc_conditional,1,pause,,1,1892,1892,1893,0,160.0,1050,1,published_after_gate_recheck,refused:version_changed:1893,0,,0,1,562.253637239337,160.7856140471995
xair,plc_predicate,1,pause,,1,1894,1894,1895,0,160.0,1051,1,published_after_gate_recheck,refused:predicate_false:1895,0,,0,1,550.2869738265872,167.0819679275155
xair_atomic,plc_predicate,1,pause,,1,1896,,,0,120.0,1052,0,read_set_version_changed_at_commit,,0,,0,0,411.49198915809393,122.73973412811756
xair_atomic,plc_predicate,1,pause,,1,1898,,,0,0.0,1053,0,read_set_version_changed_at_commit,,0,,0,0,418.76704106107354,1.034171786159277
xair,plc_plain,1,pause,,1,1900,,,0,40.0,1054,0,read_set_version_changed_at_gate,,0,,0,0,543.0113906040788,40.222457610070705
xair_atomic,plc_plain,1,pause,,1,1902,,,0,60.0,1055,0,read_set_version_changed_at_commit,,0,,0,0,414.1675131395459,60.77062711119652
xair,plc_conditional,1,pause,,1,1904,,,0,60.0,1056,0,read_set_version_changed_at_gate,,0,,0,0,547.1029346808791,61.92213902249932
xair,plc_plain,1,pause,,1,1906,,,0,20.0,1057,0,read_set_version_changed_at_gate,,0,,0,0,548.2462123036385,20.21889016032219
xair_atomic,plc_conditional,1,pause,,1,1908,1908,1909,0,200.0,1058,1,authorization_committed,refused:version_changed:1909,0,,0,1,424.1277282126248,202.16828119009733
xair_atomic,plc_predicate,1,pause,,1,1910,,,0,20.0,1059,0,read_set_version_changed_at_commit,,0,,0,0,415.09323194622993,20.7192599773407
xair_atomic,plc_plain,1,pause,,1,1912,,,0,100.0,1060,0,read_set_version_changed_at_commit,,0,,0,0,412.5425620004535,100.21056467667222
xair_atomic,plc_predicate,1,pause,,1,1914,,,0,80.0,1061,0,read_set_version_changed_at_commit,,0,,0,0,414.1935519874096,82.4698070064187
xair_atomic,plc_conditional,1,pause,,1,1916,,,0,60.0,1062,0,read_set_version_changed_at_commit,,0,,0,0,408.581352327019,62.87238281220198
xair,plc_predicate,0,,,1,1918,1918,1918,0,,1063,1,published_after_gate_recheck,executed:RUN:1918,1,RUN,0,0,560.5853842571378,
xair,plc_conditional,1,pause,,1,1918,1918,1919,0,160.0,1064,1,published_after_gate_recheck,refused:version_changed:1919,0,,0,1,558.2385170273483,162.79103979468346
xair,plc_conditional,1,pause,,1,1920,,,0,20.0,1065,0,read_set_version_changed_at_gate,,0,,0,0,555.9242209419608,20.213710609823465
xair_atomic,plc_plain,1,pause,,1,1922,,,0,120.0,1066,0,read_set_version_changed_at_commit,,0,,0,0,406.92324796691537,120.22658437490463
xair,plc_conditional,1,pause,,1,1924,,,0,20.0,1067,0,read_set_version_changed_at_gate,,0,,0,0,552.1434303373098,20.208250731229782
xair,plc_predicate,1,pause,,1,1926,,,0,60.0,1068,0,read_set_version_changed_at_gate,,0,,0,0,551.0596861131489,64.89538308233023
xair,plc_plain,1,pause,,1,1928,,,0,40.0,1069,0,read_set_version_changed_at_gate,,0,,0,0,552.0860119722784,41.52478277683258
xair_atomic,plc_conditional,0,,,1,1930,1930,1930,0,,1070,1,authorization_committed,executed:RUN:1930,1,RUN,0,0,421.2023448199034,
xair_atomic,plc_plain,1,pause,,1,1930,,,0,100.0,1071,0,read_set_version_changed_at_commit,,0,,0,0,414.2601569183171,100.78499326482415
xair,plc_predicate,1,pause,,1,1932,1932,1933,0,160.0,1072,1,published_after_gate_recheck,refused:predicate_false:1933,0,,0,1,562.299984972924,160.26670904830098
xair,plc_plain,1,pause,,1,1934,,,0,100.0,1073,0,read_set_version_changed_at_gate,,0,,0,0,547.2727143205702,102.32793120667338
xair_atomic,plc_conditional,1,pause,,1,1936,,,0,80.0,1074,0,read_set_version_changed_at_commit,,0,,0,0,414.2476241104305,84.79764871299267
xair_atomic,plc_predicate,0,,,1,1938,1938,1938,0,,1075,1,authorization_committed,executed:RUN:1938,1,RUN,0,0,439.6913661621511,
xair_atomic,plc_predicate,0,,,1,1938,1938,1938,0,,1076,1,authorization_committed,executed:RUN:1938,1,RUN,0,0,427.17552185058594,
xair_atomic,plc_predicate,1,pause,,1,1938,1938,1939,0,160.0,1077,1,authorization_committed,refused:predicate_false:1939,0,,0,1,422.1731573343277,162.8776821307838
xair,plc_plain,1,pause,,1,1940,1940,1941,0,160.0,1078,1,published_after_gate_recheck,executed:PAUSED:1941,1,PAUSED,1,0,561.6630893200636,160.6360231526196
xair,plc_conditional,1,pause,,1,1942,,,0,80.0,1079,0,read_set_version_changed_at_gate,,0,,0,0,553.8632608950138,81.71079214662313
xair_atomic,plc_plain,1,pause,,1,1944,1944,1945,0,200.0,1080,1,authorization_committed,executed:PAUSED:1945,1,PAUSED,1,0,419.63243624195457,202.86288391798735
xair,plc_predicate,1,pause,,1,1946,1946,1947,0,160.0,1081,1,published_after_gate_recheck,refused:predicate_false:1947,0,,0,1,562.6841159537435,160.27284134179354
xair,plc_conditional,1,pause,,1,1948,,,0,120.0,1082,0,read_set_version_changed_at_gate,,0,,0,0,567.9641705937684,123.89977276325226
xair,plc_plain,1,pause,,1,1950,,,0,60.0,1083,0,read_set_version_changed_at_gate,,0,,0,0,550.9772710502148,60.26967568323016
xair_atomic,plc_predicate,1,pause,,1,1952,,,0,40.0,1084,0,read_set_version_changed_at_commit,,0,,0,0,420.1004751957953,40.232686791568995
xair,plc_predicate,1,pause,,1,1954,1954,1955,0,200.0,1085,1,published_after_gate_recheck,refused:predicate_false:1955,0,,0,1,553.2961157150567,201.58962393179536
xair,plc_plain,1,pause,,1,1956,,,0,100.0,1086,0,read_set_version_changed_at_gate,,0,,0,0,549.3850503116846,111.18874186649919
xair_atomic,plc_predicate,1,pause,,1,1958,,,0,40.0,1087,0,read_set_version_changed_at_commit,,0,,0,0,418.023775331676,41.18865169584751
xair,plc_plain,1,pause,,1,1960,,,0,100.0,1088,0,read_set_version_changed_at_gate,,0,,0,0,552.2643267177045,100.23849690333009
xair_atomic,plc_conditional,1,pause,,1,1962,,,0,80.0,1089,0,read_set_version_changed_at_commit,,0,,0,0,416.64399299770594,82.34828989952803
xair,plc_conditional,1,pause,,1,1964,,,0,100.0,1090,0,read_set_version_changed_at_gate,,0,,0,0,541.4190511219203,100.21281894296408
xair,plc_conditional,1,pause,,1,1966,1966,1967,0,200.0,1091,1,published_after_gate_recheck,refused:version_changed:1967,0,,0,1,561.3635461777449,209.71715729683638
xair_atomic,plc_conditional,0,,,1,1968,1968,1968,0,,1092,1,authorization_committed,executed:RUN:1968,1,RUN,0,0,420.35841988399625,
xair_atomic,plc_plain,1,pause,,1,1968,1968,1969,0,160.0,1093,1,authorization_committed,executed:PAUSED:1969,1,PAUSED,1,0,435.4132330045104,163.13897399231791
xair_atomic,plc_plain,0,,,1,1970,1970,1970,0,,1094,1,authorization_committed,executed:RUN:1970,1,RUN,0,0,421.8496000394225,
xair,plc_predicate,1,pause,,1,1970,1970,1971,0,160.0,1095,1,published_after_gate_recheck,refused:predicate_false:1971,0,,0,1,549.9306847341359,162.82610595226288
xair,plc_conditional,1,pause,,1,1972,,,0,40.0,1096,0,read_set_version_changed_at_gate,,0,,0,0,546.2782760150731,42.661597952246666
xair_atomic,plc_conditional,1,pause,,1,1974,,,0,120.0,1097,0,read_set_version_changed_at_commit,,0,,0,0,416.87938477844,123.13742004334927
xair_atomic,plc_conditional,1,pause,,1,1976,,,0,100.0,1098,0,read_set_version_changed_at_commit,,0,,0,0,423.5776453278959,100.33858520910144
xair_atomic,plc_plain,0,,,1,1978,1978,1978,0,,1099,1,authorization_committed,executed:RUN:1978,1,RUN,0,0,427.0707946270704,
xair,plc_plain,1,pause,,1,1978,,,0,20.0,1100,0,read_set_version_changed_at_gate,,0,,0,0,542.6729046739638,23.540779016911983
xair_atomic,plc_plain,1,pause,,1,1980,1980,1981,0,160.0,1101,1,authorization_committed,executed:PAUSED:1981,1,PAUSED,1,0,416.04412719607353,160.22770712152123
xair,plc_conditional,0,,,1,1982,1982,1982,0,,1102,1,published_after_gate_recheck,executed:RUN:1982,1,RUN,0,0,560.350292827934,
xair,plc_predicate,1,pause,,1,1982,,,0,120.0,1103,0,read_set_version_changed_at_gate,,0,,0,0,549.9323210678995,122.10301915183663
xair_atomic,plc_conditional,1,pause,,1,1984,1984,1985,0,200.0,1104,1,authorization_committed,refused:version_changed:1985,0,,0,1,417.3991591669619,203.3936409279704
xair,plc_plain,1,pause,,1,1986,,,0,60.0,1105,0,read_set_version_changed_at_gate,,0,,0,0,541.6175741702318,62.840370927006006
xair_atomic,plc_plain,1,pause,,1,1988,1988,1989,0,160.0,1106,1,authorization_committed,executed:PAUSED:1989,1,PAUSED,1,0,430.6953358463943,161.70011926442385
xair,plc_conditional,1,pause,,1,1990,,,0,40.0,1107,0,read_set_version_changed_at_gate,,0,,0,0,545.395087916404,45.5970112234354
xair,plc_conditional,1,pause,,1,1992,1992,1993,0,160.0,1108,1,published_after_gate_recheck,refused:version_changed:1993,0,,0,1,553.7171852774918,160.2297481149435
xair_atomic,plc_plain,1,pause,,1,1994,1994,1995,0,200.0,1109,1,authorization_committed,executed:PAUSED:1995,1,PAUSED,1,0,416.68105963617563,200.22345706820488
xair,plc_plain,1,pause,,1,1996,,,0,120.0,1110,0,read_set_version_changed_at_gate,,0,,0,0,565.577425993979,122.6476258598268
xair_atomic,plc_plain,1,pause,,1,1998,1998,1999,0,200.0,1111,1,authorization_committed,executed:PAUSED:1999,1,PAUSED,1,0,410.4780820198357,201.35118579491973
xair_atomic,plc_plain,1,pause,,1,2000,,,0,20.0,1112,0,read_set_version_changed_at_commit,,0,,0,0,412.4319707043469,20.206994842737913
xair,plc_predicate,1,pause,,1,2002,2002,2003,0,160.0,1113,1,published_after_gate_recheck,refused:predicate_false:2003,0,,0,1,552.7143417857587,164.532998111099
xair_atomic,plc_predicate,1,pause,,1,2004,,,0,80.0,1114,0,read_set_version_changed_at_commit,,0,,0,0,414.0245309099555,80.19549073651433
xair_atomic,plc_predicate,1,pause,,1,2006,2006,2007,0,200.0,1115,1,authorization_committed,refused:predicate_false:2007,0,,0,1,416.6659419424832,202.1775869652629
xair_atomic,plc_predicate,1,pause,,1,2008,2008,2009,0,160.0,1116,1,authorization_committed,refused:predicate_false:2009,0,,0,1,433.04632091894746,160.63615074381232
xair_atomic,plc_predicate,1,pause,,1,2010,2010,2011,0,200.0,1117,1,authorization_committed,refused:predicate_false:2011,0,,0,1,423.71428571641445,203.98664381355047
xair_atomic,plc_plain,1,pause,,1,2012,2012,2013,0,200.0,1118,1,authorization_committed,executed:PAUSED:2013,1,PAUSED,1,0,410.9546667896211,203.83526990190148
xair,plc_predicate,1,pause,,1,2014,,,0,0.0,1119,0,read_set_version_changed_at_gate,,0,,0,0,546.9753961078823,0.2978891134262085
xair_atomic,plc_plain,1,pause,,1,2016,,,0,40.0,1120,0,read_set_version_changed_at_commit,,0,,0,0,407.8777888789773,41.278412099927664
xair_atomic,plc_predicate,1,pause,,1,2018,,,0,100.0,1121,0,read_set_version_changed_at_commit,,0,,0,0,411.57854767516255,101.92086594179273
xair,plc_predicate,1,pause,,1,2020,,,0,80.0,1122,0,read_set_version_changed_at_gate,,0,,0,0,604.6089590527117,81.87454380095005
xair_atomic,plc_conditional,1,pause,,1,2022,2022,2023,0,200.0,1123,1,authorization_committed,refused:version_changed:2023,0,,0,1,423.1531131081283,203.4608069807291
xair,plc_plain,1,pause,,1,2024,2024,2025,0,160.0,1124,1,published_after_gate_recheck,executed:PAUSED:2025,1,PAUSED,1,0,548.8129961304367,163.32251578569412
xair_atomic,plc_conditional,1,pause,,1,2026,,,0,100.0,1125,0,read_set_version_changed_at_commit,,0,,0,0,404.2227049358189,101.84689704328775
xair,plc_plain,1,pause,,1,2028,,,0,0.0,1126,0,read_set_version_changed_at_gate,,0,,0,0,557.9695696942508,0.324849970638752
xair_atomic,plc_conditional,1,pause,,1,2030,,,0,100.0,1127,0,read_set_version_changed_at_commit,,0,,0,0,427.0199737511575,102.89224982261658
xair_atomic,plc_plain,1,pause,,1,2032,2032,2033,0,160.0,1128,1,authorization_committed,executed:PAUSED:2033,1,PAUSED,1,0,468.9570339396596,160.21980019286275
xair_atomic,plc_plain,1,pause,,1,2034,,,0,0.0,1129,0,read_set_version_changed_at_commit,,0,,0,0,451.38294296339154,3.3927205950021744
xair,plc_plain,1,pause,,1,2036,,,0,40.0,1130,0,read_set_version_changed_at_gate,,0,,0,0,609.3806391581893,43.24496490880847
xair_atomic,plc_predicate,1,pause,,1,2038,,,0,0.0,1131,0,read_set_version_changed_at_commit,,0,,0,0,421.09502805396914,0.33007003366947174
xair,plc_conditional,1,pause,,1,2040,,,0,60.0,1132,0,read_set_version_changed_at_gate,,0,,0,0,543.1801192462444,60.20739674568176
xair_atomic,plc_predicate,0,,,1,2042,2042,2042,0,,1133,1,authorization_committed,executed:RUN:2042,1,RUN,0,0,422.19917196780443,
xair_atomic,plc_predicate,1,pause,,1,2042,,,0,100.0,1134,0,read_set_version_changed_at_commit,,0,,0,0,408.26832177117467,103.04911527782679
xair,plc_conditional,1,pause,,1,2044,,,0,60.0,1135,0,read_set_version_changed_at_gate,,0,,0,0,563.6421921662986,60.23970805108547
xair_atomic,plc_conditional,1,pause,,1,2046,,,0,120.0,1136,0,read_set_version_changed_at_commit,,0,,0,0,477.1184492856264,129.27180482074618
xair_atomic,plc_conditional,1,pause,,1,2048,,,0,20.0,1137,0,read_set_version_changed_at_commit,,0,,0,0,412.93011605739594,20.92829905450344
xair,plc_conditional,1,pause,,1,2050,,,0,20.0,1138,0,read_set_version_changed_at_gate,,0,,0,0,544.5451820269227,22.83821487799287
xair_atomic,plc_predicate,1,pause,,1,2052,,,0,40.0,1139,0,read_set_version_changed_at_commit,,0,,0,0,434.32059278711677,42.89735294878483
xair,plc_conditional,1,pause,,1,2054,,,0,100.0,1140,0,read_set_version_changed_at_gate,,0,,0,0,547.232077922672,100.2407418563962
xair,plc_plain,0,,,1,2056,2056,2056,0,,1141,1,published_after_gate_recheck,executed:RUN:2056,1,RUN,0,0,569.1525787115097,
xair_atomic,plc_plain,1,pause,,1,2056,,,0,100.0,1142,0,read_set_version_changed_at_commit,,0,,0,0,471.79635521024466,102.44389856234193
xair_atomic,plc_predicate,1,pause,,1,2058,2058,2059,0,160.0,1143,1,authorization_committed,refused:predicate_false:2059,0,,0,1,412.6709997653961,163.29703805968165
xair,plc_predicate,1,pause,,1,2060,,,0,40.0,1144,0,read_set_version_changed_at_gate,,0,,0,0,586.2772860564291,41.26182058826089
xair,plc_conditional,1,pause,,1,2062,,,0,60.0,1145,0,read_set_version_changed_at_gate,,0,,0,0,553.4963910467923,61.011445708572865
xair_atomic,plc_predicate,0,,,1,2064,2064,2064,0,,1146,1,authorization_committed,executed:RUN:2064,1,RUN,0,0,436.11882999539375,
xair_atomic,plc_conditional,1,pause,,1,2064,,,0,60.0,1147,0,read_set_version_changed_at_commit,,0,,0,0,523.9677117206156,63.724542036652565
xair_atomic,plc_predicate,0,,,1,2066,2066,2066,0,,1148,1,authorization_committed,executed:RUN:2066,1,RUN,0,0,435.1197141222656,
xair_atomic,plc_plain,1,pause,,1,2066,,,0,60.0,1149,0,read_set_version_changed_at_commit,,0,,0,0,412.37067617475986,62.47328082099557
xair,plc_plain,1,pause,,1,2068,2068,2069,0,160.0,1150,1,published_after_gate_recheck,executed:PAUSED:2069,1,PAUSED,1,0,564.274710137397,164.80664210394025
xair,plc_predicate,1,pause,,1,2070,,,0,60.0,1151,0,read_set_version_changed_at_gate,,0,,0,0,561.016091145575,61.41020590439439
xair,plc_predicate,1,pause,,1,2072,,,0,40.0,1152,0,read_set_version_changed_at_gate,,0,,0,0,554.0642170235515,40.390996262431145
xair,plc_plain,1,pause,,1,2074,2074,2075,0,160.0,1153,1,published_after_gate_recheck,executed:PAUSED:2075,1,PAUSED,1,0,555.1197892054915,166.9081188738346
xair,plc_predicate,1,pause,,1,2076,,,0,120.0,1154,0,read_set_version_changed_at_gate,,0,,0,0,544.1748658195138,121.32411077618599
xair_atomic,plc_conditional,1,pause,,1,2078,,,0,60.0,1155,0,read_set_version_changed_at_commit,,0,,0,0,418.03666623309255,61.29545997828245
xair,plc_plain,1,pause,,1,2080,,,0,60.0,1156,0,read_set_version_changed_at_gate,,0,,0,0,550.2971028909087,60.85285870358348
xair,plc_predicate,1,pause,,1,2082,,,0,20.0,1157,0,read_set_version_changed_at_gate,,0,,0,0,608.1852642819285,21.33515290915966
xair_atomic,plc_plain,1,pause,,1,2084,,,0,120.0,1158,0,read_set_version_changed_at_commit,,0,,0,0,415.13483598828316,125.21528825163841
xair_atomic,plc_conditional,1,pause,,1,2086,,,0,80.0,1159,0,read_set_version_changed_at_commit,,0,,0,0,491.6899912059307,81.75392728298903
xair,plc_conditional,1,pause,,1,2088,,,0,100.0,1160,0,read_set_version_changed_at_gate,,0,,0,0,589.1601191833615,101.84282995760441
xair_atomic,plc_predicate,1,pause,,1,2090,2090,2091,0,200.0,1161,1,authorization_committed,refused:predicate_false:2091,0,,0,1,429.3174580670893,202.85451784729958
xair,plc_predicate,0,,,1,2092,2092,2092,0,,1162,1,published_after_gate_recheck,executed:RUN:2092,1,RUN,0,0,564.6123536862433,
xair_atomic,plc_plain,1,pause,,1,2092,,,0,160.0,1163,0,read_set_version_changed_at_commit,,0,,0,0,447.26604176685214,166.03998793289065
xair_atomic,plc_conditional,1,pause,,1,2094,,,0,20.0,1164,0,read_set_version_changed_at_commit,,0,,0,0,485.1189418695867,20.216402132064104
xair,plc_plain,1,pause,,1,2096,,,0,40.0,1165,0,read_set_version_changed_at_gate,,0,,0,0,552.1218092180789,41.445896960794926
xair_atomic,plc_plain,1,pause,,1,2098,,,0,60.0,1166,0,read_set_version_changed_at_commit,,0,,0,0,417.9488499648869,60.24138070642948
xair_atomic,plc_plain,1,pause,,1,2100,,,0,0.0,1167,0,read_set_version_changed_at_commit,,0,,0,0,486.4806989207864,0.28316210955381393
xair_atomic,plc_plain,1,pause,,1,2102,,,0,120.0,1168,0,read_set_version_changed_at_commit,,0,,0,0,450.56545780971646,125.49418164417148
xair,plc_plain,1,pause,,1,2104,,,0,40.0,1169,0,read_set_version_changed_at_gate,,0,,0,0,557.048549875617,44.17439037933946
xair,plc_conditional,1,pause,,1,2106,,,0,20.0,1170,0,read_set_version_changed_at_gate,,0,,0,0,602.1230709739029,20.201874896883965
xair_atomic,plc_plain,1,pause,,1,2108,,,0,40.0,1171,0,read_set_version_changed_at_commit,,0,,0,0,418.83040592074394,41.05437081307173
xair_atomic,plc_conditional,1,pause,,1,2110,,,0,100.0,1172,0,read_set_version_changed_at_commit,,0,,0,0,517.8419989533722,104.27026776596904
xair_atomic,plc_plain,0,,,1,2112,2112,2112,0,,1173,1,authorization_committed,executed:RUN:2112,1,RUN,0,0,421.5950071811676,
xair_atomic,plc_predicate,1,pause,,1,2112,,,0,120.0,1174,0,read_set_version_changed_at_commit,,0,,0,0,418.96088095381856,128.23530891910195
xair,plc_plain,1,pause,,1,2114,,,0,60.0,1175,0,read_set_version_changed_at_gate,,0,,0,0,610.8019989915192,60.19960297271609
xair_atomic,plc_conditional,1,pause,,1,2116,,,0,0.0,1176,0,read_set_version_changed_at_commit,,0,,0,0,411.2615939229727,1.9695279188454151
xair,plc_conditional,1,pause,,1,2118,,,0,100.0,1177,0,read_set_version_changed_at_gate,,0,,0,0,556.8441767245531,100.23086331784725
xair,plc_conditional,1,pause,,1,2120,2120,2121,0,200.0,1178,1,published_after_gate_recheck,refused:version_changed:2121,0,,0,1,551.3747963123024,203.69102898985147
xair,plc_plain,1,pause,,1,2122,,,0,80.0,1179,0,read_set_version_changed_at_gate,,0,,0,0,543.4246780350804,85.35817498341203
xair,plc_predicate,1,pause,,1,2124,,,0,100.0,1180,0,read_set_version_changed_at_gate,,0,,0,0,558.0070810392499,103.82045293226838
xair,plc_predicate,1,pause,,1,2126,,,0,100.0,1181,0,read_set_version_changed_at_gate,,0,,0,0,546.7398231849074,102.74492297321558
xair_atomic,plc_plain,1,pause,,1,2128,,,0,100.0,1182,0,read_set_version_changed_at_commit,,0,,0,0,413.9526463113725,100.2948023378849
xair,plc_plain,1,pause,,1,2130,2130,2131,0,160.0,1183,1,published_after_gate_recheck,executed:PAUSED:2131,1,PAUSED,1,0,561.2568128854036,160.21385928615928
xair,plc_conditional,1,pause,,1,2132,2132,2133,0,160.0,1184,1,published_after_gate_recheck,refused:version_changed:2133,0,,0,1,568.1942300871015,164.16020784527063
xair,plc_conditional,1,pause,,1,2134,,,0,20.0,1185,0,read_set_version_changed_at_gate,,0,,0,0,546.0985493846238,23.25262362137437
xair,plc_plain,1,pause,,1,2136,,,0,20.0,1186,0,read_set_version_changed_at_gate,,0,,0,0,550.1135890372097,23.531828075647354
xair,plc_plain,1,pause,,1,2138,,,0,0.0,1187,0,read_set_version_changed_at_gate,,0,,0,0,545.3366981819272,1.4641191810369492
xair,plc_predicate,1,pause,,1,2140,,,0,120.0,1188,0,read_set_version_changed_at_gate,,0,,0,0,545.4453723505139,120.22315384820104
xair,plc_plain,0,,,1,2142,2142,2142,0,,1189,1,published_after_gate_recheck,executed:RUN:2142,1,RUN,0,0,552.8814848512411,
xair_atomic,plc_conditional,1,pause,,1,2142,,,0,120.0,1190,0,read_set_version_changed_at_commit,,0,,0,0,409.03509221971035,121.6833358630538
xair,plc_predicate,1,pause,,1,2144,,,0,0.0,1191,0,read_set_version_changed_at_gate,,0,,0,0,553.4864622168243,0.44862180948257446
xair_atomic,plc_conditional,1,pause,,1,2146,2146,2147,0,160.0,1192,1,authorization_committed,refused:version_changed:2147,0,,0,1,424.23119815066457,160.72490764781833
xair_atomic,plc_conditional,1,pause,,1,2148,,,0,60.0,1193,0,read_set_version_changed_at_commit,,0,,0,0,409.096356946975,60.21504197269678
xair,plc_predicate,1,pause,,1,2150,,,0,80.0,1194,0,read_set_version_changed_at_gate,,0,,0,0,543.0477787740529,81.29213890060782
xair_atomic,plc_conditional,1,pause,,1,2152,,,0,80.0,1195,0,read_set_version_changed_at_commit,,0,,0,0,413.8971520587802,81.1702311038971
xair_atomic,plc_predicate,1,pause,,1,2154,,,0,20.0,1196,0,read_set_version_changed_at_commit,,0,,0,0,407.137518748641,21.77302585914731
xair_atomic,plc_conditional,0,,,1,2156,2156,2156,0,,1197,1,authorization_committed,executed:RUN:2156,1,RUN,0,0,418.76314021646976,
xair,plc_conditional,1,pause,,1,2156,,,0,120.0,1198,0,read_set_version_changed_at_gate,,0,,0,0,552.383029833436,120.23683870211244
xair_atomic,plc_plain,1,pause,,1,2158,2158,2159,0,160.0,1199,1,authorization_committed,executed:PAUSED:2159,1,PAUSED,1,0,415.8297209069133,164.7106222808361
